solid OpenSCAD_Model
  facet normal 0 -1 0
    outer loop
      vertex 4 0 0
      vertex 86 0 0.00176314
      vertex 4 0 0.00176314
    endloop
  endfacet
  facet normal 0 -1 -0
    outer loop
      vertex 86 0 0.00176314
      vertex 4 0 0
      vertex 86 0 0
    endloop
  endfacet
  facet normal 0 -1 0
    outer loop
      vertex 4 0 2.43879
      vertex 86 0 60
      vertex 4 0 60
    endloop
  endfacet
  facet normal 0 -1 -0
    outer loop
      vertex 86 0 60
      vertex 4 0 2.43879
      vertex 86 0 2.43879
    endloop
  endfacet
  facet normal 0.0490523 -0.998796 0
    outer loop
      vertex 86 0 0
      vertex 86.3921 0.0192566 0.0051586
      vertex 86 0 0.00176314
    endloop
  endfacet
  facet normal 0.0490523 -0.998796 0
    outer loop
      vertex 86.3921 0.0192566 0.0051586
      vertex 86 0 0
      vertex 86.3921 0.0192566 0
    endloop
  endfacet
  facet normal 0.0490523 -0.998796 0
    outer loop
      vertex 86 0 60
      vertex 86.3921 0.0192566 2.44218
      vertex 86.3921 0.0192566 60
    endloop
  endfacet
  facet normal 0.0490523 -0.998796 0
    outer loop
      vertex 86.3921 0.0192566 2.44218
      vertex 86 0 60
      vertex 86 0 2.43879
    endloop
  endfacet
  facet normal 0.146738 -0.989175 0
    outer loop
      vertex 86.7804 0.0768585 0
      vertex 86.3921 0.0192566 0.0051586
      vertex 86.3921 0.0192566 0
    endloop
  endfacet
  facet normal 0.146738 -0.989175 0
    outer loop
      vertex 86.3921 0.0192566 0.0051586
      vertex 86.7804 0.0768585 0
      vertex 86.7804 0.0768585 0.0153154
    endloop
  endfacet
  facet normal 0.146738 -0.989175 0
    outer loop
      vertex 86.3921 0.0192566 60
      vertex 86.7804 0.0768585 2.45234
      vertex 86.7804 0.0768585 60
    endloop
  endfacet
  facet normal 0.146738 -0.989175 0
    outer loop
      vertex 86.7804 0.0768585 2.45234
      vertex 86.3921 0.0192566 60
      vertex 86.3921 0.0192566 2.44218
    endloop
  endfacet
  facet normal -0.0491664 0.998791 0
    outer loop
      vertex 4 70 0
      vertex 3.60793 69.9807 12.3413
      vertex 4 70 12.3447
    endloop
  endfacet
  facet normal -0.0491664 0.998791 0
    outer loop
      vertex 3.60793 69.9807 12.3413
      vertex 4 70 0
      vertex 3.60793 69.9807 0
    endloop
  endfacet
  facet normal -0.0491664 0.998791 0
    outer loop
      vertex 4 70 14.7817
      vertex 3.60793 69.9807 60
      vertex 4 70 60
    endloop
  endfacet
  facet normal -0.0491664 0.998791 0
    outer loop
      vertex 3.60793 69.9807 60
      vertex 4 70 14.7817
      vertex 3.60793 69.9807 14.7783
    endloop
  endfacet
  facet normal 1 -0 0
    outer loop
      vertex 90 4 0.707071
      vertex 90 66 0
      vertex 90 66 11.6393
    endloop
  endfacet
  facet normal 1 0 0
    outer loop
      vertex 90 66 0
      vertex 90 4 0.707071
      vertex 90 4 0
    endloop
  endfacet
  facet normal 1 -0 0
    outer loop
      vertex 90 4 60
      vertex 90 66 14.0764
      vertex 90 66 60
    endloop
  endfacet
  facet normal 1 0 0
    outer loop
      vertex 90 66 14.0764
      vertex 90 4 60
      vertex 90 4 3.14409
    endloop
  endfacet
  facet normal -0.998796 -0.0490561 -0
    outer loop
      vertex 0.0192566 3.60793 60
      vertex 0 4 3.14409
      vertex 0.0192566 3.60793 3.07496
    endloop
  endfacet
  facet normal -0.998796 -0.0490561 0
    outer loop
      vertex 0 4 3.14409
      vertex 0.0192566 3.60793 60
      vertex 0 4 60
    endloop
  endfacet
  facet normal -0.998796 -0.0490561 -0
    outer loop
      vertex 0.0192566 3.60793 0.637938
      vertex 0 4 0
      vertex 0.0192566 3.60793 0
    endloop
  endfacet
  facet normal -0.998796 -0.0490561 0
    outer loop
      vertex 0 4 0
      vertex 0.0192566 3.60793 0.637938
      vertex 0 4 0.707071
    endloop
  endfacet
  facet normal 0 0 1
    outer loop
      vertex 4.8 70 60
      vertex 4.4 67.6 60
      vertex 4.8 67.6 60
    endloop
  endfacet
  facet normal -0 0 1
    outer loop
      vertex 4 70 60
      vertex 4.4 67.6 60
      vertex 4.8 70 60
    endloop
  endfacet
  facet normal 0 0 1
    outer loop
      vertex 4.4 67.6 60
      vertex 4 70 60
      vertex 4.20397 67.5904 60
    endloop
  endfacet
  facet normal 0 0 1
    outer loop
      vertex 4.20397 67.5904 60
      vertex 4 70 60
      vertex 4.00982 67.5616 60
    endloop
  endfacet
  facet normal -0 0 1
    outer loop
      vertex 3.60793 69.9807 60
      vertex 4.00982 67.5616 60
      vertex 4 70 60
    endloop
  endfacet
  facet normal 0 0 1
    outer loop
      vertex 4.00982 67.5616 60
      vertex 3.60793 69.9807 60
      vertex 3.81943 67.5139 60
    endloop
  endfacet
  facet normal -0 0 1
    outer loop
      vertex 3.21964 69.9231 60
      vertex 3.81943 67.5139 60
      vertex 3.60793 69.9807 60
    endloop
  endfacet
  facet normal -0 0 1
    outer loop
      vertex 2.83887 69.8278 60
      vertex 3.81943 67.5139 60
      vertex 3.21964 69.9231 60
    endloop
  endfacet
  facet normal 0 0 1
    outer loop
      vertex 3.81943 67.5139 60
      vertex 2.83887 69.8278 60
      vertex 3.63463 67.4478 60
    endloop
  endfacet
  facet normal -0 0 1
    outer loop
      vertex 2.46927 69.6955 60
      vertex 3.63463 67.4478 60
      vertex 2.83887 69.8278 60
    endloop
  endfacet
  facet normal 0 0 1
    outer loop
      vertex 3.63463 67.4478 60
      vertex 2.46927 69.6955 60
      vertex 3.4572 67.3638 60
    endloop
  endfacet
  facet normal -0 0 1
    outer loop
      vertex 2.11441 69.5277 60
      vertex 3.4572 67.3638 60
      vertex 2.46927 69.6955 60
    endloop
  endfacet
  facet normal 0 0 1
    outer loop
      vertex 3.4572 67.3638 60
      vertex 2.11441 69.5277 60
      vertex 3.28885 67.2629 60
    endloop
  endfacet
  facet normal -0 0 1
    outer loop
      vertex 1.77773 69.3259 60
      vertex 3.28885 67.2629 60
      vertex 2.11441 69.5277 60
    endloop
  endfacet
  facet normal 0 0 1
    outer loop
      vertex 3.28885 67.2629 60
      vertex 1.77773 69.3259 60
      vertex 3.13122 67.146 60
    endloop
  endfacet
  facet normal -0 0 1
    outer loop
      vertex 1.46243 69.092 60
      vertex 3.13122 67.146 60
      vertex 1.77773 69.3259 60
    endloop
  endfacet
  facet normal 0 0 1
    outer loop
      vertex 3.13122 67.146 60
      vertex 1.46243 69.092 60
      vertex 2.98578 67.0142 60
    endloop
  endfacet
  facet normal -0 0 1
    outer loop
      vertex 1.17157 68.8284 60
      vertex 2.98578 67.0142 60
      vertex 1.46243 69.092 60
    endloop
  endfacet
  facet normal -0 0 1
    outer loop
      vertex 0.907959 68.5376 60
      vertex 2.98578 67.0142 60
      vertex 1.17157 68.8284 60
    endloop
  endfacet
  facet normal 0 0 1
    outer loop
      vertex 2.98578 67.0142 60
      vertex 0.907959 68.5376 60
      vertex 2.85398 66.8688 60
    endloop
  endfacet
  facet normal -0 0 1
    outer loop
      vertex 0.674118 68.2223 60
      vertex 2.85398 66.8688 60
      vertex 0.907959 68.5376 60
    endloop
  endfacet
  facet normal 0 0 1
    outer loop
      vertex 2.85398 66.8688 60
      vertex 0.674118 68.2223 60
      vertex 2.73707 66.7111 60
    endloop
  endfacet
  facet normal 0 0 1
    outer loop
      vertex 2.73707 66.7111 60
      vertex 0.472321 67.8856 60
      vertex 2.63616 66.5428 60
    endloop
  endfacet
  facet normal -0 0 1
    outer loop
      vertex 0.472321 67.8856 60
      vertex 2.73707 66.7111 60
      vertex 0.674118 68.2223 60
    endloop
  endfacet
  facet normal 0 0 1
    outer loop
      vertex 87.5616 65.9902 60
      vertex 90 66 60
      vertex 89.9807 66.3921 60
    endloop
  endfacet
  facet normal 0 0 1
    outer loop
      vertex 90 66 60
      vertex 87.6 65.6 60
      vertex 90 4 60
    endloop
  endfacet
  facet normal 0 0 1
    outer loop
      vertex 87.5139 66.1806 60
      vertex 89.9807 66.3921 60
      vertex 89.9231 66.7804 60
    endloop
  endfacet
  facet normal -0 0 1
    outer loop
      vertex 87.6 4.4 60
      vertex 90 4 60
      vertex 87.6 65.6 60
    endloop
  endfacet
  facet normal 0 0 1
    outer loop
      vertex 87.5139 66.1806 60
      vertex 89.9231 66.7804 60
      vertex 89.8278 67.1611 60
    endloop
  endfacet
  facet normal -0 0 1
    outer loop
      vertex 87.5904 4.20397 60
      vertex 90 4 60
      vertex 87.6 4.4 60
    endloop
  endfacet
  facet normal 0 0 1
    outer loop
      vertex 87.4478 66.3654 60
      vertex 89.8278 67.1611 60
      vertex 89.6955 67.5307 60
    endloop
  endfacet
  facet normal -0 0 1
    outer loop
      vertex 87.5616 4.00982 60
      vertex 90 4 60
      vertex 87.5904 4.20397 60
    endloop
  endfacet
  facet normal 0 0 1
    outer loop
      vertex 87.3638 66.5428 60
      vertex 89.6955 67.5307 60
      vertex 89.5277 67.8856 60
    endloop
  endfacet
  facet normal 0 0 1
    outer loop
      vertex 90 4 60
      vertex 87.5616 4.00982 60
      vertex 89.9807 3.60793 60
    endloop
  endfacet
  facet normal 0 0 1
    outer loop
      vertex 87.2629 66.7111 60
      vertex 89.5277 67.8856 60
      vertex 89.3259 68.2223 60
    endloop
  endfacet
  facet normal -0 0 1
    outer loop
      vertex 87.5139 3.81943 60
      vertex 89.9807 3.60793 60
      vertex 87.5616 4.00982 60
    endloop
  endfacet
  facet normal 0 0 1
    outer loop
      vertex 87.146 66.8688 60
      vertex 89.3259 68.2223 60
      vertex 89.092 68.5376 60
    endloop
  endfacet
  facet normal 0 0 1
    outer loop
      vertex 89.9807 3.60793 60
      vertex 87.5139 3.81943 60
      vertex 89.9231 3.21964 60
    endloop
  endfacet
  facet normal 0 0 1
    outer loop
      vertex 87.0142 67.0142 60
      vertex 89.092 68.5376 60
      vertex 88.8284 68.8284 60
    endloop
  endfacet
  facet normal 0 0 1
    outer loop
      vertex 89.9231 3.21964 60
      vertex 87.5139 3.81943 60
      vertex 89.8278 2.83887 60
    endloop
  endfacet
  facet normal 0 0 1
    outer loop
      vertex 87.0142 67.0142 60
      vertex 88.8284 68.8284 60
      vertex 88.5376 69.092 60
    endloop
  endfacet
  facet normal -0 0 1
    outer loop
      vertex 87.4478 3.63463 60
      vertex 89.8278 2.83887 60
      vertex 87.5139 3.81943 60
    endloop
  endfacet
  facet normal 0 0 1
    outer loop
      vertex 86.8688 67.146 60
      vertex 88.5376 69.092 60
      vertex 88.2223 69.3259 60
    endloop
  endfacet
  facet normal 0 0 1
    outer loop
      vertex 89.8278 2.83887 60
      vertex 87.4478 3.63463 60
      vertex 89.6955 2.46927 60
    endloop
  endfacet
  facet normal 0 0 1
    outer loop
      vertex 86.7111 67.2629 60
      vertex 88.2223 69.3259 60
      vertex 87.8856 69.5277 60
    endloop
  endfacet
  facet normal -0 0 1
    outer loop
      vertex 87.3638 3.4572 60
      vertex 89.6955 2.46927 60
      vertex 87.4478 3.63463 60
    endloop
  endfacet
  facet normal 0 0 1
    outer loop
      vertex 89.6955 2.46927 60
      vertex 87.3638 3.4572 60
      vertex 89.5277 2.11441 60
    endloop
  endfacet
  facet normal 0 0 1
    outer loop
      vertex 90 66 60
      vertex 87.5904 65.796 60
      vertex 87.6 65.6 60
    endloop
  endfacet
  facet normal 0 0 1
    outer loop
      vertex 90 66 60
      vertex 87.5616 65.9902 60
      vertex 87.5904 65.796 60
    endloop
  endfacet
  facet normal 0 0 1
    outer loop
      vertex 86.5428 67.3638 60
      vertex 87.8856 69.5277 60
      vertex 87.5307 69.6955 60
    endloop
  endfacet
  facet normal 0 0 1
    outer loop
      vertex 89.9807 66.3921 60
      vertex 87.5139 66.1806 60
      vertex 87.5616 65.9902 60
    endloop
  endfacet
  facet normal 0 0 1
    outer loop
      vertex 89.8278 67.1611 60
      vertex 87.4478 66.3654 60
      vertex 87.5139 66.1806 60
    endloop
  endfacet
  facet normal 0 0 1
    outer loop
      vertex 89.6955 67.5307 60
      vertex 87.3638 66.5428 60
      vertex 87.4478 66.3654 60
    endloop
  endfacet
  facet normal 0 0 1
    outer loop
      vertex 89.5277 67.8856 60
      vertex 87.2629 66.7111 60
      vertex 87.3638 66.5428 60
    endloop
  endfacet
  facet normal 0 0 1
    outer loop
      vertex 86.3654 67.4478 60
      vertex 87.5307 69.6955 60
      vertex 87.1611 69.8278 60
    endloop
  endfacet
  facet normal 0 0 1
    outer loop
      vertex 89.3259 68.2223 60
      vertex 87.146 66.8688 60
      vertex 87.2629 66.7111 60
    endloop
  endfacet
  facet normal 0 0 1
    outer loop
      vertex 89.092 68.5376 60
      vertex 87.0142 67.0142 60
      vertex 87.146 66.8688 60
    endloop
  endfacet
  facet normal 0 0 1
    outer loop
      vertex 88.5376 69.092 60
      vertex 86.8688 67.146 60
      vertex 87.0142 67.0142 60
    endloop
  endfacet
  facet normal 0 0 1
    outer loop
      vertex 86.1806 67.5139 60
      vertex 87.1611 69.8278 60
      vertex 86.7804 69.9231 60
    endloop
  endfacet
  facet normal 0 0 1
    outer loop
      vertex 88.2223 69.3259 60
      vertex 86.7111 67.2629 60
      vertex 86.8688 67.146 60
    endloop
  endfacet
  facet normal 0 0 1
    outer loop
      vertex 87.8856 69.5277 60
      vertex 86.5428 67.3638 60
      vertex 86.7111 67.2629 60
    endloop
  endfacet
  facet normal 0 0 1
    outer loop
      vertex 86.1806 67.5139 60
      vertex 86.7804 69.9231 60
      vertex 86.3921 69.9807 60
    endloop
  endfacet
  facet normal 0 0 1
    outer loop
      vertex 87.5307 69.6955 60
      vertex 86.3654 67.4478 60
      vertex 86.5428 67.3638 60
    endloop
  endfacet
  facet normal 0 0 1
    outer loop
      vertex 87.1611 69.8278 60
      vertex 86.1806 67.5139 60
      vertex 86.3654 67.4478 60
    endloop
  endfacet
  facet normal 0 0 1
    outer loop
      vertex 85.9902 67.5616 60
      vertex 86.3921 69.9807 60
      vertex 86 70 60
    endloop
  endfacet
  facet normal 0 0 1
    outer loop
      vertex 86.3921 69.9807 60
      vertex 85.9902 67.5616 60
      vertex 86.1806 67.5139 60
    endloop
  endfacet
  facet normal 0 0 1
    outer loop
      vertex 86 70 60
      vertex 85.796 67.5904 60
      vertex 85.9902 67.5616 60
    endloop
  endfacet
  facet normal 0 0 1
    outer loop
      vertex 86 70 60
      vertex 85.6 67.6 60
      vertex 85.796 67.5904 60
    endloop
  endfacet
  facet normal -0 0 1
    outer loop
      vertex 85.2 70 60
      vertex 85.6 67.6 60
      vertex 86 70 60
    endloop
  endfacet
  facet normal 0 0 1
    outer loop
      vertex 85.6 67.6 60
      vertex 85.2 70 60
      vertex 85.2 67.6 60
    endloop
  endfacet
  facet normal -0 0 1
    outer loop
      vertex 87.2629 3.28885 60
      vertex 89.5277 2.11441 60
      vertex 87.3638 3.4572 60
    endloop
  endfacet
  facet normal 0 0 1
    outer loop
      vertex 89.5277 2.11441 60
      vertex 87.2629 3.28885 60
      vertex 89.3259 1.77773 60
    endloop
  endfacet
  facet normal -0 0 1
    outer loop
      vertex 87.146 3.13122 60
      vertex 89.3259 1.77773 60
      vertex 87.2629 3.28885 60
    endloop
  endfacet
  facet normal 0 0 1
    outer loop
      vertex 89.3259 1.77773 60
      vertex 87.146 3.13122 60
      vertex 89.092 1.46243 60
    endloop
  endfacet
  facet normal -0 0 1
    outer loop
      vertex 87.0142 2.98578 60
      vertex 89.092 1.46243 60
      vertex 87.146 3.13122 60
    endloop
  endfacet
  facet normal 0 0 1
    outer loop
      vertex 89.092 1.46243 60
      vertex 87.0142 2.98578 60
      vertex 88.8284 1.17157 60
    endloop
  endfacet
  facet normal 0 0 1
    outer loop
      vertex 88.8284 1.17157 60
      vertex 87.0142 2.98578 60
      vertex 88.5376 0.907959 60
    endloop
  endfacet
  facet normal -0 0 1
    outer loop
      vertex 86.8688 2.85398 60
      vertex 88.5376 0.907959 60
      vertex 87.0142 2.98578 60
    endloop
  endfacet
  facet normal 0 0 1
    outer loop
      vertex 88.5376 0.907959 60
      vertex 86.8688 2.85398 60
      vertex 88.2223 0.674118 60
    endloop
  endfacet
  facet normal -0 0 1
    outer loop
      vertex 86.7111 2.73707 60
      vertex 88.2223 0.674118 60
      vertex 86.8688 2.85398 60
    endloop
  endfacet
  facet normal 0 0 1
    outer loop
      vertex 88.2223 0.674118 60
      vertex 86.7111 2.73707 60
      vertex 87.8856 0.472321 60
    endloop
  endfacet
  facet normal -0 0 1
    outer loop
      vertex 86.5428 2.63616 60
      vertex 87.8856 0.472321 60
      vertex 86.7111 2.73707 60
    endloop
  endfacet
  facet normal 0 0 1
    outer loop
      vertex 87.8856 0.472321 60
      vertex 86.5428 2.63616 60
      vertex 87.5307 0.304489 60
    endloop
  endfacet
  facet normal -0 0 1
    outer loop
      vertex 86.3654 2.55224 60
      vertex 87.5307 0.304489 60
      vertex 86.5428 2.63616 60
    endloop
  endfacet
  facet normal 0 0 1
    outer loop
      vertex 87.5307 0.304489 60
      vertex 86.3654 2.55224 60
      vertex 87.1611 0.172241 60
    endloop
  endfacet
  facet normal -0 0 1
    outer loop
      vertex 86.1806 2.48612 60
      vertex 87.1611 0.172241 60
      vertex 86.3654 2.55224 60
    endloop
  endfacet
  facet normal 0 0 1
    outer loop
      vertex 87.1611 0.172241 60
      vertex 86.1806 2.48612 60
      vertex 86.7804 0.0768585 60
    endloop
  endfacet
  facet normal 0 0 1
    outer loop
      vertex 86.7804 0.0768585 60
      vertex 86.1806 2.48612 60
      vertex 86.3921 0.0192566 60
    endloop
  endfacet
  facet normal -0 0 1
    outer loop
      vertex 85.9902 2.43844 60
      vertex 86.3921 0.0192566 60
      vertex 86.1806 2.48612 60
    endloop
  endfacet
  facet normal 0 0 1
    outer loop
      vertex 86.3921 0.0192566 60
      vertex 85.9902 2.43844 60
      vertex 86 0 60
    endloop
  endfacet
  facet normal -0 0 1
    outer loop
      vertex 85.796 2.40963 60
      vertex 86 0 60
      vertex 85.9902 2.43844 60
    endloop
  endfacet
  facet normal -0 0 1
    outer loop
      vertex 85.6 2.4 60
      vertex 86 0 60
      vertex 85.796 2.40963 60
    endloop
  endfacet
  facet normal -0 0 1
    outer loop
      vertex 4.4 2.4 60
      vertex 86 0 60
      vertex 85.6 2.4 60
    endloop
  endfacet
  facet normal 0 0 1
    outer loop
      vertex 4.4 2.4 60
      vertex 4 0 60
      vertex 86 0 60
    endloop
  endfacet
  facet normal 0 0 1
    outer loop
      vertex 4.20397 2.40963 60
      vertex 4 0 60
      vertex 4.4 2.4 60
    endloop
  endfacet
  facet normal 0 0 1
    outer loop
      vertex 4.00982 2.43844 60
      vertex 4 0 60
      vertex 4.20397 2.40963 60
    endloop
  endfacet
  facet normal 0 0 1
    outer loop
      vertex 3.60793 0.0192566 60
      vertex 4.00982 2.43844 60
      vertex 3.81943 2.48612 60
    endloop
  endfacet
  facet normal 0 0 1
    outer loop
      vertex 2.83887 0.172241 60
      vertex 3.81943 2.48612 60
      vertex 3.63463 2.55224 60
    endloop
  endfacet
  facet normal 0 0 1
    outer loop
      vertex 4.00982 2.43844 60
      vertex 3.60793 0.0192566 60
      vertex 4 0 60
    endloop
  endfacet
  facet normal 0 0 1
    outer loop
      vertex 2.46927 0.304489 60
      vertex 3.63463 2.55224 60
      vertex 3.4572 2.63616 60
    endloop
  endfacet
  facet normal 0 0 1
    outer loop
      vertex 2.11441 0.472321 60
      vertex 3.4572 2.63616 60
      vertex 3.28885 2.73707 60
    endloop
  endfacet
  facet normal 0 0 1
    outer loop
      vertex 3.81943 2.48612 60
      vertex 3.21964 0.0768585 60
      vertex 3.60793 0.0192566 60
    endloop
  endfacet
  facet normal 0 0 1
    outer loop
      vertex 1.77773 0.674118 60
      vertex 3.28885 2.73707 60
      vertex 3.13122 2.85398 60
    endloop
  endfacet
  facet normal 0 0 1
    outer loop
      vertex 1.46243 0.907959 60
      vertex 3.13122 2.85398 60
      vertex 2.98578 2.98578 60
    endloop
  endfacet
  facet normal 0 0 1
    outer loop
      vertex 0.907959 1.46243 60
      vertex 2.98578 2.98578 60
      vertex 2.85398 3.13122 60
    endloop
  endfacet
  facet normal 0 0 1
    outer loop
      vertex 3.81943 2.48612 60
      vertex 2.83887 0.172241 60
      vertex 3.21964 0.0768585 60
    endloop
  endfacet
  facet normal 0 0 1
    outer loop
      vertex 0.674118 1.77773 60
      vertex 2.85398 3.13122 60
      vertex 2.73707 3.28885 60
    endloop
  endfacet
  facet normal 0 0 1
    outer loop
      vertex 0.472321 2.11441 60
      vertex 2.73707 3.28885 60
      vertex 2.63616 3.4572 60
    endloop
  endfacet
  facet normal 0 0 1
    outer loop
      vertex 0.304489 2.46927 60
      vertex 2.63616 3.4572 60
      vertex 2.55224 3.63463 60
    endloop
  endfacet
  facet normal 0 0 1
    outer loop
      vertex 0.172241 2.83887 60
      vertex 2.55224 3.63463 60
      vertex 2.48612 3.81943 60
    endloop
  endfacet
  facet normal 0 0 1
    outer loop
      vertex 3.63463 2.55224 60
      vertex 2.46927 0.304489 60
      vertex 2.83887 0.172241 60
    endloop
  endfacet
  facet normal 0 0 1
    outer loop
      vertex 0.0192566 3.60793 60
      vertex 2.48612 3.81943 60
      vertex 2.43844 4.00982 60
    endloop
  endfacet
  facet normal 0 0 1
    outer loop
      vertex 0 4 60
      vertex 2.43844 4.00982 60
      vertex 2.40963 4.20397 60
    endloop
  endfacet
  facet normal 0 0 1
    outer loop
      vertex 0 4 60
      vertex 2.40963 4.20397 60
      vertex 2.4 4.4 60
    endloop
  endfacet
  facet normal 0 0 1
    outer loop
      vertex 3.4572 2.63616 60
      vertex 2.11441 0.472321 60
      vertex 2.46927 0.304489 60
    endloop
  endfacet
  facet normal 0 0 1
    outer loop
      vertex 2.4 65.6 60
      vertex 0 66 60
      vertex 2.4 4.4 60
    endloop
  endfacet
  facet normal -0 0 1
    outer loop
      vertex 0.304489 67.5307 60
      vertex 2.63616 66.5428 60
      vertex 0.472321 67.8856 60
    endloop
  endfacet
  facet normal 0 0 1
    outer loop
      vertex 0 4 60
      vertex 2.4 4.4 60
      vertex 0 66 60
    endloop
  endfacet
  facet normal 0 0 1
    outer loop
      vertex 2.63616 66.5428 60
      vertex 0.304489 67.5307 60
      vertex 2.55224 66.3654 60
    endloop
  endfacet
  facet normal 0 0 1
    outer loop
      vertex 2.43844 4.00982 60
      vertex 0 4 60
      vertex 0.0192566 3.60793 60
    endloop
  endfacet
  facet normal -0 0 1
    outer loop
      vertex 0.172241 67.1611 60
      vertex 2.55224 66.3654 60
      vertex 0.304489 67.5307 60
    endloop
  endfacet
  facet normal 0 0 1
    outer loop
      vertex 3.28885 2.73707 60
      vertex 1.77773 0.674118 60
      vertex 2.11441 0.472321 60
    endloop
  endfacet
  facet normal 0 0 1
    outer loop
      vertex 2.55224 66.3654 60
      vertex 0.172241 67.1611 60
      vertex 2.48612 66.1806 60
    endloop
  endfacet
  facet normal 0 0 1
    outer loop
      vertex 3.13122 2.85398 60
      vertex 1.46243 0.907959 60
      vertex 1.77773 0.674118 60
    endloop
  endfacet
  facet normal -0 0 1
    outer loop
      vertex 0.0768585 66.7804 60
      vertex 2.48612 66.1806 60
      vertex 0.172241 67.1611 60
    endloop
  endfacet
  facet normal 0 0 1
    outer loop
      vertex 2.98578 2.98578 60
      vertex 1.17157 1.17157 60
      vertex 1.46243 0.907959 60
    endloop
  endfacet
  facet normal -0 0 1
    outer loop
      vertex 0.0192566 66.3921 60
      vertex 2.48612 66.1806 60
      vertex 0.0768585 66.7804 60
    endloop
  endfacet
  facet normal 0 0 1
    outer loop
      vertex 2.98578 2.98578 60
      vertex 0.907959 1.46243 60
      vertex 1.17157 1.17157 60
    endloop
  endfacet
  facet normal 0 0 1
    outer loop
      vertex 2.48612 66.1806 60
      vertex 0.0192566 66.3921 60
      vertex 2.43844 65.9902 60
    endloop
  endfacet
  facet normal 0 0 1
    outer loop
      vertex 2.85398 3.13122 60
      vertex 0.674118 1.77773 60
      vertex 0.907959 1.46243 60
    endloop
  endfacet
  facet normal -0 0 1
    outer loop
      vertex 0 66 60
      vertex 2.43844 65.9902 60
      vertex 0.0192566 66.3921 60
    endloop
  endfacet
  facet normal 0 0 1
    outer loop
      vertex 2.73707 3.28885 60
      vertex 0.472321 2.11441 60
      vertex 0.674118 1.77773 60
    endloop
  endfacet
  facet normal 0 0 1
    outer loop
      vertex 2.43844 65.9902 60
      vertex 0 66 60
      vertex 2.40963 65.796 60
    endloop
  endfacet
  facet normal 0 0 1
    outer loop
      vertex 2.63616 3.4572 60
      vertex 0.304489 2.46927 60
      vertex 0.472321 2.11441 60
    endloop
  endfacet
  facet normal 0 0 1
    outer loop
      vertex 2.40963 65.796 60
      vertex 0 66 60
      vertex 2.4 65.6 60
    endloop
  endfacet
  facet normal 0 0 1
    outer loop
      vertex 2.55224 3.63463 60
      vertex 0.172241 2.83887 60
      vertex 0.304489 2.46927 60
    endloop
  endfacet
  facet normal 0 0 1
    outer loop
      vertex 2.48612 3.81943 60
      vertex 0.0768585 3.21964 60
      vertex 0.172241 2.83887 60
    endloop
  endfacet
  facet normal 0 0 1
    outer loop
      vertex 2.48612 3.81943 60
      vertex 0.0192566 3.60793 60
      vertex 0.0768585 3.21964 60
    endloop
  endfacet
  facet normal -0.0490561 -0.998796 0
    outer loop
      vertex 3.60793 0.0192566 2.44218
      vertex 4 0 60
      vertex 3.60793 0.0192566 60
    endloop
  endfacet
  facet normal -0.0490561 -0.998796 -0
    outer loop
      vertex 4 0 60
      vertex 3.60793 0.0192566 2.44218
      vertex 4 0 2.43879
    endloop
  endfacet
  facet normal -0.0490561 -0.998796 0
    outer loop
      vertex 3.60793 0.0192566 0
      vertex 4 0 0.00176314
      vertex 3.60793 0.0192566 0.0051586
    endloop
  endfacet
  facet normal -0.0490561 -0.998796 -0
    outer loop
      vertex 4 0 0.00176314
      vertex 3.60793 0.0192566 0
      vertex 4 0 0
    endloop
  endfacet
  facet normal 0 1 0
    outer loop
      vertex 86 70 12.3447
      vertex 85.2 70 4.8
      vertex 85.2 70 12.3447
    endloop
  endfacet
  facet normal 0 1 0
    outer loop
      vertex 85.2 70 4.8
      vertex 86 70 0
      vertex 4.8 70 4.8
    endloop
  endfacet
  facet normal 0 1 -0
    outer loop
      vertex 86 70 0
      vertex 85.2 70 4.8
      vertex 86 70 12.3447
    endloop
  endfacet
  facet normal 0 1 -0
    outer loop
      vertex 4.8 70 4.8
      vertex 4 70 12.3447
      vertex 4.8 70 12.3447
    endloop
  endfacet
  facet normal 0 1 0
    outer loop
      vertex 4.8 70 4.8
      vertex 4 70 0
      vertex 4 70 12.3447
    endloop
  endfacet
  facet normal 0 1 0
    outer loop
      vertex 4 70 0
      vertex 4.8 70 4.8
      vertex 86 70 0
    endloop
  endfacet
  facet normal 0 1 -0
    outer loop
      vertex 4.8 70 14.7817
      vertex 4 70 60
      vertex 4.8 70 60
    endloop
  endfacet
  facet normal 0 1 0
    outer loop
      vertex 4 70 60
      vertex 4.8 70 14.7817
      vertex 4 70 14.7817
    endloop
  endfacet
  facet normal 0 1 -0
    outer loop
      vertex 86 70 14.7817
      vertex 85.2 70 60
      vertex 86 70 60
    endloop
  endfacet
  facet normal 0 1 0
    outer loop
      vertex 85.2 70 60
      vertex 86 70 14.7817
      vertex 85.2 70 14.7817
    endloop
  endfacet
  facet normal -1 0 0
    outer loop
      vertex 0 4 60
      vertex 0 66 14.0764
      vertex 0 4 3.14409
    endloop
  endfacet
  facet normal -1 0 0
    outer loop
      vertex 0 66 14.0764
      vertex 0 4 60
      vertex 0 66 60
    endloop
  endfacet
  facet normal -1 0 0
    outer loop
      vertex 0 4 0.707071
      vertex 0 66 0
      vertex 0 4 0
    endloop
  endfacet
  facet normal -1 0 0
    outer loop
      vertex 0 66 0
      vertex 0 4 0.707071
      vertex 0 66 11.6393
    endloop
  endfacet
  facet normal -0.5141 -0.85773 0
    outer loop
      vertex 1.77773 0.674118 0
      vertex 2.11441 0.472321 0.085046
      vertex 1.77773 0.674118 0.120628
    endloop
  endfacet
  facet normal -0.5141 -0.85773 -0
    outer loop
      vertex 2.11441 0.472321 0.085046
      vertex 1.77773 0.674118 0
      vertex 2.11441 0.472321 0
    endloop
  endfacet
  facet normal -0.5141 -0.85773 0
    outer loop
      vertex 1.77773 0.674118 2.55765
      vertex 2.11441 0.472321 60
      vertex 1.77773 0.674118 60
    endloop
  endfacet
  facet normal -0.5141 -0.85773 -0
    outer loop
      vertex 2.11441 0.472321 60
      vertex 1.77773 0.674118 2.55765
      vertex 2.11441 0.472321 2.52207
    endloop
  endfacet
  facet normal 0.242835 0.970068 0
    outer loop
      vertex 86.7804 69.9231 0
      vertex 87.1611 69.8278 12.3143
      vertex 87.1611 69.8278 0
    endloop
  endfacet
  facet normal 0.242835 0.970068 0
    outer loop
      vertex 87.1611 69.8278 12.3143
      vertex 86.7804 69.9231 0
      vertex 86.7804 69.9231 12.3311
    endloop
  endfacet
  facet normal 0.242835 0.970068 0
    outer loop
      vertex 87.1611 69.8278 60
      vertex 86.7804 69.9231 14.7681
      vertex 86.7804 69.9231 60
    endloop
  endfacet
  facet normal 0.242835 0.970068 0
    outer loop
      vertex 86.7804 69.9231 14.7681
      vertex 87.1611 69.8278 60
      vertex 87.1611 69.8278 14.7513
    endloop
  endfacet
  facet normal -0.998796 0.0490523 0
    outer loop
      vertex 0 66 60
      vertex 0.0192566 66.3921 14.1455
      vertex 0 66 14.0764
    endloop
  endfacet
  facet normal -0.998796 0.0490523 0
    outer loop
      vertex 0.0192566 66.3921 14.1455
      vertex 0 66 60
      vertex 0.0192566 66.3921 60
    endloop
  endfacet
  facet normal -0.998796 0.0490523 0
    outer loop
      vertex 0 66 11.6393
      vertex 0.0192566 66.3921 0
      vertex 0 66 0
    endloop
  endfacet
  facet normal -0.998796 0.0490523 0
    outer loop
      vertex 0.0192566 66.3921 0
      vertex 0 66 11.6393
      vertex 0.0192566 66.3921 11.7085
    endloop
  endfacet
  facet normal -0.803209 -0.595697 -0
    outer loop
      vertex 0.907959 1.46243 60
      vertex 0.674118 1.77773 2.75225
      vertex 0.907959 1.46243 2.69665
    endloop
  endfacet
  facet normal -0.803209 -0.595697 0
    outer loop
      vertex 0.674118 1.77773 2.75225
      vertex 0.907959 1.46243 60
      vertex 0.674118 1.77773 60
    endloop
  endfacet
  facet normal -0.803209 -0.595697 -0
    outer loop
      vertex 0.907959 1.46243 0.25963
      vertex 0.674118 1.77773 0
      vertex 0.907959 1.46243 0
    endloop
  endfacet
  facet normal -0.803209 -0.595697 0
    outer loop
      vertex 0.674118 1.77773 0
      vertex 0.907959 1.46243 0.25963
      vertex 0.674118 1.77773 0.315224
    endloop
  endfacet
  facet normal -0.427546 -0.903994 0
    outer loop
      vertex 2.11441 0.472321 0
      vertex 2.46927 0.304489 0.0554528
      vertex 2.11441 0.472321 0.085046
    endloop
  endfacet
  facet normal -0.427546 -0.903994 -0
    outer loop
      vertex 2.46927 0.304489 0.0554528
      vertex 2.11441 0.472321 0
      vertex 2.46927 0.304489 0
    endloop
  endfacet
  facet normal -0.427546 -0.903994 0
    outer loop
      vertex 2.11441 0.472321 2.52207
      vertex 2.46927 0.304489 60
      vertex 2.11441 0.472321 60
    endloop
  endfacet
  facet normal -0.427546 -0.903994 -0
    outer loop
      vertex 2.46927 0.304489 60
      vertex 2.11441 0.472321 2.52207
      vertex 2.46927 0.304489 2.49248
    endloop
  endfacet
  facet normal -0.146742 -0.989175 0
    outer loop
      vertex 3.21964 0.0768585 2.45234
      vertex 3.60793 0.0192566 60
      vertex 3.21964 0.0768585 60
    endloop
  endfacet
  facet normal -0.146742 -0.989175 -0
    outer loop
      vertex 3.60793 0.0192566 60
      vertex 3.21964 0.0768585 2.45234
      vertex 3.60793 0.0192566 2.44218
    endloop
  endfacet
  facet normal -0.146742 -0.989175 0
    outer loop
      vertex 3.21964 0.0768585 0
      vertex 3.60793 0.0192566 0.0051586
      vertex 3.21964 0.0768585 0.0153154
    endloop
  endfacet
  facet normal -0.146742 -0.989175 -0
    outer loop
      vertex 3.60793 0.0192566 0.0051586
      vertex 3.21964 0.0768585 0
      vertex 3.60793 0.0192566 0
    endloop
  endfacet
  facet normal -0.242991 -0.970029 0
    outer loop
      vertex 2.83887 0.172241 0
      vertex 3.21964 0.0768585 0.0153154
      vertex 2.83887 0.172241 0.0321339
    endloop
  endfacet
  facet normal -0.242991 -0.970029 -0
    outer loop
      vertex 3.21964 0.0768585 0.0153154
      vertex 2.83887 0.172241 0
      vertex 3.21964 0.0768585 0
    endloop
  endfacet
  facet normal -0.242991 -0.970029 0
    outer loop
      vertex 2.83887 0.172241 2.46916
      vertex 3.21964 0.0768585 60
      vertex 2.83887 0.172241 60
    endloop
  endfacet
  facet normal -0.242991 -0.970029 -0
    outer loop
      vertex 3.21964 0.0768585 60
      vertex 2.83887 0.172241 2.46916
      vertex 3.21964 0.0768585 2.45234
    endloop
  endfacet
  facet normal 0.336897 -0.941542 0
    outer loop
      vertex 87.1611 0.172241 60
      vertex 87.5307 0.304489 2.49248
      vertex 87.5307 0.304489 60
    endloop
  endfacet
  facet normal 0.336897 -0.941542 0
    outer loop
      vertex 87.5307 0.304489 2.49248
      vertex 87.1611 0.172241 60
      vertex 87.1611 0.172241 2.46916
    endloop
  endfacet
  facet normal 0.336897 -0.941542 0
    outer loop
      vertex 87.5307 0.304489 0
      vertex 87.1611 0.172241 0.0321339
      vertex 87.1611 0.172241 0
    endloop
  endfacet
  facet normal 0.336897 -0.941542 0
    outer loop
      vertex 87.1611 0.172241 0.0321339
      vertex 87.5307 0.304489 0
      vertex 87.5307 0.304489 0.0554528
    endloop
  endfacet
  facet normal 0.337014 0.9415 0
    outer loop
      vertex 87.1611 69.8278 0
      vertex 87.5307 69.6955 12.291
      vertex 87.5307 69.6955 0
    endloop
  endfacet
  facet normal 0.337014 0.9415 0
    outer loop
      vertex 87.5307 69.6955 12.291
      vertex 87.1611 69.8278 0
      vertex 87.1611 69.8278 12.3143
    endloop
  endfacet
  facet normal 0.337014 0.9415 0
    outer loop
      vertex 87.5307 69.6955 60
      vertex 87.1611 69.8278 14.7513
      vertex 87.1611 69.8278 60
    endloop
  endfacet
  facet normal 0.337014 0.9415 0
    outer loop
      vertex 87.1611 69.8278 14.7513
      vertex 87.5307 69.6955 60
      vertex 87.5307 69.6955 14.728
    endloop
  endfacet
  facet normal 0.0491626 0.998791 -0
    outer loop
      vertex 86.3921 69.9807 0
      vertex 86 70 12.3447
      vertex 86.3921 69.9807 12.3413
    endloop
  endfacet
  facet normal 0.0491626 0.998791 0
    outer loop
      vertex 86 70 12.3447
      vertex 86.3921 69.9807 0
      vertex 86 70 0
    endloop
  endfacet
  facet normal 0.0491626 0.998791 0
    outer loop
      vertex 86.3921 69.9807 60
      vertex 86 70 14.7817
      vertex 86 70 60
    endloop
  endfacet
  facet normal 0.0491626 0.998791 0
    outer loop
      vertex 86 70 14.7817
      vertex 86.3921 69.9807 60
      vertex 86.3921 69.9807 14.7783
    endloop
  endfacet
  facet normal -0.146737 0.989176 0
    outer loop
      vertex 3.60793 69.9807 14.7783
      vertex 3.21964 69.9231 60
      vertex 3.60793 69.9807 60
    endloop
  endfacet
  facet normal -0.146737 0.989176 0
    outer loop
      vertex 3.21964 69.9231 60
      vertex 3.60793 69.9807 14.7783
      vertex 3.21964 69.9231 14.7681
    endloop
  endfacet
  facet normal -0.146737 0.989176 0
    outer loop
      vertex 3.60793 69.9807 0
      vertex 3.21964 69.9231 12.3311
      vertex 3.60793 69.9807 12.3413
    endloop
  endfacet
  facet normal -0.146737 0.989176 0
    outer loop
      vertex 3.21964 69.9231 12.3311
      vertex 3.60793 69.9807 0
      vertex 3.21964 69.9231 0
    endloop
  endfacet
  facet normal -0.595794 0.803137 0
    outer loop
      vertex 1.77773 69.3259 14.6628
      vertex 1.46243 69.092 60
      vertex 1.77773 69.3259 60
    endloop
  endfacet
  facet normal -0.595794 0.803137 0
    outer loop
      vertex 1.46243 69.092 60
      vertex 1.77773 69.3259 14.6628
      vertex 1.46243 69.092 14.6216
    endloop
  endfacet
  facet normal -0.595794 0.803137 0
    outer loop
      vertex 1.77773 69.3259 0
      vertex 1.46243 69.092 12.1846
      vertex 1.77773 69.3259 12.2258
    endloop
  endfacet
  facet normal -0.595794 0.803137 0
    outer loop
      vertex 1.46243 69.092 12.1846
      vertex 1.77773 69.3259 0
      vertex 1.46243 69.092 0
    endloop
  endfacet
  facet normal -0.671531 0.740977 0
    outer loop
      vertex 1.46243 69.092 14.6216
      vertex 1.17157 68.8284 60
      vertex 1.46243 69.092 60
    endloop
  endfacet
  facet normal -0.671531 0.740977 0
    outer loop
      vertex 1.17157 68.8284 60
      vertex 1.46243 69.092 14.6216
      vertex 1.17157 68.8284 14.5751
    endloop
  endfacet
  facet normal -0.671531 0.740977 0
    outer loop
      vertex 1.46243 69.092 0
      vertex 1.17157 68.8284 12.1381
      vertex 1.46243 69.092 12.1846
    endloop
  endfacet
  facet normal -0.671531 0.740977 0
    outer loop
      vertex 1.17157 68.8284 12.1381
      vertex 1.46243 69.092 0
      vertex 1.17157 68.8284 0
    endloop
  endfacet
  facet normal -0.904012 0.427507 0
    outer loop
      vertex 0.304489 67.5307 60
      vertex 0.472321 67.8856 14.4088
      vertex 0.304489 67.5307 14.3463
    endloop
  endfacet
  facet normal -0.904012 0.427507 0
    outer loop
      vertex 0.472321 67.8856 14.4088
      vertex 0.304489 67.5307 60
      vertex 0.472321 67.8856 60
    endloop
  endfacet
  facet normal -0.904012 0.427507 0
    outer loop
      vertex 0.304489 67.5307 11.9093
      vertex 0.472321 67.8856 0
      vertex 0.304489 67.5307 0
    endloop
  endfacet
  facet normal -0.904012 0.427507 0
    outer loop
      vertex 0.472321 67.8856 0
      vertex 0.304489 67.5307 11.9093
      vertex 0.472321 67.8856 11.9718
    endloop
  endfacet
  facet normal -0.941542 -0.336897 -0
    outer loop
      vertex 0.304489 2.46927 60
      vertex 0.172241 2.83887 2.93936
      vertex 0.304489 2.46927 2.87418
    endloop
  endfacet
  facet normal -0.941542 -0.336897 0
    outer loop
      vertex 0.172241 2.83887 2.93936
      vertex 0.304489 2.46927 60
      vertex 0.172241 2.83887 60
    endloop
  endfacet
  facet normal -0.941542 -0.336897 -0
    outer loop
      vertex 0.304489 2.46927 0.437162
      vertex 0.172241 2.83887 0
      vertex 0.304489 2.46927 0
    endloop
  endfacet
  facet normal -0.941542 -0.336897 0
    outer loop
      vertex 0.172241 2.83887 0
      vertex 0.304489 2.46927 0.437162
      vertex 0.172241 2.83887 0.502332
    endloop
  endfacet
  facet normal -0.740963 -0.671546 -0
    outer loop
      vertex 1.17157 1.17157 60
      vertex 0.907959 1.46243 2.69665
      vertex 1.17157 1.17157 2.64537
    endloop
  endfacet
  facet normal -0.740963 -0.671546 0
    outer loop
      vertex 0.907959 1.46243 2.69665
      vertex 1.17157 1.17157 60
      vertex 0.907959 1.46243 60
    endloop
  endfacet
  facet normal -0.740963 -0.671546 -0
    outer loop
      vertex 1.17157 1.17157 0.208343
      vertex 0.907959 1.46243 0
      vertex 1.17157 1.17157 0
    endloop
  endfacet
  facet normal -0.740963 -0.671546 0
    outer loop
      vertex 0.907959 1.46243 0
      vertex 1.17157 1.17157 0.208343
      vertex 0.907959 1.46243 0.25963
    endloop
  endfacet
  facet normal -0.85773 -0.5141 -0
    outer loop
      vertex 0.674118 1.77773 60
      vertex 0.472321 2.11441 2.81161
      vertex 0.674118 1.77773 2.75225
    endloop
  endfacet
  facet normal -0.85773 -0.5141 0
    outer loop
      vertex 0.472321 2.11441 2.81161
      vertex 0.674118 1.77773 60
      vertex 0.472321 2.11441 60
    endloop
  endfacet
  facet normal -0.85773 -0.5141 -0
    outer loop
      vertex 0.674118 1.77773 0.315224
      vertex 0.472321 2.11441 0
      vertex 0.674118 1.77773 0
    endloop
  endfacet
  facet normal -0.85773 -0.5141 0
    outer loop
      vertex 0.472321 2.11441 0
      vertex 0.674118 1.77773 0.315224
      vertex 0.472321 2.11441 0.374591
    endloop
  endfacet
  facet normal 0 0 -1
    outer loop
      vertex 86 0 0
      vertex 90 4 0
      vertex 89.9807 3.60793 0
    endloop
  endfacet
  facet normal -0 0 -1
    outer loop
      vertex 90 4 0
      vertex 86 0 0
      vertex 90 66 0
    endloop
  endfacet
  facet normal 0 0 -1
    outer loop
      vertex 86 0 0
      vertex 89.9807 3.60793 0
      vertex 89.9231 3.21964 0
    endloop
  endfacet
  facet normal 0 0 -1
    outer loop
      vertex 86 70 0
      vertex 90 66 0
      vertex 86 0 0
    endloop
  endfacet
  facet normal 0 0 -1
    outer loop
      vertex 86 0 0
      vertex 89.9231 3.21964 0
      vertex 89.8278 2.83887 0
    endloop
  endfacet
  facet normal 0 0 -1
    outer loop
      vertex 90 66 0
      vertex 86 70 0
      vertex 89.9807 66.3921 0
    endloop
  endfacet
  facet normal 0 0 -1
    outer loop
      vertex 86 0 0
      vertex 89.8278 2.83887 0
      vertex 89.6955 2.46927 0
    endloop
  endfacet
  facet normal 0 0 -1
    outer loop
      vertex 89.9807 66.3921 0
      vertex 86 70 0
      vertex 89.9231 66.7804 0
    endloop
  endfacet
  facet normal 0 0 -1
    outer loop
      vertex 86 0 0
      vertex 89.6955 2.46927 0
      vertex 89.5277 2.11441 0
    endloop
  endfacet
  facet normal 0 0 -1
    outer loop
      vertex 89.9231 66.7804 0
      vertex 86 70 0
      vertex 89.8278 67.1611 0
    endloop
  endfacet
  facet normal 0 0 -1
    outer loop
      vertex 86 0 0
      vertex 89.5277 2.11441 0
      vertex 89.3259 1.77773 0
    endloop
  endfacet
  facet normal 0 0 -1
    outer loop
      vertex 89.8278 67.1611 0
      vertex 86 70 0
      vertex 89.6955 67.5307 0
    endloop
  endfacet
  facet normal 0 0 -1
    outer loop
      vertex 86 0 0
      vertex 89.3259 1.77773 0
      vertex 89.092 1.46243 0
    endloop
  endfacet
  facet normal 0 0 -1
    outer loop
      vertex 89.6955 67.5307 0
      vertex 86 70 0
      vertex 89.5277 67.8856 0
    endloop
  endfacet
  facet normal 0 0 -1
    outer loop
      vertex 86 0 0
      vertex 89.092 1.46243 0
      vertex 88.8284 1.17157 0
    endloop
  endfacet
  facet normal 0 0 -1
    outer loop
      vertex 89.5277 67.8856 0
      vertex 86 70 0
      vertex 89.3259 68.2223 0
    endloop
  endfacet
  facet normal 0 0 -1
    outer loop
      vertex 86 0 0
      vertex 88.8284 1.17157 0
      vertex 88.5376 0.907959 0
    endloop
  endfacet
  facet normal 0 0 -1
    outer loop
      vertex 89.3259 68.2223 0
      vertex 86 70 0
      vertex 89.092 68.5376 0
    endloop
  endfacet
  facet normal 0 0 -1
    outer loop
      vertex 86 0 0
      vertex 88.5376 0.907959 0
      vertex 88.2223 0.674118 0
    endloop
  endfacet
  facet normal 0 0 -1
    outer loop
      vertex 89.092 68.5376 0
      vertex 86 70 0
      vertex 88.8284 68.8284 0
    endloop
  endfacet
  facet normal 0 0 -1
    outer loop
      vertex 86 0 0
      vertex 88.2223 0.674118 0
      vertex 87.8856 0.472321 0
    endloop
  endfacet
  facet normal 0 0 -1
    outer loop
      vertex 88.8284 68.8284 0
      vertex 86 70 0
      vertex 88.5376 69.092 0
    endloop
  endfacet
  facet normal 0 0 -1
    outer loop
      vertex 86 0 0
      vertex 87.8856 0.472321 0
      vertex 87.5307 0.304489 0
    endloop
  endfacet
  facet normal 0 0 -1
    outer loop
      vertex 88.5376 69.092 0
      vertex 86 70 0
      vertex 88.2223 69.3259 0
    endloop
  endfacet
  facet normal 0 0 -1
    outer loop
      vertex 86 0 0
      vertex 87.5307 0.304489 0
      vertex 87.1611 0.172241 0
    endloop
  endfacet
  facet normal 0 0 -1
    outer loop
      vertex 88.2223 69.3259 0
      vertex 86 70 0
      vertex 87.8856 69.5277 0
    endloop
  endfacet
  facet normal 0 0 -1
    outer loop
      vertex 86 0 0
      vertex 87.1611 0.172241 0
      vertex 86.7804 0.0768585 0
    endloop
  endfacet
  facet normal 0 0 -1
    outer loop
      vertex 87.8856 69.5277 0
      vertex 86 70 0
      vertex 87.5307 69.6955 0
    endloop
  endfacet
  facet normal 0 0 -1
    outer loop
      vertex 86 0 0
      vertex 86.7804 0.0768585 0
      vertex 86.3921 0.0192566 0
    endloop
  endfacet
  facet normal 0 0 -1
    outer loop
      vertex 87.5307 69.6955 0
      vertex 86 70 0
      vertex 87.1611 69.8278 0
    endloop
  endfacet
  facet normal 0 0 -1
    outer loop
      vertex 87.1611 69.8278 0
      vertex 86 70 0
      vertex 86.7804 69.9231 0
    endloop
  endfacet
  facet normal 0 0 -1
    outer loop
      vertex 86.7804 69.9231 0
      vertex 86 70 0
      vertex 86.3921 69.9807 0
    endloop
  endfacet
  facet normal 0 0 -1
    outer loop
      vertex 4 0 0
      vertex 86 70 0
      vertex 86 0 0
    endloop
  endfacet
  facet normal 0 0 -1
    outer loop
      vertex 4 0 0
      vertex 4 70 0
      vertex 86 70 0
    endloop
  endfacet
  facet normal 0 0 -1
    outer loop
      vertex 0 4 0
      vertex 4 0 0
      vertex 3.60793 0.0192566 0
    endloop
  endfacet
  facet normal 0 0 -1
    outer loop
      vertex 4 0 0
      vertex 0 4 0
      vertex 4 70 0
    endloop
  endfacet
  facet normal 0 0 -1
    outer loop
      vertex 0 4 0
      vertex 3.60793 0.0192566 0
      vertex 3.21964 0.0768585 0
    endloop
  endfacet
  facet normal 0 0 -1
    outer loop
      vertex 0 66 0
      vertex 4 70 0
      vertex 0 4 0
    endloop
  endfacet
  facet normal 0 0 -1
    outer loop
      vertex 0 4 0
      vertex 3.21964 0.0768585 0
      vertex 2.83887 0.172241 0
    endloop
  endfacet
  facet normal 0 0 -1
    outer loop
      vertex 4 70 0
      vertex 0 66 0
      vertex 3.60793 69.9807 0
    endloop
  endfacet
  facet normal 0 0 -1
    outer loop
      vertex 0 4 0
      vertex 2.83887 0.172241 0
      vertex 2.46927 0.304489 0
    endloop
  endfacet
  facet normal 0 0 -1
    outer loop
      vertex 3.60793 69.9807 0
      vertex 0 66 0
      vertex 3.21964 69.9231 0
    endloop
  endfacet
  facet normal 0 0 -1
    outer loop
      vertex 0 4 0
      vertex 2.46927 0.304489 0
      vertex 2.11441 0.472321 0
    endloop
  endfacet
  facet normal 0 0 -1
    outer loop
      vertex 3.21964 69.9231 0
      vertex 0 66 0
      vertex 2.83887 69.8278 0
    endloop
  endfacet
  facet normal 0 0 -1
    outer loop
      vertex 0 4 0
      vertex 2.11441 0.472321 0
      vertex 1.77773 0.674118 0
    endloop
  endfacet
  facet normal 0 0 -1
    outer loop
      vertex 2.83887 69.8278 0
      vertex 0 66 0
      vertex 2.46927 69.6955 0
    endloop
  endfacet
  facet normal 0 0 -1
    outer loop
      vertex 0 4 0
      vertex 1.77773 0.674118 0
      vertex 1.46243 0.907959 0
    endloop
  endfacet
  facet normal 0 0 -1
    outer loop
      vertex 2.46927 69.6955 0
      vertex 0 66 0
      vertex 2.11441 69.5277 0
    endloop
  endfacet
  facet normal 0 0 -1
    outer loop
      vertex 0 4 0
      vertex 1.46243 0.907959 0
      vertex 1.17157 1.17157 0
    endloop
  endfacet
  facet normal 0 0 -1
    outer loop
      vertex 2.11441 69.5277 0
      vertex 0 66 0
      vertex 1.77773 69.3259 0
    endloop
  endfacet
  facet normal 0 0 -1
    outer loop
      vertex 0 4 0
      vertex 1.17157 1.17157 0
      vertex 0.907959 1.46243 0
    endloop
  endfacet
  facet normal 0 0 -1
    outer loop
      vertex 1.77773 69.3259 0
      vertex 0 66 0
      vertex 1.46243 69.092 0
    endloop
  endfacet
  facet normal 0 0 -1
    outer loop
      vertex 0 4 0
      vertex 0.907959 1.46243 0
      vertex 0.674118 1.77773 0
    endloop
  endfacet
  facet normal 0 0 -1
    outer loop
      vertex 1.46243 69.092 0
      vertex 0 66 0
      vertex 1.17157 68.8284 0
    endloop
  endfacet
  facet normal 0 0 -1
    outer loop
      vertex 0 4 0
      vertex 0.674118 1.77773 0
      vertex 0.472321 2.11441 0
    endloop
  endfacet
  facet normal 0 0 -1
    outer loop
      vertex 1.17157 68.8284 0
      vertex 0 66 0
      vertex 0.907959 68.5376 0
    endloop
  endfacet
  facet normal 0 0 -1
    outer loop
      vertex 0 4 0
      vertex 0.472321 2.11441 0
      vertex 0.304489 2.46927 0
    endloop
  endfacet
  facet normal 0 0 -1
    outer loop
      vertex 0.907959 68.5376 0
      vertex 0 66 0
      vertex 0.674118 68.2223 0
    endloop
  endfacet
  facet normal 0 0 -1
    outer loop
      vertex 0 4 0
      vertex 0.304489 2.46927 0
      vertex 0.172241 2.83887 0
    endloop
  endfacet
  facet normal 0 0 -1
    outer loop
      vertex 0.674118 68.2223 0
      vertex 0 66 0
      vertex 0.472321 67.8856 0
    endloop
  endfacet
  facet normal 0 0 -1
    outer loop
      vertex 0 4 0
      vertex 0.172241 2.83887 0
      vertex 0.0768585 3.21964 0
    endloop
  endfacet
  facet normal 0 0 -1
    outer loop
      vertex 0.472321 67.8856 0
      vertex 0 66 0
      vertex 0.304489 67.5307 0
    endloop
  endfacet
  facet normal 0 0 -1
    outer loop
      vertex 0 4 0
      vertex 0.0768585 3.21964 0
      vertex 0.0192566 3.60793 0
    endloop
  endfacet
  facet normal 0 0 -1
    outer loop
      vertex 0.304489 67.5307 0
      vertex 0 66 0
      vertex 0.172241 67.1611 0
    endloop
  endfacet
  facet normal 0 0 -1
    outer loop
      vertex 0.172241 67.1611 0
      vertex 0 66 0
      vertex 0.0768585 66.7804 0
    endloop
  endfacet
  facet normal 0 0 -1
    outer loop
      vertex 0.0768585 66.7804 0
      vertex 0 66 0
      vertex 0.0192566 66.3921 0
    endloop
  endfacet
  facet normal 0.671607 0.740908 0
    outer loop
      vertex 88.8284 68.8284 60
      vertex 88.5376 69.092 14.6216
      vertex 88.5376 69.092 60
    endloop
  endfacet
  facet normal 0.671607 0.740908 0
    outer loop
      vertex 88.5376 69.092 14.6216
      vertex 88.8284 68.8284 60
      vertex 88.8284 68.8284 14.5751
    endloop
  endfacet
  facet normal 0.671607 0.740908 0
    outer loop
      vertex 88.5376 69.092 0
      vertex 88.8284 68.8284 12.1381
      vertex 88.8284 68.8284 0
    endloop
  endfacet
  facet normal 0.671607 0.740908 0
    outer loop
      vertex 88.8284 68.8284 12.1381
      vertex 88.5376 69.092 0
      vertex 88.5376 69.092 12.1846
    endloop
  endfacet
  facet normal 0.243033 -0.970018 0
    outer loop
      vertex 86.7804 0.0768585 60
      vertex 87.1611 0.172241 2.46916
      vertex 87.1611 0.172241 60
    endloop
  endfacet
  facet normal 0.243033 -0.970018 0
    outer loop
      vertex 87.1611 0.172241 2.46916
      vertex 86.7804 0.0768585 60
      vertex 86.7804 0.0768585 2.45234
    endloop
  endfacet
  facet normal 0.243033 -0.970018 0
    outer loop
      vertex 87.1611 0.172241 0
      vertex 86.7804 0.0768585 0.0153154
      vertex 86.7804 0.0768585 0
    endloop
  endfacet
  facet normal 0.243033 -0.970018 0
    outer loop
      vertex 86.7804 0.0768585 0.0153154
      vertex 87.1611 0.172241 0
      vertex 87.1611 0.172241 0.0321339
    endloop
  endfacet
  facet normal 0.595697 -0.803209 0
    outer loop
      vertex 88.2223 0.674118 60
      vertex 88.5376 0.907959 2.59888
      vertex 88.5376 0.907959 60
    endloop
  endfacet
  facet normal 0.595697 -0.803209 0
    outer loop
      vertex 88.5376 0.907959 2.59888
      vertex 88.2223 0.674118 60
      vertex 88.2223 0.674118 2.55765
    endloop
  endfacet
  facet normal 0.595697 -0.803209 0
    outer loop
      vertex 88.5376 0.907959 0
      vertex 88.2223 0.674118 0.120628
      vertex 88.2223 0.674118 0
    endloop
  endfacet
  facet normal 0.595697 -0.803209 0
    outer loop
      vertex 88.2223 0.674118 0.120628
      vertex 88.5376 0.907959 0
      vertex 88.5376 0.907959 0.161861
    endloop
  endfacet
  facet normal 0.514084 0.85774 0
    outer loop
      vertex 88.2223 69.3259 60
      vertex 87.8856 69.5277 14.6984
      vertex 87.8856 69.5277 60
    endloop
  endfacet
  facet normal 0.514084 0.85774 0
    outer loop
      vertex 87.8856 69.5277 14.6984
      vertex 88.2223 69.3259 60
      vertex 88.2223 69.3259 14.6628
    endloop
  endfacet
  facet normal 0.514084 0.85774 0
    outer loop
      vertex 87.8856 69.5277 0
      vertex 88.2223 69.3259 12.2258
      vertex 88.2223 69.3259 0
    endloop
  endfacet
  facet normal 0.514084 0.85774 0
    outer loop
      vertex 88.2223 69.3259 12.2258
      vertex 87.8856 69.5277 0
      vertex 87.8856 69.5277 12.2614
    endloop
  endfacet
  facet normal 0.595794 0.803137 0
    outer loop
      vertex 88.5376 69.092 60
      vertex 88.2223 69.3259 14.6628
      vertex 88.2223 69.3259 60
    endloop
  endfacet
  facet normal 0.595794 0.803137 0
    outer loop
      vertex 88.2223 69.3259 14.6628
      vertex 88.5376 69.092 60
      vertex 88.5376 69.092 14.6216
    endloop
  endfacet
  facet normal 0.595794 0.803137 0
    outer loop
      vertex 88.2223 69.3259 0
      vertex 88.5376 69.092 12.1846
      vertex 88.5376 69.092 0
    endloop
  endfacet
  facet normal 0.595794 0.803137 0
    outer loop
      vertex 88.5376 69.092 12.1846
      vertex 88.2223 69.3259 0
      vertex 88.2223 69.3259 12.2258
    endloop
  endfacet
  facet normal 0.42744 0.904044 0
    outer loop
      vertex 87.8856 69.5277 60
      vertex 87.5307 69.6955 14.728
      vertex 87.5307 69.6955 60
    endloop
  endfacet
  facet normal 0.42744 0.904044 0
    outer loop
      vertex 87.5307 69.6955 14.728
      vertex 87.8856 69.5277 60
      vertex 87.8856 69.5277 14.6984
    endloop
  endfacet
  facet normal 0.42744 0.904044 0
    outer loop
      vertex 87.5307 69.6955 0
      vertex 87.8856 69.5277 12.2614
      vertex 87.8856 69.5277 0
    endloop
  endfacet
  facet normal 0.42744 0.904044 0
    outer loop
      vertex 87.8856 69.5277 12.2614
      vertex 87.5307 69.6955 0
      vertex 87.5307 69.6955 12.291
    endloop
  endfacet
  facet normal 0.146733 0.989176 0
    outer loop
      vertex 86.3921 69.9807 0
      vertex 86.7804 69.9231 12.3311
      vertex 86.7804 69.9231 0
    endloop
  endfacet
  facet normal 0.146733 0.989176 0
    outer loop
      vertex 86.7804 69.9231 12.3311
      vertex 86.3921 69.9807 0
      vertex 86.3921 69.9807 12.3413
    endloop
  endfacet
  facet normal 0.146733 0.989176 0
    outer loop
      vertex 86.7804 69.9231 60
      vertex 86.3921 69.9807 14.7783
      vertex 86.3921 69.9807 60
    endloop
  endfacet
  facet normal 0.146733 0.989176 0
    outer loop
      vertex 86.3921 69.9807 14.7783
      vertex 86.7804 69.9231 60
      vertex 86.7804 69.9231 14.7681
    endloop
  endfacet
  facet normal -0.242793 0.970078 0
    outer loop
      vertex 3.21964 69.9231 14.7681
      vertex 2.83887 69.8278 60
      vertex 3.21964 69.9231 60
    endloop
  endfacet
  facet normal -0.242793 0.970078 0
    outer loop
      vertex 2.83887 69.8278 60
      vertex 3.21964 69.9231 14.7681
      vertex 2.83887 69.8278 14.7513
    endloop
  endfacet
  facet normal -0.242793 0.970078 0
    outer loop
      vertex 3.21964 69.9231 0
      vertex 2.83887 69.8278 12.3143
      vertex 3.21964 69.9231 12.3311
    endloop
  endfacet
  facet normal -0.242793 0.970078 0
    outer loop
      vertex 2.83887 69.8278 12.3143
      vertex 3.21964 69.9231 0
      vertex 2.83887 69.8278 0
    endloop
  endfacet
  facet normal -0.857743 0.514078 0
    outer loop
      vertex 0.472321 67.8856 60
      vertex 0.674118 68.2223 14.4682
      vertex 0.472321 67.8856 14.4088
    endloop
  endfacet
  facet normal -0.857743 0.514078 0
    outer loop
      vertex 0.674118 68.2223 14.4682
      vertex 0.472321 67.8856 60
      vertex 0.674118 68.2223 60
    endloop
  endfacet
  facet normal -0.857743 0.514078 0
    outer loop
      vertex 0.472321 67.8856 11.9718
      vertex 0.674118 68.2223 0
      vertex 0.472321 67.8856 0
    endloop
  endfacet
  facet normal -0.857743 0.514078 0
    outer loop
      vertex 0.674118 68.2223 0
      vertex 0.472321 67.8856 11.9718
      vertex 0.674118 68.2223 12.0312
    endloop
  endfacet
  facet normal -0.803209 0.595697 0
    outer loop
      vertex 0.674118 68.2223 60
      vertex 0.907959 68.5376 14.5238
      vertex 0.674118 68.2223 14.4682
    endloop
  endfacet
  facet normal -0.803209 0.595697 0
    outer loop
      vertex 0.907959 68.5376 14.5238
      vertex 0.674118 68.2223 60
      vertex 0.907959 68.5376 60
    endloop
  endfacet
  facet normal -0.803209 0.595697 0
    outer loop
      vertex 0.674118 68.2223 12.0312
      vertex 0.907959 68.5376 0
      vertex 0.674118 68.2223 0
    endloop
  endfacet
  facet normal -0.803209 0.595697 0
    outer loop
      vertex 0.907959 68.5376 0
      vertex 0.674118 68.2223 12.0312
      vertex 0.907959 68.5376 12.0868
    endloop
  endfacet
  facet normal -0.740894 0.671622 0
    outer loop
      vertex 0.907959 68.5376 60
      vertex 1.17157 68.8284 14.5751
      vertex 0.907959 68.5376 14.5238
    endloop
  endfacet
  facet normal -0.740894 0.671622 0
    outer loop
      vertex 1.17157 68.8284 14.5751
      vertex 0.907959 68.5376 60
      vertex 1.17157 68.8284 60
    endloop
  endfacet
  facet normal -0.740894 0.671622 0
    outer loop
      vertex 0.907959 68.5376 12.0868
      vertex 1.17157 68.8284 0
      vertex 0.907959 68.5376 0
    endloop
  endfacet
  facet normal -0.740894 0.671622 0
    outer loop
      vertex 1.17157 68.8284 0
      vertex 0.907959 68.5376 12.0868
      vertex 1.17157 68.8284 12.1381
    endloop
  endfacet
  facet normal -0.989175 0.146738 0
    outer loop
      vertex 0.0192566 66.3921 11.7085
      vertex 0.0768585 66.7804 0
      vertex 0.0192566 66.3921 0
    endloop
  endfacet
  facet normal -0.989175 0.146738 0
    outer loop
      vertex 0.0768585 66.7804 0
      vertex 0.0192566 66.3921 11.7085
      vertex 0.0768585 66.7804 11.7769
    endloop
  endfacet
  facet normal -0.989175 0.146738 0
    outer loop
      vertex 0.0192566 66.3921 60
      vertex 0.0768585 66.7804 14.214
      vertex 0.0192566 66.3921 14.1455
    endloop
  endfacet
  facet normal -0.989175 0.146738 0
    outer loop
      vertex 0.0768585 66.7804 14.214
      vertex 0.0192566 66.3921 60
      vertex 0.0768585 66.7804 60
    endloop
  endfacet
  facet normal -0.970018 0.243033 0
    outer loop
      vertex 0.0768585 66.7804 60
      vertex 0.172241 67.1611 14.2811
      vertex 0.0768585 66.7804 14.214
    endloop
  endfacet
  facet normal -0.970018 0.243033 0
    outer loop
      vertex 0.172241 67.1611 14.2811
      vertex 0.0768585 66.7804 60
      vertex 0.172241 67.1611 60
    endloop
  endfacet
  facet normal -0.970018 0.243033 0
    outer loop
      vertex 0.0768585 66.7804 11.7769
      vertex 0.172241 67.1611 0
      vertex 0.0768585 66.7804 0
    endloop
  endfacet
  facet normal -0.970018 0.243033 0
    outer loop
      vertex 0.172241 67.1611 0
      vertex 0.0768585 66.7804 11.7769
      vertex 0.172241 67.1611 11.8441
    endloop
  endfacet
  facet normal -0.941542 0.336897 0
    outer loop
      vertex 0.172241 67.1611 60
      vertex 0.304489 67.5307 14.3463
      vertex 0.172241 67.1611 14.2811
    endloop
  endfacet
  facet normal -0.941542 0.336897 0
    outer loop
      vertex 0.304489 67.5307 14.3463
      vertex 0.172241 67.1611 60
      vertex 0.304489 67.5307 60
    endloop
  endfacet
  facet normal -0.941542 0.336897 0
    outer loop
      vertex 0.172241 67.1611 11.8441
      vertex 0.304489 67.5307 0
      vertex 0.172241 67.1611 0
    endloop
  endfacet
  facet normal -0.941542 0.336897 0
    outer loop
      vertex 0.304489 67.5307 0
      vertex 0.172241 67.1611 11.8441
      vertex 0.304489 67.5307 11.9093
    endloop
  endfacet
  facet normal -0.595697 -0.803209 0
    outer loop
      vertex 1.46243 0.907959 0
      vertex 1.77773 0.674118 0.120628
      vertex 1.46243 0.907959 0.161861
    endloop
  endfacet
  facet normal -0.595697 -0.803209 -0
    outer loop
      vertex 1.77773 0.674118 0.120628
      vertex 1.46243 0.907959 0
      vertex 1.77773 0.674118 0
    endloop
  endfacet
  facet normal -0.595697 -0.803209 0
    outer loop
      vertex 1.46243 0.907959 2.59888
      vertex 1.77773 0.674118 60
      vertex 1.46243 0.907959 60
    endloop
  endfacet
  facet normal -0.595697 -0.803209 -0
    outer loop
      vertex 1.77773 0.674118 60
      vertex 1.46243 0.907959 2.59888
      vertex 1.77773 0.674118 2.55765
    endloop
  endfacet
  facet normal -0.970029 -0.242991 -0
    outer loop
      vertex 0.172241 2.83887 60
      vertex 0.0768585 3.21964 3.00649
      vertex 0.172241 2.83887 2.93936
    endloop
  endfacet
  facet normal -0.970029 -0.242991 0
    outer loop
      vertex 0.0768585 3.21964 3.00649
      vertex 0.172241 2.83887 60
      vertex 0.0768585 3.21964 60
    endloop
  endfacet
  facet normal -0.970029 -0.242991 -0
    outer loop
      vertex 0.172241 2.83887 0.502332
      vertex 0.0768585 3.21964 0
      vertex 0.172241 2.83887 0
    endloop
  endfacet
  facet normal -0.970029 -0.242991 0
    outer loop
      vertex 0.0768585 3.21964 0
      vertex 0.172241 2.83887 0.502332
      vertex 0.0768585 3.21964 0.569472
    endloop
  endfacet
  facet normal -0.989175 -0.146742 -0
    outer loop
      vertex 0.0768585 3.21964 60
      vertex 0.0192566 3.60793 3.07496
      vertex 0.0768585 3.21964 3.00649
    endloop
  endfacet
  facet normal -0.989175 -0.146742 0
    outer loop
      vertex 0.0192566 3.60793 3.07496
      vertex 0.0768585 3.21964 60
      vertex 0.0192566 3.60793 60
    endloop
  endfacet
  facet normal -0.989175 -0.146742 -0
    outer loop
      vertex 0.0768585 3.21964 0.569472
      vertex 0.0192566 3.60793 0
      vertex 0.0768585 3.21964 0
    endloop
  endfacet
  facet normal -0.989175 -0.146742 0
    outer loop
      vertex 0.0192566 3.60793 0
      vertex 0.0768585 3.21964 0.569472
      vertex 0.0192566 3.60793 0.637938
    endloop
  endfacet
  facet normal -0.336897 -0.941542 0
    outer loop
      vertex 2.46927 0.304489 0
      vertex 2.83887 0.172241 0.0321339
      vertex 2.46927 0.304489 0.0554528
    endloop
  endfacet
  facet normal -0.336897 -0.941542 -0
    outer loop
      vertex 2.83887 0.172241 0.0321339
      vertex 2.46927 0.304489 0
      vertex 2.83887 0.172241 0
    endloop
  endfacet
  facet normal -0.336897 -0.941542 0
    outer loop
      vertex 2.46927 0.304489 2.49248
      vertex 2.83887 0.172241 60
      vertex 2.46927 0.304489 60
    endloop
  endfacet
  facet normal -0.336897 -0.941542 -0
    outer loop
      vertex 2.83887 0.172241 60
      vertex 2.46927 0.304489 2.49248
      vertex 2.83887 0.172241 2.46916
    endloop
  endfacet
  facet normal 0.904044 0.42744 0
    outer loop
      vertex 89.6955 67.5307 60
      vertex 89.5277 67.8856 14.4088
      vertex 89.5277 67.8856 60
    endloop
  endfacet
  facet normal 0.904044 0.42744 0
    outer loop
      vertex 89.5277 67.8856 14.4088
      vertex 89.6955 67.5307 60
      vertex 89.6955 67.5307 14.3463
    endloop
  endfacet
  facet normal 0.904044 0.42744 0
    outer loop
      vertex 89.6955 67.5307 11.9093
      vertex 89.5277 67.8856 0
      vertex 89.5277 67.8856 11.9718
    endloop
  endfacet
  facet normal 0.904044 0.42744 0
    outer loop
      vertex 89.5277 67.8856 0
      vertex 89.6955 67.5307 11.9093
      vertex 89.6955 67.5307 0
    endloop
  endfacet
  facet normal 0.904025 -0.42748 0
    outer loop
      vertex 89.5277 2.11441 0.374591
      vertex 89.6955 2.46927 0
      vertex 89.6955 2.46927 0.437162
    endloop
  endfacet
  facet normal 0.904025 -0.42748 0
    outer loop
      vertex 89.6955 2.46927 0
      vertex 89.5277 2.11441 0.374591
      vertex 89.5277 2.11441 0
    endloop
  endfacet
  facet normal 0.904025 -0.42748 0
    outer loop
      vertex 89.5277 2.11441 60
      vertex 89.6955 2.46927 2.87418
      vertex 89.6955 2.46927 60
    endloop
  endfacet
  facet normal 0.904025 -0.42748 0
    outer loop
      vertex 89.6955 2.46927 2.87418
      vertex 89.5277 2.11441 60
      vertex 89.5277 2.11441 2.81161
    endloop
  endfacet
  facet normal 0.740977 -0.671531 0
    outer loop
      vertex 88.8284 1.17157 60
      vertex 89.092 1.46243 2.69665
      vertex 89.092 1.46243 60
    endloop
  endfacet
  facet normal 0.740977 -0.671531 0
    outer loop
      vertex 89.092 1.46243 2.69665
      vertex 88.8284 1.17157 60
      vertex 88.8284 1.17157 2.64537
    endloop
  endfacet
  facet normal 0.740977 -0.671531 0
    outer loop
      vertex 88.8284 1.17157 0.208343
      vertex 89.092 1.46243 0
      vertex 89.092 1.46243 0.25963
    endloop
  endfacet
  facet normal 0.740977 -0.671531 0
    outer loop
      vertex 89.092 1.46243 0
      vertex 88.8284 1.17157 0.208343
      vertex 88.8284 1.17157 0
    endloop
  endfacet
  facet normal -0.337014 0.9415 0
    outer loop
      vertex 2.83887 69.8278 14.7513
      vertex 2.46927 69.6955 60
      vertex 2.83887 69.8278 60
    endloop
  endfacet
  facet normal -0.337014 0.9415 0
    outer loop
      vertex 2.46927 69.6955 60
      vertex 2.83887 69.8278 14.7513
      vertex 2.46927 69.6955 14.728
    endloop
  endfacet
  facet normal -0.337014 0.9415 0
    outer loop
      vertex 2.83887 69.8278 0
      vertex 2.46927 69.6955 12.291
      vertex 2.83887 69.8278 12.3143
    endloop
  endfacet
  facet normal -0.337014 0.9415 0
    outer loop
      vertex 2.46927 69.6955 12.291
      vertex 2.83887 69.8278 0
      vertex 2.46927 69.6955 0
    endloop
  endfacet
  facet normal -0.671546 -0.740963 0
    outer loop
      vertex 1.17157 1.17157 0
      vertex 1.46243 0.907959 0.161861
      vertex 1.17157 1.17157 0.208343
    endloop
  endfacet
  facet normal -0.671546 -0.740963 -0
    outer loop
      vertex 1.46243 0.907959 0.161861
      vertex 1.17157 1.17157 0
      vertex 1.46243 0.907959 0
    endloop
  endfacet
  facet normal -0.671546 -0.740963 0
    outer loop
      vertex 1.17157 1.17157 2.64537
      vertex 1.46243 0.907959 60
      vertex 1.17157 1.17157 60
    endloop
  endfacet
  facet normal -0.671546 -0.740963 -0
    outer loop
      vertex 1.46243 0.907959 60
      vertex 1.17157 1.17157 2.64537
      vertex 1.46243 0.907959 2.59888
    endloop
  endfacet
  facet normal -0.903994 -0.427546 -0
    outer loop
      vertex 0.472321 2.11441 60
      vertex 0.304489 2.46927 2.87418
      vertex 0.472321 2.11441 2.81161
    endloop
  endfacet
  facet normal -0.903994 -0.427546 0
    outer loop
      vertex 0.304489 2.46927 2.87418
      vertex 0.472321 2.11441 60
      vertex 0.304489 2.46927 60
    endloop
  endfacet
  facet normal -0.903994 -0.427546 -0
    outer loop
      vertex 0.472321 2.11441 0.374591
      vertex 0.304489 2.46927 0
      vertex 0.472321 2.11441 0
    endloop
  endfacet
  facet normal -0.903994 -0.427546 0
    outer loop
      vertex 0.304489 2.46927 0
      vertex 0.472321 2.11441 0.374591
      vertex 0.304489 2.46927 0.437162
    endloop
  endfacet
  facet normal 0.970068 0.242835 0
    outer loop
      vertex 89.9231 66.7804 60
      vertex 89.8278 67.1611 14.2811
      vertex 89.8278 67.1611 60
    endloop
  endfacet
  facet normal 0.970068 0.242835 0
    outer loop
      vertex 89.8278 67.1611 14.2811
      vertex 89.9231 66.7804 60
      vertex 89.9231 66.7804 14.214
    endloop
  endfacet
  facet normal 0.970068 0.242835 0
    outer loop
      vertex 89.9231 66.7804 11.7769
      vertex 89.8278 67.1611 0
      vertex 89.8278 67.1611 11.8441
    endloop
  endfacet
  facet normal 0.970068 0.242835 0
    outer loop
      vertex 89.8278 67.1611 0
      vertex 89.9231 66.7804 11.7769
      vertex 89.9231 66.7804 0
    endloop
  endfacet
  facet normal 0.989176 0.146733 0
    outer loop
      vertex 89.9807 66.3921 60
      vertex 89.9231 66.7804 14.214
      vertex 89.9231 66.7804 60
    endloop
  endfacet
  facet normal 0.989176 0.146733 0
    outer loop
      vertex 89.9231 66.7804 14.214
      vertex 89.9807 66.3921 60
      vertex 89.9807 66.3921 14.1455
    endloop
  endfacet
  facet normal 0.989176 0.146733 0
    outer loop
      vertex 89.9807 66.3921 11.7085
      vertex 89.9231 66.7804 0
      vertex 89.9231 66.7804 11.7769
    endloop
  endfacet
  facet normal 0.989176 0.146733 0
    outer loop
      vertex 89.9231 66.7804 0
      vertex 89.9807 66.3921 11.7085
      vertex 89.9807 66.3921 0
    endloop
  endfacet
  facet normal 0.998791 0.0491626 0
    outer loop
      vertex 90 66 60
      vertex 89.9807 66.3921 14.1455
      vertex 89.9807 66.3921 60
    endloop
  endfacet
  facet normal 0.998791 0.0491626 0
    outer loop
      vertex 89.9807 66.3921 14.1455
      vertex 90 66 60
      vertex 90 66 14.0764
    endloop
  endfacet
  facet normal 0.998791 0.0491626 0
    outer loop
      vertex 90 66 11.6393
      vertex 89.9807 66.3921 0
      vertex 89.9807 66.3921 11.7085
    endloop
  endfacet
  facet normal 0.998791 0.0491626 0
    outer loop
      vertex 89.9807 66.3921 0
      vertex 90 66 11.6393
      vertex 90 66 0
    endloop
  endfacet
  facet normal 0.740908 0.671607 0
    outer loop
      vertex 89.092 68.5376 12.0868
      vertex 88.8284 68.8284 0
      vertex 88.8284 68.8284 12.1381
    endloop
  endfacet
  facet normal 0.740908 0.671607 0
    outer loop
      vertex 88.8284 68.8284 0
      vertex 89.092 68.5376 12.0868
      vertex 89.092 68.5376 0
    endloop
  endfacet
  facet normal 0.740908 0.671607 0
    outer loop
      vertex 89.092 68.5376 60
      vertex 88.8284 68.8284 14.5751
      vertex 88.8284 68.8284 60
    endloop
  endfacet
  facet normal 0.740908 0.671607 0
    outer loop
      vertex 88.8284 68.8284 14.5751
      vertex 89.092 68.5376 60
      vertex 89.092 68.5376 14.5238
    endloop
  endfacet
  facet normal 0.803137 0.595794 0
    outer loop
      vertex 89.3259 68.2223 60
      vertex 89.092 68.5376 14.5238
      vertex 89.092 68.5376 60
    endloop
  endfacet
  facet normal 0.803137 0.595794 0
    outer loop
      vertex 89.092 68.5376 14.5238
      vertex 89.3259 68.2223 60
      vertex 89.3259 68.2223 14.4682
    endloop
  endfacet
  facet normal 0.803137 0.595794 0
    outer loop
      vertex 89.3259 68.2223 12.0312
      vertex 89.092 68.5376 0
      vertex 89.092 68.5376 12.0868
    endloop
  endfacet
  facet normal 0.803137 0.595794 0
    outer loop
      vertex 89.092 68.5376 0
      vertex 89.3259 68.2223 12.0312
      vertex 89.3259 68.2223 0
    endloop
  endfacet
  facet normal 0.85774 0.514084 0
    outer loop
      vertex 89.5277 67.8856 60
      vertex 89.3259 68.2223 14.4682
      vertex 89.3259 68.2223 60
    endloop
  endfacet
  facet normal 0.85774 0.514084 0
    outer loop
      vertex 89.3259 68.2223 14.4682
      vertex 89.5277 67.8856 60
      vertex 89.5277 67.8856 14.4088
    endloop
  endfacet
  facet normal 0.85774 0.514084 0
    outer loop
      vertex 89.5277 67.8856 11.9718
      vertex 89.3259 68.2223 0
      vertex 89.3259 68.2223 12.0312
    endloop
  endfacet
  facet normal 0.85774 0.514084 0
    outer loop
      vertex 89.3259 68.2223 0
      vertex 89.5277 67.8856 11.9718
      vertex 89.5277 67.8856 0
    endloop
  endfacet
  facet normal 0.514078 -0.857743 0
    outer loop
      vertex 87.8856 0.472321 60
      vertex 88.2223 0.674118 2.55765
      vertex 88.2223 0.674118 60
    endloop
  endfacet
  facet normal 0.514078 -0.857743 0
    outer loop
      vertex 88.2223 0.674118 2.55765
      vertex 87.8856 0.472321 60
      vertex 87.8856 0.472321 2.52207
    endloop
  endfacet
  facet normal 0.514078 -0.857743 0
    outer loop
      vertex 88.2223 0.674118 0
      vertex 87.8856 0.472321 0.085046
      vertex 87.8856 0.472321 0
    endloop
  endfacet
  facet normal 0.514078 -0.857743 0
    outer loop
      vertex 87.8856 0.472321 0.085046
      vertex 88.2223 0.674118 0
      vertex 88.2223 0.674118 0.120628
    endloop
  endfacet
  facet normal -0.514106 0.857727 0
    outer loop
      vertex 2.11441 69.5277 14.6984
      vertex 1.77773 69.3259 60
      vertex 2.11441 69.5277 60
    endloop
  endfacet
  facet normal -0.514106 0.857727 0
    outer loop
      vertex 1.77773 69.3259 60
      vertex 2.11441 69.5277 14.6984
      vertex 1.77773 69.3259 14.6628
    endloop
  endfacet
  facet normal -0.514106 0.857727 0
    outer loop
      vertex 2.11441 69.5277 0
      vertex 1.77773 69.3259 12.2258
      vertex 2.11441 69.5277 12.2614
    endloop
  endfacet
  facet normal -0.514106 0.857727 0
    outer loop
      vertex 1.77773 69.3259 12.2258
      vertex 2.11441 69.5277 0
      vertex 1.77773 69.3259 0
    endloop
  endfacet
  facet normal -0.42748 0.904025 0
    outer loop
      vertex 2.46927 69.6955 14.728
      vertex 2.11441 69.5277 60
      vertex 2.46927 69.6955 60
    endloop
  endfacet
  facet normal -0.42748 0.904025 0
    outer loop
      vertex 2.11441 69.5277 60
      vertex 2.46927 69.6955 14.728
      vertex 2.11441 69.5277 14.6984
    endloop
  endfacet
  facet normal -0.42748 0.904025 0
    outer loop
      vertex 2.46927 69.6955 0
      vertex 2.11441 69.5277 12.2614
      vertex 2.46927 69.6955 12.291
    endloop
  endfacet
  facet normal -0.42748 0.904025 0
    outer loop
      vertex 2.11441 69.5277 12.2614
      vertex 2.46927 69.6955 0
      vertex 2.11441 69.5277 0
    endloop
  endfacet
  facet normal 0.9415 0.337014 0
    outer loop
      vertex 89.8278 67.1611 60
      vertex 89.6955 67.5307 14.3463
      vertex 89.6955 67.5307 60
    endloop
  endfacet
  facet normal 0.9415 0.337014 0
    outer loop
      vertex 89.6955 67.5307 14.3463
      vertex 89.8278 67.1611 60
      vertex 89.8278 67.1611 14.2811
    endloop
  endfacet
  facet normal 0.9415 0.337014 0
    outer loop
      vertex 89.8278 67.1611 11.8441
      vertex 89.6955 67.5307 0
      vertex 89.6955 67.5307 11.9093
    endloop
  endfacet
  facet normal 0.9415 0.337014 0
    outer loop
      vertex 89.6955 67.5307 0
      vertex 89.8278 67.1611 11.8441
      vertex 89.8278 67.1611 0
    endloop
  endfacet
  facet normal 0.427507 -0.904012 0
    outer loop
      vertex 87.5307 0.304489 60
      vertex 87.8856 0.472321 2.52207
      vertex 87.8856 0.472321 60
    endloop
  endfacet
  facet normal 0.427507 -0.904012 0
    outer loop
      vertex 87.8856 0.472321 2.52207
      vertex 87.5307 0.304489 60
      vertex 87.5307 0.304489 2.49248
    endloop
  endfacet
  facet normal 0.427507 -0.904012 0
    outer loop
      vertex 87.8856 0.472321 0
      vertex 87.5307 0.304489 0.0554528
      vertex 87.5307 0.304489 0
    endloop
  endfacet
  facet normal 0.427507 -0.904012 0
    outer loop
      vertex 87.5307 0.304489 0.0554528
      vertex 87.8856 0.472321 0
      vertex 87.8856 0.472321 0.085046
    endloop
  endfacet
  facet normal 0.970078 -0.242793 0
    outer loop
      vertex 89.8278 2.83887 60
      vertex 89.9231 3.21964 3.00649
      vertex 89.9231 3.21964 60
    endloop
  endfacet
  facet normal 0.970078 -0.242793 0
    outer loop
      vertex 89.9231 3.21964 3.00649
      vertex 89.8278 2.83887 60
      vertex 89.8278 2.83887 2.93936
    endloop
  endfacet
  facet normal 0.970078 -0.242793 0
    outer loop
      vertex 89.8278 2.83887 0.502332
      vertex 89.9231 3.21964 0
      vertex 89.9231 3.21964 0.569472
    endloop
  endfacet
  facet normal 0.970078 -0.242793 0
    outer loop
      vertex 89.9231 3.21964 0
      vertex 89.8278 2.83887 0.502332
      vertex 89.8278 2.83887 0
    endloop
  endfacet
  facet normal 0.998791 -0.0491664 0
    outer loop
      vertex 89.9807 3.60793 0.637938
      vertex 90 4 0
      vertex 90 4 0.707071
    endloop
  endfacet
  facet normal 0.998791 -0.0491664 0
    outer loop
      vertex 90 4 0
      vertex 89.9807 3.60793 0.637938
      vertex 89.9807 3.60793 0
    endloop
  endfacet
  facet normal 0.998791 -0.0491664 0
    outer loop
      vertex 89.9807 3.60793 60
      vertex 90 4 3.14409
      vertex 90 4 60
    endloop
  endfacet
  facet normal 0.998791 -0.0491664 0
    outer loop
      vertex 90 4 3.14409
      vertex 89.9807 3.60793 60
      vertex 89.9807 3.60793 3.07496
    endloop
  endfacet
  facet normal 0.9415 -0.337014 0
    outer loop
      vertex 89.6955 2.46927 0.437162
      vertex 89.8278 2.83887 0
      vertex 89.8278 2.83887 0.502332
    endloop
  endfacet
  facet normal 0.9415 -0.337014 0
    outer loop
      vertex 89.8278 2.83887 0
      vertex 89.6955 2.46927 0.437162
      vertex 89.6955 2.46927 0
    endloop
  endfacet
  facet normal 0.9415 -0.337014 0
    outer loop
      vertex 89.6955 2.46927 60
      vertex 89.8278 2.83887 2.93936
      vertex 89.8278 2.83887 60
    endloop
  endfacet
  facet normal 0.9415 -0.337014 0
    outer loop
      vertex 89.8278 2.83887 2.93936
      vertex 89.6955 2.46927 60
      vertex 89.6955 2.46927 2.87418
    endloop
  endfacet
  facet normal 0.857727 -0.514106 0
    outer loop
      vertex 89.3259 1.77773 60
      vertex 89.5277 2.11441 2.81161
      vertex 89.5277 2.11441 60
    endloop
  endfacet
  facet normal 0.857727 -0.514106 0
    outer loop
      vertex 89.5277 2.11441 2.81161
      vertex 89.3259 1.77773 60
      vertex 89.3259 1.77773 2.75225
    endloop
  endfacet
  facet normal 0.857727 -0.514106 0
    outer loop
      vertex 89.3259 1.77773 0.315224
      vertex 89.5277 2.11441 0
      vertex 89.5277 2.11441 0.374591
    endloop
  endfacet
  facet normal 0.857727 -0.514106 0
    outer loop
      vertex 89.5277 2.11441 0
      vertex 89.3259 1.77773 0.315224
      vertex 89.3259 1.77773 0
    endloop
  endfacet
  facet normal 0.803137 -0.595794 0
    outer loop
      vertex 89.092 1.46243 60
      vertex 89.3259 1.77773 2.75225
      vertex 89.3259 1.77773 60
    endloop
  endfacet
  facet normal 0.803137 -0.595794 0
    outer loop
      vertex 89.3259 1.77773 2.75225
      vertex 89.092 1.46243 60
      vertex 89.092 1.46243 2.69665
    endloop
  endfacet
  facet normal 0.803137 -0.595794 0
    outer loop
      vertex 89.092 1.46243 0.25963
      vertex 89.3259 1.77773 0
      vertex 89.3259 1.77773 0.315224
    endloop
  endfacet
  facet normal 0.803137 -0.595794 0
    outer loop
      vertex 89.3259 1.77773 0
      vertex 89.092 1.46243 0.25963
      vertex 89.092 1.46243 0
    endloop
  endfacet
  facet normal 0.671622 -0.740894 0
    outer loop
      vertex 88.5376 0.907959 60
      vertex 88.8284 1.17157 2.64537
      vertex 88.8284 1.17157 60
    endloop
  endfacet
  facet normal 0.671622 -0.740894 0
    outer loop
      vertex 88.8284 1.17157 2.64537
      vertex 88.5376 0.907959 60
      vertex 88.5376 0.907959 2.59888
    endloop
  endfacet
  facet normal 0.671622 -0.740894 0
    outer loop
      vertex 88.8284 1.17157 0
      vertex 88.5376 0.907959 0.161861
      vertex 88.5376 0.907959 0
    endloop
  endfacet
  facet normal 0.671622 -0.740894 0
    outer loop
      vertex 88.5376 0.907959 0.161861
      vertex 88.8284 1.17157 0
      vertex 88.8284 1.17157 0.208343
    endloop
  endfacet
  facet normal 0.989176 -0.146737 0
    outer loop
      vertex 89.9231 3.21964 60
      vertex 89.9807 3.60793 3.07496
      vertex 89.9807 3.60793 60
    endloop
  endfacet
  facet normal 0.989176 -0.146737 0
    outer loop
      vertex 89.9807 3.60793 3.07496
      vertex 89.9231 3.21964 60
      vertex 89.9231 3.21964 3.00649
    endloop
  endfacet
  facet normal 0.989176 -0.146737 0
    outer loop
      vertex 89.9231 3.21964 0.569472
      vertex 89.9807 3.60793 0
      vertex 89.9807 3.60793 0.637938
    endloop
  endfacet
  facet normal 0.989176 -0.146737 0
    outer loop
      vertex 89.9807 3.60793 0
      vertex 89.9231 3.21964 0.569472
      vertex 89.9231 3.21964 0
    endloop
  endfacet
  facet normal -0.0490735 0.998795 0
    outer loop
      vertex 85.796 2.40963 2.86367
      vertex 85.6 2.4 60
      vertex 85.796 2.40963 60
    endloop
  endfacet
  facet normal -0.0490735 0.998795 0
    outer loop
      vertex 85.6 2.4 60
      vertex 85.796 2.40963 2.86367
      vertex 85.6 2.4 2.86197
    endloop
  endfacet
  facet normal -0.146746 0.989174 0
    outer loop
      vertex 85.9902 2.43844 2.86875
      vertex 85.796 2.40963 60
      vertex 85.9902 2.43844 60
    endloop
  endfacet
  facet normal -0.146746 0.989174 0
    outer loop
      vertex 85.796 2.40963 60
      vertex 85.9902 2.43844 2.86875
      vertex 85.796 2.40963 2.86367
    endloop
  endfacet
  facet normal 0.0489135 -0.998803 0
    outer loop
      vertex 4.20397 67.5904 2.4
      vertex 4.4 67.6 11.9215
      vertex 4.20397 67.5904 11.9198
    endloop
  endfacet
  facet normal 0.0489135 -0.998803 0
    outer loop
      vertex 4.4 67.6 11.9215
      vertex 4.20397 67.5904 2.4
      vertex 4.4 67.6 2.4
    endloop
  endfacet
  facet normal 0.0489135 -0.998803 0
    outer loop
      vertex 4.20397 67.5904 60
      vertex 4.4 67.6 14.3585
      vertex 4.4 67.6 60
    endloop
  endfacet
  facet normal 0.0489135 -0.998803 0
    outer loop
      vertex 4.4 67.6 14.3585
      vertex 4.20397 67.5904 60
      vertex 4.20397 67.5904 14.3568
    endloop
  endfacet
  facet normal 0.595711 0.803199 0
    outer loop
      vertex 3.28885 2.73707 60
      vertex 3.13122 2.85398 2.94202
      vertex 3.13122 2.85398 60
    endloop
  endfacet
  facet normal 0.595711 0.803199 0
    outer loop
      vertex 3.13122 2.85398 2.94202
      vertex 3.28885 2.73707 60
      vertex 3.28885 2.73707 2.9214
    endloop
  endfacet
  facet normal -0.0489209 -0.998803 0
    outer loop
      vertex 85.6 67.6 2.4
      vertex 85.796 67.5904 11.9198
      vertex 85.6 67.6 11.9215
    endloop
  endfacet
  facet normal -0.0489209 -0.998803 -0
    outer loop
      vertex 85.796 67.5904 11.9198
      vertex 85.6 67.6 2.4
      vertex 85.796 67.5904 2.4
    endloop
  endfacet
  facet normal -0.0489209 -0.998803 0
    outer loop
      vertex 85.6 67.6 14.3585
      vertex 85.796 67.5904 60
      vertex 85.6 67.6 60
    endloop
  endfacet
  facet normal -0.0489209 -0.998803 -0
    outer loop
      vertex 85.796 67.5904 60
      vertex 85.6 67.6 14.3585
      vertex 85.796 67.5904 14.3568
    endloop
  endfacet
  facet normal 0.803325 -0.595541 0
    outer loop
      vertex 2.73707 66.7111 11.7647
      vertex 2.85398 66.8688 2.4
      vertex 2.85398 66.8688 11.7925
    endloop
  endfacet
  facet normal 0.803325 -0.595541 0
    outer loop
      vertex 2.85398 66.8688 2.4
      vertex 2.73707 66.7111 11.7647
      vertex 2.73707 66.7111 2.4
    endloop
  endfacet
  facet normal 0.803325 -0.595541 0
    outer loop
      vertex 2.73707 66.7111 60
      vertex 2.85398 66.8688 14.2296
      vertex 2.85398 66.8688 60
    endloop
  endfacet
  facet normal 0.803325 -0.595541 0
    outer loop
      vertex 2.85398 66.8688 14.2296
      vertex 2.73707 66.7111 60
      vertex 2.73707 66.7111 14.2018
    endloop
  endfacet
  facet normal 0.671505 0.741 0
    outer loop
      vertex 3.13122 2.85398 60
      vertex 2.98578 2.98578 2.96526
      vertex 2.98578 2.98578 60
    endloop
  endfacet
  facet normal 0.671505 0.741 0
    outer loop
      vertex 2.98578 2.98578 2.96526
      vertex 3.13122 2.85398 60
      vertex 3.13122 2.85398 2.94202
    endloop
  endfacet
  facet normal 0.049066 0.998796 0
    outer loop
      vertex 4.4 2.4 60
      vertex 4.20397 2.40963 2.86367
      vertex 4.20397 2.40963 60
    endloop
  endfacet
  facet normal 0.049066 0.998796 0
    outer loop
      vertex 4.20397 2.40963 2.86367
      vertex 4.4 2.4 60
      vertex 4.4 2.4 2.86197
    endloop
  endfacet
  facet normal 0 1 -0
    outer loop
      vertex 28.2 2.4 2.86197
      vertex 25.2 2.4 32.4
      vertex 28.2 2.4 32.4
    endloop
  endfacet
  facet normal 0 1 0
    outer loop
      vertex 25.2 2.4 32.4
      vertex 28.2 2.4 2.86197
      vertex 25.2 2.4 2.86197
    endloop
  endfacet
  facet normal 0 1 -0
    outer loop
      vertex 32.4 2.4 2.86197
      vertex 29.4 2.4 32.4
      vertex 32.4 2.4 32.4
    endloop
  endfacet
  facet normal 0 1 0
    outer loop
      vertex 29.4 2.4 32.4
      vertex 32.4 2.4 2.86197
      vertex 29.4 2.4 2.86197
    endloop
  endfacet
  facet normal 0 1 -0
    outer loop
      vertex 36.6 2.4 2.86197
      vertex 33.6 2.4 32.4
      vertex 36.6 2.4 32.4
    endloop
  endfacet
  facet normal 0 1 0
    outer loop
      vertex 33.6 2.4 32.4
      vertex 36.6 2.4 2.86197
      vertex 33.6 2.4 2.86197
    endloop
  endfacet
  facet normal 0 1 -0
    outer loop
      vertex 40.8 2.4 2.86197
      vertex 37.8 2.4 32.4
      vertex 40.8 2.4 32.4
    endloop
  endfacet
  facet normal 0 1 0
    outer loop
      vertex 37.8 2.4 32.4
      vertex 40.8 2.4 2.86197
      vertex 37.8 2.4 2.86197
    endloop
  endfacet
  facet normal 0 1 -0
    outer loop
      vertex 45 2.4 2.86197
      vertex 42 2.4 32.4
      vertex 45 2.4 32.4
    endloop
  endfacet
  facet normal 0 1 0
    outer loop
      vertex 42 2.4 32.4
      vertex 45 2.4 2.86197
      vertex 42 2.4 2.86197
    endloop
  endfacet
  facet normal 0 1 -0
    outer loop
      vertex 49.2 2.4 2.86197
      vertex 46.2 2.4 32.4
      vertex 49.2 2.4 32.4
    endloop
  endfacet
  facet normal 0 1 0
    outer loop
      vertex 46.2 2.4 32.4
      vertex 49.2 2.4 2.86197
      vertex 46.2 2.4 2.86197
    endloop
  endfacet
  facet normal 0 1 -0
    outer loop
      vertex 53.4 2.4 2.86197
      vertex 50.4 2.4 32.4
      vertex 53.4 2.4 32.4
    endloop
  endfacet
  facet normal 0 1 0
    outer loop
      vertex 50.4 2.4 32.4
      vertex 53.4 2.4 2.86197
      vertex 50.4 2.4 2.86197
    endloop
  endfacet
  facet normal 0 1 -0
    outer loop
      vertex 57.6 2.4 2.86197
      vertex 54.6 2.4 32.4
      vertex 57.6 2.4 32.4
    endloop
  endfacet
  facet normal 0 1 0
    outer loop
      vertex 54.6 2.4 32.4
      vertex 57.6 2.4 2.86197
      vertex 54.6 2.4 2.86197
    endloop
  endfacet
  facet normal 0 1 -0
    outer loop
      vertex 61.8 2.4 2.86197
      vertex 58.8 2.4 32.4
      vertex 61.8 2.4 32.4
    endloop
  endfacet
  facet normal 0 1 0
    outer loop
      vertex 58.8 2.4 32.4
      vertex 61.8 2.4 2.86197
      vertex 58.8 2.4 2.86197
    endloop
  endfacet
  facet normal 0 1 -0
    outer loop
      vertex 66 2.4 2.86197
      vertex 63 2.4 32.4
      vertex 66 2.4 32.4
    endloop
  endfacet
  facet normal 0 1 0
    outer loop
      vertex 63 2.4 32.4
      vertex 66 2.4 2.86197
      vertex 63 2.4 2.86197
    endloop
  endfacet
  facet normal 0 1 -0
    outer loop
      vertex 70.2 2.4 2.86197
      vertex 67.2 2.4 32.4
      vertex 70.2 2.4 32.4
    endloop
  endfacet
  facet normal 0 1 0
    outer loop
      vertex 67.2 2.4 32.4
      vertex 70.2 2.4 2.86197
      vertex 67.2 2.4 2.86197
    endloop
  endfacet
  facet normal 0 1 0
    outer loop
      vertex 70.2 2.4 32.4
      vertex 85.6 2.4 60
      vertex 71.4 2.4 32.4
    endloop
  endfacet
  facet normal 0 1 -0
    outer loop
      vertex 85.6 2.4 2.86197
      vertex 71.4 2.4 32.4
      vertex 85.6 2.4 60
    endloop
  endfacet
  facet normal 0 1 0
    outer loop
      vertex 71.4 2.4 32.4
      vertex 85.6 2.4 2.86197
      vertex 71.4 2.4 2.86197
    endloop
  endfacet
  facet normal 0 1 0
    outer loop
      vertex 67.2 2.4 32.4
      vertex 85.6 2.4 60
      vertex 70.2 2.4 32.4
    endloop
  endfacet
  facet normal 0 1 0
    outer loop
      vertex 66 2.4 32.4
      vertex 85.6 2.4 60
      vertex 67.2 2.4 32.4
    endloop
  endfacet
  facet normal 0 1 0
    outer loop
      vertex 63 2.4 32.4
      vertex 85.6 2.4 60
      vertex 66 2.4 32.4
    endloop
  endfacet
  facet normal 0 1 0
    outer loop
      vertex 61.8 2.4 32.4
      vertex 85.6 2.4 60
      vertex 63 2.4 32.4
    endloop
  endfacet
  facet normal 0 1 0
    outer loop
      vertex 58.8 2.4 32.4
      vertex 85.6 2.4 60
      vertex 61.8 2.4 32.4
    endloop
  endfacet
  facet normal 0 1 0
    outer loop
      vertex 57.6 2.4 32.4
      vertex 85.6 2.4 60
      vertex 58.8 2.4 32.4
    endloop
  endfacet
  facet normal 0 1 0
    outer loop
      vertex 54.6 2.4 32.4
      vertex 85.6 2.4 60
      vertex 57.6 2.4 32.4
    endloop
  endfacet
  facet normal 0 1 0
    outer loop
      vertex 53.4 2.4 32.4
      vertex 85.6 2.4 60
      vertex 54.6 2.4 32.4
    endloop
  endfacet
  facet normal 0 1 0
    outer loop
      vertex 50.4 2.4 32.4
      vertex 85.6 2.4 60
      vertex 53.4 2.4 32.4
    endloop
  endfacet
  facet normal 0 1 0
    outer loop
      vertex 49.2 2.4 32.4
      vertex 85.6 2.4 60
      vertex 50.4 2.4 32.4
    endloop
  endfacet
  facet normal 0 1 0
    outer loop
      vertex 46.2 2.4 32.4
      vertex 85.6 2.4 60
      vertex 49.2 2.4 32.4
    endloop
  endfacet
  facet normal 0 1 0
    outer loop
      vertex 45 2.4 32.4
      vertex 85.6 2.4 60
      vertex 46.2 2.4 32.4
    endloop
  endfacet
  facet normal 0 1 0
    outer loop
      vertex 85.6 2.4 60
      vertex 45 2.4 32.4
      vertex 4.4 2.4 60
    endloop
  endfacet
  facet normal 0 1 -0
    outer loop
      vertex 42 2.4 32.4
      vertex 4.4 2.4 60
      vertex 45 2.4 32.4
    endloop
  endfacet
  facet normal 0 1 -0
    outer loop
      vertex 40.8 2.4 32.4
      vertex 4.4 2.4 60
      vertex 42 2.4 32.4
    endloop
  endfacet
  facet normal 0 1 -0
    outer loop
      vertex 37.8 2.4 32.4
      vertex 4.4 2.4 60
      vertex 40.8 2.4 32.4
    endloop
  endfacet
  facet normal 0 1 -0
    outer loop
      vertex 36.6 2.4 32.4
      vertex 4.4 2.4 60
      vertex 37.8 2.4 32.4
    endloop
  endfacet
  facet normal 0 1 -0
    outer loop
      vertex 33.6 2.4 32.4
      vertex 4.4 2.4 60
      vertex 36.6 2.4 32.4
    endloop
  endfacet
  facet normal 0 1 -0
    outer loop
      vertex 32.4 2.4 32.4
      vertex 4.4 2.4 60
      vertex 33.6 2.4 32.4
    endloop
  endfacet
  facet normal 0 1 -0
    outer loop
      vertex 29.4 2.4 32.4
      vertex 4.4 2.4 60
      vertex 32.4 2.4 32.4
    endloop
  endfacet
  facet normal 0 1 -0
    outer loop
      vertex 28.2 2.4 32.4
      vertex 4.4 2.4 60
      vertex 29.4 2.4 32.4
    endloop
  endfacet
  facet normal 0 1 -0
    outer loop
      vertex 25.2 2.4 32.4
      vertex 4.4 2.4 60
      vertex 28.2 2.4 32.4
    endloop
  endfacet
  facet normal 0 1 -0
    outer loop
      vertex 24 2.4 32.4
      vertex 4.4 2.4 60
      vertex 25.2 2.4 32.4
    endloop
  endfacet
  facet normal 0 1 0
    outer loop
      vertex 4.4 2.4 2.86197
      vertex 24 2.4 32.4
      vertex 24 2.4 2.86197
    endloop
  endfacet
  facet normal 0 1 0
    outer loop
      vertex 24 2.4 32.4
      vertex 4.4 2.4 2.86197
      vertex 4.4 2.4 60
    endloop
  endfacet
  facet normal 0 -1 0
    outer loop
      vertex 61.8 2.4 2.4
      vertex 63 2.4 2.86197
      vertex 61.8 2.4 2.86197
    endloop
  endfacet
  facet normal 0 -1 -0
    outer loop
      vertex 63 2.4 2.86197
      vertex 61.8 2.4 2.4
      vertex 63 2.4 2.4
    endloop
  endfacet
  facet normal 0 -1 0
    outer loop
      vertex 57.6 2.4 2.4
      vertex 58.8 2.4 2.86197
      vertex 57.6 2.4 2.86197
    endloop
  endfacet
  facet normal 0 -1 -0
    outer loop
      vertex 58.8 2.4 2.86197
      vertex 57.6 2.4 2.4
      vertex 58.8 2.4 2.4
    endloop
  endfacet
  facet normal 0 -1 0
    outer loop
      vertex 66 2.4 2.4
      vertex 67.2 2.4 2.86197
      vertex 66 2.4 2.86197
    endloop
  endfacet
  facet normal 0 -1 -0
    outer loop
      vertex 67.2 2.4 2.86197
      vertex 66 2.4 2.4
      vertex 67.2 2.4 2.4
    endloop
  endfacet
  facet normal 0 -1 0
    outer loop
      vertex 45 2.4 2.4
      vertex 46.2 2.4 2.86197
      vertex 45 2.4 2.86197
    endloop
  endfacet
  facet normal 0 -1 -0
    outer loop
      vertex 46.2 2.4 2.86197
      vertex 45 2.4 2.4
      vertex 46.2 2.4 2.4
    endloop
  endfacet
  facet normal 0 -1 0
    outer loop
      vertex 53.4 2.4 2.4
      vertex 54.6 2.4 2.86197
      vertex 53.4 2.4 2.86197
    endloop
  endfacet
  facet normal 0 -1 -0
    outer loop
      vertex 54.6 2.4 2.86197
      vertex 53.4 2.4 2.4
      vertex 54.6 2.4 2.4
    endloop
  endfacet
  facet normal 0 -1 0
    outer loop
      vertex 36.6 2.4 2.4
      vertex 37.8 2.4 2.86197
      vertex 36.6 2.4 2.86197
    endloop
  endfacet
  facet normal 0 -1 -0
    outer loop
      vertex 37.8 2.4 2.86197
      vertex 36.6 2.4 2.4
      vertex 37.8 2.4 2.4
    endloop
  endfacet
  facet normal 0 -1 0
    outer loop
      vertex 28.2 2.4 2.4
      vertex 29.4 2.4 2.86197
      vertex 28.2 2.4 2.86197
    endloop
  endfacet
  facet normal 0 -1 -0
    outer loop
      vertex 29.4 2.4 2.86197
      vertex 28.2 2.4 2.4
      vertex 29.4 2.4 2.4
    endloop
  endfacet
  facet normal 0 -1 0
    outer loop
      vertex 40.8 2.4 2.4
      vertex 42 2.4 2.86197
      vertex 40.8 2.4 2.86197
    endloop
  endfacet
  facet normal 0 -1 -0
    outer loop
      vertex 42 2.4 2.86197
      vertex 40.8 2.4 2.4
      vertex 42 2.4 2.4
    endloop
  endfacet
  facet normal 0 -1 0
    outer loop
      vertex 24 2.4 2.4
      vertex 25.2 2.4 2.86197
      vertex 24 2.4 2.86197
    endloop
  endfacet
  facet normal 0 -1 -0
    outer loop
      vertex 25.2 2.4 2.86197
      vertex 24 2.4 2.4
      vertex 25.2 2.4 2.4
    endloop
  endfacet
  facet normal 0 -1 0
    outer loop
      vertex 32.4 2.4 2.4
      vertex 33.6 2.4 2.86197
      vertex 32.4 2.4 2.86197
    endloop
  endfacet
  facet normal 0 -1 -0
    outer loop
      vertex 33.6 2.4 2.86197
      vertex 32.4 2.4 2.4
      vertex 33.6 2.4 2.4
    endloop
  endfacet
  facet normal 0 -1 0
    outer loop
      vertex 49.2 2.4 2.4
      vertex 50.4 2.4 2.86197
      vertex 49.2 2.4 2.86197
    endloop
  endfacet
  facet normal 0 -1 -0
    outer loop
      vertex 50.4 2.4 2.86197
      vertex 49.2 2.4 2.4
      vertex 50.4 2.4 2.4
    endloop
  endfacet
  facet normal 0 -1 0
    outer loop
      vertex 70.2 2.4 2.4
      vertex 71.4 2.4 2.86197
      vertex 70.2 2.4 2.86197
    endloop
  endfacet
  facet normal 0 -1 -0
    outer loop
      vertex 71.4 2.4 2.86197
      vertex 70.2 2.4 2.4
      vertex 71.4 2.4 2.4
    endloop
  endfacet
  facet normal 0 -1 0
    outer loop
      vertex 4.4 67.6 11.9215
      vertex 4.8 67.6 4.8
      vertex 4.8 67.6 11.9215
    endloop
  endfacet
  facet normal 0 -1 -0
    outer loop
      vertex 4.8 67.6 4.8
      vertex 4.4 67.6 2.4
      vertex 85.2 67.6 4.8
    endloop
  endfacet
  facet normal 0 -1 0
    outer loop
      vertex 4.4 67.6 2.4
      vertex 4.8 67.6 4.8
      vertex 4.4 67.6 11.9215
    endloop
  endfacet
  facet normal 0 -1 0
    outer loop
      vertex 85.2 67.6 4.8
      vertex 85.6 67.6 11.9215
      vertex 85.2 67.6 11.9215
    endloop
  endfacet
  facet normal 0 -1 0
    outer loop
      vertex 85.2 67.6 4.8
      vertex 85.6 67.6 2.4
      vertex 85.6 67.6 11.9215
    endloop
  endfacet
  facet normal 0 -1 0
    outer loop
      vertex 85.6 67.6 2.4
      vertex 85.2 67.6 4.8
      vertex 4.4 67.6 2.4
    endloop
  endfacet
  facet normal 0 -1 0
    outer loop
      vertex 4.4 67.6 14.3585
      vertex 4.8 67.6 60
      vertex 4.4 67.6 60
    endloop
  endfacet
  facet normal 0 -1 -0
    outer loop
      vertex 4.8 67.6 60
      vertex 4.4 67.6 14.3585
      vertex 4.8 67.6 14.3585
    endloop
  endfacet
  facet normal 0 -1 0
    outer loop
      vertex 85.2 67.6 14.3585
      vertex 85.6 67.6 60
      vertex 85.2 67.6 60
    endloop
  endfacet
  facet normal 0 -1 -0
    outer loop
      vertex 85.6 67.6 60
      vertex 85.2 67.6 14.3585
      vertex 85.6 67.6 14.3585
    endloop
  endfacet
  facet normal 1 0 -0
    outer loop
      vertex 2.4 65.6 2.4
      vertex 2.4 65.6 11.5688
      vertex 2.4 13.6011 2.4
    endloop
  endfacet
  facet normal 1 -0 0
    outer loop
      vertex 2.4 4.4 60
      vertex 2.4 65.6 14.0058
      vertex 2.4 65.6 60
    endloop
  endfacet
  facet normal 1 0 0
    outer loop
      vertex 2.4 65.6 14.0058
      vertex 2.4 4.4 60
      vertex 2.4 4.4 3.21462
    endloop
  endfacet
  facet normal 0.336879 0.941548 0
    outer loop
      vertex 3.81943 2.48612 60
      vertex 3.63463 2.55224 2.88881
      vertex 3.63463 2.55224 60
    endloop
  endfacet
  facet normal 0.336879 0.941548 0
    outer loop
      vertex 3.63463 2.55224 2.88881
      vertex 3.81943 2.48612 60
      vertex 3.81943 2.48612 2.87716
    endloop
  endfacet
  facet normal -1 0 -0
    outer loop
      vertex 87.6 65.6 11.5688
      vertex 87.6 65.6 2.4
      vertex 87.6 13.6011 2.4
    endloop
  endfacet
  facet normal -1 0 0
    outer loop
      vertex 87.6 4.4 60
      vertex 87.6 65.6 14.0058
      vertex 87.6 4.4 3.21462
    endloop
  endfacet
  facet normal -1 0 0
    outer loop
      vertex 87.6 65.6 14.0058
      vertex 87.6 4.4 60
      vertex 87.6 65.6 60
    endloop
  endfacet
  facet normal -0.671607 -0.740908 0
    outer loop
      vertex 86.8688 67.146 2.4
      vertex 87.0142 67.0142 11.8182
      vertex 86.8688 67.146 11.8414
    endloop
  endfacet
  facet normal -0.671607 -0.740908 -0
    outer loop
      vertex 87.0142 67.0142 11.8182
      vertex 86.8688 67.146 2.4
      vertex 87.0142 67.0142 2.4
    endloop
  endfacet
  facet normal -0.671607 -0.740908 0
    outer loop
      vertex 86.8688 67.146 14.2784
      vertex 87.0142 67.0142 60
      vertex 86.8688 67.146 60
    endloop
  endfacet
  facet normal -0.671607 -0.740908 -0
    outer loop
      vertex 87.0142 67.0142 60
      vertex 86.8688 67.146 14.2784
      vertex 87.0142 67.0142 14.2552
    endloop
  endfacet
  facet normal -0.146696 -0.989182 0
    outer loop
      vertex 85.796 67.5904 2.4
      vertex 85.9902 67.5616 11.9147
      vertex 85.796 67.5904 11.9198
    endloop
  endfacet
  facet normal -0.146696 -0.989182 -0
    outer loop
      vertex 85.9902 67.5616 11.9147
      vertex 85.796 67.5904 2.4
      vertex 85.9902 67.5616 2.4
    endloop
  endfacet
  facet normal -0.146696 -0.989182 0
    outer loop
      vertex 85.796 67.5904 14.3568
      vertex 85.9902 67.5616 60
      vertex 85.796 67.5904 60
    endloop
  endfacet
  facet normal -0.146696 -0.989182 -0
    outer loop
      vertex 85.9902 67.5616 60
      vertex 85.796 67.5904 14.3568
      vertex 85.9902 67.5616 14.3517
    endloop
  endfacet
  facet normal 0.740908 -0.671607 0
    outer loop
      vertex 2.85398 66.8688 11.7925
      vertex 2.98578 67.0142 2.4
      vertex 2.98578 67.0142 11.8182
    endloop
  endfacet
  facet normal 0.740908 -0.671607 0
    outer loop
      vertex 2.98578 67.0142 2.4
      vertex 2.85398 66.8688 11.7925
      vertex 2.85398 66.8688 2.4
    endloop
  endfacet
  facet normal 0.740908 -0.671607 0
    outer loop
      vertex 2.85398 66.8688 60
      vertex 2.98578 67.0142 14.2552
      vertex 2.98578 67.0142 60
    endloop
  endfacet
  facet normal 0.740908 -0.671607 0
    outer loop
      vertex 2.98578 67.0142 14.2552
      vertex 2.85398 66.8688 60
      vertex 2.85398 66.8688 14.2296
    endloop
  endfacet
  facet normal 0.970047 -0.242919 0
    outer loop
      vertex 2.43844 65.9902 11.6376
      vertex 2.48612 66.1806 2.4
      vertex 2.48612 66.1806 11.6712
    endloop
  endfacet
  facet normal 0.970047 -0.242919 0
    outer loop
      vertex 2.48612 66.1806 2.4
      vertex 2.43844 65.9902 11.6376
      vertex 2.43844 65.9902 2.4
    endloop
  endfacet
  facet normal 0.970047 -0.242919 0
    outer loop
      vertex 2.43844 65.9902 60
      vertex 2.48612 66.1806 14.1082
      vertex 2.48612 66.1806 60
    endloop
  endfacet
  facet normal 0.970047 -0.242919 0
    outer loop
      vertex 2.48612 66.1806 14.1082
      vertex 2.43844 65.9902 60
      vertex 2.43844 65.9902 14.0746
    endloop
  endfacet
  facet normal 0.998796 0.049066 0
    outer loop
      vertex 2.40963 4.20397 60
      vertex 2.4 4.4 3.21462
      vertex 2.4 4.4 60
    endloop
  endfacet
  facet normal 0.998796 0.049066 0
    outer loop
      vertex 2.4 4.4 3.21462
      vertex 2.40963 4.20397 60
      vertex 2.40963 4.20397 3.18006
    endloop
  endfacet
  facet normal 0.146783 0.989169 0
    outer loop
      vertex 4.20397 2.40963 60
      vertex 4.00982 2.43844 2.86875
      vertex 4.00982 2.43844 60
    endloop
  endfacet
  facet normal 0.146783 0.989169 0
    outer loop
      vertex 4.00982 2.43844 2.86875
      vertex 4.20397 2.40963 60
      vertex 4.20397 2.40963 2.86367
    endloop
  endfacet
  facet normal -0.741 0.671505 0
    outer loop
      vertex 87.0142 2.98578 60
      vertex 87.146 3.13122 2.9909
      vertex 87.0142 2.98578 2.96526
    endloop
  endfacet
  facet normal -0.741 0.671505 0
    outer loop
      vertex 87.146 3.13122 2.9909
      vertex 87.0142 2.98578 60
      vertex 87.146 3.13122 60
    endloop
  endfacet
  facet normal -0.427622 0.903958 0
    outer loop
      vertex 86.5428 2.63616 2.90361
      vertex 86.3654 2.55224 60
      vertex 86.5428 2.63616 60
    endloop
  endfacet
  facet normal -0.427622 0.903958 0
    outer loop
      vertex 86.3654 2.55224 60
      vertex 86.5428 2.63616 2.90361
      vertex 86.3654 2.55224 2.88881
    endloop
  endfacet
  facet normal -0.243015 -0.970023 0
    outer loop
      vertex 85.9902 67.5616 2.4
      vertex 86.1806 67.5139 11.9063
      vertex 85.9902 67.5616 11.9147
    endloop
  endfacet
  facet normal -0.243015 -0.970023 -0
    outer loop
      vertex 86.1806 67.5139 11.9063
      vertex 85.9902 67.5616 2.4
      vertex 86.1806 67.5139 2.4
    endloop
  endfacet
  facet normal -0.243015 -0.970023 0
    outer loop
      vertex 85.9902 67.5616 14.3517
      vertex 86.1806 67.5139 60
      vertex 85.9902 67.5616 60
    endloop
  endfacet
  facet normal -0.243015 -0.970023 -0
    outer loop
      vertex 86.1806 67.5139 60
      vertex 85.9902 67.5616 14.3517
      vertex 86.1806 67.5139 14.3433
    endloop
  endfacet
  facet normal -0.514196 -0.857673 0
    outer loop
      vertex 86.5428 67.3638 2.4
      vertex 86.7111 67.2629 11.862
      vertex 86.5428 67.3638 11.8798
    endloop
  endfacet
  facet normal -0.514196 -0.857673 -0
    outer loop
      vertex 86.7111 67.2629 11.862
      vertex 86.5428 67.3638 2.4
      vertex 86.7111 67.2629 2.4
    endloop
  endfacet
  facet normal -0.514196 -0.857673 0
    outer loop
      vertex 86.5428 67.3638 14.3168
      vertex 86.7111 67.2629 60
      vertex 86.5428 67.3638 60
    endloop
  endfacet
  facet normal -0.514196 -0.857673 -0
    outer loop
      vertex 86.7111 67.2629 60
      vertex 86.5428 67.3638 14.3168
      vertex 86.7111 67.2629 14.2991
    endloop
  endfacet
  facet normal -0.427955 -0.9038 0
    outer loop
      vertex 86.3654 67.4478 2.4
      vertex 86.5428 67.3638 11.8798
      vertex 86.3654 67.4478 11.8946
    endloop
  endfacet
  facet normal -0.427955 -0.9038 -0
    outer loop
      vertex 86.5428 67.3638 11.8798
      vertex 86.3654 67.4478 2.4
      vertex 86.5428 67.3638 2.4
    endloop
  endfacet
  facet normal -0.427955 -0.9038 0
    outer loop
      vertex 86.3654 67.4478 14.3316
      vertex 86.5428 67.3638 60
      vertex 86.3654 67.4478 60
    endloop
  endfacet
  facet normal -0.427955 -0.9038 -0
    outer loop
      vertex 86.5428 67.3638 60
      vertex 86.3654 67.4478 14.3316
      vertex 86.5428 67.3638 14.3168
    endloop
  endfacet
  facet normal -0.595508 -0.80335 0
    outer loop
      vertex 86.7111 67.2629 2.4
      vertex 86.8688 67.146 11.8414
      vertex 86.7111 67.2629 11.862
    endloop
  endfacet
  facet normal -0.595508 -0.80335 -0
    outer loop
      vertex 86.8688 67.146 11.8414
      vertex 86.7111 67.2629 2.4
      vertex 86.8688 67.146 2.4
    endloop
  endfacet
  facet normal -0.595508 -0.80335 0
    outer loop
      vertex 86.7111 67.2629 14.2991
      vertex 86.8688 67.146 60
      vertex 86.7111 67.2629 60
    endloop
  endfacet
  facet normal -0.595508 -0.80335 -0
    outer loop
      vertex 86.8688 67.146 60
      vertex 86.7111 67.2629 14.2991
      vertex 86.8688 67.146 14.2784
    endloop
  endfacet
  facet normal 0.514084 -0.85774 0
    outer loop
      vertex 3.4572 67.3638 2.4
      vertex 3.28885 67.2629 11.862
      vertex 3.28885 67.2629 2.4
    endloop
  endfacet
  facet normal 0.514084 -0.85774 0
    outer loop
      vertex 3.28885 67.2629 11.862
      vertex 3.4572 67.3638 2.4
      vertex 3.4572 67.3638 11.8798
    endloop
  endfacet
  facet normal 0.514084 -0.85774 0
    outer loop
      vertex 3.28885 67.2629 60
      vertex 3.4572 67.3638 14.3168
      vertex 3.4572 67.3638 60
    endloop
  endfacet
  facet normal 0.514084 -0.85774 0
    outer loop
      vertex 3.4572 67.3638 14.3168
      vertex 3.28885 67.2629 60
      vertex 3.28885 67.2629 14.2991
    endloop
  endfacet
  facet normal 0.336788 -0.94158 0
    outer loop
      vertex 3.81943 67.5139 2.4
      vertex 3.63463 67.4478 11.8946
      vertex 3.63463 67.4478 2.4
    endloop
  endfacet
  facet normal 0.336788 -0.94158 0
    outer loop
      vertex 3.63463 67.4478 11.8946
      vertex 3.81943 67.5139 2.4
      vertex 3.81943 67.5139 11.9063
    endloop
  endfacet
  facet normal 0.336788 -0.94158 0
    outer loop
      vertex 3.63463 67.4478 60
      vertex 3.81943 67.5139 14.3433
      vertex 3.81943 67.5139 60
    endloop
  endfacet
  facet normal 0.336788 -0.94158 0
    outer loop
      vertex 3.81943 67.5139 14.3433
      vertex 3.63463 67.4478 60
      vertex 3.63463 67.4478 14.3316
    endloop
  endfacet
  facet normal 0.998795 -0.0490735 0
    outer loop
      vertex 2.4 65.6 11.5688
      vertex 2.40963 65.796 2.4
      vertex 2.40963 65.796 11.6034
    endloop
  endfacet
  facet normal 0.998795 -0.0490735 0
    outer loop
      vertex 2.40963 65.796 2.4
      vertex 2.4 65.6 11.5688
      vertex 2.4 65.6 2.4
    endloop
  endfacet
  facet normal 0.998795 -0.0490735 0
    outer loop
      vertex 2.4 65.6 60
      vertex 2.40963 65.796 14.0404
      vertex 2.40963 65.796 60
    endloop
  endfacet
  facet normal 0.998795 -0.0490735 0
    outer loop
      vertex 2.40963 65.796 14.0404
      vertex 2.4 65.6 60
      vertex 2.4 65.6 14.0058
    endloop
  endfacet
  facet normal 0.941548 -0.336879 0
    outer loop
      vertex 2.48612 66.1806 11.6712
      vertex 2.55224 66.3654 2.4
      vertex 2.55224 66.3654 11.7038
    endloop
  endfacet
  facet normal 0.941548 -0.336879 0
    outer loop
      vertex 2.55224 66.3654 2.4
      vertex 2.48612 66.1806 11.6712
      vertex 2.48612 66.1806 2.4
    endloop
  endfacet
  facet normal 0.941548 -0.336879 0
    outer loop
      vertex 2.48612 66.1806 60
      vertex 2.55224 66.3654 14.1408
      vertex 2.55224 66.3654 60
    endloop
  endfacet
  facet normal 0.941548 -0.336879 0
    outer loop
      vertex 2.55224 66.3654 14.1408
      vertex 2.48612 66.1806 60
      vertex 2.48612 66.1806 14.1082
    endloop
  endfacet
  facet normal 0.989174 -0.146746 0
    outer loop
      vertex 2.40963 65.796 11.6034
      vertex 2.43844 65.9902 2.4
      vertex 2.43844 65.9902 11.6376
    endloop
  endfacet
  facet normal 0.989174 -0.146746 0
    outer loop
      vertex 2.43844 65.9902 2.4
      vertex 2.40963 65.796 11.6034
      vertex 2.40963 65.796 2.4
    endloop
  endfacet
  facet normal 0.989174 -0.146746 0
    outer loop
      vertex 2.40963 65.796 60
      vertex 2.43844 65.9902 14.0746
      vertex 2.43844 65.9902 60
    endloop
  endfacet
  facet normal 0.989174 -0.146746 0
    outer loop
      vertex 2.43844 65.9902 14.0746
      vertex 2.40963 65.796 60
      vertex 2.40963 65.796 14.0404
    endloop
  endfacet
  facet normal 0.514121 0.857718 0
    outer loop
      vertex 3.4572 2.63616 60
      vertex 3.28885 2.73707 2.9214
      vertex 3.28885 2.73707 60
    endloop
  endfacet
  facet normal 0.514121 0.857718 0
    outer loop
      vertex 3.28885 2.73707 2.9214
      vertex 3.4572 2.63616 60
      vertex 3.4572 2.63616 2.90361
    endloop
  endfacet
  facet normal 0.803199 0.595711 0
    outer loop
      vertex 2.85398 3.13122 60
      vertex 2.73707 3.28885 3.0187
      vertex 2.73707 3.28885 60
    endloop
  endfacet
  facet normal 0.803199 0.595711 0
    outer loop
      vertex 2.73707 3.28885 3.0187
      vertex 2.85398 3.13122 60
      vertex 2.85398 3.13122 2.9909
    endloop
  endfacet
  facet normal 0.242931 0.970044 0
    outer loop
      vertex 4.00982 2.43844 60
      vertex 3.81943 2.48612 2.87716
      vertex 3.81943 2.48612 60
    endloop
  endfacet
  facet normal 0.242931 0.970044 0
    outer loop
      vertex 3.81943 2.48612 2.87716
      vertex 4.00982 2.43844 60
      vertex 4.00982 2.43844 2.86875
    endloop
  endfacet
  facet normal -0.242919 0.970047 0
    outer loop
      vertex 86.1806 2.48612 2.87716
      vertex 85.9902 2.43844 60
      vertex 86.1806 2.48612 60
    endloop
  endfacet
  facet normal -0.242919 0.970047 0
    outer loop
      vertex 85.9902 2.43844 60
      vertex 86.1806 2.48612 2.87716
      vertex 85.9902 2.43844 2.86875
    endloop
  endfacet
  facet normal -0.336788 -0.94158 0
    outer loop
      vertex 86.1806 67.5139 2.4
      vertex 86.3654 67.4478 11.8946
      vertex 86.1806 67.5139 11.9063
    endloop
  endfacet
  facet normal -0.336788 -0.94158 -0
    outer loop
      vertex 86.3654 67.4478 11.8946
      vertex 86.1806 67.5139 2.4
      vertex 86.3654 67.4478 2.4
    endloop
  endfacet
  facet normal -0.336788 -0.94158 0
    outer loop
      vertex 86.1806 67.5139 14.3433
      vertex 86.3654 67.4478 60
      vertex 86.1806 67.5139 60
    endloop
  endfacet
  facet normal -0.336788 -0.94158 -0
    outer loop
      vertex 86.3654 67.4478 60
      vertex 86.1806 67.5139 14.3433
      vertex 86.3654 67.4478 14.3316
    endloop
  endfacet
  facet normal 0.903958 -0.427622 0
    outer loop
      vertex 2.55224 66.3654 11.7038
      vertex 2.63616 66.5428 2.4
      vertex 2.63616 66.5428 11.7351
    endloop
  endfacet
  facet normal 0.903958 -0.427622 0
    outer loop
      vertex 2.63616 66.5428 2.4
      vertex 2.55224 66.3654 11.7038
      vertex 2.55224 66.3654 2.4
    endloop
  endfacet
  facet normal 0.903958 -0.427622 0
    outer loop
      vertex 2.55224 66.3654 60
      vertex 2.63616 66.5428 14.1721
      vertex 2.63616 66.5428 60
    endloop
  endfacet
  facet normal 0.903958 -0.427622 0
    outer loop
      vertex 2.63616 66.5428 14.1721
      vertex 2.55224 66.3654 60
      vertex 2.55224 66.3654 14.1408
    endloop
  endfacet
  facet normal 0.427563 0.903986 0
    outer loop
      vertex 3.63463 2.55224 60
      vertex 3.4572 2.63616 2.90361
      vertex 3.4572 2.63616 60
    endloop
  endfacet
  facet normal 0.427563 0.903986 0
    outer loop
      vertex 3.4572 2.63616 2.90361
      vertex 3.63463 2.55224 60
      vertex 3.63463 2.55224 2.88881
    endloop
  endfacet
  facet normal 0.741 0.671505 0
    outer loop
      vertex 2.98578 2.98578 60
      vertex 2.85398 3.13122 2.9909
      vertex 2.85398 3.13122 60
    endloop
  endfacet
  facet normal 0.741 0.671505 0
    outer loop
      vertex 2.85398 3.13122 2.9909
      vertex 2.98578 2.98578 60
      vertex 2.98578 2.98578 2.96526
    endloop
  endfacet
  facet normal -0.94158 -0.336788 -0
    outer loop
      vertex 87.5139 66.1806 11.6712
      vertex 87.4478 66.3654 2.4
      vertex 87.5139 66.1806 2.4
    endloop
  endfacet
  facet normal -0.94158 -0.336788 0
    outer loop
      vertex 87.4478 66.3654 2.4
      vertex 87.5139 66.1806 11.6712
      vertex 87.4478 66.3654 11.7038
    endloop
  endfacet
  facet normal -0.94158 -0.336788 -0
    outer loop
      vertex 87.5139 66.1806 60
      vertex 87.4478 66.3654 14.1408
      vertex 87.5139 66.1806 14.1082
    endloop
  endfacet
  facet normal -0.94158 -0.336788 0
    outer loop
      vertex 87.4478 66.3654 14.1408
      vertex 87.5139 66.1806 60
      vertex 87.4478 66.3654 60
    endloop
  endfacet
  facet normal 0.85765 -0.514233 0
    outer loop
      vertex 2.63616 66.5428 11.7351
      vertex 2.73707 66.7111 2.4
      vertex 2.73707 66.7111 11.7647
    endloop
  endfacet
  facet normal 0.85765 -0.514233 0
    outer loop
      vertex 2.73707 66.7111 2.4
      vertex 2.63616 66.5428 11.7351
      vertex 2.63616 66.5428 2.4
    endloop
  endfacet
  facet normal 0.85765 -0.514233 0
    outer loop
      vertex 2.63616 66.5428 60
      vertex 2.73707 66.7111 14.2018
      vertex 2.73707 66.7111 60
    endloop
  endfacet
  facet normal 0.85765 -0.514233 0
    outer loop
      vertex 2.73707 66.7111 14.2018
      vertex 2.63616 66.5428 60
      vertex 2.63616 66.5428 14.1721
    endloop
  endfacet
  facet normal 0.427896 -0.903828 0
    outer loop
      vertex 3.63463 67.4478 2.4
      vertex 3.4572 67.3638 11.8798
      vertex 3.4572 67.3638 2.4
    endloop
  endfacet
  facet normal 0.427896 -0.903828 0
    outer loop
      vertex 3.4572 67.3638 11.8798
      vertex 3.63463 67.4478 2.4
      vertex 3.63463 67.4478 11.8946
    endloop
  endfacet
  facet normal 0.427896 -0.903828 0
    outer loop
      vertex 3.4572 67.3638 60
      vertex 3.63463 67.4478 14.3316
      vertex 3.63463 67.4478 60
    endloop
  endfacet
  facet normal 0.427896 -0.903828 0
    outer loop
      vertex 3.63463 67.4478 14.3316
      vertex 3.4572 67.3638 60
      vertex 3.4572 67.3638 14.3168
    endloop
  endfacet
  facet normal 0.903986 0.427563 0
    outer loop
      vertex 2.63616 3.4572 60
      vertex 2.55224 3.63463 3.07967
      vertex 2.55224 3.63463 60
    endloop
  endfacet
  facet normal 0.903986 0.427563 0
    outer loop
      vertex 2.55224 3.63463 3.07967
      vertex 2.63616 3.4572 60
      vertex 2.63616 3.4572 3.04838
    endloop
  endfacet
  facet normal -0.740908 -0.671607 -0
    outer loop
      vertex 87.146 66.8688 11.7925
      vertex 87.0142 67.0142 2.4
      vertex 87.146 66.8688 2.4
    endloop
  endfacet
  facet normal -0.740908 -0.671607 0
    outer loop
      vertex 87.0142 67.0142 2.4
      vertex 87.146 66.8688 11.7925
      vertex 87.0142 67.0142 11.8182
    endloop
  endfacet
  facet normal -0.740908 -0.671607 -0
    outer loop
      vertex 87.146 66.8688 60
      vertex 87.0142 67.0142 14.2552
      vertex 87.146 66.8688 14.2296
    endloop
  endfacet
  facet normal -0.740908 -0.671607 0
    outer loop
      vertex 87.0142 67.0142 14.2552
      vertex 87.146 66.8688 60
      vertex 87.0142 67.0142 60
    endloop
  endfacet
  facet normal -0.80335 -0.595508 -0
    outer loop
      vertex 87.2629 66.7111 11.7647
      vertex 87.146 66.8688 2.4
      vertex 87.2629 66.7111 2.4
    endloop
  endfacet
  facet normal -0.80335 -0.595508 0
    outer loop
      vertex 87.146 66.8688 2.4
      vertex 87.2629 66.7111 11.7647
      vertex 87.146 66.8688 11.7925
    endloop
  endfacet
  facet normal -0.80335 -0.595508 -0
    outer loop
      vertex 87.2629 66.7111 60
      vertex 87.146 66.8688 14.2296
      vertex 87.2629 66.7111 14.2018
    endloop
  endfacet
  facet normal -0.80335 -0.595508 0
    outer loop
      vertex 87.146 66.8688 14.2296
      vertex 87.2629 66.7111 60
      vertex 87.146 66.8688 60
    endloop
  endfacet
  facet normal -0.989182 -0.146696 -0
    outer loop
      vertex 87.5904 65.796 11.6034
      vertex 87.5616 65.9902 2.4
      vertex 87.5904 65.796 2.4
    endloop
  endfacet
  facet normal -0.989182 -0.146696 0
    outer loop
      vertex 87.5616 65.9902 2.4
      vertex 87.5904 65.796 11.6034
      vertex 87.5616 65.9902 11.6376
    endloop
  endfacet
  facet normal -0.989182 -0.146696 -0
    outer loop
      vertex 87.5904 65.796 60
      vertex 87.5616 65.9902 14.0746
      vertex 87.5904 65.796 14.0404
    endloop
  endfacet
  facet normal -0.989182 -0.146696 0
    outer loop
      vertex 87.5616 65.9902 14.0746
      vertex 87.5904 65.796 60
      vertex 87.5616 65.9902 60
    endloop
  endfacet
  facet normal -0.998803 -0.0489209 -0
    outer loop
      vertex 87.6 65.6 11.5688
      vertex 87.5904 65.796 2.4
      vertex 87.6 65.6 2.4
    endloop
  endfacet
  facet normal -0.998803 -0.0489209 0
    outer loop
      vertex 87.5904 65.796 2.4
      vertex 87.6 65.6 11.5688
      vertex 87.5904 65.796 11.6034
    endloop
  endfacet
  facet normal -0.998803 -0.0489209 -0
    outer loop
      vertex 87.6 65.6 60
      vertex 87.5904 65.796 14.0404
      vertex 87.6 65.6 14.0058
    endloop
  endfacet
  facet normal -0.998803 -0.0489209 0
    outer loop
      vertex 87.5904 65.796 14.0404
      vertex 87.6 65.6 60
      vertex 87.5904 65.796 60
    endloop
  endfacet
  facet normal -0.970023 -0.243015 -0
    outer loop
      vertex 87.5616 65.9902 11.6376
      vertex 87.5139 66.1806 2.4
      vertex 87.5616 65.9902 2.4
    endloop
  endfacet
  facet normal -0.970023 -0.243015 0
    outer loop
      vertex 87.5139 66.1806 2.4
      vertex 87.5616 65.9902 11.6376
      vertex 87.5139 66.1806 11.6712
    endloop
  endfacet
  facet normal -0.970023 -0.243015 -0
    outer loop
      vertex 87.5616 65.9902 60
      vertex 87.5139 66.1806 14.1082
      vertex 87.5616 65.9902 14.0746
    endloop
  endfacet
  facet normal -0.970023 -0.243015 0
    outer loop
      vertex 87.5139 66.1806 14.1082
      vertex 87.5616 65.9902 60
      vertex 87.5139 66.1806 60
    endloop
  endfacet
  facet normal -0.998803 0.0489135 0
    outer loop
      vertex 87.5904 4.20397 60
      vertex 87.6 4.4 3.21462
      vertex 87.5904 4.20397 3.18006
    endloop
  endfacet
  facet normal -0.998803 0.0489135 0
    outer loop
      vertex 87.6 4.4 3.21462
      vertex 87.5904 4.20397 60
      vertex 87.6 4.4 60
    endloop
  endfacet
  facet normal -0.803223 0.595678 0
    outer loop
      vertex 87.146 3.13122 60
      vertex 87.2629 3.28885 3.0187
      vertex 87.146 3.13122 2.9909
    endloop
  endfacet
  facet normal -0.803223 0.595678 0
    outer loop
      vertex 87.2629 3.28885 3.0187
      vertex 87.146 3.13122 60
      vertex 87.2629 3.28885 60
    endloop
  endfacet
  facet normal -0.94158 0.336788 0
    outer loop
      vertex 87.4478 3.63463 60
      vertex 87.5139 3.81943 3.11226
      vertex 87.4478 3.63463 3.07967
    endloop
  endfacet
  facet normal -0.94158 0.336788 0
    outer loop
      vertex 87.5139 3.81943 3.11226
      vertex 87.4478 3.63463 60
      vertex 87.5139 3.81943 60
    endloop
  endfacet
  facet normal -0.989176 0.146733 0
    outer loop
      vertex 87.5616 4.00982 60
      vertex 87.5904 4.20397 3.18006
      vertex 87.5616 4.00982 3.14583
    endloop
  endfacet
  facet normal -0.989176 0.146733 0
    outer loop
      vertex 87.5904 4.20397 3.18006
      vertex 87.5616 4.00982 60
      vertex 87.5904 4.20397 60
    endloop
  endfacet
  facet normal -0.514233 0.85765 0
    outer loop
      vertex 86.7111 2.73707 2.9214
      vertex 86.5428 2.63616 60
      vertex 86.7111 2.73707 60
    endloop
  endfacet
  facet normal -0.514233 0.85765 0
    outer loop
      vertex 86.5428 2.63616 60
      vertex 86.7111 2.73707 2.9214
      vertex 86.5428 2.63616 2.90361
    endloop
  endfacet
  facet normal -0.595541 0.803325 0
    outer loop
      vertex 86.8688 2.85398 2.94202
      vertex 86.7111 2.73707 60
      vertex 86.8688 2.85398 60
    endloop
  endfacet
  facet normal -0.595541 0.803325 0
    outer loop
      vertex 86.7111 2.73707 60
      vertex 86.8688 2.85398 2.94202
      vertex 86.7111 2.73707 2.9214
    endloop
  endfacet
  facet normal -0.671607 0.740908 0
    outer loop
      vertex 87.0142 2.98578 2.96526
      vertex 86.8688 2.85398 60
      vertex 87.0142 2.98578 60
    endloop
  endfacet
  facet normal -0.671607 0.740908 0
    outer loop
      vertex 86.8688 2.85398 60
      vertex 87.0142 2.98578 2.96526
      vertex 86.8688 2.85398 2.94202
    endloop
  endfacet
  facet normal -0.336879 0.941548 0
    outer loop
      vertex 86.3654 2.55224 2.88881
      vertex 86.1806 2.48612 60
      vertex 86.3654 2.55224 60
    endloop
  endfacet
  facet normal -0.336879 0.941548 0
    outer loop
      vertex 86.1806 2.48612 60
      vertex 86.3654 2.55224 2.88881
      vertex 86.1806 2.48612 2.87716
    endloop
  endfacet
  facet normal 0.671505 -0.741 0
    outer loop
      vertex 3.13122 67.146 2.4
      vertex 2.98578 67.0142 11.8182
      vertex 2.98578 67.0142 2.4
    endloop
  endfacet
  facet normal 0.671505 -0.741 0
    outer loop
      vertex 2.98578 67.0142 11.8182
      vertex 3.13122 67.146 2.4
      vertex 3.13122 67.146 11.8414
    endloop
  endfacet
  facet normal 0.671505 -0.741 0
    outer loop
      vertex 2.98578 67.0142 60
      vertex 3.13122 67.146 14.2784
      vertex 3.13122 67.146 60
    endloop
  endfacet
  facet normal 0.671505 -0.741 0
    outer loop
      vertex 3.13122 67.146 14.2784
      vertex 2.98578 67.0142 60
      vertex 2.98578 67.0142 14.2552
    endloop
  endfacet
  facet normal 0.595678 -0.803223 0
    outer loop
      vertex 3.28885 67.2629 2.4
      vertex 3.13122 67.146 11.8414
      vertex 3.13122 67.146 2.4
    endloop
  endfacet
  facet normal 0.595678 -0.803223 0
    outer loop
      vertex 3.13122 67.146 11.8414
      vertex 3.28885 67.2629 2.4
      vertex 3.28885 67.2629 11.862
    endloop
  endfacet
  facet normal 0.595678 -0.803223 0
    outer loop
      vertex 3.13122 67.146 60
      vertex 3.28885 67.2629 14.2991
      vertex 3.28885 67.2629 60
    endloop
  endfacet
  facet normal 0.595678 -0.803223 0
    outer loop
      vertex 3.28885 67.2629 14.2991
      vertex 3.13122 67.146 60
      vertex 3.13122 67.146 14.2784
    endloop
  endfacet
  facet normal 0.857718 0.514121 0
    outer loop
      vertex 2.73707 3.28885 60
      vertex 2.63616 3.4572 3.04838
      vertex 2.63616 3.4572 60
    endloop
  endfacet
  facet normal 0.857718 0.514121 0
    outer loop
      vertex 2.63616 3.4572 3.04838
      vertex 2.73707 3.28885 60
      vertex 2.73707 3.28885 3.0187
    endloop
  endfacet
  facet normal 0.970044 0.242931 0
    outer loop
      vertex 2.48612 3.81943 60
      vertex 2.43844 4.00982 3.14583
      vertex 2.43844 4.00982 60
    endloop
  endfacet
  facet normal 0.970044 0.242931 0
    outer loop
      vertex 2.43844 4.00982 3.14583
      vertex 2.48612 3.81943 60
      vertex 2.48612 3.81943 3.11226
    endloop
  endfacet
  facet normal 0 0 -1
    outer loop
      vertex 61.8 2.4 2.4
      vertex 63 13.6011 2.4
      vertex 63 2.4 2.4
    endloop
  endfacet
  facet normal -0 0 -1
    outer loop
      vertex 63 13.6011 2.4
      vertex 61.8 2.4 2.4
      vertex 61.8 13.6011 2.4
    endloop
  endfacet
  facet normal 0 0 1
    outer loop
      vertex 87.6 65.6 2.4
      vertex 84.9759 54.4901 2.4
      vertex 85 54 2.4
    endloop
  endfacet
  facet normal 0 0 1
    outer loop
      vertex 87.6 65.6 2.4
      vertex 84.9039 54.9755 2.4
      vertex 84.9759 54.4901 2.4
    endloop
  endfacet
  facet normal 0 0 1
    outer loop
      vertex 87.6 65.6 2.4
      vertex 84.7847 55.4514 2.4
      vertex 84.9039 54.9755 2.4
    endloop
  endfacet
  facet normal 0 0 1
    outer loop
      vertex 87.6 65.6 2.4
      vertex 84.6194 55.9134 2.4
      vertex 84.7847 55.4514 2.4
    endloop
  endfacet
  facet normal 0 0 1
    outer loop
      vertex 87.6 65.6 2.4
      vertex 84.4096 56.357 2.4
      vertex 84.6194 55.9134 2.4
    endloop
  endfacet
  facet normal 0 0 1
    outer loop
      vertex 87.6 65.6 2.4
      vertex 84.1573 56.7779 2.4
      vertex 84.4096 56.357 2.4
    endloop
  endfacet
  facet normal 0 0 1
    outer loop
      vertex 87.6 65.6 2.4
      vertex 83.8651 57.172 2.4
      vertex 84.1573 56.7779 2.4
    endloop
  endfacet
  facet normal 0 0 1
    outer loop
      vertex 87.6 65.6 2.4
      vertex 83.5355 57.5355 2.4
      vertex 83.8651 57.172 2.4
    endloop
  endfacet
  facet normal 0 0 1
    outer loop
      vertex 87.6 65.6 2.4
      vertex 83.172 57.8651 2.4
      vertex 83.5355 57.5355 2.4
    endloop
  endfacet
  facet normal 0 0 1
    outer loop
      vertex 87.6 65.6 2.4
      vertex 82.7778 58.1573 2.4
      vertex 83.172 57.8651 2.4
    endloop
  endfacet
  facet normal 0 0 1
    outer loop
      vertex 87.6 65.6 2.4
      vertex 82.357 58.4096 2.4
      vertex 82.7778 58.1573 2.4
    endloop
  endfacet
  facet normal 0 0 1
    outer loop
      vertex 87.6 65.6 2.4
      vertex 81.9134 58.6194 2.4
      vertex 82.357 58.4096 2.4
    endloop
  endfacet
  facet normal 0 0 1
    outer loop
      vertex 85.6 67.6 2.4
      vertex 81.4514 58.7847 2.4
      vertex 81.9134 58.6194 2.4
    endloop
  endfacet
  facet normal 0 0 1
    outer loop
      vertex 85.6 67.6 2.4
      vertex 80.9754 58.9039 2.4
      vertex 81.4514 58.7847 2.4
    endloop
  endfacet
  facet normal 0 0 1
    outer loop
      vertex 85.6 67.6 2.4
      vertex 80.4901 58.9759 2.4
      vertex 80.9754 58.9039 2.4
    endloop
  endfacet
  facet normal 0 0 1
    outer loop
      vertex 85.6 67.6 2.4
      vertex 80 59 2.4
      vertex 80.4901 58.9759 2.4
    endloop
  endfacet
  facet normal 0 0 1
    outer loop
      vertex 85.6 67.6 2.4
      vertex 79.5099 58.9759 2.4
      vertex 80 59 2.4
    endloop
  endfacet
  facet normal 0 0 1
    outer loop
      vertex 85.6 67.6 2.4
      vertex 79.0246 58.9039 2.4
      vertex 79.5099 58.9759 2.4
    endloop
  endfacet
  facet normal -0 0 1
    outer loop
      vertex 71.4 61.6 2.4
      vertex 79.0246 58.9039 2.4
      vertex 85.6 67.6 2.4
    endloop
  endfacet
  facet normal 0 0 1
    outer loop
      vertex 79.0246 58.9039 2.4
      vertex 71.4 61.6 2.4
      vertex 78.5486 58.7847 2.4
    endloop
  endfacet
  facet normal 0 0 1
    outer loop
      vertex 78.5486 58.7847 2.4
      vertex 71.4 61.6 2.4
      vertex 78.0866 58.6194 2.4
    endloop
  endfacet
  facet normal 0 0 1
    outer loop
      vertex 78.0866 58.6194 2.4
      vertex 71.4 61.6 2.4
      vertex 77.643 58.4096 2.4
    endloop
  endfacet
  facet normal 0 0 1
    outer loop
      vertex 77.643 58.4096 2.4
      vertex 71.4 61.6 2.4
      vertex 77.2222 58.1573 2.4
    endloop
  endfacet
  facet normal 0 0 1
    outer loop
      vertex 77.2222 58.1573 2.4
      vertex 71.4 61.6 2.4
      vertex 76.828 57.8651 2.4
    endloop
  endfacet
  facet normal 0 0 1
    outer loop
      vertex 75.0241 54.4901 2.4
      vertex 71.4 61.6 2.4
      vertex 75 54 2.4
    endloop
  endfacet
  facet normal 0 0 1
    outer loop
      vertex 75.0961 54.9755 2.4
      vertex 71.4 61.6 2.4
      vertex 75.0241 54.4901 2.4
    endloop
  endfacet
  facet normal 0 0 1
    outer loop
      vertex 75.2153 55.4514 2.4
      vertex 71.4 61.6 2.4
      vertex 75.0961 54.9755 2.4
    endloop
  endfacet
  facet normal 0 0 1
    outer loop
      vertex 75.3806 55.9134 2.4
      vertex 71.4 61.6 2.4
      vertex 75.2153 55.4514 2.4
    endloop
  endfacet
  facet normal 0 0 1
    outer loop
      vertex 75.5904 56.357 2.4
      vertex 71.4 61.6 2.4
      vertex 75.3806 55.9134 2.4
    endloop
  endfacet
  facet normal 0 0 1
    outer loop
      vertex 75.8427 56.7779 2.4
      vertex 71.4 61.6 2.4
      vertex 75.5904 56.357 2.4
    endloop
  endfacet
  facet normal 0 0 1
    outer loop
      vertex 76.1349 57.172 2.4
      vertex 71.4 61.6 2.4
      vertex 75.8427 56.7779 2.4
    endloop
  endfacet
  facet normal 0 0 1
    outer loop
      vertex 76.4645 57.5355 2.4
      vertex 71.4 61.6 2.4
      vertex 76.1349 57.172 2.4
    endloop
  endfacet
  facet normal 0 0 1
    outer loop
      vertex 76.828 57.8651 2.4
      vertex 71.4 61.6 2.4
      vertex 76.4645 57.5355 2.4
    endloop
  endfacet
  facet normal 0 0 1
    outer loop
      vertex 85.6 67.6 2.4
      vertex 70.2 61.6 2.4
      vertex 71.4 61.6 2.4
    endloop
  endfacet
  facet normal 0 0 1
    outer loop
      vertex 70.2 61.6 2.4
      vertex 67.2 61.6 2.4
      vertex 70.2 13.6011 2.4
    endloop
  endfacet
  facet normal 0 0 1
    outer loop
      vertex 85.6 67.6 2.4
      vertex 67.2 61.6 2.4
      vertex 70.2 61.6 2.4
    endloop
  endfacet
  facet normal 0 0 1
    outer loop
      vertex 85.6 67.6 2.4
      vertex 66 61.6 2.4
      vertex 67.2 61.6 2.4
    endloop
  endfacet
  facet normal 0 0 1
    outer loop
      vertex 66 61.6 2.4
      vertex 63 61.6 2.4
      vertex 66 13.6011 2.4
    endloop
  endfacet
  facet normal 0 0 1
    outer loop
      vertex 85.6 67.6 2.4
      vertex 63 61.6 2.4
      vertex 66 61.6 2.4
    endloop
  endfacet
  facet normal 0 0 1
    outer loop
      vertex 85.6 67.6 2.4
      vertex 61.8 61.6 2.4
      vertex 63 61.6 2.4
    endloop
  endfacet
  facet normal 0 0 1
    outer loop
      vertex 61.8 61.6 2.4
      vertex 58.8 61.6 2.4
      vertex 61.8 13.6011 2.4
    endloop
  endfacet
  facet normal 0 0 1
    outer loop
      vertex 85.6 67.6 2.4
      vertex 58.8 61.6 2.4
      vertex 61.8 61.6 2.4
    endloop
  endfacet
  facet normal 0 0 1
    outer loop
      vertex 85.6 67.6 2.4
      vertex 57.6 61.6 2.4
      vertex 58.8 61.6 2.4
    endloop
  endfacet
  facet normal 0 0 1
    outer loop
      vertex 57.6 61.6 2.4
      vertex 54.6 61.6 2.4
      vertex 57.6 13.6011 2.4
    endloop
  endfacet
  facet normal 0 0 1
    outer loop
      vertex 85.6 67.6 2.4
      vertex 54.6 61.6 2.4
      vertex 57.6 61.6 2.4
    endloop
  endfacet
  facet normal 0 0 1
    outer loop
      vertex 85.6 67.6 2.4
      vertex 53.4 61.6 2.4
      vertex 54.6 61.6 2.4
    endloop
  endfacet
  facet normal 0 0 1
    outer loop
      vertex 53.4 61.6 2.4
      vertex 50.4 61.6 2.4
      vertex 53.4 13.6011 2.4
    endloop
  endfacet
  facet normal 0 0 1
    outer loop
      vertex 85.6 67.6 2.4
      vertex 50.4 61.6 2.4
      vertex 53.4 61.6 2.4
    endloop
  endfacet
  facet normal 0 0 1
    outer loop
      vertex 85.6 67.6 2.4
      vertex 49.2 61.6 2.4
      vertex 50.4 61.6 2.4
    endloop
  endfacet
  facet normal 0 0 1
    outer loop
      vertex 49.2 61.6 2.4
      vertex 46.2 61.6 2.4
      vertex 49.2 13.6011 2.4
    endloop
  endfacet
  facet normal 0 0 1
    outer loop
      vertex 85.6 67.6 2.4
      vertex 46.2 61.6 2.4
      vertex 49.2 61.6 2.4
    endloop
  endfacet
  facet normal 0 0 1
    outer loop
      vertex 85.6 67.6 2.4
      vertex 45 61.6 2.4
      vertex 46.2 61.6 2.4
    endloop
  endfacet
  facet normal 0 0 1
    outer loop
      vertex 45 61.6 2.4
      vertex 42 61.6 2.4
      vertex 45 13.6011 2.4
    endloop
  endfacet
  facet normal -0 0 1
    outer loop
      vertex 4.4 67.6 2.4
      vertex 45 61.6 2.4
      vertex 85.6 67.6 2.4
    endloop
  endfacet
  facet normal 0 0 1
    outer loop
      vertex 45 61.6 2.4
      vertex 4.4 67.6 2.4
      vertex 42 61.6 2.4
    endloop
  endfacet
  facet normal 0 0 1
    outer loop
      vertex 40.8 61.6 2.4
      vertex 37.8 61.6 2.4
      vertex 40.8 13.6011 2.4
    endloop
  endfacet
  facet normal 0 0 1
    outer loop
      vertex 42 61.6 2.4
      vertex 4.4 67.6 2.4
      vertex 40.8 61.6 2.4
    endloop
  endfacet
  facet normal 0 0 1
    outer loop
      vertex 40.8 61.6 2.4
      vertex 4.4 67.6 2.4
      vertex 37.8 61.6 2.4
    endloop
  endfacet
  facet normal 0 0 1
    outer loop
      vertex 36.6 61.6 2.4
      vertex 33.6 61.6 2.4
      vertex 36.6 13.6011 2.4
    endloop
  endfacet
  facet normal 0 0 1
    outer loop
      vertex 37.8 61.6 2.4
      vertex 4.4 67.6 2.4
      vertex 36.6 61.6 2.4
    endloop
  endfacet
  facet normal 0 0 1
    outer loop
      vertex 36.6 61.6 2.4
      vertex 4.4 67.6 2.4
      vertex 33.6 61.6 2.4
    endloop
  endfacet
  facet normal 0 0 1
    outer loop
      vertex 32.4 61.6 2.4
      vertex 29.4 61.6 2.4
      vertex 32.4 13.6011 2.4
    endloop
  endfacet
  facet normal 0 0 1
    outer loop
      vertex 33.6 61.6 2.4
      vertex 4.4 67.6 2.4
      vertex 32.4 61.6 2.4
    endloop
  endfacet
  facet normal 0 0 1
    outer loop
      vertex 32.4 61.6 2.4
      vertex 4.4 67.6 2.4
      vertex 29.4 61.6 2.4
    endloop
  endfacet
  facet normal 0 0 1
    outer loop
      vertex 28.2 61.6 2.4
      vertex 25.2 61.6 2.4
      vertex 28.2 13.6011 2.4
    endloop
  endfacet
  facet normal 0 0 1
    outer loop
      vertex 29.4 61.6 2.4
      vertex 4.4 67.6 2.4
      vertex 28.2 61.6 2.4
    endloop
  endfacet
  facet normal 0 0 1
    outer loop
      vertex 28.2 61.6 2.4
      vertex 4.4 67.6 2.4
      vertex 25.2 61.6 2.4
    endloop
  endfacet
  facet normal 0 0 1
    outer loop
      vertex 14.9759 53.5099 2.4
      vertex 24 61.6 2.4
      vertex 15 54 2.4
    endloop
  endfacet
  facet normal 0 0 1
    outer loop
      vertex 24 61.6 2.4
      vertex 14.9759 54.4901 2.4
      vertex 15 54 2.4
    endloop
  endfacet
  facet normal 0 0 1
    outer loop
      vertex 24 61.6 2.4
      vertex 14.9039 54.9755 2.4
      vertex 14.9759 54.4901 2.4
    endloop
  endfacet
  facet normal 0 0 1
    outer loop
      vertex 24 61.6 2.4
      vertex 14.7847 55.4514 2.4
      vertex 14.9039 54.9755 2.4
    endloop
  endfacet
  facet normal 0 0 1
    outer loop
      vertex 24 61.6 2.4
      vertex 14.6194 55.9134 2.4
      vertex 14.7847 55.4514 2.4
    endloop
  endfacet
  facet normal 0 0 1
    outer loop
      vertex 24 61.6 2.4
      vertex 14.4096 56.357 2.4
      vertex 14.6194 55.9134 2.4
    endloop
  endfacet
  facet normal 0 0 1
    outer loop
      vertex 24 61.6 2.4
      vertex 14.1573 56.7779 2.4
      vertex 14.4096 56.357 2.4
    endloop
  endfacet
  facet normal 0 0 1
    outer loop
      vertex 24 61.6 2.4
      vertex 13.8651 57.172 2.4
      vertex 14.1573 56.7779 2.4
    endloop
  endfacet
  facet normal 0 0 1
    outer loop
      vertex 24 61.6 2.4
      vertex 13.5355 57.5355 2.4
      vertex 13.8651 57.172 2.4
    endloop
  endfacet
  facet normal 0 0 1
    outer loop
      vertex 24 61.6 2.4
      vertex 13.172 57.8651 2.4
      vertex 13.5355 57.5355 2.4
    endloop
  endfacet
  facet normal 0 0 1
    outer loop
      vertex 24 61.6 2.4
      vertex 12.7779 58.1573 2.4
      vertex 13.172 57.8651 2.4
    endloop
  endfacet
  facet normal 0 0 1
    outer loop
      vertex 24 61.6 2.4
      vertex 12.357 58.4096 2.4
      vertex 12.7779 58.1573 2.4
    endloop
  endfacet
  facet normal 0 0 1
    outer loop
      vertex 24 61.6 2.4
      vertex 11.9134 58.6194 2.4
      vertex 12.357 58.4096 2.4
    endloop
  endfacet
  facet normal 0 0 1
    outer loop
      vertex 4.4 67.6 2.4
      vertex 11.9134 58.6194 2.4
      vertex 24 61.6 2.4
    endloop
  endfacet
  facet normal 0 0 1
    outer loop
      vertex 11.9134 58.6194 2.4
      vertex 4.4 67.6 2.4
      vertex 11.4514 58.7847 2.4
    endloop
  endfacet
  facet normal 0 0 1
    outer loop
      vertex 11.4514 58.7847 2.4
      vertex 4.4 67.6 2.4
      vertex 10.9755 58.9039 2.4
    endloop
  endfacet
  facet normal 0 0 1
    outer loop
      vertex 10.9755 58.9039 2.4
      vertex 4.4 67.6 2.4
      vertex 10.4901 58.9759 2.4
    endloop
  endfacet
  facet normal 0 0 1
    outer loop
      vertex 10.4901 58.9759 2.4
      vertex 4.4 67.6 2.4
      vertex 10 59 2.4
    endloop
  endfacet
  facet normal 0 0 1
    outer loop
      vertex 10 59 2.4
      vertex 4.4 67.6 2.4
      vertex 9.50991 58.9759 2.4
    endloop
  endfacet
  facet normal 0 0 1
    outer loop
      vertex 5.09607 54.9755 2.4
      vertex 2.4 65.6 2.4
      vertex 5.02408 54.4901 2.4
    endloop
  endfacet
  facet normal 0 0 1
    outer loop
      vertex 5.2153 55.4514 2.4
      vertex 2.4 65.6 2.4
      vertex 5.09607 54.9755 2.4
    endloop
  endfacet
  facet normal 0 0 1
    outer loop
      vertex 5.3806 55.9134 2.4
      vertex 2.4 65.6 2.4
      vertex 5.2153 55.4514 2.4
    endloop
  endfacet
  facet normal 0 0 1
    outer loop
      vertex 5.59039 56.357 2.4
      vertex 2.4 65.6 2.4
      vertex 5.3806 55.9134 2.4
    endloop
  endfacet
  facet normal 0 0 1
    outer loop
      vertex 5.84265 56.7779 2.4
      vertex 2.4 65.6 2.4
      vertex 5.59039 56.357 2.4
    endloop
  endfacet
  facet normal 0 0 1
    outer loop
      vertex 6.13495 57.172 2.4
      vertex 2.4 65.6 2.4
      vertex 5.84265 56.7779 2.4
    endloop
  endfacet
  facet normal 0 0 1
    outer loop
      vertex 6.46447 57.5355 2.4
      vertex 2.4 65.6 2.4
      vertex 6.13495 57.172 2.4
    endloop
  endfacet
  facet normal 0 0 1
    outer loop
      vertex 6.82803 57.8651 2.4
      vertex 2.4 65.6 2.4
      vertex 6.46447 57.5355 2.4
    endloop
  endfacet
  facet normal 0 0 1
    outer loop
      vertex 7.22215 58.1573 2.4
      vertex 2.4 65.6 2.4
      vertex 6.82803 57.8651 2.4
    endloop
  endfacet
  facet normal 0 0 1
    outer loop
      vertex 7.64302 58.4096 2.4
      vertex 2.4 65.6 2.4
      vertex 7.22215 58.1573 2.4
    endloop
  endfacet
  facet normal 0 0 1
    outer loop
      vertex 8.08658 58.6194 2.4
      vertex 2.4 65.6 2.4
      vertex 7.64302 58.4096 2.4
    endloop
  endfacet
  facet normal -0 0 1
    outer loop
      vertex 2.4 65.6 2.4
      vertex 8.08658 58.6194 2.4
      vertex 4.4 67.6 2.4
    endloop
  endfacet
  facet normal 0 0 1
    outer loop
      vertex 8.54858 58.7847 2.4
      vertex 4.4 67.6 2.4
      vertex 8.08658 58.6194 2.4
    endloop
  endfacet
  facet normal 0 0 1
    outer loop
      vertex 9.02455 58.9039 2.4
      vertex 4.4 67.6 2.4
      vertex 8.54858 58.7847 2.4
    endloop
  endfacet
  facet normal 0 0 1
    outer loop
      vertex 9.50991 58.9759 2.4
      vertex 4.4 67.6 2.4
      vertex 9.02455 58.9039 2.4
    endloop
  endfacet
  facet normal 0 0 1
    outer loop
      vertex 25.2 61.6 2.4
      vertex 4.4 67.6 2.4
      vertex 24 61.6 2.4
    endloop
  endfacet
  facet normal 0 0 1
    outer loop
      vertex 85.6 67.6 2.4
      vertex 87.6 65.6 2.4
      vertex 87.5904 65.796 2.4
    endloop
  endfacet
  facet normal 0 0 1
    outer loop
      vertex 85.6 67.6 2.4
      vertex 87.5904 65.796 2.4
      vertex 87.5616 65.9902 2.4
    endloop
  endfacet
  facet normal 0 0 1
    outer loop
      vertex 85.6 67.6 2.4
      vertex 87.5616 65.9902 2.4
      vertex 87.5139 66.1806 2.4
    endloop
  endfacet
  facet normal 0 0 1
    outer loop
      vertex 85.6 67.6 2.4
      vertex 87.5139 66.1806 2.4
      vertex 87.4478 66.3654 2.4
    endloop
  endfacet
  facet normal 0 0 1
    outer loop
      vertex 85.6 67.6 2.4
      vertex 87.4478 66.3654 2.4
      vertex 87.3638 66.5428 2.4
    endloop
  endfacet
  facet normal 0 0 1
    outer loop
      vertex 85.6 67.6 2.4
      vertex 87.3638 66.5428 2.4
      vertex 87.2629 66.7111 2.4
    endloop
  endfacet
  facet normal 0 0 1
    outer loop
      vertex 85.6 67.6 2.4
      vertex 87.2629 66.7111 2.4
      vertex 87.146 66.8688 2.4
    endloop
  endfacet
  facet normal 0 0 1
    outer loop
      vertex 85.6 67.6 2.4
      vertex 87.146 66.8688 2.4
      vertex 87.0142 67.0142 2.4
    endloop
  endfacet
  facet normal 0 0 1
    outer loop
      vertex 85.6 67.6 2.4
      vertex 87.0142 67.0142 2.4
      vertex 86.8688 67.146 2.4
    endloop
  endfacet
  facet normal 0 0 1
    outer loop
      vertex 85.6 67.6 2.4
      vertex 86.8688 67.146 2.4
      vertex 86.7111 67.2629 2.4
    endloop
  endfacet
  facet normal 0 0 1
    outer loop
      vertex 85.6 67.6 2.4
      vertex 86.7111 67.2629 2.4
      vertex 86.5428 67.3638 2.4
    endloop
  endfacet
  facet normal 0 0 1
    outer loop
      vertex 85.6 67.6 2.4
      vertex 86.5428 67.3638 2.4
      vertex 86.3654 67.4478 2.4
    endloop
  endfacet
  facet normal 0 0 1
    outer loop
      vertex 85.6 67.6 2.4
      vertex 86.3654 67.4478 2.4
      vertex 86.1806 67.5139 2.4
    endloop
  endfacet
  facet normal 0 0 1
    outer loop
      vertex 85.6 67.6 2.4
      vertex 86.1806 67.5139 2.4
      vertex 85.9902 67.5616 2.4
    endloop
  endfacet
  facet normal 0 0 1
    outer loop
      vertex 85.6 67.6 2.4
      vertex 85.9902 67.5616 2.4
      vertex 85.796 67.5904 2.4
    endloop
  endfacet
  facet normal 0 0 1
    outer loop
      vertex 81.9134 58.6194 2.4
      vertex 87.6 65.6 2.4
      vertex 85.6 67.6 2.4
    endloop
  endfacet
  facet normal 0 0 1
    outer loop
      vertex 87.6 65.6 2.4
      vertex 85 54 2.4
      vertex 84.9759 53.5099 2.4
    endloop
  endfacet
  facet normal 0 0 1
    outer loop
      vertex 87.6 65.6 2.4
      vertex 84.9759 53.5099 2.4
      vertex 87.6 13.6011 2.4
    endloop
  endfacet
  facet normal -0 0 1
    outer loop
      vertex 84.9039 53.0245 2.4
      vertex 87.6 13.6011 2.4
      vertex 84.9759 53.5099 2.4
    endloop
  endfacet
  facet normal -0 0 1
    outer loop
      vertex 84.7847 52.5486 2.4
      vertex 87.6 13.6011 2.4
      vertex 84.9039 53.0245 2.4
    endloop
  endfacet
  facet normal -0 0 1
    outer loop
      vertex 84.6194 52.0866 2.4
      vertex 87.6 13.6011 2.4
      vertex 84.7847 52.5486 2.4
    endloop
  endfacet
  facet normal -0 0 1
    outer loop
      vertex 84.4096 51.643 2.4
      vertex 87.6 13.6011 2.4
      vertex 84.6194 52.0866 2.4
    endloop
  endfacet
  facet normal -0 0 1
    outer loop
      vertex 84.1573 51.2221 2.4
      vertex 87.6 13.6011 2.4
      vertex 84.4096 51.643 2.4
    endloop
  endfacet
  facet normal -0 0 1
    outer loop
      vertex 83.8651 50.828 2.4
      vertex 87.6 13.6011 2.4
      vertex 84.1573 51.2221 2.4
    endloop
  endfacet
  facet normal -0 0 1
    outer loop
      vertex 83.5355 50.4645 2.4
      vertex 87.6 13.6011 2.4
      vertex 83.8651 50.828 2.4
    endloop
  endfacet
  facet normal -0 0 1
    outer loop
      vertex 83.172 50.1349 2.4
      vertex 87.6 13.6011 2.4
      vertex 83.5355 50.4645 2.4
    endloop
  endfacet
  facet normal -0 0 1
    outer loop
      vertex 82.7778 49.8427 2.4
      vertex 87.6 13.6011 2.4
      vertex 83.172 50.1349 2.4
    endloop
  endfacet
  facet normal 0 0 1
    outer loop
      vertex 87.6 13.6011 2.4
      vertex 83.172 13.8651 2.4
      vertex 83.4632 13.6011 2.4
    endloop
  endfacet
  facet normal -0 0 1
    outer loop
      vertex 82.357 49.5904 2.4
      vertex 87.6 13.6011 2.4
      vertex 82.7778 49.8427 2.4
    endloop
  endfacet
  facet normal 0 0 1
    outer loop
      vertex 87.6 13.6011 2.4
      vertex 82.7778 14.1573 2.4
      vertex 83.172 13.8651 2.4
    endloop
  endfacet
  facet normal -0 0 1
    outer loop
      vertex 81.9134 49.3806 2.4
      vertex 87.6 13.6011 2.4
      vertex 82.357 49.5904 2.4
    endloop
  endfacet
  facet normal 0 0 1
    outer loop
      vertex 87.6 13.6011 2.4
      vertex 82.357 14.4096 2.4
      vertex 82.7778 14.1573 2.4
    endloop
  endfacet
  facet normal -0 0 1
    outer loop
      vertex 81.9134 14.6194 2.4
      vertex 87.6 13.6011 2.4
      vertex 81.9134 49.3806 2.4
    endloop
  endfacet
  facet normal 0 0 1
    outer loop
      vertex 87.6 13.6011 2.4
      vertex 81.9134 14.6194 2.4
      vertex 82.357 14.4096 2.4
    endloop
  endfacet
  facet normal -0 0 1
    outer loop
      vertex 81.4514 49.2153 2.4
      vertex 81.9134 14.6194 2.4
      vertex 81.9134 49.3806 2.4
    endloop
  endfacet
  facet normal 0 0 1
    outer loop
      vertex 81.4514 49.2153 2.4
      vertex 81.4514 14.7847 2.4
      vertex 81.9134 14.6194 2.4
    endloop
  endfacet
  facet normal -0 0 1
    outer loop
      vertex 80.9754 49.0961 2.4
      vertex 81.4514 14.7847 2.4
      vertex 81.4514 49.2153 2.4
    endloop
  endfacet
  facet normal 0 0 1
    outer loop
      vertex 80.9754 49.0961 2.4
      vertex 80.9754 14.9039 2.4
      vertex 81.4514 14.7847 2.4
    endloop
  endfacet
  facet normal -0 0 1
    outer loop
      vertex 80.4901 49.0241 2.4
      vertex 80.9754 14.9039 2.4
      vertex 80.9754 49.0961 2.4
    endloop
  endfacet
  facet normal 0 0 1
    outer loop
      vertex 80.4901 49.0241 2.4
      vertex 80.4901 14.9759 2.4
      vertex 80.9754 14.9039 2.4
    endloop
  endfacet
  facet normal -0 0 1
    outer loop
      vertex 80 49 2.4
      vertex 80.4901 14.9759 2.4
      vertex 80.4901 49.0241 2.4
    endloop
  endfacet
  facet normal 0 0 1
    outer loop
      vertex 80 49 2.4
      vertex 80 15 2.4
      vertex 80.4901 14.9759 2.4
    endloop
  endfacet
  facet normal 0 0 1
    outer loop
      vertex 79.5099 49.0241 2.4
      vertex 80 15 2.4
      vertex 80 49 2.4
    endloop
  endfacet
  facet normal 0 0 1
    outer loop
      vertex 79.5099 49.0241 2.4
      vertex 79.5099 14.9759 2.4
      vertex 80 15 2.4
    endloop
  endfacet
  facet normal 0 0 1
    outer loop
      vertex 79.0246 49.0961 2.4
      vertex 79.5099 14.9759 2.4
      vertex 79.5099 49.0241 2.4
    endloop
  endfacet
  facet normal 0 0 1
    outer loop
      vertex 79.0246 49.0961 2.4
      vertex 79.0246 14.9039 2.4
      vertex 79.5099 14.9759 2.4
    endloop
  endfacet
  facet normal 0 0 1
    outer loop
      vertex 78.5486 49.2153 2.4
      vertex 79.0246 14.9039 2.4
      vertex 79.0246 49.0961 2.4
    endloop
  endfacet
  facet normal 0 0 1
    outer loop
      vertex 78.5486 49.2153 2.4
      vertex 78.5486 14.7847 2.4
      vertex 79.0246 14.9039 2.4
    endloop
  endfacet
  facet normal 0 0 1
    outer loop
      vertex 78.0866 49.3806 2.4
      vertex 78.5486 14.7847 2.4
      vertex 78.5486 49.2153 2.4
    endloop
  endfacet
  facet normal 0 0 1
    outer loop
      vertex 78.0866 49.3806 2.4
      vertex 78.0866 14.6194 2.4
      vertex 78.5486 14.7847 2.4
    endloop
  endfacet
  facet normal 0 0 1
    outer loop
      vertex 71.4 13.6011 2.4
      vertex 78.0866 49.3806 2.4
      vertex 77.643 49.5904 2.4
    endloop
  endfacet
  facet normal 0 0 1
    outer loop
      vertex 78.0866 49.3806 2.4
      vertex 71.4 13.6011 2.4
      vertex 78.0866 14.6194 2.4
    endloop
  endfacet
  facet normal 0 0 1
    outer loop
      vertex 71.4 13.6011 2.4
      vertex 77.643 49.5904 2.4
      vertex 77.2222 49.8427 2.4
    endloop
  endfacet
  facet normal 0 0 1
    outer loop
      vertex 78.0866 14.6194 2.4
      vertex 71.4 13.6011 2.4
      vertex 77.643 14.4096 2.4
    endloop
  endfacet
  facet normal 0 0 1
    outer loop
      vertex 71.4 13.6011 2.4
      vertex 77.2222 49.8427 2.4
      vertex 76.828 50.1349 2.4
    endloop
  endfacet
  facet normal 0 0 1
    outer loop
      vertex 77.643 14.4096 2.4
      vertex 71.4 13.6011 2.4
      vertex 77.2222 14.1573 2.4
    endloop
  endfacet
  facet normal 0 0 1
    outer loop
      vertex 77.2222 14.1573 2.4
      vertex 71.4 13.6011 2.4
      vertex 76.828 13.8651 2.4
    endloop
  endfacet
  facet normal 0 0 1
    outer loop
      vertex 71.4 13.6011 2.4
      vertex 76.828 50.1349 2.4
      vertex 76.4645 50.4645 2.4
    endloop
  endfacet
  facet normal 0 0 1
    outer loop
      vertex 71.4 13.6011 2.4
      vertex 76.4645 50.4645 2.4
      vertex 76.1349 50.828 2.4
    endloop
  endfacet
  facet normal 0 0 1
    outer loop
      vertex 71.4 13.6011 2.4
      vertex 76.1349 50.828 2.4
      vertex 75.8427 51.2221 2.4
    endloop
  endfacet
  facet normal 0 0 1
    outer loop
      vertex 71.4 13.6011 2.4
      vertex 75.8427 51.2221 2.4
      vertex 75.5904 51.643 2.4
    endloop
  endfacet
  facet normal 0 0 1
    outer loop
      vertex 71.4 13.6011 2.4
      vertex 75.5904 51.643 2.4
      vertex 75.3806 52.0866 2.4
    endloop
  endfacet
  facet normal 0 0 1
    outer loop
      vertex 71.4 13.6011 2.4
      vertex 75.3806 52.0866 2.4
      vertex 75.2153 52.5486 2.4
    endloop
  endfacet
  facet normal 0 0 1
    outer loop
      vertex 71.4 61.6 2.4
      vertex 75.2153 52.5486 2.4
      vertex 75.0961 53.0245 2.4
    endloop
  endfacet
  facet normal 0 0 1
    outer loop
      vertex 71.4 61.6 2.4
      vertex 75.0961 53.0245 2.4
      vertex 75.0241 53.5099 2.4
    endloop
  endfacet
  facet normal 0 0 1
    outer loop
      vertex 71.4 61.6 2.4
      vertex 75.0241 53.5099 2.4
      vertex 75 54 2.4
    endloop
  endfacet
  facet normal 0 0 1
    outer loop
      vertex 75.2153 52.5486 2.4
      vertex 71.4 61.6 2.4
      vertex 71.4 13.6011 2.4
    endloop
  endfacet
  facet normal 0 0 1
    outer loop
      vertex 76.828 13.8651 2.4
      vertex 71.4 13.6011 2.4
      vertex 76.5368 13.6011 2.4
    endloop
  endfacet
  facet normal 0 0 1
    outer loop
      vertex 70.2 13.6011 2.4
      vertex 67.2 61.6 2.4
      vertex 67.2 13.6011 2.4
    endloop
  endfacet
  facet normal 0 0 1
    outer loop
      vertex 66 13.6011 2.4
      vertex 63 61.6 2.4
      vertex 63 13.6011 2.4
    endloop
  endfacet
  facet normal 0 0 1
    outer loop
      vertex 61.8 13.6011 2.4
      vertex 58.8 61.6 2.4
      vertex 58.8 13.6011 2.4
    endloop
  endfacet
  facet normal 0 0 1
    outer loop
      vertex 57.6 13.6011 2.4
      vertex 54.6 61.6 2.4
      vertex 54.6 13.6011 2.4
    endloop
  endfacet
  facet normal 0 0 1
    outer loop
      vertex 53.4 13.6011 2.4
      vertex 50.4 61.6 2.4
      vertex 50.4 13.6011 2.4
    endloop
  endfacet
  facet normal 0 0 1
    outer loop
      vertex 49.2 13.6011 2.4
      vertex 46.2 61.6 2.4
      vertex 46.2 13.6011 2.4
    endloop
  endfacet
  facet normal 0 0 1
    outer loop
      vertex 45 13.6011 2.4
      vertex 42 61.6 2.4
      vertex 42 13.6011 2.4
    endloop
  endfacet
  facet normal 0 0 1
    outer loop
      vertex 40.8 13.6011 2.4
      vertex 37.8 61.6 2.4
      vertex 37.8 13.6011 2.4
    endloop
  endfacet
  facet normal 0 0 1
    outer loop
      vertex 36.6 13.6011 2.4
      vertex 33.6 61.6 2.4
      vertex 33.6 13.6011 2.4
    endloop
  endfacet
  facet normal 0 0 1
    outer loop
      vertex 32.4 13.6011 2.4
      vertex 29.4 61.6 2.4
      vertex 29.4 13.6011 2.4
    endloop
  endfacet
  facet normal 0 0 1
    outer loop
      vertex 28.2 13.6011 2.4
      vertex 25.2 61.6 2.4
      vertex 25.2 13.6011 2.4
    endloop
  endfacet
  facet normal 0 0 1
    outer loop
      vertex 14.9039 53.0245 2.4
      vertex 24 61.6 2.4
      vertex 14.9759 53.5099 2.4
    endloop
  endfacet
  facet normal 0 0 1
    outer loop
      vertex 14.7847 52.5486 2.4
      vertex 24 61.6 2.4
      vertex 14.9039 53.0245 2.4
    endloop
  endfacet
  facet normal 0 0 1
    outer loop
      vertex 14.6194 52.0866 2.4
      vertex 24 61.6 2.4
      vertex 14.7847 52.5486 2.4
    endloop
  endfacet
  facet normal 0 0 1
    outer loop
      vertex 14.4096 51.643 2.4
      vertex 24 61.6 2.4
      vertex 14.6194 52.0866 2.4
    endloop
  endfacet
  facet normal 0 0 1
    outer loop
      vertex 24 61.6 2.4
      vertex 14.4096 51.643 2.4
      vertex 24 13.6011 2.4
    endloop
  endfacet
  facet normal -0 0 1
    outer loop
      vertex 14.1573 51.2221 2.4
      vertex 24 13.6011 2.4
      vertex 14.4096 51.643 2.4
    endloop
  endfacet
  facet normal -0 0 1
    outer loop
      vertex 13.8651 50.828 2.4
      vertex 24 13.6011 2.4
      vertex 14.1573 51.2221 2.4
    endloop
  endfacet
  facet normal -0 0 1
    outer loop
      vertex 13.5355 50.4645 2.4
      vertex 24 13.6011 2.4
      vertex 13.8651 50.828 2.4
    endloop
  endfacet
  facet normal -0 0 1
    outer loop
      vertex 13.172 50.1349 2.4
      vertex 24 13.6011 2.4
      vertex 13.5355 50.4645 2.4
    endloop
  endfacet
  facet normal -0 0 1
    outer loop
      vertex 12.7779 49.8427 2.4
      vertex 24 13.6011 2.4
      vertex 13.172 50.1349 2.4
    endloop
  endfacet
  facet normal 0 0 1
    outer loop
      vertex 24 13.6011 2.4
      vertex 13.172 13.8651 2.4
      vertex 13.4632 13.6011 2.4
    endloop
  endfacet
  facet normal -0 0 1
    outer loop
      vertex 12.357 49.5904 2.4
      vertex 24 13.6011 2.4
      vertex 12.7779 49.8427 2.4
    endloop
  endfacet
  facet normal 0 0 1
    outer loop
      vertex 24 13.6011 2.4
      vertex 12.7779 14.1573 2.4
      vertex 13.172 13.8651 2.4
    endloop
  endfacet
  facet normal -0 0 1
    outer loop
      vertex 11.9134 49.3806 2.4
      vertex 24 13.6011 2.4
      vertex 12.357 49.5904 2.4
    endloop
  endfacet
  facet normal 0 0 1
    outer loop
      vertex 24 13.6011 2.4
      vertex 12.357 14.4096 2.4
      vertex 12.7779 14.1573 2.4
    endloop
  endfacet
  facet normal -0 0 1
    outer loop
      vertex 11.9134 14.6194 2.4
      vertex 24 13.6011 2.4
      vertex 11.9134 49.3806 2.4
    endloop
  endfacet
  facet normal 0 0 1
    outer loop
      vertex 24 13.6011 2.4
      vertex 11.9134 14.6194 2.4
      vertex 12.357 14.4096 2.4
    endloop
  endfacet
  facet normal -0 0 1
    outer loop
      vertex 11.4514 49.2153 2.4
      vertex 11.9134 14.6194 2.4
      vertex 11.9134 49.3806 2.4
    endloop
  endfacet
  facet normal 0 0 1
    outer loop
      vertex 11.4514 49.2153 2.4
      vertex 11.4514 14.7847 2.4
      vertex 11.9134 14.6194 2.4
    endloop
  endfacet
  facet normal -0 0 1
    outer loop
      vertex 10.9755 49.0961 2.4
      vertex 11.4514 14.7847 2.4
      vertex 11.4514 49.2153 2.4
    endloop
  endfacet
  facet normal 0 0 1
    outer loop
      vertex 10.9755 49.0961 2.4
      vertex 10.9755 14.9039 2.4
      vertex 11.4514 14.7847 2.4
    endloop
  endfacet
  facet normal -0 0 1
    outer loop
      vertex 10.4901 49.0241 2.4
      vertex 10.9755 14.9039 2.4
      vertex 10.9755 49.0961 2.4
    endloop
  endfacet
  facet normal 0 0 1
    outer loop
      vertex 10.4901 49.0241 2.4
      vertex 10.4901 14.9759 2.4
      vertex 10.9755 14.9039 2.4
    endloop
  endfacet
  facet normal -0 0 1
    outer loop
      vertex 10 49 2.4
      vertex 10.4901 14.9759 2.4
      vertex 10.4901 49.0241 2.4
    endloop
  endfacet
  facet normal 0 0 1
    outer loop
      vertex 10 49 2.4
      vertex 10 15 2.4
      vertex 10.4901 14.9759 2.4
    endloop
  endfacet
  facet normal 0 0 1
    outer loop
      vertex 9.50991 49.0241 2.4
      vertex 10 15 2.4
      vertex 10 49 2.4
    endloop
  endfacet
  facet normal 0 0 1
    outer loop
      vertex 9.50991 49.0241 2.4
      vertex 9.50991 14.9759 2.4
      vertex 10 15 2.4
    endloop
  endfacet
  facet normal 0 0 1
    outer loop
      vertex 9.02455 49.0961 2.4
      vertex 9.50991 14.9759 2.4
      vertex 9.50991 49.0241 2.4
    endloop
  endfacet
  facet normal 0 0 1
    outer loop
      vertex 9.02455 49.0961 2.4
      vertex 9.02455 14.9039 2.4
      vertex 9.50991 14.9759 2.4
    endloop
  endfacet
  facet normal 0 0 1
    outer loop
      vertex 8.54858 49.2153 2.4
      vertex 9.02455 14.9039 2.4
      vertex 9.02455 49.0961 2.4
    endloop
  endfacet
  facet normal 0 0 1
    outer loop
      vertex 8.54858 49.2153 2.4
      vertex 8.54858 14.7847 2.4
      vertex 9.02455 14.9039 2.4
    endloop
  endfacet
  facet normal 0 0 1
    outer loop
      vertex 8.08658 49.3806 2.4
      vertex 8.54858 14.7847 2.4
      vertex 8.54858 49.2153 2.4
    endloop
  endfacet
  facet normal 0 0 1
    outer loop
      vertex 8.08658 49.3806 2.4
      vertex 8.08658 14.6194 2.4
      vertex 8.54858 14.7847 2.4
    endloop
  endfacet
  facet normal 0 0 1
    outer loop
      vertex 2.4 13.6011 2.4
      vertex 8.08658 49.3806 2.4
      vertex 7.64302 49.5904 2.4
    endloop
  endfacet
  facet normal 0 0 1
    outer loop
      vertex 8.08658 49.3806 2.4
      vertex 2.4 13.6011 2.4
      vertex 8.08658 14.6194 2.4
    endloop
  endfacet
  facet normal 0 0 1
    outer loop
      vertex 2.4 13.6011 2.4
      vertex 7.64302 49.5904 2.4
      vertex 7.22215 49.8427 2.4
    endloop
  endfacet
  facet normal 0 0 1
    outer loop
      vertex 8.08658 14.6194 2.4
      vertex 2.4 13.6011 2.4
      vertex 7.64302 14.4096 2.4
    endloop
  endfacet
  facet normal 0 0 1
    outer loop
      vertex 2.4 13.6011 2.4
      vertex 7.22215 49.8427 2.4
      vertex 6.82803 50.1349 2.4
    endloop
  endfacet
  facet normal 0 0 1
    outer loop
      vertex 7.64302 14.4096 2.4
      vertex 2.4 13.6011 2.4
      vertex 7.22215 14.1573 2.4
    endloop
  endfacet
  facet normal 0 0 1
    outer loop
      vertex 7.22215 14.1573 2.4
      vertex 2.4 13.6011 2.4
      vertex 6.82803 13.8651 2.4
    endloop
  endfacet
  facet normal 0 0 1
    outer loop
      vertex 2.4 13.6011 2.4
      vertex 6.82803 50.1349 2.4
      vertex 6.46447 50.4645 2.4
    endloop
  endfacet
  facet normal 0 0 1
    outer loop
      vertex 2.4 13.6011 2.4
      vertex 6.46447 50.4645 2.4
      vertex 6.13495 50.828 2.4
    endloop
  endfacet
  facet normal 0 0 1
    outer loop
      vertex 2.4 13.6011 2.4
      vertex 6.13495 50.828 2.4
      vertex 5.84265 51.2221 2.4
    endloop
  endfacet
  facet normal 0 0 1
    outer loop
      vertex 2.4 13.6011 2.4
      vertex 5.84265 51.2221 2.4
      vertex 5.59039 51.643 2.4
    endloop
  endfacet
  facet normal 0 0 1
    outer loop
      vertex 2.4 13.6011 2.4
      vertex 5.59039 51.643 2.4
      vertex 5.3806 52.0866 2.4
    endloop
  endfacet
  facet normal 0 0 1
    outer loop
      vertex 2.4 13.6011 2.4
      vertex 5.3806 52.0866 2.4
      vertex 5.2153 52.5486 2.4
    endloop
  endfacet
  facet normal 0 0 1
    outer loop
      vertex 2.4 13.6011 2.4
      vertex 5.2153 52.5486 2.4
      vertex 5.09607 53.0245 2.4
    endloop
  endfacet
  facet normal 0 0 1
    outer loop
      vertex 2.4 13.6011 2.4
      vertex 5.09607 53.0245 2.4
      vertex 5.02408 53.5099 2.4
    endloop
  endfacet
  facet normal 0 0 1
    outer loop
      vertex 2.4 65.6 2.4
      vertex 5.02408 53.5099 2.4
      vertex 5 54 2.4
    endloop
  endfacet
  facet normal 0 0 1
    outer loop
      vertex 5.02408 54.4901 2.4
      vertex 2.4 65.6 2.4
      vertex 5 54 2.4
    endloop
  endfacet
  facet normal 0 0 1
    outer loop
      vertex 2.4 65.6 2.4
      vertex 4.4 67.6 2.4
      vertex 4.20397 67.5904 2.4
    endloop
  endfacet
  facet normal 0 0 1
    outer loop
      vertex 2.4 65.6 2.4
      vertex 4.20397 67.5904 2.4
      vertex 4.00982 67.5616 2.4
    endloop
  endfacet
  facet normal 0 0 1
    outer loop
      vertex 2.4 65.6 2.4
      vertex 4.00982 67.5616 2.4
      vertex 3.81943 67.5139 2.4
    endloop
  endfacet
  facet normal 0 0 1
    outer loop
      vertex 2.4 65.6 2.4
      vertex 3.81943 67.5139 2.4
      vertex 3.63463 67.4478 2.4
    endloop
  endfacet
  facet normal 0 0 1
    outer loop
      vertex 2.4 65.6 2.4
      vertex 3.63463 67.4478 2.4
      vertex 3.4572 67.3638 2.4
    endloop
  endfacet
  facet normal 0 0 1
    outer loop
      vertex 2.4 65.6 2.4
      vertex 3.4572 67.3638 2.4
      vertex 3.28885 67.2629 2.4
    endloop
  endfacet
  facet normal 0 0 1
    outer loop
      vertex 2.4 65.6 2.4
      vertex 3.28885 67.2629 2.4
      vertex 3.13122 67.146 2.4
    endloop
  endfacet
  facet normal 0 0 1
    outer loop
      vertex 2.4 65.6 2.4
      vertex 3.13122 67.146 2.4
      vertex 2.98578 67.0142 2.4
    endloop
  endfacet
  facet normal 0 0 1
    outer loop
      vertex 2.4 65.6 2.4
      vertex 2.98578 67.0142 2.4
      vertex 2.85398 66.8688 2.4
    endloop
  endfacet
  facet normal 0 0 1
    outer loop
      vertex 2.4 65.6 2.4
      vertex 2.85398 66.8688 2.4
      vertex 2.73707 66.7111 2.4
    endloop
  endfacet
  facet normal 0 0 1
    outer loop
      vertex 2.4 65.6 2.4
      vertex 2.73707 66.7111 2.4
      vertex 2.63616 66.5428 2.4
    endloop
  endfacet
  facet normal 0 0 1
    outer loop
      vertex 2.4 65.6 2.4
      vertex 2.63616 66.5428 2.4
      vertex 2.55224 66.3654 2.4
    endloop
  endfacet
  facet normal 0 0 1
    outer loop
      vertex 2.4 65.6 2.4
      vertex 2.55224 66.3654 2.4
      vertex 2.48612 66.1806 2.4
    endloop
  endfacet
  facet normal 0 0 1
    outer loop
      vertex 2.4 65.6 2.4
      vertex 2.48612 66.1806 2.4
      vertex 2.43844 65.9902 2.4
    endloop
  endfacet
  facet normal 0 0 1
    outer loop
      vertex 2.4 65.6 2.4
      vertex 2.43844 65.9902 2.4
      vertex 2.40963 65.796 2.4
    endloop
  endfacet
  facet normal 0 0 1
    outer loop
      vertex 5.02408 53.5099 2.4
      vertex 2.4 65.6 2.4
      vertex 2.4 13.6011 2.4
    endloop
  endfacet
  facet normal 0 0 1
    outer loop
      vertex 6.82803 13.8651 2.4
      vertex 2.4 13.6011 2.4
      vertex 6.53678 13.6011 2.4
    endloop
  endfacet
  facet normal 0 0 -1
    outer loop
      vertex 57.6 2.4 2.4
      vertex 58.8 13.6011 2.4
      vertex 58.8 2.4 2.4
    endloop
  endfacet
  facet normal -0 0 -1
    outer loop
      vertex 58.8 13.6011 2.4
      vertex 57.6 2.4 2.4
      vertex 57.6 13.6011 2.4
    endloop
  endfacet
  facet normal 0 0 -1
    outer loop
      vertex 66 2.4 2.4
      vertex 67.2 13.6011 2.4
      vertex 67.2 2.4 2.4
    endloop
  endfacet
  facet normal -0 0 -1
    outer loop
      vertex 67.2 13.6011 2.4
      vertex 66 2.4 2.4
      vertex 66 13.6011 2.4
    endloop
  endfacet
  facet normal 0 0 -1
    outer loop
      vertex 45 2.4 2.4
      vertex 46.2 13.6011 2.4
      vertex 46.2 2.4 2.4
    endloop
  endfacet
  facet normal -0 0 -1
    outer loop
      vertex 46.2 13.6011 2.4
      vertex 45 2.4 2.4
      vertex 45 13.6011 2.4
    endloop
  endfacet
  facet normal 0 0 -1
    outer loop
      vertex 53.4 2.4 2.4
      vertex 54.6 13.6011 2.4
      vertex 54.6 2.4 2.4
    endloop
  endfacet
  facet normal -0 0 -1
    outer loop
      vertex 54.6 13.6011 2.4
      vertex 53.4 2.4 2.4
      vertex 53.4 13.6011 2.4
    endloop
  endfacet
  facet normal 0 0 -1
    outer loop
      vertex 36.6 2.4 2.4
      vertex 37.8 13.6011 2.4
      vertex 37.8 2.4 2.4
    endloop
  endfacet
  facet normal -0 0 -1
    outer loop
      vertex 37.8 13.6011 2.4
      vertex 36.6 2.4 2.4
      vertex 36.6 13.6011 2.4
    endloop
  endfacet
  facet normal 0 0 -1
    outer loop
      vertex 28.2 2.4 2.4
      vertex 29.4 13.6011 2.4
      vertex 29.4 2.4 2.4
    endloop
  endfacet
  facet normal -0 0 -1
    outer loop
      vertex 29.4 13.6011 2.4
      vertex 28.2 2.4 2.4
      vertex 28.2 13.6011 2.4
    endloop
  endfacet
  facet normal 0 0 -1
    outer loop
      vertex 40.8 2.4 2.4
      vertex 42 13.6011 2.4
      vertex 42 2.4 2.4
    endloop
  endfacet
  facet normal -0 0 -1
    outer loop
      vertex 42 13.6011 2.4
      vertex 40.8 2.4 2.4
      vertex 40.8 13.6011 2.4
    endloop
  endfacet
  facet normal 0 0 -1
    outer loop
      vertex 24 2.4 2.4
      vertex 25.2 13.6011 2.4
      vertex 25.2 2.4 2.4
    endloop
  endfacet
  facet normal -0 0 -1
    outer loop
      vertex 25.2 13.6011 2.4
      vertex 24 2.4 2.4
      vertex 24 13.6011 2.4
    endloop
  endfacet
  facet normal 0 0 -1
    outer loop
      vertex 32.4 2.4 2.4
      vertex 33.6 13.6011 2.4
      vertex 33.6 2.4 2.4
    endloop
  endfacet
  facet normal -0 0 -1
    outer loop
      vertex 33.6 13.6011 2.4
      vertex 32.4 2.4 2.4
      vertex 32.4 13.6011 2.4
    endloop
  endfacet
  facet normal 0 0 -1
    outer loop
      vertex 49.2 2.4 2.4
      vertex 50.4 13.6011 2.4
      vertex 50.4 2.4 2.4
    endloop
  endfacet
  facet normal -0 0 -1
    outer loop
      vertex 50.4 13.6011 2.4
      vertex 49.2 2.4 2.4
      vertex 49.2 13.6011 2.4
    endloop
  endfacet
  facet normal 0 0 -1
    outer loop
      vertex 70.2 2.4 2.4
      vertex 71.4 13.6011 2.4
      vertex 71.4 2.4 2.4
    endloop
  endfacet
  facet normal -0 0 -1
    outer loop
      vertex 71.4 13.6011 2.4
      vertex 70.2 2.4 2.4
      vertex 70.2 13.6011 2.4
    endloop
  endfacet
  facet normal 0 0 1
    outer loop
      vertex 11.7 10 2.4
      vertex 15 10 2.4
      vertex 14.9759 10.4901 2.4
    endloop
  endfacet
  facet normal 0 0 1
    outer loop
      vertex 11.6918 10.1666 2.4
      vertex 14.9759 10.4901 2.4
      vertex 14.9039 10.9755 2.4
    endloop
  endfacet
  facet normal 0 0 1
    outer loop
      vertex 15 10 2.4
      vertex 11.7 10 2.4
      vertex 14.9759 9.50991 2.4
    endloop
  endfacet
  facet normal 0 0 1
    outer loop
      vertex 11.6673 10.3317 2.4
      vertex 14.9039 10.9755 2.4
      vertex 14.7847 11.4514 2.4
    endloop
  endfacet
  facet normal -0 0 1
    outer loop
      vertex 11.6918 9.83337 2.4
      vertex 14.9759 9.50991 2.4
      vertex 11.7 10 2.4
    endloop
  endfacet
  facet normal 0 0 1
    outer loop
      vertex 11.6268 10.4935 2.4
      vertex 14.7847 11.4514 2.4
      vertex 14.6194 11.9134 2.4
    endloop
  endfacet
  facet normal 0 0 1
    outer loop
      vertex 14.9759 9.50991 2.4
      vertex 11.6918 9.83337 2.4
      vertex 14.9039 9.02455 2.4
    endloop
  endfacet
  facet normal 0 0 1
    outer loop
      vertex 11.5706 10.6506 2.4
      vertex 14.6194 11.9134 2.4
      vertex 14.4096 12.357 2.4
    endloop
  endfacet
  facet normal -0 0 1
    outer loop
      vertex 11.6673 9.66835 2.4
      vertex 14.9039 9.02455 2.4
      vertex 11.6918 9.83337 2.4
    endloop
  endfacet
  facet normal 0 0 1
    outer loop
      vertex 11.4993 10.8014 2.4
      vertex 14.4096 12.357 2.4
      vertex 14.1573 12.7779 2.4
    endloop
  endfacet
  facet normal 0 0 1
    outer loop
      vertex 14.9039 9.02455 2.4
      vertex 11.6673 9.66835 2.4
      vertex 14.7847 8.54858 2.4
    endloop
  endfacet
  facet normal 0 0 1
    outer loop
      vertex 11.4135 10.9445 2.4
      vertex 14.1573 12.7779 2.4
      vertex 13.8651 13.172 2.4
    endloop
  endfacet
  facet normal -0 0 1
    outer loop
      vertex 11.6268 9.50652 2.4
      vertex 14.7847 8.54858 2.4
      vertex 11.6673 9.66835 2.4
    endloop
  endfacet
  facet normal 0 0 1
    outer loop
      vertex 11.3141 11.0785 2.4
      vertex 13.8651 13.172 2.4
      vertex 13.5355 13.5355 2.4
    endloop
  endfacet
  facet normal 0 0 1
    outer loop
      vertex 14.7847 8.54858 2.4
      vertex 11.6268 9.50652 2.4
      vertex 14.6194 8.08658 2.4
    endloop
  endfacet
  facet normal 0 0 1
    outer loop
      vertex 11.2021 11.2021 2.4
      vertex 13.5355 13.5355 2.4
      vertex 13.4632 13.6011 2.4
    endloop
  endfacet
  facet normal 0 0 1
    outer loop
      vertex 11.0785 11.3141 2.4
      vertex 13.4632 13.6011 2.4
      vertex 13.172 13.8651 2.4
    endloop
  endfacet
  facet normal -0 0 1
    outer loop
      vertex 11.5706 9.34944 2.4
      vertex 14.6194 8.08658 2.4
      vertex 11.6268 9.50652 2.4
    endloop
  endfacet
  facet normal 0 0 1
    outer loop
      vertex 11.0785 11.3141 2.4
      vertex 13.172 13.8651 2.4
      vertex 12.7779 14.1573 2.4
    endloop
  endfacet
  facet normal 0 0 1
    outer loop
      vertex 14.6194 8.08658 2.4
      vertex 11.5706 9.34944 2.4
      vertex 14.4096 7.64302 2.4
    endloop
  endfacet
  facet normal 0 0 1
    outer loop
      vertex 10.9445 11.4135 2.4
      vertex 12.7779 14.1573 2.4
      vertex 12.357 14.4096 2.4
    endloop
  endfacet
  facet normal -0 0 1
    outer loop
      vertex 11.4993 9.19863 2.4
      vertex 14.4096 7.64302 2.4
      vertex 11.5706 9.34944 2.4
    endloop
  endfacet
  facet normal 0 0 1
    outer loop
      vertex 10.8014 11.4993 2.4
      vertex 12.357 14.4096 2.4
      vertex 11.9134 14.6194 2.4
    endloop
  endfacet
  facet normal 0 0 1
    outer loop
      vertex 14.4096 7.64302 2.4
      vertex 11.4993 9.19863 2.4
      vertex 14.1573 7.22215 2.4
    endloop
  endfacet
  facet normal -0 0 1
    outer loop
      vertex 11.4135 9.05553 2.4
      vertex 14.1573 7.22215 2.4
      vertex 11.4993 9.19863 2.4
    endloop
  endfacet
  facet normal 0 0 1
    outer loop
      vertex 14.9759 10.4901 2.4
      vertex 11.6918 10.1666 2.4
      vertex 11.7 10 2.4
    endloop
  endfacet
  facet normal 0 0 1
    outer loop
      vertex 14.9039 10.9755 2.4
      vertex 11.6673 10.3317 2.4
      vertex 11.6918 10.1666 2.4
    endloop
  endfacet
  facet normal 0 0 1
    outer loop
      vertex 14.7847 11.4514 2.4
      vertex 11.6268 10.4935 2.4
      vertex 11.6673 10.3317 2.4
    endloop
  endfacet
  facet normal 0 0 1
    outer loop
      vertex 14.6194 11.9134 2.4
      vertex 11.5706 10.6506 2.4
      vertex 11.6268 10.4935 2.4
    endloop
  endfacet
  facet normal 0 0 1
    outer loop
      vertex 14.4096 12.357 2.4
      vertex 11.4993 10.8014 2.4
      vertex 11.5706 10.6506 2.4
    endloop
  endfacet
  facet normal 0 0 1
    outer loop
      vertex 10.6506 11.5706 2.4
      vertex 11.9134 14.6194 2.4
      vertex 11.4514 14.7847 2.4
    endloop
  endfacet
  facet normal 0 0 1
    outer loop
      vertex 14.1573 12.7779 2.4
      vertex 11.4135 10.9445 2.4
      vertex 11.4993 10.8014 2.4
    endloop
  endfacet
  facet normal 0 0 1
    outer loop
      vertex 13.8651 13.172 2.4
      vertex 11.3141 11.0785 2.4
      vertex 11.4135 10.9445 2.4
    endloop
  endfacet
  facet normal 0 0 1
    outer loop
      vertex 13.5355 13.5355 2.4
      vertex 11.2021 11.2021 2.4
      vertex 11.3141 11.0785 2.4
    endloop
  endfacet
  facet normal 0 0 1
    outer loop
      vertex 13.4632 13.6011 2.4
      vertex 11.0785 11.3141 2.4
      vertex 11.2021 11.2021 2.4
    endloop
  endfacet
  facet normal 0 0 1
    outer loop
      vertex 10.4935 11.6268 2.4
      vertex 11.4514 14.7847 2.4
      vertex 10.9755 14.9039 2.4
    endloop
  endfacet
  facet normal 0 0 1
    outer loop
      vertex 12.7779 14.1573 2.4
      vertex 10.9445 11.4135 2.4
      vertex 11.0785 11.3141 2.4
    endloop
  endfacet
  facet normal 0 0 1
    outer loop
      vertex 12.357 14.4096 2.4
      vertex 10.8014 11.4993 2.4
      vertex 10.9445 11.4135 2.4
    endloop
  endfacet
  facet normal 0 0 1
    outer loop
      vertex 11.9134 14.6194 2.4
      vertex 10.6506 11.5706 2.4
      vertex 10.8014 11.4993 2.4
    endloop
  endfacet
  facet normal 0 0 1
    outer loop
      vertex 11.4514 14.7847 2.4
      vertex 10.4935 11.6268 2.4
      vertex 10.6506 11.5706 2.4
    endloop
  endfacet
  facet normal 0 0 1
    outer loop
      vertex 10.3317 11.6673 2.4
      vertex 10.9755 14.9039 2.4
      vertex 10.4901 14.9759 2.4
    endloop
  endfacet
  facet normal 0 0 1
    outer loop
      vertex 10.9755 14.9039 2.4
      vertex 10.3317 11.6673 2.4
      vertex 10.4935 11.6268 2.4
    endloop
  endfacet
  facet normal 0 0 1
    outer loop
      vertex 10.4901 14.9759 2.4
      vertex 10.1666 11.6918 2.4
      vertex 10.3317 11.6673 2.4
    endloop
  endfacet
  facet normal 0 0 1
    outer loop
      vertex 10 15 2.4
      vertex 10.1666 11.6918 2.4
      vertex 10.4901 14.9759 2.4
    endloop
  endfacet
  facet normal 0 0 1
    outer loop
      vertex 10 15 2.4
      vertex 10 11.7 2.4
      vertex 10.1666 11.6918 2.4
    endloop
  endfacet
  facet normal 0 0 1
    outer loop
      vertex 10 15 2.4
      vertex 9.83337 11.6918 2.4
      vertex 10 11.7 2.4
    endloop
  endfacet
  facet normal -0 0 1
    outer loop
      vertex 9.50991 14.9759 2.4
      vertex 9.83337 11.6918 2.4
      vertex 10 15 2.4
    endloop
  endfacet
  facet normal 0 0 1
    outer loop
      vertex 9.83337 11.6918 2.4
      vertex 9.50991 14.9759 2.4
      vertex 9.66835 11.6673 2.4
    endloop
  endfacet
  facet normal -0 0 1
    outer loop
      vertex 9.02455 14.9039 2.4
      vertex 9.66835 11.6673 2.4
      vertex 9.50991 14.9759 2.4
    endloop
  endfacet
  facet normal 0 0 1
    outer loop
      vertex 9.66835 11.6673 2.4
      vertex 9.02455 14.9039 2.4
      vertex 9.50652 11.6268 2.4
    endloop
  endfacet
  facet normal -0 0 1
    outer loop
      vertex 8.54858 14.7847 2.4
      vertex 9.50652 11.6268 2.4
      vertex 9.02455 14.9039 2.4
    endloop
  endfacet
  facet normal 0 0 1
    outer loop
      vertex 9.50652 11.6268 2.4
      vertex 8.54858 14.7847 2.4
      vertex 9.34944 11.5706 2.4
    endloop
  endfacet
  facet normal -0 0 1
    outer loop
      vertex 8.08658 14.6194 2.4
      vertex 9.34944 11.5706 2.4
      vertex 8.54858 14.7847 2.4
    endloop
  endfacet
  facet normal 0 0 1
    outer loop
      vertex 9.34944 11.5706 2.4
      vertex 8.08658 14.6194 2.4
      vertex 9.19863 11.4993 2.4
    endloop
  endfacet
  facet normal -0 0 1
    outer loop
      vertex 7.64302 14.4096 2.4
      vertex 9.19863 11.4993 2.4
      vertex 8.08658 14.6194 2.4
    endloop
  endfacet
  facet normal 0 0 1
    outer loop
      vertex 9.19863 11.4993 2.4
      vertex 7.64302 14.4096 2.4
      vertex 9.05553 11.4135 2.4
    endloop
  endfacet
  facet normal -0 0 1
    outer loop
      vertex 7.22215 14.1573 2.4
      vertex 9.05553 11.4135 2.4
      vertex 7.64302 14.4096 2.4
    endloop
  endfacet
  facet normal 0 0 1
    outer loop
      vertex 9.05553 11.4135 2.4
      vertex 7.22215 14.1573 2.4
      vertex 8.92153 11.3141 2.4
    endloop
  endfacet
  facet normal -0 0 1
    outer loop
      vertex 6.82803 13.8651 2.4
      vertex 8.92153 11.3141 2.4
      vertex 7.22215 14.1573 2.4
    endloop
  endfacet
  facet normal -0 0 1
    outer loop
      vertex 6.53678 13.6011 2.4
      vertex 8.92153 11.3141 2.4
      vertex 6.82803 13.8651 2.4
    endloop
  endfacet
  facet normal 0 0 1
    outer loop
      vertex 8.92153 11.3141 2.4
      vertex 6.53678 13.6011 2.4
      vertex 8.79792 11.2021 2.4
    endloop
  endfacet
  facet normal -0 0 1
    outer loop
      vertex 6.46447 13.5355 2.4
      vertex 8.79792 11.2021 2.4
      vertex 6.53678 13.6011 2.4
    endloop
  endfacet
  facet normal 0 0 1
    outer loop
      vertex 8.79792 11.2021 2.4
      vertex 6.46447 13.5355 2.4
      vertex 8.68588 11.0785 2.4
    endloop
  endfacet
  facet normal 0 0 1
    outer loop
      vertex 8.68588 11.0785 2.4
      vertex 6.13495 13.172 2.4
      vertex 8.5865 10.9445 2.4
    endloop
  endfacet
  facet normal -0 0 1
    outer loop
      vertex 6.13495 13.172 2.4
      vertex 8.68588 11.0785 2.4
      vertex 6.46447 13.5355 2.4
    endloop
  endfacet
  facet normal 0 0 1
    outer loop
      vertex 14.1573 7.22215 2.4
      vertex 11.4135 9.05553 2.4
      vertex 13.8651 6.82803 2.4
    endloop
  endfacet
  facet normal -0 0 1
    outer loop
      vertex 11.3141 8.92153 2.4
      vertex 13.8651 6.82803 2.4
      vertex 11.4135 9.05553 2.4
    endloop
  endfacet
  facet normal 0 0 1
    outer loop
      vertex 13.8651 6.82803 2.4
      vertex 11.3141 8.92153 2.4
      vertex 13.5355 6.46447 2.4
    endloop
  endfacet
  facet normal -0 0 1
    outer loop
      vertex 11.2021 8.79792 2.4
      vertex 13.5355 6.46447 2.4
      vertex 11.3141 8.92153 2.4
    endloop
  endfacet
  facet normal 0 0 1
    outer loop
      vertex 13.5355 6.46447 2.4
      vertex 11.2021 8.79792 2.4
      vertex 13.172 6.13495 2.4
    endloop
  endfacet
  facet normal -0 0 1
    outer loop
      vertex 11.0785 8.68588 2.4
      vertex 13.172 6.13495 2.4
      vertex 11.2021 8.79792 2.4
    endloop
  endfacet
  facet normal 0 0 1
    outer loop
      vertex 13.172 6.13495 2.4
      vertex 11.0785 8.68588 2.4
      vertex 12.7779 5.84265 2.4
    endloop
  endfacet
  facet normal -0 0 1
    outer loop
      vertex 10.9445 8.5865 2.4
      vertex 12.7779 5.84265 2.4
      vertex 11.0785 8.68588 2.4
    endloop
  endfacet
  facet normal 0 0 1
    outer loop
      vertex 12.7779 5.84265 2.4
      vertex 10.9445 8.5865 2.4
      vertex 12.357 5.59039 2.4
    endloop
  endfacet
  facet normal -0 0 1
    outer loop
      vertex 10.8014 8.50073 2.4
      vertex 12.357 5.59039 2.4
      vertex 10.9445 8.5865 2.4
    endloop
  endfacet
  facet normal 0 0 1
    outer loop
      vertex 12.357 5.59039 2.4
      vertex 10.8014 8.50073 2.4
      vertex 11.9134 5.3806 2.4
    endloop
  endfacet
  facet normal -0 0 1
    outer loop
      vertex 10.6506 8.42941 2.4
      vertex 11.9134 5.3806 2.4
      vertex 10.8014 8.50073 2.4
    endloop
  endfacet
  facet normal 0 0 1
    outer loop
      vertex 11.9134 5.3806 2.4
      vertex 10.6506 8.42941 2.4
      vertex 11.4514 5.2153 2.4
    endloop
  endfacet
  facet normal -0 0 1
    outer loop
      vertex 10.4935 8.3732 2.4
      vertex 11.4514 5.2153 2.4
      vertex 10.6506 8.42941 2.4
    endloop
  endfacet
  facet normal 0 0 1
    outer loop
      vertex 11.4514 5.2153 2.4
      vertex 10.4935 8.3732 2.4
      vertex 10.9755 5.09607 2.4
    endloop
  endfacet
  facet normal -0 0 1
    outer loop
      vertex 10.3317 8.33267 2.4
      vertex 10.9755 5.09607 2.4
      vertex 10.4935 8.3732 2.4
    endloop
  endfacet
  facet normal 0 0 1
    outer loop
      vertex 10.9755 5.09607 2.4
      vertex 10.3317 8.33267 2.4
      vertex 10.4901 5.02408 2.4
    endloop
  endfacet
  facet normal -0 0 1
    outer loop
      vertex 10.1666 8.30819 2.4
      vertex 10.4901 5.02408 2.4
      vertex 10.3317 8.33267 2.4
    endloop
  endfacet
  facet normal -0 0 1
    outer loop
      vertex 10 8.3 2.4
      vertex 10.4901 5.02408 2.4
      vertex 10.1666 8.30819 2.4
    endloop
  endfacet
  facet normal 0 0 1
    outer loop
      vertex 10 8.3 2.4
      vertex 10 5 2.4
      vertex 10.4901 5.02408 2.4
    endloop
  endfacet
  facet normal 0 0 1
    outer loop
      vertex 9.83337 8.30819 2.4
      vertex 10 5 2.4
      vertex 10 8.3 2.4
    endloop
  endfacet
  facet normal 0 0 1
    outer loop
      vertex 9.50991 5.02408 2.4
      vertex 9.83337 8.30819 2.4
      vertex 9.66835 8.33267 2.4
    endloop
  endfacet
  facet normal 0 0 1
    outer loop
      vertex 9.83337 8.30819 2.4
      vertex 9.50991 5.02408 2.4
      vertex 10 5 2.4
    endloop
  endfacet
  facet normal 0 0 1
    outer loop
      vertex 9.02455 5.09607 2.4
      vertex 9.66835 8.33267 2.4
      vertex 9.50652 8.3732 2.4
    endloop
  endfacet
  facet normal 0 0 1
    outer loop
      vertex 8.54858 5.2153 2.4
      vertex 9.50652 8.3732 2.4
      vertex 9.34944 8.42941 2.4
    endloop
  endfacet
  facet normal 0 0 1
    outer loop
      vertex 8.08658 5.3806 2.4
      vertex 9.34944 8.42941 2.4
      vertex 9.19863 8.50073 2.4
    endloop
  endfacet
  facet normal 0 0 1
    outer loop
      vertex 7.64302 5.59039 2.4
      vertex 9.19863 8.50073 2.4
      vertex 9.05553 8.5865 2.4
    endloop
  endfacet
  facet normal 0 0 1
    outer loop
      vertex 9.66835 8.33267 2.4
      vertex 9.02455 5.09607 2.4
      vertex 9.50991 5.02408 2.4
    endloop
  endfacet
  facet normal 0 0 1
    outer loop
      vertex 7.22215 5.84265 2.4
      vertex 9.05553 8.5865 2.4
      vertex 8.92153 8.68588 2.4
    endloop
  endfacet
  facet normal 0 0 1
    outer loop
      vertex 6.82803 6.13495 2.4
      vertex 8.92153 8.68588 2.4
      vertex 8.79792 8.79792 2.4
    endloop
  endfacet
  facet normal 0 0 1
    outer loop
      vertex 6.46447 6.46447 2.4
      vertex 8.79792 8.79792 2.4
      vertex 8.68588 8.92153 2.4
    endloop
  endfacet
  facet normal 0 0 1
    outer loop
      vertex 6.13495 6.82803 2.4
      vertex 8.68588 8.92153 2.4
      vertex 8.5865 9.05553 2.4
    endloop
  endfacet
  facet normal 0 0 1
    outer loop
      vertex 9.50652 8.3732 2.4
      vertex 8.54858 5.2153 2.4
      vertex 9.02455 5.09607 2.4
    endloop
  endfacet
  facet normal 0 0 1
    outer loop
      vertex 5.84265 7.22215 2.4
      vertex 8.5865 9.05553 2.4
      vertex 8.50073 9.19863 2.4
    endloop
  endfacet
  facet normal 0 0 1
    outer loop
      vertex 5.59039 7.64302 2.4
      vertex 8.50073 9.19863 2.4
      vertex 8.42941 9.34944 2.4
    endloop
  endfacet
  facet normal 0 0 1
    outer loop
      vertex 5.3806 8.08658 2.4
      vertex 8.42941 9.34944 2.4
      vertex 8.3732 9.50652 2.4
    endloop
  endfacet
  facet normal 0 0 1
    outer loop
      vertex 5.2153 8.54858 2.4
      vertex 8.3732 9.50652 2.4
      vertex 8.33267 9.66835 2.4
    endloop
  endfacet
  facet normal 0 0 1
    outer loop
      vertex 5.09607 9.02455 2.4
      vertex 8.33267 9.66835 2.4
      vertex 8.30819 9.83337 2.4
    endloop
  endfacet
  facet normal 0 0 1
    outer loop
      vertex 9.34944 8.42941 2.4
      vertex 8.08658 5.3806 2.4
      vertex 8.54858 5.2153 2.4
    endloop
  endfacet
  facet normal 0 0 1
    outer loop
      vertex 5.02408 9.50991 2.4
      vertex 8.30819 9.83337 2.4
      vertex 8.3 10 2.4
    endloop
  endfacet
  facet normal -0 0 1
    outer loop
      vertex 5.84265 12.7779 2.4
      vertex 8.5865 10.9445 2.4
      vertex 6.13495 13.172 2.4
    endloop
  endfacet
  facet normal 0 0 1
    outer loop
      vertex 8.5865 10.9445 2.4
      vertex 5.84265 12.7779 2.4
      vertex 8.50073 10.8014 2.4
    endloop
  endfacet
  facet normal 0 0 1
    outer loop
      vertex 9.19863 8.50073 2.4
      vertex 7.64302 5.59039 2.4
      vertex 8.08658 5.3806 2.4
    endloop
  endfacet
  facet normal -0 0 1
    outer loop
      vertex 5.59039 12.357 2.4
      vertex 8.50073 10.8014 2.4
      vertex 5.84265 12.7779 2.4
    endloop
  endfacet
  facet normal 0 0 1
    outer loop
      vertex 9.05553 8.5865 2.4
      vertex 7.22215 5.84265 2.4
      vertex 7.64302 5.59039 2.4
    endloop
  endfacet
  facet normal 0 0 1
    outer loop
      vertex 8.50073 10.8014 2.4
      vertex 5.59039 12.357 2.4
      vertex 8.42941 10.6506 2.4
    endloop
  endfacet
  facet normal -0 0 1
    outer loop
      vertex 5.3806 11.9134 2.4
      vertex 8.42941 10.6506 2.4
      vertex 5.59039 12.357 2.4
    endloop
  endfacet
  facet normal 0 0 1
    outer loop
      vertex 8.92153 8.68588 2.4
      vertex 6.82803 6.13495 2.4
      vertex 7.22215 5.84265 2.4
    endloop
  endfacet
  facet normal 0 0 1
    outer loop
      vertex 8.42941 10.6506 2.4
      vertex 5.3806 11.9134 2.4
      vertex 8.3732 10.4935 2.4
    endloop
  endfacet
  facet normal 0 0 1
    outer loop
      vertex 8.79792 8.79792 2.4
      vertex 6.46447 6.46447 2.4
      vertex 6.82803 6.13495 2.4
    endloop
  endfacet
  facet normal -0 0 1
    outer loop
      vertex 5.2153 11.4514 2.4
      vertex 8.3732 10.4935 2.4
      vertex 5.3806 11.9134 2.4
    endloop
  endfacet
  facet normal 0 0 1
    outer loop
      vertex 8.68588 8.92153 2.4
      vertex 6.13495 6.82803 2.4
      vertex 6.46447 6.46447 2.4
    endloop
  endfacet
  facet normal 0 0 1
    outer loop
      vertex 8.3732 10.4935 2.4
      vertex 5.2153 11.4514 2.4
      vertex 8.33267 10.3317 2.4
    endloop
  endfacet
  facet normal 0 0 1
    outer loop
      vertex 8.5865 9.05553 2.4
      vertex 5.84265 7.22215 2.4
      vertex 6.13495 6.82803 2.4
    endloop
  endfacet
  facet normal -0 0 1
    outer loop
      vertex 5.09607 10.9755 2.4
      vertex 8.33267 10.3317 2.4
      vertex 5.2153 11.4514 2.4
    endloop
  endfacet
  facet normal 0 0 1
    outer loop
      vertex 8.50073 9.19863 2.4
      vertex 5.59039 7.64302 2.4
      vertex 5.84265 7.22215 2.4
    endloop
  endfacet
  facet normal 0 0 1
    outer loop
      vertex 8.33267 10.3317 2.4
      vertex 5.09607 10.9755 2.4
      vertex 8.30819 10.1666 2.4
    endloop
  endfacet
  facet normal 0 0 1
    outer loop
      vertex 8.42941 9.34944 2.4
      vertex 5.3806 8.08658 2.4
      vertex 5.59039 7.64302 2.4
    endloop
  endfacet
  facet normal -0 0 1
    outer loop
      vertex 5.02408 10.4901 2.4
      vertex 8.30819 10.1666 2.4
      vertex 5.09607 10.9755 2.4
    endloop
  endfacet
  facet normal 0 0 1
    outer loop
      vertex 8.3732 9.50652 2.4
      vertex 5.2153 8.54858 2.4
      vertex 5.3806 8.08658 2.4
    endloop
  endfacet
  facet normal 0 0 1
    outer loop
      vertex 8.30819 10.1666 2.4
      vertex 5.02408 10.4901 2.4
      vertex 8.3 10 2.4
    endloop
  endfacet
  facet normal 0 0 1
    outer loop
      vertex 8.33267 9.66835 2.4
      vertex 5.09607 9.02455 2.4
      vertex 5.2153 8.54858 2.4
    endloop
  endfacet
  facet normal 0 0 1
    outer loop
      vertex 5 10 2.4
      vertex 8.3 10 2.4
      vertex 5.02408 10.4901 2.4
    endloop
  endfacet
  facet normal 0 0 1
    outer loop
      vertex 8.30819 9.83337 2.4
      vertex 5.02408 9.50991 2.4
      vertex 5.09607 9.02455 2.4
    endloop
  endfacet
  facet normal 0 0 1
    outer loop
      vertex 8.3 10 2.4
      vertex 5 10 2.4
      vertex 5.02408 9.50991 2.4
    endloop
  endfacet
  facet normal 0 0 1
    outer loop
      vertex 81.7 10 2.4
      vertex 85 10 2.4
      vertex 84.9759 10.4901 2.4
    endloop
  endfacet
  facet normal 0 0 1
    outer loop
      vertex 81.6918 10.1666 2.4
      vertex 84.9759 10.4901 2.4
      vertex 84.9039 10.9755 2.4
    endloop
  endfacet
  facet normal 0 0 1
    outer loop
      vertex 85 10 2.4
      vertex 81.7 10 2.4
      vertex 84.9759 9.50991 2.4
    endloop
  endfacet
  facet normal 0 0 1
    outer loop
      vertex 81.6673 10.3317 2.4
      vertex 84.9039 10.9755 2.4
      vertex 84.7847 11.4514 2.4
    endloop
  endfacet
  facet normal -0 0 1
    outer loop
      vertex 81.6918 9.83337 2.4
      vertex 84.9759 9.50991 2.4
      vertex 81.7 10 2.4
    endloop
  endfacet
  facet normal 0 0 1
    outer loop
      vertex 81.6268 10.4935 2.4
      vertex 84.7847 11.4514 2.4
      vertex 84.6194 11.9134 2.4
    endloop
  endfacet
  facet normal 0 0 1
    outer loop
      vertex 84.9759 9.50991 2.4
      vertex 81.6918 9.83337 2.4
      vertex 84.9039 9.02455 2.4
    endloop
  endfacet
  facet normal 0 0 1
    outer loop
      vertex 81.5706 10.6506 2.4
      vertex 84.6194 11.9134 2.4
      vertex 84.4096 12.357 2.4
    endloop
  endfacet
  facet normal -0 0 1
    outer loop
      vertex 81.6673 9.66835 2.4
      vertex 84.9039 9.02455 2.4
      vertex 81.6918 9.83337 2.4
    endloop
  endfacet
  facet normal 0 0 1
    outer loop
      vertex 81.4993 10.8014 2.4
      vertex 84.4096 12.357 2.4
      vertex 84.1573 12.7779 2.4
    endloop
  endfacet
  facet normal 0 0 1
    outer loop
      vertex 84.9039 9.02455 2.4
      vertex 81.6673 9.66835 2.4
      vertex 84.7847 8.54858 2.4
    endloop
  endfacet
  facet normal 0 0 1
    outer loop
      vertex 81.4135 10.9445 2.4
      vertex 84.1573 12.7779 2.4
      vertex 83.8651 13.172 2.4
    endloop
  endfacet
  facet normal -0 0 1
    outer loop
      vertex 81.6268 9.50652 2.4
      vertex 84.7847 8.54858 2.4
      vertex 81.6673 9.66835 2.4
    endloop
  endfacet
  facet normal 0 0 1
    outer loop
      vertex 81.3141 11.0785 2.4
      vertex 83.8651 13.172 2.4
      vertex 83.5355 13.5355 2.4
    endloop
  endfacet
  facet normal 0 0 1
    outer loop
      vertex 84.7847 8.54858 2.4
      vertex 81.6268 9.50652 2.4
      vertex 84.6194 8.08658 2.4
    endloop
  endfacet
  facet normal 0 0 1
    outer loop
      vertex 81.2021 11.2021 2.4
      vertex 83.5355 13.5355 2.4
      vertex 83.4632 13.6011 2.4
    endloop
  endfacet
  facet normal 0 0 1
    outer loop
      vertex 81.0785 11.3141 2.4
      vertex 83.4632 13.6011 2.4
      vertex 83.172 13.8651 2.4
    endloop
  endfacet
  facet normal -0 0 1
    outer loop
      vertex 81.5706 9.34944 2.4
      vertex 84.6194 8.08658 2.4
      vertex 81.6268 9.50652 2.4
    endloop
  endfacet
  facet normal 0 0 1
    outer loop
      vertex 81.0785 11.3141 2.4
      vertex 83.172 13.8651 2.4
      vertex 82.7778 14.1573 2.4
    endloop
  endfacet
  facet normal 0 0 1
    outer loop
      vertex 84.6194 8.08658 2.4
      vertex 81.5706 9.34944 2.4
      vertex 84.4096 7.64302 2.4
    endloop
  endfacet
  facet normal 0 0 1
    outer loop
      vertex 80.9445 11.4135 2.4
      vertex 82.7778 14.1573 2.4
      vertex 82.357 14.4096 2.4
    endloop
  endfacet
  facet normal -0 0 1
    outer loop
      vertex 81.4993 9.19863 2.4
      vertex 84.4096 7.64302 2.4
      vertex 81.5706 9.34944 2.4
    endloop
  endfacet
  facet normal 0 0 1
    outer loop
      vertex 80.8014 11.4993 2.4
      vertex 82.357 14.4096 2.4
      vertex 81.9134 14.6194 2.4
    endloop
  endfacet
  facet normal 0 0 1
    outer loop
      vertex 84.4096 7.64302 2.4
      vertex 81.4993 9.19863 2.4
      vertex 84.1573 7.22215 2.4
    endloop
  endfacet
  facet normal -0 0 1
    outer loop
      vertex 81.4135 9.05553 2.4
      vertex 84.1573 7.22215 2.4
      vertex 81.4993 9.19863 2.4
    endloop
  endfacet
  facet normal 0 0 1
    outer loop
      vertex 84.9759 10.4901 2.4
      vertex 81.6918 10.1666 2.4
      vertex 81.7 10 2.4
    endloop
  endfacet
  facet normal 0 0 1
    outer loop
      vertex 84.9039 10.9755 2.4
      vertex 81.6673 10.3317 2.4
      vertex 81.6918 10.1666 2.4
    endloop
  endfacet
  facet normal 0 0 1
    outer loop
      vertex 84.7847 11.4514 2.4
      vertex 81.6268 10.4935 2.4
      vertex 81.6673 10.3317 2.4
    endloop
  endfacet
  facet normal 0 0 1
    outer loop
      vertex 84.6194 11.9134 2.4
      vertex 81.5706 10.6506 2.4
      vertex 81.6268 10.4935 2.4
    endloop
  endfacet
  facet normal 0 0 1
    outer loop
      vertex 84.4096 12.357 2.4
      vertex 81.4993 10.8014 2.4
      vertex 81.5706 10.6506 2.4
    endloop
  endfacet
  facet normal 0 0 1
    outer loop
      vertex 80.6506 11.5706 2.4
      vertex 81.9134 14.6194 2.4
      vertex 81.4514 14.7847 2.4
    endloop
  endfacet
  facet normal 0 0 1
    outer loop
      vertex 84.1573 12.7779 2.4
      vertex 81.4135 10.9445 2.4
      vertex 81.4993 10.8014 2.4
    endloop
  endfacet
  facet normal 0 0 1
    outer loop
      vertex 83.8651 13.172 2.4
      vertex 81.3141 11.0785 2.4
      vertex 81.4135 10.9445 2.4
    endloop
  endfacet
  facet normal 0 0 1
    outer loop
      vertex 83.5355 13.5355 2.4
      vertex 81.2021 11.2021 2.4
      vertex 81.3141 11.0785 2.4
    endloop
  endfacet
  facet normal 0 0 1
    outer loop
      vertex 83.4632 13.6011 2.4
      vertex 81.0785 11.3141 2.4
      vertex 81.2021 11.2021 2.4
    endloop
  endfacet
  facet normal 0 0 1
    outer loop
      vertex 80.4935 11.6268 2.4
      vertex 81.4514 14.7847 2.4
      vertex 80.9754 14.9039 2.4
    endloop
  endfacet
  facet normal 0 0 1
    outer loop
      vertex 82.7778 14.1573 2.4
      vertex 80.9445 11.4135 2.4
      vertex 81.0785 11.3141 2.4
    endloop
  endfacet
  facet normal 0 0 1
    outer loop
      vertex 82.357 14.4096 2.4
      vertex 80.8014 11.4993 2.4
      vertex 80.9445 11.4135 2.4
    endloop
  endfacet
  facet normal 0 0 1
    outer loop
      vertex 81.9134 14.6194 2.4
      vertex 80.6506 11.5706 2.4
      vertex 80.8014 11.4993 2.4
    endloop
  endfacet
  facet normal 0 0 1
    outer loop
      vertex 81.4514 14.7847 2.4
      vertex 80.4935 11.6268 2.4
      vertex 80.6506 11.5706 2.4
    endloop
  endfacet
  facet normal 0 0 1
    outer loop
      vertex 80.3316 11.6673 2.4
      vertex 80.9754 14.9039 2.4
      vertex 80.4901 14.9759 2.4
    endloop
  endfacet
  facet normal 0 0 1
    outer loop
      vertex 80.9754 14.9039 2.4
      vertex 80.3316 11.6673 2.4
      vertex 80.4935 11.6268 2.4
    endloop
  endfacet
  facet normal 0 0 1
    outer loop
      vertex 80.4901 14.9759 2.4
      vertex 80.1666 11.6918 2.4
      vertex 80.3316 11.6673 2.4
    endloop
  endfacet
  facet normal 0 0 1
    outer loop
      vertex 80 15 2.4
      vertex 80.1666 11.6918 2.4
      vertex 80.4901 14.9759 2.4
    endloop
  endfacet
  facet normal 0 0 1
    outer loop
      vertex 80 15 2.4
      vertex 80 11.7 2.4
      vertex 80.1666 11.6918 2.4
    endloop
  endfacet
  facet normal 0 0 1
    outer loop
      vertex 80 15 2.4
      vertex 79.8334 11.6918 2.4
      vertex 80 11.7 2.4
    endloop
  endfacet
  facet normal -0 0 1
    outer loop
      vertex 79.5099 14.9759 2.4
      vertex 79.8334 11.6918 2.4
      vertex 80 15 2.4
    endloop
  endfacet
  facet normal 0 0 1
    outer loop
      vertex 79.8334 11.6918 2.4
      vertex 79.5099 14.9759 2.4
      vertex 79.6684 11.6673 2.4
    endloop
  endfacet
  facet normal -0 0 1
    outer loop
      vertex 79.0246 14.9039 2.4
      vertex 79.6684 11.6673 2.4
      vertex 79.5099 14.9759 2.4
    endloop
  endfacet
  facet normal 0 0 1
    outer loop
      vertex 79.6684 11.6673 2.4
      vertex 79.0246 14.9039 2.4
      vertex 79.5065 11.6268 2.4
    endloop
  endfacet
  facet normal -0 0 1
    outer loop
      vertex 78.5486 14.7847 2.4
      vertex 79.5065 11.6268 2.4
      vertex 79.0246 14.9039 2.4
    endloop
  endfacet
  facet normal 0 0 1
    outer loop
      vertex 79.5065 11.6268 2.4
      vertex 78.5486 14.7847 2.4
      vertex 79.3494 11.5706 2.4
    endloop
  endfacet
  facet normal -0 0 1
    outer loop
      vertex 78.0866 14.6194 2.4
      vertex 79.3494 11.5706 2.4
      vertex 78.5486 14.7847 2.4
    endloop
  endfacet
  facet normal 0 0 1
    outer loop
      vertex 79.3494 11.5706 2.4
      vertex 78.0866 14.6194 2.4
      vertex 79.1986 11.4993 2.4
    endloop
  endfacet
  facet normal -0 0 1
    outer loop
      vertex 77.643 14.4096 2.4
      vertex 79.1986 11.4993 2.4
      vertex 78.0866 14.6194 2.4
    endloop
  endfacet
  facet normal 0 0 1
    outer loop
      vertex 79.1986 11.4993 2.4
      vertex 77.643 14.4096 2.4
      vertex 79.0555 11.4135 2.4
    endloop
  endfacet
  facet normal -0 0 1
    outer loop
      vertex 77.2222 14.1573 2.4
      vertex 79.0555 11.4135 2.4
      vertex 77.643 14.4096 2.4
    endloop
  endfacet
  facet normal 0 0 1
    outer loop
      vertex 79.0555 11.4135 2.4
      vertex 77.2222 14.1573 2.4
      vertex 78.9215 11.3141 2.4
    endloop
  endfacet
  facet normal -0 0 1
    outer loop
      vertex 76.828 13.8651 2.4
      vertex 78.9215 11.3141 2.4
      vertex 77.2222 14.1573 2.4
    endloop
  endfacet
  facet normal -0 0 1
    outer loop
      vertex 76.5368 13.6011 2.4
      vertex 78.9215 11.3141 2.4
      vertex 76.828 13.8651 2.4
    endloop
  endfacet
  facet normal 0 0 1
    outer loop
      vertex 78.9215 11.3141 2.4
      vertex 76.5368 13.6011 2.4
      vertex 78.7979 11.2021 2.4
    endloop
  endfacet
  facet normal -0 0 1
    outer loop
      vertex 76.4645 13.5355 2.4
      vertex 78.7979 11.2021 2.4
      vertex 76.5368 13.6011 2.4
    endloop
  endfacet
  facet normal 0 0 1
    outer loop
      vertex 78.7979 11.2021 2.4
      vertex 76.4645 13.5355 2.4
      vertex 78.6859 11.0785 2.4
    endloop
  endfacet
  facet normal 0 0 1
    outer loop
      vertex 78.6859 11.0785 2.4
      vertex 76.1349 13.172 2.4
      vertex 78.5865 10.9445 2.4
    endloop
  endfacet
  facet normal -0 0 1
    outer loop
      vertex 76.1349 13.172 2.4
      vertex 78.6859 11.0785 2.4
      vertex 76.4645 13.5355 2.4
    endloop
  endfacet
  facet normal 0 0 1
    outer loop
      vertex 84.1573 7.22215 2.4
      vertex 81.4135 9.05553 2.4
      vertex 83.8651 6.82803 2.4
    endloop
  endfacet
  facet normal -0 0 1
    outer loop
      vertex 81.3141 8.92153 2.4
      vertex 83.8651 6.82803 2.4
      vertex 81.4135 9.05553 2.4
    endloop
  endfacet
  facet normal 0 0 1
    outer loop
      vertex 83.8651 6.82803 2.4
      vertex 81.3141 8.92153 2.4
      vertex 83.5355 6.46447 2.4
    endloop
  endfacet
  facet normal -0 0 1
    outer loop
      vertex 81.2021 8.79792 2.4
      vertex 83.5355 6.46447 2.4
      vertex 81.3141 8.92153 2.4
    endloop
  endfacet
  facet normal 0 0 1
    outer loop
      vertex 83.5355 6.46447 2.4
      vertex 81.2021 8.79792 2.4
      vertex 83.172 6.13495 2.4
    endloop
  endfacet
  facet normal -0 0 1
    outer loop
      vertex 81.0785 8.68588 2.4
      vertex 83.172 6.13495 2.4
      vertex 81.2021 8.79792 2.4
    endloop
  endfacet
  facet normal 0 0 1
    outer loop
      vertex 83.172 6.13495 2.4
      vertex 81.0785 8.68588 2.4
      vertex 82.7778 5.84265 2.4
    endloop
  endfacet
  facet normal -0 0 1
    outer loop
      vertex 80.9445 8.5865 2.4
      vertex 82.7778 5.84265 2.4
      vertex 81.0785 8.68588 2.4
    endloop
  endfacet
  facet normal 0 0 1
    outer loop
      vertex 82.7778 5.84265 2.4
      vertex 80.9445 8.5865 2.4
      vertex 82.357 5.59039 2.4
    endloop
  endfacet
  facet normal -0 0 1
    outer loop
      vertex 80.8014 8.50073 2.4
      vertex 82.357 5.59039 2.4
      vertex 80.9445 8.5865 2.4
    endloop
  endfacet
  facet normal 0 0 1
    outer loop
      vertex 82.357 5.59039 2.4
      vertex 80.8014 8.50073 2.4
      vertex 81.9134 5.3806 2.4
    endloop
  endfacet
  facet normal -0 0 1
    outer loop
      vertex 80.6506 8.42941 2.4
      vertex 81.9134 5.3806 2.4
      vertex 80.8014 8.50073 2.4
    endloop
  endfacet
  facet normal 0 0 1
    outer loop
      vertex 81.9134 5.3806 2.4
      vertex 80.6506 8.42941 2.4
      vertex 81.4514 5.2153 2.4
    endloop
  endfacet
  facet normal -0 0 1
    outer loop
      vertex 80.4935 8.3732 2.4
      vertex 81.4514 5.2153 2.4
      vertex 80.6506 8.42941 2.4
    endloop
  endfacet
  facet normal 0 0 1
    outer loop
      vertex 81.4514 5.2153 2.4
      vertex 80.4935 8.3732 2.4
      vertex 80.9754 5.09607 2.4
    endloop
  endfacet
  facet normal -0 0 1
    outer loop
      vertex 80.3316 8.33267 2.4
      vertex 80.9754 5.09607 2.4
      vertex 80.4935 8.3732 2.4
    endloop
  endfacet
  facet normal 0 0 1
    outer loop
      vertex 80.9754 5.09607 2.4
      vertex 80.3316 8.33267 2.4
      vertex 80.4901 5.02408 2.4
    endloop
  endfacet
  facet normal -0 0 1
    outer loop
      vertex 80.1666 8.30819 2.4
      vertex 80.4901 5.02408 2.4
      vertex 80.3316 8.33267 2.4
    endloop
  endfacet
  facet normal -0 0 1
    outer loop
      vertex 80 8.3 2.4
      vertex 80.4901 5.02408 2.4
      vertex 80.1666 8.30819 2.4
    endloop
  endfacet
  facet normal 0 0 1
    outer loop
      vertex 80 8.3 2.4
      vertex 80 5 2.4
      vertex 80.4901 5.02408 2.4
    endloop
  endfacet
  facet normal 0 0 1
    outer loop
      vertex 79.8334 8.30819 2.4
      vertex 80 5 2.4
      vertex 80 8.3 2.4
    endloop
  endfacet
  facet normal 0 0 1
    outer loop
      vertex 79.5099 5.02408 2.4
      vertex 79.8334 8.30819 2.4
      vertex 79.6684 8.33267 2.4
    endloop
  endfacet
  facet normal 0 0 1
    outer loop
      vertex 79.8334 8.30819 2.4
      vertex 79.5099 5.02408 2.4
      vertex 80 5 2.4
    endloop
  endfacet
  facet normal 0 0 1
    outer loop
      vertex 79.0246 5.09607 2.4
      vertex 79.6684 8.33267 2.4
      vertex 79.5065 8.3732 2.4
    endloop
  endfacet
  facet normal 0 0 1
    outer loop
      vertex 78.5486 5.2153 2.4
      vertex 79.5065 8.3732 2.4
      vertex 79.3494 8.42941 2.4
    endloop
  endfacet
  facet normal 0 0 1
    outer loop
      vertex 78.0866 5.3806 2.4
      vertex 79.3494 8.42941 2.4
      vertex 79.1986 8.50073 2.4
    endloop
  endfacet
  facet normal 0 0 1
    outer loop
      vertex 77.643 5.59039 2.4
      vertex 79.1986 8.50073 2.4
      vertex 79.0555 8.5865 2.4
    endloop
  endfacet
  facet normal 0 0 1
    outer loop
      vertex 79.6684 8.33267 2.4
      vertex 79.0246 5.09607 2.4
      vertex 79.5099 5.02408 2.4
    endloop
  endfacet
  facet normal 0 0 1
    outer loop
      vertex 77.2222 5.84265 2.4
      vertex 79.0555 8.5865 2.4
      vertex 78.9215 8.68588 2.4
    endloop
  endfacet
  facet normal 0 0 1
    outer loop
      vertex 76.828 6.13495 2.4
      vertex 78.9215 8.68588 2.4
      vertex 78.7979 8.79792 2.4
    endloop
  endfacet
  facet normal 0 0 1
    outer loop
      vertex 76.4645 6.46447 2.4
      vertex 78.7979 8.79792 2.4
      vertex 78.6859 8.92153 2.4
    endloop
  endfacet
  facet normal 0 0 1
    outer loop
      vertex 76.1349 6.82803 2.4
      vertex 78.6859 8.92153 2.4
      vertex 78.5865 9.05553 2.4
    endloop
  endfacet
  facet normal 0 0 1
    outer loop
      vertex 79.5065 8.3732 2.4
      vertex 78.5486 5.2153 2.4
      vertex 79.0246 5.09607 2.4
    endloop
  endfacet
  facet normal 0 0 1
    outer loop
      vertex 75.8427 7.22215 2.4
      vertex 78.5865 9.05553 2.4
      vertex 78.5007 9.19863 2.4
    endloop
  endfacet
  facet normal 0 0 1
    outer loop
      vertex 75.5904 7.64302 2.4
      vertex 78.5007 9.19863 2.4
      vertex 78.4294 9.34944 2.4
    endloop
  endfacet
  facet normal 0 0 1
    outer loop
      vertex 75.3806 8.08658 2.4
      vertex 78.4294 9.34944 2.4
      vertex 78.3732 9.50652 2.4
    endloop
  endfacet
  facet normal 0 0 1
    outer loop
      vertex 75.2153 8.54858 2.4
      vertex 78.3732 9.50652 2.4
      vertex 78.3327 9.66835 2.4
    endloop
  endfacet
  facet normal 0 0 1
    outer loop
      vertex 75.0961 9.02455 2.4
      vertex 78.3327 9.66835 2.4
      vertex 78.3082 9.83337 2.4
    endloop
  endfacet
  facet normal 0 0 1
    outer loop
      vertex 79.3494 8.42941 2.4
      vertex 78.0866 5.3806 2.4
      vertex 78.5486 5.2153 2.4
    endloop
  endfacet
  facet normal 0 0 1
    outer loop
      vertex 75.0241 9.50991 2.4
      vertex 78.3082 9.83337 2.4
      vertex 78.3 10 2.4
    endloop
  endfacet
  facet normal -0 0 1
    outer loop
      vertex 75.8427 12.7779 2.4
      vertex 78.5865 10.9445 2.4
      vertex 76.1349 13.172 2.4
    endloop
  endfacet
  facet normal 0 0 1
    outer loop
      vertex 78.5865 10.9445 2.4
      vertex 75.8427 12.7779 2.4
      vertex 78.5007 10.8014 2.4
    endloop
  endfacet
  facet normal 0 0 1
    outer loop
      vertex 79.1986 8.50073 2.4
      vertex 77.643 5.59039 2.4
      vertex 78.0866 5.3806 2.4
    endloop
  endfacet
  facet normal -0 0 1
    outer loop
      vertex 75.5904 12.357 2.4
      vertex 78.5007 10.8014 2.4
      vertex 75.8427 12.7779 2.4
    endloop
  endfacet
  facet normal 0 0 1
    outer loop
      vertex 79.0555 8.5865 2.4
      vertex 77.2222 5.84265 2.4
      vertex 77.643 5.59039 2.4
    endloop
  endfacet
  facet normal 0 0 1
    outer loop
      vertex 78.5007 10.8014 2.4
      vertex 75.5904 12.357 2.4
      vertex 78.4294 10.6506 2.4
    endloop
  endfacet
  facet normal -0 0 1
    outer loop
      vertex 75.3806 11.9134 2.4
      vertex 78.4294 10.6506 2.4
      vertex 75.5904 12.357 2.4
    endloop
  endfacet
  facet normal 0 0 1
    outer loop
      vertex 78.9215 8.68588 2.4
      vertex 76.828 6.13495 2.4
      vertex 77.2222 5.84265 2.4
    endloop
  endfacet
  facet normal 0 0 1
    outer loop
      vertex 78.4294 10.6506 2.4
      vertex 75.3806 11.9134 2.4
      vertex 78.3732 10.4935 2.4
    endloop
  endfacet
  facet normal 0 0 1
    outer loop
      vertex 78.7979 8.79792 2.4
      vertex 76.4645 6.46447 2.4
      vertex 76.828 6.13495 2.4
    endloop
  endfacet
  facet normal -0 0 1
    outer loop
      vertex 75.2153 11.4514 2.4
      vertex 78.3732 10.4935 2.4
      vertex 75.3806 11.9134 2.4
    endloop
  endfacet
  facet normal 0 0 1
    outer loop
      vertex 78.6859 8.92153 2.4
      vertex 76.1349 6.82803 2.4
      vertex 76.4645 6.46447 2.4
    endloop
  endfacet
  facet normal 0 0 1
    outer loop
      vertex 78.3732 10.4935 2.4
      vertex 75.2153 11.4514 2.4
      vertex 78.3327 10.3317 2.4
    endloop
  endfacet
  facet normal 0 0 1
    outer loop
      vertex 78.5865 9.05553 2.4
      vertex 75.8427 7.22215 2.4
      vertex 76.1349 6.82803 2.4
    endloop
  endfacet
  facet normal -0 0 1
    outer loop
      vertex 75.0961 10.9755 2.4
      vertex 78.3327 10.3317 2.4
      vertex 75.2153 11.4514 2.4
    endloop
  endfacet
  facet normal 0 0 1
    outer loop
      vertex 78.5007 9.19863 2.4
      vertex 75.5904 7.64302 2.4
      vertex 75.8427 7.22215 2.4
    endloop
  endfacet
  facet normal 0 0 1
    outer loop
      vertex 78.3327 10.3317 2.4
      vertex 75.0961 10.9755 2.4
      vertex 78.3082 10.1666 2.4
    endloop
  endfacet
  facet normal 0 0 1
    outer loop
      vertex 78.4294 9.34944 2.4
      vertex 75.3806 8.08658 2.4
      vertex 75.5904 7.64302 2.4
    endloop
  endfacet
  facet normal -0 0 1
    outer loop
      vertex 75.0241 10.4901 2.4
      vertex 78.3082 10.1666 2.4
      vertex 75.0961 10.9755 2.4
    endloop
  endfacet
  facet normal 0 0 1
    outer loop
      vertex 78.3732 9.50652 2.4
      vertex 75.2153 8.54858 2.4
      vertex 75.3806 8.08658 2.4
    endloop
  endfacet
  facet normal 0 0 1
    outer loop
      vertex 78.3082 10.1666 2.4
      vertex 75.0241 10.4901 2.4
      vertex 78.3 10 2.4
    endloop
  endfacet
  facet normal 0 0 1
    outer loop
      vertex 78.3327 9.66835 2.4
      vertex 75.0961 9.02455 2.4
      vertex 75.2153 8.54858 2.4
    endloop
  endfacet
  facet normal 0 0 1
    outer loop
      vertex 75 10 2.4
      vertex 78.3 10 2.4
      vertex 75.0241 10.4901 2.4
    endloop
  endfacet
  facet normal 0 0 1
    outer loop
      vertex 78.3082 9.83337 2.4
      vertex 75.0241 9.50991 2.4
      vertex 75.0961 9.02455 2.4
    endloop
  endfacet
  facet normal 0 0 1
    outer loop
      vertex 78.3 10 2.4
      vertex 75 10 2.4
      vertex 75.0241 9.50991 2.4
    endloop
  endfacet
  facet normal 0 0 1
    outer loop
      vertex 11.7 54 2.4
      vertex 15 54 2.4
      vertex 14.9759 54.4901 2.4
    endloop
  endfacet
  facet normal 0 0 1
    outer loop
      vertex 11.6918 54.1666 2.4
      vertex 14.9759 54.4901 2.4
      vertex 14.9039 54.9755 2.4
    endloop
  endfacet
  facet normal 0 0 1
    outer loop
      vertex 15 54 2.4
      vertex 11.7 54 2.4
      vertex 14.9759 53.5099 2.4
    endloop
  endfacet
  facet normal 0 0 1
    outer loop
      vertex 11.6673 54.3317 2.4
      vertex 14.9039 54.9755 2.4
      vertex 14.7847 55.4514 2.4
    endloop
  endfacet
  facet normal -0 0 1
    outer loop
      vertex 11.6918 53.8334 2.4
      vertex 14.9759 53.5099 2.4
      vertex 11.7 54 2.4
    endloop
  endfacet
  facet normal 0 0 1
    outer loop
      vertex 11.6268 54.4935 2.4
      vertex 14.7847 55.4514 2.4
      vertex 14.6194 55.9134 2.4
    endloop
  endfacet
  facet normal 0 0 1
    outer loop
      vertex 14.9759 53.5099 2.4
      vertex 11.6918 53.8334 2.4
      vertex 14.9039 53.0245 2.4
    endloop
  endfacet
  facet normal 0 0 1
    outer loop
      vertex 11.5706 54.6506 2.4
      vertex 14.6194 55.9134 2.4
      vertex 14.4096 56.357 2.4
    endloop
  endfacet
  facet normal -0 0 1
    outer loop
      vertex 11.6673 53.6683 2.4
      vertex 14.9039 53.0245 2.4
      vertex 11.6918 53.8334 2.4
    endloop
  endfacet
  facet normal 0 0 1
    outer loop
      vertex 11.4993 54.8014 2.4
      vertex 14.4096 56.357 2.4
      vertex 14.1573 56.7779 2.4
    endloop
  endfacet
  facet normal 0 0 1
    outer loop
      vertex 14.9039 53.0245 2.4
      vertex 11.6673 53.6683 2.4
      vertex 14.7847 52.5486 2.4
    endloop
  endfacet
  facet normal 0 0 1
    outer loop
      vertex 11.4135 54.9445 2.4
      vertex 14.1573 56.7779 2.4
      vertex 13.8651 57.172 2.4
    endloop
  endfacet
  facet normal -0 0 1
    outer loop
      vertex 11.6268 53.5065 2.4
      vertex 14.7847 52.5486 2.4
      vertex 11.6673 53.6683 2.4
    endloop
  endfacet
  facet normal 0 0 1
    outer loop
      vertex 11.3141 55.0785 2.4
      vertex 13.8651 57.172 2.4
      vertex 13.5355 57.5355 2.4
    endloop
  endfacet
  facet normal 0 0 1
    outer loop
      vertex 14.7847 52.5486 2.4
      vertex 11.6268 53.5065 2.4
      vertex 14.6194 52.0866 2.4
    endloop
  endfacet
  facet normal 0 0 1
    outer loop
      vertex 11.2021 55.2021 2.4
      vertex 13.5355 57.5355 2.4
      vertex 13.172 57.8651 2.4
    endloop
  endfacet
  facet normal -0 0 1
    outer loop
      vertex 11.5706 53.3494 2.4
      vertex 14.6194 52.0866 2.4
      vertex 11.6268 53.5065 2.4
    endloop
  endfacet
  facet normal 0 0 1
    outer loop
      vertex 11.0785 55.3141 2.4
      vertex 13.172 57.8651 2.4
      vertex 12.7779 58.1573 2.4
    endloop
  endfacet
  facet normal 0 0 1
    outer loop
      vertex 14.6194 52.0866 2.4
      vertex 11.5706 53.3494 2.4
      vertex 14.4096 51.643 2.4
    endloop
  endfacet
  facet normal 0 0 1
    outer loop
      vertex 10.9445 55.4135 2.4
      vertex 12.7779 58.1573 2.4
      vertex 12.357 58.4096 2.4
    endloop
  endfacet
  facet normal -0 0 1
    outer loop
      vertex 11.4993 53.1986 2.4
      vertex 14.4096 51.643 2.4
      vertex 11.5706 53.3494 2.4
    endloop
  endfacet
  facet normal 0 0 1
    outer loop
      vertex 10.8014 55.4993 2.4
      vertex 12.357 58.4096 2.4
      vertex 11.9134 58.6194 2.4
    endloop
  endfacet
  facet normal 0 0 1
    outer loop
      vertex 14.4096 51.643 2.4
      vertex 11.4993 53.1986 2.4
      vertex 14.1573 51.2221 2.4
    endloop
  endfacet
  facet normal -0 0 1
    outer loop
      vertex 11.4135 53.0555 2.4
      vertex 14.1573 51.2221 2.4
      vertex 11.4993 53.1986 2.4
    endloop
  endfacet
  facet normal 0 0 1
    outer loop
      vertex 14.9759 54.4901 2.4
      vertex 11.6918 54.1666 2.4
      vertex 11.7 54 2.4
    endloop
  endfacet
  facet normal 0 0 1
    outer loop
      vertex 14.9039 54.9755 2.4
      vertex 11.6673 54.3317 2.4
      vertex 11.6918 54.1666 2.4
    endloop
  endfacet
  facet normal 0 0 1
    outer loop
      vertex 14.7847 55.4514 2.4
      vertex 11.6268 54.4935 2.4
      vertex 11.6673 54.3317 2.4
    endloop
  endfacet
  facet normal 0 0 1
    outer loop
      vertex 14.6194 55.9134 2.4
      vertex 11.5706 54.6506 2.4
      vertex 11.6268 54.4935 2.4
    endloop
  endfacet
  facet normal 0 0 1
    outer loop
      vertex 14.4096 56.357 2.4
      vertex 11.4993 54.8014 2.4
      vertex 11.5706 54.6506 2.4
    endloop
  endfacet
  facet normal 0 0 1
    outer loop
      vertex 10.6506 55.5706 2.4
      vertex 11.9134 58.6194 2.4
      vertex 11.4514 58.7847 2.4
    endloop
  endfacet
  facet normal 0 0 1
    outer loop
      vertex 14.1573 56.7779 2.4
      vertex 11.4135 54.9445 2.4
      vertex 11.4993 54.8014 2.4
    endloop
  endfacet
  facet normal 0 0 1
    outer loop
      vertex 13.8651 57.172 2.4
      vertex 11.3141 55.0785 2.4
      vertex 11.4135 54.9445 2.4
    endloop
  endfacet
  facet normal 0 0 1
    outer loop
      vertex 13.5355 57.5355 2.4
      vertex 11.2021 55.2021 2.4
      vertex 11.3141 55.0785 2.4
    endloop
  endfacet
  facet normal 0 0 1
    outer loop
      vertex 13.172 57.8651 2.4
      vertex 11.0785 55.3141 2.4
      vertex 11.2021 55.2021 2.4
    endloop
  endfacet
  facet normal 0 0 1
    outer loop
      vertex 10.4935 55.6268 2.4
      vertex 11.4514 58.7847 2.4
      vertex 10.9755 58.9039 2.4
    endloop
  endfacet
  facet normal 0 0 1
    outer loop
      vertex 12.7779 58.1573 2.4
      vertex 10.9445 55.4135 2.4
      vertex 11.0785 55.3141 2.4
    endloop
  endfacet
  facet normal 0 0 1
    outer loop
      vertex 12.357 58.4096 2.4
      vertex 10.8014 55.4993 2.4
      vertex 10.9445 55.4135 2.4
    endloop
  endfacet
  facet normal 0 0 1
    outer loop
      vertex 11.9134 58.6194 2.4
      vertex 10.6506 55.5706 2.4
      vertex 10.8014 55.4993 2.4
    endloop
  endfacet
  facet normal 0 0 1
    outer loop
      vertex 11.4514 58.7847 2.4
      vertex 10.4935 55.6268 2.4
      vertex 10.6506 55.5706 2.4
    endloop
  endfacet
  facet normal 0 0 1
    outer loop
      vertex 10.3317 55.6673 2.4
      vertex 10.9755 58.9039 2.4
      vertex 10.4901 58.9759 2.4
    endloop
  endfacet
  facet normal 0 0 1
    outer loop
      vertex 10.9755 58.9039 2.4
      vertex 10.3317 55.6673 2.4
      vertex 10.4935 55.6268 2.4
    endloop
  endfacet
  facet normal 0 0 1
    outer loop
      vertex 10.4901 58.9759 2.4
      vertex 10.1666 55.6918 2.4
      vertex 10.3317 55.6673 2.4
    endloop
  endfacet
  facet normal 0 0 1
    outer loop
      vertex 10 59 2.4
      vertex 10.1666 55.6918 2.4
      vertex 10.4901 58.9759 2.4
    endloop
  endfacet
  facet normal 0 0 1
    outer loop
      vertex 10 59 2.4
      vertex 10 55.7 2.4
      vertex 10.1666 55.6918 2.4
    endloop
  endfacet
  facet normal 0 0 1
    outer loop
      vertex 10 59 2.4
      vertex 9.83337 55.6918 2.4
      vertex 10 55.7 2.4
    endloop
  endfacet
  facet normal -0 0 1
    outer loop
      vertex 9.50991 58.9759 2.4
      vertex 9.83337 55.6918 2.4
      vertex 10 59 2.4
    endloop
  endfacet
  facet normal 0 0 1
    outer loop
      vertex 9.83337 55.6918 2.4
      vertex 9.50991 58.9759 2.4
      vertex 9.66835 55.6673 2.4
    endloop
  endfacet
  facet normal -0 0 1
    outer loop
      vertex 9.02455 58.9039 2.4
      vertex 9.66835 55.6673 2.4
      vertex 9.50991 58.9759 2.4
    endloop
  endfacet
  facet normal 0 0 1
    outer loop
      vertex 9.66835 55.6673 2.4
      vertex 9.02455 58.9039 2.4
      vertex 9.50652 55.6268 2.4
    endloop
  endfacet
  facet normal -0 0 1
    outer loop
      vertex 8.54858 58.7847 2.4
      vertex 9.50652 55.6268 2.4
      vertex 9.02455 58.9039 2.4
    endloop
  endfacet
  facet normal 0 0 1
    outer loop
      vertex 9.50652 55.6268 2.4
      vertex 8.54858 58.7847 2.4
      vertex 9.34944 55.5706 2.4
    endloop
  endfacet
  facet normal -0 0 1
    outer loop
      vertex 8.08658 58.6194 2.4
      vertex 9.34944 55.5706 2.4
      vertex 8.54858 58.7847 2.4
    endloop
  endfacet
  facet normal 0 0 1
    outer loop
      vertex 9.34944 55.5706 2.4
      vertex 8.08658 58.6194 2.4
      vertex 9.19863 55.4993 2.4
    endloop
  endfacet
  facet normal -0 0 1
    outer loop
      vertex 7.64302 58.4096 2.4
      vertex 9.19863 55.4993 2.4
      vertex 8.08658 58.6194 2.4
    endloop
  endfacet
  facet normal 0 0 1
    outer loop
      vertex 9.19863 55.4993 2.4
      vertex 7.64302 58.4096 2.4
      vertex 9.05553 55.4135 2.4
    endloop
  endfacet
  facet normal -0 0 1
    outer loop
      vertex 7.22215 58.1573 2.4
      vertex 9.05553 55.4135 2.4
      vertex 7.64302 58.4096 2.4
    endloop
  endfacet
  facet normal 0 0 1
    outer loop
      vertex 9.05553 55.4135 2.4
      vertex 7.22215 58.1573 2.4
      vertex 8.92153 55.3141 2.4
    endloop
  endfacet
  facet normal -0 0 1
    outer loop
      vertex 6.82803 57.8651 2.4
      vertex 8.92153 55.3141 2.4
      vertex 7.22215 58.1573 2.4
    endloop
  endfacet
  facet normal 0 0 1
    outer loop
      vertex 8.92153 55.3141 2.4
      vertex 6.82803 57.8651 2.4
      vertex 8.79792 55.2021 2.4
    endloop
  endfacet
  facet normal -0 0 1
    outer loop
      vertex 6.46447 57.5355 2.4
      vertex 8.79792 55.2021 2.4
      vertex 6.82803 57.8651 2.4
    endloop
  endfacet
  facet normal 0 0 1
    outer loop
      vertex 8.79792 55.2021 2.4
      vertex 6.46447 57.5355 2.4
      vertex 8.68588 55.0785 2.4
    endloop
  endfacet
  facet normal -0 0 1
    outer loop
      vertex 6.13495 57.172 2.4
      vertex 8.68588 55.0785 2.4
      vertex 6.46447 57.5355 2.4
    endloop
  endfacet
  facet normal -0 0 1
    outer loop
      vertex 5.84265 56.7779 2.4
      vertex 8.5865 54.9445 2.4
      vertex 6.13495 57.172 2.4
    endloop
  endfacet
  facet normal 0 0 1
    outer loop
      vertex 8.68588 55.0785 2.4
      vertex 6.13495 57.172 2.4
      vertex 8.5865 54.9445 2.4
    endloop
  endfacet
  facet normal 0 0 1
    outer loop
      vertex 14.1573 51.2221 2.4
      vertex 11.4135 53.0555 2.4
      vertex 13.8651 50.828 2.4
    endloop
  endfacet
  facet normal -0 0 1
    outer loop
      vertex 11.3141 52.9215 2.4
      vertex 13.8651 50.828 2.4
      vertex 11.4135 53.0555 2.4
    endloop
  endfacet
  facet normal 0 0 1
    outer loop
      vertex 13.8651 50.828 2.4
      vertex 11.3141 52.9215 2.4
      vertex 13.5355 50.4645 2.4
    endloop
  endfacet
  facet normal -0 0 1
    outer loop
      vertex 11.2021 52.7979 2.4
      vertex 13.5355 50.4645 2.4
      vertex 11.3141 52.9215 2.4
    endloop
  endfacet
  facet normal 0 0 1
    outer loop
      vertex 13.5355 50.4645 2.4
      vertex 11.2021 52.7979 2.4
      vertex 13.172 50.1349 2.4
    endloop
  endfacet
  facet normal -0 0 1
    outer loop
      vertex 11.0785 52.6859 2.4
      vertex 13.172 50.1349 2.4
      vertex 11.2021 52.7979 2.4
    endloop
  endfacet
  facet normal 0 0 1
    outer loop
      vertex 13.172 50.1349 2.4
      vertex 11.0785 52.6859 2.4
      vertex 12.7779 49.8427 2.4
    endloop
  endfacet
  facet normal -0 0 1
    outer loop
      vertex 10.9445 52.5865 2.4
      vertex 12.7779 49.8427 2.4
      vertex 11.0785 52.6859 2.4
    endloop
  endfacet
  facet normal 0 0 1
    outer loop
      vertex 12.7779 49.8427 2.4
      vertex 10.9445 52.5865 2.4
      vertex 12.357 49.5904 2.4
    endloop
  endfacet
  facet normal -0 0 1
    outer loop
      vertex 10.8014 52.5007 2.4
      vertex 12.357 49.5904 2.4
      vertex 10.9445 52.5865 2.4
    endloop
  endfacet
  facet normal 0 0 1
    outer loop
      vertex 12.357 49.5904 2.4
      vertex 10.8014 52.5007 2.4
      vertex 11.9134 49.3806 2.4
    endloop
  endfacet
  facet normal -0 0 1
    outer loop
      vertex 10.6506 52.4294 2.4
      vertex 11.9134 49.3806 2.4
      vertex 10.8014 52.5007 2.4
    endloop
  endfacet
  facet normal 0 0 1
    outer loop
      vertex 11.9134 49.3806 2.4
      vertex 10.6506 52.4294 2.4
      vertex 11.4514 49.2153 2.4
    endloop
  endfacet
  facet normal -0 0 1
    outer loop
      vertex 10.4935 52.3732 2.4
      vertex 11.4514 49.2153 2.4
      vertex 10.6506 52.4294 2.4
    endloop
  endfacet
  facet normal 0 0 1
    outer loop
      vertex 11.4514 49.2153 2.4
      vertex 10.4935 52.3732 2.4
      vertex 10.9755 49.0961 2.4
    endloop
  endfacet
  facet normal -0 0 1
    outer loop
      vertex 10.3317 52.3327 2.4
      vertex 10.9755 49.0961 2.4
      vertex 10.4935 52.3732 2.4
    endloop
  endfacet
  facet normal 0 0 1
    outer loop
      vertex 10.9755 49.0961 2.4
      vertex 10.3317 52.3327 2.4
      vertex 10.4901 49.0241 2.4
    endloop
  endfacet
  facet normal -0 0 1
    outer loop
      vertex 10.1666 52.3082 2.4
      vertex 10.4901 49.0241 2.4
      vertex 10.3317 52.3327 2.4
    endloop
  endfacet
  facet normal -0 0 1
    outer loop
      vertex 10 52.3 2.4
      vertex 10.4901 49.0241 2.4
      vertex 10.1666 52.3082 2.4
    endloop
  endfacet
  facet normal 0 0 1
    outer loop
      vertex 10 52.3 2.4
      vertex 10 49 2.4
      vertex 10.4901 49.0241 2.4
    endloop
  endfacet
  facet normal 0 0 1
    outer loop
      vertex 9.83337 52.3082 2.4
      vertex 10 49 2.4
      vertex 10 52.3 2.4
    endloop
  endfacet
  facet normal 0 0 1
    outer loop
      vertex 9.50991 49.0241 2.4
      vertex 9.83337 52.3082 2.4
      vertex 9.66835 52.3327 2.4
    endloop
  endfacet
  facet normal 0 0 1
    outer loop
      vertex 9.83337 52.3082 2.4
      vertex 9.50991 49.0241 2.4
      vertex 10 49 2.4
    endloop
  endfacet
  facet normal 0 0 1
    outer loop
      vertex 9.02455 49.0961 2.4
      vertex 9.66835 52.3327 2.4
      vertex 9.50652 52.3732 2.4
    endloop
  endfacet
  facet normal 0 0 1
    outer loop
      vertex 8.54858 49.2153 2.4
      vertex 9.50652 52.3732 2.4
      vertex 9.34944 52.4294 2.4
    endloop
  endfacet
  facet normal 0 0 1
    outer loop
      vertex 8.08658 49.3806 2.4
      vertex 9.34944 52.4294 2.4
      vertex 9.19863 52.5007 2.4
    endloop
  endfacet
  facet normal 0 0 1
    outer loop
      vertex 7.64302 49.5904 2.4
      vertex 9.19863 52.5007 2.4
      vertex 9.05553 52.5865 2.4
    endloop
  endfacet
  facet normal 0 0 1
    outer loop
      vertex 9.66835 52.3327 2.4
      vertex 9.02455 49.0961 2.4
      vertex 9.50991 49.0241 2.4
    endloop
  endfacet
  facet normal 0 0 1
    outer loop
      vertex 7.22215 49.8427 2.4
      vertex 9.05553 52.5865 2.4
      vertex 8.92153 52.6859 2.4
    endloop
  endfacet
  facet normal 0 0 1
    outer loop
      vertex 6.82803 50.1349 2.4
      vertex 8.92153 52.6859 2.4
      vertex 8.79792 52.7979 2.4
    endloop
  endfacet
  facet normal 0 0 1
    outer loop
      vertex 6.46447 50.4645 2.4
      vertex 8.79792 52.7979 2.4
      vertex 8.68588 52.9215 2.4
    endloop
  endfacet
  facet normal 0 0 1
    outer loop
      vertex 6.13495 50.828 2.4
      vertex 8.68588 52.9215 2.4
      vertex 8.5865 53.0555 2.4
    endloop
  endfacet
  facet normal 0 0 1
    outer loop
      vertex 9.50652 52.3732 2.4
      vertex 8.54858 49.2153 2.4
      vertex 9.02455 49.0961 2.4
    endloop
  endfacet
  facet normal 0 0 1
    outer loop
      vertex 5.84265 51.2221 2.4
      vertex 8.5865 53.0555 2.4
      vertex 8.50073 53.1986 2.4
    endloop
  endfacet
  facet normal 0 0 1
    outer loop
      vertex 5.59039 51.643 2.4
      vertex 8.50073 53.1986 2.4
      vertex 8.42941 53.3494 2.4
    endloop
  endfacet
  facet normal 0 0 1
    outer loop
      vertex 5.3806 52.0866 2.4
      vertex 8.42941 53.3494 2.4
      vertex 8.3732 53.5065 2.4
    endloop
  endfacet
  facet normal 0 0 1
    outer loop
      vertex 5.2153 52.5486 2.4
      vertex 8.3732 53.5065 2.4
      vertex 8.33267 53.6683 2.4
    endloop
  endfacet
  facet normal 0 0 1
    outer loop
      vertex 5.09607 53.0245 2.4
      vertex 8.33267 53.6683 2.4
      vertex 8.30819 53.8334 2.4
    endloop
  endfacet
  facet normal 0 0 1
    outer loop
      vertex 9.34944 52.4294 2.4
      vertex 8.08658 49.3806 2.4
      vertex 8.54858 49.2153 2.4
    endloop
  endfacet
  facet normal 0 0 1
    outer loop
      vertex 5.02408 53.5099 2.4
      vertex 8.30819 53.8334 2.4
      vertex 8.3 54 2.4
    endloop
  endfacet
  facet normal 0 0 1
    outer loop
      vertex 8.5865 54.9445 2.4
      vertex 5.84265 56.7779 2.4
      vertex 8.50073 54.8014 2.4
    endloop
  endfacet
  facet normal -0 0 1
    outer loop
      vertex 5.59039 56.357 2.4
      vertex 8.50073 54.8014 2.4
      vertex 5.84265 56.7779 2.4
    endloop
  endfacet
  facet normal 0 0 1
    outer loop
      vertex 9.19863 52.5007 2.4
      vertex 7.64302 49.5904 2.4
      vertex 8.08658 49.3806 2.4
    endloop
  endfacet
  facet normal 0 0 1
    outer loop
      vertex 8.50073 54.8014 2.4
      vertex 5.59039 56.357 2.4
      vertex 8.42941 54.6506 2.4
    endloop
  endfacet
  facet normal 0 0 1
    outer loop
      vertex 9.05553 52.5865 2.4
      vertex 7.22215 49.8427 2.4
      vertex 7.64302 49.5904 2.4
    endloop
  endfacet
  facet normal -0 0 1
    outer loop
      vertex 5.3806 55.9134 2.4
      vertex 8.42941 54.6506 2.4
      vertex 5.59039 56.357 2.4
    endloop
  endfacet
  facet normal 0 0 1
    outer loop
      vertex 8.92153 52.6859 2.4
      vertex 6.82803 50.1349 2.4
      vertex 7.22215 49.8427 2.4
    endloop
  endfacet
  facet normal 0 0 1
    outer loop
      vertex 8.42941 54.6506 2.4
      vertex 5.3806 55.9134 2.4
      vertex 8.3732 54.4935 2.4
    endloop
  endfacet
  facet normal 0 0 1
    outer loop
      vertex 8.79792 52.7979 2.4
      vertex 6.46447 50.4645 2.4
      vertex 6.82803 50.1349 2.4
    endloop
  endfacet
  facet normal -0 0 1
    outer loop
      vertex 5.2153 55.4514 2.4
      vertex 8.3732 54.4935 2.4
      vertex 5.3806 55.9134 2.4
    endloop
  endfacet
  facet normal 0 0 1
    outer loop
      vertex 8.68588 52.9215 2.4
      vertex 6.13495 50.828 2.4
      vertex 6.46447 50.4645 2.4
    endloop
  endfacet
  facet normal 0 0 1
    outer loop
      vertex 8.3732 54.4935 2.4
      vertex 5.2153 55.4514 2.4
      vertex 8.33267 54.3317 2.4
    endloop
  endfacet
  facet normal 0 0 1
    outer loop
      vertex 8.5865 53.0555 2.4
      vertex 5.84265 51.2221 2.4
      vertex 6.13495 50.828 2.4
    endloop
  endfacet
  facet normal -0 0 1
    outer loop
      vertex 5.09607 54.9755 2.4
      vertex 8.33267 54.3317 2.4
      vertex 5.2153 55.4514 2.4
    endloop
  endfacet
  facet normal 0 0 1
    outer loop
      vertex 8.50073 53.1986 2.4
      vertex 5.59039 51.643 2.4
      vertex 5.84265 51.2221 2.4
    endloop
  endfacet
  facet normal 0 0 1
    outer loop
      vertex 8.33267 54.3317 2.4
      vertex 5.09607 54.9755 2.4
      vertex 8.30819 54.1666 2.4
    endloop
  endfacet
  facet normal 0 0 1
    outer loop
      vertex 8.42941 53.3494 2.4
      vertex 5.3806 52.0866 2.4
      vertex 5.59039 51.643 2.4
    endloop
  endfacet
  facet normal -0 0 1
    outer loop
      vertex 5.02408 54.4901 2.4
      vertex 8.30819 54.1666 2.4
      vertex 5.09607 54.9755 2.4
    endloop
  endfacet
  facet normal 0 0 1
    outer loop
      vertex 8.3732 53.5065 2.4
      vertex 5.2153 52.5486 2.4
      vertex 5.3806 52.0866 2.4
    endloop
  endfacet
  facet normal 0 0 1
    outer loop
      vertex 8.30819 54.1666 2.4
      vertex 5.02408 54.4901 2.4
      vertex 8.3 54 2.4
    endloop
  endfacet
  facet normal 0 0 1
    outer loop
      vertex 8.33267 53.6683 2.4
      vertex 5.09607 53.0245 2.4
      vertex 5.2153 52.5486 2.4
    endloop
  endfacet
  facet normal 0 0 1
    outer loop
      vertex 5 54 2.4
      vertex 8.3 54 2.4
      vertex 5.02408 54.4901 2.4
    endloop
  endfacet
  facet normal 0 0 1
    outer loop
      vertex 8.30819 53.8334 2.4
      vertex 5.02408 53.5099 2.4
      vertex 5.09607 53.0245 2.4
    endloop
  endfacet
  facet normal 0 0 1
    outer loop
      vertex 8.3 54 2.4
      vertex 5 54 2.4
      vertex 5.02408 53.5099 2.4
    endloop
  endfacet
  facet normal 0 0 1
    outer loop
      vertex 11.6918 54.1666 2.4
      vertex 11.6918 53.8334 2.4
      vertex 11.7 54 2.4
    endloop
  endfacet
  facet normal 0 0 1
    outer loop
      vertex 11.6673 54.3317 2.4
      vertex 11.6918 53.8334 2.4
      vertex 11.6918 54.1666 2.4
    endloop
  endfacet
  facet normal 0 0 1
    outer loop
      vertex 11.6673 54.3317 2.4
      vertex 11.6673 53.6683 2.4
      vertex 11.6918 53.8334 2.4
    endloop
  endfacet
  facet normal 0 0 1
    outer loop
      vertex 11.6268 54.4935 2.4
      vertex 11.6673 53.6683 2.4
      vertex 11.6673 54.3317 2.4
    endloop
  endfacet
  facet normal 0 0 1
    outer loop
      vertex 11.6268 54.4935 2.4
      vertex 11.6268 53.5065 2.4
      vertex 11.6673 53.6683 2.4
    endloop
  endfacet
  facet normal 0 0 1
    outer loop
      vertex 11.5706 54.6506 2.4
      vertex 11.6268 53.5065 2.4
      vertex 11.6268 54.4935 2.4
    endloop
  endfacet
  facet normal 0 0 1
    outer loop
      vertex 11.5706 54.6506 2.4
      vertex 11.5706 53.3494 2.4
      vertex 11.6268 53.5065 2.4
    endloop
  endfacet
  facet normal 0 0 1
    outer loop
      vertex 11.4993 54.8014 2.4
      vertex 11.5706 53.3494 2.4
      vertex 11.5706 54.6506 2.4
    endloop
  endfacet
  facet normal 0 0 1
    outer loop
      vertex 11.4993 54.8014 2.4
      vertex 11.4993 53.1986 2.4
      vertex 11.5706 53.3494 2.4
    endloop
  endfacet
  facet normal 0 0 1
    outer loop
      vertex 11.4135 54.9445 2.4
      vertex 11.4993 53.1986 2.4
      vertex 11.4993 54.8014 2.4
    endloop
  endfacet
  facet normal 0 0 1
    outer loop
      vertex 11.4135 54.9445 2.4
      vertex 11.4135 53.0555 2.4
      vertex 11.4993 53.1986 2.4
    endloop
  endfacet
  facet normal 0 0 1
    outer loop
      vertex 11.3141 55.0785 2.4
      vertex 11.4135 53.0555 2.4
      vertex 11.4135 54.9445 2.4
    endloop
  endfacet
  facet normal 0 0 1
    outer loop
      vertex 11.3141 55.0785 2.4
      vertex 11.3141 52.9215 2.4
      vertex 11.4135 53.0555 2.4
    endloop
  endfacet
  facet normal 0 0 1
    outer loop
      vertex 11.2021 55.2021 2.4
      vertex 11.3141 52.9215 2.4
      vertex 11.3141 55.0785 2.4
    endloop
  endfacet
  facet normal 0 0 1
    outer loop
      vertex 11.2021 55.2021 2.4
      vertex 11.2021 52.7979 2.4
      vertex 11.3141 52.9215 2.4
    endloop
  endfacet
  facet normal 0 0 1
    outer loop
      vertex 11.0785 55.3141 2.4
      vertex 11.2021 52.7979 2.4
      vertex 11.2021 55.2021 2.4
    endloop
  endfacet
  facet normal 0 0 1
    outer loop
      vertex 11.0785 55.3141 2.4
      vertex 11.0785 52.6859 2.4
      vertex 11.2021 52.7979 2.4
    endloop
  endfacet
  facet normal 0 0 1
    outer loop
      vertex 10.9445 55.4135 2.4
      vertex 11.0785 52.6859 2.4
      vertex 11.0785 55.3141 2.4
    endloop
  endfacet
  facet normal 0 0 1
    outer loop
      vertex 10.9445 55.4135 2.4
      vertex 10.9445 52.5865 2.4
      vertex 11.0785 52.6859 2.4
    endloop
  endfacet
  facet normal 0 0 1
    outer loop
      vertex 10.8014 55.4993 2.4
      vertex 10.9445 52.5865 2.4
      vertex 10.9445 55.4135 2.4
    endloop
  endfacet
  facet normal 0 0 1
    outer loop
      vertex 10.8014 55.4993 2.4
      vertex 10.8014 52.5007 2.4
      vertex 10.9445 52.5865 2.4
    endloop
  endfacet
  facet normal 0 0 1
    outer loop
      vertex 10.6506 55.5706 2.4
      vertex 10.8014 52.5007 2.4
      vertex 10.8014 55.4993 2.4
    endloop
  endfacet
  facet normal 0 0 1
    outer loop
      vertex 10.6506 55.5706 2.4
      vertex 10.6506 52.4294 2.4
      vertex 10.8014 52.5007 2.4
    endloop
  endfacet
  facet normal 0 0 1
    outer loop
      vertex 10.4935 55.6268 2.4
      vertex 10.6506 52.4294 2.4
      vertex 10.6506 55.5706 2.4
    endloop
  endfacet
  facet normal 0 0 1
    outer loop
      vertex 10.4935 55.6268 2.4
      vertex 10.4935 52.3732 2.4
      vertex 10.6506 52.4294 2.4
    endloop
  endfacet
  facet normal 0 0 1
    outer loop
      vertex 10.3317 55.6673 2.4
      vertex 10.4935 52.3732 2.4
      vertex 10.4935 55.6268 2.4
    endloop
  endfacet
  facet normal 0 0 1
    outer loop
      vertex 10.3317 55.6673 2.4
      vertex 10.3317 52.3327 2.4
      vertex 10.4935 52.3732 2.4
    endloop
  endfacet
  facet normal 0 0 1
    outer loop
      vertex 10.1666 55.6918 2.4
      vertex 10.3317 52.3327 2.4
      vertex 10.3317 55.6673 2.4
    endloop
  endfacet
  facet normal 0 0 1
    outer loop
      vertex 10.1666 55.6918 2.4
      vertex 10.1666 52.3082 2.4
      vertex 10.3317 52.3327 2.4
    endloop
  endfacet
  facet normal 0 0 1
    outer loop
      vertex 10 55.7 2.4
      vertex 10.1666 52.3082 2.4
      vertex 10.1666 55.6918 2.4
    endloop
  endfacet
  facet normal 0 0 1
    outer loop
      vertex 10 55.7 2.4
      vertex 10 52.3 2.4
      vertex 10.1666 52.3082 2.4
    endloop
  endfacet
  facet normal -0 0 1
    outer loop
      vertex 9.83337 55.6918 2.4
      vertex 10 52.3 2.4
      vertex 10 55.7 2.4
    endloop
  endfacet
  facet normal 0 0 1
    outer loop
      vertex 9.83337 55.6918 2.4
      vertex 9.83337 52.3082 2.4
      vertex 10 52.3 2.4
    endloop
  endfacet
  facet normal -0 0 1
    outer loop
      vertex 9.66835 55.6673 2.4
      vertex 9.83337 52.3082 2.4
      vertex 9.83337 55.6918 2.4
    endloop
  endfacet
  facet normal 0 0 1
    outer loop
      vertex 9.66835 55.6673 2.4
      vertex 9.66835 52.3327 2.4
      vertex 9.83337 52.3082 2.4
    endloop
  endfacet
  facet normal -0 0 1
    outer loop
      vertex 9.50652 55.6268 2.4
      vertex 9.66835 52.3327 2.4
      vertex 9.66835 55.6673 2.4
    endloop
  endfacet
  facet normal 0 0 1
    outer loop
      vertex 9.50652 55.6268 2.4
      vertex 9.50652 52.3732 2.4
      vertex 9.66835 52.3327 2.4
    endloop
  endfacet
  facet normal -0 0 1
    outer loop
      vertex 9.34944 55.5706 2.4
      vertex 9.50652 52.3732 2.4
      vertex 9.50652 55.6268 2.4
    endloop
  endfacet
  facet normal 0 0 1
    outer loop
      vertex 9.34944 55.5706 2.4
      vertex 9.34944 52.4294 2.4
      vertex 9.50652 52.3732 2.4
    endloop
  endfacet
  facet normal -0 0 1
    outer loop
      vertex 9.19863 55.4993 2.4
      vertex 9.34944 52.4294 2.4
      vertex 9.34944 55.5706 2.4
    endloop
  endfacet
  facet normal 0 0 1
    outer loop
      vertex 9.19863 55.4993 2.4
      vertex 9.19863 52.5007 2.4
      vertex 9.34944 52.4294 2.4
    endloop
  endfacet
  facet normal -0 0 1
    outer loop
      vertex 9.05553 55.4135 2.4
      vertex 9.19863 52.5007 2.4
      vertex 9.19863 55.4993 2.4
    endloop
  endfacet
  facet normal 0 0 1
    outer loop
      vertex 9.05553 55.4135 2.4
      vertex 9.05553 52.5865 2.4
      vertex 9.19863 52.5007 2.4
    endloop
  endfacet
  facet normal -0 0 1
    outer loop
      vertex 8.92153 55.3141 2.4
      vertex 9.05553 52.5865 2.4
      vertex 9.05553 55.4135 2.4
    endloop
  endfacet
  facet normal 0 0 1
    outer loop
      vertex 8.92153 55.3141 2.4
      vertex 8.92153 52.6859 2.4
      vertex 9.05553 52.5865 2.4
    endloop
  endfacet
  facet normal -0 0 1
    outer loop
      vertex 8.79792 55.2021 2.4
      vertex 8.92153 52.6859 2.4
      vertex 8.92153 55.3141 2.4
    endloop
  endfacet
  facet normal 0 0 1
    outer loop
      vertex 8.79792 55.2021 2.4
      vertex 8.79792 52.7979 2.4
      vertex 8.92153 52.6859 2.4
    endloop
  endfacet
  facet normal -0 0 1
    outer loop
      vertex 8.68588 55.0785 2.4
      vertex 8.79792 52.7979 2.4
      vertex 8.79792 55.2021 2.4
    endloop
  endfacet
  facet normal 0 0 1
    outer loop
      vertex 8.68588 55.0785 2.4
      vertex 8.68588 52.9215 2.4
      vertex 8.79792 52.7979 2.4
    endloop
  endfacet
  facet normal -0 0 1
    outer loop
      vertex 8.5865 54.9445 2.4
      vertex 8.68588 52.9215 2.4
      vertex 8.68588 55.0785 2.4
    endloop
  endfacet
  facet normal 0 0 1
    outer loop
      vertex 8.5865 54.9445 2.4
      vertex 8.5865 53.0555 2.4
      vertex 8.68588 52.9215 2.4
    endloop
  endfacet
  facet normal -0 0 1
    outer loop
      vertex 8.50073 54.8014 2.4
      vertex 8.5865 53.0555 2.4
      vertex 8.5865 54.9445 2.4
    endloop
  endfacet
  facet normal 0 0 1
    outer loop
      vertex 8.50073 54.8014 2.4
      vertex 8.50073 53.1986 2.4
      vertex 8.5865 53.0555 2.4
    endloop
  endfacet
  facet normal -0 0 1
    outer loop
      vertex 8.42941 54.6506 2.4
      vertex 8.50073 53.1986 2.4
      vertex 8.50073 54.8014 2.4
    endloop
  endfacet
  facet normal 0 0 1
    outer loop
      vertex 8.42941 54.6506 2.4
      vertex 8.42941 53.3494 2.4
      vertex 8.50073 53.1986 2.4
    endloop
  endfacet
  facet normal -0 0 1
    outer loop
      vertex 8.3732 54.4935 2.4
      vertex 8.42941 53.3494 2.4
      vertex 8.42941 54.6506 2.4
    endloop
  endfacet
  facet normal 0 0 1
    outer loop
      vertex 8.3732 54.4935 2.4
      vertex 8.3732 53.5065 2.4
      vertex 8.42941 53.3494 2.4
    endloop
  endfacet
  facet normal -0 0 1
    outer loop
      vertex 8.33267 54.3317 2.4
      vertex 8.3732 53.5065 2.4
      vertex 8.3732 54.4935 2.4
    endloop
  endfacet
  facet normal 0 0 1
    outer loop
      vertex 8.33267 54.3317 2.4
      vertex 8.33267 53.6683 2.4
      vertex 8.3732 53.5065 2.4
    endloop
  endfacet
  facet normal -0 0 1
    outer loop
      vertex 8.30819 54.1666 2.4
      vertex 8.33267 53.6683 2.4
      vertex 8.33267 54.3317 2.4
    endloop
  endfacet
  facet normal 0 0 1
    outer loop
      vertex 8.30819 54.1666 2.4
      vertex 8.30819 53.8334 2.4
      vertex 8.33267 53.6683 2.4
    endloop
  endfacet
  facet normal 0 -0 1
    outer loop
      vertex 8.30819 53.8334 2.4
      vertex 8.30819 54.1666 2.4
      vertex 8.3 54 2.4
    endloop
  endfacet
  facet normal 0 0 1
    outer loop
      vertex 81.7 54 2.4
      vertex 85 54 2.4
      vertex 84.9759 54.4901 2.4
    endloop
  endfacet
  facet normal 0 0 1
    outer loop
      vertex 81.6918 54.1666 2.4
      vertex 84.9759 54.4901 2.4
      vertex 84.9039 54.9755 2.4
    endloop
  endfacet
  facet normal 0 0 1
    outer loop
      vertex 85 54 2.4
      vertex 81.7 54 2.4
      vertex 84.9759 53.5099 2.4
    endloop
  endfacet
  facet normal 0 0 1
    outer loop
      vertex 81.6673 54.3317 2.4
      vertex 84.9039 54.9755 2.4
      vertex 84.7847 55.4514 2.4
    endloop
  endfacet
  facet normal -0 0 1
    outer loop
      vertex 81.6918 53.8334 2.4
      vertex 84.9759 53.5099 2.4
      vertex 81.7 54 2.4
    endloop
  endfacet
  facet normal 0 0 1
    outer loop
      vertex 81.6268 54.4935 2.4
      vertex 84.7847 55.4514 2.4
      vertex 84.6194 55.9134 2.4
    endloop
  endfacet
  facet normal 0 0 1
    outer loop
      vertex 84.9759 53.5099 2.4
      vertex 81.6918 53.8334 2.4
      vertex 84.9039 53.0245 2.4
    endloop
  endfacet
  facet normal 0 0 1
    outer loop
      vertex 81.5706 54.6506 2.4
      vertex 84.6194 55.9134 2.4
      vertex 84.4096 56.357 2.4
    endloop
  endfacet
  facet normal -0 0 1
    outer loop
      vertex 81.6673 53.6683 2.4
      vertex 84.9039 53.0245 2.4
      vertex 81.6918 53.8334 2.4
    endloop
  endfacet
  facet normal 0 0 1
    outer loop
      vertex 81.4993 54.8014 2.4
      vertex 84.4096 56.357 2.4
      vertex 84.1573 56.7779 2.4
    endloop
  endfacet
  facet normal 0 0 1
    outer loop
      vertex 84.9039 53.0245 2.4
      vertex 81.6673 53.6683 2.4
      vertex 84.7847 52.5486 2.4
    endloop
  endfacet
  facet normal 0 0 1
    outer loop
      vertex 81.4135 54.9445 2.4
      vertex 84.1573 56.7779 2.4
      vertex 83.8651 57.172 2.4
    endloop
  endfacet
  facet normal -0 0 1
    outer loop
      vertex 81.6268 53.5065 2.4
      vertex 84.7847 52.5486 2.4
      vertex 81.6673 53.6683 2.4
    endloop
  endfacet
  facet normal 0 0 1
    outer loop
      vertex 81.3141 55.0785 2.4
      vertex 83.8651 57.172 2.4
      vertex 83.5355 57.5355 2.4
    endloop
  endfacet
  facet normal 0 0 1
    outer loop
      vertex 84.7847 52.5486 2.4
      vertex 81.6268 53.5065 2.4
      vertex 84.6194 52.0866 2.4
    endloop
  endfacet
  facet normal 0 0 1
    outer loop
      vertex 81.2021 55.2021 2.4
      vertex 83.5355 57.5355 2.4
      vertex 83.172 57.8651 2.4
    endloop
  endfacet
  facet normal -0 0 1
    outer loop
      vertex 81.5706 53.3494 2.4
      vertex 84.6194 52.0866 2.4
      vertex 81.6268 53.5065 2.4
    endloop
  endfacet
  facet normal 0 0 1
    outer loop
      vertex 81.0785 55.3141 2.4
      vertex 83.172 57.8651 2.4
      vertex 82.7778 58.1573 2.4
    endloop
  endfacet
  facet normal 0 0 1
    outer loop
      vertex 84.6194 52.0866 2.4
      vertex 81.5706 53.3494 2.4
      vertex 84.4096 51.643 2.4
    endloop
  endfacet
  facet normal 0 0 1
    outer loop
      vertex 80.9445 55.4135 2.4
      vertex 82.7778 58.1573 2.4
      vertex 82.357 58.4096 2.4
    endloop
  endfacet
  facet normal -0 0 1
    outer loop
      vertex 81.4993 53.1986 2.4
      vertex 84.4096 51.643 2.4
      vertex 81.5706 53.3494 2.4
    endloop
  endfacet
  facet normal 0 0 1
    outer loop
      vertex 80.8014 55.4993 2.4
      vertex 82.357 58.4096 2.4
      vertex 81.9134 58.6194 2.4
    endloop
  endfacet
  facet normal 0 0 1
    outer loop
      vertex 84.4096 51.643 2.4
      vertex 81.4993 53.1986 2.4
      vertex 84.1573 51.2221 2.4
    endloop
  endfacet
  facet normal -0 0 1
    outer loop
      vertex 81.4135 53.0555 2.4
      vertex 84.1573 51.2221 2.4
      vertex 81.4993 53.1986 2.4
    endloop
  endfacet
  facet normal 0 0 1
    outer loop
      vertex 84.9759 54.4901 2.4
      vertex 81.6918 54.1666 2.4
      vertex 81.7 54 2.4
    endloop
  endfacet
  facet normal 0 0 1
    outer loop
      vertex 84.9039 54.9755 2.4
      vertex 81.6673 54.3317 2.4
      vertex 81.6918 54.1666 2.4
    endloop
  endfacet
  facet normal 0 0 1
    outer loop
      vertex 84.7847 55.4514 2.4
      vertex 81.6268 54.4935 2.4
      vertex 81.6673 54.3317 2.4
    endloop
  endfacet
  facet normal 0 0 1
    outer loop
      vertex 84.6194 55.9134 2.4
      vertex 81.5706 54.6506 2.4
      vertex 81.6268 54.4935 2.4
    endloop
  endfacet
  facet normal 0 0 1
    outer loop
      vertex 84.4096 56.357 2.4
      vertex 81.4993 54.8014 2.4
      vertex 81.5706 54.6506 2.4
    endloop
  endfacet
  facet normal 0 0 1
    outer loop
      vertex 80.6506 55.5706 2.4
      vertex 81.9134 58.6194 2.4
      vertex 81.4514 58.7847 2.4
    endloop
  endfacet
  facet normal 0 0 1
    outer loop
      vertex 84.1573 56.7779 2.4
      vertex 81.4135 54.9445 2.4
      vertex 81.4993 54.8014 2.4
    endloop
  endfacet
  facet normal 0 0 1
    outer loop
      vertex 83.8651 57.172 2.4
      vertex 81.3141 55.0785 2.4
      vertex 81.4135 54.9445 2.4
    endloop
  endfacet
  facet normal 0 0 1
    outer loop
      vertex 83.5355 57.5355 2.4
      vertex 81.2021 55.2021 2.4
      vertex 81.3141 55.0785 2.4
    endloop
  endfacet
  facet normal 0 0 1
    outer loop
      vertex 83.172 57.8651 2.4
      vertex 81.0785 55.3141 2.4
      vertex 81.2021 55.2021 2.4
    endloop
  endfacet
  facet normal 0 0 1
    outer loop
      vertex 80.4935 55.6268 2.4
      vertex 81.4514 58.7847 2.4
      vertex 80.9754 58.9039 2.4
    endloop
  endfacet
  facet normal 0 0 1
    outer loop
      vertex 82.7778 58.1573 2.4
      vertex 80.9445 55.4135 2.4
      vertex 81.0785 55.3141 2.4
    endloop
  endfacet
  facet normal 0 0 1
    outer loop
      vertex 82.357 58.4096 2.4
      vertex 80.8014 55.4993 2.4
      vertex 80.9445 55.4135 2.4
    endloop
  endfacet
  facet normal 0 0 1
    outer loop
      vertex 81.9134 58.6194 2.4
      vertex 80.6506 55.5706 2.4
      vertex 80.8014 55.4993 2.4
    endloop
  endfacet
  facet normal 0 0 1
    outer loop
      vertex 81.4514 58.7847 2.4
      vertex 80.4935 55.6268 2.4
      vertex 80.6506 55.5706 2.4
    endloop
  endfacet
  facet normal 0 0 1
    outer loop
      vertex 80.3316 55.6673 2.4
      vertex 80.9754 58.9039 2.4
      vertex 80.4901 58.9759 2.4
    endloop
  endfacet
  facet normal 0 0 1
    outer loop
      vertex 80.9754 58.9039 2.4
      vertex 80.3316 55.6673 2.4
      vertex 80.4935 55.6268 2.4
    endloop
  endfacet
  facet normal 0 0 1
    outer loop
      vertex 80.4901 58.9759 2.4
      vertex 80.1666 55.6918 2.4
      vertex 80.3316 55.6673 2.4
    endloop
  endfacet
  facet normal 0 0 1
    outer loop
      vertex 80 59 2.4
      vertex 80.1666 55.6918 2.4
      vertex 80.4901 58.9759 2.4
    endloop
  endfacet
  facet normal 0 0 1
    outer loop
      vertex 80 59 2.4
      vertex 80 55.7 2.4
      vertex 80.1666 55.6918 2.4
    endloop
  endfacet
  facet normal 0 0 1
    outer loop
      vertex 80 59 2.4
      vertex 79.8334 55.6918 2.4
      vertex 80 55.7 2.4
    endloop
  endfacet
  facet normal -0 0 1
    outer loop
      vertex 79.5099 58.9759 2.4
      vertex 79.8334 55.6918 2.4
      vertex 80 59 2.4
    endloop
  endfacet
  facet normal 0 0 1
    outer loop
      vertex 79.8334 55.6918 2.4
      vertex 79.5099 58.9759 2.4
      vertex 79.6684 55.6673 2.4
    endloop
  endfacet
  facet normal -0 0 1
    outer loop
      vertex 79.0246 58.9039 2.4
      vertex 79.6684 55.6673 2.4
      vertex 79.5099 58.9759 2.4
    endloop
  endfacet
  facet normal 0 0 1
    outer loop
      vertex 79.6684 55.6673 2.4
      vertex 79.0246 58.9039 2.4
      vertex 79.5065 55.6268 2.4
    endloop
  endfacet
  facet normal -0 0 1
    outer loop
      vertex 78.5486 58.7847 2.4
      vertex 79.5065 55.6268 2.4
      vertex 79.0246 58.9039 2.4
    endloop
  endfacet
  facet normal 0 0 1
    outer loop
      vertex 79.5065 55.6268 2.4
      vertex 78.5486 58.7847 2.4
      vertex 79.3494 55.5706 2.4
    endloop
  endfacet
  facet normal -0 0 1
    outer loop
      vertex 78.0866 58.6194 2.4
      vertex 79.3494 55.5706 2.4
      vertex 78.5486 58.7847 2.4
    endloop
  endfacet
  facet normal 0 0 1
    outer loop
      vertex 79.3494 55.5706 2.4
      vertex 78.0866 58.6194 2.4
      vertex 79.1986 55.4993 2.4
    endloop
  endfacet
  facet normal -0 0 1
    outer loop
      vertex 77.643 58.4096 2.4
      vertex 79.1986 55.4993 2.4
      vertex 78.0866 58.6194 2.4
    endloop
  endfacet
  facet normal 0 0 1
    outer loop
      vertex 79.1986 55.4993 2.4
      vertex 77.643 58.4096 2.4
      vertex 79.0555 55.4135 2.4
    endloop
  endfacet
  facet normal -0 0 1
    outer loop
      vertex 77.2222 58.1573 2.4
      vertex 79.0555 55.4135 2.4
      vertex 77.643 58.4096 2.4
    endloop
  endfacet
  facet normal 0 0 1
    outer loop
      vertex 79.0555 55.4135 2.4
      vertex 77.2222 58.1573 2.4
      vertex 78.9215 55.3141 2.4
    endloop
  endfacet
  facet normal -0 0 1
    outer loop
      vertex 76.828 57.8651 2.4
      vertex 78.9215 55.3141 2.4
      vertex 77.2222 58.1573 2.4
    endloop
  endfacet
  facet normal 0 0 1
    outer loop
      vertex 78.9215 55.3141 2.4
      vertex 76.828 57.8651 2.4
      vertex 78.7979 55.2021 2.4
    endloop
  endfacet
  facet normal -0 0 1
    outer loop
      vertex 76.4645 57.5355 2.4
      vertex 78.7979 55.2021 2.4
      vertex 76.828 57.8651 2.4
    endloop
  endfacet
  facet normal 0 0 1
    outer loop
      vertex 78.7979 55.2021 2.4
      vertex 76.4645 57.5355 2.4
      vertex 78.6859 55.0785 2.4
    endloop
  endfacet
  facet normal -0 0 1
    outer loop
      vertex 76.1349 57.172 2.4
      vertex 78.6859 55.0785 2.4
      vertex 76.4645 57.5355 2.4
    endloop
  endfacet
  facet normal -0 0 1
    outer loop
      vertex 75.8427 56.7779 2.4
      vertex 78.5865 54.9445 2.4
      vertex 76.1349 57.172 2.4
    endloop
  endfacet
  facet normal 0 0 1
    outer loop
      vertex 78.6859 55.0785 2.4
      vertex 76.1349 57.172 2.4
      vertex 78.5865 54.9445 2.4
    endloop
  endfacet
  facet normal 0 0 1
    outer loop
      vertex 84.1573 51.2221 2.4
      vertex 81.4135 53.0555 2.4
      vertex 83.8651 50.828 2.4
    endloop
  endfacet
  facet normal -0 0 1
    outer loop
      vertex 81.3141 52.9215 2.4
      vertex 83.8651 50.828 2.4
      vertex 81.4135 53.0555 2.4
    endloop
  endfacet
  facet normal 0 0 1
    outer loop
      vertex 83.8651 50.828 2.4
      vertex 81.3141 52.9215 2.4
      vertex 83.5355 50.4645 2.4
    endloop
  endfacet
  facet normal -0 0 1
    outer loop
      vertex 81.2021 52.7979 2.4
      vertex 83.5355 50.4645 2.4
      vertex 81.3141 52.9215 2.4
    endloop
  endfacet
  facet normal 0 0 1
    outer loop
      vertex 83.5355 50.4645 2.4
      vertex 81.2021 52.7979 2.4
      vertex 83.172 50.1349 2.4
    endloop
  endfacet
  facet normal -0 0 1
    outer loop
      vertex 81.0785 52.6859 2.4
      vertex 83.172 50.1349 2.4
      vertex 81.2021 52.7979 2.4
    endloop
  endfacet
  facet normal 0 0 1
    outer loop
      vertex 83.172 50.1349 2.4
      vertex 81.0785 52.6859 2.4
      vertex 82.7778 49.8427 2.4
    endloop
  endfacet
  facet normal -0 0 1
    outer loop
      vertex 80.9445 52.5865 2.4
      vertex 82.7778 49.8427 2.4
      vertex 81.0785 52.6859 2.4
    endloop
  endfacet
  facet normal 0 0 1
    outer loop
      vertex 82.7778 49.8427 2.4
      vertex 80.9445 52.5865 2.4
      vertex 82.357 49.5904 2.4
    endloop
  endfacet
  facet normal -0 0 1
    outer loop
      vertex 80.8014 52.5007 2.4
      vertex 82.357 49.5904 2.4
      vertex 80.9445 52.5865 2.4
    endloop
  endfacet
  facet normal 0 0 1
    outer loop
      vertex 82.357 49.5904 2.4
      vertex 80.8014 52.5007 2.4
      vertex 81.9134 49.3806 2.4
    endloop
  endfacet
  facet normal -0 0 1
    outer loop
      vertex 80.6506 52.4294 2.4
      vertex 81.9134 49.3806 2.4
      vertex 80.8014 52.5007 2.4
    endloop
  endfacet
  facet normal 0 0 1
    outer loop
      vertex 81.9134 49.3806 2.4
      vertex 80.6506 52.4294 2.4
      vertex 81.4514 49.2153 2.4
    endloop
  endfacet
  facet normal -0 0 1
    outer loop
      vertex 80.4935 52.3732 2.4
      vertex 81.4514 49.2153 2.4
      vertex 80.6506 52.4294 2.4
    endloop
  endfacet
  facet normal 0 0 1
    outer loop
      vertex 81.4514 49.2153 2.4
      vertex 80.4935 52.3732 2.4
      vertex 80.9754 49.0961 2.4
    endloop
  endfacet
  facet normal -0 0 1
    outer loop
      vertex 80.3316 52.3327 2.4
      vertex 80.9754 49.0961 2.4
      vertex 80.4935 52.3732 2.4
    endloop
  endfacet
  facet normal 0 0 1
    outer loop
      vertex 80.9754 49.0961 2.4
      vertex 80.3316 52.3327 2.4
      vertex 80.4901 49.0241 2.4
    endloop
  endfacet
  facet normal -0 0 1
    outer loop
      vertex 80.1666 52.3082 2.4
      vertex 80.4901 49.0241 2.4
      vertex 80.3316 52.3327 2.4
    endloop
  endfacet
  facet normal -0 0 1
    outer loop
      vertex 80 52.3 2.4
      vertex 80.4901 49.0241 2.4
      vertex 80.1666 52.3082 2.4
    endloop
  endfacet
  facet normal 0 0 1
    outer loop
      vertex 80 52.3 2.4
      vertex 80 49 2.4
      vertex 80.4901 49.0241 2.4
    endloop
  endfacet
  facet normal 0 0 1
    outer loop
      vertex 79.8334 52.3082 2.4
      vertex 80 49 2.4
      vertex 80 52.3 2.4
    endloop
  endfacet
  facet normal 0 0 1
    outer loop
      vertex 79.5099 49.0241 2.4
      vertex 79.8334 52.3082 2.4
      vertex 79.6684 52.3327 2.4
    endloop
  endfacet
  facet normal 0 0 1
    outer loop
      vertex 79.8334 52.3082 2.4
      vertex 79.5099 49.0241 2.4
      vertex 80 49 2.4
    endloop
  endfacet
  facet normal 0 0 1
    outer loop
      vertex 79.0246 49.0961 2.4
      vertex 79.6684 52.3327 2.4
      vertex 79.5065 52.3732 2.4
    endloop
  endfacet
  facet normal 0 0 1
    outer loop
      vertex 78.5486 49.2153 2.4
      vertex 79.5065 52.3732 2.4
      vertex 79.3494 52.4294 2.4
    endloop
  endfacet
  facet normal 0 0 1
    outer loop
      vertex 78.0866 49.3806 2.4
      vertex 79.3494 52.4294 2.4
      vertex 79.1986 52.5007 2.4
    endloop
  endfacet
  facet normal 0 0 1
    outer loop
      vertex 77.643 49.5904 2.4
      vertex 79.1986 52.5007 2.4
      vertex 79.0555 52.5865 2.4
    endloop
  endfacet
  facet normal 0 0 1
    outer loop
      vertex 79.6684 52.3327 2.4
      vertex 79.0246 49.0961 2.4
      vertex 79.5099 49.0241 2.4
    endloop
  endfacet
  facet normal 0 0 1
    outer loop
      vertex 77.2222 49.8427 2.4
      vertex 79.0555 52.5865 2.4
      vertex 78.9215 52.6859 2.4
    endloop
  endfacet
  facet normal 0 0 1
    outer loop
      vertex 76.828 50.1349 2.4
      vertex 78.9215 52.6859 2.4
      vertex 78.7979 52.7979 2.4
    endloop
  endfacet
  facet normal 0 0 1
    outer loop
      vertex 76.4645 50.4645 2.4
      vertex 78.7979 52.7979 2.4
      vertex 78.6859 52.9215 2.4
    endloop
  endfacet
  facet normal 0 0 1
    outer loop
      vertex 76.1349 50.828 2.4
      vertex 78.6859 52.9215 2.4
      vertex 78.5865 53.0555 2.4
    endloop
  endfacet
  facet normal 0 0 1
    outer loop
      vertex 79.5065 52.3732 2.4
      vertex 78.5486 49.2153 2.4
      vertex 79.0246 49.0961 2.4
    endloop
  endfacet
  facet normal 0 0 1
    outer loop
      vertex 75.8427 51.2221 2.4
      vertex 78.5865 53.0555 2.4
      vertex 78.5007 53.1986 2.4
    endloop
  endfacet
  facet normal 0 0 1
    outer loop
      vertex 75.5904 51.643 2.4
      vertex 78.5007 53.1986 2.4
      vertex 78.4294 53.3494 2.4
    endloop
  endfacet
  facet normal 0 0 1
    outer loop
      vertex 75.3806 52.0866 2.4
      vertex 78.4294 53.3494 2.4
      vertex 78.3732 53.5065 2.4
    endloop
  endfacet
  facet normal 0 0 1
    outer loop
      vertex 75.2153 52.5486 2.4
      vertex 78.3732 53.5065 2.4
      vertex 78.3327 53.6683 2.4
    endloop
  endfacet
  facet normal 0 0 1
    outer loop
      vertex 75.0961 53.0245 2.4
      vertex 78.3327 53.6683 2.4
      vertex 78.3082 53.8334 2.4
    endloop
  endfacet
  facet normal 0 0 1
    outer loop
      vertex 79.3494 52.4294 2.4
      vertex 78.0866 49.3806 2.4
      vertex 78.5486 49.2153 2.4
    endloop
  endfacet
  facet normal 0 0 1
    outer loop
      vertex 75.0241 53.5099 2.4
      vertex 78.3082 53.8334 2.4
      vertex 78.3 54 2.4
    endloop
  endfacet
  facet normal 0 0 1
    outer loop
      vertex 78.5865 54.9445 2.4
      vertex 75.8427 56.7779 2.4
      vertex 78.5007 54.8014 2.4
    endloop
  endfacet
  facet normal -0 0 1
    outer loop
      vertex 75.5904 56.357 2.4
      vertex 78.5007 54.8014 2.4
      vertex 75.8427 56.7779 2.4
    endloop
  endfacet
  facet normal 0 0 1
    outer loop
      vertex 79.1986 52.5007 2.4
      vertex 77.643 49.5904 2.4
      vertex 78.0866 49.3806 2.4
    endloop
  endfacet
  facet normal 0 0 1
    outer loop
      vertex 78.5007 54.8014 2.4
      vertex 75.5904 56.357 2.4
      vertex 78.4294 54.6506 2.4
    endloop
  endfacet
  facet normal 0 0 1
    outer loop
      vertex 79.0555 52.5865 2.4
      vertex 77.2222 49.8427 2.4
      vertex 77.643 49.5904 2.4
    endloop
  endfacet
  facet normal -0 0 1
    outer loop
      vertex 75.3806 55.9134 2.4
      vertex 78.4294 54.6506 2.4
      vertex 75.5904 56.357 2.4
    endloop
  endfacet
  facet normal 0 0 1
    outer loop
      vertex 78.9215 52.6859 2.4
      vertex 76.828 50.1349 2.4
      vertex 77.2222 49.8427 2.4
    endloop
  endfacet
  facet normal 0 0 1
    outer loop
      vertex 78.4294 54.6506 2.4
      vertex 75.3806 55.9134 2.4
      vertex 78.3732 54.4935 2.4
    endloop
  endfacet
  facet normal 0 0 1
    outer loop
      vertex 78.7979 52.7979 2.4
      vertex 76.4645 50.4645 2.4
      vertex 76.828 50.1349 2.4
    endloop
  endfacet
  facet normal -0 0 1
    outer loop
      vertex 75.2153 55.4514 2.4
      vertex 78.3732 54.4935 2.4
      vertex 75.3806 55.9134 2.4
    endloop
  endfacet
  facet normal 0 0 1
    outer loop
      vertex 78.6859 52.9215 2.4
      vertex 76.1349 50.828 2.4
      vertex 76.4645 50.4645 2.4
    endloop
  endfacet
  facet normal 0 0 1
    outer loop
      vertex 78.3732 54.4935 2.4
      vertex 75.2153 55.4514 2.4
      vertex 78.3327 54.3317 2.4
    endloop
  endfacet
  facet normal 0 0 1
    outer loop
      vertex 78.5865 53.0555 2.4
      vertex 75.8427 51.2221 2.4
      vertex 76.1349 50.828 2.4
    endloop
  endfacet
  facet normal -0 0 1
    outer loop
      vertex 75.0961 54.9755 2.4
      vertex 78.3327 54.3317 2.4
      vertex 75.2153 55.4514 2.4
    endloop
  endfacet
  facet normal 0 0 1
    outer loop
      vertex 78.5007 53.1986 2.4
      vertex 75.5904 51.643 2.4
      vertex 75.8427 51.2221 2.4
    endloop
  endfacet
  facet normal 0 0 1
    outer loop
      vertex 78.3327 54.3317 2.4
      vertex 75.0961 54.9755 2.4
      vertex 78.3082 54.1666 2.4
    endloop
  endfacet
  facet normal 0 0 1
    outer loop
      vertex 78.4294 53.3494 2.4
      vertex 75.3806 52.0866 2.4
      vertex 75.5904 51.643 2.4
    endloop
  endfacet
  facet normal -0 0 1
    outer loop
      vertex 75.0241 54.4901 2.4
      vertex 78.3082 54.1666 2.4
      vertex 75.0961 54.9755 2.4
    endloop
  endfacet
  facet normal 0 0 1
    outer loop
      vertex 78.3732 53.5065 2.4
      vertex 75.2153 52.5486 2.4
      vertex 75.3806 52.0866 2.4
    endloop
  endfacet
  facet normal 0 0 1
    outer loop
      vertex 78.3082 54.1666 2.4
      vertex 75.0241 54.4901 2.4
      vertex 78.3 54 2.4
    endloop
  endfacet
  facet normal 0 0 1
    outer loop
      vertex 78.3327 53.6683 2.4
      vertex 75.0961 53.0245 2.4
      vertex 75.2153 52.5486 2.4
    endloop
  endfacet
  facet normal 0 0 1
    outer loop
      vertex 75 54 2.4
      vertex 78.3 54 2.4
      vertex 75.0241 54.4901 2.4
    endloop
  endfacet
  facet normal 0 0 1
    outer loop
      vertex 78.3082 53.8334 2.4
      vertex 75.0241 53.5099 2.4
      vertex 75.0961 53.0245 2.4
    endloop
  endfacet
  facet normal 0 0 1
    outer loop
      vertex 78.3 54 2.4
      vertex 75 54 2.4
      vertex 75.0241 53.5099 2.4
    endloop
  endfacet
  facet normal 0 0 1
    outer loop
      vertex 81.6918 54.1666 2.4
      vertex 81.6918 53.8334 2.4
      vertex 81.7 54 2.4
    endloop
  endfacet
  facet normal 0 0 1
    outer loop
      vertex 81.6673 54.3317 2.4
      vertex 81.6918 53.8334 2.4
      vertex 81.6918 54.1666 2.4
    endloop
  endfacet
  facet normal 0 0 1
    outer loop
      vertex 81.6673 54.3317 2.4
      vertex 81.6673 53.6683 2.4
      vertex 81.6918 53.8334 2.4
    endloop
  endfacet
  facet normal 0 0 1
    outer loop
      vertex 81.6268 54.4935 2.4
      vertex 81.6673 53.6683 2.4
      vertex 81.6673 54.3317 2.4
    endloop
  endfacet
  facet normal 0 0 1
    outer loop
      vertex 81.6268 54.4935 2.4
      vertex 81.6268 53.5065 2.4
      vertex 81.6673 53.6683 2.4
    endloop
  endfacet
  facet normal 0 0 1
    outer loop
      vertex 81.5706 54.6506 2.4
      vertex 81.6268 53.5065 2.4
      vertex 81.6268 54.4935 2.4
    endloop
  endfacet
  facet normal 0 0 1
    outer loop
      vertex 81.5706 54.6506 2.4
      vertex 81.5706 53.3494 2.4
      vertex 81.6268 53.5065 2.4
    endloop
  endfacet
  facet normal 0 0 1
    outer loop
      vertex 81.4993 54.8014 2.4
      vertex 81.5706 53.3494 2.4
      vertex 81.5706 54.6506 2.4
    endloop
  endfacet
  facet normal 0 0 1
    outer loop
      vertex 81.4993 54.8014 2.4
      vertex 81.4993 53.1986 2.4
      vertex 81.5706 53.3494 2.4
    endloop
  endfacet
  facet normal 0 0 1
    outer loop
      vertex 81.4135 54.9445 2.4
      vertex 81.4993 53.1986 2.4
      vertex 81.4993 54.8014 2.4
    endloop
  endfacet
  facet normal 0 0 1
    outer loop
      vertex 81.4135 54.9445 2.4
      vertex 81.4135 53.0555 2.4
      vertex 81.4993 53.1986 2.4
    endloop
  endfacet
  facet normal 0 0 1
    outer loop
      vertex 81.3141 55.0785 2.4
      vertex 81.4135 53.0555 2.4
      vertex 81.4135 54.9445 2.4
    endloop
  endfacet
  facet normal 0 0 1
    outer loop
      vertex 81.3141 55.0785 2.4
      vertex 81.3141 52.9215 2.4
      vertex 81.4135 53.0555 2.4
    endloop
  endfacet
  facet normal 0 0 1
    outer loop
      vertex 81.2021 55.2021 2.4
      vertex 81.3141 52.9215 2.4
      vertex 81.3141 55.0785 2.4
    endloop
  endfacet
  facet normal 0 0 1
    outer loop
      vertex 81.2021 55.2021 2.4
      vertex 81.2021 52.7979 2.4
      vertex 81.3141 52.9215 2.4
    endloop
  endfacet
  facet normal 0 0 1
    outer loop
      vertex 81.0785 55.3141 2.4
      vertex 81.2021 52.7979 2.4
      vertex 81.2021 55.2021 2.4
    endloop
  endfacet
  facet normal 0 0 1
    outer loop
      vertex 81.0785 55.3141 2.4
      vertex 81.0785 52.6859 2.4
      vertex 81.2021 52.7979 2.4
    endloop
  endfacet
  facet normal 0 0 1
    outer loop
      vertex 80.9445 55.4135 2.4
      vertex 81.0785 52.6859 2.4
      vertex 81.0785 55.3141 2.4
    endloop
  endfacet
  facet normal 0 0 1
    outer loop
      vertex 80.9445 55.4135 2.4
      vertex 80.9445 52.5865 2.4
      vertex 81.0785 52.6859 2.4
    endloop
  endfacet
  facet normal 0 0 1
    outer loop
      vertex 80.8014 55.4993 2.4
      vertex 80.9445 52.5865 2.4
      vertex 80.9445 55.4135 2.4
    endloop
  endfacet
  facet normal 0 0 1
    outer loop
      vertex 80.8014 55.4993 2.4
      vertex 80.8014 52.5007 2.4
      vertex 80.9445 52.5865 2.4
    endloop
  endfacet
  facet normal 0 0 1
    outer loop
      vertex 80.6506 55.5706 2.4
      vertex 80.8014 52.5007 2.4
      vertex 80.8014 55.4993 2.4
    endloop
  endfacet
  facet normal 0 0 1
    outer loop
      vertex 80.6506 55.5706 2.4
      vertex 80.6506 52.4294 2.4
      vertex 80.8014 52.5007 2.4
    endloop
  endfacet
  facet normal 0 0 1
    outer loop
      vertex 80.4935 55.6268 2.4
      vertex 80.6506 52.4294 2.4
      vertex 80.6506 55.5706 2.4
    endloop
  endfacet
  facet normal 0 0 1
    outer loop
      vertex 80.4935 55.6268 2.4
      vertex 80.4935 52.3732 2.4
      vertex 80.6506 52.4294 2.4
    endloop
  endfacet
  facet normal 0 0 1
    outer loop
      vertex 80.3316 55.6673 2.4
      vertex 80.4935 52.3732 2.4
      vertex 80.4935 55.6268 2.4
    endloop
  endfacet
  facet normal 0 0 1
    outer loop
      vertex 80.3316 55.6673 2.4
      vertex 80.3316 52.3327 2.4
      vertex 80.4935 52.3732 2.4
    endloop
  endfacet
  facet normal 0 0 1
    outer loop
      vertex 80.1666 55.6918 2.4
      vertex 80.3316 52.3327 2.4
      vertex 80.3316 55.6673 2.4
    endloop
  endfacet
  facet normal 0 0 1
    outer loop
      vertex 80.1666 55.6918 2.4
      vertex 80.1666 52.3082 2.4
      vertex 80.3316 52.3327 2.4
    endloop
  endfacet
  facet normal 0 0 1
    outer loop
      vertex 80 55.7 2.4
      vertex 80.1666 52.3082 2.4
      vertex 80.1666 55.6918 2.4
    endloop
  endfacet
  facet normal 0 0 1
    outer loop
      vertex 80 55.7 2.4
      vertex 80 52.3 2.4
      vertex 80.1666 52.3082 2.4
    endloop
  endfacet
  facet normal -0 0 1
    outer loop
      vertex 79.8334 55.6918 2.4
      vertex 80 52.3 2.4
      vertex 80 55.7 2.4
    endloop
  endfacet
  facet normal 0 0 1
    outer loop
      vertex 79.8334 55.6918 2.4
      vertex 79.8334 52.3082 2.4
      vertex 80 52.3 2.4
    endloop
  endfacet
  facet normal -0 0 1
    outer loop
      vertex 79.6684 55.6673 2.4
      vertex 79.8334 52.3082 2.4
      vertex 79.8334 55.6918 2.4
    endloop
  endfacet
  facet normal 0 0 1
    outer loop
      vertex 79.6684 55.6673 2.4
      vertex 79.6684 52.3327 2.4
      vertex 79.8334 52.3082 2.4
    endloop
  endfacet
  facet normal -0 0 1
    outer loop
      vertex 79.5065 55.6268 2.4
      vertex 79.6684 52.3327 2.4
      vertex 79.6684 55.6673 2.4
    endloop
  endfacet
  facet normal 0 0 1
    outer loop
      vertex 79.5065 55.6268 2.4
      vertex 79.5065 52.3732 2.4
      vertex 79.6684 52.3327 2.4
    endloop
  endfacet
  facet normal -0 0 1
    outer loop
      vertex 79.3494 55.5706 2.4
      vertex 79.5065 52.3732 2.4
      vertex 79.5065 55.6268 2.4
    endloop
  endfacet
  facet normal 0 0 1
    outer loop
      vertex 79.3494 55.5706 2.4
      vertex 79.3494 52.4294 2.4
      vertex 79.5065 52.3732 2.4
    endloop
  endfacet
  facet normal -0 0 1
    outer loop
      vertex 79.1986 55.4993 2.4
      vertex 79.3494 52.4294 2.4
      vertex 79.3494 55.5706 2.4
    endloop
  endfacet
  facet normal 0 0 1
    outer loop
      vertex 79.1986 55.4993 2.4
      vertex 79.1986 52.5007 2.4
      vertex 79.3494 52.4294 2.4
    endloop
  endfacet
  facet normal -0 0 1
    outer loop
      vertex 79.0555 55.4135 2.4
      vertex 79.1986 52.5007 2.4
      vertex 79.1986 55.4993 2.4
    endloop
  endfacet
  facet normal 0 0 1
    outer loop
      vertex 79.0555 55.4135 2.4
      vertex 79.0555 52.5865 2.4
      vertex 79.1986 52.5007 2.4
    endloop
  endfacet
  facet normal -0 0 1
    outer loop
      vertex 78.9215 55.3141 2.4
      vertex 79.0555 52.5865 2.4
      vertex 79.0555 55.4135 2.4
    endloop
  endfacet
  facet normal 0 0 1
    outer loop
      vertex 78.9215 55.3141 2.4
      vertex 78.9215 52.6859 2.4
      vertex 79.0555 52.5865 2.4
    endloop
  endfacet
  facet normal -0 0 1
    outer loop
      vertex 78.7979 55.2021 2.4
      vertex 78.9215 52.6859 2.4
      vertex 78.9215 55.3141 2.4
    endloop
  endfacet
  facet normal 0 0 1
    outer loop
      vertex 78.7979 55.2021 2.4
      vertex 78.7979 52.7979 2.4
      vertex 78.9215 52.6859 2.4
    endloop
  endfacet
  facet normal -0 0 1
    outer loop
      vertex 78.6859 55.0785 2.4
      vertex 78.7979 52.7979 2.4
      vertex 78.7979 55.2021 2.4
    endloop
  endfacet
  facet normal 0 0 1
    outer loop
      vertex 78.6859 55.0785 2.4
      vertex 78.6859 52.9215 2.4
      vertex 78.7979 52.7979 2.4
    endloop
  endfacet
  facet normal -0 0 1
    outer loop
      vertex 78.5865 54.9445 2.4
      vertex 78.6859 52.9215 2.4
      vertex 78.6859 55.0785 2.4
    endloop
  endfacet
  facet normal 0 0 1
    outer loop
      vertex 78.5865 54.9445 2.4
      vertex 78.5865 53.0555 2.4
      vertex 78.6859 52.9215 2.4
    endloop
  endfacet
  facet normal -0 0 1
    outer loop
      vertex 78.5007 54.8014 2.4
      vertex 78.5865 53.0555 2.4
      vertex 78.5865 54.9445 2.4
    endloop
  endfacet
  facet normal 0 0 1
    outer loop
      vertex 78.5007 54.8014 2.4
      vertex 78.5007 53.1986 2.4
      vertex 78.5865 53.0555 2.4
    endloop
  endfacet
  facet normal -0 0 1
    outer loop
      vertex 78.4294 54.6506 2.4
      vertex 78.5007 53.1986 2.4
      vertex 78.5007 54.8014 2.4
    endloop
  endfacet
  facet normal 0 0 1
    outer loop
      vertex 78.4294 54.6506 2.4
      vertex 78.4294 53.3494 2.4
      vertex 78.5007 53.1986 2.4
    endloop
  endfacet
  facet normal -0 0 1
    outer loop
      vertex 78.3732 54.4935 2.4
      vertex 78.4294 53.3494 2.4
      vertex 78.4294 54.6506 2.4
    endloop
  endfacet
  facet normal 0 0 1
    outer loop
      vertex 78.3732 54.4935 2.4
      vertex 78.3732 53.5065 2.4
      vertex 78.4294 53.3494 2.4
    endloop
  endfacet
  facet normal -0 0 1
    outer loop
      vertex 78.3327 54.3317 2.4
      vertex 78.3732 53.5065 2.4
      vertex 78.3732 54.4935 2.4
    endloop
  endfacet
  facet normal 0 0 1
    outer loop
      vertex 78.3327 54.3317 2.4
      vertex 78.3327 53.6683 2.4
      vertex 78.3732 53.5065 2.4
    endloop
  endfacet
  facet normal -0 0 1
    outer loop
      vertex 78.3082 54.1666 2.4
      vertex 78.3327 53.6683 2.4
      vertex 78.3327 54.3317 2.4
    endloop
  endfacet
  facet normal 0 0 1
    outer loop
      vertex 78.3082 54.1666 2.4
      vertex 78.3082 53.8334 2.4
      vertex 78.3327 53.6683 2.4
    endloop
  endfacet
  facet normal 0 -0 1
    outer loop
      vertex 78.3082 53.8334 2.4
      vertex 78.3082 54.1666 2.4
      vertex 78.3 54 2.4
    endloop
  endfacet
  facet normal 0.989169 0.146783 0
    outer loop
      vertex 2.43844 4.00982 60
      vertex 2.40963 4.20397 3.18006
      vertex 2.40963 4.20397 60
    endloop
  endfacet
  facet normal 0.989169 0.146783 0
    outer loop
      vertex 2.40963 4.20397 3.18006
      vertex 2.43844 4.00982 60
      vertex 2.43844 4.00982 3.14583
    endloop
  endfacet
  facet normal 0.941548 0.336879 0
    outer loop
      vertex 2.55224 3.63463 60
      vertex 2.48612 3.81943 3.11226
      vertex 2.48612 3.81943 60
    endloop
  endfacet
  facet normal 0.941548 0.336879 0
    outer loop
      vertex 2.48612 3.81943 3.11226
      vertex 2.55224 3.63463 60
      vertex 2.55224 3.63463 3.07967
    endloop
  endfacet
  facet normal -0.857673 -0.514196 -0
    outer loop
      vertex 87.3638 66.5428 11.7351
      vertex 87.2629 66.7111 2.4
      vertex 87.3638 66.5428 2.4
    endloop
  endfacet
  facet normal -0.857673 -0.514196 0
    outer loop
      vertex 87.2629 66.7111 2.4
      vertex 87.3638 66.5428 11.7351
      vertex 87.2629 66.7111 11.7647
    endloop
  endfacet
  facet normal -0.857673 -0.514196 -0
    outer loop
      vertex 87.3638 66.5428 60
      vertex 87.2629 66.7111 14.2018
      vertex 87.3638 66.5428 14.1721
    endloop
  endfacet
  facet normal -0.857673 -0.514196 0
    outer loop
      vertex 87.2629 66.7111 14.2018
      vertex 87.3638 66.5428 60
      vertex 87.2629 66.7111 60
    endloop
  endfacet
  facet normal -0.9038 -0.427955 -0
    outer loop
      vertex 87.4478 66.3654 11.7038
      vertex 87.3638 66.5428 2.4
      vertex 87.4478 66.3654 2.4
    endloop
  endfacet
  facet normal -0.9038 -0.427955 0
    outer loop
      vertex 87.3638 66.5428 2.4
      vertex 87.4478 66.3654 11.7038
      vertex 87.3638 66.5428 11.7351
    endloop
  endfacet
  facet normal -0.9038 -0.427955 -0
    outer loop
      vertex 87.4478 66.3654 60
      vertex 87.3638 66.5428 14.1721
      vertex 87.4478 66.3654 14.1408
    endloop
  endfacet
  facet normal -0.9038 -0.427955 0
    outer loop
      vertex 87.3638 66.5428 14.1721
      vertex 87.4478 66.3654 60
      vertex 87.3638 66.5428 60
    endloop
  endfacet
  facet normal -0.85774 0.514084 0
    outer loop
      vertex 87.2629 3.28885 60
      vertex 87.3638 3.4572 3.04838
      vertex 87.2629 3.28885 3.0187
    endloop
  endfacet
  facet normal -0.85774 0.514084 0
    outer loop
      vertex 87.3638 3.4572 3.04838
      vertex 87.2629 3.28885 60
      vertex 87.3638 3.4572 60
    endloop
  endfacet
  facet normal -0.903828 0.427896 0
    outer loop
      vertex 87.3638 3.4572 60
      vertex 87.4478 3.63463 3.07967
      vertex 87.3638 3.4572 3.04838
    endloop
  endfacet
  facet normal -0.903828 0.427896 0
    outer loop
      vertex 87.4478 3.63463 3.07967
      vertex 87.3638 3.4572 60
      vertex 87.4478 3.63463 60
    endloop
  endfacet
  facet normal -0.970019 0.243027 0
    outer loop
      vertex 87.5139 3.81943 60
      vertex 87.5616 4.00982 3.14583
      vertex 87.5139 3.81943 3.11226
    endloop
  endfacet
  facet normal -0.970019 0.243027 0
    outer loop
      vertex 87.5616 4.00982 3.14583
      vertex 87.5139 3.81943 60
      vertex 87.5616 4.00982 60
    endloop
  endfacet
  facet normal 0.243027 -0.970019 0
    outer loop
      vertex 4.00982 67.5616 2.4
      vertex 3.81943 67.5139 11.9063
      vertex 3.81943 67.5139 2.4
    endloop
  endfacet
  facet normal 0.243027 -0.970019 0
    outer loop
      vertex 3.81943 67.5139 11.9063
      vertex 4.00982 67.5616 2.4
      vertex 4.00982 67.5616 11.9147
    endloop
  endfacet
  facet normal 0.243027 -0.970019 0
    outer loop
      vertex 3.81943 67.5139 60
      vertex 4.00982 67.5616 14.3517
      vertex 4.00982 67.5616 60
    endloop
  endfacet
  facet normal 0.243027 -0.970019 0
    outer loop
      vertex 4.00982 67.5616 14.3517
      vertex 3.81943 67.5139 60
      vertex 3.81943 67.5139 14.3433
    endloop
  endfacet
  facet normal 0.146733 -0.989176 0
    outer loop
      vertex 4.20397 67.5904 2.4
      vertex 4.00982 67.5616 11.9147
      vertex 4.00982 67.5616 2.4
    endloop
  endfacet
  facet normal 0.146733 -0.989176 0
    outer loop
      vertex 4.00982 67.5616 11.9147
      vertex 4.20397 67.5904 2.4
      vertex 4.20397 67.5904 11.9198
    endloop
  endfacet
  facet normal 0.146733 -0.989176 0
    outer loop
      vertex 4.00982 67.5616 60
      vertex 4.20397 67.5904 14.3568
      vertex 4.20397 67.5904 60
    endloop
  endfacet
  facet normal 0.146733 -0.989176 0
    outer loop
      vertex 4.20397 67.5904 14.3568
      vertex 4.00982 67.5616 60
      vertex 4.00982 67.5616 14.3517
    endloop
  endfacet
  facet normal 1 -0 0
    outer loop
      vertex 4.8 67.6 60
      vertex 4.8 70 14.7817
      vertex 4.8 70 60
    endloop
  endfacet
  facet normal 1 0 0
    outer loop
      vertex 4.8 70 14.7817
      vertex 4.8 67.6 60
      vertex 4.8 67.6 14.3585
    endloop
  endfacet
  facet normal 1 -0 0
    outer loop
      vertex 4.8 67.6 11.9215
      vertex 4.8 70 4.8
      vertex 4.8 70 12.3447
    endloop
  endfacet
  facet normal 1 0 0
    outer loop
      vertex 4.8 70 4.8
      vertex 4.8 67.6 11.9215
      vertex 4.8 67.6 4.8
    endloop
  endfacet
  facet normal -1 0 0
    outer loop
      vertex 85.2 67.6 60
      vertex 85.2 70 14.7817
      vertex 85.2 67.6 14.3585
    endloop
  endfacet
  facet normal -1 0 0
    outer loop
      vertex 85.2 70 14.7817
      vertex 85.2 67.6 60
      vertex 85.2 70 60
    endloop
  endfacet
  facet normal -1 0 0
    outer loop
      vertex 85.2 67.6 11.9215
      vertex 85.2 70 4.8
      vertex 85.2 67.6 4.8
    endloop
  endfacet
  facet normal -1 0 0
    outer loop
      vertex 85.2 70 4.8
      vertex 85.2 67.6 11.9215
      vertex 85.2 70 12.3447
    endloop
  endfacet
  facet normal -0 0 1
    outer loop
      vertex 4.8 70 4.8
      vertex 85.2 67.6 4.8
      vertex 85.2 70 4.8
    endloop
  endfacet
  facet normal 0 0 1
    outer loop
      vertex 85.2 67.6 4.8
      vertex 4.8 70 4.8
      vertex 4.8 67.6 4.8
    endloop
  endfacet
  facet normal -3.44524e-06 0.173642 -0.984809
    outer loop
      vertex 87.5616 4.00982 3.14583
      vertex 90 4 3.14409
      vertex 89.9807 3.60793 3.07496
    endloop
  endfacet
  facet normal 4.23573e-07 0.173649 -0.984808
    outer loop
      vertex 90 4 3.14409
      vertex 87.6 4.4 3.21462
      vertex 90 66 14.0764
    endloop
  endfacet
  facet normal -1.83963e-06 0.173658 -0.984806
    outer loop
      vertex 87.5139 3.81943 3.11226
      vertex 89.9807 3.60793 3.07496
      vertex 89.9231 3.21964 3.00649
    endloop
  endfacet
  facet normal 2.84822e-05 0.173648 -0.984808
    outer loop
      vertex 87.6 65.6 14.0058
      vertex 90 66 14.0764
      vertex 87.6 4.4 3.21462
    endloop
  endfacet
  facet normal -1.02474e-05 0.173626 -0.984812
    outer loop
      vertex 87.5139 3.81943 3.11226
      vertex 89.9231 3.21964 3.00649
      vertex 89.8278 2.83887 2.93936
    endloop
  endfacet
  facet normal -4.98367e-06 0.173842 -0.984773
    outer loop
      vertex 87.5904 65.796 14.0404
      vertex 90 66 14.0764
      vertex 87.6 65.6 14.0058
    endloop
  endfacet
  facet normal 9.05967e-06 0.17367 -0.984804
    outer loop
      vertex 87.4478 3.63463 3.07967
      vertex 89.8278 2.83887 2.93936
      vertex 89.6955 2.46927 2.87418
    endloop
  endfacet
  facet normal 2.99307e-05 0.173442 -0.984844
    outer loop
      vertex 87.5616 65.9902 14.0746
      vertex 90 66 14.0764
      vertex 87.5904 65.796 14.0404
    endloop
  endfacet
  facet normal -1.81642e-06 0.173645 -0.984808
    outer loop
      vertex 87.3638 3.4572 3.04838
      vertex 89.6955 2.46927 2.87418
      vertex 89.5277 2.11441 2.81161
    endloop
  endfacet
  facet normal 2.94535e-05 0.173557 -0.984824
    outer loop
      vertex 90 66 14.0764
      vertex 87.5616 65.9902 14.0746
      vertex 89.9807 66.3921 14.1455
    endloop
  endfacet
  facet normal -8.18065e-06 0.173637 -0.98481
    outer loop
      vertex 87.2629 3.28885 3.0187
      vertex 89.5277 2.11441 2.81161
      vertex 89.3259 1.77773 2.75225
    endloop
  endfacet
  facet normal -9.19578e-06 0.173783 -0.984784
    outer loop
      vertex 87.5139 66.1806 14.1082
      vertex 89.9807 66.3921 14.1455
      vertex 87.5616 65.9902 14.0746
    endloop
  endfacet
  facet normal 7.55254e-06 0.173655 -0.984807
    outer loop
      vertex 87.146 3.13122 2.9909
      vertex 89.3259 1.77773 2.75225
      vertex 89.092 1.46243 2.69665
    endloop
  endfacet
  facet normal -4.22327e-06 0.173727 -0.984794
    outer loop
      vertex 89.9807 66.3921 14.1455
      vertex 87.5139 66.1806 14.1082
      vertex 89.9231 66.7804 14.214
    endloop
  endfacet
  facet normal -1.02961e-05 0.173636 -0.98481
    outer loop
      vertex 87.0142 2.98578 2.96526
      vertex 89.092 1.46243 2.69665
      vertex 88.8284 1.17157 2.64537
    endloop
  endfacet
  facet normal 3.18184e-05 0.173586 -0.984819
    outer loop
      vertex 89.9231 66.7804 14.214
      vertex 87.5139 66.1806 14.1082
      vertex 89.8278 67.1611 14.2811
    endloop
  endfacet
  facet normal 1.57638e-05 0.173661 -0.984805
    outer loop
      vertex 87.0142 2.98578 2.96526
      vertex 88.8284 1.17157 2.64537
      vertex 88.5376 0.907959 2.59888
    endloop
  endfacet
  facet normal -2.47589e-05 0.173716 -0.984796
    outer loop
      vertex 87.4478 66.3654 14.1408
      vertex 89.8278 67.1611 14.2811
      vertex 87.5139 66.1806 14.1082
    endloop
  endfacet
  facet normal -5.64595e-06 0.173645 -0.984808
    outer loop
      vertex 86.8688 2.85398 2.94202
      vertex 88.5376 0.907959 2.59888
      vertex 88.2223 0.674118 2.55765
    endloop
  endfacet
  facet normal -2.47569e-05 0.173716 -0.984796
    outer loop
      vertex 89.8278 67.1611 14.2811
      vertex 87.4478 66.3654 14.1408
      vertex 89.6955 67.5307 14.3463
    endloop
  endfacet
  facet normal -3.77015e-06 0.173644 -0.984809
    outer loop
      vertex 86.7111 2.73707 2.9214
      vertex 88.2223 0.674118 2.55765
      vertex 87.8856 0.472321 2.52207
    endloop
  endfacet
  facet normal -3.60701e-05 0.173737 -0.984792
    outer loop
      vertex 87.3638 66.5428 14.1721
      vertex 89.6955 67.5307 14.3463
      vertex 87.4478 66.3654 14.1408
    endloop
  endfacet
  facet normal 7.91508e-05 0.173473 -0.984839
    outer loop
      vertex 89.6955 67.5307 14.3463
      vertex 87.3638 66.5428 14.1721
      vertex 89.5277 67.8856 14.4088
    endloop
  endfacet
  facet normal -4.14408e-06 0.173622 -0.984812
    outer loop
      vertex 90 4 3.14409
      vertex 87.5904 4.20397 3.18006
      vertex 87.6 4.4 3.21462
    endloop
  endfacet
  facet normal -3.49768e-06 0.17363 -0.984811
    outer loop
      vertex 90 4 3.14409
      vertex 87.5616 4.00982 3.14583
      vertex 87.5904 4.20397 3.18006
    endloop
  endfacet
  facet normal -6.56856e-06 0.173643 -0.984809
    outer loop
      vertex 86.5428 2.63616 2.90361
      vertex 87.8856 0.472321 2.52207
      vertex 87.5307 0.304489 2.49248
    endloop
  endfacet
  facet normal -3.06276e-06 0.173644 -0.984808
    outer loop
      vertex 89.9807 3.60793 3.07496
      vertex 87.5139 3.81943 3.11226
      vertex 87.5616 4.00982 3.14583
    endloop
  endfacet
  facet normal 9.0604e-06 0.17367 -0.984804
    outer loop
      vertex 89.8278 2.83887 2.93936
      vertex 87.4478 3.63463 3.07967
      vertex 87.5139 3.81943 3.11226
    endloop
  endfacet
  facet normal 7.97777e-06 0.173668 -0.984804
    outer loop
      vertex 89.6955 2.46927 2.87418
      vertex 87.3638 3.4572 3.04838
      vertex 87.4478 3.63463 3.07967
    endloop
  endfacet
  facet normal -1.2261e-05 0.173629 -0.984811
    outer loop
      vertex 89.5277 2.11441 2.81161
      vertex 87.2629 3.28885 3.0187
      vertex 87.3638 3.4572 3.04838
    endloop
  endfacet
  facet normal 3.70322e-06 0.173646 -0.984808
    outer loop
      vertex 86.3654 2.55224 2.88881
      vertex 87.5307 0.304489 2.49248
      vertex 87.1611 0.172241 2.46916
    endloop
  endfacet
  facet normal 1.69207e-05 0.17367 -0.984804
    outer loop
      vertex 89.3259 1.77773 2.75225
      vertex 87.146 3.13122 2.9909
      vertex 87.2629 3.28885 3.0187
    endloop
  endfacet
  facet normal -1.5555e-05 0.173629 -0.984811
    outer loop
      vertex 89.092 1.46243 2.69665
      vertex 87.0142 2.98578 2.96526
      vertex 87.146 3.13122 2.9909
    endloop
  endfacet
  facet normal -6.34398e-07 0.17365 -0.984808
    outer loop
      vertex 88.5376 0.907959 2.59888
      vertex 86.8688 2.85398 2.94202
      vertex 87.0142 2.98578 2.96526
    endloop
  endfacet
  facet normal 3.42088e-06 0.17365 -0.984807
    outer loop
      vertex 86.1806 2.48612 2.87716
      vertex 87.1611 0.172241 2.46916
      vertex 86.7804 0.0768585 2.45234
    endloop
  endfacet
  facet normal 2.36543e-05 0.173663 -0.984805
    outer loop
      vertex 88.2223 0.674118 2.55765
      vertex 86.7111 2.73707 2.9214
      vertex 86.8688 2.85398 2.94202
    endloop
  endfacet
  facet normal -1.28218e-05 0.173639 -0.984809
    outer loop
      vertex 87.8856 0.472321 2.52207
      vertex 86.5428 2.63616 2.90361
      vertex 86.7111 2.73707 2.9214
    endloop
  endfacet
  facet normal 7.77405e-06 0.173651 -0.984807
    outer loop
      vertex 86.1806 2.48612 2.87716
      vertex 86.7804 0.0768585 2.45234
      vertex 86.3921 0.0192566 2.44218
    endloop
  endfacet
  facet normal 1.32907e-05 0.173651 -0.984807
    outer loop
      vertex 87.5307 0.304489 2.49248
      vertex 86.3654 2.55224 2.88881
      vertex 86.5428 2.63616 2.90361
    endloop
  endfacet
  facet normal -4.05368e-05 0.173632 -0.984811
    outer loop
      vertex 87.1611 0.172241 2.46916
      vertex 86.1806 2.48612 2.87716
      vertex 86.3654 2.55224 2.88881
    endloop
  endfacet
  facet normal -1.36513e-05 0.173647 -0.984808
    outer loop
      vertex 85.9902 2.43844 2.86875
      vertex 86.3921 0.0192566 2.44218
      vertex 86 0 2.43879
    endloop
  endfacet
  facet normal 1.32904e-05 0.173651 -0.984807
    outer loop
      vertex 86.3921 0.0192566 2.44218
      vertex 85.9902 2.43844 2.86875
      vertex 86.1806 2.48612 2.87716
    endloop
  endfacet
  facet normal 2.65205e-07 0.173647 -0.984808
    outer loop
      vertex 86 0 2.43879
      vertex 85.796 2.40963 2.86367
      vertex 85.9902 2.43844 2.86875
    endloop
  endfacet
  facet normal 9.91885e-06 0.173648 -0.984808
    outer loop
      vertex 86 0 2.43879
      vertex 85.6 2.4 2.86197
      vertex 85.796 2.40963 2.86367
    endloop
  endfacet
  facet normal 0 0.173646 -0.984808
    outer loop
      vertex 86 0 2.43879
      vertex 71.4 2.4 2.86197
      vertex 85.6 2.4 2.86197
    endloop
  endfacet
  facet normal 0 0.173646 -0.984808
    outer loop
      vertex 86 0 2.43879
      vertex 70.2 2.4 2.86197
      vertex 71.4 2.4 2.86197
    endloop
  endfacet
  facet normal 0 0.173646 -0.984808
    outer loop
      vertex 86 0 2.43879
      vertex 67.2 2.4 2.86197
      vertex 70.2 2.4 2.86197
    endloop
  endfacet
  facet normal 0 0.173646 -0.984808
    outer loop
      vertex 86 0 2.43879
      vertex 66 2.4 2.86197
      vertex 67.2 2.4 2.86197
    endloop
  endfacet
  facet normal 0 0.173646 -0.984808
    outer loop
      vertex 86 0 2.43879
      vertex 63 2.4 2.86197
      vertex 66 2.4 2.86197
    endloop
  endfacet
  facet normal 0 0.173646 -0.984808
    outer loop
      vertex 86 0 2.43879
      vertex 61.8 2.4 2.86197
      vertex 63 2.4 2.86197
    endloop
  endfacet
  facet normal 0 0.173646 -0.984808
    outer loop
      vertex 86 0 2.43879
      vertex 58.8 2.4 2.86197
      vertex 61.8 2.4 2.86197
    endloop
  endfacet
  facet normal 0 0.173646 -0.984808
    outer loop
      vertex 86 0 2.43879
      vertex 57.6 2.4 2.86197
      vertex 58.8 2.4 2.86197
    endloop
  endfacet
  facet normal 0 0.173646 -0.984808
    outer loop
      vertex 86 0 2.43879
      vertex 54.6 2.4 2.86197
      vertex 57.6 2.4 2.86197
    endloop
  endfacet
  facet normal 0 0.173646 -0.984808
    outer loop
      vertex 86 0 2.43879
      vertex 53.4 2.4 2.86197
      vertex 54.6 2.4 2.86197
    endloop
  endfacet
  facet normal 0 0.173646 -0.984808
    outer loop
      vertex 86 0 2.43879
      vertex 50.4 2.4 2.86197
      vertex 53.4 2.4 2.86197
    endloop
  endfacet
  facet normal 0 0.173646 -0.984808
    outer loop
      vertex 86 0 2.43879
      vertex 49.2 2.4 2.86197
      vertex 50.4 2.4 2.86197
    endloop
  endfacet
  facet normal 0 0.173646 -0.984808
    outer loop
      vertex 86 0 2.43879
      vertex 46.2 2.4 2.86197
      vertex 49.2 2.4 2.86197
    endloop
  endfacet
  facet normal 0 0.173646 -0.984808
    outer loop
      vertex 86 0 2.43879
      vertex 45 2.4 2.86197
      vertex 46.2 2.4 2.86197
    endloop
  endfacet
  facet normal 0 0.173646 -0.984808
    outer loop
      vertex 86 0 2.43879
      vertex 42 2.4 2.86197
      vertex 45 2.4 2.86197
    endloop
  endfacet
  facet normal 0 0.173646 -0.984808
    outer loop
      vertex 4 0 2.43879
      vertex 42 2.4 2.86197
      vertex 86 0 2.43879
    endloop
  endfacet
  facet normal 0 0.173646 -0.984808
    outer loop
      vertex 42 2.4 2.86197
      vertex 4 0 2.43879
      vertex 40.8 2.4 2.86197
    endloop
  endfacet
  facet normal 0 0.173646 -0.984808
    outer loop
      vertex 40.8 2.4 2.86197
      vertex 4 0 2.43879
      vertex 37.8 2.4 2.86197
    endloop
  endfacet
  facet normal 0 0.173646 -0.984808
    outer loop
      vertex 37.8 2.4 2.86197
      vertex 4 0 2.43879
      vertex 36.6 2.4 2.86197
    endloop
  endfacet
  facet normal 0 0.173646 -0.984808
    outer loop
      vertex 36.6 2.4 2.86197
      vertex 4 0 2.43879
      vertex 33.6 2.4 2.86197
    endloop
  endfacet
  facet normal 0 0.173646 -0.984808
    outer loop
      vertex 33.6 2.4 2.86197
      vertex 4 0 2.43879
      vertex 32.4 2.4 2.86197
    endloop
  endfacet
  facet normal 0 0.173646 -0.984808
    outer loop
      vertex 32.4 2.4 2.86197
      vertex 4 0 2.43879
      vertex 29.4 2.4 2.86197
    endloop
  endfacet
  facet normal 0 0.173646 -0.984808
    outer loop
      vertex 29.4 2.4 2.86197
      vertex 4 0 2.43879
      vertex 28.2 2.4 2.86197
    endloop
  endfacet
  facet normal 0 0.173646 -0.984808
    outer loop
      vertex 28.2 2.4 2.86197
      vertex 4 0 2.43879
      vertex 25.2 2.4 2.86197
    endloop
  endfacet
  facet normal 0 0.173646 -0.984808
    outer loop
      vertex 25.2 2.4 2.86197
      vertex 4 0 2.43879
      vertex 24 2.4 2.86197
    endloop
  endfacet
  facet normal 0 0.173646 -0.984808
    outer loop
      vertex 24 2.4 2.86197
      vertex 4 0 2.43879
      vertex 4.4 2.4 2.86197
    endloop
  endfacet
  facet normal -9.91734e-06 0.173648 -0.984808
    outer loop
      vertex 4 0 2.43879
      vertex 4.20397 2.40963 2.86367
      vertex 4.4 2.4 2.86197
    endloop
  endfacet
  facet normal -2.65273e-07 0.173647 -0.984808
    outer loop
      vertex 4 0 2.43879
      vertex 4.00982 2.43844 2.86875
      vertex 4.20397 2.40963 2.86367
    endloop
  endfacet
  facet normal 1.36523e-05 0.173647 -0.984808
    outer loop
      vertex 3.60793 0.0192566 2.44218
      vertex 4.00982 2.43844 2.86875
      vertex 4 0 2.43879
    endloop
  endfacet
  facet normal -1.32911e-05 0.173651 -0.984807
    outer loop
      vertex 4.00982 2.43844 2.86875
      vertex 3.60793 0.0192566 2.44218
      vertex 3.81943 2.48612 2.87716
    endloop
  endfacet
  facet normal -7.77425e-06 0.173651 -0.984807
    outer loop
      vertex 3.21964 0.0768585 2.45234
      vertex 3.81943 2.48612 2.87716
      vertex 3.60793 0.0192566 2.44218
    endloop
  endfacet
  facet normal -3.42029e-06 0.17365 -0.984807
    outer loop
      vertex 2.83887 0.172241 2.46916
      vertex 3.81943 2.48612 2.87716
      vertex 3.21964 0.0768585 2.45234
    endloop
  endfacet
  facet normal 4.05365e-05 0.173632 -0.984811
    outer loop
      vertex 3.81943 2.48612 2.87716
      vertex 2.83887 0.172241 2.46916
      vertex 3.63463 2.55224 2.88881
    endloop
  endfacet
  facet normal -3.70319e-06 0.173646 -0.984808
    outer loop
      vertex 2.46927 0.304489 2.49248
      vertex 3.63463 2.55224 2.88881
      vertex 2.83887 0.172241 2.46916
    endloop
  endfacet
  facet normal -1.32887e-05 0.173651 -0.984807
    outer loop
      vertex 3.63463 2.55224 2.88881
      vertex 2.46927 0.304489 2.49248
      vertex 3.4572 2.63616 2.90361
    endloop
  endfacet
  facet normal 6.56914e-06 0.173643 -0.984809
    outer loop
      vertex 2.11441 0.472321 2.52207
      vertex 3.4572 2.63616 2.90361
      vertex 2.46927 0.304489 2.49248
    endloop
  endfacet
  facet normal 1.28191e-05 0.173639 -0.984809
    outer loop
      vertex 3.4572 2.63616 2.90361
      vertex 2.11441 0.472321 2.52207
      vertex 3.28885 2.73707 2.9214
    endloop
  endfacet
  facet normal 3.77037e-06 0.173644 -0.984809
    outer loop
      vertex 1.77773 0.674118 2.55765
      vertex 3.28885 2.73707 2.9214
      vertex 2.11441 0.472321 2.52207
    endloop
  endfacet
  facet normal -2.36616e-05 0.173663 -0.984805
    outer loop
      vertex 3.28885 2.73707 2.9214
      vertex 1.77773 0.674118 2.55765
      vertex 3.13122 2.85398 2.94202
    endloop
  endfacet
  facet normal 5.64596e-06 0.173645 -0.984808
    outer loop
      vertex 1.46243 0.907959 2.59888
      vertex 3.13122 2.85398 2.94202
      vertex 1.77773 0.674118 2.55765
    endloop
  endfacet
  facet normal 6.34301e-07 0.17365 -0.984808
    outer loop
      vertex 3.13122 2.85398 2.94202
      vertex 1.46243 0.907959 2.59888
      vertex 2.98578 2.98578 2.96526
    endloop
  endfacet
  facet normal -1.57621e-05 0.173661 -0.984805
    outer loop
      vertex 1.17157 1.17157 2.64537
      vertex 2.98578 2.98578 2.96526
      vertex 1.46243 0.907959 2.59888
    endloop
  endfacet
  facet normal 1.02958e-05 0.173636 -0.98481
    outer loop
      vertex 0.907959 1.46243 2.69665
      vertex 2.98578 2.98578 2.96526
      vertex 1.17157 1.17157 2.64537
    endloop
  endfacet
  facet normal 1.55549e-05 0.173629 -0.984811
    outer loop
      vertex 2.98578 2.98578 2.96526
      vertex 0.907959 1.46243 2.69665
      vertex 2.85398 3.13122 2.9909
    endloop
  endfacet
  facet normal -7.55323e-06 0.173655 -0.984807
    outer loop
      vertex 0.674118 1.77773 2.75225
      vertex 2.85398 3.13122 2.9909
      vertex 0.907959 1.46243 2.69665
    endloop
  endfacet
  facet normal -1.69204e-05 0.17367 -0.984804
    outer loop
      vertex 2.85398 3.13122 2.9909
      vertex 0.674118 1.77773 2.75225
      vertex 2.73707 3.28885 3.0187
    endloop
  endfacet
  facet normal 1.22609e-05 0.173629 -0.984811
    outer loop
      vertex 2.73707 3.28885 3.0187
      vertex 0.472321 2.11441 2.81161
      vertex 2.63616 3.4572 3.04838
    endloop
  endfacet
  facet normal 8.18082e-06 0.173637 -0.98481
    outer loop
      vertex 0.472321 2.11441 2.81161
      vertex 2.73707 3.28885 3.0187
      vertex 0.674118 1.77773 2.75225
    endloop
  endfacet
  facet normal -8.78025e-05 0.173734 -0.984793
    outer loop
      vertex 87.2629 66.7111 14.2018
      vertex 89.5277 67.8856 14.4088
      vertex 87.3638 66.5428 14.1721
    endloop
  endfacet
  facet normal -6.73891e-05 0.173696 -0.984799
    outer loop
      vertex 89.5277 67.8856 14.4088
      vertex 87.2629 66.7111 14.2018
      vertex 89.3259 68.2223 14.4682
    endloop
  endfacet
  facet normal -1.56944e-07 0.173607 -0.984815
    outer loop
      vertex 87.146 66.8688 14.2296
      vertex 89.3259 68.2223 14.4682
      vertex 87.2629 66.7111 14.2018
    endloop
  endfacet
  facet normal -2.35631e-05 0.173644 -0.984809
    outer loop
      vertex 89.3259 68.2223 14.4682
      vertex 87.146 66.8688 14.2296
      vertex 89.092 68.5376 14.5238
    endloop
  endfacet
  facet normal 0.000108491 0.173494 -0.984835
    outer loop
      vertex 87.0142 67.0142 14.2552
      vertex 89.092 68.5376 14.5238
      vertex 87.146 66.8688 14.2296
    endloop
  endfacet
  facet normal -4.0673e-05 0.173692 -0.9848
    outer loop
      vertex 89.092 68.5376 14.5238
      vertex 87.0142 67.0142 14.2552
      vertex 88.8284 68.8284 14.5751
    endloop
  endfacet
  facet normal -3.39366e-05 0.173685 -0.984801
    outer loop
      vertex 88.8284 68.8284 14.5751
      vertex 87.0142 67.0142 14.2552
      vertex 88.5376 69.092 14.6216
    endloop
  endfacet
  facet normal 0.000169511 0.17354 -0.984827
    outer loop
      vertex 86.8688 67.146 14.2784
      vertex 88.5376 69.092 14.6216
      vertex 87.0142 67.0142 14.2552
    endloop
  endfacet
  facet normal 9.73921e-05 0.1736 -0.984816
    outer loop
      vertex 88.5376 69.092 14.6216
      vertex 86.8688 67.146 14.2784
      vertex 88.2223 69.3259 14.6628
    endloop
  endfacet
  facet normal -0.000367958 0.173881 -0.984767
    outer loop
      vertex 86.7111 67.2629 14.2991
      vertex 88.2223 69.3259 14.6628
      vertex 86.8688 67.146 14.2784
    endloop
  endfacet
  facet normal -4.74289e-05 0.173653 -0.984807
    outer loop
      vertex 88.2223 69.3259 14.6628
      vertex 86.7111 67.2629 14.2991
      vertex 87.8856 69.5277 14.6984
    endloop
  endfacet
  facet normal 0.000398947 0.173428 -0.984846
    outer loop
      vertex 86.5428 67.3638 14.3168
      vertex 87.8856 69.5277 14.6984
      vertex 86.7111 67.2629 14.2991
    endloop
  endfacet
  facet normal -1.8798e-05 0.17368 -0.984802
    outer loop
      vertex 87.8856 69.5277 14.6984
      vertex 86.5428 67.3638 14.3168
      vertex 87.5307 69.6955 14.728
    endloop
  endfacet
  facet normal 6.27419e-05 0.173646 -0.984808
    outer loop
      vertex 86.3654 67.4478 14.3316
      vertex 87.5307 69.6955 14.728
      vertex 86.5428 67.3638 14.3168
    endloop
  endfacet
  facet normal 7.23019e-05 0.173642 -0.984809
    outer loop
      vertex 87.5307 69.6955 14.728
      vertex 86.3654 67.4478 14.3316
      vertex 87.1611 69.8278 14.7513
    endloop
  endfacet
  facet normal -0.00020765 0.173732 -0.984793
    outer loop
      vertex 86.1806 67.5139 14.3433
      vertex 87.1611 69.8278 14.7513
      vertex 86.3654 67.4478 14.3316
    endloop
  endfacet
  facet normal 8.97538e-06 0.173643 -0.984809
    outer loop
      vertex 87.1611 69.8278 14.7513
      vertex 86.1806 67.5139 14.3433
      vertex 86.7804 69.9231 14.7681
    endloop
  endfacet
  facet normal -0.000106963 0.173671 -0.984804
    outer loop
      vertex 86.7804 69.9231 14.7681
      vertex 86.1806 67.5139 14.3433
      vertex 86.3921 69.9807 14.7783
    endloop
  endfacet
  facet normal 5.82549e-05 0.173658 -0.984806
    outer loop
      vertex 85.9902 67.5616 14.3517
      vertex 86.3921 69.9807 14.7783
      vertex 86.1806 67.5139 14.3433
    endloop
  endfacet
  facet normal 8.6917e-06 0.173665 -0.984805
    outer loop
      vertex 86.3921 69.9807 14.7783
      vertex 85.9902 67.5616 14.3517
      vertex 86 70 14.7817
    endloop
  endfacet
  facet normal -0.000107746 0.173666 -0.984805
    outer loop
      vertex 85.796 67.5904 14.3568
      vertex 86 70 14.7817
      vertex 85.9902 67.5616 14.3517
    endloop
  endfacet
  facet normal -3.58836e-05 0.17366 -0.984806
    outer loop
      vertex 85.6 67.6 14.3585
      vertex 86 70 14.7817
      vertex 85.796 67.5904 14.3568
    endloop
  endfacet
  facet normal 0 0.173654 -0.984807
    outer loop
      vertex 85.2 70 14.7817
      vertex 85.6 67.6 14.3585
      vertex 85.2 67.6 14.3585
    endloop
  endfacet
  facet normal 0 0.173654 -0.984807
    outer loop
      vertex 85.6 67.6 14.3585
      vertex 85.2 70 14.7817
      vertex 86 70 14.7817
    endloop
  endfacet
  facet normal 0 0.173654 -0.984807
    outer loop
      vertex 4.4 67.6 14.3585
      vertex 4.8 70 14.7817
      vertex 4.8 67.6 14.3585
    endloop
  endfacet
  facet normal 3.58782e-05 0.17366 -0.984806
    outer loop
      vertex 4 70 14.7817
      vertex 4.4 67.6 14.3585
      vertex 4.20397 67.5904 14.3568
    endloop
  endfacet
  facet normal 0.000107774 0.173666 -0.984805
    outer loop
      vertex 4 70 14.7817
      vertex 4.20397 67.5904 14.3568
      vertex 4.00982 67.5616 14.3517
    endloop
  endfacet
  facet normal 0 0.173654 -0.984807
    outer loop
      vertex 4.4 67.6 14.3585
      vertex 4 70 14.7817
      vertex 4.8 70 14.7817
    endloop
  endfacet
  facet normal -5.82579e-05 0.173658 -0.984806
    outer loop
      vertex 3.60793 69.9807 14.7783
      vertex 4.00982 67.5616 14.3517
      vertex 3.81943 67.5139 14.3433
    endloop
  endfacet
  facet normal 0.000207648 0.173732 -0.984793
    outer loop
      vertex 2.83887 69.8278 14.7513
      vertex 3.81943 67.5139 14.3433
      vertex 3.63463 67.4478 14.3316
    endloop
  endfacet
  facet normal -8.69236e-06 0.173665 -0.984805
    outer loop
      vertex 4.00982 67.5616 14.3517
      vertex 3.60793 69.9807 14.7783
      vertex 4 70 14.7817
    endloop
  endfacet
  facet normal -6.27327e-05 0.173646 -0.984808
    outer loop
      vertex 2.46927 69.6955 14.728
      vertex 3.63463 67.4478 14.3316
      vertex 3.4572 67.3638 14.3168
    endloop
  endfacet
  facet normal -0.000398861 0.173428 -0.984846
    outer loop
      vertex 2.11441 69.5277 14.6984
      vertex 3.4572 67.3638 14.3168
      vertex 3.28885 67.2629 14.2991
    endloop
  endfacet
  facet normal 0.000106966 0.173671 -0.984804
    outer loop
      vertex 3.81943 67.5139 14.3433
      vertex 3.21964 69.9231 14.7681
      vertex 3.60793 69.9807 14.7783
    endloop
  endfacet
  facet normal 0.00036807 0.173881 -0.984767
    outer loop
      vertex 1.77773 69.3259 14.6628
      vertex 3.28885 67.2629 14.2991
      vertex 3.13122 67.146 14.2784
    endloop
  endfacet
  facet normal -0.000169486 0.17354 -0.984827
    outer loop
      vertex 1.46243 69.092 14.6216
      vertex 3.13122 67.146 14.2784
      vertex 2.98578 67.0142 14.2552
    endloop
  endfacet
  facet normal -0.000108491 0.173494 -0.984835
    outer loop
      vertex 0.907959 68.5376 14.5238
      vertex 2.98578 67.0142 14.2552
      vertex 2.85398 66.8688 14.2296
    endloop
  endfacet
  facet normal -8.97383e-06 0.173643 -0.984809
    outer loop
      vertex 3.81943 67.5139 14.3433
      vertex 2.83887 69.8278 14.7513
      vertex 3.21964 69.9231 14.7681
    endloop
  endfacet
  facet normal 1.56942e-07 0.173607 -0.984815
    outer loop
      vertex 0.674118 68.2223 14.4682
      vertex 2.85398 66.8688 14.2296
      vertex 2.73707 66.7111 14.2018
    endloop
  endfacet
  facet normal 8.78019e-05 0.173734 -0.984793
    outer loop
      vertex 0.472321 67.8856 14.4088
      vertex 2.73707 66.7111 14.2018
      vertex 2.63616 66.5428 14.1721
    endloop
  endfacet
  facet normal 3.60762e-05 0.173737 -0.984792
    outer loop
      vertex 0.304489 67.5307 14.3463
      vertex 2.63616 66.5428 14.1721
      vertex 2.55224 66.3654 14.1408
    endloop
  endfacet
  facet normal 2.47581e-05 0.173716 -0.984796
    outer loop
      vertex 0.172241 67.1611 14.2811
      vertex 2.55224 66.3654 14.1408
      vertex 2.48612 66.1806 14.1082
    endloop
  endfacet
  facet normal -7.23013e-05 0.173642 -0.984809
    outer loop
      vertex 3.63463 67.4478 14.3316
      vertex 2.46927 69.6955 14.728
      vertex 2.83887 69.8278 14.7513
    endloop
  endfacet
  facet normal 9.19563e-06 0.173783 -0.984784
    outer loop
      vertex 0.0192566 66.3921 14.1455
      vertex 2.48612 66.1806 14.1082
      vertex 2.43844 65.9902 14.0746
    endloop
  endfacet
  facet normal -2.99302e-05 0.173442 -0.984844
    outer loop
      vertex 0 66 14.0764
      vertex 2.43844 65.9902 14.0746
      vertex 2.40963 65.796 14.0404
    endloop
  endfacet
  facet normal 4.98355e-06 0.173842 -0.984773
    outer loop
      vertex 0 66 14.0764
      vertex 2.40963 65.796 14.0404
      vertex 2.4 65.6 14.0058
    endloop
  endfacet
  facet normal 1.87997e-05 0.17368 -0.984802
    outer loop
      vertex 3.4572 67.3638 14.3168
      vertex 2.11441 69.5277 14.6984
      vertex 2.46927 69.6955 14.728
    endloop
  endfacet
  facet normal -2.41374e-07 0.173648 -0.984808
    outer loop
      vertex 2.4 4.4 3.21462
      vertex 0 4 3.14409
      vertex 2.4 65.6 14.0058
    endloop
  endfacet
  facet normal 1.81638e-06 0.173645 -0.984808
    outer loop
      vertex 0.304489 2.46927 2.87418
      vertex 2.63616 3.4572 3.04838
      vertex 0.472321 2.11441 2.81161
    endloop
  endfacet
  facet normal -2.83e-05 0.173649 -0.984808
    outer loop
      vertex 0 66 14.0764
      vertex 2.4 65.6 14.0058
      vertex 0 4 3.14409
    endloop
  endfacet
  facet normal -7.97913e-06 0.173668 -0.984804
    outer loop
      vertex 2.63616 3.4572 3.04838
      vertex 0.304489 2.46927 2.87418
      vertex 2.55224 3.63463 3.07967
    endloop
  endfacet
  facet normal -2.9453e-05 0.173557 -0.984824
    outer loop
      vertex 2.43844 65.9902 14.0746
      vertex 0 66 14.0764
      vertex 0.0192566 66.3921 14.1455
    endloop
  endfacet
  facet normal -9.06005e-06 0.17367 -0.984804
    outer loop
      vertex 0.172241 2.83887 2.93936
      vertex 2.55224 3.63463 3.07967
      vertex 0.304489 2.46927 2.87418
    endloop
  endfacet
  facet normal 4.74316e-05 0.173653 -0.984807
    outer loop
      vertex 3.28885 67.2629 14.2991
      vertex 1.77773 69.3259 14.6628
      vertex 2.11441 69.5277 14.6984
    endloop
  endfacet
  facet normal -9.06011e-06 0.17367 -0.984804
    outer loop
      vertex 2.55224 3.63463 3.07967
      vertex 0.172241 2.83887 2.93936
      vertex 2.48612 3.81943 3.11226
    endloop
  endfacet
  facet normal -9.73924e-05 0.1736 -0.984816
    outer loop
      vertex 3.13122 67.146 14.2784
      vertex 1.46243 69.092 14.6216
      vertex 1.77773 69.3259 14.6628
    endloop
  endfacet
  facet normal 1.02466e-05 0.173626 -0.984812
    outer loop
      vertex 0.0768585 3.21964 3.00649
      vertex 2.48612 3.81943 3.11226
      vertex 0.172241 2.83887 2.93936
    endloop
  endfacet
  facet normal 3.39329e-05 0.173685 -0.984801
    outer loop
      vertex 2.98578 67.0142 14.2552
      vertex 1.17157 68.8284 14.5751
      vertex 1.46243 69.092 14.6216
    endloop
  endfacet
  facet normal 1.83958e-06 0.173658 -0.984806
    outer loop
      vertex 0.0192566 3.60793 3.07496
      vertex 2.48612 3.81943 3.11226
      vertex 0.0768585 3.21964 3.00649
    endloop
  endfacet
  facet normal 4.06721e-05 0.173692 -0.9848
    outer loop
      vertex 2.98578 67.0142 14.2552
      vertex 0.907959 68.5376 14.5238
      vertex 1.17157 68.8284 14.5751
    endloop
  endfacet
  facet normal 3.06271e-06 0.173644 -0.984808
    outer loop
      vertex 2.48612 3.81943 3.11226
      vertex 0.0192566 3.60793 3.07496
      vertex 2.43844 4.00982 3.14583
    endloop
  endfacet
  facet normal 2.35652e-05 0.173644 -0.984809
    outer loop
      vertex 2.85398 66.8688 14.2296
      vertex 0.674118 68.2223 14.4682
      vertex 0.907959 68.5376 14.5238
    endloop
  endfacet
  facet normal 3.44518e-06 0.173642 -0.984809
    outer loop
      vertex 0 4 3.14409
      vertex 2.43844 4.00982 3.14583
      vertex 0.0192566 3.60793 3.07496
    endloop
  endfacet
  facet normal 6.73905e-05 0.173696 -0.984799
    outer loop
      vertex 2.73707 66.7111 14.2018
      vertex 0.472321 67.8856 14.4088
      vertex 0.674118 68.2223 14.4682
    endloop
  endfacet
  facet normal 3.49762e-06 0.17363 -0.984811
    outer loop
      vertex 2.43844 4.00982 3.14583
      vertex 0 4 3.14409
      vertex 2.40963 4.20397 3.18006
    endloop
  endfacet
  facet normal -7.91491e-05 0.173473 -0.984839
    outer loop
      vertex 2.63616 66.5428 14.1721
      vertex 0.304489 67.5307 14.3463
      vertex 0.472321 67.8856 14.4088
    endloop
  endfacet
  facet normal 4.14398e-06 0.173622 -0.984812
    outer loop
      vertex 2.40963 4.20397 3.18006
      vertex 0 4 3.14409
      vertex 2.4 4.4 3.21462
    endloop
  endfacet
  facet normal 2.47579e-05 0.173716 -0.984796
    outer loop
      vertex 2.55224 66.3654 14.1408
      vertex 0.172241 67.1611 14.2811
      vertex 0.304489 67.5307 14.3463
    endloop
  endfacet
  facet normal -3.18161e-05 0.173586 -0.984819
    outer loop
      vertex 2.48612 66.1806 14.1082
      vertex 0.0768585 66.7804 14.214
      vertex 0.172241 67.1611 14.2811
    endloop
  endfacet
  facet normal 4.22316e-06 0.173727 -0.984794
    outer loop
      vertex 2.48612 66.1806 14.1082
      vertex 0.0192566 66.3921 14.1455
      vertex 0.0768585 66.7804 14.214
    endloop
  endfacet
  facet normal 0 -0.173654 0.984807
    outer loop
      vertex 4.8 70 12.3447
      vertex 4.4 67.6 11.9215
      vertex 4.8 67.6 11.9215
    endloop
  endfacet
  facet normal 0 -0.173654 0.984807
    outer loop
      vertex 4 70 12.3447
      vertex 4.4 67.6 11.9215
      vertex 4.8 70 12.3447
    endloop
  endfacet
  facet normal -3.58782e-05 -0.17366 0.984806
    outer loop
      vertex 4.4 67.6 11.9215
      vertex 4 70 12.3447
      vertex 4.20397 67.5904 11.9198
    endloop
  endfacet
  facet normal -0.000107774 -0.173666 0.984805
    outer loop
      vertex 4.20397 67.5904 11.9198
      vertex 4 70 12.3447
      vertex 4.00982 67.5616 11.9147
    endloop
  endfacet
  facet normal 8.69236e-06 -0.173665 0.984805
    outer loop
      vertex 3.60793 69.9807 12.3413
      vertex 4.00982 67.5616 11.9147
      vertex 4 70 12.3447
    endloop
  endfacet
  facet normal 5.82579e-05 -0.173658 0.984806
    outer loop
      vertex 4.00982 67.5616 11.9147
      vertex 3.60793 69.9807 12.3413
      vertex 3.81943 67.5139 11.9063
    endloop
  endfacet
  facet normal -0.000106966 -0.173671 0.984804
    outer loop
      vertex 3.21964 69.9231 12.3311
      vertex 3.81943 67.5139 11.9063
      vertex 3.60793 69.9807 12.3413
    endloop
  endfacet
  facet normal 8.97383e-06 -0.173643 0.984809
    outer loop
      vertex 2.83887 69.8278 12.3143
      vertex 3.81943 67.5139 11.9063
      vertex 3.21964 69.9231 12.3311
    endloop
  endfacet
  facet normal -0.000207648 -0.173732 0.984793
    outer loop
      vertex 3.81943 67.5139 11.9063
      vertex 2.83887 69.8278 12.3143
      vertex 3.63463 67.4478 11.8946
    endloop
  endfacet
  facet normal 7.23013e-05 -0.173642 0.984809
    outer loop
      vertex 2.46927 69.6955 12.291
      vertex 3.63463 67.4478 11.8946
      vertex 2.83887 69.8278 12.3143
    endloop
  endfacet
  facet normal 6.27327e-05 -0.173646 0.984808
    outer loop
      vertex 3.63463 67.4478 11.8946
      vertex 2.46927 69.6955 12.291
      vertex 3.4572 67.3638 11.8798
    endloop
  endfacet
  facet normal -1.87997e-05 -0.17368 0.984802
    outer loop
      vertex 2.11441 69.5277 12.2614
      vertex 3.4572 67.3638 11.8798
      vertex 2.46927 69.6955 12.291
    endloop
  endfacet
  facet normal -2.75472e-05 -0.173685 0.984801
    outer loop
      vertex 3.4572 67.3638 11.8798
      vertex 2.11441 69.5277 12.2614
      vertex 3.28885 67.2629 11.862
    endloop
  endfacet
  facet normal -2.75484e-05 -0.173685 0.984801
    outer loop
      vertex 1.77773 69.3259 12.2258
      vertex 3.28885 67.2629 11.862
      vertex 2.11441 69.5277 12.2614
    endloop
  endfacet
  facet normal 5.96962e-05 -0.173623 0.984812
    outer loop
      vertex 3.28885 67.2629 11.862
      vertex 1.77773 69.3259 12.2258
      vertex 3.13122 67.146 11.8414
    endloop
  endfacet
  facet normal 9.73924e-05 -0.1736 0.984816
    outer loop
      vertex 1.46243 69.092 12.1846
      vertex 3.13122 67.146 11.8414
      vertex 1.77773 69.3259 12.2258
    endloop
  endfacet
  facet normal 0.000169486 -0.17354 0.984827
    outer loop
      vertex 3.13122 67.146 11.8414
      vertex 1.46243 69.092 12.1846
      vertex 2.98578 67.0142 11.8182
    endloop
  endfacet
  facet normal -3.39329e-05 -0.173685 0.984801
    outer loop
      vertex 1.17157 68.8284 12.1381
      vertex 2.98578 67.0142 11.8182
      vertex 1.46243 69.092 12.1846
    endloop
  endfacet
  facet normal -4.06721e-05 -0.173692 0.9848
    outer loop
      vertex 0.907959 68.5376 12.0868
      vertex 2.98578 67.0142 11.8182
      vertex 1.17157 68.8284 12.1381
    endloop
  endfacet
  facet normal -0.000189826 -0.173889 0.984765
    outer loop
      vertex 2.98578 67.0142 11.8182
      vertex 0.907959 68.5376 12.0868
      vertex 2.85398 66.8688 11.7925
    endloop
  endfacet
  facet normal 7.36778e-06 -0.173666 0.984805
    outer loop
      vertex 0.674118 68.2223 12.0312
      vertex 2.85398 66.8688 11.7925
      vertex 0.907959 68.5376 12.0868
    endloop
  endfacet
  facet normal 3.07801e-05 -0.173629 0.984811
    outer loop
      vertex 2.85398 66.8688 11.7925
      vertex 0.674118 68.2223 12.0312
      vertex 2.73707 66.7111 11.7647
    endloop
  endfacet
  facet normal 0.000176859 -0.173321 0.984865
    outer loop
      vertex 2.73707 66.7111 11.7647
      vertex 0.472321 67.8856 11.9718
      vertex 2.63616 66.5428 11.7351
    endloop
  endfacet
  facet normal -3.42173e-05 -0.173715 0.984796
    outer loop
      vertex 0.472321 67.8856 11.9718
      vertex 2.73707 66.7111 11.7647
      vertex 0.674118 68.2223 12.0312
    endloop
  endfacet
  facet normal -4.39697e-06 -0.173652 0.984807
    outer loop
      vertex 75.0241 10.4901 1.85145
      vertex 71.4 13.6011 2.4
      vertex 75 10 1.76503
    endloop
  endfacet
  facet normal 1.33038e-05 -0.173632 0.984811
    outer loop
      vertex 75.0961 10.9755 1.93703
      vertex 71.4 13.6011 2.4
      vertex 75.0241 10.4901 1.85145
    endloop
  endfacet
  facet normal -1.86248e-05 -0.173676 0.984803
    outer loop
      vertex 75.2153 11.4514 2.02096
      vertex 71.4 13.6011 2.4
      vertex 75.0961 10.9755 1.93703
    endloop
  endfacet
  facet normal 8.91809e-07 -0.173642 0.984809
    outer loop
      vertex 75.3806 11.9134 2.10242
      vertex 71.4 13.6011 2.4
      vertex 75.2153 11.4514 2.02096
    endloop
  endfacet
  facet normal 5.32898e-06 -0.173632 0.984811
    outer loop
      vertex 75.5904 12.357 2.18063
      vertex 71.4 13.6011 2.4
      vertex 75.3806 11.9134 2.10242
    endloop
  endfacet
  facet normal 3.87359e-06 -0.173637 0.98481
    outer loop
      vertex 75.8427 12.7779 2.25484
      vertex 71.4 13.6011 2.4
      vertex 75.5904 12.357 2.18063
    endloop
  endfacet
  facet normal -2.39549e-06 -0.17367 0.984804
    outer loop
      vertex 76.1349 13.172 2.32434
      vertex 71.4 13.6011 2.4
      vertex 75.8427 12.7779 2.25484
    endloop
  endfacet
  facet normal -1.53333e-06 -0.17366 0.984806
    outer loop
      vertex 76.4645 13.5355 2.38844
      vertex 71.4 13.6011 2.4
      vertex 76.1349 13.172 2.32434
    endloop
  endfacet
  facet normal 0 -0.173546 0.984826
    outer loop
      vertex 71.4 13.6011 2.4
      vertex 76.4645 13.5355 2.38844
      vertex 76.5368 13.6011 2.4
    endloop
  endfacet
  facet normal 1.19354e-05 -0.173799 0.984781
    outer loop
      vertex 87.5616 65.9902 11.6376
      vertex 90 66 11.6393
      vertex 89.9807 66.3921 11.7085
    endloop
  endfacet
  facet normal 1.15257e-06 -0.173648 0.984808
    outer loop
      vertex 90 66 11.6393
      vertex 87.6 13.6011 2.4
      vertex 90 4 0.707071
    endloop
  endfacet
  facet normal -1.72491e-05 -0.173484 0.984837
    outer loop
      vertex 87.5139 66.1806 11.6712
      vertex 89.9807 66.3921 11.7085
      vertex 89.9231 66.7804 11.7769
    endloop
  endfacet
  facet normal 1.48165e-06 -0.173647 0.984808
    outer loop
      vertex 84.9759 9.50991 1.67862
      vertex 90 4 0.707071
      vertex 87.6 13.6011 2.4
    endloop
  endfacet
  facet normal 6.7283e-05 -0.173813 0.984779
    outer loop
      vertex 87.5139 66.1806 11.6712
      vertex 89.9231 66.7804 11.7769
      vertex 89.8278 67.1611 11.8441
    endloop
  endfacet
  facet normal -1.46492e-05 -0.173662 0.984805
    outer loop
      vertex 84.9039 9.02455 1.59303
      vertex 90 4 0.707071
      vertex 84.9759 9.50991 1.67862
    endloop
  endfacet
  facet normal 2.47569e-05 -0.173716 0.984796
    outer loop
      vertex 87.4478 66.3654 11.7038
      vertex 89.8278 67.1611 11.8441
      vertex 89.6955 67.5307 11.9093
    endloop
  endfacet
  facet normal 9.66056e-06 -0.173638 0.98481
    outer loop
      vertex 84.7847 8.54858 1.50911
      vertex 90 4 0.707071
      vertex 84.9039 9.02455 1.59303
    endloop
  endfacet
  facet normal -7.91508e-05 -0.173473 0.984839
    outer loop
      vertex 87.3638 66.5428 11.7351
      vertex 89.6955 67.5307 11.9093
      vertex 89.5277 67.8856 11.9718
    endloop
  endfacet
  facet normal 4.57653e-06 -0.173643 0.984809
    outer loop
      vertex 84.6194 8.08658 1.42765
      vertex 90 4 0.707071
      vertex 84.7847 8.54858 1.50911
    endloop
  endfacet
  facet normal 3.42166e-05 -0.173715 0.984796
    outer loop
      vertex 87.2629 66.7111 11.7647
      vertex 89.5277 67.8856 11.9718
      vertex 89.3259 68.2223 12.0312
    endloop
  endfacet
  facet normal -9.79539e-06 -0.173662 0.984805
    outer loop
      vertex 84.4096 7.64302 1.34943
      vertex 90 4 0.707071
      vertex 84.6194 8.08658 1.42765
    endloop
  endfacet
  facet normal -7.36711e-06 -0.173666 0.984805
    outer loop
      vertex 87.146 66.8688 11.7925
      vertex 89.3259 68.2223 12.0312
      vertex 89.092 68.5376 12.0868
    endloop
  endfacet
  facet normal 3.54565e-06 -0.173641 0.984809
    outer loop
      vertex 83.8651 6.82803 1.20573
      vertex 90 4 0.707071
      vertex 84.1573 7.22215 1.27522
    endloop
  endfacet
  facet normal 4.0673e-05 -0.173692 0.9848
    outer loop
      vertex 87.0142 67.0142 11.8182
      vertex 89.092 68.5376 12.0868
      vertex 88.8284 68.8284 12.1381
    endloop
  endfacet
  facet normal -3.90409e-06 -0.173657 0.984806
    outer loop
      vertex 83.5355 6.46447 1.14162
      vertex 90 4 0.707071
      vertex 83.8651 6.82803 1.20573
    endloop
  endfacet
  facet normal 3.39366e-05 -0.173685 0.984801
    outer loop
      vertex 87.0142 67.0142 11.8182
      vertex 88.8284 68.8284 12.1381
      vertex 88.5376 69.092 12.1846
    endloop
  endfacet
  facet normal -9.83274e-07 -0.173649 0.984808
    outer loop
      vertex 90 4 0.707071
      vertex 83.5355 6.46447 1.14162
      vertex 89.9807 3.60793 0.637938
    endloop
  endfacet
  facet normal -9.73921e-05 -0.1736 0.984816
    outer loop
      vertex 86.8688 67.146 11.8414
      vertex 88.5376 69.092 12.1846
      vertex 88.2223 69.3259 12.2258
    endloop
  endfacet
  facet normal -4.37125e-07 -0.173648 0.984808
    outer loop
      vertex 89.9807 3.60793 0.637938
      vertex 83.5355 6.46447 1.14162
      vertex 89.9231 3.21964 0.569472
    endloop
  endfacet
  facet normal 2.75468e-05 -0.173685 0.984801
    outer loop
      vertex 86.7111 67.2629 11.862
      vertex 88.2223 69.3259 12.2258
      vertex 87.8856 69.5277 12.2614
    endloop
  endfacet
  facet normal -3.92366e-07 -0.173648 0.984808
    outer loop
      vertex 89.9231 3.21964 0.569472
      vertex 83.5355 6.46447 1.14162
      vertex 89.8278 2.83887 0.502332
    endloop
  endfacet
  facet normal 1.26067e-05 -0.173648 0.984808
    outer loop
      vertex 90 66 11.6393
      vertex 87.6 65.6 11.5688
      vertex 87.6 13.6011 2.4
    endloop
  endfacet
  facet normal 4.56837e-05 -0.17384 0.984774
    outer loop
      vertex 90 66 11.6393
      vertex 87.5904 65.796 11.6034
      vertex 87.6 65.6 11.5688
    endloop
  endfacet
  facet normal 1.04342e-05 -0.173437 0.984845
    outer loop
      vertex 90 66 11.6393
      vertex 87.5616 65.9902 11.6376
      vertex 87.5904 65.796 11.6034
    endloop
  endfacet
  facet normal 1.8798e-05 -0.17368 0.984802
    outer loop
      vertex 86.5428 67.3638 11.8798
      vertex 87.8856 69.5277 12.2614
      vertex 87.5307 69.6955 12.291
    endloop
  endfacet
  facet normal 9.19578e-06 -0.173783 0.984784
    outer loop
      vertex 89.9807 66.3921 11.7085
      vertex 87.5139 66.1806 11.6712
      vertex 87.5616 65.9902 11.6376
    endloop
  endfacet
  facet normal 2.47589e-05 -0.173716 0.984796
    outer loop
      vertex 89.8278 67.1611 11.8441
      vertex 87.4478 66.3654 11.7038
      vertex 87.5139 66.1806 11.6712
    endloop
  endfacet
  facet normal 3.60701e-05 -0.173737 0.984792
    outer loop
      vertex 89.6955 67.5307 11.9093
      vertex 87.3638 66.5428 11.7351
      vertex 87.4478 66.3654 11.7038
    endloop
  endfacet
  facet normal -0.00017686 -0.173321 0.984865
    outer loop
      vertex 89.5277 67.8856 11.9718
      vertex 87.2629 66.7111 11.7647
      vertex 87.3638 66.5428 11.7351
    endloop
  endfacet
  facet normal -7.23019e-05 -0.173642 0.984809
    outer loop
      vertex 86.3654 67.4478 11.8946
      vertex 87.5307 69.6955 12.291
      vertex 87.1611 69.8278 12.3143
    endloop
  endfacet
  facet normal -3.07806e-05 -0.173629 0.984811
    outer loop
      vertex 89.3259 68.2223 12.0312
      vertex 87.146 66.8688 11.7925
      vertex 87.2629 66.7111 11.7647
    endloop
  endfacet
  facet normal 0.000189827 -0.173889 0.984765
    outer loop
      vertex 89.092 68.5376 12.0868
      vertex 87.0142 67.0142 11.8182
      vertex 87.146 66.8688 11.7925
    endloop
  endfacet
  facet normal -0.000169511 -0.17354 0.984827
    outer loop
      vertex 88.5376 69.092 12.1846
      vertex 86.8688 67.146 11.8414
      vertex 87.0142 67.0142 11.8182
    endloop
  endfacet
  facet normal -8.97538e-06 -0.173643 0.984809
    outer loop
      vertex 86.1806 67.5139 11.9063
      vertex 87.1611 69.8278 12.3143
      vertex 86.7804 69.9231 12.3311
    endloop
  endfacet
  facet normal -5.96779e-05 -0.173623 0.984812
    outer loop
      vertex 88.2223 69.3259 12.2258
      vertex 86.7111 67.2629 11.862
      vertex 86.8688 67.146 11.8414
    endloop
  endfacet
  facet normal 2.75531e-05 -0.173685 0.984801
    outer loop
      vertex 87.8856 69.5277 12.2614
      vertex 86.5428 67.3638 11.8798
      vertex 86.7111 67.2629 11.862
    endloop
  endfacet
  facet normal 0.000106963 -0.173671 0.984804
    outer loop
      vertex 86.1806 67.5139 11.9063
      vertex 86.7804 69.9231 12.3311
      vertex 86.3921 69.9807 12.3413
    endloop
  endfacet
  facet normal -6.27419e-05 -0.173646 0.984808
    outer loop
      vertex 87.5307 69.6955 12.291
      vertex 86.3654 67.4478 11.8946
      vertex 86.5428 67.3638 11.8798
    endloop
  endfacet
  facet normal 0.00020765 -0.173732 0.984793
    outer loop
      vertex 87.1611 69.8278 12.3143
      vertex 86.1806 67.5139 11.9063
      vertex 86.3654 67.4478 11.8946
    endloop
  endfacet
  facet normal -8.6917e-06 -0.173665 0.984805
    outer loop
      vertex 85.9902 67.5616 11.9147
      vertex 86.3921 69.9807 12.3413
      vertex 86 70 12.3447
    endloop
  endfacet
  facet normal -5.82549e-05 -0.173658 0.984806
    outer loop
      vertex 86.3921 69.9807 12.3413
      vertex 85.9902 67.5616 11.9147
      vertex 86.1806 67.5139 11.9063
    endloop
  endfacet
  facet normal 0.000107746 -0.173666 0.984805
    outer loop
      vertex 86 70 12.3447
      vertex 85.796 67.5904 11.9198
      vertex 85.9902 67.5616 11.9147
    endloop
  endfacet
  facet normal 3.58836e-05 -0.17366 0.984806
    outer loop
      vertex 86 70 12.3447
      vertex 85.6 67.6 11.9215
      vertex 85.796 67.5904 11.9198
    endloop
  endfacet
  facet normal 0 -0.173654 0.984807
    outer loop
      vertex 85.2 70 12.3447
      vertex 85.6 67.6 11.9215
      vertex 86 70 12.3447
    endloop
  endfacet
  facet normal 0 -0.173654 0.984807
    outer loop
      vertex 85.6 67.6 11.9215
      vertex 85.2 70 12.3447
      vertex 85.2 67.6 11.9215
    endloop
  endfacet
  facet normal 1.72999e-07 -0.173647 0.984808
    outer loop
      vertex 89.8278 2.83887 0.502332
      vertex 83.5355 6.46447 1.14162
      vertex 89.6955 2.46927 0.437162
    endloop
  endfacet
  facet normal 1.05737e-07 -0.173647 0.984808
    outer loop
      vertex 89.6955 2.46927 0.437162
      vertex 83.5355 6.46447 1.14162
      vertex 89.5277 2.11441 0.374591
    endloop
  endfacet
  facet normal -2.27496e-06 -0.17365 0.984807
    outer loop
      vertex 89.5277 2.11441 0.374591
      vertex 83.5355 6.46447 1.14162
      vertex 89.3259 1.77773 0.315224
    endloop
  endfacet
  facet normal 2.70819e-06 -0.173644 0.984808
    outer loop
      vertex 89.3259 1.77773 0.315224
      vertex 83.5355 6.46447 1.14162
      vertex 89.092 1.46243 0.25963
    endloop
  endfacet
  facet normal -8.3718e-07 -0.173648 0.984808
    outer loop
      vertex 88.8284 1.17157 0.208343
      vertex 83.5355 6.46447 1.14162
      vertex 88.5376 0.907959 0.161861
    endloop
  endfacet
  facet normal -1.27876e-06 -0.173649 0.984808
    outer loop
      vertex 88.5376 0.907959 0.161861
      vertex 83.5355 6.46447 1.14162
      vertex 88.2223 0.674118 0.120628
    endloop
  endfacet
  facet normal -1.7745e-05 -0.173635 0.98481
    outer loop
      vertex 84.9759 9.50991 1.67862
      vertex 87.6 13.6011 2.4
      vertex 85 10 1.76503
    endloop
  endfacet
  facet normal 5.98027e-06 -0.173652 0.984807
    outer loop
      vertex 87.6 13.6011 2.4
      vertex 84.9759 10.4901 1.85145
      vertex 85 10 1.76503
    endloop
  endfacet
  facet normal -1.76154e-05 -0.173633 0.98481
    outer loop
      vertex 87.6 13.6011 2.4
      vertex 84.9039 10.9755 1.93703
      vertex 84.9759 10.4901 1.85145
    endloop
  endfacet
  facet normal 2.41782e-05 -0.173674 0.984803
    outer loop
      vertex 87.6 13.6011 2.4
      vertex 84.7847 11.4514 2.02096
      vertex 84.9039 10.9755 1.93703
    endloop
  endfacet
  facet normal -1.14061e-06 -0.173642 0.984809
    outer loop
      vertex 87.6 13.6011 2.4
      vertex 84.6194 11.9134 2.10242
      vertex 84.7847 11.4514 2.02096
    endloop
  endfacet
  facet normal -6.73921e-06 -0.173633 0.98481
    outer loop
      vertex 87.6 13.6011 2.4
      vertex 84.4096 12.357 2.18063
      vertex 84.6194 11.9134 2.10242
    endloop
  endfacet
  facet normal -4.85769e-06 -0.173637 0.98481
    outer loop
      vertex 87.6 13.6011 2.4
      vertex 84.1573 12.7779 2.25484
      vertex 84.4096 12.357 2.18063
    endloop
  endfacet
  facet normal 2.98652e-06 -0.173669 0.984804
    outer loop
      vertex 87.6 13.6011 2.4
      vertex 83.8651 13.172 2.32434
      vertex 84.1573 12.7779 2.25484
    endloop
  endfacet
  facet normal 1.90514e-06 -0.17366 0.984806
    outer loop
      vertex 87.6 13.6011 2.4
      vertex 83.5355 13.5355 2.38844
      vertex 83.8651 13.172 2.32434
    endloop
  endfacet
  facet normal 0 -0.173546 0.984826
    outer loop
      vertex 83.5355 13.5355 2.38844
      vertex 87.6 13.6011 2.4
      vertex 83.4632 13.6011 2.4
    endloop
  endfacet
  facet normal 3.36539e-07 -0.173647 0.984808
    outer loop
      vertex 84.1573 7.22215 1.27522
      vertex 90 4 0.707071
      vertex 84.4096 7.64302 1.34943
    endloop
  endfacet
  facet normal -1.34702e-06 -0.173649 0.984808
    outer loop
      vertex 89.092 1.46243 0.25963
      vertex 83.5355 6.46447 1.14162
      vertex 88.8284 1.17157 0.208343
    endloop
  endfacet
  facet normal 2.78144e-07 -0.173647 0.984808
    outer loop
      vertex 88.2223 0.674118 0.120628
      vertex 83.5355 6.46447 1.14162
      vertex 87.8856 0.472321 0.085046
    endloop
  endfacet
  facet normal 2.19877e-08 -0.173648 0.984808
    outer loop
      vertex 87.8856 0.472321 0.085046
      vertex 83.5355 6.46447 1.14162
      vertex 87.5307 0.304489 0.0554528
    endloop
  endfacet
  facet normal -1.8996e-07 -0.173648 0.984808
    outer loop
      vertex 87.5307 0.304489 0.0554528
      vertex 83.5355 6.46447 1.14162
      vertex 87.1611 0.172241 0.0321339
    endloop
  endfacet
  facet normal -1.0616e-07 -0.173648 0.984808
    outer loop
      vertex 87.1611 0.172241 0.0321339
      vertex 83.5355 6.46447 1.14162
      vertex 86.7804 0.0768585 0.0153154
    endloop
  endfacet
  facet normal -1.50476e-07 -0.173648 0.984808
    outer loop
      vertex 86.7804 0.0768585 0.0153154
      vertex 83.5355 6.46447 1.14162
      vertex 86.3921 0.0192566 0.0051586
    endloop
  endfacet
  facet normal -3.11577e-08 -0.173648 0.984808
    outer loop
      vertex 86.3921 0.0192566 0.0051586
      vertex 83.5355 6.46447 1.14162
      vertex 86 0 0.00176314
    endloop
  endfacet
  facet normal 6.20594e-06 -0.173645 0.984808
    outer loop
      vertex 83.172 6.13495 1.08352
      vertex 86 0 0.00176314
      vertex 83.5355 6.46447 1.14162
    endloop
  endfacet
  facet normal 6.6984e-07 -0.173648 0.984808
    outer loop
      vertex 82.7778 5.84265 1.03198
      vertex 86 0 0.00176314
      vertex 83.172 6.13495 1.08352
    endloop
  endfacet
  facet normal 4.31413e-07 -0.173648 0.984808
    outer loop
      vertex 82.357 5.59039 0.9875
      vertex 86 0 0.00176314
      vertex 82.7778 5.84265 1.03198
    endloop
  endfacet
  facet normal 1.09871e-06 -0.173648 0.984808
    outer loop
      vertex 81.9134 5.3806 0.950509
      vertex 86 0 0.00176314
      vertex 82.357 5.59039 0.9875
    endloop
  endfacet
  facet normal -1.88097e-06 -0.17365 0.984807
    outer loop
      vertex 81.4514 5.2153 0.921361
      vertex 86 0 0.00176314
      vertex 81.9134 5.3806 0.950509
    endloop
  endfacet
  facet normal 2.47967e-06 -0.173646 0.984808
    outer loop
      vertex 80.9754 5.09607 0.900339
      vertex 86 0 0.00176314
      vertex 81.4514 5.2153 0.921361
    endloop
  endfacet
  facet normal -3.90073e-06 -0.173652 0.984807
    outer loop
      vertex 80.4901 5.02408 0.887643
      vertex 86 0 0.00176314
      vertex 80.9754 5.09607 0.900339
    endloop
  endfacet
  facet normal 1.80926e-06 -0.173646 0.984808
    outer loop
      vertex 80 5 0.883398
      vertex 86 0 0.00176314
      vertex 80.4901 5.02408 0.887643
    endloop
  endfacet
  facet normal -2.03597e-06 -0.173651 0.984807
    outer loop
      vertex 79.5099 5.02408 0.887643
      vertex 86 0 0.00176314
      vertex 80 5 0.883398
    endloop
  endfacet
  facet normal 5.61045e-06 -0.173641 0.984809
    outer loop
      vertex 79.0246 5.09607 0.900339
      vertex 86 0 0.00176314
      vertex 79.5099 5.02408 0.887643
    endloop
  endfacet
  facet normal -4.70532e-06 -0.173655 0.984807
    outer loop
      vertex 78.5486 5.2153 0.921361
      vertex 86 0 0.00176314
      vertex 79.0246 5.09607 0.900339
    endloop
  endfacet
  facet normal 5.04895e-06 -0.173641 0.984809
    outer loop
      vertex 78.0866 5.3806 0.950509
      vertex 86 0 0.00176314
      vertex 78.5486 5.2153 0.921361
    endloop
  endfacet
  facet normal -4.905e-06 -0.173655 0.984806
    outer loop
      vertex 77.643 5.59039 0.9875
      vertex 86 0 0.00176314
      vertex 78.0866 5.3806 0.950509
    endloop
  endfacet
  facet normal 2.25018e-07 -0.173647 0.984808
    outer loop
      vertex 49.2 13.6011 2.4
      vertex 77.643 5.59039 0.9875
      vertex 77.2222 5.84265 1.03198
    endloop
  endfacet
  facet normal 1.25608e-05 -0.173636 0.98481
    outer loop
      vertex 71.4 13.6011 2.4
      vertex 75.0241 9.50991 1.67862
      vertex 75 10 1.76503
    endloop
  endfacet
  facet normal 0 -0.173647 0.984808
    outer loop
      vertex 70.2 13.6011 2.4
      vertex 75.0241 9.50991 1.67862
      vertex 71.4 13.6011 2.4
    endloop
  endfacet
  facet normal -1.72992e-05 -0.173666 0.984805
    outer loop
      vertex 75.0241 9.50991 1.67862
      vertex 70.2 13.6011 2.4
      vertex 75.0961 9.02455 1.59303
    endloop
  endfacet
  facet normal 1.62408e-05 -0.173631 0.984811
    outer loop
      vertex 75.0961 9.02455 1.59303
      vertex 70.2 13.6011 2.4
      vertex 75.2153 8.54858 1.50911
    endloop
  endfacet
  facet normal 0 -0.173647 0.984808
    outer loop
      vertex 67.2 13.6011 2.4
      vertex 75.2153 8.54858 1.50911
      vertex 70.2 13.6011 2.4
    endloop
  endfacet
  facet normal 4.43003e-06 -0.17364 0.984809
    outer loop
      vertex 75.2153 8.54858 1.50911
      vertex 67.2 13.6011 2.4
      vertex 75.3806 8.08658 1.42765
    endloop
  endfacet
  facet normal 0 -0.173647 0.984808
    outer loop
      vertex 66 13.6011 2.4
      vertex 75.3806 8.08658 1.42765
      vertex 67.2 13.6011 2.4
    endloop
  endfacet
  facet normal -1.64538e-05 -0.173674 0.984803
    outer loop
      vertex 75.3806 8.08658 1.42765
      vertex 66 13.6011 2.4
      vertex 75.5904 7.64302 1.34943
    endloop
  endfacet
  facet normal 1.66362e-06 -0.173646 0.984808
    outer loop
      vertex 75.5904 7.64302 1.34943
      vertex 66 13.6011 2.4
      vertex 75.8427 7.22215 1.27522
    endloop
  endfacet
  facet normal 0 -0.173648 0.984808
    outer loop
      vertex 63 13.6011 2.4
      vertex 75.8427 7.22215 1.27522
      vertex 66 13.6011 2.4
    endloop
  endfacet
  facet normal 7.71741e-06 -0.173633 0.98481
    outer loop
      vertex 75.8427 7.22215 1.27522
      vertex 63 13.6011 2.4
      vertex 76.1349 6.82803 1.20573
    endloop
  endfacet
  facet normal 0 -0.173647 0.984808
    outer loop
      vertex 61.8 13.6011 2.4
      vertex 76.1349 6.82803 1.20573
      vertex 63 13.6011 2.4
    endloop
  endfacet
  facet normal -1.08148e-05 -0.17367 0.984804
    outer loop
      vertex 76.1349 6.82803 1.20573
      vertex 61.8 13.6011 2.4
      vertex 76.4645 6.46447 1.14162
    endloop
  endfacet
  facet normal 0 -0.173648 0.984808
    outer loop
      vertex 58.8 13.6011 2.4
      vertex 76.4645 6.46447 1.14162
      vertex 61.8 13.6011 2.4
    endloop
  endfacet
  facet normal 0 -0.173648 0.984808
    outer loop
      vertex 57.6 13.6011 2.4
      vertex 76.4645 6.46447 1.14162
      vertex 58.8 13.6011 2.4
    endloop
  endfacet
  facet normal 6.30099e-06 -0.173632 0.984811
    outer loop
      vertex 76.4645 6.46447 1.14162
      vertex 57.6 13.6011 2.4
      vertex 76.828 6.13495 1.08352
    endloop
  endfacet
  facet normal 0 -0.173648 0.984808
    outer loop
      vertex 54.6 13.6011 2.4
      vertex 76.828 6.13495 1.08352
      vertex 57.6 13.6011 2.4
    endloop
  endfacet
  facet normal 4.802e-07 -0.173646 0.984808
    outer loop
      vertex 76.828 6.13495 1.08352
      vertex 54.6 13.6011 2.4
      vertex 77.2222 5.84265 1.03198
    endloop
  endfacet
  facet normal 0 -0.173648 0.984808
    outer loop
      vertex 53.4 13.6011 2.4
      vertex 77.2222 5.84265 1.03198
      vertex 54.6 13.6011 2.4
    endloop
  endfacet
  facet normal 0 -0.173648 0.984808
    outer loop
      vertex 50.4 13.6011 2.4
      vertex 77.2222 5.84265 1.03198
      vertex 53.4 13.6011 2.4
    endloop
  endfacet
  facet normal 0 -0.173648 0.984808
    outer loop
      vertex 49.2 13.6011 2.4
      vertex 77.2222 5.84265 1.03198
      vertex 50.4 13.6011 2.4
    endloop
  endfacet
  facet normal 0 -0.173648 0.984808
    outer loop
      vertex 77.643 5.59039 0.9875
      vertex 49.2 13.6011 2.4
      vertex 46.2 13.6011 2.4
    endloop
  endfacet
  facet normal -2.37501e-07 -0.173649 0.984808
    outer loop
      vertex 77.643 5.59039 0.9875
      vertex 46.2 13.6011 2.4
      vertex 86 0 0.00176314
    endloop
  endfacet
  facet normal 0 -0.173648 0.984808
    outer loop
      vertex 45 13.6011 2.4
      vertex 86 0 0.00176314
      vertex 46.2 13.6011 2.4
    endloop
  endfacet
  facet normal 0 -0.173648 0.984808
    outer loop
      vertex 4 0 0.00176314
      vertex 45 13.6011 2.4
      vertex 42 13.6011 2.4
    endloop
  endfacet
  facet normal 0 -0.173648 0.984808
    outer loop
      vertex 12.357 5.59039 0.9875
      vertex 42 13.6011 2.4
      vertex 40.8 13.6011 2.4
    endloop
  endfacet
  facet normal 0 -0.173648 0.984808
    outer loop
      vertex 12.7779 5.84265 1.03198
      vertex 40.8 13.6011 2.4
      vertex 37.8 13.6011 2.4
    endloop
  endfacet
  facet normal 0 -0.173648 0.984808
    outer loop
      vertex 12.7779 5.84265 1.03198
      vertex 37.8 13.6011 2.4
      vertex 36.6 13.6011 2.4
    endloop
  endfacet
  facet normal 0 -0.173648 0.984808
    outer loop
      vertex 13.172 6.13495 1.08352
      vertex 36.6 13.6011 2.4
      vertex 33.6 13.6011 2.4
    endloop
  endfacet
  facet normal 0 -0.173648 0.984808
    outer loop
      vertex 13.172 6.13495 1.08352
      vertex 33.6 13.6011 2.4
      vertex 32.4 13.6011 2.4
    endloop
  endfacet
  facet normal 0 -0.173648 0.984808
    outer loop
      vertex 13.5355 6.46447 1.14162
      vertex 32.4 13.6011 2.4
      vertex 29.4 13.6011 2.4
    endloop
  endfacet
  facet normal 0 -0.173647 0.984808
    outer loop
      vertex 13.8651 6.82803 1.20573
      vertex 29.4 13.6011 2.4
      vertex 28.2 13.6011 2.4
    endloop
  endfacet
  facet normal 0 -0.173648 0.984808
    outer loop
      vertex 14.1573 7.22215 1.27522
      vertex 28.2 13.6011 2.4
      vertex 25.2 13.6011 2.4
    endloop
  endfacet
  facet normal 0 -0.173648 0.984808
    outer loop
      vertex 14.4096 7.64302 1.34943
      vertex 25.2 13.6011 2.4
      vertex 24 13.6011 2.4
    endloop
  endfacet
  facet normal -4.87307e-06 -0.173636 0.98481
    outer loop
      vertex 14.9759 9.50991 1.67862
      vertex 24 13.6011 2.4
      vertex 15 10 1.76503
    endloop
  endfacet
  facet normal 8.66725e-06 -0.173665 0.984805
    outer loop
      vertex 14.9039 9.02455 1.59303
      vertex 24 13.6011 2.4
      vertex 14.9759 9.50991 1.67862
    endloop
  endfacet
  facet normal -7.66073e-06 -0.173634 0.98481
    outer loop
      vertex 14.7847 8.54858 1.50911
      vertex 24 13.6011 2.4
      vertex 14.9039 9.02455 1.59303
    endloop
  endfacet
  facet normal -3.71238e-06 -0.173641 0.984809
    outer loop
      vertex 14.6194 8.08658 1.42765
      vertex 24 13.6011 2.4
      vertex 14.7847 8.54858 1.50911
    endloop
  endfacet
  facet normal 1.64538e-05 -0.173674 0.984803
    outer loop
      vertex 14.4096 7.64302 1.34943
      vertex 24 13.6011 2.4
      vertex 14.6194 8.08658 1.42765
    endloop
  endfacet
  facet normal -1.38707e-06 -0.173646 0.984808
    outer loop
      vertex 25.2 13.6011 2.4
      vertex 14.4096 7.64302 1.34943
      vertex 14.1573 7.22215 1.27522
    endloop
  endfacet
  facet normal -6.72305e-06 -0.173634 0.98481
    outer loop
      vertex 28.2 13.6011 2.4
      vertex 14.1573 7.22215 1.27522
      vertex 13.8651 6.82803 1.20573
    endloop
  endfacet
  facet normal 9.43337e-06 -0.173668 0.984804
    outer loop
      vertex 29.4 13.6011 2.4
      vertex 13.8651 6.82803 1.20573
      vertex 13.5355 6.46447 1.14162
    endloop
  endfacet
  facet normal -6.30099e-06 -0.173632 0.984811
    outer loop
      vertex 32.4 13.6011 2.4
      vertex 13.5355 6.46447 1.14162
      vertex 13.172 6.13495 1.08352
    endloop
  endfacet
  facet normal -4.36981e-07 -0.173646 0.984808
    outer loop
      vertex 36.6 13.6011 2.4
      vertex 13.172 6.13495 1.08352
      vertex 12.7779 5.84265 1.03198
    endloop
  endfacet
  facet normal -2.25065e-07 -0.173647 0.984808
    outer loop
      vertex 40.8 13.6011 2.4
      vertex 12.7779 5.84265 1.03198
      vertex 12.357 5.59039 0.9875
    endloop
  endfacet
  facet normal 2.61698e-07 -0.173649 0.984808
    outer loop
      vertex 42 13.6011 2.4
      vertex 12.357 5.59039 0.9875
      vertex 4 0 0.00176314
    endloop
  endfacet
  facet normal 4.905e-06 -0.173655 0.984806
    outer loop
      vertex 4 0 0.00176314
      vertex 12.357 5.59039 0.9875
      vertex 11.9134 5.3806 0.950509
    endloop
  endfacet
  facet normal -5.04895e-06 -0.173641 0.984809
    outer loop
      vertex 4 0 0.00176314
      vertex 11.9134 5.3806 0.950509
      vertex 11.4514 5.2153 0.921361
    endloop
  endfacet
  facet normal 4.70686e-06 -0.173655 0.984807
    outer loop
      vertex 4 0 0.00176314
      vertex 11.4514 5.2153 0.921361
      vertex 10.9755 5.09607 0.900339
    endloop
  endfacet
  facet normal -5.60902e-06 -0.173641 0.984809
    outer loop
      vertex 4 0 0.00176314
      vertex 10.9755 5.09607 0.900339
      vertex 10.4901 5.02408 0.887643
    endloop
  endfacet
  facet normal 2.03597e-06 -0.173651 0.984807
    outer loop
      vertex 4 0 0.00176314
      vertex 10.4901 5.02408 0.887643
      vertex 10 5 0.883398
    endloop
  endfacet
  facet normal -1.8093e-06 -0.173646 0.984808
    outer loop
      vertex 4 0 0.00176314
      vertex 10 5 0.883398
      vertex 9.50991 5.02408 0.887643
    endloop
  endfacet
  facet normal 0 -0.173648 0.984808
    outer loop
      vertex 45 13.6011 2.4
      vertex 4 0 0.00176314
      vertex 86 0 0.00176314
    endloop
  endfacet
  facet normal 3.90032e-06 -0.173652 0.984807
    outer loop
      vertex 9.02455 5.09607 0.900339
      vertex 4 0 0.00176314
      vertex 9.50991 5.02408 0.887643
    endloop
  endfacet
  facet normal -2.4798e-06 -0.173646 0.984808
    outer loop
      vertex 8.54858 5.2153 0.921361
      vertex 4 0 0.00176314
      vertex 9.02455 5.09607 0.900339
    endloop
  endfacet
  facet normal 1.88097e-06 -0.17365 0.984807
    outer loop
      vertex 8.08658 5.3806 0.950509
      vertex 4 0 0.00176314
      vertex 8.54858 5.2153 0.921361
    endloop
  endfacet
  facet normal -1.09878e-06 -0.173648 0.984808
    outer loop
      vertex 7.64302 5.59039 0.9875
      vertex 4 0 0.00176314
      vertex 8.08658 5.3806 0.950509
    endloop
  endfacet
  facet normal -4.3136e-07 -0.173648 0.984808
    outer loop
      vertex 7.22215 5.84265 1.03198
      vertex 4 0 0.00176314
      vertex 7.64302 5.59039 0.9875
    endloop
  endfacet
  facet normal -6.6994e-07 -0.173648 0.984808
    outer loop
      vertex 6.82803 6.13495 1.08352
      vertex 4 0 0.00176314
      vertex 7.22215 5.84265 1.03198
    endloop
  endfacet
  facet normal -6.2052e-06 -0.173645 0.984808
    outer loop
      vertex 6.46447 6.46447 1.14162
      vertex 4 0 0.00176314
      vertex 6.82803 6.13495 1.08352
    endloop
  endfacet
  facet normal 3.90435e-06 -0.173657 0.984806
    outer loop
      vertex 0 4 0.707071
      vertex 6.46447 6.46447 1.14162
      vertex 6.13495 6.82803 1.20573
    endloop
  endfacet
  facet normal -3.54532e-06 -0.173641 0.984809
    outer loop
      vertex 0 4 0.707071
      vertex 6.13495 6.82803 1.20573
      vertex 5.84265 7.22215 1.27522
    endloop
  endfacet
  facet normal -3.36554e-07 -0.173647 0.984808
    outer loop
      vertex 0 4 0.707071
      vertex 5.84265 7.22215 1.27522
      vertex 5.59039 7.64302 1.34943
    endloop
  endfacet
  facet normal 9.79551e-06 -0.173662 0.984805
    outer loop
      vertex 0 4 0.707071
      vertex 5.59039 7.64302 1.34943
      vertex 5.3806 8.08658 1.42765
    endloop
  endfacet
  facet normal -4.57653e-06 -0.173643 0.984809
    outer loop
      vertex 0 4 0.707071
      vertex 5.3806 8.08658 1.42765
      vertex 5.2153 8.54858 1.50911
    endloop
  endfacet
  facet normal -9.66013e-06 -0.173638 0.98481
    outer loop
      vertex 0 4 0.707071
      vertex 5.2153 8.54858 1.50911
      vertex 5.09607 9.02455 1.59303
    endloop
  endfacet
  facet normal 1.46495e-05 -0.173662 0.984805
    outer loop
      vertex 0 4 0.707071
      vertex 5.09607 9.02455 1.59303
      vertex 5.02408 9.50991 1.67862
    endloop
  endfacet
  facet normal 1.7744e-05 -0.173635 0.98481
    outer loop
      vertex 2.4 13.6011 2.4
      vertex 5.02408 9.50991 1.67862
      vertex 5 10 1.76503
    endloop
  endfacet
  facet normal -5.98059e-06 -0.173652 0.984807
    outer loop
      vertex 2.4 13.6011 2.4
      vertex 5 10 1.76503
      vertex 5.02408 10.4901 1.85145
    endloop
  endfacet
  facet normal 7.43191e-07 -0.173649 0.984808
    outer loop
      vertex 6.46447 6.46447 1.14162
      vertex 0 4 0.707071
      vertex 0.0768585 3.21964 0.569472
    endloop
  endfacet
  facet normal 3.11601e-08 -0.173648 0.984808
    outer loop
      vertex 6.46447 6.46447 1.14162
      vertex 3.60793 0.0192566 0.0051586
      vertex 4 0 0.00176314
    endloop
  endfacet
  facet normal 1.76159e-05 -0.173633 0.98481
    outer loop
      vertex 2.4 13.6011 2.4
      vertex 5.02408 10.4901 1.85145
      vertex 5.09607 10.9755 1.93703
    endloop
  endfacet
  facet normal 1.5048e-07 -0.173648 0.984808
    outer loop
      vertex 6.46447 6.46447 1.14162
      vertex 3.21964 0.0768585 0.0153154
      vertex 3.60793 0.0192566 0.0051586
    endloop
  endfacet
  facet normal 1.06143e-07 -0.173648 0.984808
    outer loop
      vertex 6.46447 6.46447 1.14162
      vertex 2.83887 0.172241 0.0321339
      vertex 3.21964 0.0768585 0.0153154
    endloop
  endfacet
  facet normal 0 -0.173546 0.984826
    outer loop
      vertex 2.4 13.6011 2.4
      vertex 6.46447 13.5355 2.38844
      vertex 6.53678 13.6011 2.4
    endloop
  endfacet
  facet normal -1.90516e-06 -0.17366 0.984806
    outer loop
      vertex 2.4 13.6011 2.4
      vertex 6.13495 13.172 2.32434
      vertex 6.46447 13.5355 2.38844
    endloop
  endfacet
  facet normal -2.9864e-06 -0.173669 0.984804
    outer loop
      vertex 2.4 13.6011 2.4
      vertex 5.84265 12.7779 2.25484
      vertex 6.13495 13.172 2.32434
    endloop
  endfacet
  facet normal 4.85785e-06 -0.173637 0.98481
    outer loop
      vertex 2.4 13.6011 2.4
      vertex 5.59039 12.357 2.18063
      vertex 5.84265 12.7779 2.25484
    endloop
  endfacet
  facet normal 6.73928e-06 -0.173633 0.98481
    outer loop
      vertex 2.4 13.6011 2.4
      vertex 5.3806 11.9134 2.10242
      vertex 5.59039 12.357 2.18063
    endloop
  endfacet
  facet normal 1.14061e-06 -0.173642 0.984809
    outer loop
      vertex 2.4 13.6011 2.4
      vertex 5.2153 11.4514 2.02096
      vertex 5.3806 11.9134 2.10242
    endloop
  endfacet
  facet normal -2.41772e-05 -0.173674 0.984803
    outer loop
      vertex 2.4 13.6011 2.4
      vertex 5.09607 10.9755 1.93703
      vertex 5.2153 11.4514 2.02096
    endloop
  endfacet
  facet normal -1.48166e-06 -0.173647 0.984808
    outer loop
      vertex 5.02408 9.50991 1.67862
      vertex 2.4 13.6011 2.4
      vertex 0 4 0.707071
    endloop
  endfacet
  facet normal 1.8996e-07 -0.173648 0.984808
    outer loop
      vertex 6.46447 6.46447 1.14162
      vertex 2.46927 0.304489 0.0554528
      vertex 2.83887 0.172241 0.0321339
    endloop
  endfacet
  facet normal -1.26067e-05 -0.173648 0.984808
    outer loop
      vertex 2.4 65.6 11.5688
      vertex 0 66 11.6393
      vertex 2.4 13.6011 2.4
    endloop
  endfacet
  facet normal 7.91491e-05 -0.173473 0.984839
    outer loop
      vertex 0.304489 67.5307 11.9093
      vertex 2.63616 66.5428 11.7351
      vertex 0.472321 67.8856 11.9718
    endloop
  endfacet
  facet normal -1.15257e-06 -0.173648 0.984808
    outer loop
      vertex 0 4 0.707071
      vertex 2.4 13.6011 2.4
      vertex 0 66 11.6393
    endloop
  endfacet
  facet normal -3.60762e-05 -0.173737 0.984792
    outer loop
      vertex 2.63616 66.5428 11.7351
      vertex 0.304489 67.5307 11.9093
      vertex 2.55224 66.3654 11.7038
    endloop
  endfacet
  facet normal -2.19896e-08 -0.173648 0.984808
    outer loop
      vertex 6.46447 6.46447 1.14162
      vertex 2.11441 0.472321 0.085046
      vertex 2.46927 0.304489 0.0554528
    endloop
  endfacet
  facet normal -2.47579e-05 -0.173716 0.984796
    outer loop
      vertex 0.172241 67.1611 11.8441
      vertex 2.55224 66.3654 11.7038
      vertex 0.304489 67.5307 11.9093
    endloop
  endfacet
  facet normal -2.78156e-07 -0.173647 0.984808
    outer loop
      vertex 6.46447 6.46447 1.14162
      vertex 1.77773 0.674118 0.120628
      vertex 2.11441 0.472321 0.085046
    endloop
  endfacet
  facet normal -2.47581e-05 -0.173716 0.984796
    outer loop
      vertex 2.55224 66.3654 11.7038
      vertex 0.172241 67.1611 11.8441
      vertex 2.48612 66.1806 11.6712
    endloop
  endfacet
  facet normal 1.27877e-06 -0.173649 0.984808
    outer loop
      vertex 6.46447 6.46447 1.14162
      vertex 1.46243 0.907959 0.161861
      vertex 1.77773 0.674118 0.120628
    endloop
  endfacet
  facet normal -6.72779e-05 -0.173813 0.984779
    outer loop
      vertex 0.0768585 66.7804 11.7769
      vertex 2.48612 66.1806 11.6712
      vertex 0.172241 67.1611 11.8441
    endloop
  endfacet
  facet normal 8.37089e-07 -0.173648 0.984808
    outer loop
      vertex 6.46447 6.46447 1.14162
      vertex 1.17157 1.17157 0.208343
      vertex 1.46243 0.907959 0.161861
    endloop
  endfacet
  facet normal 1.72487e-05 -0.173484 0.984837
    outer loop
      vertex 0.0192566 66.3921 11.7085
      vertex 2.48612 66.1806 11.6712
      vertex 0.0768585 66.7804 11.7769
    endloop
  endfacet
  facet normal 1.34699e-06 -0.173649 0.984808
    outer loop
      vertex 6.46447 6.46447 1.14162
      vertex 0.907959 1.46243 0.25963
      vertex 1.17157 1.17157 0.208343
    endloop
  endfacet
  facet normal -9.19563e-06 -0.173783 0.984784
    outer loop
      vertex 2.48612 66.1806 11.6712
      vertex 0.0192566 66.3921 11.7085
      vertex 2.43844 65.9902 11.6376
    endloop
  endfacet
  facet normal -2.70846e-06 -0.173644 0.984808
    outer loop
      vertex 6.46447 6.46447 1.14162
      vertex 0.674118 1.77773 0.315224
      vertex 0.907959 1.46243 0.25963
    endloop
  endfacet
  facet normal -1.19352e-05 -0.173799 0.984781
    outer loop
      vertex 0 66 11.6393
      vertex 2.43844 65.9902 11.6376
      vertex 0.0192566 66.3921 11.7085
    endloop
  endfacet
  facet normal 2.27499e-06 -0.17365 0.984807
    outer loop
      vertex 6.46447 6.46447 1.14162
      vertex 0.472321 2.11441 0.374591
      vertex 0.674118 1.77773 0.315224
    endloop
  endfacet
  facet normal -1.0434e-05 -0.173437 0.984845
    outer loop
      vertex 2.43844 65.9902 11.6376
      vertex 0 66 11.6393
      vertex 2.40963 65.796 11.6034
    endloop
  endfacet
  facet normal -1.05733e-07 -0.173647 0.984808
    outer loop
      vertex 6.46447 6.46447 1.14162
      vertex 0.304489 2.46927 0.437162
      vertex 0.472321 2.11441 0.374591
    endloop
  endfacet
  facet normal -4.56825e-05 -0.17384 0.984774
    outer loop
      vertex 2.40963 65.796 11.6034
      vertex 0 66 11.6393
      vertex 2.4 65.6 11.5688
    endloop
  endfacet
  facet normal -1.73012e-07 -0.173647 0.984808
    outer loop
      vertex 6.46447 6.46447 1.14162
      vertex 0.172241 2.83887 0.502332
      vertex 0.304489 2.46927 0.437162
    endloop
  endfacet
  facet normal 3.92327e-07 -0.173648 0.984808
    outer loop
      vertex 6.46447 6.46447 1.14162
      vertex 0.0768585 3.21964 0.569472
      vertex 0.172241 2.83887 0.502332
    endloop
  endfacet
  facet normal -1.22524e-05 -0.17365 0.984807
    outer loop
      vertex 0.0768585 3.21964 0.569472
      vertex 0 4 0.707071
      vertex 0.0192566 3.60793 0.637938
    endloop
  endfacet
  facet normal 1.80969e-06 -0.173652 0.984807
    outer loop
      vertex 24 13.6011 2.4
      vertex 14.9759 10.4901 1.85145
      vertex 15 10 1.76503
    endloop
  endfacet
  facet normal -5.73011e-06 -0.173631 0.984811
    outer loop
      vertex 24 13.6011 2.4
      vertex 14.9039 10.9755 1.93703
      vertex 14.9759 10.4901 1.85145
    endloop
  endfacet
  facet normal 8.31346e-06 -0.173678 0.984802
    outer loop
      vertex 24 13.6011 2.4
      vertex 14.7847 11.4514 2.02096
      vertex 14.9039 10.9755 1.93703
    endloop
  endfacet
  facet normal -4.09482e-07 -0.173642 0.984809
    outer loop
      vertex 24 13.6011 2.4
      vertex 14.6194 11.9134 2.10242
      vertex 14.7847 11.4514 2.02096
    endloop
  endfacet
  facet normal -2.50188e-06 -0.173631 0.984811
    outer loop
      vertex 24 13.6011 2.4
      vertex 14.4096 12.357 2.18063
      vertex 14.6194 11.9134 2.10242
    endloop
  endfacet
  facet normal -1.84988e-06 -0.173636 0.98481
    outer loop
      vertex 24 13.6011 2.4
      vertex 14.1573 12.7779 2.25484
      vertex 14.4096 12.357 2.18063
    endloop
  endfacet
  facet normal 1.15799e-06 -0.17367 0.984804
    outer loop
      vertex 24 13.6011 2.4
      vertex 13.8651 13.172 2.32434
      vertex 14.1573 12.7779 2.25484
    endloop
  endfacet
  facet normal 7.46559e-07 -0.173661 0.984805
    outer loop
      vertex 24 13.6011 2.4
      vertex 13.5355 13.5355 2.38844
      vertex 13.8651 13.172 2.32434
    endloop
  endfacet
  facet normal 0 -0.173546 0.984826
    outer loop
      vertex 13.5355 13.5355 2.38844
      vertex 24 13.6011 2.4
      vertex 13.4632 13.6011 2.4
    endloop
  endfacet
  facet normal 0.000317663 -0.173656 0.984806
    outer loop
      vertex 11.6918 10.1666 1.79441
      vertex 11.6918 9.83337 1.73565
      vertex 11.7 10 1.76503
    endloop
  endfacet
  facet normal -0.000516641 -0.173655 0.984806
    outer loop
      vertex 11.6673 10.3317 1.82351
      vertex 11.6918 9.83337 1.73565
      vertex 11.6918 10.1666 1.79441
    endloop
  endfacet
  facet normal -0.000166384 -0.173639 0.984809
    outer loop
      vertex 11.6673 10.3317 1.82351
      vertex 11.6673 9.66835 1.70655
      vertex 11.6918 9.83337 1.73565
    endloop
  endfacet
  facet normal 0.000288892 -0.173639 0.984809
    outer loop
      vertex 11.6268 10.4935 1.85205
      vertex 11.6673 9.66835 1.70655
      vertex 11.6673 10.3317 1.82351
    endloop
  endfacet
  facet normal 0.000116669 -0.173647 0.984808
    outer loop
      vertex 11.6268 10.4935 1.85205
      vertex 11.6268 9.50652 1.67802
      vertex 11.6673 9.66835 1.70655
    endloop
  endfacet
  facet normal -0.00018885 -0.173647 0.984808
    outer loop
      vertex 11.5706 10.6506 1.87974
      vertex 11.6268 9.50652 1.67802
      vertex 11.6268 10.4935 1.85205
    endloop
  endfacet
  facet normal -6.51609e-05 -0.173641 0.984809
    outer loop
      vertex 11.5706 10.6506 1.87974
      vertex 11.5706 9.34944 1.65032
      vertex 11.6268 9.50652 1.67802
    endloop
  endfacet
  facet normal 0.000152011 -0.173641 0.984809
    outer loop
      vertex 11.4993 10.8014 1.90634
      vertex 11.5706 9.34944 1.65032
      vertex 11.5706 10.6506 1.87974
    endloop
  endfacet
  facet normal 2.37831e-05 -0.173647 0.984808
    outer loop
      vertex 11.4993 10.8014 1.90634
      vertex 11.4993 9.19863 1.62373
      vertex 11.5706 9.34944 1.65032
    endloop
  endfacet
  facet normal -2.58087e-05 -0.173647 0.984808
    outer loop
      vertex 11.4135 10.9445 1.93157
      vertex 11.4993 9.19863 1.62373
      vertex 11.4993 10.8014 1.90634
    endloop
  endfacet
  facet normal 2.18984e-05 -0.173645 0.984808
    outer loop
      vertex 11.4135 10.9445 1.93157
      vertex 11.4135 9.05553 1.5985
      vertex 11.4993 9.19863 1.62373
    endloop
  endfacet
  facet normal 2.61256e-05 -0.173645 0.984808
    outer loop
      vertex 11.3141 11.0785 1.9552
      vertex 11.4135 9.05553 1.5985
      vertex 11.4135 10.9445 1.93157
    endloop
  endfacet
  facet normal -2.28795e-05 -0.173647 0.984808
    outer loop
      vertex 11.3141 11.0785 1.9552
      vertex 11.3141 8.92153 1.57487
      vertex 11.4135 9.05553 1.5985
    endloop
  endfacet
  facet normal -3.42904e-05 -0.173647 0.984808
    outer loop
      vertex 11.2021 11.2021 1.97699
      vertex 11.3141 8.92153 1.57487
      vertex 11.3141 11.0785 1.9552
    endloop
  endfacet
  facet normal -3.7937e-05 -0.173647 0.984808
    outer loop
      vertex 11.2021 11.2021 1.97699
      vertex 11.2021 8.79792 1.55307
      vertex 11.3141 8.92153 1.57487
    endloop
  endfacet
  facet normal 9.13261e-05 -0.173647 0.984808
    outer loop
      vertex 11.0785 11.3141 1.99675
      vertex 11.2021 8.79792 1.55307
      vertex 11.2021 11.2021 1.97699
    endloop
  endfacet
  facet normal 4.65417e-05 -0.17365 0.984808
    outer loop
      vertex 11.0785 11.3141 1.99675
      vertex 11.0785 8.68588 1.53332
      vertex 11.2021 8.79792 1.55307
    endloop
  endfacet
  facet normal -5.18089e-05 -0.17365 0.984808
    outer loop
      vertex 10.9445 11.4135 2.01427
      vertex 11.0785 8.68588 1.53332
      vertex 11.0785 11.3141 1.99675
    endloop
  endfacet
  facet normal 2.31596e-05 -0.173646 0.984808
    outer loop
      vertex 10.9445 11.4135 2.01427
      vertex 10.9445 8.5865 1.5158
      vertex 11.0785 8.68588 1.53332
    endloop
  endfacet
  facet normal -5.96079e-05 -0.173646 0.984808
    outer loop
      vertex 10.8014 11.4993 2.02939
      vertex 10.9445 8.5865 1.5158
      vertex 10.9445 11.4135 2.01427
    endloop
  endfacet
  facet normal -4.60157e-05 -0.173645 0.984808
    outer loop
      vertex 10.8014 11.4993 2.02939
      vertex 10.8014 8.50073 1.50067
      vertex 10.9445 8.5865 1.5158
    endloop
  endfacet
  facet normal 5.28674e-05 -0.173645 0.984808
    outer loop
      vertex 10.6506 11.5706 2.04197
      vertex 10.8014 8.50073 1.50067
      vertex 10.8014 11.4993 2.02939
    endloop
  endfacet
  facet normal -2.79597e-05 -0.173649 0.984808
    outer loop
      vertex 10.6506 11.5706 2.04197
      vertex 10.6506 8.42941 1.48809
      vertex 10.8014 8.50073 1.50067
    endloop
  endfacet
  facet normal 2.26884e-06 -0.173649 0.984808
    outer loop
      vertex 10.4935 11.6268 2.05188
      vertex 10.6506 8.42941 1.48809
      vertex 10.6506 11.5706 2.04197
    endloop
  endfacet
  facet normal 8.67202e-06 -0.173649 0.984808
    outer loop
      vertex 10.4935 11.6268 2.05188
      vertex 10.4935 8.3732 1.47818
      vertex 10.6506 8.42941 1.48809
    endloop
  endfacet
  facet normal 5.31097e-05 -0.173649 0.984808
    outer loop
      vertex 10.3317 11.6673 2.05903
      vertex 10.4935 8.3732 1.47818
      vertex 10.4935 11.6268 2.05188
    endloop
  endfacet
  facet normal 4.01129e-05 -0.17365 0.984808
    outer loop
      vertex 10.3317 11.6673 2.05903
      vertex 10.3317 8.33267 1.47104
      vertex 10.4935 8.3732 1.47818
    endloop
  endfacet
  facet normal -2.74399e-07 -0.17365 0.984808
    outer loop
      vertex 10.1666 11.6918 2.06335
      vertex 10.3317 8.33267 1.47104
      vertex 10.3317 11.6673 2.05903
    endloop
  endfacet
  facet normal -2.06131e-05 -0.173651 0.984807
    outer loop
      vertex 10.1666 11.6918 2.06335
      vertex 10.1666 8.30819 1.46672
      vertex 10.3317 8.33267 1.47104
    endloop
  endfacet
  facet normal -3.48836e-05 -0.173651 0.984807
    outer loop
      vertex 10 11.7 2.06479
      vertex 10.1666 8.30819 1.46672
      vertex 10.1666 11.6918 2.06335
    endloop
  endfacet
  facet normal 2.43175e-05 -0.173648 0.984808
    outer loop
      vertex 10 11.7 2.06479
      vertex 10 8.3 1.46528
      vertex 10.1666 8.30819 1.46672
    endloop
  endfacet
  facet normal 3.47343e-05 -0.173648 0.984808
    outer loop
      vertex 9.83337 11.6918 2.06335
      vertex 10 8.3 1.46528
      vertex 10 11.7 2.06479
    endloop
  endfacet
  facet normal -2.4456e-05 -0.173651 0.984807
    outer loop
      vertex 9.83337 11.6918 2.06335
      vertex 9.83337 8.30819 1.46672
      vertex 10 8.3 1.46528
    endloop
  endfacet
  facet normal 4.22945e-07 -0.173651 0.984807
    outer loop
      vertex 9.66835 11.6673 2.05903
      vertex 9.83337 8.30819 1.46672
      vertex 9.83337 11.6918 2.06335
    endloop
  endfacet
  facet normal 2.07713e-05 -0.17365 0.984808
    outer loop
      vertex 9.66835 11.6673 2.05903
      vertex 9.66835 8.33267 1.47104
      vertex 9.83337 8.30819 1.46672
    endloop
  endfacet
  facet normal -5.29401e-05 -0.17365 0.984808
    outer loop
      vertex 9.50652 11.6268 2.05188
      vertex 9.66835 8.33267 1.47104
      vertex 9.66835 11.6673 2.05903
    endloop
  endfacet
  facet normal -3.99456e-05 -0.173649 0.984808
    outer loop
      vertex 9.50652 11.6268 2.05188
      vertex 9.50652 8.3732 1.47818
      vertex 9.66835 8.33267 1.47104
    endloop
  endfacet
  facet normal -2.38169e-06 -0.173649 0.984808
    outer loop
      vertex 9.34944 11.5706 2.04197
      vertex 9.50652 8.3732 1.47818
      vertex 9.50652 11.6268 2.05188
    endloop
  endfacet
  facet normal -8.7857e-06 -0.173649 0.984808
    outer loop
      vertex 9.34944 11.5706 2.04197
      vertex 9.34944 8.42941 1.48809
      vertex 9.50652 8.3732 1.47818
    endloop
  endfacet
  facet normal -5.09867e-05 -0.173649 0.984808
    outer loop
      vertex 9.19863 11.4993 2.02939
      vertex 9.34944 8.42941 1.48809
      vertex 9.34944 11.5706 2.04197
    endloop
  endfacet
  facet normal 2.98356e-05 -0.173645 0.984808
    outer loop
      vertex 9.19863 11.4993 2.02939
      vertex 9.19863 8.50073 1.50067
      vertex 9.34944 8.42941 1.48809
    endloop
  endfacet
  facet normal 5.92076e-05 -0.173645 0.984808
    outer loop
      vertex 9.05553 11.4135 2.01427
      vertex 9.19863 8.50073 1.50067
      vertex 9.19863 11.4993 2.02939
    endloop
  endfacet
  facet normal 4.56154e-05 -0.173646 0.984808
    outer loop
      vertex 9.05553 11.4135 2.01427
      vertex 9.05553 8.5865 1.5158
      vertex 9.19863 8.50073 1.50067
    endloop
  endfacet
  facet normal 4.90769e-05 -0.173646 0.984808
    outer loop
      vertex 8.92153 11.3141 1.99675
      vertex 9.05553 8.5865 1.5158
      vertex 9.05553 11.4135 2.01427
    endloop
  endfacet
  facet normal -2.5891e-05 -0.17365 0.984808
    outer loop
      vertex 8.92153 11.3141 1.99675
      vertex 8.92153 8.68588 1.53332
      vertex 9.05553 8.5865 1.5158
    endloop
  endfacet
  facet normal -8.93254e-05 -0.17365 0.984807
    outer loop
      vertex 8.79792 11.2021 1.97699
      vertex 8.92153 8.68588 1.53332
      vertex 8.92153 11.3141 1.99675
    endloop
  endfacet
  facet normal -4.45439e-05 -0.173647 0.984808
    outer loop
      vertex 8.79792 11.2021 1.97699
      vertex 8.79792 8.79792 1.55307
      vertex 8.92153 8.68588 1.53332
    endloop
  endfacet
  facet normal 3.44758e-05 -0.173647 0.984808
    outer loop
      vertex 8.68588 11.0785 1.9552
      vertex 8.79792 8.79792 1.55307
      vertex 8.79792 11.2021 1.97699
    endloop
  endfacet
  facet normal 3.8121e-05 -0.173647 0.984808
    outer loop
      vertex 8.68588 11.0785 1.9552
      vertex 8.68588 8.92153 1.57487
      vertex 8.79792 8.79792 1.55307
    endloop
  endfacet
  facet normal -2.28841e-05 -0.173647 0.984808
    outer loop
      vertex 8.5865 10.9445 1.93157
      vertex 8.68588 8.92153 1.57487
      vertex 8.68588 11.0785 1.9552
    endloop
  endfacet
  facet normal 2.61308e-05 -0.173645 0.984808
    outer loop
      vertex 8.5865 10.9445 1.93157
      vertex 8.5865 9.05553 1.5985
      vertex 8.68588 8.92153 1.57487
    endloop
  endfacet
  facet normal 2.1906e-05 -0.173645 0.984808
    outer loop
      vertex 8.50073 10.8014 1.90634
      vertex 8.5865 9.05553 1.5985
      vertex 8.5865 10.9445 1.93157
    endloop
  endfacet
  facet normal -2.58177e-05 -0.173647 0.984808
    outer loop
      vertex 8.50073 10.8014 1.90634
      vertex 8.50073 9.19863 1.62373
      vertex 8.5865 9.05553 1.5985
    endloop
  endfacet
  facet normal -0.000138654 -0.173647 0.984808
    outer loop
      vertex 8.42941 10.6506 1.87974
      vertex 8.50073 9.19863 1.62373
      vertex 8.50073 10.8014 1.90634
    endloop
  endfacet
  facet normal -1.04616e-05 -0.173641 0.984809
    outer loop
      vertex 8.42941 10.6506 1.87974
      vertex 8.42941 9.34944 1.65032
      vertex 8.50073 9.19863 1.62373
    endloop
  endfacet
  facet normal 0.000171835 -0.173641 0.984809
    outer loop
      vertex 8.3732 10.4935 1.85205
      vertex 8.42941 9.34944 1.65032
      vertex 8.42941 10.6506 1.87974
    endloop
  endfacet
  facet normal 4.81699e-05 -0.173647 0.984808
    outer loop
      vertex 8.3732 10.4935 1.85205
      vertex 8.3732 9.50652 1.67802
      vertex 8.42941 9.34944 1.65032
    endloop
  endfacet
  facet normal -0.000254932 -0.173647 0.984808
    outer loop
      vertex 8.33267 10.3317 1.82351
      vertex 8.3732 9.50652 1.67802
      vertex 8.3732 10.4935 1.85205
    endloop
  endfacet
  facet normal -8.28306e-05 -0.173639 0.984809
    outer loop
      vertex 8.33267 10.3317 1.82351
      vertex 8.33267 9.66835 1.70655
      vertex 8.3732 9.50652 1.67802
    endloop
  endfacet
  facet normal 0.000400927 -0.173639 0.984809
    outer loop
      vertex 8.30819 10.1666 1.79441
      vertex 8.33267 9.66835 1.70655
      vertex 8.33267 10.3317 1.82351
    endloop
  endfacet
  facet normal 5.04387e-05 -0.173656 0.984806
    outer loop
      vertex 8.30819 10.1666 1.79441
      vertex 8.30819 9.83337 1.73565
      vertex 8.33267 9.66835 1.70655
    endloop
  endfacet
  facet normal -0.00031805 -0.173656 0.984806
    outer loop
      vertex 8.30819 9.83337 1.73565
      vertex 8.30819 10.1666 1.79441
      vertex 8.3 10 1.76503
    endloop
  endfacet
  facet normal 0.000317663 -0.173656 0.984806
    outer loop
      vertex 81.6918 10.1666 1.79441
      vertex 81.6918 9.83337 1.73565
      vertex 81.7 10 1.76503
    endloop
  endfacet
  facet normal -0.000516641 -0.173655 0.984806
    outer loop
      vertex 81.6673 10.3317 1.82351
      vertex 81.6918 9.83337 1.73565
      vertex 81.6918 10.1666 1.79441
    endloop
  endfacet
  facet normal -0.000166384 -0.173639 0.984809
    outer loop
      vertex 81.6673 10.3317 1.82351
      vertex 81.6673 9.66835 1.70655
      vertex 81.6918 9.83337 1.73565
    endloop
  endfacet
  facet normal 0.000288892 -0.173639 0.984809
    outer loop
      vertex 81.6268 10.4935 1.85205
      vertex 81.6673 9.66835 1.70655
      vertex 81.6673 10.3317 1.82351
    endloop
  endfacet
  facet normal 0.000116669 -0.173647 0.984808
    outer loop
      vertex 81.6268 10.4935 1.85205
      vertex 81.6268 9.50652 1.67802
      vertex 81.6673 9.66835 1.70655
    endloop
  endfacet
  facet normal -0.00018885 -0.173647 0.984808
    outer loop
      vertex 81.5706 10.6506 1.87974
      vertex 81.6268 9.50652 1.67802
      vertex 81.6268 10.4935 1.85205
    endloop
  endfacet
  facet normal -6.51609e-05 -0.173641 0.984809
    outer loop
      vertex 81.5706 10.6506 1.87974
      vertex 81.5706 9.34944 1.65032
      vertex 81.6268 9.50652 1.67802
    endloop
  endfacet
  facet normal 0.000152011 -0.173641 0.984809
    outer loop
      vertex 81.4993 10.8014 1.90634
      vertex 81.5706 9.34944 1.65032
      vertex 81.5706 10.6506 1.87974
    endloop
  endfacet
  facet normal 2.37831e-05 -0.173647 0.984808
    outer loop
      vertex 81.4993 10.8014 1.90634
      vertex 81.4993 9.19863 1.62373
      vertex 81.5706 9.34944 1.65032
    endloop
  endfacet
  facet normal -2.58087e-05 -0.173647 0.984808
    outer loop
      vertex 81.4135 10.9445 1.93157
      vertex 81.4993 9.19863 1.62373
      vertex 81.4993 10.8014 1.90634
    endloop
  endfacet
  facet normal 2.18984e-05 -0.173645 0.984808
    outer loop
      vertex 81.4135 10.9445 1.93157
      vertex 81.4135 9.05553 1.5985
      vertex 81.4993 9.19863 1.62373
    endloop
  endfacet
  facet normal 2.61256e-05 -0.173645 0.984808
    outer loop
      vertex 81.3141 11.0785 1.9552
      vertex 81.4135 9.05553 1.5985
      vertex 81.4135 10.9445 1.93157
    endloop
  endfacet
  facet normal -2.28795e-05 -0.173647 0.984808
    outer loop
      vertex 81.3141 11.0785 1.9552
      vertex 81.3141 8.92153 1.57487
      vertex 81.4135 9.05553 1.5985
    endloop
  endfacet
  facet normal -3.42904e-05 -0.173647 0.984808
    outer loop
      vertex 81.2021 11.2021 1.97699
      vertex 81.3141 8.92153 1.57487
      vertex 81.3141 11.0785 1.9552
    endloop
  endfacet
  facet normal -3.7937e-05 -0.173647 0.984808
    outer loop
      vertex 81.2021 11.2021 1.97699
      vertex 81.2021 8.79792 1.55307
      vertex 81.3141 8.92153 1.57487
    endloop
  endfacet
  facet normal 9.13261e-05 -0.173647 0.984808
    outer loop
      vertex 81.0785 11.3141 1.99675
      vertex 81.2021 8.79792 1.55307
      vertex 81.2021 11.2021 1.97699
    endloop
  endfacet
  facet normal 4.65417e-05 -0.17365 0.984808
    outer loop
      vertex 81.0785 11.3141 1.99675
      vertex 81.0785 8.68588 1.53332
      vertex 81.2021 8.79792 1.55307
    endloop
  endfacet
  facet normal -5.18089e-05 -0.17365 0.984808
    outer loop
      vertex 80.9445 11.4135 2.01427
      vertex 81.0785 8.68588 1.53332
      vertex 81.0785 11.3141 1.99675
    endloop
  endfacet
  facet normal 2.31596e-05 -0.173646 0.984808
    outer loop
      vertex 80.9445 11.4135 2.01427
      vertex 80.9445 8.5865 1.5158
      vertex 81.0785 8.68588 1.53332
    endloop
  endfacet
  facet normal -5.96079e-05 -0.173646 0.984808
    outer loop
      vertex 80.8014 11.4993 2.02939
      vertex 80.9445 8.5865 1.5158
      vertex 80.9445 11.4135 2.01427
    endloop
  endfacet
  facet normal -4.60157e-05 -0.173645 0.984808
    outer loop
      vertex 80.8014 11.4993 2.02939
      vertex 80.8014 8.50073 1.50067
      vertex 80.9445 8.5865 1.5158
    endloop
  endfacet
  facet normal 5.28674e-05 -0.173645 0.984808
    outer loop
      vertex 80.6506 11.5706 2.04197
      vertex 80.8014 8.50073 1.50067
      vertex 80.8014 11.4993 2.02939
    endloop
  endfacet
  facet normal -2.79597e-05 -0.173649 0.984808
    outer loop
      vertex 80.6506 11.5706 2.04197
      vertex 80.6506 8.42941 1.48809
      vertex 80.8014 8.50073 1.50067
    endloop
  endfacet
  facet normal 2.26884e-06 -0.173649 0.984808
    outer loop
      vertex 80.4935 11.6268 2.05188
      vertex 80.6506 8.42941 1.48809
      vertex 80.6506 11.5706 2.04197
    endloop
  endfacet
  facet normal 8.67202e-06 -0.173649 0.984808
    outer loop
      vertex 80.4935 11.6268 2.05188
      vertex 80.4935 8.3732 1.47818
      vertex 80.6506 8.42941 1.48809
    endloop
  endfacet
  facet normal 5.30769e-05 -0.173649 0.984808
    outer loop
      vertex 80.3316 11.6673 2.05903
      vertex 80.4935 8.3732 1.47818
      vertex 80.4935 11.6268 2.05188
    endloop
  endfacet
  facet normal 4.00881e-05 -0.17365 0.984808
    outer loop
      vertex 80.3316 11.6673 2.05903
      vertex 80.3316 8.33267 1.47104
      vertex 80.4935 8.3732 1.47818
    endloop
  endfacet
  facet normal -2.74565e-07 -0.17365 0.984808
    outer loop
      vertex 80.1666 11.6918 2.06335
      vertex 80.3316 8.33267 1.47104
      vertex 80.3316 11.6673 2.05903
    endloop
  endfacet
  facet normal -2.06256e-05 -0.173651 0.984807
    outer loop
      vertex 80.1666 11.6918 2.06335
      vertex 80.1666 8.30819 1.46672
      vertex 80.3316 8.33267 1.47104
    endloop
  endfacet
  facet normal -3.48836e-05 -0.173651 0.984807
    outer loop
      vertex 80 11.7 2.06479
      vertex 80.1666 8.30819 1.46672
      vertex 80.1666 11.6918 2.06335
    endloop
  endfacet
  facet normal 2.43175e-05 -0.173648 0.984808
    outer loop
      vertex 80 11.7 2.06479
      vertex 80 8.3 1.46528
      vertex 80.1666 8.30819 1.46672
    endloop
  endfacet
  facet normal 3.47405e-05 -0.173648 0.984808
    outer loop
      vertex 79.8334 11.6918 2.06335
      vertex 80 8.3 1.46528
      vertex 80 11.7 2.06479
    endloop
  endfacet
  facet normal -2.44604e-05 -0.173651 0.984807
    outer loop
      vertex 79.8334 11.6918 2.06335
      vertex 79.8334 8.30819 1.46672
      vertex 80 8.3 1.46528
    endloop
  endfacet
  facet normal 4.22996e-07 -0.173651 0.984807
    outer loop
      vertex 79.6684 11.6673 2.05903
      vertex 79.8334 8.30819 1.46672
      vertex 79.8334 11.6918 2.06335
    endloop
  endfacet
  facet normal 2.07739e-05 -0.17365 0.984808
    outer loop
      vertex 79.6684 11.6673 2.05903
      vertex 79.6684 8.33267 1.47104
      vertex 79.8334 8.30819 1.46672
    endloop
  endfacet
  facet normal -5.29172e-05 -0.17365 0.984808
    outer loop
      vertex 79.5065 11.6268 2.05188
      vertex 79.6684 8.33267 1.47104
      vertex 79.6684 11.6673 2.05903
    endloop
  endfacet
  facet normal -3.99283e-05 -0.173649 0.984808
    outer loop
      vertex 79.5065 11.6268 2.05188
      vertex 79.5065 8.3732 1.47818
      vertex 79.6684 8.33267 1.47104
    endloop
  endfacet
  facet normal -2.38138e-06 -0.173649 0.984808
    outer loop
      vertex 79.3494 11.5706 2.04197
      vertex 79.5065 8.3732 1.47818
      vertex 79.5065 11.6268 2.05188
    endloop
  endfacet
  facet normal -8.78458e-06 -0.173649 0.984808
    outer loop
      vertex 79.3494 11.5706 2.04197
      vertex 79.3494 8.42941 1.48809
      vertex 79.5065 8.3732 1.47818
    endloop
  endfacet
  facet normal -5.09901e-05 -0.173649 0.984808
    outer loop
      vertex 79.1986 11.4993 2.02939
      vertex 79.3494 8.42941 1.48809
      vertex 79.3494 11.5706 2.04197
    endloop
  endfacet
  facet normal 2.98375e-05 -0.173645 0.984808
    outer loop
      vertex 79.1986 11.4993 2.02939
      vertex 79.1986 8.50073 1.50067
      vertex 79.3494 8.42941 1.48809
    endloop
  endfacet
  facet normal 5.92076e-05 -0.173645 0.984808
    outer loop
      vertex 79.0555 11.4135 2.01427
      vertex 79.1986 8.50073 1.50067
      vertex 79.1986 11.4993 2.02939
    endloop
  endfacet
  facet normal 4.56154e-05 -0.173646 0.984808
    outer loop
      vertex 79.0555 11.4135 2.01427
      vertex 79.0555 8.5865 1.5158
      vertex 79.1986 8.50073 1.50067
    endloop
  endfacet
  facet normal 4.90769e-05 -0.173646 0.984808
    outer loop
      vertex 78.9215 11.3141 1.99675
      vertex 79.0555 8.5865 1.5158
      vertex 79.0555 11.4135 2.01427
    endloop
  endfacet
  facet normal -2.5891e-05 -0.17365 0.984808
    outer loop
      vertex 78.9215 11.3141 1.99675
      vertex 78.9215 8.68588 1.53332
      vertex 79.0555 8.5865 1.5158
    endloop
  endfacet
  facet normal -8.93326e-05 -0.17365 0.984807
    outer loop
      vertex 78.7979 11.2021 1.97699
      vertex 78.9215 8.68588 1.53332
      vertex 78.9215 11.3141 1.99675
    endloop
  endfacet
  facet normal -4.45475e-05 -0.173647 0.984808
    outer loop
      vertex 78.7979 11.2021 1.97699
      vertex 78.7979 8.79792 1.55307
      vertex 78.9215 8.68588 1.53332
    endloop
  endfacet
  facet normal 3.44881e-05 -0.173647 0.984808
    outer loop
      vertex 78.6859 11.0785 1.9552
      vertex 78.7979 8.79792 1.55307
      vertex 78.7979 11.2021 1.97699
    endloop
  endfacet
  facet normal 3.81346e-05 -0.173647 0.984808
    outer loop
      vertex 78.6859 11.0785 1.9552
      vertex 78.6859 8.92153 1.57487
      vertex 78.7979 8.79792 1.55307
    endloop
  endfacet
  facet normal -2.28795e-05 -0.173647 0.984808
    outer loop
      vertex 78.5865 10.9445 1.93157
      vertex 78.6859 8.92153 1.57487
      vertex 78.6859 11.0785 1.9552
    endloop
  endfacet
  facet normal 2.61256e-05 -0.173645 0.984808
    outer loop
      vertex 78.5865 10.9445 1.93157
      vertex 78.5865 9.05553 1.5985
      vertex 78.6859 8.92153 1.57487
    endloop
  endfacet
  facet normal 2.18984e-05 -0.173645 0.984808
    outer loop
      vertex 78.5007 10.8014 1.90634
      vertex 78.5865 9.05553 1.5985
      vertex 78.5865 10.9445 1.93157
    endloop
  endfacet
  facet normal -2.58087e-05 -0.173647 0.984808
    outer loop
      vertex 78.5007 10.8014 1.90634
      vertex 78.5007 9.19863 1.62373
      vertex 78.5865 9.05553 1.5985
    endloop
  endfacet
  facet normal -0.000138693 -0.173647 0.984808
    outer loop
      vertex 78.4294 10.6506 1.87974
      vertex 78.5007 9.19863 1.62373
      vertex 78.5007 10.8014 1.90634
    endloop
  endfacet
  facet normal -1.04646e-05 -0.173641 0.984809
    outer loop
      vertex 78.4294 10.6506 1.87974
      vertex 78.4294 9.34944 1.65032
      vertex 78.5007 9.19863 1.62373
    endloop
  endfacet
  facet normal 0.000171866 -0.173641 0.984809
    outer loop
      vertex 78.3732 10.4935 1.85205
      vertex 78.4294 9.34944 1.65032
      vertex 78.4294 10.6506 1.87974
    endloop
  endfacet
  facet normal 4.81784e-05 -0.173647 0.984808
    outer loop
      vertex 78.3732 10.4935 1.85205
      vertex 78.3732 9.50652 1.67802
      vertex 78.4294 9.34944 1.65032
    endloop
  endfacet
  facet normal -0.000255121 -0.173647 0.984808
    outer loop
      vertex 78.3327 10.3317 1.82351
      vertex 78.3732 9.50652 1.67802
      vertex 78.3732 10.4935 1.85205
    endloop
  endfacet
  facet normal -8.2892e-05 -0.173639 0.984809
    outer loop
      vertex 78.3327 10.3317 1.82351
      vertex 78.3327 9.66835 1.70655
      vertex 78.3732 9.50652 1.67802
    endloop
  endfacet
  facet normal 0.0004006 -0.173639 0.984809
    outer loop
      vertex 78.3082 10.1666 1.79441
      vertex 78.3327 9.66835 1.70655
      vertex 78.3327 10.3317 1.82351
    endloop
  endfacet
  facet normal 5.03975e-05 -0.173656 0.984806
    outer loop
      vertex 78.3082 10.1666 1.79441
      vertex 78.3082 9.83337 1.73565
      vertex 78.3327 9.66835 1.70655
    endloop
  endfacet
  facet normal -0.000317663 -0.173656 0.984806
    outer loop
      vertex 78.3082 9.83337 1.73565
      vertex 78.3082 10.1666 1.79441
      vertex 78.3 10 1.76503
    endloop
  endfacet
  facet normal -1 0 0
    outer loop
      vertex 24 13.6011 2.4
      vertex 24 61.6 32.4
      vertex 24 61.6 2.4
    endloop
  endfacet
  facet normal -1 0 0
    outer loop
      vertex 24 2.4 2.86197
      vertex 24 13.6011 2.4
      vertex 24 2.4 2.4
    endloop
  endfacet
  facet normal -1 0 0
    outer loop
      vertex 24 2.4 32.4
      vertex 24 13.6011 2.4
      vertex 24 2.4 2.86197
    endloop
  endfacet
  facet normal -1 0 0
    outer loop
      vertex 24 13.6011 2.4
      vertex 24 2.4 32.4
      vertex 24 61.6 32.4
    endloop
  endfacet
  facet normal -0 0 1
    outer loop
      vertex 24 61.6 32.4
      vertex 25.2 2.4 32.4
      vertex 25.2 61.6 32.4
    endloop
  endfacet
  facet normal 0 0 1
    outer loop
      vertex 25.2 2.4 32.4
      vertex 24 61.6 32.4
      vertex 24 2.4 32.4
    endloop
  endfacet
  facet normal 1 0 0
    outer loop
      vertex 25.2 61.6 32.4
      vertex 25.2 13.6011 2.4
      vertex 25.2 61.6 2.4
    endloop
  endfacet
  facet normal 1 -0 0
    outer loop
      vertex 25.2 2.4 32.4
      vertex 25.2 13.6011 2.4
      vertex 25.2 61.6 32.4
    endloop
  endfacet
  facet normal 1 -0 0
    outer loop
      vertex 25.2 2.4 2.86197
      vertex 25.2 13.6011 2.4
      vertex 25.2 2.4 32.4
    endloop
  endfacet
  facet normal 1 0 0
    outer loop
      vertex 25.2 13.6011 2.4
      vertex 25.2 2.4 2.86197
      vertex 25.2 2.4 2.4
    endloop
  endfacet
  facet normal 0 1 -0
    outer loop
      vertex 25.2 61.6 2.4
      vertex 24 61.6 32.4
      vertex 25.2 61.6 32.4
    endloop
  endfacet
  facet normal 0 1 0
    outer loop
      vertex 24 61.6 32.4
      vertex 25.2 61.6 2.4
      vertex 24 61.6 2.4
    endloop
  endfacet
  facet normal -1 0 0
    outer loop
      vertex 28.2 13.6011 2.4
      vertex 28.2 61.6 32.4
      vertex 28.2 61.6 2.4
    endloop
  endfacet
  facet normal -1 0 0
    outer loop
      vertex 28.2 2.4 2.86197
      vertex 28.2 13.6011 2.4
      vertex 28.2 2.4 2.4
    endloop
  endfacet
  facet normal -1 0 0
    outer loop
      vertex 28.2 2.4 32.4
      vertex 28.2 13.6011 2.4
      vertex 28.2 2.4 2.86197
    endloop
  endfacet
  facet normal -1 0 0
    outer loop
      vertex 28.2 13.6011 2.4
      vertex 28.2 2.4 32.4
      vertex 28.2 61.6 32.4
    endloop
  endfacet
  facet normal -0 0 1
    outer loop
      vertex 28.2 61.6 32.4
      vertex 29.4 2.4 32.4
      vertex 29.4 61.6 32.4
    endloop
  endfacet
  facet normal 0 0 1
    outer loop
      vertex 29.4 2.4 32.4
      vertex 28.2 61.6 32.4
      vertex 28.2 2.4 32.4
    endloop
  endfacet
  facet normal 1 0 0
    outer loop
      vertex 29.4 61.6 32.4
      vertex 29.4 13.6011 2.4
      vertex 29.4 61.6 2.4
    endloop
  endfacet
  facet normal 1 -0 0
    outer loop
      vertex 29.4 2.4 32.4
      vertex 29.4 13.6011 2.4
      vertex 29.4 61.6 32.4
    endloop
  endfacet
  facet normal 1 -0 0
    outer loop
      vertex 29.4 2.4 2.86197
      vertex 29.4 13.6011 2.4
      vertex 29.4 2.4 32.4
    endloop
  endfacet
  facet normal 1 0 0
    outer loop
      vertex 29.4 13.6011 2.4
      vertex 29.4 2.4 2.86197
      vertex 29.4 2.4 2.4
    endloop
  endfacet
  facet normal 0 1 -0
    outer loop
      vertex 29.4 61.6 2.4
      vertex 28.2 61.6 32.4
      vertex 29.4 61.6 32.4
    endloop
  endfacet
  facet normal 0 1 0
    outer loop
      vertex 28.2 61.6 32.4
      vertex 29.4 61.6 2.4
      vertex 28.2 61.6 2.4
    endloop
  endfacet
  facet normal -1 0 0
    outer loop
      vertex 32.4 13.6011 2.4
      vertex 32.4 61.6 32.4
      vertex 32.4 61.6 2.4
    endloop
  endfacet
  facet normal -1 0 0
    outer loop
      vertex 32.4 2.4 2.86197
      vertex 32.4 13.6011 2.4
      vertex 32.4 2.4 2.4
    endloop
  endfacet
  facet normal -1 0 0
    outer loop
      vertex 32.4 2.4 32.4
      vertex 32.4 13.6011 2.4
      vertex 32.4 2.4 2.86197
    endloop
  endfacet
  facet normal -1 0 0
    outer loop
      vertex 32.4 13.6011 2.4
      vertex 32.4 2.4 32.4
      vertex 32.4 61.6 32.4
    endloop
  endfacet
  facet normal -0 0 1
    outer loop
      vertex 32.4 61.6 32.4
      vertex 33.6 2.4 32.4
      vertex 33.6 61.6 32.4
    endloop
  endfacet
  facet normal 0 0 1
    outer loop
      vertex 33.6 2.4 32.4
      vertex 32.4 61.6 32.4
      vertex 32.4 2.4 32.4
    endloop
  endfacet
  facet normal 1 0 0
    outer loop
      vertex 33.6 61.6 32.4
      vertex 33.6 13.6011 2.4
      vertex 33.6 61.6 2.4
    endloop
  endfacet
  facet normal 1 -0 0
    outer loop
      vertex 33.6 2.4 32.4
      vertex 33.6 13.6011 2.4
      vertex 33.6 61.6 32.4
    endloop
  endfacet
  facet normal 1 -0 0
    outer loop
      vertex 33.6 2.4 2.86197
      vertex 33.6 13.6011 2.4
      vertex 33.6 2.4 32.4
    endloop
  endfacet
  facet normal 1 0 0
    outer loop
      vertex 33.6 13.6011 2.4
      vertex 33.6 2.4 2.86197
      vertex 33.6 2.4 2.4
    endloop
  endfacet
  facet normal 0 1 -0
    outer loop
      vertex 33.6 61.6 2.4
      vertex 32.4 61.6 32.4
      vertex 33.6 61.6 32.4
    endloop
  endfacet
  facet normal 0 1 0
    outer loop
      vertex 32.4 61.6 32.4
      vertex 33.6 61.6 2.4
      vertex 32.4 61.6 2.4
    endloop
  endfacet
  facet normal -1 0 0
    outer loop
      vertex 36.6 13.6011 2.4
      vertex 36.6 61.6 32.4
      vertex 36.6 61.6 2.4
    endloop
  endfacet
  facet normal -1 0 0
    outer loop
      vertex 36.6 2.4 2.86197
      vertex 36.6 13.6011 2.4
      vertex 36.6 2.4 2.4
    endloop
  endfacet
  facet normal -1 0 0
    outer loop
      vertex 36.6 2.4 32.4
      vertex 36.6 13.6011 2.4
      vertex 36.6 2.4 2.86197
    endloop
  endfacet
  facet normal -1 0 0
    outer loop
      vertex 36.6 13.6011 2.4
      vertex 36.6 2.4 32.4
      vertex 36.6 61.6 32.4
    endloop
  endfacet
  facet normal -0 0 1
    outer loop
      vertex 36.6 61.6 32.4
      vertex 37.8 2.4 32.4
      vertex 37.8 61.6 32.4
    endloop
  endfacet
  facet normal 0 0 1
    outer loop
      vertex 37.8 2.4 32.4
      vertex 36.6 61.6 32.4
      vertex 36.6 2.4 32.4
    endloop
  endfacet
  facet normal 1 0 0
    outer loop
      vertex 37.8 61.6 32.4
      vertex 37.8 13.6011 2.4
      vertex 37.8 61.6 2.4
    endloop
  endfacet
  facet normal 1 -0 0
    outer loop
      vertex 37.8 2.4 32.4
      vertex 37.8 13.6011 2.4
      vertex 37.8 61.6 32.4
    endloop
  endfacet
  facet normal 1 -0 0
    outer loop
      vertex 37.8 2.4 2.86197
      vertex 37.8 13.6011 2.4
      vertex 37.8 2.4 32.4
    endloop
  endfacet
  facet normal 1 0 0
    outer loop
      vertex 37.8 13.6011 2.4
      vertex 37.8 2.4 2.86197
      vertex 37.8 2.4 2.4
    endloop
  endfacet
  facet normal 0 1 -0
    outer loop
      vertex 37.8 61.6 2.4
      vertex 36.6 61.6 32.4
      vertex 37.8 61.6 32.4
    endloop
  endfacet
  facet normal 0 1 0
    outer loop
      vertex 36.6 61.6 32.4
      vertex 37.8 61.6 2.4
      vertex 36.6 61.6 2.4
    endloop
  endfacet
  facet normal -1 0 0
    outer loop
      vertex 40.8 13.6011 2.4
      vertex 40.8 61.6 32.4
      vertex 40.8 61.6 2.4
    endloop
  endfacet
  facet normal -1 0 0
    outer loop
      vertex 40.8 2.4 2.86197
      vertex 40.8 13.6011 2.4
      vertex 40.8 2.4 2.4
    endloop
  endfacet
  facet normal -1 0 0
    outer loop
      vertex 40.8 2.4 32.4
      vertex 40.8 13.6011 2.4
      vertex 40.8 2.4 2.86197
    endloop
  endfacet
  facet normal -1 0 0
    outer loop
      vertex 40.8 13.6011 2.4
      vertex 40.8 2.4 32.4
      vertex 40.8 61.6 32.4
    endloop
  endfacet
  facet normal -0 0 1
    outer loop
      vertex 40.8 61.6 32.4
      vertex 42 2.4 32.4
      vertex 42 61.6 32.4
    endloop
  endfacet
  facet normal 0 0 1
    outer loop
      vertex 42 2.4 32.4
      vertex 40.8 61.6 32.4
      vertex 40.8 2.4 32.4
    endloop
  endfacet
  facet normal 1 0 0
    outer loop
      vertex 42 61.6 32.4
      vertex 42 13.6011 2.4
      vertex 42 61.6 2.4
    endloop
  endfacet
  facet normal 1 -0 0
    outer loop
      vertex 42 2.4 32.4
      vertex 42 13.6011 2.4
      vertex 42 61.6 32.4
    endloop
  endfacet
  facet normal 1 -0 0
    outer loop
      vertex 42 2.4 2.86197
      vertex 42 13.6011 2.4
      vertex 42 2.4 32.4
    endloop
  endfacet
  facet normal 1 0 0
    outer loop
      vertex 42 13.6011 2.4
      vertex 42 2.4 2.86197
      vertex 42 2.4 2.4
    endloop
  endfacet
  facet normal 0 1 -0
    outer loop
      vertex 42 61.6 2.4
      vertex 40.8 61.6 32.4
      vertex 42 61.6 32.4
    endloop
  endfacet
  facet normal 0 1 0
    outer loop
      vertex 40.8 61.6 32.4
      vertex 42 61.6 2.4
      vertex 40.8 61.6 2.4
    endloop
  endfacet
  facet normal -1 0 0
    outer loop
      vertex 45 13.6011 2.4
      vertex 45 61.6 32.4
      vertex 45 61.6 2.4
    endloop
  endfacet
  facet normal -1 0 0
    outer loop
      vertex 45 2.4 2.86197
      vertex 45 13.6011 2.4
      vertex 45 2.4 2.4
    endloop
  endfacet
  facet normal -1 0 0
    outer loop
      vertex 45 2.4 32.4
      vertex 45 13.6011 2.4
      vertex 45 2.4 2.86197
    endloop
  endfacet
  facet normal -1 0 0
    outer loop
      vertex 45 13.6011 2.4
      vertex 45 2.4 32.4
      vertex 45 61.6 32.4
    endloop
  endfacet
  facet normal -0 0 1
    outer loop
      vertex 45 61.6 32.4
      vertex 46.2 2.4 32.4
      vertex 46.2 61.6 32.4
    endloop
  endfacet
  facet normal 0 0 1
    outer loop
      vertex 46.2 2.4 32.4
      vertex 45 61.6 32.4
      vertex 45 2.4 32.4
    endloop
  endfacet
  facet normal 1 0 0
    outer loop
      vertex 46.2 61.6 32.4
      vertex 46.2 13.6011 2.4
      vertex 46.2 61.6 2.4
    endloop
  endfacet
  facet normal 1 -0 0
    outer loop
      vertex 46.2 2.4 32.4
      vertex 46.2 13.6011 2.4
      vertex 46.2 61.6 32.4
    endloop
  endfacet
  facet normal 1 -0 0
    outer loop
      vertex 46.2 2.4 2.86197
      vertex 46.2 13.6011 2.4
      vertex 46.2 2.4 32.4
    endloop
  endfacet
  facet normal 1 0 0
    outer loop
      vertex 46.2 13.6011 2.4
      vertex 46.2 2.4 2.86197
      vertex 46.2 2.4 2.4
    endloop
  endfacet
  facet normal 0 1 -0
    outer loop
      vertex 46.2 61.6 2.4
      vertex 45 61.6 32.4
      vertex 46.2 61.6 32.4
    endloop
  endfacet
  facet normal 0 1 0
    outer loop
      vertex 45 61.6 32.4
      vertex 46.2 61.6 2.4
      vertex 45 61.6 2.4
    endloop
  endfacet
  facet normal -1 0 0
    outer loop
      vertex 49.2 13.6011 2.4
      vertex 49.2 61.6 32.4
      vertex 49.2 61.6 2.4
    endloop
  endfacet
  facet normal -1 0 0
    outer loop
      vertex 49.2 2.4 2.86197
      vertex 49.2 13.6011 2.4
      vertex 49.2 2.4 2.4
    endloop
  endfacet
  facet normal -1 0 0
    outer loop
      vertex 49.2 2.4 32.4
      vertex 49.2 13.6011 2.4
      vertex 49.2 2.4 2.86197
    endloop
  endfacet
  facet normal -1 0 0
    outer loop
      vertex 49.2 13.6011 2.4
      vertex 49.2 2.4 32.4
      vertex 49.2 61.6 32.4
    endloop
  endfacet
  facet normal -0 0 1
    outer loop
      vertex 49.2 61.6 32.4
      vertex 50.4 2.4 32.4
      vertex 50.4 61.6 32.4
    endloop
  endfacet
  facet normal 0 0 1
    outer loop
      vertex 50.4 2.4 32.4
      vertex 49.2 61.6 32.4
      vertex 49.2 2.4 32.4
    endloop
  endfacet
  facet normal 1 0 0
    outer loop
      vertex 50.4 61.6 32.4
      vertex 50.4 13.6011 2.4
      vertex 50.4 61.6 2.4
    endloop
  endfacet
  facet normal 1 -0 0
    outer loop
      vertex 50.4 2.4 32.4
      vertex 50.4 13.6011 2.4
      vertex 50.4 61.6 32.4
    endloop
  endfacet
  facet normal 1 -0 0
    outer loop
      vertex 50.4 2.4 2.86197
      vertex 50.4 13.6011 2.4
      vertex 50.4 2.4 32.4
    endloop
  endfacet
  facet normal 1 0 0
    outer loop
      vertex 50.4 13.6011 2.4
      vertex 50.4 2.4 2.86197
      vertex 50.4 2.4 2.4
    endloop
  endfacet
  facet normal 0 1 -0
    outer loop
      vertex 50.4 61.6 2.4
      vertex 49.2 61.6 32.4
      vertex 50.4 61.6 32.4
    endloop
  endfacet
  facet normal 0 1 0
    outer loop
      vertex 49.2 61.6 32.4
      vertex 50.4 61.6 2.4
      vertex 49.2 61.6 2.4
    endloop
  endfacet
  facet normal -1 0 0
    outer loop
      vertex 53.4 13.6011 2.4
      vertex 53.4 61.6 32.4
      vertex 53.4 61.6 2.4
    endloop
  endfacet
  facet normal -1 0 0
    outer loop
      vertex 53.4 2.4 2.86197
      vertex 53.4 13.6011 2.4
      vertex 53.4 2.4 2.4
    endloop
  endfacet
  facet normal -1 0 0
    outer loop
      vertex 53.4 2.4 32.4
      vertex 53.4 13.6011 2.4
      vertex 53.4 2.4 2.86197
    endloop
  endfacet
  facet normal -1 0 0
    outer loop
      vertex 53.4 13.6011 2.4
      vertex 53.4 2.4 32.4
      vertex 53.4 61.6 32.4
    endloop
  endfacet
  facet normal -0 0 1
    outer loop
      vertex 53.4 61.6 32.4
      vertex 54.6 2.4 32.4
      vertex 54.6 61.6 32.4
    endloop
  endfacet
  facet normal 0 0 1
    outer loop
      vertex 54.6 2.4 32.4
      vertex 53.4 61.6 32.4
      vertex 53.4 2.4 32.4
    endloop
  endfacet
  facet normal 1 0 0
    outer loop
      vertex 54.6 61.6 32.4
      vertex 54.6 13.6011 2.4
      vertex 54.6 61.6 2.4
    endloop
  endfacet
  facet normal 1 -0 0
    outer loop
      vertex 54.6 2.4 32.4
      vertex 54.6 13.6011 2.4
      vertex 54.6 61.6 32.4
    endloop
  endfacet
  facet normal 1 -0 0
    outer loop
      vertex 54.6 2.4 2.86197
      vertex 54.6 13.6011 2.4
      vertex 54.6 2.4 32.4
    endloop
  endfacet
  facet normal 1 0 0
    outer loop
      vertex 54.6 13.6011 2.4
      vertex 54.6 2.4 2.86197
      vertex 54.6 2.4 2.4
    endloop
  endfacet
  facet normal 0 1 -0
    outer loop
      vertex 54.6 61.6 2.4
      vertex 53.4 61.6 32.4
      vertex 54.6 61.6 32.4
    endloop
  endfacet
  facet normal 0 1 0
    outer loop
      vertex 53.4 61.6 32.4
      vertex 54.6 61.6 2.4
      vertex 53.4 61.6 2.4
    endloop
  endfacet
  facet normal -1 0 0
    outer loop
      vertex 57.6 13.6011 2.4
      vertex 57.6 61.6 32.4
      vertex 57.6 61.6 2.4
    endloop
  endfacet
  facet normal -1 0 0
    outer loop
      vertex 57.6 2.4 2.86197
      vertex 57.6 13.6011 2.4
      vertex 57.6 2.4 2.4
    endloop
  endfacet
  facet normal -1 0 0
    outer loop
      vertex 57.6 2.4 32.4
      vertex 57.6 13.6011 2.4
      vertex 57.6 2.4 2.86197
    endloop
  endfacet
  facet normal -1 0 0
    outer loop
      vertex 57.6 13.6011 2.4
      vertex 57.6 2.4 32.4
      vertex 57.6 61.6 32.4
    endloop
  endfacet
  facet normal -0 0 1
    outer loop
      vertex 57.6 61.6 32.4
      vertex 58.8 2.4 32.4
      vertex 58.8 61.6 32.4
    endloop
  endfacet
  facet normal 0 0 1
    outer loop
      vertex 58.8 2.4 32.4
      vertex 57.6 61.6 32.4
      vertex 57.6 2.4 32.4
    endloop
  endfacet
  facet normal 1 0 0
    outer loop
      vertex 58.8 61.6 32.4
      vertex 58.8 13.6011 2.4
      vertex 58.8 61.6 2.4
    endloop
  endfacet
  facet normal 1 -0 0
    outer loop
      vertex 58.8 2.4 32.4
      vertex 58.8 13.6011 2.4
      vertex 58.8 61.6 32.4
    endloop
  endfacet
  facet normal 1 -0 0
    outer loop
      vertex 58.8 2.4 2.86197
      vertex 58.8 13.6011 2.4
      vertex 58.8 2.4 32.4
    endloop
  endfacet
  facet normal 1 0 0
    outer loop
      vertex 58.8 13.6011 2.4
      vertex 58.8 2.4 2.86197
      vertex 58.8 2.4 2.4
    endloop
  endfacet
  facet normal 0 1 -0
    outer loop
      vertex 58.8 61.6 2.4
      vertex 57.6 61.6 32.4
      vertex 58.8 61.6 32.4
    endloop
  endfacet
  facet normal 0 1 0
    outer loop
      vertex 57.6 61.6 32.4
      vertex 58.8 61.6 2.4
      vertex 57.6 61.6 2.4
    endloop
  endfacet
  facet normal -1 0 0
    outer loop
      vertex 61.8 13.6011 2.4
      vertex 61.8 61.6 32.4
      vertex 61.8 61.6 2.4
    endloop
  endfacet
  facet normal -1 0 0
    outer loop
      vertex 61.8 2.4 2.86197
      vertex 61.8 13.6011 2.4
      vertex 61.8 2.4 2.4
    endloop
  endfacet
  facet normal -1 0 0
    outer loop
      vertex 61.8 2.4 32.4
      vertex 61.8 13.6011 2.4
      vertex 61.8 2.4 2.86197
    endloop
  endfacet
  facet normal -1 0 0
    outer loop
      vertex 61.8 13.6011 2.4
      vertex 61.8 2.4 32.4
      vertex 61.8 61.6 32.4
    endloop
  endfacet
  facet normal -0 0 1
    outer loop
      vertex 61.8 61.6 32.4
      vertex 63 2.4 32.4
      vertex 63 61.6 32.4
    endloop
  endfacet
  facet normal 0 0 1
    outer loop
      vertex 63 2.4 32.4
      vertex 61.8 61.6 32.4
      vertex 61.8 2.4 32.4
    endloop
  endfacet
  facet normal 1 0 0
    outer loop
      vertex 63 61.6 32.4
      vertex 63 13.6011 2.4
      vertex 63 61.6 2.4
    endloop
  endfacet
  facet normal 1 -0 0
    outer loop
      vertex 63 2.4 32.4
      vertex 63 13.6011 2.4
      vertex 63 61.6 32.4
    endloop
  endfacet
  facet normal 1 -0 0
    outer loop
      vertex 63 2.4 2.86197
      vertex 63 13.6011 2.4
      vertex 63 2.4 32.4
    endloop
  endfacet
  facet normal 1 0 0
    outer loop
      vertex 63 13.6011 2.4
      vertex 63 2.4 2.86197
      vertex 63 2.4 2.4
    endloop
  endfacet
  facet normal 0 1 -0
    outer loop
      vertex 63 61.6 2.4
      vertex 61.8 61.6 32.4
      vertex 63 61.6 32.4
    endloop
  endfacet
  facet normal 0 1 0
    outer loop
      vertex 61.8 61.6 32.4
      vertex 63 61.6 2.4
      vertex 61.8 61.6 2.4
    endloop
  endfacet
  facet normal -1 0 0
    outer loop
      vertex 66 13.6011 2.4
      vertex 66 61.6 32.4
      vertex 66 61.6 2.4
    endloop
  endfacet
  facet normal -1 0 0
    outer loop
      vertex 66 2.4 2.86197
      vertex 66 13.6011 2.4
      vertex 66 2.4 2.4
    endloop
  endfacet
  facet normal -1 0 0
    outer loop
      vertex 66 2.4 32.4
      vertex 66 13.6011 2.4
      vertex 66 2.4 2.86197
    endloop
  endfacet
  facet normal -1 0 0
    outer loop
      vertex 66 13.6011 2.4
      vertex 66 2.4 32.4
      vertex 66 61.6 32.4
    endloop
  endfacet
  facet normal -0 0 1
    outer loop
      vertex 66 61.6 32.4
      vertex 67.2 2.4 32.4
      vertex 67.2 61.6 32.4
    endloop
  endfacet
  facet normal 0 0 1
    outer loop
      vertex 67.2 2.4 32.4
      vertex 66 61.6 32.4
      vertex 66 2.4 32.4
    endloop
  endfacet
  facet normal 1 0 0
    outer loop
      vertex 67.2 61.6 32.4
      vertex 67.2 13.6011 2.4
      vertex 67.2 61.6 2.4
    endloop
  endfacet
  facet normal 1 -0 0
    outer loop
      vertex 67.2 2.4 32.4
      vertex 67.2 13.6011 2.4
      vertex 67.2 61.6 32.4
    endloop
  endfacet
  facet normal 1 -0 0
    outer loop
      vertex 67.2 2.4 2.86197
      vertex 67.2 13.6011 2.4
      vertex 67.2 2.4 32.4
    endloop
  endfacet
  facet normal 1 0 0
    outer loop
      vertex 67.2 13.6011 2.4
      vertex 67.2 2.4 2.86197
      vertex 67.2 2.4 2.4
    endloop
  endfacet
  facet normal 0 1 -0
    outer loop
      vertex 67.2 61.6 2.4
      vertex 66 61.6 32.4
      vertex 67.2 61.6 32.4
    endloop
  endfacet
  facet normal 0 1 0
    outer loop
      vertex 66 61.6 32.4
      vertex 67.2 61.6 2.4
      vertex 66 61.6 2.4
    endloop
  endfacet
  facet normal -1 0 0
    outer loop
      vertex 70.2 13.6011 2.4
      vertex 70.2 61.6 32.4
      vertex 70.2 61.6 2.4
    endloop
  endfacet
  facet normal -1 0 0
    outer loop
      vertex 70.2 2.4 2.86197
      vertex 70.2 13.6011 2.4
      vertex 70.2 2.4 2.4
    endloop
  endfacet
  facet normal -1 0 0
    outer loop
      vertex 70.2 2.4 32.4
      vertex 70.2 13.6011 2.4
      vertex 70.2 2.4 2.86197
    endloop
  endfacet
  facet normal -1 0 0
    outer loop
      vertex 70.2 13.6011 2.4
      vertex 70.2 2.4 32.4
      vertex 70.2 61.6 32.4
    endloop
  endfacet
  facet normal -0 0 1
    outer loop
      vertex 70.2 61.6 32.4
      vertex 71.4 2.4 32.4
      vertex 71.4 61.6 32.4
    endloop
  endfacet
  facet normal 0 0 1
    outer loop
      vertex 71.4 2.4 32.4
      vertex 70.2 61.6 32.4
      vertex 70.2 2.4 32.4
    endloop
  endfacet
  facet normal 1 0 0
    outer loop
      vertex 71.4 61.6 32.4
      vertex 71.4 13.6011 2.4
      vertex 71.4 61.6 2.4
    endloop
  endfacet
  facet normal 1 -0 0
    outer loop
      vertex 71.4 2.4 32.4
      vertex 71.4 13.6011 2.4
      vertex 71.4 61.6 32.4
    endloop
  endfacet
  facet normal 1 -0 0
    outer loop
      vertex 71.4 2.4 2.86197
      vertex 71.4 13.6011 2.4
      vertex 71.4 2.4 32.4
    endloop
  endfacet
  facet normal 1 0 0
    outer loop
      vertex 71.4 13.6011 2.4
      vertex 71.4 2.4 2.86197
      vertex 71.4 2.4 2.4
    endloop
  endfacet
  facet normal 0 1 -0
    outer loop
      vertex 71.4 61.6 2.4
      vertex 70.2 61.6 32.4
      vertex 71.4 61.6 32.4
    endloop
  endfacet
  facet normal 0 1 0
    outer loop
      vertex 70.2 61.6 32.4
      vertex 71.4 61.6 2.4
      vertex 70.2 61.6 2.4
    endloop
  endfacet
  facet normal 0.671959 0.740589 -0
    outer loop
      vertex 13.5355 13.5355 2.38844
      vertex 13.4632 13.6011 2.4
      vertex 13.5355 13.5355 2.4
    endloop
  endfacet
  facet normal -0.904003 0.427526 0
    outer loop
      vertex 5.3806 11.9134 2.4
      vertex 5.59039 12.357 2.18063
      vertex 5.3806 11.9134 2.10242
    endloop
  endfacet
  facet normal -0.904003 0.427526 0
    outer loop
      vertex 5.59039 12.357 2.18063
      vertex 5.3806 11.9134 2.4
      vertex 5.59039 12.357 2.4
    endloop
  endfacet
  facet normal -0.903988 -0.427558 -0
    outer loop
      vertex 5.59039 7.64302 2.4
      vertex 5.3806 8.08658 1.42765
      vertex 5.59039 7.64302 1.34943
    endloop
  endfacet
  facet normal -0.903988 -0.427558 0
    outer loop
      vertex 5.3806 8.08658 1.42765
      vertex 5.59039 7.64302 2.4
      vertex 5.3806 8.08658 2.4
    endloop
  endfacet
  facet normal 0.970034 0.242967 0
    outer loop
      vertex 14.9039 10.9755 2.4
      vertex 14.7847 11.4514 2.02096
      vertex 14.7847 11.4514 2.4
    endloop
  endfacet
  facet normal 0.970034 0.242967 0
    outer loop
      vertex 14.7847 11.4514 2.02096
      vertex 14.9039 10.9755 2.4
      vertex 14.9039 10.9755 1.93703
    endloop
  endfacet
  facet normal 0.941548 0.336879 0
    outer loop
      vertex 14.7847 11.4514 2.4
      vertex 14.6194 11.9134 2.10242
      vertex 14.6194 11.9134 2.4
    endloop
  endfacet
  facet normal 0.941548 0.336879 0
    outer loop
      vertex 14.6194 11.9134 2.10242
      vertex 14.7847 11.4514 2.4
      vertex 14.7847 11.4514 2.02096
    endloop
  endfacet
  facet normal 0.857709 0.514136 0
    outer loop
      vertex 14.4096 12.357 2.4
      vertex 14.1573 12.7779 2.25484
      vertex 14.1573 12.7779 2.4
    endloop
  endfacet
  facet normal 0.857709 0.514136 0
    outer loop
      vertex 14.1573 12.7779 2.25484
      vertex 14.4096 12.357 2.4
      vertex 14.4096 12.357 2.18063
    endloop
  endfacet
  facet normal 0.80329 0.595588 0
    outer loop
      vertex 14.1573 12.7779 2.4
      vertex 13.8651 13.172 2.32434
      vertex 13.8651 13.172 2.4
    endloop
  endfacet
  facet normal 0.80329 0.595588 0
    outer loop
      vertex 13.8651 13.172 2.32434
      vertex 14.1573 12.7779 2.4
      vertex 14.1573 12.7779 2.25484
    endloop
  endfacet
  facet normal 0.243025 -0.97002 0
    outer loop
      vertex 10.9755 5.09607 2.4
      vertex 11.4514 5.2153 0.921361
      vertex 11.4514 5.2153 2.4
    endloop
  endfacet
  facet normal 0.243025 -0.97002 0
    outer loop
      vertex 11.4514 5.2153 0.921361
      vertex 10.9755 5.09607 2.4
      vertex 10.9755 5.09607 0.900339
    endloop
  endfacet
  facet normal 0.671629 -0.740887 0
    outer loop
      vertex 13.172 6.13495 2.4
      vertex 13.5355 6.46447 1.14162
      vertex 13.5355 6.46447 2.4
    endloop
  endfacet
  facet normal 0.671629 -0.740887 0
    outer loop
      vertex 13.5355 6.46447 1.14162
      vertex 13.172 6.13495 2.4
      vertex 13.172 6.13495 1.08352
    endloop
  endfacet
  facet normal -0.0490746 -0.998795 0
    outer loop
      vertex 9.50991 5.02408 0.887643
      vertex 10 5 2.4
      vertex 9.50991 5.02408 2.4
    endloop
  endfacet
  facet normal -0.0490746 -0.998795 -0
    outer loop
      vertex 10 5 2.4
      vertex 9.50991 5.02408 0.887643
      vertex 10 5 0.883398
    endloop
  endfacet
  facet normal -0.514103 -0.857728 0
    outer loop
      vertex 7.22215 5.84265 1.03198
      vertex 7.64302 5.59039 2.4
      vertex 7.22215 5.84265 2.4
    endloop
  endfacet
  facet normal -0.514103 -0.857728 -0
    outer loop
      vertex 7.64302 5.59039 2.4
      vertex 7.22215 5.84265 1.03198
      vertex 7.64302 5.59039 0.9875
    endloop
  endfacet
  facet normal -0.5957 -0.803207 0
    outer loop
      vertex 6.82803 6.13495 1.08352
      vertex 7.22215 5.84265 2.4
      vertex 6.82803 6.13495 2.4
    endloop
  endfacet
  facet normal -0.5957 -0.803207 -0
    outer loop
      vertex 7.22215 5.84265 2.4
      vertex 6.82803 6.13495 1.08352
      vertex 7.22215 5.84265 1.03198
    endloop
  endfacet
  facet normal 0.989177 0.146726 0
    outer loop
      vertex 14.9759 10.4901 2.4
      vertex 14.9039 10.9755 1.93703
      vertex 14.9039 10.9755 2.4
    endloop
  endfacet
  facet normal 0.989177 0.146726 0
    outer loop
      vertex 14.9039 10.9755 1.93703
      vertex 14.9759 10.4901 2.4
      vertex 14.9759 10.4901 1.85145
    endloop
  endfacet
  facet normal 0.903995 0.427543 0
    outer loop
      vertex 14.6194 11.9134 2.4
      vertex 14.4096 12.357 2.18063
      vertex 14.4096 12.357 2.4
    endloop
  endfacet
  facet normal 0.903995 0.427543 0
    outer loop
      vertex 14.4096 12.357 2.18063
      vertex 14.6194 11.9134 2.4
      vertex 14.6194 11.9134 2.10242
    endloop
  endfacet
  facet normal 0.740806 0.671719 0
    outer loop
      vertex 13.8651 13.172 2.4
      vertex 13.5355 13.5355 2.38844
      vertex 13.5355 13.5355 2.4
    endloop
  endfacet
  facet normal 0.740806 0.671719 0
    outer loop
      vertex 13.5355 13.5355 2.38844
      vertex 13.8651 13.172 2.4
      vertex 13.8651 13.172 2.32434
    endloop
  endfacet
  facet normal -0.998795 0.0490736 0
    outer loop
      vertex 5 10 2.4
      vertex 5.02408 10.4901 1.85145
      vertex 5 10 1.76503
    endloop
  endfacet
  facet normal -0.998795 0.0490736 0
    outer loop
      vertex 5.02408 10.4901 1.85145
      vertex 5 10 2.4
      vertex 5.02408 10.4901 2.4
    endloop
  endfacet
  facet normal -0.941548 0.336879 0
    outer loop
      vertex 5.2153 11.4514 2.4
      vertex 5.3806 11.9134 2.10242
      vertex 5.2153 11.4514 2.02096
    endloop
  endfacet
  facet normal -0.941548 0.336879 0
    outer loop
      vertex 5.3806 11.9134 2.10242
      vertex 5.2153 11.4514 2.4
      vertex 5.3806 11.9134 2.4
    endloop
  endfacet
  facet normal -0.97002 0.243025 0
    outer loop
      vertex 5.09607 10.9755 2.4
      vertex 5.2153 11.4514 2.02096
      vertex 5.09607 10.9755 1.93703
    endloop
  endfacet
  facet normal -0.97002 0.243025 0
    outer loop
      vertex 5.2153 11.4514 2.02096
      vertex 5.09607 10.9755 2.4
      vertex 5.2153 11.4514 2.4
    endloop
  endfacet
  facet normal -0.98918 0.146706 0
    outer loop
      vertex 5.02408 10.4901 2.4
      vertex 5.09607 10.9755 1.93703
      vertex 5.02408 10.4901 1.85145
    endloop
  endfacet
  facet normal -0.98918 0.146706 0
    outer loop
      vertex 5.09607 10.9755 1.93703
      vertex 5.02408 10.4901 2.4
      vertex 5.09607 10.9755 2.4
    endloop
  endfacet
  facet normal -0.740887 0.671629 0
    outer loop
      vertex 6.13495 13.172 2.4
      vertex 6.46447 13.5355 2.38844
      vertex 6.13495 13.172 2.32434
    endloop
  endfacet
  facet normal -0.740887 0.671629 0
    outer loop
      vertex 6.46447 13.5355 2.38844
      vertex 6.13495 13.172 2.4
      vertex 6.46447 13.5355 2.4
    endloop
  endfacet
  facet normal -0.857745 0.514076 0
    outer loop
      vertex 5.59039 12.357 2.4
      vertex 5.84265 12.7779 2.25484
      vertex 5.59039 12.357 2.18063
    endloop
  endfacet
  facet normal -0.857745 0.514076 0
    outer loop
      vertex 5.84265 12.7779 2.25484
      vertex 5.59039 12.357 2.4
      vertex 5.84265 12.7779 2.4
    endloop
  endfacet
  facet normal -0.803192 0.59572 0
    outer loop
      vertex 5.84265 12.7779 2.4
      vertex 6.13495 13.172 2.32434
      vertex 5.84265 12.7779 2.25484
    endloop
  endfacet
  facet normal -0.803192 0.59572 0
    outer loop
      vertex 6.13495 13.172 2.32434
      vertex 5.84265 12.7779 2.4
      vertex 6.13495 13.172 2.4
    endloop
  endfacet
  facet normal -0.671908 0.740635 0
    outer loop
      vertex 6.53678 13.6011 2.4
      vertex 6.46447 13.5355 2.38844
      vertex 6.46447 13.5355 2.4
    endloop
  endfacet
  facet normal 0.998793 0.0491143 0
    outer loop
      vertex 15 10 2.4
      vertex 14.9759 10.4901 1.85145
      vertex 14.9759 10.4901 2.4
    endloop
  endfacet
  facet normal 0.998793 0.0491143 0
    outer loop
      vertex 14.9759 10.4901 1.85145
      vertex 15 10 2.4
      vertex 15 10 1.76503
    endloop
  endfacet
  facet normal 0.0490736 -0.998795 0
    outer loop
      vertex 10 5 2.4
      vertex 10.4901 5.02408 0.887643
      vertex 10.4901 5.02408 2.4
    endloop
  endfacet
  facet normal 0.0490736 -0.998795 0
    outer loop
      vertex 10.4901 5.02408 0.887643
      vertex 10 5 2.4
      vertex 10 5 0.883398
    endloop
  endfacet
  facet normal 0.146706 -0.98918 0
    outer loop
      vertex 10.4901 5.02408 2.4
      vertex 10.9755 5.09607 0.900339
      vertex 10.9755 5.09607 2.4
    endloop
  endfacet
  facet normal 0.146706 -0.98918 0
    outer loop
      vertex 10.9755 5.09607 0.900339
      vertex 10.4901 5.02408 2.4
      vertex 10.4901 5.02408 0.887643
    endloop
  endfacet
  facet normal 0.427526 -0.904003 0
    outer loop
      vertex 11.9134 5.3806 2.4
      vertex 12.357 5.59039 0.9875
      vertex 12.357 5.59039 2.4
    endloop
  endfacet
  facet normal 0.427526 -0.904003 0
    outer loop
      vertex 12.357 5.59039 0.9875
      vertex 11.9134 5.3806 2.4
      vertex 11.9134 5.3806 0.950509
    endloop
  endfacet
  facet normal 0.59572 -0.803192 0
    outer loop
      vertex 12.7779 5.84265 2.4
      vertex 13.172 6.13495 1.08352
      vertex 13.172 6.13495 2.4
    endloop
  endfacet
  facet normal 0.59572 -0.803192 0
    outer loop
      vertex 13.172 6.13495 1.08352
      vertex 12.7779 5.84265 2.4
      vertex 12.7779 5.84265 1.03198
    endloop
  endfacet
  facet normal -0.242991 -0.970029 0
    outer loop
      vertex 8.54858 5.2153 0.921361
      vertex 9.02455 5.09607 2.4
      vertex 8.54858 5.2153 2.4
    endloop
  endfacet
  facet normal -0.242991 -0.970029 -0
    outer loop
      vertex 9.02455 5.09607 2.4
      vertex 8.54858 5.2153 0.921361
      vertex 9.02455 5.09607 0.900339
    endloop
  endfacet
  facet normal -0.336879 -0.941548 0
    outer loop
      vertex 8.08658 5.3806 0.950509
      vertex 8.54858 5.2153 2.4
      vertex 8.08658 5.3806 2.4
    endloop
  endfacet
  facet normal -0.336879 -0.941548 -0
    outer loop
      vertex 8.54858 5.2153 2.4
      vertex 8.08658 5.3806 0.950509
      vertex 8.54858 5.2153 0.921361
    endloop
  endfacet
  facet normal -0.146718 -0.989178 0
    outer loop
      vertex 9.02455 5.09607 0.900339
      vertex 9.50991 5.02408 2.4
      vertex 9.02455 5.09607 2.4
    endloop
  endfacet
  facet normal -0.146718 -0.989178 -0
    outer loop
      vertex 9.50991 5.02408 2.4
      vertex 9.02455 5.09607 0.900339
      vertex 9.50991 5.02408 0.887643
    endloop
  endfacet
  facet normal -0.427558 -0.903988 0
    outer loop
      vertex 7.64302 5.59039 0.9875
      vertex 8.08658 5.3806 2.4
      vertex 7.64302 5.59039 2.4
    endloop
  endfacet
  facet normal -0.427558 -0.903988 -0
    outer loop
      vertex 8.08658 5.3806 2.4
      vertex 7.64302 5.59039 0.9875
      vertex 8.08658 5.3806 0.950509
    endloop
  endfacet
  facet normal -0.671568 -0.740943 0
    outer loop
      vertex 6.46447 6.46447 1.14162
      vertex 6.82803 6.13495 2.4
      vertex 6.46447 6.46447 2.4
    endloop
  endfacet
  facet normal -0.671568 -0.740943 -0
    outer loop
      vertex 6.82803 6.13495 2.4
      vertex 6.46447 6.46447 1.14162
      vertex 6.82803 6.13495 1.08352
    endloop
  endfacet
  facet normal -0.970029 -0.242991 -0
    outer loop
      vertex 5.2153 8.54858 2.4
      vertex 5.09607 9.02455 1.59303
      vertex 5.2153 8.54858 1.50911
    endloop
  endfacet
  facet normal -0.970029 -0.242991 0
    outer loop
      vertex 5.09607 9.02455 1.59303
      vertex 5.2153 8.54858 2.4
      vertex 5.09607 9.02455 2.4
    endloop
  endfacet
  facet normal -0.998795 -0.0490746 -0
    outer loop
      vertex 5.02408 9.50991 2.4
      vertex 5 10 1.76503
      vertex 5.02408 9.50991 1.67862
    endloop
  endfacet
  facet normal -0.998795 -0.0490746 0
    outer loop
      vertex 5 10 1.76503
      vertex 5.02408 9.50991 2.4
      vertex 5 10 2.4
    endloop
  endfacet
  facet normal -0.803207 -0.5957 -0
    outer loop
      vertex 6.13495 6.82803 2.4
      vertex 5.84265 7.22215 1.27522
      vertex 6.13495 6.82803 1.20573
    endloop
  endfacet
  facet normal -0.803207 -0.5957 0
    outer loop
      vertex 5.84265 7.22215 1.27522
      vertex 6.13495 6.82803 2.4
      vertex 5.84265 7.22215 2.4
    endloop
  endfacet
  facet normal -0.740943 -0.671568 -0
    outer loop
      vertex 6.46447 6.46447 2.4
      vertex 6.13495 6.82803 1.20573
      vertex 6.46447 6.46447 1.14162
    endloop
  endfacet
  facet normal -0.740943 -0.671568 0
    outer loop
      vertex 6.13495 6.82803 1.20573
      vertex 6.46447 6.46447 2.4
      vertex 6.13495 6.82803 2.4
    endloop
  endfacet
  facet normal 0.989175 -0.146738 0
    outer loop
      vertex 14.9039 9.02455 2.4
      vertex 14.9759 9.50991 1.67862
      vertex 14.9759 9.50991 2.4
    endloop
  endfacet
  facet normal 0.989175 -0.146738 0
    outer loop
      vertex 14.9759 9.50991 1.67862
      vertex 14.9039 9.02455 2.4
      vertex 14.9039 9.02455 1.59303
    endloop
  endfacet
  facet normal 0.998793 -0.0491153 0
    outer loop
      vertex 14.9759 9.50991 2.4
      vertex 15 10 1.76503
      vertex 15 10 2.4
    endloop
  endfacet
  facet normal 0.998793 -0.0491153 0
    outer loop
      vertex 15 10 1.76503
      vertex 14.9759 9.50991 2.4
      vertex 14.9759 9.50991 1.67862
    endloop
  endfacet
  facet normal 0.970043 -0.242934 0
    outer loop
      vertex 14.7847 8.54858 2.4
      vertex 14.9039 9.02455 1.59303
      vertex 14.9039 9.02455 2.4
    endloop
  endfacet
  facet normal 0.970043 -0.242934 0
    outer loop
      vertex 14.9039 9.02455 1.59303
      vertex 14.7847 8.54858 2.4
      vertex 14.7847 8.54858 1.50911
    endloop
  endfacet
  facet normal 0.740861 -0.671658 0
    outer loop
      vertex 13.5355 6.46447 2.4
      vertex 13.8651 6.82803 1.20573
      vertex 13.8651 6.82803 2.4
    endloop
  endfacet
  facet normal 0.740861 -0.671658 0
    outer loop
      vertex 13.8651 6.82803 1.20573
      vertex 13.5355 6.46447 2.4
      vertex 13.5355 6.46447 1.14162
    endloop
  endfacet
  facet normal 0.336879 -0.941548 0
    outer loop
      vertex 11.4514 5.2153 2.4
      vertex 11.9134 5.3806 0.950509
      vertex 11.9134 5.3806 2.4
    endloop
  endfacet
  facet normal 0.336879 -0.941548 0
    outer loop
      vertex 11.9134 5.3806 0.950509
      vertex 11.4514 5.2153 2.4
      vertex 11.4514 5.2153 0.921361
    endloop
  endfacet
  facet normal 0.514076 -0.857745 0
    outer loop
      vertex 12.357 5.59039 2.4
      vertex 12.7779 5.84265 1.03198
      vertex 12.7779 5.84265 2.4
    endloop
  endfacet
  facet normal 0.514076 -0.857745 0
    outer loop
      vertex 12.7779 5.84265 1.03198
      vertex 12.357 5.59039 2.4
      vertex 12.357 5.59039 0.9875
    endloop
  endfacet
  facet normal -0.989178 -0.146718 -0
    outer loop
      vertex 5.09607 9.02455 2.4
      vertex 5.02408 9.50991 1.67862
      vertex 5.09607 9.02455 1.59303
    endloop
  endfacet
  facet normal -0.989178 -0.146718 0
    outer loop
      vertex 5.02408 9.50991 1.67862
      vertex 5.09607 9.02455 2.4
      vertex 5.02408 9.50991 2.4
    endloop
  endfacet
  facet normal -0.941548 -0.336879 -0
    outer loop
      vertex 5.3806 8.08658 2.4
      vertex 5.2153 8.54858 1.50911
      vertex 5.3806 8.08658 1.42765
    endloop
  endfacet
  facet normal -0.941548 -0.336879 0
    outer loop
      vertex 5.2153 8.54858 1.50911
      vertex 5.3806 8.08658 2.4
      vertex 5.2153 8.54858 2.4
    endloop
  endfacet
  facet normal -0.857728 -0.514103 -0
    outer loop
      vertex 5.84265 7.22215 2.4
      vertex 5.59039 7.64302 1.34943
      vertex 5.84265 7.22215 1.27522
    endloop
  endfacet
  facet normal -0.857728 -0.514103 0
    outer loop
      vertex 5.59039 7.64302 1.34943
      vertex 5.84265 7.22215 2.4
      vertex 5.59039 7.64302 2.4
    endloop
  endfacet
  facet normal 0.857692 -0.514163 0
    outer loop
      vertex 14.1573 7.22215 2.4
      vertex 14.4096 7.64302 1.34943
      vertex 14.4096 7.64302 2.4
    endloop
  endfacet
  facet normal 0.857692 -0.514163 0
    outer loop
      vertex 14.4096 7.64302 1.34943
      vertex 14.1573 7.22215 2.4
      vertex 14.1573 7.22215 1.27522
    endloop
  endfacet
  facet normal 0.941548 -0.336879 0
    outer loop
      vertex 14.6194 8.08658 2.4
      vertex 14.7847 8.54858 1.50911
      vertex 14.7847 8.54858 2.4
    endloop
  endfacet
  facet normal 0.941548 -0.336879 0
    outer loop
      vertex 14.7847 8.54858 1.50911
      vertex 14.6194 8.08658 2.4
      vertex 14.6194 8.08658 1.42765
    endloop
  endfacet
  facet normal 0.90398 -0.427575 0
    outer loop
      vertex 14.4096 7.64302 2.4
      vertex 14.6194 8.08658 1.42765
      vertex 14.6194 8.08658 2.4
    endloop
  endfacet
  facet normal 0.90398 -0.427575 0
    outer loop
      vertex 14.6194 8.08658 1.42765
      vertex 14.4096 7.64302 2.4
      vertex 14.4096 7.64302 1.34943
    endloop
  endfacet
  facet normal 0.803304 -0.595569 0
    outer loop
      vertex 13.8651 6.82803 2.4
      vertex 14.1573 7.22215 1.27522
      vertex 14.1573 7.22215 2.4
    endloop
  endfacet
  facet normal 0.803304 -0.595569 0
    outer loop
      vertex 14.1573 7.22215 1.27522
      vertex 13.8651 6.82803 2.4
      vertex 13.8651 6.82803 1.20573
    endloop
  endfacet
  facet normal -0.595772 -0.803154 0
    outer loop
      vertex 10.9445 11.4135 2.01427
      vertex 11.0785 11.3141 2.4
      vertex 10.9445 11.4135 2.4
    endloop
  endfacet
  facet normal -0.595772 -0.803154 -0
    outer loop
      vertex 11.0785 11.3141 2.4
      vertex 10.9445 11.4135 2.01427
      vertex 11.0785 11.3141 1.99675
    endloop
  endfacet
  facet normal 0.336868 -0.941552 0
    outer loop
      vertex 9.34944 11.5706 2.4
      vertex 9.50652 11.6268 2.05188
      vertex 9.50652 11.6268 2.4
    endloop
  endfacet
  facet normal 0.336868 -0.941552 0
    outer loop
      vertex 9.50652 11.6268 2.05188
      vertex 9.34944 11.5706 2.4
      vertex 9.34944 11.5706 2.04197
    endloop
  endfacet
  facet normal 0.903996 -0.42754 0
    outer loop
      vertex 8.42941 10.6506 2.4
      vertex 8.50073 10.8014 1.90634
      vertex 8.50073 10.8014 2.4
    endloop
  endfacet
  facet normal 0.903996 -0.42754 0
    outer loop
      vertex 8.50073 10.8014 1.90634
      vertex 8.42941 10.6506 2.4
      vertex 8.42941 10.6506 1.87974
    endloop
  endfacet
  facet normal -0.998791 0.0491513 0
    outer loop
      vertex 11.6918 9.83337 2.4
      vertex 11.7 10 1.76503
      vertex 11.6918 9.83337 1.73565
    endloop
  endfacet
  facet normal -0.998791 0.0491513 0
    outer loop
      vertex 11.7 10 1.76503
      vertex 11.6918 9.83337 2.4
      vertex 11.7 10 2.4
    endloop
  endfacet
  facet normal 0.427517 0.904007 0
    outer loop
      vertex 9.34944 8.42941 2.4
      vertex 9.19863 8.50073 1.50067
      vertex 9.19863 8.50073 2.4
    endloop
  endfacet
  facet normal 0.427517 0.904007 0
    outer loop
      vertex 9.19863 8.50073 1.50067
      vertex 9.34944 8.42941 2.4
      vertex 9.34944 8.42941 1.48809
    endloop
  endfacet
  facet normal -0.904043 -0.427442 -0
    outer loop
      vertex 11.5706 10.6506 2.4
      vertex 11.4993 10.8014 1.90634
      vertex 11.5706 10.6506 1.87974
    endloop
  endfacet
  facet normal -0.904043 -0.427442 0
    outer loop
      vertex 11.4993 10.8014 1.90634
      vertex 11.5706 10.6506 2.4
      vertex 11.4993 10.8014 2.4
    endloop
  endfacet
  facet normal -0.857652 -0.514231 -0
    outer loop
      vertex 11.4993 10.8014 2.4
      vertex 11.4135 10.9445 1.93157
      vertex 11.4993 10.8014 1.90634
    endloop
  endfacet
  facet normal -0.857652 -0.514231 0
    outer loop
      vertex 11.4135 10.9445 1.93157
      vertex 11.4993 10.8014 2.4
      vertex 11.4135 10.9445 2.4
    endloop
  endfacet
  facet normal -0.427442 -0.904043 0
    outer loop
      vertex 10.6506 11.5706 2.04197
      vertex 10.8014 11.4993 2.4
      vertex 10.6506 11.5706 2.4
    endloop
  endfacet
  facet normal -0.427442 -0.904043 -0
    outer loop
      vertex 10.8014 11.4993 2.4
      vertex 10.6506 11.5706 2.04197
      vertex 10.8014 11.4993 2.02939
    endloop
  endfacet
  facet normal -0.146788 -0.989168 0
    outer loop
      vertex 10.1666 11.6918 2.06335
      vertex 10.3317 11.6673 2.4
      vertex 10.1666 11.6918 2.4
    endloop
  endfacet
  facet normal -0.146788 -0.989168 -0
    outer loop
      vertex 10.3317 11.6673 2.4
      vertex 10.1666 11.6918 2.06335
      vertex 10.3317 11.6673 2.05903
    endloop
  endfacet
  facet normal 0.989185 -0.14667 0
    outer loop
      vertex 8.30819 10.1666 2.4
      vertex 8.33267 10.3317 1.82351
      vertex 8.33267 10.3317 2.4
    endloop
  endfacet
  facet normal 0.989185 -0.14667 0
    outer loop
      vertex 8.33267 10.3317 1.82351
      vertex 8.30819 10.1666 2.4
      vertex 8.30819 10.1666 1.79441
    endloop
  endfacet
  facet normal 0.740905 -0.67161 0
    outer loop
      vertex 8.68588 11.0785 2.4
      vertex 8.79792 11.2021 1.97699
      vertex 8.79792 11.2021 2.4
    endloop
  endfacet
  facet normal 0.740905 -0.67161 0
    outer loop
      vertex 8.79792 11.2021 1.97699
      vertex 8.68588 11.0785 2.4
      vertex 8.68588 11.0785 1.9552
    endloop
  endfacet
  facet normal 0.146857 -0.989158 0
    outer loop
      vertex 9.66835 11.6673 2.4
      vertex 9.83337 11.6918 2.06335
      vertex 9.83337 11.6918 2.4
    endloop
  endfacet
  facet normal 0.146857 -0.989158 0
    outer loop
      vertex 9.83337 11.6918 2.06335
      vertex 9.66835 11.6673 2.4
      vertex 9.66835 11.6673 2.05903
    endloop
  endfacet
  facet normal 0.14674 0.989175 0
    outer loop
      vertex 9.83337 8.30819 2.4
      vertex 9.66835 8.33267 1.47104
      vertex 9.66835 8.33267 2.4
    endloop
  endfacet
  facet normal 0.14674 0.989175 0
    outer loop
      vertex 9.66835 8.33267 1.47104
      vertex 9.83337 8.30819 2.4
      vertex 9.83337 8.30819 1.46672
    endloop
  endfacet
  facet normal 0.67158 0.740932 0
    outer loop
      vertex 8.92153 8.68588 2.4
      vertex 8.79792 8.79792 1.55307
      vertex 8.79792 8.79792 2.4
    endloop
  endfacet
  facet normal 0.67158 0.740932 0
    outer loop
      vertex 8.79792 8.79792 1.55307
      vertex 8.92153 8.68588 2.4
      vertex 8.92153 8.68588 1.53332
    endloop
  endfacet
  facet normal 0.740932 0.67158 0
    outer loop
      vertex 8.79792 8.79792 2.4
      vertex 8.68588 8.92153 1.57487
      vertex 8.68588 8.92153 2.4
    endloop
  endfacet
  facet normal 0.740932 0.67158 0
    outer loop
      vertex 8.68588 8.92153 1.57487
      vertex 8.79792 8.79792 2.4
      vertex 8.79792 8.79792 1.55307
    endloop
  endfacet
  facet normal -0.989168 -0.146788 -0
    outer loop
      vertex 11.6918 10.1666 2.4
      vertex 11.6673 10.3317 1.82351
      vertex 11.6918 10.1666 1.79441
    endloop
  endfacet
  facet normal -0.989168 -0.146788 0
    outer loop
      vertex 11.6673 10.3317 1.82351
      vertex 11.6918 10.1666 2.4
      vertex 11.6673 10.3317 2.4
    endloop
  endfacet
  facet normal -0.970072 -0.242818 -0
    outer loop
      vertex 11.6673 10.3317 2.4
      vertex 11.6268 10.4935 1.85205
      vertex 11.6673 10.3317 1.82351
    endloop
  endfacet
  facet normal -0.970072 -0.242818 0
    outer loop
      vertex 11.6268 10.4935 1.85205
      vertex 11.6673 10.3317 2.4
      vertex 11.6268 10.4935 2.4
    endloop
  endfacet
  facet normal -0.941566 -0.33683 -0
    outer loop
      vertex 11.6268 10.4935 2.4
      vertex 11.5706 10.6506 1.87974
      vertex 11.6268 10.4935 1.85205
    endloop
  endfacet
  facet normal -0.941566 -0.33683 0
    outer loop
      vertex 11.5706 10.6506 1.87974
      vertex 11.6268 10.4935 2.4
      vertex 11.5706 10.6506 2.4
    endloop
  endfacet
  facet normal -0.741024 -0.671478 -0
    outer loop
      vertex 11.3141 11.0785 2.4
      vertex 11.2021 11.2021 1.97699
      vertex 11.3141 11.0785 1.9552
    endloop
  endfacet
  facet normal -0.741024 -0.671478 0
    outer loop
      vertex 11.2021 11.2021 1.97699
      vertex 11.3141 11.0785 2.4
      vertex 11.2021 11.2021 2.4
    endloop
  endfacet
  facet normal -0.803154 -0.595772 -0
    outer loop
      vertex 11.4135 10.9445 2.4
      vertex 11.3141 11.0785 1.9552
      vertex 11.4135 10.9445 1.93157
    endloop
  endfacet
  facet normal -0.803154 -0.595772 0
    outer loop
      vertex 11.3141 11.0785 1.9552
      vertex 11.4135 10.9445 2.4
      vertex 11.3141 11.0785 2.4
    endloop
  endfacet
  facet normal -0.671478 -0.741024 0
    outer loop
      vertex 11.0785 11.3141 1.99675
      vertex 11.2021 11.2021 2.4
      vertex 11.0785 11.3141 2.4
    endloop
  endfacet
  facet normal -0.671478 -0.741024 -0
    outer loop
      vertex 11.2021 11.2021 2.4
      vertex 11.0785 11.3141 1.99675
      vertex 11.2021 11.2021 1.97699
    endloop
  endfacet
  facet normal -0.514231 -0.857652 0
    outer loop
      vertex 10.8014 11.4993 2.02939
      vertex 10.9445 11.4135 2.4
      vertex 10.8014 11.4993 2.4
    endloop
  endfacet
  facet normal -0.514231 -0.857652 -0
    outer loop
      vertex 10.9445 11.4135 2.4
      vertex 10.8014 11.4993 2.02939
      vertex 10.9445 11.4135 2.01427
    endloop
  endfacet
  facet normal -0.0491602 -0.998791 0
    outer loop
      vertex 10 11.7 2.06479
      vertex 10.1666 11.6918 2.4
      vertex 10 11.7 2.4
    endloop
  endfacet
  facet normal -0.0491602 -0.998791 -0
    outer loop
      vertex 10.1666 11.6918 2.4
      vertex 10 11.7 2.06479
      vertex 10.1666 11.6918 2.06335
    endloop
  endfacet
  facet normal -0.33683 -0.941566 0
    outer loop
      vertex 10.4935 11.6268 2.05188
      vertex 10.6506 11.5706 2.4
      vertex 10.4935 11.6268 2.4
    endloop
  endfacet
  facet normal -0.33683 -0.941566 -0
    outer loop
      vertex 10.6506 11.5706 2.4
      vertex 10.4935 11.6268 2.05188
      vertex 10.6506 11.5706 2.04197
    endloop
  endfacet
  facet normal -0.242818 -0.970072 0
    outer loop
      vertex 10.3317 11.6673 2.05903
      vertex 10.4935 11.6268 2.4
      vertex 10.3317 11.6673 2.4
    endloop
  endfacet
  facet normal -0.242818 -0.970072 -0
    outer loop
      vertex 10.4935 11.6268 2.4
      vertex 10.3317 11.6673 2.05903
      vertex 10.4935 11.6268 2.05188
    endloop
  endfacet
  facet normal 0.998794 -0.0491004 0
    outer loop
      vertex 8.3 10 2.4
      vertex 8.30819 10.1666 1.79441
      vertex 8.30819 10.1666 2.4
    endloop
  endfacet
  facet normal 0.998794 -0.0491004 0
    outer loop
      vertex 8.30819 10.1666 1.79441
      vertex 8.3 10 2.4
      vertex 8.3 10 1.76503
    endloop
  endfacet
  facet normal 0.941546 -0.336883 0
    outer loop
      vertex 8.3732 10.4935 2.4
      vertex 8.42941 10.6506 1.87974
      vertex 8.42941 10.6506 2.4
    endloop
  endfacet
  facet normal 0.941546 -0.336883 0
    outer loop
      vertex 8.42941 10.6506 1.87974
      vertex 8.3732 10.4935 2.4
      vertex 8.3732 10.4935 1.85205
    endloop
  endfacet
  facet normal 0.97003 -0.242987 0
    outer loop
      vertex 8.33267 10.3317 2.4
      vertex 8.3732 10.4935 1.85205
      vertex 8.3732 10.4935 2.4
    endloop
  endfacet
  facet normal 0.97003 -0.242987 0
    outer loop
      vertex 8.3732 10.4935 1.85205
      vertex 8.33267 10.3317 2.4
      vertex 8.33267 10.3317 1.82351
    endloop
  endfacet
  facet normal 0.857731 -0.514099 0
    outer loop
      vertex 8.50073 10.8014 2.4
      vertex 8.5865 10.9445 1.93157
      vertex 8.5865 10.9445 2.4
    endloop
  endfacet
  facet normal 0.857731 -0.514099 0
    outer loop
      vertex 8.5865 10.9445 1.93157
      vertex 8.50073 10.8014 2.4
      vertex 8.50073 10.8014 1.90634
    endloop
  endfacet
  facet normal 0.803211 -0.595695 0
    outer loop
      vertex 8.5865 10.9445 2.4
      vertex 8.68588 11.0785 1.9552
      vertex 8.68588 11.0785 2.4
    endloop
  endfacet
  facet normal 0.803211 -0.595695 0
    outer loop
      vertex 8.68588 11.0785 1.9552
      vertex 8.5865 10.9445 2.4
      vertex 8.5865 10.9445 1.93157
    endloop
  endfacet
  facet normal 0.242775 -0.970083 0
    outer loop
      vertex 9.50652 11.6268 2.4
      vertex 9.66835 11.6673 2.05903
      vertex 9.66835 11.6673 2.4
    endloop
  endfacet
  facet normal 0.242775 -0.970083 0
    outer loop
      vertex 9.66835 11.6673 2.05903
      vertex 9.50652 11.6268 2.4
      vertex 9.50652 11.6268 2.05188
    endloop
  endfacet
  facet normal 0.0491513 -0.998791 0
    outer loop
      vertex 9.83337 11.6918 2.4
      vertex 10 11.7 2.06479
      vertex 10 11.7 2.4
    endloop
  endfacet
  facet normal 0.0491513 -0.998791 0
    outer loop
      vertex 10 11.7 2.06479
      vertex 9.83337 11.6918 2.4
      vertex 9.83337 11.6918 2.06335
    endloop
  endfacet
  facet normal 0.514231 -0.857652 0
    outer loop
      vertex 9.05553 11.4135 2.4
      vertex 9.19863 11.4993 2.02939
      vertex 9.19863 11.4993 2.4
    endloop
  endfacet
  facet normal 0.514231 -0.857652 0
    outer loop
      vertex 9.19863 11.4993 2.02939
      vertex 9.05553 11.4135 2.4
      vertex 9.05553 11.4135 2.01427
    endloop
  endfacet
  facet normal 0.595772 -0.803154 0
    outer loop
      vertex 8.92153 11.3141 2.4
      vertex 9.05553 11.4135 2.01427
      vertex 9.05553 11.4135 2.4
    endloop
  endfacet
  facet normal 0.595772 -0.803154 0
    outer loop
      vertex 9.05553 11.4135 2.01427
      vertex 8.92153 11.3141 2.4
      vertex 8.92153 11.3141 1.99675
    endloop
  endfacet
  facet normal 0.427419 -0.904054 0
    outer loop
      vertex 9.19863 11.4993 2.4
      vertex 9.34944 11.5706 2.04197
      vertex 9.34944 11.5706 2.4
    endloop
  endfacet
  facet normal 0.427419 -0.904054 0
    outer loop
      vertex 9.34944 11.5706 2.04197
      vertex 9.19863 11.4993 2.4
      vertex 9.19863 11.4993 2.02939
    endloop
  endfacet
  facet normal 0.671448 -0.741051 0
    outer loop
      vertex 8.79792 11.2021 2.4
      vertex 8.92153 11.3141 1.99675
      vertex 8.92153 11.3141 2.4
    endloop
  endfacet
  facet normal 0.671448 -0.741051 0
    outer loop
      vertex 8.92153 11.3141 1.99675
      vertex 8.79792 11.2021 2.4
      vertex 8.79792 11.2021 1.97699
    endloop
  endfacet
  facet normal -0.998791 -0.0491602 -0
    outer loop
      vertex 11.7 10 2.4
      vertex 11.6918 10.1666 1.79441
      vertex 11.7 10 1.76503
    endloop
  endfacet
  facet normal -0.998791 -0.0491602 0
    outer loop
      vertex 11.6918 10.1666 1.79441
      vertex 11.7 10 2.4
      vertex 11.6918 10.1666 2.4
    endloop
  endfacet
  facet normal -0.0491004 0.998794 0
    outer loop
      vertex 10.1666 8.30819 1.46672
      vertex 10 8.3 2.4
      vertex 10.1666 8.30819 2.4
    endloop
  endfacet
  facet normal -0.0491004 0.998794 0
    outer loop
      vertex 10 8.3 2.4
      vertex 10.1666 8.30819 1.46672
      vertex 10 8.3 1.46528
    endloop
  endfacet
  facet normal -0.970083 0.242775 0
    outer loop
      vertex 11.6268 9.50652 2.4
      vertex 11.6673 9.66835 1.70655
      vertex 11.6268 9.50652 1.67802
    endloop
  endfacet
  facet normal -0.970083 0.242775 0
    outer loop
      vertex 11.6673 9.66835 1.70655
      vertex 11.6268 9.50652 2.4
      vertex 11.6673 9.66835 2.4
    endloop
  endfacet
  facet normal -0.904054 0.427419 0
    outer loop
      vertex 11.4993 9.19863 2.4
      vertex 11.5706 9.34944 1.65032
      vertex 11.4993 9.19863 1.62373
    endloop
  endfacet
  facet normal -0.904054 0.427419 0
    outer loop
      vertex 11.5706 9.34944 1.65032
      vertex 11.4993 9.19863 2.4
      vertex 11.5706 9.34944 2.4
    endloop
  endfacet
  facet normal -0.741051 0.671448 0
    outer loop
      vertex 11.2021 8.79792 2.4
      vertex 11.3141 8.92153 1.57487
      vertex 11.2021 8.79792 1.55307
    endloop
  endfacet
  facet normal -0.741051 0.671448 0
    outer loop
      vertex 11.3141 8.92153 1.57487
      vertex 11.2021 8.79792 2.4
      vertex 11.3141 8.92153 2.4
    endloop
  endfacet
  facet normal -0.67161 0.740905 0
    outer loop
      vertex 11.2021 8.79792 1.55307
      vertex 11.0785 8.68588 2.4
      vertex 11.2021 8.79792 2.4
    endloop
  endfacet
  facet normal -0.67161 0.740905 0
    outer loop
      vertex 11.0785 8.68588 2.4
      vertex 11.2021 8.79792 1.55307
      vertex 11.0785 8.68588 1.53332
    endloop
  endfacet
  facet normal -0.514099 0.857731 0
    outer loop
      vertex 10.9445 8.5865 1.5158
      vertex 10.8014 8.50073 2.4
      vertex 10.9445 8.5865 2.4
    endloop
  endfacet
  facet normal -0.514099 0.857731 0
    outer loop
      vertex 10.8014 8.50073 2.4
      vertex 10.9445 8.5865 1.5158
      vertex 10.8014 8.50073 1.50067
    endloop
  endfacet
  facet normal 0.0490916 0.998794 0
    outer loop
      vertex 10 8.3 2.4
      vertex 9.83337 8.30819 1.46672
      vertex 9.83337 8.30819 2.4
    endloop
  endfacet
  facet normal 0.0490916 0.998794 0
    outer loop
      vertex 9.83337 8.30819 1.46672
      vertex 10 8.3 2.4
      vertex 10 8.3 1.46528
    endloop
  endfacet
  facet normal 0.336921 0.941533 0
    outer loop
      vertex 9.50652 8.3732 2.4
      vertex 9.34944 8.42941 1.48809
      vertex 9.34944 8.42941 2.4
    endloop
  endfacet
  facet normal 0.336921 0.941533 0
    outer loop
      vertex 9.34944 8.42941 1.48809
      vertex 9.50652 8.3732 2.4
      vertex 9.50652 8.3732 1.47818
    endloop
  endfacet
  facet normal 0.514099 0.857731 0
    outer loop
      vertex 9.19863 8.50073 2.4
      vertex 9.05553 8.5865 1.5158
      vertex 9.05553 8.5865 2.4
    endloop
  endfacet
  facet normal 0.514099 0.857731 0
    outer loop
      vertex 9.05553 8.5865 1.5158
      vertex 9.19863 8.50073 2.4
      vertex 9.19863 8.50073 1.50067
    endloop
  endfacet
  facet normal 0.97004 0.242945 0
    outer loop
      vertex 8.3732 9.50652 2.4
      vertex 8.33267 9.66835 1.70655
      vertex 8.33267 9.66835 2.4
    endloop
  endfacet
  facet normal 0.97004 0.242945 0
    outer loop
      vertex 8.33267 9.66835 1.70655
      vertex 8.3732 9.50652 2.4
      vertex 8.3732 9.50652 1.67802
    endloop
  endfacet
  facet normal 0.998794 0.0490916 0
    outer loop
      vertex 8.30819 9.83337 2.4
      vertex 8.3 10 1.76503
      vertex 8.3 10 2.4
    endloop
  endfacet
  facet normal 0.998794 0.0490916 0
    outer loop
      vertex 8.3 10 1.76503
      vertex 8.30819 9.83337 2.4
      vertex 8.30819 9.83337 1.73565
    endloop
  endfacet
  facet normal 0.803211 0.595695 0
    outer loop
      vertex 8.68588 8.92153 2.4
      vertex 8.5865 9.05553 1.5985
      vertex 8.5865 9.05553 2.4
    endloop
  endfacet
  facet normal 0.803211 0.595695 0
    outer loop
      vertex 8.5865 9.05553 1.5985
      vertex 8.68588 8.92153 2.4
      vertex 8.68588 8.92153 1.57487
    endloop
  endfacet
  facet normal 0.857731 0.514099 0
    outer loop
      vertex 8.5865 9.05553 2.4
      vertex 8.50073 9.19863 1.62373
      vertex 8.50073 9.19863 2.4
    endloop
  endfacet
  facet normal 0.857731 0.514099 0
    outer loop
      vertex 8.50073 9.19863 1.62373
      vertex 8.5865 9.05553 2.4
      vertex 8.5865 9.05553 1.5985
    endloop
  endfacet
  facet normal 0.904007 0.427517 0
    outer loop
      vertex 8.50073 9.19863 2.4
      vertex 8.42941 9.34944 1.65032
      vertex 8.42941 9.34944 2.4
    endloop
  endfacet
  facet normal 0.904007 0.427517 0
    outer loop
      vertex 8.42941 9.34944 1.65032
      vertex 8.50073 9.19863 2.4
      vertex 8.50073 9.19863 1.62373
    endloop
  endfacet
  facet normal -0.989158 0.146857 0
    outer loop
      vertex 11.6673 9.66835 2.4
      vertex 11.6918 9.83337 1.73565
      vertex 11.6673 9.66835 1.70655
    endloop
  endfacet
  facet normal -0.989158 0.146857 0
    outer loop
      vertex 11.6918 9.83337 1.73565
      vertex 11.6673 9.66835 2.4
      vertex 11.6918 9.83337 2.4
    endloop
  endfacet
  facet normal -0.803154 0.595772 0
    outer loop
      vertex 11.3141 8.92153 2.4
      vertex 11.4135 9.05553 1.5985
      vertex 11.3141 8.92153 1.57487
    endloop
  endfacet
  facet normal -0.803154 0.595772 0
    outer loop
      vertex 11.4135 9.05553 1.5985
      vertex 11.3141 8.92153 2.4
      vertex 11.4135 9.05553 2.4
    endloop
  endfacet
  facet normal -0.857652 0.514231 0
    outer loop
      vertex 11.4135 9.05553 2.4
      vertex 11.4993 9.19863 1.62373
      vertex 11.4135 9.05553 1.5985
    endloop
  endfacet
  facet normal -0.857652 0.514231 0
    outer loop
      vertex 11.4993 9.19863 1.62373
      vertex 11.4135 9.05553 2.4
      vertex 11.4993 9.19863 2.4
    endloop
  endfacet
  facet normal -0.14667 0.989185 0
    outer loop
      vertex 10.3317 8.33267 1.47104
      vertex 10.1666 8.30819 2.4
      vertex 10.3317 8.33267 2.4
    endloop
  endfacet
  facet normal -0.14667 0.989185 0
    outer loop
      vertex 10.1666 8.30819 2.4
      vertex 10.3317 8.33267 1.47104
      vertex 10.1666 8.30819 1.46672
    endloop
  endfacet
  facet normal -0.242987 0.97003 0
    outer loop
      vertex 10.4935 8.3732 1.47818
      vertex 10.3317 8.33267 2.4
      vertex 10.4935 8.3732 2.4
    endloop
  endfacet
  facet normal -0.242987 0.97003 0
    outer loop
      vertex 10.3317 8.33267 2.4
      vertex 10.4935 8.3732 1.47818
      vertex 10.3317 8.33267 1.47104
    endloop
  endfacet
  facet normal -0.42754 0.903996 0
    outer loop
      vertex 10.8014 8.50073 1.50067
      vertex 10.6506 8.42941 2.4
      vertex 10.8014 8.50073 2.4
    endloop
  endfacet
  facet normal -0.42754 0.903996 0
    outer loop
      vertex 10.6506 8.42941 2.4
      vertex 10.8014 8.50073 1.50067
      vertex 10.6506 8.42941 1.48809
    endloop
  endfacet
  facet normal -0.336883 0.941546 0
    outer loop
      vertex 10.6506 8.42941 1.48809
      vertex 10.4935 8.3732 2.4
      vertex 10.6506 8.42941 2.4
    endloop
  endfacet
  facet normal -0.336883 0.941546 0
    outer loop
      vertex 10.4935 8.3732 2.4
      vertex 10.6506 8.42941 1.48809
      vertex 10.4935 8.3732 1.47818
    endloop
  endfacet
  facet normal -0.595695 0.803211 0
    outer loop
      vertex 11.0785 8.68588 1.53332
      vertex 10.9445 8.5865 2.4
      vertex 11.0785 8.68588 2.4
    endloop
  endfacet
  facet normal -0.595695 0.803211 0
    outer loop
      vertex 10.9445 8.5865 2.4
      vertex 11.0785 8.68588 1.53332
      vertex 10.9445 8.5865 1.5158
    endloop
  endfacet
  facet normal 0.242945 0.97004 0
    outer loop
      vertex 9.66835 8.33267 2.4
      vertex 9.50652 8.3732 1.47818
      vertex 9.50652 8.3732 2.4
    endloop
  endfacet
  facet normal 0.242945 0.97004 0
    outer loop
      vertex 9.50652 8.3732 1.47818
      vertex 9.66835 8.33267 2.4
      vertex 9.66835 8.33267 1.47104
    endloop
  endfacet
  facet normal 0.595695 0.803211 0
    outer loop
      vertex 9.05553 8.5865 2.4
      vertex 8.92153 8.68588 1.53332
      vertex 8.92153 8.68588 2.4
    endloop
  endfacet
  facet normal 0.595695 0.803211 0
    outer loop
      vertex 8.92153 8.68588 1.53332
      vertex 9.05553 8.5865 2.4
      vertex 9.05553 8.5865 1.5158
    endloop
  endfacet
  facet normal 0.941533 0.336921 0
    outer loop
      vertex 8.42941 9.34944 2.4
      vertex 8.3732 9.50652 1.67802
      vertex 8.3732 9.50652 2.4
    endloop
  endfacet
  facet normal 0.941533 0.336921 0
    outer loop
      vertex 8.3732 9.50652 1.67802
      vertex 8.42941 9.34944 2.4
      vertex 8.42941 9.34944 1.65032
    endloop
  endfacet
  facet normal 0.989175 0.14674 0
    outer loop
      vertex 8.33267 9.66835 2.4
      vertex 8.30819 9.83337 1.73565
      vertex 8.30819 9.83337 2.4
    endloop
  endfacet
  facet normal 0.989175 0.14674 0
    outer loop
      vertex 8.30819 9.83337 1.73565
      vertex 8.33267 9.66835 2.4
      vertex 8.33267 9.66835 1.70655
    endloop
  endfacet
  facet normal -0.941552 0.336868 0
    outer loop
      vertex 11.5706 9.34944 2.4
      vertex 11.6268 9.50652 1.67802
      vertex 11.5706 9.34944 1.65032
    endloop
  endfacet
  facet normal -0.941552 0.336868 0
    outer loop
      vertex 11.6268 9.50652 1.67802
      vertex 11.5706 9.34944 2.4
      vertex 11.6268 9.50652 2.4
    endloop
  endfacet
  facet normal 0.671959 0.740589 -0
    outer loop
      vertex 83.5355 13.5355 2.38844
      vertex 83.4632 13.6011 2.4
      vertex 83.5355 13.5355 2.4
    endloop
  endfacet
  facet normal -0.903995 0.427543 0
    outer loop
      vertex 75.3806 11.9134 2.4
      vertex 75.5904 12.357 2.18063
      vertex 75.3806 11.9134 2.10242
    endloop
  endfacet
  facet normal -0.903995 0.427543 0
    outer loop
      vertex 75.5904 12.357 2.18063
      vertex 75.3806 11.9134 2.4
      vertex 75.5904 12.357 2.4
    endloop
  endfacet
  facet normal -0.90398 -0.427575 -0
    outer loop
      vertex 75.5904 7.64302 2.4
      vertex 75.3806 8.08658 1.42765
      vertex 75.5904 7.64302 1.34943
    endloop
  endfacet
  facet normal -0.90398 -0.427575 0
    outer loop
      vertex 75.3806 8.08658 1.42765
      vertex 75.5904 7.64302 2.4
      vertex 75.3806 8.08658 2.4
    endloop
  endfacet
  facet normal 0.970034 0.242967 0
    outer loop
      vertex 84.9039 10.9755 2.4
      vertex 84.7847 11.4514 2.02096
      vertex 84.7847 11.4514 2.4
    endloop
  endfacet
  facet normal 0.970034 0.242967 0
    outer loop
      vertex 84.7847 11.4514 2.02096
      vertex 84.9039 10.9755 2.4
      vertex 84.9039 10.9755 1.93703
    endloop
  endfacet
  facet normal 0.941548 0.336879 0
    outer loop
      vertex 84.7847 11.4514 2.4
      vertex 84.6194 11.9134 2.10242
      vertex 84.6194 11.9134 2.4
    endloop
  endfacet
  facet normal 0.941548 0.336879 0
    outer loop
      vertex 84.6194 11.9134 2.10242
      vertex 84.7847 11.4514 2.4
      vertex 84.7847 11.4514 2.02096
    endloop
  endfacet
  facet normal 0.857709 0.514136 0
    outer loop
      vertex 84.4096 12.357 2.4
      vertex 84.1573 12.7779 2.25484
      vertex 84.1573 12.7779 2.4
    endloop
  endfacet
  facet normal 0.857709 0.514136 0
    outer loop
      vertex 84.1573 12.7779 2.25484
      vertex 84.4096 12.357 2.4
      vertex 84.4096 12.357 2.18063
    endloop
  endfacet
  facet normal 0.80329 0.595588 0
    outer loop
      vertex 84.1573 12.7779 2.4
      vertex 83.8651 13.172 2.32434
      vertex 83.8651 13.172 2.4
    endloop
  endfacet
  facet normal 0.80329 0.595588 0
    outer loop
      vertex 83.8651 13.172 2.32434
      vertex 84.1573 12.7779 2.4
      vertex 84.1573 12.7779 2.25484
    endloop
  endfacet
  facet normal 0.242977 -0.970032 0
    outer loop
      vertex 80.9754 5.09607 2.4
      vertex 81.4514 5.2153 0.921361
      vertex 81.4514 5.2153 2.4
    endloop
  endfacet
  facet normal 0.242977 -0.970032 0
    outer loop
      vertex 81.4514 5.2153 0.921361
      vertex 80.9754 5.09607 2.4
      vertex 80.9754 5.09607 0.900339
    endloop
  endfacet
  facet normal 0.671629 -0.740887 0
    outer loop
      vertex 83.172 6.13495 2.4
      vertex 83.5355 6.46447 1.14162
      vertex 83.5355 6.46447 2.4
    endloop
  endfacet
  facet normal 0.671629 -0.740887 0
    outer loop
      vertex 83.5355 6.46447 1.14162
      vertex 83.172 6.13495 2.4
      vertex 83.172 6.13495 1.08352
    endloop
  endfacet
  facet normal -0.0490736 -0.998795 0
    outer loop
      vertex 79.5099 5.02408 0.887643
      vertex 80 5 2.4
      vertex 79.5099 5.02408 2.4
    endloop
  endfacet
  facet normal -0.0490736 -0.998795 -0
    outer loop
      vertex 80 5 2.4
      vertex 79.5099 5.02408 0.887643
      vertex 80 5 0.883398
    endloop
  endfacet
  facet normal -0.514166 -0.857691 0
    outer loop
      vertex 77.2222 5.84265 1.03198
      vertex 77.643 5.59039 2.4
      vertex 77.2222 5.84265 2.4
    endloop
  endfacet
  facet normal -0.514166 -0.857691 -0
    outer loop
      vertex 77.643 5.59039 2.4
      vertex 77.2222 5.84265 1.03198
      vertex 77.643 5.59039 0.9875
    endloop
  endfacet
  facet normal -0.595622 -0.803265 0
    outer loop
      vertex 76.828 6.13495 1.08352
      vertex 77.2222 5.84265 2.4
      vertex 76.828 6.13495 2.4
    endloop
  endfacet
  facet normal -0.595622 -0.803265 -0
    outer loop
      vertex 77.2222 5.84265 2.4
      vertex 76.828 6.13495 1.08352
      vertex 77.2222 5.84265 1.03198
    endloop
  endfacet
  facet normal 0.989177 0.146726 0
    outer loop
      vertex 84.9759 10.4901 2.4
      vertex 84.9039 10.9755 1.93703
      vertex 84.9039 10.9755 2.4
    endloop
  endfacet
  facet normal 0.989177 0.146726 0
    outer loop
      vertex 84.9039 10.9755 1.93703
      vertex 84.9759 10.4901 2.4
      vertex 84.9759 10.4901 1.85145
    endloop
  endfacet
  facet normal 0.903995 0.427543 0
    outer loop
      vertex 84.6194 11.9134 2.4
      vertex 84.4096 12.357 2.18063
      vertex 84.4096 12.357 2.4
    endloop
  endfacet
  facet normal 0.903995 0.427543 0
    outer loop
      vertex 84.4096 12.357 2.18063
      vertex 84.6194 11.9134 2.4
      vertex 84.6194 11.9134 2.10242
    endloop
  endfacet
  facet normal 0.740806 0.671719 0
    outer loop
      vertex 83.8651 13.172 2.4
      vertex 83.5355 13.5355 2.38844
      vertex 83.5355 13.5355 2.4
    endloop
  endfacet
  facet normal 0.740806 0.671719 0
    outer loop
      vertex 83.5355 13.5355 2.38844
      vertex 83.8651 13.172 2.4
      vertex 83.8651 13.172 2.32434
    endloop
  endfacet
  facet normal -0.998793 0.0491143 0
    outer loop
      vertex 75 10 2.4
      vertex 75.0241 10.4901 1.85145
      vertex 75 10 1.76503
    endloop
  endfacet
  facet normal -0.998793 0.0491143 0
    outer loop
      vertex 75.0241 10.4901 1.85145
      vertex 75 10 2.4
      vertex 75.0241 10.4901 2.4
    endloop
  endfacet
  facet normal -0.941548 0.336879 0
    outer loop
      vertex 75.2153 11.4514 2.4
      vertex 75.3806 11.9134 2.10242
      vertex 75.2153 11.4514 2.02096
    endloop
  endfacet
  facet normal -0.941548 0.336879 0
    outer loop
      vertex 75.3806 11.9134 2.10242
      vertex 75.2153 11.4514 2.4
      vertex 75.3806 11.9134 2.4
    endloop
  endfacet
  facet normal -0.970034 0.242967 0
    outer loop
      vertex 75.0961 10.9755 2.4
      vertex 75.2153 11.4514 2.02096
      vertex 75.0961 10.9755 1.93703
    endloop
  endfacet
  facet normal -0.970034 0.242967 0
    outer loop
      vertex 75.2153 11.4514 2.02096
      vertex 75.0961 10.9755 2.4
      vertex 75.2153 11.4514 2.4
    endloop
  endfacet
  facet normal -0.989177 0.146726 0
    outer loop
      vertex 75.0241 10.4901 2.4
      vertex 75.0961 10.9755 1.93703
      vertex 75.0241 10.4901 1.85145
    endloop
  endfacet
  facet normal -0.989177 0.146726 0
    outer loop
      vertex 75.0961 10.9755 1.93703
      vertex 75.0241 10.4901 2.4
      vertex 75.0961 10.9755 2.4
    endloop
  endfacet
  facet normal -0.740806 0.671719 0
    outer loop
      vertex 76.1349 13.172 2.4
      vertex 76.4645 13.5355 2.38844
      vertex 76.1349 13.172 2.32434
    endloop
  endfacet
  facet normal -0.740806 0.671719 0
    outer loop
      vertex 76.4645 13.5355 2.38844
      vertex 76.1349 13.172 2.4
      vertex 76.4645 13.5355 2.4
    endloop
  endfacet
  facet normal -0.857709 0.514136 0
    outer loop
      vertex 75.5904 12.357 2.4
      vertex 75.8427 12.7779 2.25484
      vertex 75.5904 12.357 2.18063
    endloop
  endfacet
  facet normal -0.857709 0.514136 0
    outer loop
      vertex 75.8427 12.7779 2.25484
      vertex 75.5904 12.357 2.4
      vertex 75.8427 12.7779 2.4
    endloop
  endfacet
  facet normal -0.80329 0.595588 0
    outer loop
      vertex 75.8427 12.7779 2.4
      vertex 76.1349 13.172 2.32434
      vertex 75.8427 12.7779 2.25484
    endloop
  endfacet
  facet normal -0.80329 0.595588 0
    outer loop
      vertex 76.1349 13.172 2.32434
      vertex 75.8427 12.7779 2.4
      vertex 76.1349 13.172 2.4
    endloop
  endfacet
  facet normal -0.671959 0.740589 0
    outer loop
      vertex 76.5368 13.6011 2.4
      vertex 76.4645 13.5355 2.38844
      vertex 76.4645 13.5355 2.4
    endloop
  endfacet
  facet normal 0.998793 0.0491143 0
    outer loop
      vertex 85 10 2.4
      vertex 84.9759 10.4901 1.85145
      vertex 84.9759 10.4901 2.4
    endloop
  endfacet
  facet normal 0.998793 0.0491143 0
    outer loop
      vertex 84.9759 10.4901 1.85145
      vertex 85 10 2.4
      vertex 85 10 1.76503
    endloop
  endfacet
  facet normal 0.0490736 -0.998795 0
    outer loop
      vertex 80 5 2.4
      vertex 80.4901 5.02408 0.887643
      vertex 80.4901 5.02408 2.4
    endloop
  endfacet
  facet normal 0.0490736 -0.998795 0
    outer loop
      vertex 80.4901 5.02408 0.887643
      vertex 80 5 2.4
      vertex 80 5 0.883398
    endloop
  endfacet
  facet normal 0.146736 -0.989176 0
    outer loop
      vertex 80.4901 5.02408 2.4
      vertex 80.9754 5.09607 0.900339
      vertex 80.9754 5.09607 2.4
    endloop
  endfacet
  facet normal 0.146736 -0.989176 0
    outer loop
      vertex 80.9754 5.09607 0.900339
      vertex 80.4901 5.02408 2.4
      vertex 80.4901 5.02408 0.887643
    endloop
  endfacet
  facet normal 0.427526 -0.904003 0
    outer loop
      vertex 81.9134 5.3806 2.4
      vertex 82.357 5.59039 0.9875
      vertex 82.357 5.59039 2.4
    endloop
  endfacet
  facet normal 0.427526 -0.904003 0
    outer loop
      vertex 82.357 5.59039 0.9875
      vertex 81.9134 5.3806 2.4
      vertex 81.9134 5.3806 0.950509
    endloop
  endfacet
  facet normal 0.595622 -0.803265 0
    outer loop
      vertex 82.7778 5.84265 2.4
      vertex 83.172 6.13495 1.08352
      vertex 83.172 6.13495 2.4
    endloop
  endfacet
  facet normal 0.595622 -0.803265 0
    outer loop
      vertex 83.172 6.13495 1.08352
      vertex 82.7778 5.84265 2.4
      vertex 82.7778 5.84265 1.03198
    endloop
  endfacet
  facet normal -0.242977 -0.970032 0
    outer loop
      vertex 78.5486 5.2153 0.921361
      vertex 79.0246 5.09607 2.4
      vertex 78.5486 5.2153 2.4
    endloop
  endfacet
  facet normal -0.242977 -0.970032 -0
    outer loop
      vertex 79.0246 5.09607 2.4
      vertex 78.5486 5.2153 0.921361
      vertex 79.0246 5.09607 0.900339
    endloop
  endfacet
  facet normal -0.336879 -0.941548 0
    outer loop
      vertex 78.0866 5.3806 0.950509
      vertex 78.5486 5.2153 2.4
      vertex 78.0866 5.3806 2.4
    endloop
  endfacet
  facet normal -0.336879 -0.941548 -0
    outer loop
      vertex 78.5486 5.2153 2.4
      vertex 78.0866 5.3806 0.950509
      vertex 78.5486 5.2153 0.921361
    endloop
  endfacet
  facet normal -0.146736 -0.989176 0
    outer loop
      vertex 79.0246 5.09607 0.900339
      vertex 79.5099 5.02408 2.4
      vertex 79.0246 5.09607 2.4
    endloop
  endfacet
  facet normal -0.146736 -0.989176 -0
    outer loop
      vertex 79.5099 5.02408 2.4
      vertex 79.0246 5.09607 0.900339
      vertex 79.5099 5.02408 0.887643
    endloop
  endfacet
  facet normal -0.427526 -0.904003 0
    outer loop
      vertex 77.643 5.59039 0.9875
      vertex 78.0866 5.3806 2.4
      vertex 77.643 5.59039 2.4
    endloop
  endfacet
  facet normal -0.427526 -0.904003 -0
    outer loop
      vertex 78.0866 5.3806 2.4
      vertex 77.643 5.59039 0.9875
      vertex 78.0866 5.3806 0.950509
    endloop
  endfacet
  facet normal -0.671629 -0.740887 0
    outer loop
      vertex 76.4645 6.46447 1.14162
      vertex 76.828 6.13495 2.4
      vertex 76.4645 6.46447 2.4
    endloop
  endfacet
  facet normal -0.671629 -0.740887 -0
    outer loop
      vertex 76.828 6.13495 2.4
      vertex 76.4645 6.46447 1.14162
      vertex 76.828 6.13495 1.08352
    endloop
  endfacet
  facet normal -0.970043 -0.242934 -0
    outer loop
      vertex 75.2153 8.54858 2.4
      vertex 75.0961 9.02455 1.59303
      vertex 75.2153 8.54858 1.50911
    endloop
  endfacet
  facet normal -0.970043 -0.242934 0
    outer loop
      vertex 75.0961 9.02455 1.59303
      vertex 75.2153 8.54858 2.4
      vertex 75.0961 9.02455 2.4
    endloop
  endfacet
  facet normal -0.998793 -0.0491153 -0
    outer loop
      vertex 75.0241 9.50991 2.4
      vertex 75 10 1.76503
      vertex 75.0241 9.50991 1.67862
    endloop
  endfacet
  facet normal -0.998793 -0.0491153 0
    outer loop
      vertex 75 10 1.76503
      vertex 75.0241 9.50991 2.4
      vertex 75 10 2.4
    endloop
  endfacet
  facet normal -0.803304 -0.595569 -0
    outer loop
      vertex 76.1349 6.82803 2.4
      vertex 75.8427 7.22215 1.27522
      vertex 76.1349 6.82803 1.20573
    endloop
  endfacet
  facet normal -0.803304 -0.595569 0
    outer loop
      vertex 75.8427 7.22215 1.27522
      vertex 76.1349 6.82803 2.4
      vertex 75.8427 7.22215 2.4
    endloop
  endfacet
  facet normal -0.740861 -0.671658 -0
    outer loop
      vertex 76.4645 6.46447 2.4
      vertex 76.1349 6.82803 1.20573
      vertex 76.4645 6.46447 1.14162
    endloop
  endfacet
  facet normal -0.740861 -0.671658 0
    outer loop
      vertex 76.1349 6.82803 1.20573
      vertex 76.4645 6.46447 2.4
      vertex 76.1349 6.82803 2.4
    endloop
  endfacet
  facet normal 0.989175 -0.146738 0
    outer loop
      vertex 84.9039 9.02455 2.4
      vertex 84.9759 9.50991 1.67862
      vertex 84.9759 9.50991 2.4
    endloop
  endfacet
  facet normal 0.989175 -0.146738 0
    outer loop
      vertex 84.9759 9.50991 1.67862
      vertex 84.9039 9.02455 2.4
      vertex 84.9039 9.02455 1.59303
    endloop
  endfacet
  facet normal 0.998793 -0.0491153 0
    outer loop
      vertex 84.9759 9.50991 2.4
      vertex 85 10 1.76503
      vertex 85 10 2.4
    endloop
  endfacet
  facet normal 0.998793 -0.0491153 0
    outer loop
      vertex 85 10 1.76503
      vertex 84.9759 9.50991 2.4
      vertex 84.9759 9.50991 1.67862
    endloop
  endfacet
  facet normal 0.970043 -0.242934 0
    outer loop
      vertex 84.7847 8.54858 2.4
      vertex 84.9039 9.02455 1.59303
      vertex 84.9039 9.02455 2.4
    endloop
  endfacet
  facet normal 0.970043 -0.242934 0
    outer loop
      vertex 84.9039 9.02455 1.59303
      vertex 84.7847 8.54858 2.4
      vertex 84.7847 8.54858 1.50911
    endloop
  endfacet
  facet normal 0.740861 -0.671658 0
    outer loop
      vertex 83.5355 6.46447 2.4
      vertex 83.8651 6.82803 1.20573
      vertex 83.8651 6.82803 2.4
    endloop
  endfacet
  facet normal 0.740861 -0.671658 0
    outer loop
      vertex 83.8651 6.82803 1.20573
      vertex 83.5355 6.46447 2.4
      vertex 83.5355 6.46447 1.14162
    endloop
  endfacet
  facet normal 0.336879 -0.941548 0
    outer loop
      vertex 81.4514 5.2153 2.4
      vertex 81.9134 5.3806 0.950509
      vertex 81.9134 5.3806 2.4
    endloop
  endfacet
  facet normal 0.336879 -0.941548 0
    outer loop
      vertex 81.9134 5.3806 0.950509
      vertex 81.4514 5.2153 2.4
      vertex 81.4514 5.2153 0.921361
    endloop
  endfacet
  facet normal 0.514166 -0.857691 0
    outer loop
      vertex 82.357 5.59039 2.4
      vertex 82.7778 5.84265 1.03198
      vertex 82.7778 5.84265 2.4
    endloop
  endfacet
  facet normal 0.514166 -0.857691 0
    outer loop
      vertex 82.7778 5.84265 1.03198
      vertex 82.357 5.59039 2.4
      vertex 82.357 5.59039 0.9875
    endloop
  endfacet
  facet normal -0.989175 -0.146738 -0
    outer loop
      vertex 75.0961 9.02455 2.4
      vertex 75.0241 9.50991 1.67862
      vertex 75.0961 9.02455 1.59303
    endloop
  endfacet
  facet normal -0.989175 -0.146738 0
    outer loop
      vertex 75.0241 9.50991 1.67862
      vertex 75.0961 9.02455 2.4
      vertex 75.0241 9.50991 2.4
    endloop
  endfacet
  facet normal -0.941548 -0.336879 -0
    outer loop
      vertex 75.3806 8.08658 2.4
      vertex 75.2153 8.54858 1.50911
      vertex 75.3806 8.08658 1.42765
    endloop
  endfacet
  facet normal -0.941548 -0.336879 0
    outer loop
      vertex 75.2153 8.54858 1.50911
      vertex 75.3806 8.08658 2.4
      vertex 75.2153 8.54858 2.4
    endloop
  endfacet
  facet normal -0.857692 -0.514163 -0
    outer loop
      vertex 75.8427 7.22215 2.4
      vertex 75.5904 7.64302 1.34943
      vertex 75.8427 7.22215 1.27522
    endloop
  endfacet
  facet normal -0.857692 -0.514163 0
    outer loop
      vertex 75.5904 7.64302 1.34943
      vertex 75.8427 7.22215 2.4
      vertex 75.5904 7.64302 2.4
    endloop
  endfacet
  facet normal 0.857692 -0.514163 0
    outer loop
      vertex 84.1573 7.22215 2.4
      vertex 84.4096 7.64302 1.34943
      vertex 84.4096 7.64302 2.4
    endloop
  endfacet
  facet normal 0.857692 -0.514163 0
    outer loop
      vertex 84.4096 7.64302 1.34943
      vertex 84.1573 7.22215 2.4
      vertex 84.1573 7.22215 1.27522
    endloop
  endfacet
  facet normal 0.941548 -0.336879 0
    outer loop
      vertex 84.6194 8.08658 2.4
      vertex 84.7847 8.54858 1.50911
      vertex 84.7847 8.54858 2.4
    endloop
  endfacet
  facet normal 0.941548 -0.336879 0
    outer loop
      vertex 84.7847 8.54858 1.50911
      vertex 84.6194 8.08658 2.4
      vertex 84.6194 8.08658 1.42765
    endloop
  endfacet
  facet normal 0.90398 -0.427575 0
    outer loop
      vertex 84.4096 7.64302 2.4
      vertex 84.6194 8.08658 1.42765
      vertex 84.6194 8.08658 2.4
    endloop
  endfacet
  facet normal 0.90398 -0.427575 0
    outer loop
      vertex 84.6194 8.08658 1.42765
      vertex 84.4096 7.64302 2.4
      vertex 84.4096 7.64302 1.34943
    endloop
  endfacet
  facet normal 0.803304 -0.595569 0
    outer loop
      vertex 83.8651 6.82803 2.4
      vertex 84.1573 7.22215 1.27522
      vertex 84.1573 7.22215 2.4
    endloop
  endfacet
  facet normal 0.803304 -0.595569 0
    outer loop
      vertex 84.1573 7.22215 1.27522
      vertex 83.8651 6.82803 2.4
      vertex 83.8651 6.82803 1.20573
    endloop
  endfacet
  facet normal -0.595772 -0.803154 0
    outer loop
      vertex 80.9445 11.4135 2.01427
      vertex 81.0785 11.3141 2.4
      vertex 80.9445 11.4135 2.4
    endloop
  endfacet
  facet normal -0.595772 -0.803154 -0
    outer loop
      vertex 81.0785 11.3141 2.4
      vertex 80.9445 11.4135 2.01427
      vertex 81.0785 11.3141 1.99675
    endloop
  endfacet
  facet normal 0.33683 -0.941566 0
    outer loop
      vertex 79.3494 11.5706 2.4
      vertex 79.5065 11.6268 2.05188
      vertex 79.5065 11.6268 2.4
    endloop
  endfacet
  facet normal 0.33683 -0.941566 0
    outer loop
      vertex 79.5065 11.6268 2.05188
      vertex 79.3494 11.5706 2.4
      vertex 79.3494 11.5706 2.04197
    endloop
  endfacet
  facet normal 0.904043 -0.427442 0
    outer loop
      vertex 78.4294 10.6506 2.4
      vertex 78.5007 10.8014 1.90634
      vertex 78.5007 10.8014 2.4
    endloop
  endfacet
  facet normal 0.904043 -0.427442 0
    outer loop
      vertex 78.5007 10.8014 1.90634
      vertex 78.4294 10.6506 2.4
      vertex 78.4294 10.6506 1.87974
    endloop
  endfacet
  facet normal -0.998791 0.0491513 0
    outer loop
      vertex 81.6918 9.83337 2.4
      vertex 81.7 10 1.76503
      vertex 81.6918 9.83337 1.73565
    endloop
  endfacet
  facet normal -0.998791 0.0491513 0
    outer loop
      vertex 81.7 10 1.76503
      vertex 81.6918 9.83337 2.4
      vertex 81.7 10 2.4
    endloop
  endfacet
  facet normal 0.42754 0.903996 0
    outer loop
      vertex 79.3494 8.42941 2.4
      vertex 79.1986 8.50073 1.50067
      vertex 79.1986 8.50073 2.4
    endloop
  endfacet
  facet normal 0.42754 0.903996 0
    outer loop
      vertex 79.1986 8.50073 1.50067
      vertex 79.3494 8.42941 2.4
      vertex 79.3494 8.42941 1.48809
    endloop
  endfacet
  facet normal -0.904043 -0.427442 -0
    outer loop
      vertex 81.5706 10.6506 2.4
      vertex 81.4993 10.8014 1.90634
      vertex 81.5706 10.6506 1.87974
    endloop
  endfacet
  facet normal -0.904043 -0.427442 0
    outer loop
      vertex 81.4993 10.8014 1.90634
      vertex 81.5706 10.6506 2.4
      vertex 81.4993 10.8014 2.4
    endloop
  endfacet
  facet normal -0.857652 -0.514231 -0
    outer loop
      vertex 81.4993 10.8014 2.4
      vertex 81.4135 10.9445 1.93157
      vertex 81.4993 10.8014 1.90634
    endloop
  endfacet
  facet normal -0.857652 -0.514231 0
    outer loop
      vertex 81.4135 10.9445 1.93157
      vertex 81.4993 10.8014 2.4
      vertex 81.4135 10.9445 2.4
    endloop
  endfacet
  facet normal -0.427442 -0.904043 0
    outer loop
      vertex 80.6506 11.5706 2.04197
      vertex 80.8014 11.4993 2.4
      vertex 80.6506 11.5706 2.4
    endloop
  endfacet
  facet normal -0.427442 -0.904043 -0
    outer loop
      vertex 80.8014 11.4993 2.4
      vertex 80.6506 11.5706 2.04197
      vertex 80.8014 11.4993 2.02939
    endloop
  endfacet
  facet normal -0.146875 -0.989155 0
    outer loop
      vertex 80.1666 11.6918 2.06335
      vertex 80.3316 11.6673 2.4
      vertex 80.1666 11.6918 2.4
    endloop
  endfacet
  facet normal -0.146875 -0.989155 -0
    outer loop
      vertex 80.3316 11.6673 2.4
      vertex 80.1666 11.6918 2.06335
      vertex 80.3316 11.6673 2.05903
    endloop
  endfacet
  facet normal 0.989168 -0.146788 0
    outer loop
      vertex 78.3082 10.1666 2.4
      vertex 78.3327 10.3317 1.82351
      vertex 78.3327 10.3317 2.4
    endloop
  endfacet
  facet normal 0.989168 -0.146788 0
    outer loop
      vertex 78.3327 10.3317 1.82351
      vertex 78.3082 10.1666 2.4
      vertex 78.3082 10.1666 1.79441
    endloop
  endfacet
  facet normal 0.741024 -0.671478 0
    outer loop
      vertex 78.6859 11.0785 2.4
      vertex 78.7979 11.2021 1.97699
      vertex 78.7979 11.2021 2.4
    endloop
  endfacet
  facet normal 0.741024 -0.671478 0
    outer loop
      vertex 78.7979 11.2021 1.97699
      vertex 78.6859 11.0785 2.4
      vertex 78.6859 11.0785 1.9552
    endloop
  endfacet
  facet normal 0.146875 -0.989155 0
    outer loop
      vertex 79.6684 11.6673 2.4
      vertex 79.8334 11.6918 2.06335
      vertex 79.8334 11.6918 2.4
    endloop
  endfacet
  facet normal 0.146875 -0.989155 0
    outer loop
      vertex 79.8334 11.6918 2.06335
      vertex 79.6684 11.6673 2.4
      vertex 79.6684 11.6673 2.05903
    endloop
  endfacet
  facet normal 0.146757 0.989173 0
    outer loop
      vertex 79.8334 8.30819 2.4
      vertex 79.6684 8.33267 1.47104
      vertex 79.6684 8.33267 2.4
    endloop
  endfacet
  facet normal 0.146757 0.989173 0
    outer loop
      vertex 79.6684 8.33267 1.47104
      vertex 79.8334 8.30819 2.4
      vertex 79.8334 8.30819 1.46672
    endloop
  endfacet
  facet normal 0.67161 0.740905 0
    outer loop
      vertex 78.9215 8.68588 2.4
      vertex 78.7979 8.79792 1.55307
      vertex 78.7979 8.79792 2.4
    endloop
  endfacet
  facet normal 0.67161 0.740905 0
    outer loop
      vertex 78.7979 8.79792 1.55307
      vertex 78.9215 8.68588 2.4
      vertex 78.9215 8.68588 1.53332
    endloop
  endfacet
  facet normal 0.741051 0.671448 0
    outer loop
      vertex 78.7979 8.79792 2.4
      vertex 78.6859 8.92153 1.57487
      vertex 78.6859 8.92153 2.4
    endloop
  endfacet
  facet normal 0.741051 0.671448 0
    outer loop
      vertex 78.6859 8.92153 1.57487
      vertex 78.7979 8.79792 2.4
      vertex 78.7979 8.79792 1.55307
    endloop
  endfacet
  facet normal -0.989168 -0.146788 -0
    outer loop
      vertex 81.6918 10.1666 2.4
      vertex 81.6673 10.3317 1.82351
      vertex 81.6918 10.1666 1.79441
    endloop
  endfacet
  facet normal -0.989168 -0.146788 0
    outer loop
      vertex 81.6673 10.3317 1.82351
      vertex 81.6918 10.1666 2.4
      vertex 81.6673 10.3317 2.4
    endloop
  endfacet
  facet normal -0.970072 -0.242818 -0
    outer loop
      vertex 81.6673 10.3317 2.4
      vertex 81.6268 10.4935 1.85205
      vertex 81.6673 10.3317 1.82351
    endloop
  endfacet
  facet normal -0.970072 -0.242818 0
    outer loop
      vertex 81.6268 10.4935 1.85205
      vertex 81.6673 10.3317 2.4
      vertex 81.6268 10.4935 2.4
    endloop
  endfacet
  facet normal -0.941566 -0.33683 -0
    outer loop
      vertex 81.6268 10.4935 2.4
      vertex 81.5706 10.6506 1.87974
      vertex 81.6268 10.4935 1.85205
    endloop
  endfacet
  facet normal -0.941566 -0.33683 0
    outer loop
      vertex 81.5706 10.6506 1.87974
      vertex 81.6268 10.4935 2.4
      vertex 81.5706 10.6506 2.4
    endloop
  endfacet
  facet normal -0.741024 -0.671478 -0
    outer loop
      vertex 81.3141 11.0785 2.4
      vertex 81.2021 11.2021 1.97699
      vertex 81.3141 11.0785 1.9552
    endloop
  endfacet
  facet normal -0.741024 -0.671478 0
    outer loop
      vertex 81.2021 11.2021 1.97699
      vertex 81.3141 11.0785 2.4
      vertex 81.2021 11.2021 2.4
    endloop
  endfacet
  facet normal -0.803154 -0.595772 -0
    outer loop
      vertex 81.4135 10.9445 2.4
      vertex 81.3141 11.0785 1.9552
      vertex 81.4135 10.9445 1.93157
    endloop
  endfacet
  facet normal -0.803154 -0.595772 0
    outer loop
      vertex 81.3141 11.0785 1.9552
      vertex 81.4135 10.9445 2.4
      vertex 81.3141 11.0785 2.4
    endloop
  endfacet
  facet normal -0.671478 -0.741024 0
    outer loop
      vertex 81.0785 11.3141 1.99675
      vertex 81.2021 11.2021 2.4
      vertex 81.0785 11.3141 2.4
    endloop
  endfacet
  facet normal -0.671478 -0.741024 -0
    outer loop
      vertex 81.2021 11.2021 2.4
      vertex 81.0785 11.3141 1.99675
      vertex 81.2021 11.2021 1.97699
    endloop
  endfacet
  facet normal -0.514231 -0.857652 0
    outer loop
      vertex 80.8014 11.4993 2.02939
      vertex 80.9445 11.4135 2.4
      vertex 80.8014 11.4993 2.4
    endloop
  endfacet
  facet normal -0.514231 -0.857652 -0
    outer loop
      vertex 80.9445 11.4135 2.4
      vertex 80.8014 11.4993 2.02939
      vertex 80.9445 11.4135 2.01427
    endloop
  endfacet
  facet normal -0.0491602 -0.998791 0
    outer loop
      vertex 80 11.7 2.06479
      vertex 80.1666 11.6918 2.4
      vertex 80 11.7 2.4
    endloop
  endfacet
  facet normal -0.0491602 -0.998791 -0
    outer loop
      vertex 80.1666 11.6918 2.4
      vertex 80 11.7 2.06479
      vertex 80.1666 11.6918 2.06335
    endloop
  endfacet
  facet normal -0.33683 -0.941566 0
    outer loop
      vertex 80.4935 11.6268 2.05188
      vertex 80.6506 11.5706 2.4
      vertex 80.4935 11.6268 2.4
    endloop
  endfacet
  facet normal -0.33683 -0.941566 -0
    outer loop
      vertex 80.6506 11.5706 2.4
      vertex 80.4935 11.6268 2.05188
      vertex 80.6506 11.5706 2.04197
    endloop
  endfacet
  facet normal -0.242677 -0.970107 0
    outer loop
      vertex 80.3316 11.6673 2.05903
      vertex 80.4935 11.6268 2.4
      vertex 80.3316 11.6673 2.4
    endloop
  endfacet
  facet normal -0.242677 -0.970107 -0
    outer loop
      vertex 80.4935 11.6268 2.4
      vertex 80.3316 11.6673 2.05903
      vertex 80.4935 11.6268 2.05188
    endloop
  endfacet
  facet normal 0.998791 -0.0491602 0
    outer loop
      vertex 78.3 10 2.4
      vertex 78.3082 10.1666 1.79441
      vertex 78.3082 10.1666 2.4
    endloop
  endfacet
  facet normal 0.998791 -0.0491602 0
    outer loop
      vertex 78.3082 10.1666 1.79441
      vertex 78.3 10 2.4
      vertex 78.3 10 1.76503
    endloop
  endfacet
  facet normal 0.941566 -0.33683 0
    outer loop
      vertex 78.3732 10.4935 2.4
      vertex 78.4294 10.6506 1.87974
      vertex 78.4294 10.6506 2.4
    endloop
  endfacet
  facet normal 0.941566 -0.33683 0
    outer loop
      vertex 78.4294 10.6506 1.87974
      vertex 78.3732 10.4935 2.4
      vertex 78.3732 10.4935 1.85205
    endloop
  endfacet
  facet normal 0.970072 -0.242818 0
    outer loop
      vertex 78.3327 10.3317 2.4
      vertex 78.3732 10.4935 1.85205
      vertex 78.3732 10.4935 2.4
    endloop
  endfacet
  facet normal 0.970072 -0.242818 0
    outer loop
      vertex 78.3732 10.4935 1.85205
      vertex 78.3327 10.3317 2.4
      vertex 78.3327 10.3317 1.82351
    endloop
  endfacet
  facet normal 0.857652 -0.514231 0
    outer loop
      vertex 78.5007 10.8014 2.4
      vertex 78.5865 10.9445 1.93157
      vertex 78.5865 10.9445 2.4
    endloop
  endfacet
  facet normal 0.857652 -0.514231 0
    outer loop
      vertex 78.5865 10.9445 1.93157
      vertex 78.5007 10.8014 2.4
      vertex 78.5007 10.8014 1.90634
    endloop
  endfacet
  facet normal 0.803154 -0.595772 0
    outer loop
      vertex 78.5865 10.9445 2.4
      vertex 78.6859 11.0785 1.9552
      vertex 78.6859 11.0785 2.4
    endloop
  endfacet
  facet normal 0.803154 -0.595772 0
    outer loop
      vertex 78.6859 11.0785 1.9552
      vertex 78.5865 10.9445 2.4
      vertex 78.5865 10.9445 1.93157
    endloop
  endfacet
  facet normal 0.242677 -0.970107 0
    outer loop
      vertex 79.5065 11.6268 2.4
      vertex 79.6684 11.6673 2.05903
      vertex 79.6684 11.6673 2.4
    endloop
  endfacet
  facet normal 0.242677 -0.970107 0
    outer loop
      vertex 79.6684 11.6673 2.05903
      vertex 79.5065 11.6268 2.4
      vertex 79.5065 11.6268 2.05188
    endloop
  endfacet
  facet normal 0.0491602 -0.998791 0
    outer loop
      vertex 79.8334 11.6918 2.4
      vertex 80 11.7 2.06479
      vertex 80 11.7 2.4
    endloop
  endfacet
  facet normal 0.0491602 -0.998791 0
    outer loop
      vertex 80 11.7 2.06479
      vertex 79.8334 11.6918 2.4
      vertex 79.8334 11.6918 2.06335
    endloop
  endfacet
  facet normal 0.514231 -0.857652 0
    outer loop
      vertex 79.0555 11.4135 2.4
      vertex 79.1986 11.4993 2.02939
      vertex 79.1986 11.4993 2.4
    endloop
  endfacet
  facet normal 0.514231 -0.857652 0
    outer loop
      vertex 79.1986 11.4993 2.02939
      vertex 79.0555 11.4135 2.4
      vertex 79.0555 11.4135 2.01427
    endloop
  endfacet
  facet normal 0.595772 -0.803154 0
    outer loop
      vertex 78.9215 11.3141 2.4
      vertex 79.0555 11.4135 2.01427
      vertex 79.0555 11.4135 2.4
    endloop
  endfacet
  facet normal 0.595772 -0.803154 0
    outer loop
      vertex 79.0555 11.4135 2.01427
      vertex 78.9215 11.3141 2.4
      vertex 78.9215 11.3141 1.99675
    endloop
  endfacet
  facet normal 0.427442 -0.904043 0
    outer loop
      vertex 79.1986 11.4993 2.4
      vertex 79.3494 11.5706 2.04197
      vertex 79.3494 11.5706 2.4
    endloop
  endfacet
  facet normal 0.427442 -0.904043 0
    outer loop
      vertex 79.3494 11.5706 2.04197
      vertex 79.1986 11.4993 2.4
      vertex 79.1986 11.4993 2.02939
    endloop
  endfacet
  facet normal 0.671478 -0.741024 0
    outer loop
      vertex 78.7979 11.2021 2.4
      vertex 78.9215 11.3141 1.99675
      vertex 78.9215 11.3141 2.4
    endloop
  endfacet
  facet normal 0.671478 -0.741024 0
    outer loop
      vertex 78.9215 11.3141 1.99675
      vertex 78.7979 11.2021 2.4
      vertex 78.7979 11.2021 1.97699
    endloop
  endfacet
  facet normal -0.998791 -0.0491602 -0
    outer loop
      vertex 81.7 10 2.4
      vertex 81.6918 10.1666 1.79441
      vertex 81.7 10 1.76503
    endloop
  endfacet
  facet normal -0.998791 -0.0491602 0
    outer loop
      vertex 81.6918 10.1666 1.79441
      vertex 81.7 10 2.4
      vertex 81.6918 10.1666 2.4
    endloop
  endfacet
  facet normal -0.0491004 0.998794 0
    outer loop
      vertex 80.1666 8.30819 1.46672
      vertex 80 8.3 2.4
      vertex 80.1666 8.30819 2.4
    endloop
  endfacet
  facet normal -0.0491004 0.998794 0
    outer loop
      vertex 80 8.3 2.4
      vertex 80.1666 8.30819 1.46672
      vertex 80 8.3 1.46528
    endloop
  endfacet
  facet normal -0.970083 0.242775 0
    outer loop
      vertex 81.6268 9.50652 2.4
      vertex 81.6673 9.66835 1.70655
      vertex 81.6268 9.50652 1.67802
    endloop
  endfacet
  facet normal -0.970083 0.242775 0
    outer loop
      vertex 81.6673 9.66835 1.70655
      vertex 81.6268 9.50652 2.4
      vertex 81.6673 9.66835 2.4
    endloop
  endfacet
  facet normal -0.904054 0.427419 0
    outer loop
      vertex 81.4993 9.19863 2.4
      vertex 81.5706 9.34944 1.65032
      vertex 81.4993 9.19863 1.62373
    endloop
  endfacet
  facet normal -0.904054 0.427419 0
    outer loop
      vertex 81.5706 9.34944 1.65032
      vertex 81.4993 9.19863 2.4
      vertex 81.5706 9.34944 2.4
    endloop
  endfacet
  facet normal -0.741051 0.671448 0
    outer loop
      vertex 81.2021 8.79792 2.4
      vertex 81.3141 8.92153 1.57487
      vertex 81.2021 8.79792 1.55307
    endloop
  endfacet
  facet normal -0.741051 0.671448 0
    outer loop
      vertex 81.3141 8.92153 1.57487
      vertex 81.2021 8.79792 2.4
      vertex 81.3141 8.92153 2.4
    endloop
  endfacet
  facet normal -0.67161 0.740905 0
    outer loop
      vertex 81.2021 8.79792 1.55307
      vertex 81.0785 8.68588 2.4
      vertex 81.2021 8.79792 2.4
    endloop
  endfacet
  facet normal -0.67161 0.740905 0
    outer loop
      vertex 81.0785 8.68588 2.4
      vertex 81.2021 8.79792 1.55307
      vertex 81.0785 8.68588 1.53332
    endloop
  endfacet
  facet normal -0.514099 0.857731 0
    outer loop
      vertex 80.9445 8.5865 1.5158
      vertex 80.8014 8.50073 2.4
      vertex 80.9445 8.5865 2.4
    endloop
  endfacet
  facet normal -0.514099 0.857731 0
    outer loop
      vertex 80.8014 8.50073 2.4
      vertex 80.9445 8.5865 1.5158
      vertex 80.8014 8.50073 1.50067
    endloop
  endfacet
  facet normal 0.0491004 0.998794 0
    outer loop
      vertex 80 8.3 2.4
      vertex 79.8334 8.30819 1.46672
      vertex 79.8334 8.30819 2.4
    endloop
  endfacet
  facet normal 0.0491004 0.998794 0
    outer loop
      vertex 79.8334 8.30819 1.46672
      vertex 80 8.3 2.4
      vertex 80 8.3 1.46528
    endloop
  endfacet
  facet normal 0.336883 0.941546 0
    outer loop
      vertex 79.5065 8.3732 2.4
      vertex 79.3494 8.42941 1.48809
      vertex 79.3494 8.42941 2.4
    endloop
  endfacet
  facet normal 0.336883 0.941546 0
    outer loop
      vertex 79.3494 8.42941 1.48809
      vertex 79.5065 8.3732 2.4
      vertex 79.5065 8.3732 1.47818
    endloop
  endfacet
  facet normal 0.514099 0.857731 0
    outer loop
      vertex 79.1986 8.50073 2.4
      vertex 79.0555 8.5865 1.5158
      vertex 79.0555 8.5865 2.4
    endloop
  endfacet
  facet normal 0.514099 0.857731 0
    outer loop
      vertex 79.0555 8.5865 1.5158
      vertex 79.1986 8.50073 2.4
      vertex 79.1986 8.50073 1.50067
    endloop
  endfacet
  facet normal 0.970083 0.242775 0
    outer loop
      vertex 78.3732 9.50652 2.4
      vertex 78.3327 9.66835 1.70655
      vertex 78.3327 9.66835 2.4
    endloop
  endfacet
  facet normal 0.970083 0.242775 0
    outer loop
      vertex 78.3327 9.66835 1.70655
      vertex 78.3732 9.50652 2.4
      vertex 78.3732 9.50652 1.67802
    endloop
  endfacet
  facet normal 0.998791 0.0491513 0
    outer loop
      vertex 78.3082 9.83337 2.4
      vertex 78.3 10 1.76503
      vertex 78.3 10 2.4
    endloop
  endfacet
  facet normal 0.998791 0.0491513 0
    outer loop
      vertex 78.3 10 1.76503
      vertex 78.3082 9.83337 2.4
      vertex 78.3082 9.83337 1.73565
    endloop
  endfacet
  facet normal 0.803154 0.595772 0
    outer loop
      vertex 78.6859 8.92153 2.4
      vertex 78.5865 9.05553 1.5985
      vertex 78.5865 9.05553 2.4
    endloop
  endfacet
  facet normal 0.803154 0.595772 0
    outer loop
      vertex 78.5865 9.05553 1.5985
      vertex 78.6859 8.92153 2.4
      vertex 78.6859 8.92153 1.57487
    endloop
  endfacet
  facet normal 0.857652 0.514231 0
    outer loop
      vertex 78.5865 9.05553 2.4
      vertex 78.5007 9.19863 1.62373
      vertex 78.5007 9.19863 2.4
    endloop
  endfacet
  facet normal 0.857652 0.514231 0
    outer loop
      vertex 78.5007 9.19863 1.62373
      vertex 78.5865 9.05553 2.4
      vertex 78.5865 9.05553 1.5985
    endloop
  endfacet
  facet normal 0.904054 0.427419 0
    outer loop
      vertex 78.5007 9.19863 2.4
      vertex 78.4294 9.34944 1.65032
      vertex 78.4294 9.34944 2.4
    endloop
  endfacet
  facet normal 0.904054 0.427419 0
    outer loop
      vertex 78.4294 9.34944 1.65032
      vertex 78.5007 9.19863 2.4
      vertex 78.5007 9.19863 1.62373
    endloop
  endfacet
  facet normal -0.989158 0.146857 0
    outer loop
      vertex 81.6673 9.66835 2.4
      vertex 81.6918 9.83337 1.73565
      vertex 81.6673 9.66835 1.70655
    endloop
  endfacet
  facet normal -0.989158 0.146857 0
    outer loop
      vertex 81.6918 9.83337 1.73565
      vertex 81.6673 9.66835 2.4
      vertex 81.6918 9.83337 2.4
    endloop
  endfacet
  facet normal -0.803154 0.595772 0
    outer loop
      vertex 81.3141 8.92153 2.4
      vertex 81.4135 9.05553 1.5985
      vertex 81.3141 8.92153 1.57487
    endloop
  endfacet
  facet normal -0.803154 0.595772 0
    outer loop
      vertex 81.4135 9.05553 1.5985
      vertex 81.3141 8.92153 2.4
      vertex 81.4135 9.05553 2.4
    endloop
  endfacet
  facet normal -0.857652 0.514231 0
    outer loop
      vertex 81.4135 9.05553 2.4
      vertex 81.4993 9.19863 1.62373
      vertex 81.4135 9.05553 1.5985
    endloop
  endfacet
  facet normal -0.857652 0.514231 0
    outer loop
      vertex 81.4993 9.19863 1.62373
      vertex 81.4135 9.05553 2.4
      vertex 81.4993 9.19863 2.4
    endloop
  endfacet
  facet normal -0.146757 0.989173 0
    outer loop
      vertex 80.3316 8.33267 1.47104
      vertex 80.1666 8.30819 2.4
      vertex 80.3316 8.33267 2.4
    endloop
  endfacet
  facet normal -0.146757 0.989173 0
    outer loop
      vertex 80.1666 8.30819 2.4
      vertex 80.3316 8.33267 1.47104
      vertex 80.1666 8.30819 1.46672
    endloop
  endfacet
  facet normal -0.242846 0.970065 0
    outer loop
      vertex 80.4935 8.3732 1.47818
      vertex 80.3316 8.33267 2.4
      vertex 80.4935 8.3732 2.4
    endloop
  endfacet
  facet normal -0.242846 0.970065 0
    outer loop
      vertex 80.3316 8.33267 2.4
      vertex 80.4935 8.3732 1.47818
      vertex 80.3316 8.33267 1.47104
    endloop
  endfacet
  facet normal -0.42754 0.903996 0
    outer loop
      vertex 80.8014 8.50073 1.50067
      vertex 80.6506 8.42941 2.4
      vertex 80.8014 8.50073 2.4
    endloop
  endfacet
  facet normal -0.42754 0.903996 0
    outer loop
      vertex 80.6506 8.42941 2.4
      vertex 80.8014 8.50073 1.50067
      vertex 80.6506 8.42941 1.48809
    endloop
  endfacet
  facet normal -0.336883 0.941546 0
    outer loop
      vertex 80.6506 8.42941 1.48809
      vertex 80.4935 8.3732 2.4
      vertex 80.6506 8.42941 2.4
    endloop
  endfacet
  facet normal -0.336883 0.941546 0
    outer loop
      vertex 80.4935 8.3732 2.4
      vertex 80.6506 8.42941 1.48809
      vertex 80.4935 8.3732 1.47818
    endloop
  endfacet
  facet normal -0.595695 0.803211 0
    outer loop
      vertex 81.0785 8.68588 1.53332
      vertex 80.9445 8.5865 2.4
      vertex 81.0785 8.68588 2.4
    endloop
  endfacet
  facet normal -0.595695 0.803211 0
    outer loop
      vertex 80.9445 8.5865 2.4
      vertex 81.0785 8.68588 1.53332
      vertex 80.9445 8.5865 1.5158
    endloop
  endfacet
  facet normal 0.242846 0.970065 0
    outer loop
      vertex 79.6684 8.33267 2.4
      vertex 79.5065 8.3732 1.47818
      vertex 79.5065 8.3732 2.4
    endloop
  endfacet
  facet normal 0.242846 0.970065 0
    outer loop
      vertex 79.5065 8.3732 1.47818
      vertex 79.6684 8.33267 2.4
      vertex 79.6684 8.33267 1.47104
    endloop
  endfacet
  facet normal 0.595695 0.803211 0
    outer loop
      vertex 79.0555 8.5865 2.4
      vertex 78.9215 8.68588 1.53332
      vertex 78.9215 8.68588 2.4
    endloop
  endfacet
  facet normal 0.595695 0.803211 0
    outer loop
      vertex 78.9215 8.68588 1.53332
      vertex 79.0555 8.5865 2.4
      vertex 79.0555 8.5865 1.5158
    endloop
  endfacet
  facet normal 0.941552 0.336868 0
    outer loop
      vertex 78.4294 9.34944 2.4
      vertex 78.3732 9.50652 1.67802
      vertex 78.3732 9.50652 2.4
    endloop
  endfacet
  facet normal 0.941552 0.336868 0
    outer loop
      vertex 78.3732 9.50652 1.67802
      vertex 78.4294 9.34944 2.4
      vertex 78.4294 9.34944 1.65032
    endloop
  endfacet
  facet normal 0.989158 0.146857 0
    outer loop
      vertex 78.3327 9.66835 2.4
      vertex 78.3082 9.83337 1.73565
      vertex 78.3082 9.83337 2.4
    endloop
  endfacet
  facet normal 0.989158 0.146857 0
    outer loop
      vertex 78.3082 9.83337 1.73565
      vertex 78.3327 9.66835 2.4
      vertex 78.3327 9.66835 1.70655
    endloop
  endfacet
  facet normal -0.941552 0.336868 0
    outer loop
      vertex 81.5706 9.34944 2.4
      vertex 81.6268 9.50652 1.67802
      vertex 81.5706 9.34944 1.65032
    endloop
  endfacet
  facet normal -0.941552 0.336868 0
    outer loop
      vertex 81.6268 9.50652 1.67802
      vertex 81.5706 9.34944 2.4
      vertex 81.6268 9.50652 2.4
    endloop
  endfacet
endsolid OpenSCAD_Model
