solid OpenSCAD_Model
  facet normal 0 -1 0
    outer loop
      vertex 4 0 12
      vertex 36 0 4.4
      vertex 36 0 12
    endloop
  endfacet
  facet normal 0 -1 -0
    outer loop
      vertex 36 0 4.4
      vertex 4 0 0
      vertex 64 0 4.4
    endloop
  endfacet
  facet normal 0 -1 0
    outer loop
      vertex 4 0 0
      vertex 36 0 4.4
      vertex 4 0 12
    endloop
  endfacet
  facet normal 0 -1 0
    outer loop
      vertex 64 0 4.4
      vertex 96 0 12
      vertex 64 0 12
    endloop
  endfacet
  facet normal 0 -1 0
    outer loop
      vertex 64 0 4.4
      vertex 96 0 0
      vertex 96 0 12
    endloop
  endfacet
  facet normal 0 -1 0
    outer loop
      vertex 96 0 0
      vertex 64 0 4.4
      vertex 4 0 0
    endloop
  endfacet
  facet normal 0.0490523 -0.998796 0
    outer loop
      vertex 96 0 0
      vertex 96.3921 0.0192566 12
      vertex 96 0 12
    endloop
  endfacet
  facet normal 0.0490523 -0.998796 0
    outer loop
      vertex 96.3921 0.0192566 12
      vertex 96 0 0
      vertex 96.3921 0.0192566 0
    endloop
  endfacet
  facet normal 0.146738 -0.989175 0
    outer loop
      vertex 96.3921 0.0192566 0
      vertex 96.7804 0.0768585 12
      vertex 96.3921 0.0192566 12
    endloop
  endfacet
  facet normal 0.146738 -0.989175 0
    outer loop
      vertex 96.7804 0.0768585 12
      vertex 96.3921 0.0192566 0
      vertex 96.7804 0.0768585 0
    endloop
  endfacet
  facet normal -0.0491664 0.998791 0
    outer loop
      vertex 4 70 0
      vertex 3.60793 69.9807 12
      vertex 4 70 12
    endloop
  endfacet
  facet normal -0.0491664 0.998791 0
    outer loop
      vertex 3.60793 69.9807 12
      vertex 4 70 0
      vertex 3.60793 69.9807 0
    endloop
  endfacet
  facet normal 1 -0 0
    outer loop
      vertex 100 4 12
      vertex 100 66 0
      vertex 100 66 12
    endloop
  endfacet
  facet normal 1 0 0
    outer loop
      vertex 100 66 0
      vertex 100 4 12
      vertex 100 4 0
    endloop
  endfacet
  facet normal -0.998796 -0.0490561 0
    outer loop
      vertex 0.0192566 3.60793 0
      vertex 0 4 12
      vertex 0 4 0
    endloop
  endfacet
  facet normal -0.998796 -0.0490561 0
    outer loop
      vertex 0 4 12
      vertex 0.0192566 3.60793 0
      vertex 0.0192566 3.60793 12
    endloop
  endfacet
  facet normal 0 0 1
    outer loop
      vertex 97.6 66 12
      vertex 100 66 12
      vertex 99.9807 66.3921 12
    endloop
  endfacet
  facet normal 0 0 1
    outer loop
      vertex 100 66 12
      vertex 97.6 66 12
      vertex 100 4 12
    endloop
  endfacet
  facet normal 0 0 1
    outer loop
      vertex 97.5923 66.1568 12
      vertex 99.9807 66.3921 12
      vertex 99.9231 66.7804 12
    endloop
  endfacet
  facet normal -0 0 1
    outer loop
      vertex 97.6 4.00001 12
      vertex 100 4 12
      vertex 97.6 66 12
    endloop
  endfacet
  facet normal 0 0 1
    outer loop
      vertex 97.5693 66.3121 12
      vertex 99.9231 66.7804 12
      vertex 99.8278 67.1611 12
    endloop
  endfacet
  facet normal 0 0 1
    outer loop
      vertex 100 4 12
      vertex 97.6 4.00001 12
      vertex 99.9807 3.60793 12
    endloop
  endfacet
  facet normal 0 0 1
    outer loop
      vertex 97.5311 66.4645 12
      vertex 99.8278 67.1611 12
      vertex 99.6955 67.5307 12
    endloop
  endfacet
  facet normal -0 0 1
    outer loop
      vertex 97.5923 3.84318 12
      vertex 99.9807 3.60793 12
      vertex 97.6 4.00001 12
    endloop
  endfacet
  facet normal 0 0 1
    outer loop
      vertex 97.4782 66.6123 12
      vertex 99.6955 67.5307 12
      vertex 99.5277 67.8856 12
    endloop
  endfacet
  facet normal 0 0 1
    outer loop
      vertex 99.9807 3.60793 12
      vertex 97.5923 3.84318 12
      vertex 99.9231 3.21964 12
    endloop
  endfacet
  facet normal 0 0 1
    outer loop
      vertex 97.4111 66.7542 12
      vertex 99.5277 67.8856 12
      vertex 99.3259 68.2223 12
    endloop
  endfacet
  facet normal -0 0 1
    outer loop
      vertex 97.5693 3.68786 12
      vertex 99.9231 3.21964 12
      vertex 97.5923 3.84318 12
    endloop
  endfacet
  facet normal 0 0 1
    outer loop
      vertex 97.3303 66.8889 12
      vertex 99.3259 68.2223 12
      vertex 99.092 68.5376 12
    endloop
  endfacet
  facet normal 0 0 1
    outer loop
      vertex 99.9231 3.21964 12
      vertex 97.5693 3.68786 12
      vertex 99.8278 2.83887 12
    endloop
  endfacet
  facet normal 0 0 1
    outer loop
      vertex 97.2368 67.015 12
      vertex 99.092 68.5376 12
      vertex 98.8284 68.8284 12
    endloop
  endfacet
  facet normal -0 0 1
    outer loop
      vertex 97.5311 3.53554 12
      vertex 99.8278 2.83887 12
      vertex 97.5693 3.68786 12
    endloop
  endfacet
  facet normal 0 0 1
    outer loop
      vertex 97.1314 67.1314 12
      vertex 98.8284 68.8284 12
      vertex 98.5376 69.092 12
    endloop
  endfacet
  facet normal 0 0 1
    outer loop
      vertex 99.8278 2.83887 12
      vertex 97.5311 3.53554 12
      vertex 99.6955 2.46927 12
    endloop
  endfacet
  facet normal 0 0 1
    outer loop
      vertex 97.015 67.2368 12
      vertex 98.5376 69.092 12
      vertex 98.2223 69.3259 12
    endloop
  endfacet
  facet normal -0 0 1
    outer loop
      vertex 97.4782 3.38772 12
      vertex 99.6955 2.46927 12
      vertex 97.5311 3.53554 12
    endloop
  endfacet
  facet normal 0 0 1
    outer loop
      vertex 96.8889 67.3303 12
      vertex 98.2223 69.3259 12
      vertex 97.8856 69.5277 12
    endloop
  endfacet
  facet normal 0 0 1
    outer loop
      vertex 99.6955 2.46927 12
      vertex 97.4782 3.38772 12
      vertex 99.5277 2.11441 12
    endloop
  endfacet
  facet normal -0 0 1
    outer loop
      vertex 97.4111 3.24576 12
      vertex 99.5277 2.11441 12
      vertex 97.4782 3.38772 12
    endloop
  endfacet
  facet normal 0 0 1
    outer loop
      vertex 99.9807 66.3921 12
      vertex 97.5923 66.1568 12
      vertex 97.6 66 12
    endloop
  endfacet
  facet normal 0 0 1
    outer loop
      vertex 99.9231 66.7804 12
      vertex 97.5693 66.3121 12
      vertex 97.5923 66.1568 12
    endloop
  endfacet
  facet normal 0 0 1
    outer loop
      vertex 99.8278 67.1611 12
      vertex 97.5311 66.4645 12
      vertex 97.5693 66.3121 12
    endloop
  endfacet
  facet normal 0 0 1
    outer loop
      vertex 96.7542 67.4111 12
      vertex 97.8856 69.5277 12
      vertex 97.5307 69.6955 12
    endloop
  endfacet
  facet normal 0 0 1
    outer loop
      vertex 99.6955 67.5307 12
      vertex 97.4782 66.6123 12
      vertex 97.5311 66.4645 12
    endloop
  endfacet
  facet normal 0 0 1
    outer loop
      vertex 99.5277 67.8856 12
      vertex 97.4111 66.7542 12
      vertex 97.4782 66.6123 12
    endloop
  endfacet
  facet normal 0 0 1
    outer loop
      vertex 99.3259 68.2223 12
      vertex 97.3303 66.8889 12
      vertex 97.4111 66.7542 12
    endloop
  endfacet
  facet normal 0 0 1
    outer loop
      vertex 99.092 68.5376 12
      vertex 97.2368 67.015 12
      vertex 97.3303 66.8889 12
    endloop
  endfacet
  facet normal 0 0 1
    outer loop
      vertex 96.6123 67.4782 12
      vertex 97.5307 69.6955 12
      vertex 97.1611 69.8278 12
    endloop
  endfacet
  facet normal 0 0 1
    outer loop
      vertex 98.8284 68.8284 12
      vertex 97.1314 67.1314 12
      vertex 97.2368 67.015 12
    endloop
  endfacet
  facet normal 0 0 1
    outer loop
      vertex 98.5376 69.092 12
      vertex 97.015 67.2368 12
      vertex 97.1314 67.1314 12
    endloop
  endfacet
  facet normal 0 0 1
    outer loop
      vertex 98.2223 69.3259 12
      vertex 96.8889 67.3303 12
      vertex 97.015 67.2368 12
    endloop
  endfacet
  facet normal 0 0 1
    outer loop
      vertex 96.4645 67.5311 12
      vertex 97.1611 69.8278 12
      vertex 96.7804 69.9231 12
    endloop
  endfacet
  facet normal 0 0 1
    outer loop
      vertex 97.8856 69.5277 12
      vertex 96.7542 67.4111 12
      vertex 96.8889 67.3303 12
    endloop
  endfacet
  facet normal 0 0 1
    outer loop
      vertex 97.5307 69.6955 12
      vertex 96.6123 67.4782 12
      vertex 96.7542 67.4111 12
    endloop
  endfacet
  facet normal 0 0 1
    outer loop
      vertex 97.1611 69.8278 12
      vertex 96.4645 67.5311 12
      vertex 96.6123 67.4782 12
    endloop
  endfacet
  facet normal 0 0 1
    outer loop
      vertex 96.3121 67.5693 12
      vertex 96.7804 69.9231 12
      vertex 96.3921 69.9807 12
    endloop
  endfacet
  facet normal 0 0 1
    outer loop
      vertex 96.7804 69.9231 12
      vertex 96.3121 67.5693 12
      vertex 96.4645 67.5311 12
    endloop
  endfacet
  facet normal 0 0 1
    outer loop
      vertex 96.3921 69.9807 12
      vertex 96.1568 67.5923 12
      vertex 96.3121 67.5693 12
    endloop
  endfacet
  facet normal 0 0 1
    outer loop
      vertex 96 70 12
      vertex 96.1568 67.5923 12
      vertex 96.3921 69.9807 12
    endloop
  endfacet
  facet normal 0 0 1
    outer loop
      vertex 96 70 12
      vertex 96 67.6 12
      vertex 96.1568 67.5923 12
    endloop
  endfacet
  facet normal 0 0 1
    outer loop
      vertex 96 70 12
      vertex 4.00001 67.6 12
      vertex 96 67.6 12
    endloop
  endfacet
  facet normal -0 0 1
    outer loop
      vertex 4 70 12
      vertex 4.00001 67.6 12
      vertex 96 70 12
    endloop
  endfacet
  facet normal 0 0 1
    outer loop
      vertex 4 70 12
      vertex 3.84318 67.5923 12
      vertex 4.00001 67.6 12
    endloop
  endfacet
  facet normal -0 0 1
    outer loop
      vertex 3.60793 69.9807 12
      vertex 3.84318 67.5923 12
      vertex 4 70 12
    endloop
  endfacet
  facet normal 0 0 1
    outer loop
      vertex 3.84318 67.5923 12
      vertex 3.60793 69.9807 12
      vertex 3.68786 67.5693 12
    endloop
  endfacet
  facet normal -0 0 1
    outer loop
      vertex 3.21964 69.9231 12
      vertex 3.68786 67.5693 12
      vertex 3.60793 69.9807 12
    endloop
  endfacet
  facet normal 0 0 1
    outer loop
      vertex 3.68786 67.5693 12
      vertex 3.21964 69.9231 12
      vertex 3.53554 67.5311 12
    endloop
  endfacet
  facet normal -0 0 1
    outer loop
      vertex 2.83887 69.8278 12
      vertex 3.53554 67.5311 12
      vertex 3.21964 69.9231 12
    endloop
  endfacet
  facet normal 0 0 1
    outer loop
      vertex 3.53554 67.5311 12
      vertex 2.83887 69.8278 12
      vertex 3.38772 67.4782 12
    endloop
  endfacet
  facet normal -0 0 1
    outer loop
      vertex 2.46927 69.6955 12
      vertex 3.38772 67.4782 12
      vertex 2.83887 69.8278 12
    endloop
  endfacet
  facet normal 0 0 1
    outer loop
      vertex 3.38772 67.4782 12
      vertex 2.46927 69.6955 12
      vertex 3.24576 67.4111 12
    endloop
  endfacet
  facet normal -0 0 1
    outer loop
      vertex 2.11441 69.5277 12
      vertex 3.24576 67.4111 12
      vertex 2.46927 69.6955 12
    endloop
  endfacet
  facet normal 0 0 1
    outer loop
      vertex 3.24576 67.4111 12
      vertex 2.11441 69.5277 12
      vertex 3.11109 67.3303 12
    endloop
  endfacet
  facet normal -0 0 1
    outer loop
      vertex 1.77773 69.3259 12
      vertex 3.11109 67.3303 12
      vertex 2.11441 69.5277 12
    endloop
  endfacet
  facet normal 0 0 1
    outer loop
      vertex 3.11109 67.3303 12
      vertex 1.77773 69.3259 12
      vertex 2.98498 67.2368 12
    endloop
  endfacet
  facet normal -0 0 1
    outer loop
      vertex 1.46243 69.092 12
      vertex 2.98498 67.2368 12
      vertex 1.77773 69.3259 12
    endloop
  endfacet
  facet normal 0 0 1
    outer loop
      vertex 2.98498 67.2368 12
      vertex 1.46243 69.092 12
      vertex 2.86863 67.1314 12
    endloop
  endfacet
  facet normal -0 0 1
    outer loop
      vertex 1.17157 68.8284 12
      vertex 2.86863 67.1314 12
      vertex 1.46243 69.092 12
    endloop
  endfacet
  facet normal 0 0 1
    outer loop
      vertex 2.86863 67.1314 12
      vertex 1.17157 68.8284 12
      vertex 2.76319 67.015 12
    endloop
  endfacet
  facet normal -0 0 1
    outer loop
      vertex 0.907959 68.5376 12
      vertex 2.76319 67.015 12
      vertex 1.17157 68.8284 12
    endloop
  endfacet
  facet normal 0 0 1
    outer loop
      vertex 2.76319 67.015 12
      vertex 0.907959 68.5376 12
      vertex 2.66965 66.8889 12
    endloop
  endfacet
  facet normal -0 0 1
    outer loop
      vertex 0.674118 68.2223 12
      vertex 2.66965 66.8889 12
      vertex 0.907959 68.5376 12
    endloop
  endfacet
  facet normal 0 0 1
    outer loop
      vertex 2.66965 66.8889 12
      vertex 0.674118 68.2223 12
      vertex 2.58893 66.7542 12
    endloop
  endfacet
  facet normal -0 0 1
    outer loop
      vertex 0.472321 67.8856 12
      vertex 2.58893 66.7542 12
      vertex 0.674118 68.2223 12
    endloop
  endfacet
  facet normal 0 0 1
    outer loop
      vertex 2.58893 66.7542 12
      vertex 0.472321 67.8856 12
      vertex 2.5218 66.6123 12
    endloop
  endfacet
  facet normal -0 0 1
    outer loop
      vertex 0.304489 67.5307 12
      vertex 2.5218 66.6123 12
      vertex 0.472321 67.8856 12
    endloop
  endfacet
  facet normal 0 0 1
    outer loop
      vertex 2.5218 66.6123 12
      vertex 0.304489 67.5307 12
      vertex 2.46891 66.4645 12
    endloop
  endfacet
  facet normal -0 0 1
    outer loop
      vertex 0.172241 67.1611 12
      vertex 2.46891 66.4645 12
      vertex 0.304489 67.5307 12
    endloop
  endfacet
  facet normal 0 0 1
    outer loop
      vertex 2.46891 66.4645 12
      vertex 0.172241 67.1611 12
      vertex 2.43075 66.3121 12
    endloop
  endfacet
  facet normal -0 0 1
    outer loop
      vertex 0.0768585 66.7804 12
      vertex 2.43075 66.3121 12
      vertex 0.172241 67.1611 12
    endloop
  endfacet
  facet normal 0 0 1
    outer loop
      vertex 2.43075 66.3121 12
      vertex 0.0768585 66.7804 12
      vertex 2.40771 66.1568 12
    endloop
  endfacet
  facet normal -0 0 1
    outer loop
      vertex 0.0192566 66.3921 12
      vertex 2.40771 66.1568 12
      vertex 0.0768585 66.7804 12
    endloop
  endfacet
  facet normal 0 0 1
    outer loop
      vertex 2.40771 66.1568 12
      vertex 0.0192566 66.3921 12
      vertex 2.4 66 12
    endloop
  endfacet
  facet normal 0 0 1
    outer loop
      vertex 2.4 66 12
      vertex 0.0192566 66.3921 12
      vertex 0 66 12
    endloop
  endfacet
  facet normal 0 0 1
    outer loop
      vertex 2.4 66 12
      vertex 0 66 12
      vertex 2.4 45 12
    endloop
  endfacet
  facet normal 0 0 1
    outer loop
      vertex 2.4 45 12
      vertex 0 66 12
      vertex 0 45 12
    endloop
  endfacet
  facet normal 0 0 1
    outer loop
      vertex 99.5277 2.11441 12
      vertex 97.4111 3.24576 12
      vertex 99.3259 1.77773 12
    endloop
  endfacet
  facet normal -0 0 1
    outer loop
      vertex 97.3303 3.11109 12
      vertex 99.3259 1.77773 12
      vertex 97.4111 3.24576 12
    endloop
  endfacet
  facet normal 0 0 1
    outer loop
      vertex 99.3259 1.77773 12
      vertex 97.3303 3.11109 12
      vertex 99.092 1.46243 12
    endloop
  endfacet
  facet normal -0 0 1
    outer loop
      vertex 97.2368 2.98498 12
      vertex 99.092 1.46243 12
      vertex 97.3303 3.11109 12
    endloop
  endfacet
  facet normal 0 0 1
    outer loop
      vertex 99.092 1.46243 12
      vertex 97.2368 2.98498 12
      vertex 98.8284 1.17157 12
    endloop
  endfacet
  facet normal -0 0 1
    outer loop
      vertex 97.1314 2.86863 12
      vertex 98.8284 1.17157 12
      vertex 97.2368 2.98498 12
    endloop
  endfacet
  facet normal 0 0 1
    outer loop
      vertex 98.8284 1.17157 12
      vertex 97.1314 2.86863 12
      vertex 98.5376 0.907959 12
    endloop
  endfacet
  facet normal -0 0 1
    outer loop
      vertex 97.015 2.76319 12
      vertex 98.5376 0.907959 12
      vertex 97.1314 2.86863 12
    endloop
  endfacet
  facet normal 0 0 1
    outer loop
      vertex 98.5376 0.907959 12
      vertex 97.015 2.76319 12
      vertex 98.2223 0.674118 12
    endloop
  endfacet
  facet normal -0 0 1
    outer loop
      vertex 96.8889 2.66965 12
      vertex 98.2223 0.674118 12
      vertex 97.015 2.76319 12
    endloop
  endfacet
  facet normal 0 0 1
    outer loop
      vertex 98.2223 0.674118 12
      vertex 96.8889 2.66965 12
      vertex 97.8856 0.472321 12
    endloop
  endfacet
  facet normal -0 0 1
    outer loop
      vertex 96.7542 2.58893 12
      vertex 97.8856 0.472321 12
      vertex 96.8889 2.66965 12
    endloop
  endfacet
  facet normal 0 0 1
    outer loop
      vertex 97.8856 0.472321 12
      vertex 96.7542 2.58893 12
      vertex 97.5307 0.304489 12
    endloop
  endfacet
  facet normal -0 0 1
    outer loop
      vertex 96.6123 2.5218 12
      vertex 97.5307 0.304489 12
      vertex 96.7542 2.58893 12
    endloop
  endfacet
  facet normal 0 0 1
    outer loop
      vertex 97.5307 0.304489 12
      vertex 96.6123 2.5218 12
      vertex 97.1611 0.172241 12
    endloop
  endfacet
  facet normal -0 0 1
    outer loop
      vertex 96.4645 2.46891 12
      vertex 97.1611 0.172241 12
      vertex 96.6123 2.5218 12
    endloop
  endfacet
  facet normal 0 0 1
    outer loop
      vertex 97.1611 0.172241 12
      vertex 96.4645 2.46891 12
      vertex 96.7804 0.0768585 12
    endloop
  endfacet
  facet normal -0 0 1
    outer loop
      vertex 96.3121 2.43075 12
      vertex 96.7804 0.0768585 12
      vertex 96.4645 2.46891 12
    endloop
  endfacet
  facet normal 0 0 1
    outer loop
      vertex 96.7804 0.0768585 12
      vertex 96.3121 2.43075 12
      vertex 96.3921 0.0192566 12
    endloop
  endfacet
  facet normal -0 0 1
    outer loop
      vertex 96.1568 2.40771 12
      vertex 96.3921 0.0192566 12
      vertex 96.3121 2.43075 12
    endloop
  endfacet
  facet normal 0 0 1
    outer loop
      vertex 96.1568 2.40771 12
      vertex 96 0 12
      vertex 96.3921 0.0192566 12
    endloop
  endfacet
  facet normal -0 0 1
    outer loop
      vertex 96 2.4 12
      vertex 96 0 12
      vertex 96.1568 2.40771 12
    endloop
  endfacet
  facet normal -0 0 1
    outer loop
      vertex 64 2.4 12
      vertex 96 0 12
      vertex 96 2.4 12
    endloop
  endfacet
  facet normal 0 0 1
    outer loop
      vertex 96 0 12
      vertex 64 2.4 12
      vertex 64 0 12
    endloop
  endfacet
  facet normal 0 0 1
    outer loop
      vertex 0 4 12
      vertex 2.4 4.00001 12
      vertex 2.4 25 12
    endloop
  endfacet
  facet normal 0 -0 1
    outer loop
      vertex 0.0192566 3.60793 12
      vertex 2.4 4.00001 12
      vertex 0 4 12
    endloop
  endfacet
  facet normal 0 0 1
    outer loop
      vertex 2.4 4.00001 12
      vertex 1.77773 0.674118 12
      vertex 2.11441 0.472321 12
    endloop
  endfacet
  facet normal 0 0 1
    outer loop
      vertex 2.4 4.00001 12
      vertex 1.46243 0.907959 12
      vertex 1.77773 0.674118 12
    endloop
  endfacet
  facet normal 0 0 1
    outer loop
      vertex 2.4 4.00001 12
      vertex 1.17157 1.17157 12
      vertex 1.46243 0.907959 12
    endloop
  endfacet
  facet normal 0 0 1
    outer loop
      vertex 2.4 4.00001 12
      vertex 0.907959 1.46243 12
      vertex 1.17157 1.17157 12
    endloop
  endfacet
  facet normal 0 0 1
    outer loop
      vertex 2.4 4.00001 12
      vertex 0.674118 1.77773 12
      vertex 0.907959 1.46243 12
    endloop
  endfacet
  facet normal 0 0 1
    outer loop
      vertex 2.4 4.00001 12
      vertex 0.472321 2.11441 12
      vertex 0.674118 1.77773 12
    endloop
  endfacet
  facet normal 0 0 1
    outer loop
      vertex 2.4 4.00001 12
      vertex 0.304489 2.46927 12
      vertex 0.472321 2.11441 12
    endloop
  endfacet
  facet normal 0 0 1
    outer loop
      vertex 2.4 4.00001 12
      vertex 0.172241 2.83887 12
      vertex 0.304489 2.46927 12
    endloop
  endfacet
  facet normal 0 0 1
    outer loop
      vertex 2.4 4.00001 12
      vertex 0.0768585 3.21964 12
      vertex 0.172241 2.83887 12
    endloop
  endfacet
  facet normal 0 0 1
    outer loop
      vertex 0 4 12
      vertex 2.4 25 12
      vertex 0 25 12
    endloop
  endfacet
  facet normal 0 0 1
    outer loop
      vertex 2.4 4.00001 12
      vertex 0.0192566 3.60793 12
      vertex 0.0768585 3.21964 12
    endloop
  endfacet
  facet normal -0 0 1
    outer loop
      vertex 4.00001 2.4 12
      vertex 36 0 12
      vertex 36 2.4 12
    endloop
  endfacet
  facet normal 0 0 1
    outer loop
      vertex 4.00001 2.4 12
      vertex 4 0 12
      vertex 36 0 12
    endloop
  endfacet
  facet normal 0 0 1
    outer loop
      vertex 3.84318 2.40771 12
      vertex 4 0 12
      vertex 4.00001 2.4 12
    endloop
  endfacet
  facet normal 0 0 1
    outer loop
      vertex 3.60793 0.0192566 12
      vertex 3.84318 2.40771 12
      vertex 3.68786 2.43075 12
    endloop
  endfacet
  facet normal 0 0 1
    outer loop
      vertex 3.84318 2.40771 12
      vertex 3.60793 0.0192566 12
      vertex 4 0 12
    endloop
  endfacet
  facet normal 0 0 1
    outer loop
      vertex 3.21964 0.0768585 12
      vertex 3.68786 2.43075 12
      vertex 3.53554 2.46891 12
    endloop
  endfacet
  facet normal 0 0 1
    outer loop
      vertex 2.83887 0.172241 12
      vertex 3.53554 2.46891 12
      vertex 3.38772 2.5218 12
    endloop
  endfacet
  facet normal 0 0 1
    outer loop
      vertex 2.46927 0.304489 12
      vertex 3.38772 2.5218 12
      vertex 3.24576 2.58893 12
    endloop
  endfacet
  facet normal 0 0 1
    outer loop
      vertex 3.68786 2.43075 12
      vertex 3.21964 0.0768585 12
      vertex 3.60793 0.0192566 12
    endloop
  endfacet
  facet normal 0 0 1
    outer loop
      vertex 2.11441 0.472321 12
      vertex 3.24576 2.58893 12
      vertex 3.11109 2.66965 12
    endloop
  endfacet
  facet normal 0 0 1
    outer loop
      vertex 2.11441 0.472321 12
      vertex 3.11109 2.66965 12
      vertex 2.98498 2.76319 12
    endloop
  endfacet
  facet normal 0 0 1
    outer loop
      vertex 2.11441 0.472321 12
      vertex 2.98498 2.76319 12
      vertex 2.86863 2.86863 12
    endloop
  endfacet
  facet normal 0 0 1
    outer loop
      vertex 3.53554 2.46891 12
      vertex 2.83887 0.172241 12
      vertex 3.21964 0.0768585 12
    endloop
  endfacet
  facet normal 0 0 1
    outer loop
      vertex 2.11441 0.472321 12
      vertex 2.86863 2.86863 12
      vertex 2.76319 2.98498 12
    endloop
  endfacet
  facet normal 0 0 1
    outer loop
      vertex 2.11441 0.472321 12
      vertex 2.76319 2.98498 12
      vertex 2.66965 3.11109 12
    endloop
  endfacet
  facet normal 0 0 1
    outer loop
      vertex 2.11441 0.472321 12
      vertex 2.66965 3.11109 12
      vertex 2.58893 3.24576 12
    endloop
  endfacet
  facet normal 0 0 1
    outer loop
      vertex 2.11441 0.472321 12
      vertex 2.58893 3.24576 12
      vertex 2.5218 3.38772 12
    endloop
  endfacet
  facet normal 0 0 1
    outer loop
      vertex 3.38772 2.5218 12
      vertex 2.46927 0.304489 12
      vertex 2.83887 0.172241 12
    endloop
  endfacet
  facet normal 0 0 1
    outer loop
      vertex 2.11441 0.472321 12
      vertex 2.5218 3.38772 12
      vertex 2.46891 3.53554 12
    endloop
  endfacet
  facet normal 0 0 1
    outer loop
      vertex 2.11441 0.472321 12
      vertex 2.46891 3.53554 12
      vertex 2.43075 3.68786 12
    endloop
  endfacet
  facet normal 0 0 1
    outer loop
      vertex 2.11441 0.472321 12
      vertex 2.43075 3.68786 12
      vertex 2.40771 3.84318 12
    endloop
  endfacet
  facet normal 0 0 1
    outer loop
      vertex 2.11441 0.472321 12
      vertex 2.40771 3.84318 12
      vertex 2.4 4.00001 12
    endloop
  endfacet
  facet normal 0 0 1
    outer loop
      vertex 3.24576 2.58893 12
      vertex 2.11441 0.472321 12
      vertex 2.46927 0.304489 12
    endloop
  endfacet
  facet normal -0.0490561 -0.998796 0
    outer loop
      vertex 3.60793 0.0192566 0
      vertex 4 0 12
      vertex 3.60793 0.0192566 12
    endloop
  endfacet
  facet normal -0.0490561 -0.998796 -0
    outer loop
      vertex 4 0 12
      vertex 3.60793 0.0192566 0
      vertex 4 0 0
    endloop
  endfacet
  facet normal 0 1 0
    outer loop
      vertex 83.5065 70 7.6268
      vertex 96 70 12
      vertex 83.6684 70 7.66733
    endloop
  endfacet
  facet normal 0 1 0
    outer loop
      vertex 4 70 12
      vertex 16.1666 70 7.69181
      vertex 16 70 7.7
    endloop
  endfacet
  facet normal 0 1 0
    outer loop
      vertex 96 70 12
      vertex 83.5065 70 7.6268
      vertex 4 70 12
    endloop
  endfacet
  facet normal 0 1 0
    outer loop
      vertex 4 70 12
      vertex 16.3317 70 7.66733
      vertex 16.1666 70 7.69181
    endloop
  endfacet
  facet normal 0 1 -0
    outer loop
      vertex 16.4935 70 7.6268
      vertex 4 70 12
      vertex 83.5065 70 7.6268
    endloop
  endfacet
  facet normal 0 1 0
    outer loop
      vertex 4 70 12
      vertex 16.4935 70 7.6268
      vertex 16.3317 70 7.66733
    endloop
  endfacet
  facet normal 0 1 -0
    outer loop
      vertex 83.3494 70 7.57059
      vertex 16.4935 70 7.6268
      vertex 83.5065 70 7.6268
    endloop
  endfacet
  facet normal 0 1 0
    outer loop
      vertex 83.3494 70 7.57059
      vertex 16.6506 70 7.57059
      vertex 16.4935 70 7.6268
    endloop
  endfacet
  facet normal 0 1 -0
    outer loop
      vertex 83.1986 70 7.49927
      vertex 16.6506 70 7.57059
      vertex 83.3494 70 7.57059
    endloop
  endfacet
  facet normal 0 1 0
    outer loop
      vertex 83.1986 70 7.49927
      vertex 16.8014 70 7.49927
      vertex 16.6506 70 7.57059
    endloop
  endfacet
  facet normal 0 1 -0
    outer loop
      vertex 83.0555 70 7.4135
      vertex 16.8014 70 7.49927
      vertex 83.1986 70 7.49927
    endloop
  endfacet
  facet normal 0 1 0
    outer loop
      vertex 83.0555 70 7.4135
      vertex 16.9445 70 7.4135
      vertex 16.8014 70 7.49927
    endloop
  endfacet
  facet normal 0 1 -0
    outer loop
      vertex 82.9215 70 7.31412
      vertex 16.9445 70 7.4135
      vertex 83.0555 70 7.4135
    endloop
  endfacet
  facet normal 0 1 0
    outer loop
      vertex 82.9215 70 7.31412
      vertex 17.0785 70 7.31412
      vertex 16.9445 70 7.4135
    endloop
  endfacet
  facet normal 0 1 -0
    outer loop
      vertex 82.7979 70 7.20208
      vertex 17.0785 70 7.31412
      vertex 82.9215 70 7.31412
    endloop
  endfacet
  facet normal 0 1 0
    outer loop
      vertex 82.7979 70 7.20208
      vertex 17.2021 70 7.20208
      vertex 17.0785 70 7.31412
    endloop
  endfacet
  facet normal 0 1 -0
    outer loop
      vertex 82.6859 70 7.07847
      vertex 17.2021 70 7.20208
      vertex 82.7979 70 7.20208
    endloop
  endfacet
  facet normal 0 1 0
    outer loop
      vertex 82.6859 70 7.07847
      vertex 17.3141 70 7.07847
      vertex 17.2021 70 7.20208
    endloop
  endfacet
  facet normal 0 1 -0
    outer loop
      vertex 82.5865 70 6.94447
      vertex 17.3141 70 7.07847
      vertex 82.6859 70 7.07847
    endloop
  endfacet
  facet normal 0 1 0
    outer loop
      vertex 82.5865 70 6.94447
      vertex 17.4135 70 6.94447
      vertex 17.3141 70 7.07847
    endloop
  endfacet
  facet normal 0 1 -0
    outer loop
      vertex 82.5007 70 6.80137
      vertex 17.4135 70 6.94447
      vertex 82.5865 70 6.94447
    endloop
  endfacet
  facet normal 0 1 0
    outer loop
      vertex 82.5007 70 6.80137
      vertex 17.4993 70 6.80137
      vertex 17.4135 70 6.94447
    endloop
  endfacet
  facet normal 0 1 -0
    outer loop
      vertex 82.4294 70 6.65056
      vertex 17.4993 70 6.80137
      vertex 82.5007 70 6.80137
    endloop
  endfacet
  facet normal 0 1 0
    outer loop
      vertex 82.4294 70 6.65056
      vertex 17.5706 70 6.65056
      vertex 17.4993 70 6.80137
    endloop
  endfacet
  facet normal 0 1 -0
    outer loop
      vertex 82.3732 70 6.49348
      vertex 17.5706 70 6.65056
      vertex 82.4294 70 6.65056
    endloop
  endfacet
  facet normal 0 1 0
    outer loop
      vertex 82.3732 70 6.49348
      vertex 17.6268 70 6.49348
      vertex 17.5706 70 6.65056
    endloop
  endfacet
  facet normal 0 1 -0
    outer loop
      vertex 82.3327 70 6.33165
      vertex 17.6268 70 6.49348
      vertex 82.3732 70 6.49348
    endloop
  endfacet
  facet normal 0 1 0
    outer loop
      vertex 82.3327 70 6.33165
      vertex 17.6673 70 6.33165
      vertex 17.6268 70 6.49348
    endloop
  endfacet
  facet normal 0 1 -0
    outer loop
      vertex 82.3082 70 6.16663
      vertex 17.6673 70 6.33165
      vertex 82.3327 70 6.33165
    endloop
  endfacet
  facet normal 0 1 0
    outer loop
      vertex 82.3082 70 6.16663
      vertex 17.6918 70 6.16663
      vertex 17.6673 70 6.33165
    endloop
  endfacet
  facet normal 0 1 -0
    outer loop
      vertex 82.3 70 6
      vertex 17.6918 70 6.16663
      vertex 82.3082 70 6.16663
    endloop
  endfacet
  facet normal 0 1 0
    outer loop
      vertex 82.3 70 6
      vertex 17.7 70 6
      vertex 17.6918 70 6.16663
    endloop
  endfacet
  facet normal 0 1 0
    outer loop
      vertex 82.3082 70 5.83337
      vertex 17.7 70 6
      vertex 82.3 70 6
    endloop
  endfacet
  facet normal 0 1 0
    outer loop
      vertex 82.3082 70 5.83337
      vertex 17.6918 70 5.83337
      vertex 17.7 70 6
    endloop
  endfacet
  facet normal 0 1 0
    outer loop
      vertex 82.3327 70 5.66835
      vertex 17.6918 70 5.83337
      vertex 82.3082 70 5.83337
    endloop
  endfacet
  facet normal 0 1 0
    outer loop
      vertex 82.3327 70 5.66835
      vertex 17.6673 70 5.66835
      vertex 17.6918 70 5.83337
    endloop
  endfacet
  facet normal 0 1 0
    outer loop
      vertex 82.3732 70 5.50652
      vertex 17.6673 70 5.66835
      vertex 82.3327 70 5.66835
    endloop
  endfacet
  facet normal 0 1 0
    outer loop
      vertex 82.3732 70 5.50652
      vertex 17.6268 70 5.50652
      vertex 17.6673 70 5.66835
    endloop
  endfacet
  facet normal 0 1 0
    outer loop
      vertex 82.4294 70 5.34944
      vertex 17.6268 70 5.50652
      vertex 82.3732 70 5.50652
    endloop
  endfacet
  facet normal 0 1 0
    outer loop
      vertex 82.4294 70 5.34944
      vertex 17.5706 70 5.34944
      vertex 17.6268 70 5.50652
    endloop
  endfacet
  facet normal 0 1 0
    outer loop
      vertex 82.5007 70 5.19862
      vertex 17.5706 70 5.34944
      vertex 82.4294 70 5.34944
    endloop
  endfacet
  facet normal 0 1 0
    outer loop
      vertex 82.5007 70 5.19862
      vertex 17.4993 70 5.19862
      vertex 17.5706 70 5.34944
    endloop
  endfacet
  facet normal 0 1 0
    outer loop
      vertex 82.5865 70 5.05553
      vertex 17.4993 70 5.19862
      vertex 82.5007 70 5.19862
    endloop
  endfacet
  facet normal 0 1 0
    outer loop
      vertex 82.5865 70 5.05553
      vertex 17.4135 70 5.05553
      vertex 17.4993 70 5.19862
    endloop
  endfacet
  facet normal 0 1 0
    outer loop
      vertex 82.6859 70 4.92153
      vertex 17.4135 70 5.05553
      vertex 82.5865 70 5.05553
    endloop
  endfacet
  facet normal 0 1 0
    outer loop
      vertex 82.6859 70 4.92153
      vertex 17.3141 70 4.92153
      vertex 17.4135 70 5.05553
    endloop
  endfacet
  facet normal 0 1 0
    outer loop
      vertex 82.7979 70 4.79792
      vertex 17.3141 70 4.92153
      vertex 82.6859 70 4.92153
    endloop
  endfacet
  facet normal 0 1 0
    outer loop
      vertex 82.7979 70 4.79792
      vertex 17.2021 70 4.79792
      vertex 17.3141 70 4.92153
    endloop
  endfacet
  facet normal 0 1 0
    outer loop
      vertex 82.9215 70 4.68588
      vertex 17.2021 70 4.79792
      vertex 82.7979 70 4.79792
    endloop
  endfacet
  facet normal 0 1 0
    outer loop
      vertex 82.9215 70 4.68588
      vertex 17.0785 70 4.68588
      vertex 17.2021 70 4.79792
    endloop
  endfacet
  facet normal 0 1 0
    outer loop
      vertex 83.0555 70 4.5865
      vertex 17.0785 70 4.68588
      vertex 82.9215 70 4.68588
    endloop
  endfacet
  facet normal 0 1 0
    outer loop
      vertex 83.0555 70 4.5865
      vertex 16.9445 70 4.5865
      vertex 17.0785 70 4.68588
    endloop
  endfacet
  facet normal 0 1 0
    outer loop
      vertex 83.1986 70 4.50073
      vertex 16.9445 70 4.5865
      vertex 83.0555 70 4.5865
    endloop
  endfacet
  facet normal 0 1 0
    outer loop
      vertex 83.1986 70 4.50073
      vertex 16.8014 70 4.50073
      vertex 16.9445 70 4.5865
    endloop
  endfacet
  facet normal 0 1 0
    outer loop
      vertex 83.3494 70 4.4294
      vertex 16.8014 70 4.50073
      vertex 83.1986 70 4.50073
    endloop
  endfacet
  facet normal 0 1 0
    outer loop
      vertex 83.3494 70 4.4294
      vertex 16.6506 70 4.4294
      vertex 16.8014 70 4.50073
    endloop
  endfacet
  facet normal 0 1 0
    outer loop
      vertex 83.5065 70 4.3732
      vertex 16.6506 70 4.4294
      vertex 83.3494 70 4.4294
    endloop
  endfacet
  facet normal 0 1 0
    outer loop
      vertex 83.5065 70 4.3732
      vertex 16.4935 70 4.3732
      vertex 16.6506 70 4.4294
    endloop
  endfacet
  facet normal 0 1 0
    outer loop
      vertex 96 70 0
      vertex 83.5065 70 4.3732
      vertex 83.6684 70 4.33266
    endloop
  endfacet
  facet normal 0 1 0
    outer loop
      vertex 83.5065 70 4.3732
      vertex 96 70 0
      vertex 16.4935 70 4.3732
    endloop
  endfacet
  facet normal 0 1 0
    outer loop
      vertex 96 70 0
      vertex 83.6684 70 4.33266
      vertex 83.8334 70 4.30819
    endloop
  endfacet
  facet normal 0 1 0
    outer loop
      vertex 4 70 0
      vertex 16.4935 70 4.3732
      vertex 96 70 0
    endloop
  endfacet
  facet normal 0 1 0
    outer loop
      vertex 96 70 0
      vertex 83.8334 70 4.30819
      vertex 84 70 4.3
    endloop
  endfacet
  facet normal 0 1 0
    outer loop
      vertex 16.4935 70 4.3732
      vertex 4 70 0
      vertex 16.3317 70 4.33266
    endloop
  endfacet
  facet normal 0 1 0
    outer loop
      vertex 83.8334 70 7.69181
      vertex 96 70 12
      vertex 84 70 7.7
    endloop
  endfacet
  facet normal 0 1 0
    outer loop
      vertex 96 70 12
      vertex 84.1666 70 7.69181
      vertex 84 70 7.7
    endloop
  endfacet
  facet normal 0 1 0
    outer loop
      vertex 96 70 12
      vertex 84.3316 70 7.66733
      vertex 84.1666 70 7.69181
    endloop
  endfacet
  facet normal 0 1 0
    outer loop
      vertex 96 70 12
      vertex 84.4935 70 7.6268
      vertex 84.3316 70 7.66733
    endloop
  endfacet
  facet normal 0 1 0
    outer loop
      vertex 96 70 12
      vertex 84.6506 70 7.57059
      vertex 84.4935 70 7.6268
    endloop
  endfacet
  facet normal 0 1 0
    outer loop
      vertex 96 70 12
      vertex 84.8014 70 7.49927
      vertex 84.6506 70 7.57059
    endloop
  endfacet
  facet normal 0 1 0
    outer loop
      vertex 96 70 12
      vertex 84.9445 70 7.4135
      vertex 84.8014 70 7.49927
    endloop
  endfacet
  facet normal 0 1 0
    outer loop
      vertex 96 70 12
      vertex 85.0785 70 7.31412
      vertex 84.9445 70 7.4135
    endloop
  endfacet
  facet normal 0 1 0
    outer loop
      vertex 96 70 12
      vertex 85.2021 70 7.20208
      vertex 85.0785 70 7.31412
    endloop
  endfacet
  facet normal 0 1 0
    outer loop
      vertex 96 70 12
      vertex 85.3141 70 7.07847
      vertex 85.2021 70 7.20208
    endloop
  endfacet
  facet normal 0 1 0
    outer loop
      vertex 96 70 12
      vertex 85.4135 70 6.94447
      vertex 85.3141 70 7.07847
    endloop
  endfacet
  facet normal 0 1 0
    outer loop
      vertex 96 70 12
      vertex 85.4993 70 6.80137
      vertex 85.4135 70 6.94447
    endloop
  endfacet
  facet normal 0 1 0
    outer loop
      vertex 96 70 12
      vertex 85.5706 70 6.65056
      vertex 85.4993 70 6.80137
    endloop
  endfacet
  facet normal 0 1 0
    outer loop
      vertex 96 70 12
      vertex 85.6268 70 6.49348
      vertex 85.5706 70 6.65056
    endloop
  endfacet
  facet normal 0 1 0
    outer loop
      vertex 96 70 12
      vertex 85.6673 70 6.33165
      vertex 85.6268 70 6.49348
    endloop
  endfacet
  facet normal 0 1 0
    outer loop
      vertex 96 70 12
      vertex 85.6918 70 6.16663
      vertex 85.6673 70 6.33165
    endloop
  endfacet
  facet normal 0 1 0
    outer loop
      vertex 96 70 12
      vertex 85.7 70 6
      vertex 85.6918 70 6.16663
    endloop
  endfacet
  facet normal 0 1 -0
    outer loop
      vertex 96 70 0
      vertex 85.7 70 6
      vertex 96 70 12
    endloop
  endfacet
  facet normal 0 1 0
    outer loop
      vertex 85.7 70 6
      vertex 96 70 0
      vertex 85.6918 70 5.83337
    endloop
  endfacet
  facet normal 0 1 0
    outer loop
      vertex 85.6918 70 5.83337
      vertex 96 70 0
      vertex 85.6673 70 5.66835
    endloop
  endfacet
  facet normal 0 1 0
    outer loop
      vertex 85.6673 70 5.66835
      vertex 96 70 0
      vertex 85.6268 70 5.50652
    endloop
  endfacet
  facet normal 0 1 0
    outer loop
      vertex 85.6268 70 5.50652
      vertex 96 70 0
      vertex 85.5706 70 5.34944
    endloop
  endfacet
  facet normal 0 1 0
    outer loop
      vertex 85.5706 70 5.34944
      vertex 96 70 0
      vertex 85.4993 70 5.19862
    endloop
  endfacet
  facet normal 0 1 0
    outer loop
      vertex 85.4993 70 5.19862
      vertex 96 70 0
      vertex 85.4135 70 5.05553
    endloop
  endfacet
  facet normal 0 1 0
    outer loop
      vertex 85.4135 70 5.05553
      vertex 96 70 0
      vertex 85.3141 70 4.92153
    endloop
  endfacet
  facet normal 0 1 0
    outer loop
      vertex 85.3141 70 4.92153
      vertex 96 70 0
      vertex 85.2021 70 4.79792
    endloop
  endfacet
  facet normal 0 1 0
    outer loop
      vertex 85.2021 70 4.79792
      vertex 96 70 0
      vertex 85.0785 70 4.68588
    endloop
  endfacet
  facet normal 0 1 0
    outer loop
      vertex 16.3317 70 4.33266
      vertex 4 70 0
      vertex 16.1666 70 4.30819
    endloop
  endfacet
  facet normal 0 1 0
    outer loop
      vertex 84.1666 70 4.30819
      vertex 96 70 0
      vertex 84 70 4.3
    endloop
  endfacet
  facet normal 0 1 0
    outer loop
      vertex 84.3316 70 4.33266
      vertex 96 70 0
      vertex 84.1666 70 4.30819
    endloop
  endfacet
  facet normal 0 1 0
    outer loop
      vertex 84.4935 70 4.3732
      vertex 96 70 0
      vertex 84.3316 70 4.33266
    endloop
  endfacet
  facet normal 0 1 0
    outer loop
      vertex 84.6506 70 4.4294
      vertex 96 70 0
      vertex 84.4935 70 4.3732
    endloop
  endfacet
  facet normal 0 1 0
    outer loop
      vertex 84.8014 70 4.50073
      vertex 96 70 0
      vertex 84.6506 70 4.4294
    endloop
  endfacet
  facet normal 0 1 0
    outer loop
      vertex 84.9445 70 4.5865
      vertex 96 70 0
      vertex 84.8014 70 4.50073
    endloop
  endfacet
  facet normal 0 1 0
    outer loop
      vertex 85.0785 70 4.68588
      vertex 96 70 0
      vertex 84.9445 70 4.5865
    endloop
  endfacet
  facet normal 0 1 0
    outer loop
      vertex 83.6684 70 7.66733
      vertex 96 70 12
      vertex 83.8334 70 7.69181
    endloop
  endfacet
  facet normal 0 1 -0
    outer loop
      vertex 15.8334 70 7.69181
      vertex 4 70 12
      vertex 16 70 7.7
    endloop
  endfacet
  facet normal 0 1 -0
    outer loop
      vertex 15.6683 70 7.66733
      vertex 4 70 12
      vertex 15.8334 70 7.69181
    endloop
  endfacet
  facet normal 0 1 -0
    outer loop
      vertex 15.5065 70 7.6268
      vertex 4 70 12
      vertex 15.6683 70 7.66733
    endloop
  endfacet
  facet normal 0 1 -0
    outer loop
      vertex 15.3494 70 7.57059
      vertex 4 70 12
      vertex 15.5065 70 7.6268
    endloop
  endfacet
  facet normal 0 1 -0
    outer loop
      vertex 15.1986 70 7.49927
      vertex 4 70 12
      vertex 15.3494 70 7.57059
    endloop
  endfacet
  facet normal 0 1 -0
    outer loop
      vertex 15.0555 70 7.4135
      vertex 4 70 12
      vertex 15.1986 70 7.49927
    endloop
  endfacet
  facet normal 0 1 -0
    outer loop
      vertex 14.9215 70 7.31412
      vertex 4 70 12
      vertex 15.0555 70 7.4135
    endloop
  endfacet
  facet normal 0 1 -0
    outer loop
      vertex 14.7979 70 7.20208
      vertex 4 70 12
      vertex 14.9215 70 7.31412
    endloop
  endfacet
  facet normal 0 1 -0
    outer loop
      vertex 14.6859 70 7.07847
      vertex 4 70 12
      vertex 14.7979 70 7.20208
    endloop
  endfacet
  facet normal 0 1 -0
    outer loop
      vertex 14.5865 70 6.94447
      vertex 4 70 12
      vertex 14.6859 70 7.07847
    endloop
  endfacet
  facet normal 0 1 -0
    outer loop
      vertex 14.5007 70 6.80137
      vertex 4 70 12
      vertex 14.5865 70 6.94447
    endloop
  endfacet
  facet normal 0 1 -0
    outer loop
      vertex 14.4294 70 6.65056
      vertex 4 70 12
      vertex 14.5007 70 6.80137
    endloop
  endfacet
  facet normal 0 1 -0
    outer loop
      vertex 14.3732 70 6.49348
      vertex 4 70 12
      vertex 14.4294 70 6.65056
    endloop
  endfacet
  facet normal 0 1 -0
    outer loop
      vertex 14.3327 70 6.33165
      vertex 4 70 12
      vertex 14.3732 70 6.49348
    endloop
  endfacet
  facet normal 0 1 -0
    outer loop
      vertex 14.3082 70 6.16663
      vertex 4 70 12
      vertex 14.3327 70 6.33165
    endloop
  endfacet
  facet normal 0 1 -0
    outer loop
      vertex 14.3 70 6
      vertex 4 70 12
      vertex 14.3082 70 6.16663
    endloop
  endfacet
  facet normal 0 1 0
    outer loop
      vertex 4 70 0
      vertex 14.3 70 6
      vertex 14.3082 70 5.83337
    endloop
  endfacet
  facet normal 0 1 0
    outer loop
      vertex 4 70 0
      vertex 14.3082 70 5.83337
      vertex 14.3327 70 5.66835
    endloop
  endfacet
  facet normal 0 1 0
    outer loop
      vertex 4 70 0
      vertex 14.3327 70 5.66835
      vertex 14.3732 70 5.50652
    endloop
  endfacet
  facet normal 0 1 0
    outer loop
      vertex 4 70 0
      vertex 14.3732 70 5.50652
      vertex 14.4294 70 5.34944
    endloop
  endfacet
  facet normal 0 1 0
    outer loop
      vertex 4 70 0
      vertex 14.4294 70 5.34944
      vertex 14.5007 70 5.19862
    endloop
  endfacet
  facet normal 0 1 0
    outer loop
      vertex 4 70 0
      vertex 14.5007 70 5.19862
      vertex 14.5865 70 5.05553
    endloop
  endfacet
  facet normal 0 1 0
    outer loop
      vertex 4 70 0
      vertex 14.5865 70 5.05553
      vertex 14.6859 70 4.92153
    endloop
  endfacet
  facet normal 0 1 0
    outer loop
      vertex 4 70 0
      vertex 14.6859 70 4.92153
      vertex 14.7979 70 4.79792
    endloop
  endfacet
  facet normal 0 1 0
    outer loop
      vertex 4 70 0
      vertex 14.7979 70 4.79792
      vertex 14.9215 70 4.68588
    endloop
  endfacet
  facet normal 0 1 0
    outer loop
      vertex 4 70 0
      vertex 14.9215 70 4.68588
      vertex 15.0555 70 4.5865
    endloop
  endfacet
  facet normal 0 1 0
    outer loop
      vertex 16.1666 70 4.30819
      vertex 4 70 0
      vertex 16 70 4.3
    endloop
  endfacet
  facet normal 0 1 0
    outer loop
      vertex 14.3 70 6
      vertex 4 70 0
      vertex 4 70 12
    endloop
  endfacet
  facet normal 0 1 0
    outer loop
      vertex 15.1986 70 4.50073
      vertex 4 70 0
      vertex 15.0555 70 4.5865
    endloop
  endfacet
  facet normal 0 1 0
    outer loop
      vertex 15.3494 70 4.4294
      vertex 4 70 0
      vertex 15.1986 70 4.50073
    endloop
  endfacet
  facet normal 0 1 0
    outer loop
      vertex 15.5065 70 4.3732
      vertex 4 70 0
      vertex 15.3494 70 4.4294
    endloop
  endfacet
  facet normal 0 1 0
    outer loop
      vertex 15.6683 70 4.33266
      vertex 4 70 0
      vertex 15.5065 70 4.3732
    endloop
  endfacet
  facet normal 0 1 0
    outer loop
      vertex 15.8334 70 4.30819
      vertex 4 70 0
      vertex 15.6683 70 4.33266
    endloop
  endfacet
  facet normal 0 1 0
    outer loop
      vertex 16 70 4.3
      vertex 4 70 0
      vertex 15.8334 70 4.30819
    endloop
  endfacet
  facet normal -1 0 0
    outer loop
      vertex 0 66 0
      vertex 0 45 4.4
      vertex 0 66 12
    endloop
  endfacet
  facet normal -1 0 0
    outer loop
      vertex 0 66 0
      vertex 0 25 4.4
      vertex 0 45 4.4
    endloop
  endfacet
  facet normal -1 0 0
    outer loop
      vertex 0 4 0
      vertex 0 25 4.4
      vertex 0 66 0
    endloop
  endfacet
  facet normal -1 0 0
    outer loop
      vertex 0 4 12
      vertex 0 25 4.4
      vertex 0 4 0
    endloop
  endfacet
  facet normal -1 0 0
    outer loop
      vertex 0 25 4.4
      vertex 0 4 12
      vertex 0 25 12
    endloop
  endfacet
  facet normal -1 -0 0
    outer loop
      vertex 0 66 12
      vertex 0 45 4.4
      vertex 0 45 12
    endloop
  endfacet
  facet normal -0.5141 -0.85773 0
    outer loop
      vertex 1.77773 0.674118 0
      vertex 2.11441 0.472321 12
      vertex 1.77773 0.674118 12
    endloop
  endfacet
  facet normal -0.5141 -0.85773 -0
    outer loop
      vertex 2.11441 0.472321 12
      vertex 1.77773 0.674118 0
      vertex 2.11441 0.472321 0
    endloop
  endfacet
  facet normal 0.242835 0.970068 -0
    outer loop
      vertex 97.1611 69.8278 0
      vertex 96.7804 69.9231 12
      vertex 97.1611 69.8278 12
    endloop
  endfacet
  facet normal 0.242835 0.970068 0
    outer loop
      vertex 96.7804 69.9231 12
      vertex 97.1611 69.8278 0
      vertex 96.7804 69.9231 0
    endloop
  endfacet
  facet normal -0.998796 0.0490523 0
    outer loop
      vertex 0 66 0
      vertex 0.0192566 66.3921 12
      vertex 0.0192566 66.3921 0
    endloop
  endfacet
  facet normal -0.998796 0.0490523 0
    outer loop
      vertex 0.0192566 66.3921 12
      vertex 0 66 0
      vertex 0 66 12
    endloop
  endfacet
  facet normal -0.803209 -0.595697 0
    outer loop
      vertex 0.907959 1.46243 0
      vertex 0.674118 1.77773 12
      vertex 0.674118 1.77773 0
    endloop
  endfacet
  facet normal -0.803209 -0.595697 0
    outer loop
      vertex 0.674118 1.77773 12
      vertex 0.907959 1.46243 0
      vertex 0.907959 1.46243 12
    endloop
  endfacet
  facet normal -0.427546 -0.903994 0
    outer loop
      vertex 2.11441 0.472321 0
      vertex 2.46927 0.304489 12
      vertex 2.11441 0.472321 12
    endloop
  endfacet
  facet normal -0.427546 -0.903994 -0
    outer loop
      vertex 2.46927 0.304489 12
      vertex 2.11441 0.472321 0
      vertex 2.46927 0.304489 0
    endloop
  endfacet
  facet normal -0.146742 -0.989175 0
    outer loop
      vertex 3.21964 0.0768585 0
      vertex 3.60793 0.0192566 12
      vertex 3.21964 0.0768585 12
    endloop
  endfacet
  facet normal -0.146742 -0.989175 -0
    outer loop
      vertex 3.60793 0.0192566 12
      vertex 3.21964 0.0768585 0
      vertex 3.60793 0.0192566 0
    endloop
  endfacet
  facet normal -0.242991 -0.970029 0
    outer loop
      vertex 2.83887 0.172241 0
      vertex 3.21964 0.0768585 12
      vertex 2.83887 0.172241 12
    endloop
  endfacet
  facet normal -0.242991 -0.970029 -0
    outer loop
      vertex 3.21964 0.0768585 12
      vertex 2.83887 0.172241 0
      vertex 3.21964 0.0768585 0
    endloop
  endfacet
  facet normal -0.336897 -0.941542 0
    outer loop
      vertex 2.46927 0.304489 0
      vertex 2.83887 0.172241 12
      vertex 2.46927 0.304489 12
    endloop
  endfacet
  facet normal -0.336897 -0.941542 -0
    outer loop
      vertex 2.83887 0.172241 12
      vertex 2.46927 0.304489 0
      vertex 2.83887 0.172241 0
    endloop
  endfacet
  facet normal 0.595794 0.803137 -0
    outer loop
      vertex 98.5376 69.092 0
      vertex 98.2223 69.3259 12
      vertex 98.5376 69.092 12
    endloop
  endfacet
  facet normal 0.595794 0.803137 0
    outer loop
      vertex 98.2223 69.3259 12
      vertex 98.5376 69.092 0
      vertex 98.2223 69.3259 0
    endloop
  endfacet
  facet normal 0.337014 0.9415 -0
    outer loop
      vertex 97.5307 69.6955 0
      vertex 97.1611 69.8278 12
      vertex 97.5307 69.6955 12
    endloop
  endfacet
  facet normal 0.337014 0.9415 0
    outer loop
      vertex 97.1611 69.8278 12
      vertex 97.5307 69.6955 0
      vertex 97.1611 69.8278 0
    endloop
  endfacet
  facet normal 0.0491626 0.998791 -0
    outer loop
      vertex 96.3921 69.9807 0
      vertex 96 70 12
      vertex 96.3921 69.9807 12
    endloop
  endfacet
  facet normal 0.0491626 0.998791 0
    outer loop
      vertex 96 70 12
      vertex 96.3921 69.9807 0
      vertex 96 70 0
    endloop
  endfacet
  facet normal -0.146737 0.989176 0
    outer loop
      vertex 3.60793 69.9807 0
      vertex 3.21964 69.9231 12
      vertex 3.60793 69.9807 12
    endloop
  endfacet
  facet normal -0.146737 0.989176 0
    outer loop
      vertex 3.21964 69.9231 12
      vertex 3.60793 69.9807 0
      vertex 3.21964 69.9231 0
    endloop
  endfacet
  facet normal -0.595794 0.803137 0
    outer loop
      vertex 1.77773 69.3259 0
      vertex 1.46243 69.092 12
      vertex 1.77773 69.3259 12
    endloop
  endfacet
  facet normal -0.595794 0.803137 0
    outer loop
      vertex 1.46243 69.092 12
      vertex 1.77773 69.3259 0
      vertex 1.46243 69.092 0
    endloop
  endfacet
  facet normal -0.671531 0.740977 0
    outer loop
      vertex 1.46243 69.092 0
      vertex 1.17157 68.8284 12
      vertex 1.46243 69.092 12
    endloop
  endfacet
  facet normal -0.671531 0.740977 0
    outer loop
      vertex 1.17157 68.8284 12
      vertex 1.46243 69.092 0
      vertex 1.17157 68.8284 0
    endloop
  endfacet
  facet normal -0.904012 0.427507 0
    outer loop
      vertex 0.304489 67.5307 0
      vertex 0.472321 67.8856 12
      vertex 0.472321 67.8856 0
    endloop
  endfacet
  facet normal -0.904012 0.427507 0
    outer loop
      vertex 0.472321 67.8856 12
      vertex 0.304489 67.5307 0
      vertex 0.304489 67.5307 12
    endloop
  endfacet
  facet normal -0.941542 -0.336897 0
    outer loop
      vertex 0.304489 2.46927 0
      vertex 0.172241 2.83887 12
      vertex 0.172241 2.83887 0
    endloop
  endfacet
  facet normal -0.941542 -0.336897 0
    outer loop
      vertex 0.172241 2.83887 12
      vertex 0.304489 2.46927 0
      vertex 0.304489 2.46927 12
    endloop
  endfacet
  facet normal -0.740963 -0.671546 0
    outer loop
      vertex 1.17157 1.17157 0
      vertex 0.907959 1.46243 12
      vertex 0.907959 1.46243 0
    endloop
  endfacet
  facet normal -0.740963 -0.671546 0
    outer loop
      vertex 0.907959 1.46243 12
      vertex 1.17157 1.17157 0
      vertex 1.17157 1.17157 12
    endloop
  endfacet
  facet normal -0.85773 -0.5141 0
    outer loop
      vertex 0.674118 1.77773 0
      vertex 0.472321 2.11441 12
      vertex 0.472321 2.11441 0
    endloop
  endfacet
  facet normal -0.85773 -0.5141 0
    outer loop
      vertex 0.472321 2.11441 12
      vertex 0.674118 1.77773 0
      vertex 0.674118 1.77773 12
    endloop
  endfacet
  facet normal 0 0 -1
    outer loop
      vertex 96 0 0
      vertex 100 4 0
      vertex 99.9807 3.60793 0
    endloop
  endfacet
  facet normal -0 0 -1
    outer loop
      vertex 100 4 0
      vertex 96 0 0
      vertex 100 66 0
    endloop
  endfacet
  facet normal 0 0 -1
    outer loop
      vertex 96 0 0
      vertex 99.9807 3.60793 0
      vertex 99.9231 3.21964 0
    endloop
  endfacet
  facet normal 0 0 -1
    outer loop
      vertex 96 70 0
      vertex 100 66 0
      vertex 96 0 0
    endloop
  endfacet
  facet normal 0 0 -1
    outer loop
      vertex 96 0 0
      vertex 99.9231 3.21964 0
      vertex 99.8278 2.83887 0
    endloop
  endfacet
  facet normal 0 0 -1
    outer loop
      vertex 100 66 0
      vertex 96 70 0
      vertex 99.9807 66.3921 0
    endloop
  endfacet
  facet normal 0 0 -1
    outer loop
      vertex 96 0 0
      vertex 99.8278 2.83887 0
      vertex 99.6955 2.46927 0
    endloop
  endfacet
  facet normal 0 0 -1
    outer loop
      vertex 99.9807 66.3921 0
      vertex 96 70 0
      vertex 99.9231 66.7804 0
    endloop
  endfacet
  facet normal 0 0 -1
    outer loop
      vertex 96 0 0
      vertex 99.6955 2.46927 0
      vertex 99.5277 2.11441 0
    endloop
  endfacet
  facet normal 0 0 -1
    outer loop
      vertex 99.9231 66.7804 0
      vertex 96 70 0
      vertex 99.8278 67.1611 0
    endloop
  endfacet
  facet normal 0 0 -1
    outer loop
      vertex 96 0 0
      vertex 99.5277 2.11441 0
      vertex 99.3259 1.77773 0
    endloop
  endfacet
  facet normal 0 0 -1
    outer loop
      vertex 99.8278 67.1611 0
      vertex 96 70 0
      vertex 99.6955 67.5307 0
    endloop
  endfacet
  facet normal 0 0 -1
    outer loop
      vertex 96 0 0
      vertex 99.3259 1.77773 0
      vertex 99.092 1.46243 0
    endloop
  endfacet
  facet normal 0 0 -1
    outer loop
      vertex 99.6955 67.5307 0
      vertex 96 70 0
      vertex 99.5277 67.8856 0
    endloop
  endfacet
  facet normal 0 0 -1
    outer loop
      vertex 96 0 0
      vertex 99.092 1.46243 0
      vertex 98.8284 1.17157 0
    endloop
  endfacet
  facet normal 0 0 -1
    outer loop
      vertex 99.5277 67.8856 0
      vertex 96 70 0
      vertex 99.3259 68.2223 0
    endloop
  endfacet
  facet normal 0 0 -1
    outer loop
      vertex 96 0 0
      vertex 98.8284 1.17157 0
      vertex 98.5376 0.907959 0
    endloop
  endfacet
  facet normal 0 0 -1
    outer loop
      vertex 99.3259 68.2223 0
      vertex 96 70 0
      vertex 99.092 68.5376 0
    endloop
  endfacet
  facet normal 0 0 -1
    outer loop
      vertex 96 0 0
      vertex 98.5376 0.907959 0
      vertex 98.2223 0.674118 0
    endloop
  endfacet
  facet normal 0 0 -1
    outer loop
      vertex 99.092 68.5376 0
      vertex 96 70 0
      vertex 98.8284 68.8284 0
    endloop
  endfacet
  facet normal 0 0 -1
    outer loop
      vertex 96 0 0
      vertex 98.2223 0.674118 0
      vertex 97.8856 0.472321 0
    endloop
  endfacet
  facet normal 0 0 -1
    outer loop
      vertex 98.8284 68.8284 0
      vertex 96 70 0
      vertex 98.5376 69.092 0
    endloop
  endfacet
  facet normal 0 0 -1
    outer loop
      vertex 96 0 0
      vertex 97.8856 0.472321 0
      vertex 97.5307 0.304489 0
    endloop
  endfacet
  facet normal 0 0 -1
    outer loop
      vertex 98.5376 69.092 0
      vertex 96 70 0
      vertex 98.2223 69.3259 0
    endloop
  endfacet
  facet normal 0 0 -1
    outer loop
      vertex 96 0 0
      vertex 97.5307 0.304489 0
      vertex 97.1611 0.172241 0
    endloop
  endfacet
  facet normal 0 0 -1
    outer loop
      vertex 98.2223 69.3259 0
      vertex 96 70 0
      vertex 97.8856 69.5277 0
    endloop
  endfacet
  facet normal 0 0 -1
    outer loop
      vertex 96 0 0
      vertex 97.1611 0.172241 0
      vertex 96.7804 0.0768585 0
    endloop
  endfacet
  facet normal 0 0 -1
    outer loop
      vertex 97.8856 69.5277 0
      vertex 96 70 0
      vertex 97.5307 69.6955 0
    endloop
  endfacet
  facet normal 0 0 -1
    outer loop
      vertex 96 0 0
      vertex 96.7804 0.0768585 0
      vertex 96.3921 0.0192566 0
    endloop
  endfacet
  facet normal 0 0 -1
    outer loop
      vertex 97.5307 69.6955 0
      vertex 96 70 0
      vertex 97.1611 69.8278 0
    endloop
  endfacet
  facet normal 0 0 -1
    outer loop
      vertex 97.1611 69.8278 0
      vertex 96 70 0
      vertex 96.7804 69.9231 0
    endloop
  endfacet
  facet normal 0 0 -1
    outer loop
      vertex 96.7804 69.9231 0
      vertex 96 70 0
      vertex 96.3921 69.9807 0
    endloop
  endfacet
  facet normal 0 0 -1
    outer loop
      vertex 4 0 0
      vertex 96 70 0
      vertex 96 0 0
    endloop
  endfacet
  facet normal 0 0 -1
    outer loop
      vertex 4 0 0
      vertex 4 70 0
      vertex 96 70 0
    endloop
  endfacet
  facet normal 0 0 -1
    outer loop
      vertex 0 4 0
      vertex 4 0 0
      vertex 3.60793 0.0192566 0
    endloop
  endfacet
  facet normal 0 0 -1
    outer loop
      vertex 4 0 0
      vertex 0 4 0
      vertex 4 70 0
    endloop
  endfacet
  facet normal 0 0 -1
    outer loop
      vertex 0 4 0
      vertex 3.60793 0.0192566 0
      vertex 3.21964 0.0768585 0
    endloop
  endfacet
  facet normal 0 0 -1
    outer loop
      vertex 0 66 0
      vertex 4 70 0
      vertex 0 4 0
    endloop
  endfacet
  facet normal 0 0 -1
    outer loop
      vertex 0 4 0
      vertex 3.21964 0.0768585 0
      vertex 2.83887 0.172241 0
    endloop
  endfacet
  facet normal 0 0 -1
    outer loop
      vertex 4 70 0
      vertex 0 66 0
      vertex 3.60793 69.9807 0
    endloop
  endfacet
  facet normal 0 0 -1
    outer loop
      vertex 0 4 0
      vertex 2.83887 0.172241 0
      vertex 2.46927 0.304489 0
    endloop
  endfacet
  facet normal 0 0 -1
    outer loop
      vertex 3.60793 69.9807 0
      vertex 0 66 0
      vertex 3.21964 69.9231 0
    endloop
  endfacet
  facet normal 0 0 -1
    outer loop
      vertex 0 4 0
      vertex 2.46927 0.304489 0
      vertex 2.11441 0.472321 0
    endloop
  endfacet
  facet normal 0 0 -1
    outer loop
      vertex 3.21964 69.9231 0
      vertex 0 66 0
      vertex 2.83887 69.8278 0
    endloop
  endfacet
  facet normal 0 0 -1
    outer loop
      vertex 0 4 0
      vertex 2.11441 0.472321 0
      vertex 1.77773 0.674118 0
    endloop
  endfacet
  facet normal 0 0 -1
    outer loop
      vertex 2.83887 69.8278 0
      vertex 0 66 0
      vertex 2.46927 69.6955 0
    endloop
  endfacet
  facet normal 0 0 -1
    outer loop
      vertex 0 4 0
      vertex 1.77773 0.674118 0
      vertex 1.46243 0.907959 0
    endloop
  endfacet
  facet normal 0 0 -1
    outer loop
      vertex 2.46927 69.6955 0
      vertex 0 66 0
      vertex 2.11441 69.5277 0
    endloop
  endfacet
  facet normal 0 0 -1
    outer loop
      vertex 0 4 0
      vertex 1.46243 0.907959 0
      vertex 1.17157 1.17157 0
    endloop
  endfacet
  facet normal 0 0 -1
    outer loop
      vertex 2.11441 69.5277 0
      vertex 0 66 0
      vertex 1.77773 69.3259 0
    endloop
  endfacet
  facet normal 0 0 -1
    outer loop
      vertex 0 4 0
      vertex 1.17157 1.17157 0
      vertex 0.907959 1.46243 0
    endloop
  endfacet
  facet normal 0 0 -1
    outer loop
      vertex 1.77773 69.3259 0
      vertex 0 66 0
      vertex 1.46243 69.092 0
    endloop
  endfacet
  facet normal 0 0 -1
    outer loop
      vertex 0 4 0
      vertex 0.907959 1.46243 0
      vertex 0.674118 1.77773 0
    endloop
  endfacet
  facet normal 0 0 -1
    outer loop
      vertex 1.46243 69.092 0
      vertex 0 66 0
      vertex 1.17157 68.8284 0
    endloop
  endfacet
  facet normal 0 0 -1
    outer loop
      vertex 0 4 0
      vertex 0.674118 1.77773 0
      vertex 0.472321 2.11441 0
    endloop
  endfacet
  facet normal 0 0 -1
    outer loop
      vertex 1.17157 68.8284 0
      vertex 0 66 0
      vertex 0.907959 68.5376 0
    endloop
  endfacet
  facet normal 0 0 -1
    outer loop
      vertex 0 4 0
      vertex 0.472321 2.11441 0
      vertex 0.304489 2.46927 0
    endloop
  endfacet
  facet normal 0 0 -1
    outer loop
      vertex 0.907959 68.5376 0
      vertex 0 66 0
      vertex 0.674118 68.2223 0
    endloop
  endfacet
  facet normal 0 0 -1
    outer loop
      vertex 0 4 0
      vertex 0.304489 2.46927 0
      vertex 0.172241 2.83887 0
    endloop
  endfacet
  facet normal 0 0 -1
    outer loop
      vertex 0.674118 68.2223 0
      vertex 0 66 0
      vertex 0.472321 67.8856 0
    endloop
  endfacet
  facet normal 0 0 -1
    outer loop
      vertex 0 4 0
      vertex 0.172241 2.83887 0
      vertex 0.0768585 3.21964 0
    endloop
  endfacet
  facet normal 0 0 -1
    outer loop
      vertex 0.472321 67.8856 0
      vertex 0 66 0
      vertex 0.304489 67.5307 0
    endloop
  endfacet
  facet normal 0 0 -1
    outer loop
      vertex 0 4 0
      vertex 0.0768585 3.21964 0
      vertex 0.0192566 3.60793 0
    endloop
  endfacet
  facet normal 0 0 -1
    outer loop
      vertex 0.304489 67.5307 0
      vertex 0 66 0
      vertex 0.172241 67.1611 0
    endloop
  endfacet
  facet normal 0 0 -1
    outer loop
      vertex 0.172241 67.1611 0
      vertex 0 66 0
      vertex 0.0768585 66.7804 0
    endloop
  endfacet
  facet normal 0 0 -1
    outer loop
      vertex 0.0768585 66.7804 0
      vertex 0 66 0
      vertex 0.0192566 66.3921 0
    endloop
  endfacet
  facet normal 0.595697 -0.803209 0
    outer loop
      vertex 98.2223 0.674118 0
      vertex 98.5376 0.907959 12
      vertex 98.2223 0.674118 12
    endloop
  endfacet
  facet normal 0.595697 -0.803209 0
    outer loop
      vertex 98.5376 0.907959 12
      vertex 98.2223 0.674118 0
      vertex 98.5376 0.907959 0
    endloop
  endfacet
  facet normal 0.514084 0.85774 -0
    outer loop
      vertex 98.2223 69.3259 0
      vertex 97.8856 69.5277 12
      vertex 98.2223 69.3259 12
    endloop
  endfacet
  facet normal 0.514084 0.85774 0
    outer loop
      vertex 97.8856 69.5277 12
      vertex 98.2223 69.3259 0
      vertex 97.8856 69.5277 0
    endloop
  endfacet
  facet normal 0.42744 0.904044 -0
    outer loop
      vertex 97.8856 69.5277 0
      vertex 97.5307 69.6955 12
      vertex 97.8856 69.5277 12
    endloop
  endfacet
  facet normal 0.42744 0.904044 0
    outer loop
      vertex 97.5307 69.6955 12
      vertex 97.8856 69.5277 0
      vertex 97.5307 69.6955 0
    endloop
  endfacet
  facet normal 0.146733 0.989176 -0
    outer loop
      vertex 96.7804 69.9231 0
      vertex 96.3921 69.9807 12
      vertex 96.7804 69.9231 12
    endloop
  endfacet
  facet normal 0.146733 0.989176 0
    outer loop
      vertex 96.3921 69.9807 12
      vertex 96.7804 69.9231 0
      vertex 96.3921 69.9807 0
    endloop
  endfacet
  facet normal -0.242793 0.970078 0
    outer loop
      vertex 3.21964 69.9231 0
      vertex 2.83887 69.8278 12
      vertex 3.21964 69.9231 12
    endloop
  endfacet
  facet normal -0.242793 0.970078 0
    outer loop
      vertex 2.83887 69.8278 12
      vertex 3.21964 69.9231 0
      vertex 2.83887 69.8278 0
    endloop
  endfacet
  facet normal -0.857743 0.514078 0
    outer loop
      vertex 0.472321 67.8856 0
      vertex 0.674118 68.2223 12
      vertex 0.674118 68.2223 0
    endloop
  endfacet
  facet normal -0.857743 0.514078 0
    outer loop
      vertex 0.674118 68.2223 12
      vertex 0.472321 67.8856 0
      vertex 0.472321 67.8856 12
    endloop
  endfacet
  facet normal -0.803209 0.595697 0
    outer loop
      vertex 0.674118 68.2223 0
      vertex 0.907959 68.5376 12
      vertex 0.907959 68.5376 0
    endloop
  endfacet
  facet normal -0.803209 0.595697 0
    outer loop
      vertex 0.907959 68.5376 12
      vertex 0.674118 68.2223 0
      vertex 0.674118 68.2223 12
    endloop
  endfacet
  facet normal -0.740894 0.671622 0
    outer loop
      vertex 0.907959 68.5376 0
      vertex 1.17157 68.8284 12
      vertex 1.17157 68.8284 0
    endloop
  endfacet
  facet normal -0.740894 0.671622 0
    outer loop
      vertex 1.17157 68.8284 12
      vertex 0.907959 68.5376 0
      vertex 0.907959 68.5376 12
    endloop
  endfacet
  facet normal -0.989175 0.146738 0
    outer loop
      vertex 0.0192566 66.3921 0
      vertex 0.0768585 66.7804 12
      vertex 0.0768585 66.7804 0
    endloop
  endfacet
  facet normal -0.989175 0.146738 0
    outer loop
      vertex 0.0768585 66.7804 12
      vertex 0.0192566 66.3921 0
      vertex 0.0192566 66.3921 12
    endloop
  endfacet
  facet normal -0.970018 0.243033 0
    outer loop
      vertex 0.0768585 66.7804 0
      vertex 0.172241 67.1611 12
      vertex 0.172241 67.1611 0
    endloop
  endfacet
  facet normal -0.970018 0.243033 0
    outer loop
      vertex 0.172241 67.1611 12
      vertex 0.0768585 66.7804 0
      vertex 0.0768585 66.7804 12
    endloop
  endfacet
  facet normal -0.941542 0.336897 0
    outer loop
      vertex 0.172241 67.1611 0
      vertex 0.304489 67.5307 12
      vertex 0.304489 67.5307 0
    endloop
  endfacet
  facet normal -0.941542 0.336897 0
    outer loop
      vertex 0.304489 67.5307 12
      vertex 0.172241 67.1611 0
      vertex 0.172241 67.1611 12
    endloop
  endfacet
  facet normal -0.595697 -0.803209 0
    outer loop
      vertex 1.46243 0.907959 0
      vertex 1.77773 0.674118 12
      vertex 1.46243 0.907959 12
    endloop
  endfacet
  facet normal -0.595697 -0.803209 -0
    outer loop
      vertex 1.77773 0.674118 12
      vertex 1.46243 0.907959 0
      vertex 1.77773 0.674118 0
    endloop
  endfacet
  facet normal -0.970029 -0.242991 0
    outer loop
      vertex 0.172241 2.83887 0
      vertex 0.0768585 3.21964 12
      vertex 0.0768585 3.21964 0
    endloop
  endfacet
  facet normal -0.970029 -0.242991 0
    outer loop
      vertex 0.0768585 3.21964 12
      vertex 0.172241 2.83887 0
      vertex 0.172241 2.83887 12
    endloop
  endfacet
  facet normal -0.989175 -0.146742 0
    outer loop
      vertex 0.0768585 3.21964 0
      vertex 0.0192566 3.60793 12
      vertex 0.0192566 3.60793 0
    endloop
  endfacet
  facet normal -0.989175 -0.146742 0
    outer loop
      vertex 0.0192566 3.60793 12
      vertex 0.0768585 3.21964 0
      vertex 0.0768585 3.21964 12
    endloop
  endfacet
  facet normal 0.904044 0.42744 0
    outer loop
      vertex 99.6955 67.5307 12
      vertex 99.5277 67.8856 0
      vertex 99.5277 67.8856 12
    endloop
  endfacet
  facet normal 0.904044 0.42744 0
    outer loop
      vertex 99.5277 67.8856 0
      vertex 99.6955 67.5307 12
      vertex 99.6955 67.5307 0
    endloop
  endfacet
  facet normal 0.671607 0.740908 -0
    outer loop
      vertex 98.8284 68.8284 0
      vertex 98.5376 69.092 12
      vertex 98.8284 68.8284 12
    endloop
  endfacet
  facet normal 0.671607 0.740908 0
    outer loop
      vertex 98.5376 69.092 12
      vertex 98.8284 68.8284 0
      vertex 98.5376 69.092 0
    endloop
  endfacet
  facet normal 0.243033 -0.970018 0
    outer loop
      vertex 96.7804 0.0768585 0
      vertex 97.1611 0.172241 12
      vertex 96.7804 0.0768585 12
    endloop
  endfacet
  facet normal 0.243033 -0.970018 0
    outer loop
      vertex 97.1611 0.172241 12
      vertex 96.7804 0.0768585 0
      vertex 97.1611 0.172241 0
    endloop
  endfacet
  facet normal 0.904025 -0.42748 0
    outer loop
      vertex 99.5277 2.11441 12
      vertex 99.6955 2.46927 0
      vertex 99.6955 2.46927 12
    endloop
  endfacet
  facet normal 0.904025 -0.42748 0
    outer loop
      vertex 99.6955 2.46927 0
      vertex 99.5277 2.11441 12
      vertex 99.5277 2.11441 0
    endloop
  endfacet
  facet normal 0.740977 -0.671531 0
    outer loop
      vertex 98.8284 1.17157 12
      vertex 99.092 1.46243 0
      vertex 99.092 1.46243 12
    endloop
  endfacet
  facet normal 0.740977 -0.671531 0
    outer loop
      vertex 99.092 1.46243 0
      vertex 98.8284 1.17157 12
      vertex 98.8284 1.17157 0
    endloop
  endfacet
  facet normal -0.337014 0.9415 0
    outer loop
      vertex 2.83887 69.8278 0
      vertex 2.46927 69.6955 12
      vertex 2.83887 69.8278 12
    endloop
  endfacet
  facet normal -0.337014 0.9415 0
    outer loop
      vertex 2.46927 69.6955 12
      vertex 2.83887 69.8278 0
      vertex 2.46927 69.6955 0
    endloop
  endfacet
  facet normal -0.671546 -0.740963 0
    outer loop
      vertex 1.17157 1.17157 0
      vertex 1.46243 0.907959 12
      vertex 1.17157 1.17157 12
    endloop
  endfacet
  facet normal -0.671546 -0.740963 -0
    outer loop
      vertex 1.46243 0.907959 12
      vertex 1.17157 1.17157 0
      vertex 1.46243 0.907959 0
    endloop
  endfacet
  facet normal -0.903994 -0.427546 0
    outer loop
      vertex 0.472321 2.11441 0
      vertex 0.304489 2.46927 12
      vertex 0.304489 2.46927 0
    endloop
  endfacet
  facet normal -0.903994 -0.427546 0
    outer loop
      vertex 0.304489 2.46927 12
      vertex 0.472321 2.11441 0
      vertex 0.472321 2.11441 12
    endloop
  endfacet
  facet normal 0.970068 0.242835 0
    outer loop
      vertex 99.9231 66.7804 12
      vertex 99.8278 67.1611 0
      vertex 99.8278 67.1611 12
    endloop
  endfacet
  facet normal 0.970068 0.242835 0
    outer loop
      vertex 99.8278 67.1611 0
      vertex 99.9231 66.7804 12
      vertex 99.9231 66.7804 0
    endloop
  endfacet
  facet normal 0.989176 0.146733 0
    outer loop
      vertex 99.9807 66.3921 12
      vertex 99.9231 66.7804 0
      vertex 99.9231 66.7804 12
    endloop
  endfacet
  facet normal 0.989176 0.146733 0
    outer loop
      vertex 99.9231 66.7804 0
      vertex 99.9807 66.3921 12
      vertex 99.9807 66.3921 0
    endloop
  endfacet
  facet normal 0.998791 0.0491626 0
    outer loop
      vertex 100 66 12
      vertex 99.9807 66.3921 0
      vertex 99.9807 66.3921 12
    endloop
  endfacet
  facet normal 0.998791 0.0491626 0
    outer loop
      vertex 99.9807 66.3921 0
      vertex 100 66 12
      vertex 100 66 0
    endloop
  endfacet
  facet normal 0.803137 0.595794 0
    outer loop
      vertex 99.3259 68.2223 12
      vertex 99.092 68.5376 0
      vertex 99.092 68.5376 12
    endloop
  endfacet
  facet normal 0.803137 0.595794 0
    outer loop
      vertex 99.092 68.5376 0
      vertex 99.3259 68.2223 12
      vertex 99.3259 68.2223 0
    endloop
  endfacet
  facet normal 0.85774 0.514084 0
    outer loop
      vertex 99.5277 67.8856 12
      vertex 99.3259 68.2223 0
      vertex 99.3259 68.2223 12
    endloop
  endfacet
  facet normal 0.85774 0.514084 0
    outer loop
      vertex 99.3259 68.2223 0
      vertex 99.5277 67.8856 12
      vertex 99.5277 67.8856 0
    endloop
  endfacet
  facet normal 0.740908 0.671607 0
    outer loop
      vertex 99.092 68.5376 12
      vertex 98.8284 68.8284 0
      vertex 98.8284 68.8284 12
    endloop
  endfacet
  facet normal 0.740908 0.671607 0
    outer loop
      vertex 98.8284 68.8284 0
      vertex 99.092 68.5376 12
      vertex 99.092 68.5376 0
    endloop
  endfacet
  facet normal 0.336897 -0.941542 0
    outer loop
      vertex 97.1611 0.172241 0
      vertex 97.5307 0.304489 12
      vertex 97.1611 0.172241 12
    endloop
  endfacet
  facet normal 0.336897 -0.941542 0
    outer loop
      vertex 97.5307 0.304489 12
      vertex 97.1611 0.172241 0
      vertex 97.5307 0.304489 0
    endloop
  endfacet
  facet normal 0.514078 -0.857743 0
    outer loop
      vertex 97.8856 0.472321 0
      vertex 98.2223 0.674118 12
      vertex 97.8856 0.472321 12
    endloop
  endfacet
  facet normal 0.514078 -0.857743 0
    outer loop
      vertex 98.2223 0.674118 12
      vertex 97.8856 0.472321 0
      vertex 98.2223 0.674118 0
    endloop
  endfacet
  facet normal -0.514106 0.857727 0
    outer loop
      vertex 2.11441 69.5277 0
      vertex 1.77773 69.3259 12
      vertex 2.11441 69.5277 12
    endloop
  endfacet
  facet normal -0.514106 0.857727 0
    outer loop
      vertex 1.77773 69.3259 12
      vertex 2.11441 69.5277 0
      vertex 1.77773 69.3259 0
    endloop
  endfacet
  facet normal -0.42748 0.904025 0
    outer loop
      vertex 2.46927 69.6955 0
      vertex 2.11441 69.5277 12
      vertex 2.46927 69.6955 12
    endloop
  endfacet
  facet normal -0.42748 0.904025 0
    outer loop
      vertex 2.11441 69.5277 12
      vertex 2.46927 69.6955 0
      vertex 2.11441 69.5277 0
    endloop
  endfacet
  facet normal 0.9415 0.337014 0
    outer loop
      vertex 99.8278 67.1611 12
      vertex 99.6955 67.5307 0
      vertex 99.6955 67.5307 12
    endloop
  endfacet
  facet normal 0.9415 0.337014 0
    outer loop
      vertex 99.6955 67.5307 0
      vertex 99.8278 67.1611 12
      vertex 99.8278 67.1611 0
    endloop
  endfacet
  facet normal 0.427507 -0.904012 0
    outer loop
      vertex 97.5307 0.304489 0
      vertex 97.8856 0.472321 12
      vertex 97.5307 0.304489 12
    endloop
  endfacet
  facet normal 0.427507 -0.904012 0
    outer loop
      vertex 97.8856 0.472321 12
      vertex 97.5307 0.304489 0
      vertex 97.8856 0.472321 0
    endloop
  endfacet
  facet normal 0.998791 -0.0491664 0
    outer loop
      vertex 99.9807 3.60793 12
      vertex 100 4 0
      vertex 100 4 12
    endloop
  endfacet
  facet normal 0.998791 -0.0491664 0
    outer loop
      vertex 100 4 0
      vertex 99.9807 3.60793 12
      vertex 99.9807 3.60793 0
    endloop
  endfacet
  facet normal 0.9415 -0.337014 0
    outer loop
      vertex 99.6955 2.46927 12
      vertex 99.8278 2.83887 0
      vertex 99.8278 2.83887 12
    endloop
  endfacet
  facet normal 0.9415 -0.337014 0
    outer loop
      vertex 99.8278 2.83887 0
      vertex 99.6955 2.46927 12
      vertex 99.6955 2.46927 0
    endloop
  endfacet
  facet normal 0.857727 -0.514106 0
    outer loop
      vertex 99.3259 1.77773 12
      vertex 99.5277 2.11441 0
      vertex 99.5277 2.11441 12
    endloop
  endfacet
  facet normal 0.857727 -0.514106 0
    outer loop
      vertex 99.5277 2.11441 0
      vertex 99.3259 1.77773 12
      vertex 99.3259 1.77773 0
    endloop
  endfacet
  facet normal 0.803137 -0.595794 0
    outer loop
      vertex 99.092 1.46243 12
      vertex 99.3259 1.77773 0
      vertex 99.3259 1.77773 12
    endloop
  endfacet
  facet normal 0.803137 -0.595794 0
    outer loop
      vertex 99.3259 1.77773 0
      vertex 99.092 1.46243 12
      vertex 99.092 1.46243 0
    endloop
  endfacet
  facet normal 0.671622 -0.740894 0
    outer loop
      vertex 98.5376 0.907959 0
      vertex 98.8284 1.17157 12
      vertex 98.5376 0.907959 12
    endloop
  endfacet
  facet normal 0.671622 -0.740894 0
    outer loop
      vertex 98.8284 1.17157 12
      vertex 98.5376 0.907959 0
      vertex 98.8284 1.17157 0
    endloop
  endfacet
  facet normal 0.989176 -0.146737 0
    outer loop
      vertex 99.9231 3.21964 12
      vertex 99.9807 3.60793 0
      vertex 99.9807 3.60793 12
    endloop
  endfacet
  facet normal 0.989176 -0.146737 0
    outer loop
      vertex 99.9807 3.60793 0
      vertex 99.9231 3.21964 12
      vertex 99.9231 3.21964 0
    endloop
  endfacet
  facet normal 0.970078 -0.242793 0
    outer loop
      vertex 99.8278 2.83887 12
      vertex 99.9231 3.21964 0
      vertex 99.9231 3.21964 12
    endloop
  endfacet
  facet normal 0.970078 -0.242793 0
    outer loop
      vertex 99.9231 3.21964 0
      vertex 99.8278 2.83887 12
      vertex 99.8278 2.83887 0
    endloop
  endfacet
  facet normal -0.242895 0.970053 0
    outer loop
      vertex 96.4645 2.46891 2.4
      vertex 96.3121 2.43075 12
      vertex 96.4645 2.46891 12
    endloop
  endfacet
  facet normal -0.242895 0.970053 0
    outer loop
      vertex 96.3121 2.43075 12
      vertex 96.4645 2.46891 2.4
      vertex 96.3121 2.43075 2.4
    endloop
  endfacet
  facet normal -0.146752 0.989173 0
    outer loop
      vertex 96.3121 2.43075 2.4
      vertex 96.1568 2.40771 12
      vertex 96.3121 2.43075 12
    endloop
  endfacet
  facet normal -0.146752 0.989173 0
    outer loop
      vertex 96.1568 2.40771 12
      vertex 96.3121 2.43075 2.4
      vertex 96.1568 2.40771 2.4
    endloop
  endfacet
  facet normal 1 0 0
    outer loop
      vertex 2.4 25 12
      vertex 2.4 4.00001 12
      vertex 2.4 25 4.4
    endloop
  endfacet
  facet normal 1 0 0
    outer loop
      vertex 2.4 45 4.4
      vertex 2.4 66 12
      vertex 2.4 45 12
    endloop
  endfacet
  facet normal 1 0 0
    outer loop
      vertex 2.4 66 12
      vertex 2.4 45 4.4
      vertex 2.4 66 2.4
    endloop
  endfacet
  facet normal 1 -0 0
    outer loop
      vertex 2.4 25 4.4
      vertex 2.4 66 2.4
      vertex 2.4 45 4.4
    endloop
  endfacet
  facet normal 1 0 0
    outer loop
      vertex 2.4 25 4.4
      vertex 2.4 4.00001 2.4
      vertex 2.4 66 2.4
    endloop
  endfacet
  facet normal 1 0 0
    outer loop
      vertex 2.4 4.00001 2.4
      vertex 2.4 25 4.4
      vertex 2.4 4.00001 12
    endloop
  endfacet
  facet normal -0.0491116 0.998793 0
    outer loop
      vertex 96.1568 2.40771 2.4
      vertex 96 2.4 12
      vertex 96.1568 2.40771 12
    endloop
  endfacet
  facet normal -0.0491116 0.998793 0
    outer loop
      vertex 96 2.4 12
      vertex 96.1568 2.40771 2.4
      vertex 96 2.4 2.4
    endloop
  endfacet
  facet normal -0.514402 -0.857549 0
    outer loop
      vertex 96.7542 67.4111 2.4
      vertex 96.8889 67.3303 12
      vertex 96.7542 67.4111 12
    endloop
  endfacet
  facet normal -0.514402 -0.857549 -0
    outer loop
      vertex 96.8889 67.3303 12
      vertex 96.7542 67.4111 2.4
      vertex 96.8889 67.3303 2.4
    endloop
  endfacet
  facet normal -0.427484 -0.904023 0
    outer loop
      vertex 96.6123 67.4782 2.4
      vertex 96.7542 67.4111 12
      vertex 96.6123 67.4782 12
    endloop
  endfacet
  facet normal -0.427484 -0.904023 -0
    outer loop
      vertex 96.7542 67.4111 12
      vertex 96.6123 67.4782 2.4
      vertex 96.7542 67.4111 2.4
    endloop
  endfacet
  facet normal 0 1 0
    outer loop
      vertex 96 2.4 12
      vertex 64 2.4 4.4
      vertex 64 2.4 12
    endloop
  endfacet
  facet normal 0 1 0
    outer loop
      vertex 64 2.4 4.4
      vertex 96 2.4 2.4
      vertex 36 2.4 4.4
    endloop
  endfacet
  facet normal 0 1 -0
    outer loop
      vertex 96 2.4 2.4
      vertex 64 2.4 4.4
      vertex 96 2.4 12
    endloop
  endfacet
  facet normal 0 1 -0
    outer loop
      vertex 36 2.4 4.4
      vertex 4.00001 2.4 12
      vertex 36 2.4 12
    endloop
  endfacet
  facet normal 0 1 0
    outer loop
      vertex 36 2.4 4.4
      vertex 4.00001 2.4 2.4
      vertex 4.00001 2.4 12
    endloop
  endfacet
  facet normal 0 1 0
    outer loop
      vertex 4.00001 2.4 2.4
      vertex 36 2.4 4.4
      vertex 96 2.4 2.4
    endloop
  endfacet
  facet normal 0 -1 0
    outer loop
      vertex 16.4935 67.6 7.6268
      vertex 4.00001 67.6 12
      vertex 16.3317 67.6 7.66733
    endloop
  endfacet
  facet normal 0 -1 0
    outer loop
      vertex 96 67.6 12
      vertex 83.8334 67.6 7.69181
      vertex 84 67.6 7.7
    endloop
  endfacet
  facet normal 0 -1 0
    outer loop
      vertex 4.00001 67.6 12
      vertex 16.4935 67.6 7.6268
      vertex 96 67.6 12
    endloop
  endfacet
  facet normal 0 -1 0
    outer loop
      vertex 96 67.6 12
      vertex 83.6684 67.6 7.66733
      vertex 83.8334 67.6 7.69181
    endloop
  endfacet
  facet normal 0 -1 0
    outer loop
      vertex 83.5065 67.6 7.6268
      vertex 96 67.6 12
      vertex 16.4935 67.6 7.6268
    endloop
  endfacet
  facet normal 0 -1 0
    outer loop
      vertex 96 67.6 12
      vertex 83.5065 67.6 7.6268
      vertex 83.6684 67.6 7.66733
    endloop
  endfacet
  facet normal 0 -1 0
    outer loop
      vertex 16.6506 67.6 7.57059
      vertex 83.5065 67.6 7.6268
      vertex 16.4935 67.6 7.6268
    endloop
  endfacet
  facet normal 0 -1 0
    outer loop
      vertex 16.6506 67.6 7.57059
      vertex 83.3494 67.6 7.57059
      vertex 83.5065 67.6 7.6268
    endloop
  endfacet
  facet normal 0 -1 0
    outer loop
      vertex 16.8014 67.6 7.49927
      vertex 83.3494 67.6 7.57059
      vertex 16.6506 67.6 7.57059
    endloop
  endfacet
  facet normal 0 -1 0
    outer loop
      vertex 16.8014 67.6 7.49927
      vertex 83.1986 67.6 7.49927
      vertex 83.3494 67.6 7.57059
    endloop
  endfacet
  facet normal 0 -1 0
    outer loop
      vertex 16.9445 67.6 7.4135
      vertex 83.1986 67.6 7.49927
      vertex 16.8014 67.6 7.49927
    endloop
  endfacet
  facet normal 0 -1 0
    outer loop
      vertex 16.9445 67.6 7.4135
      vertex 83.0555 67.6 7.4135
      vertex 83.1986 67.6 7.49927
    endloop
  endfacet
  facet normal 0 -1 0
    outer loop
      vertex 17.0785 67.6 7.31412
      vertex 83.0555 67.6 7.4135
      vertex 16.9445 67.6 7.4135
    endloop
  endfacet
  facet normal 0 -1 0
    outer loop
      vertex 17.0785 67.6 7.31412
      vertex 82.9215 67.6 7.31412
      vertex 83.0555 67.6 7.4135
    endloop
  endfacet
  facet normal 0 -1 0
    outer loop
      vertex 17.2021 67.6 7.20208
      vertex 82.9215 67.6 7.31412
      vertex 17.0785 67.6 7.31412
    endloop
  endfacet
  facet normal 0 -1 0
    outer loop
      vertex 17.2021 67.6 7.20208
      vertex 82.7979 67.6 7.20208
      vertex 82.9215 67.6 7.31412
    endloop
  endfacet
  facet normal 0 -1 0
    outer loop
      vertex 17.3141 67.6 7.07847
      vertex 82.7979 67.6 7.20208
      vertex 17.2021 67.6 7.20208
    endloop
  endfacet
  facet normal 0 -1 0
    outer loop
      vertex 17.3141 67.6 7.07847
      vertex 82.6859 67.6 7.07847
      vertex 82.7979 67.6 7.20208
    endloop
  endfacet
  facet normal 0 -1 0
    outer loop
      vertex 17.4135 67.6 6.94447
      vertex 82.6859 67.6 7.07847
      vertex 17.3141 67.6 7.07847
    endloop
  endfacet
  facet normal 0 -1 0
    outer loop
      vertex 17.4135 67.6 6.94447
      vertex 82.5865 67.6 6.94447
      vertex 82.6859 67.6 7.07847
    endloop
  endfacet
  facet normal 0 -1 0
    outer loop
      vertex 17.4993 67.6 6.80137
      vertex 82.5865 67.6 6.94447
      vertex 17.4135 67.6 6.94447
    endloop
  endfacet
  facet normal 0 -1 0
    outer loop
      vertex 17.4993 67.6 6.80137
      vertex 82.5007 67.6 6.80137
      vertex 82.5865 67.6 6.94447
    endloop
  endfacet
  facet normal 0 -1 0
    outer loop
      vertex 17.5706 67.6 6.65056
      vertex 82.5007 67.6 6.80137
      vertex 17.4993 67.6 6.80137
    endloop
  endfacet
  facet normal 0 -1 0
    outer loop
      vertex 17.5706 67.6 6.65056
      vertex 82.4294 67.6 6.65056
      vertex 82.5007 67.6 6.80137
    endloop
  endfacet
  facet normal 0 -1 0
    outer loop
      vertex 17.6268 67.6 6.49348
      vertex 82.4294 67.6 6.65056
      vertex 17.5706 67.6 6.65056
    endloop
  endfacet
  facet normal 0 -1 0
    outer loop
      vertex 17.6268 67.6 6.49348
      vertex 82.3732 67.6 6.49348
      vertex 82.4294 67.6 6.65056
    endloop
  endfacet
  facet normal 0 -1 0
    outer loop
      vertex 17.6673 67.6 6.33165
      vertex 82.3732 67.6 6.49348
      vertex 17.6268 67.6 6.49348
    endloop
  endfacet
  facet normal 0 -1 0
    outer loop
      vertex 17.6673 67.6 6.33165
      vertex 82.3327 67.6 6.33165
      vertex 82.3732 67.6 6.49348
    endloop
  endfacet
  facet normal 0 -1 0
    outer loop
      vertex 17.6918 67.6 6.16663
      vertex 82.3327 67.6 6.33165
      vertex 17.6673 67.6 6.33165
    endloop
  endfacet
  facet normal 0 -1 0
    outer loop
      vertex 17.6918 67.6 6.16663
      vertex 82.3082 67.6 6.16663
      vertex 82.3327 67.6 6.33165
    endloop
  endfacet
  facet normal 0 -1 0
    outer loop
      vertex 17.7 67.6 6
      vertex 82.3082 67.6 6.16663
      vertex 17.6918 67.6 6.16663
    endloop
  endfacet
  facet normal 0 -1 0
    outer loop
      vertex 17.7 67.6 6
      vertex 82.3 67.6 6
      vertex 82.3082 67.6 6.16663
    endloop
  endfacet
  facet normal 0 -1 0
    outer loop
      vertex 17.6918 67.6 5.83337
      vertex 82.3 67.6 6
      vertex 17.7 67.6 6
    endloop
  endfacet
  facet normal 0 -1 0
    outer loop
      vertex 17.6918 67.6 5.83337
      vertex 82.3082 67.6 5.83337
      vertex 82.3 67.6 6
    endloop
  endfacet
  facet normal 0 -1 0
    outer loop
      vertex 17.6673 67.6 5.66835
      vertex 82.3082 67.6 5.83337
      vertex 17.6918 67.6 5.83337
    endloop
  endfacet
  facet normal 0 -1 0
    outer loop
      vertex 17.6673 67.6 5.66835
      vertex 82.3327 67.6 5.66835
      vertex 82.3082 67.6 5.83337
    endloop
  endfacet
  facet normal 0 -1 0
    outer loop
      vertex 17.6268 67.6 5.50652
      vertex 82.3327 67.6 5.66835
      vertex 17.6673 67.6 5.66835
    endloop
  endfacet
  facet normal 0 -1 0
    outer loop
      vertex 17.6268 67.6 5.50652
      vertex 82.3732 67.6 5.50652
      vertex 82.3327 67.6 5.66835
    endloop
  endfacet
  facet normal 0 -1 0
    outer loop
      vertex 17.5706 67.6 5.34944
      vertex 82.3732 67.6 5.50652
      vertex 17.6268 67.6 5.50652
    endloop
  endfacet
  facet normal 0 -1 0
    outer loop
      vertex 17.5706 67.6 5.34944
      vertex 82.4294 67.6 5.34944
      vertex 82.3732 67.6 5.50652
    endloop
  endfacet
  facet normal 0 -1 0
    outer loop
      vertex 17.4993 67.6 5.19862
      vertex 82.4294 67.6 5.34944
      vertex 17.5706 67.6 5.34944
    endloop
  endfacet
  facet normal 0 -1 0
    outer loop
      vertex 17.4993 67.6 5.19862
      vertex 82.5007 67.6 5.19862
      vertex 82.4294 67.6 5.34944
    endloop
  endfacet
  facet normal 0 -1 0
    outer loop
      vertex 17.4135 67.6 5.05553
      vertex 82.5007 67.6 5.19862
      vertex 17.4993 67.6 5.19862
    endloop
  endfacet
  facet normal 0 -1 0
    outer loop
      vertex 17.4135 67.6 5.05553
      vertex 82.5865 67.6 5.05553
      vertex 82.5007 67.6 5.19862
    endloop
  endfacet
  facet normal 0 -1 0
    outer loop
      vertex 17.3141 67.6 4.92153
      vertex 82.5865 67.6 5.05553
      vertex 17.4135 67.6 5.05553
    endloop
  endfacet
  facet normal 0 -1 0
    outer loop
      vertex 17.3141 67.6 4.92153
      vertex 82.6859 67.6 4.92153
      vertex 82.5865 67.6 5.05553
    endloop
  endfacet
  facet normal 0 -1 0
    outer loop
      vertex 17.2021 67.6 4.79792
      vertex 82.6859 67.6 4.92153
      vertex 17.3141 67.6 4.92153
    endloop
  endfacet
  facet normal 0 -1 0
    outer loop
      vertex 17.2021 67.6 4.79792
      vertex 82.7979 67.6 4.79792
      vertex 82.6859 67.6 4.92153
    endloop
  endfacet
  facet normal 0 -1 0
    outer loop
      vertex 17.0785 67.6 4.68588
      vertex 82.7979 67.6 4.79792
      vertex 17.2021 67.6 4.79792
    endloop
  endfacet
  facet normal 0 -1 0
    outer loop
      vertex 17.0785 67.6 4.68588
      vertex 82.9215 67.6 4.68588
      vertex 82.7979 67.6 4.79792
    endloop
  endfacet
  facet normal 0 -1 0
    outer loop
      vertex 16.9445 67.6 4.5865
      vertex 82.9215 67.6 4.68588
      vertex 17.0785 67.6 4.68588
    endloop
  endfacet
  facet normal 0 -1 0
    outer loop
      vertex 16.9445 67.6 4.5865
      vertex 83.0555 67.6 4.5865
      vertex 82.9215 67.6 4.68588
    endloop
  endfacet
  facet normal 0 -1 0
    outer loop
      vertex 16.8014 67.6 4.50073
      vertex 83.0555 67.6 4.5865
      vertex 16.9445 67.6 4.5865
    endloop
  endfacet
  facet normal 0 -1 0
    outer loop
      vertex 16.8014 67.6 4.50073
      vertex 83.1986 67.6 4.50073
      vertex 83.0555 67.6 4.5865
    endloop
  endfacet
  facet normal 0 -1 0
    outer loop
      vertex 16.6506 67.6 4.4294
      vertex 83.1986 67.6 4.50073
      vertex 16.8014 67.6 4.50073
    endloop
  endfacet
  facet normal 0 -1 0
    outer loop
      vertex 16.6506 67.6 4.4294
      vertex 83.3494 67.6 4.4294
      vertex 83.1986 67.6 4.50073
    endloop
  endfacet
  facet normal 0 -1 0
    outer loop
      vertex 16.4935 67.6 4.3732
      vertex 83.3494 67.6 4.4294
      vertex 16.6506 67.6 4.4294
    endloop
  endfacet
  facet normal 0 -1 0
    outer loop
      vertex 16.4935 67.6 4.3732
      vertex 83.5065 67.6 4.3732
      vertex 83.3494 67.6 4.4294
    endloop
  endfacet
  facet normal 0 -1 0
    outer loop
      vertex 16.3317 67.6 4.33266
      vertex 83.5065 67.6 4.3732
      vertex 16.4935 67.6 4.3732
    endloop
  endfacet
  facet normal 0 -1 0
    outer loop
      vertex 16.3317 67.6 4.33266
      vertex 83.6684 67.6 4.33266
      vertex 83.5065 67.6 4.3732
    endloop
  endfacet
  facet normal 0 -1 0
    outer loop
      vertex 16.1666 67.6 4.30819
      vertex 83.6684 67.6 4.33266
      vertex 16.3317 67.6 4.33266
    endloop
  endfacet
  facet normal 0 -1 0
    outer loop
      vertex 16.1666 67.6 4.30819
      vertex 83.8334 67.6 4.30819
      vertex 83.6684 67.6 4.33266
    endloop
  endfacet
  facet normal 0 -1 0
    outer loop
      vertex 4.00001 67.6 2.4
      vertex 16.1666 67.6 4.30819
      vertex 16 67.6 4.3
    endloop
  endfacet
  facet normal 0 -1 -0
    outer loop
      vertex 16.1666 67.6 4.30819
      vertex 4.00001 67.6 2.4
      vertex 83.8334 67.6 4.30819
    endloop
  endfacet
  facet normal 0 -1 0
    outer loop
      vertex 16.1666 67.6 7.69181
      vertex 4.00001 67.6 12
      vertex 16 67.6 7.7
    endloop
  endfacet
  facet normal 0 -1 0
    outer loop
      vertex 4.00001 67.6 12
      vertex 15.8334 67.6 7.69181
      vertex 16 67.6 7.7
    endloop
  endfacet
  facet normal 0 -1 0
    outer loop
      vertex 4.00001 67.6 12
      vertex 15.6683 67.6 7.66733
      vertex 15.8334 67.6 7.69181
    endloop
  endfacet
  facet normal 0 -1 0
    outer loop
      vertex 4.00001 67.6 12
      vertex 15.5065 67.6 7.6268
      vertex 15.6683 67.6 7.66733
    endloop
  endfacet
  facet normal 0 -1 0
    outer loop
      vertex 4.00001 67.6 12
      vertex 15.3494 67.6 7.57059
      vertex 15.5065 67.6 7.6268
    endloop
  endfacet
  facet normal 0 -1 0
    outer loop
      vertex 4.00001 67.6 12
      vertex 15.1986 67.6 7.49927
      vertex 15.3494 67.6 7.57059
    endloop
  endfacet
  facet normal 0 -1 0
    outer loop
      vertex 4.00001 67.6 12
      vertex 15.0555 67.6 7.4135
      vertex 15.1986 67.6 7.49927
    endloop
  endfacet
  facet normal 0 -1 0
    outer loop
      vertex 4.00001 67.6 12
      vertex 14.9215 67.6 7.31412
      vertex 15.0555 67.6 7.4135
    endloop
  endfacet
  facet normal 0 -1 0
    outer loop
      vertex 4.00001 67.6 12
      vertex 14.7979 67.6 7.20208
      vertex 14.9215 67.6 7.31412
    endloop
  endfacet
  facet normal 0 -1 0
    outer loop
      vertex 4.00001 67.6 12
      vertex 14.6859 67.6 7.07847
      vertex 14.7979 67.6 7.20208
    endloop
  endfacet
  facet normal 0 -1 0
    outer loop
      vertex 4.00001 67.6 12
      vertex 14.5865 67.6 6.94447
      vertex 14.6859 67.6 7.07847
    endloop
  endfacet
  facet normal 0 -1 0
    outer loop
      vertex 4.00001 67.6 12
      vertex 14.5007 67.6 6.80137
      vertex 14.5865 67.6 6.94447
    endloop
  endfacet
  facet normal 0 -1 0
    outer loop
      vertex 4.00001 67.6 12
      vertex 14.4294 67.6 6.65056
      vertex 14.5007 67.6 6.80137
    endloop
  endfacet
  facet normal 0 -1 0
    outer loop
      vertex 4.00001 67.6 12
      vertex 14.3732 67.6 6.49348
      vertex 14.4294 67.6 6.65056
    endloop
  endfacet
  facet normal 0 -1 0
    outer loop
      vertex 4.00001 67.6 12
      vertex 14.3327 67.6 6.33165
      vertex 14.3732 67.6 6.49348
    endloop
  endfacet
  facet normal 0 -1 0
    outer loop
      vertex 4.00001 67.6 12
      vertex 14.3082 67.6 6.16663
      vertex 14.3327 67.6 6.33165
    endloop
  endfacet
  facet normal 0 -1 0
    outer loop
      vertex 4.00001 67.6 2.4
      vertex 14.3082 67.6 6.16663
      vertex 4.00001 67.6 12
    endloop
  endfacet
  facet normal 0 -1 0
    outer loop
      vertex 14.3082 67.6 6.16663
      vertex 4.00001 67.6 2.4
      vertex 14.3 67.6 6
    endloop
  endfacet
  facet normal 0 -1 -0
    outer loop
      vertex 14.3 67.6 6
      vertex 4.00001 67.6 2.4
      vertex 14.3082 67.6 5.83337
    endloop
  endfacet
  facet normal 0 -1 -0
    outer loop
      vertex 14.3082 67.6 5.83337
      vertex 4.00001 67.6 2.4
      vertex 14.3327 67.6 5.66835
    endloop
  endfacet
  facet normal 0 -1 -0
    outer loop
      vertex 14.3327 67.6 5.66835
      vertex 4.00001 67.6 2.4
      vertex 14.3732 67.6 5.50652
    endloop
  endfacet
  facet normal 0 -1 -0
    outer loop
      vertex 14.3732 67.6 5.50652
      vertex 4.00001 67.6 2.4
      vertex 14.4294 67.6 5.34944
    endloop
  endfacet
  facet normal 0 -1 -0
    outer loop
      vertex 14.4294 67.6 5.34944
      vertex 4.00001 67.6 2.4
      vertex 14.5007 67.6 5.19862
    endloop
  endfacet
  facet normal 0 -1 -0
    outer loop
      vertex 14.5007 67.6 5.19862
      vertex 4.00001 67.6 2.4
      vertex 14.5865 67.6 5.05553
    endloop
  endfacet
  facet normal 0 -1 -0
    outer loop
      vertex 14.5865 67.6 5.05553
      vertex 4.00001 67.6 2.4
      vertex 14.6859 67.6 4.92153
    endloop
  endfacet
  facet normal 0 -1 -0
    outer loop
      vertex 14.6859 67.6 4.92153
      vertex 4.00001 67.6 2.4
      vertex 14.7979 67.6 4.79792
    endloop
  endfacet
  facet normal 0 -1 -0
    outer loop
      vertex 14.7979 67.6 4.79792
      vertex 4.00001 67.6 2.4
      vertex 14.9215 67.6 4.68588
    endloop
  endfacet
  facet normal 0 -1 0
    outer loop
      vertex 96 67.6 2.4
      vertex 83.8334 67.6 4.30819
      vertex 4.00001 67.6 2.4
    endloop
  endfacet
  facet normal 0 -1 -0
    outer loop
      vertex 15.8334 67.6 4.30819
      vertex 4.00001 67.6 2.4
      vertex 16 67.6 4.3
    endloop
  endfacet
  facet normal 0 -1 -0
    outer loop
      vertex 15.6683 67.6 4.33266
      vertex 4.00001 67.6 2.4
      vertex 15.8334 67.6 4.30819
    endloop
  endfacet
  facet normal 0 -1 -0
    outer loop
      vertex 15.5065 67.6 4.3732
      vertex 4.00001 67.6 2.4
      vertex 15.6683 67.6 4.33266
    endloop
  endfacet
  facet normal 0 -1 -0
    outer loop
      vertex 15.3494 67.6 4.4294
      vertex 4.00001 67.6 2.4
      vertex 15.5065 67.6 4.3732
    endloop
  endfacet
  facet normal 0 -1 -0
    outer loop
      vertex 15.1986 67.6 4.50073
      vertex 4.00001 67.6 2.4
      vertex 15.3494 67.6 4.4294
    endloop
  endfacet
  facet normal 0 -1 -0
    outer loop
      vertex 15.0555 67.6 4.5865
      vertex 4.00001 67.6 2.4
      vertex 15.1986 67.6 4.50073
    endloop
  endfacet
  facet normal 0 -1 -0
    outer loop
      vertex 14.9215 67.6 4.68588
      vertex 4.00001 67.6 2.4
      vertex 15.0555 67.6 4.5865
    endloop
  endfacet
  facet normal 0 -1 0
    outer loop
      vertex 16.3317 67.6 7.66733
      vertex 4.00001 67.6 12
      vertex 16.1666 67.6 7.69181
    endloop
  endfacet
  facet normal 0 -1 0
    outer loop
      vertex 84.1666 67.6 7.69181
      vertex 96 67.6 12
      vertex 84 67.6 7.7
    endloop
  endfacet
  facet normal 0 -1 0
    outer loop
      vertex 84.3316 67.6 7.66733
      vertex 96 67.6 12
      vertex 84.1666 67.6 7.69181
    endloop
  endfacet
  facet normal 0 -1 0
    outer loop
      vertex 84.4935 67.6 7.6268
      vertex 96 67.6 12
      vertex 84.3316 67.6 7.66733
    endloop
  endfacet
  facet normal 0 -1 0
    outer loop
      vertex 84.6506 67.6 7.57059
      vertex 96 67.6 12
      vertex 84.4935 67.6 7.6268
    endloop
  endfacet
  facet normal 0 -1 0
    outer loop
      vertex 84.8014 67.6 7.49927
      vertex 96 67.6 12
      vertex 84.6506 67.6 7.57059
    endloop
  endfacet
  facet normal 0 -1 0
    outer loop
      vertex 84.9445 67.6 7.4135
      vertex 96 67.6 12
      vertex 84.8014 67.6 7.49927
    endloop
  endfacet
  facet normal 0 -1 0
    outer loop
      vertex 85.0785 67.6 7.31412
      vertex 96 67.6 12
      vertex 84.9445 67.6 7.4135
    endloop
  endfacet
  facet normal 0 -1 0
    outer loop
      vertex 85.2021 67.6 7.20208
      vertex 96 67.6 12
      vertex 85.0785 67.6 7.31412
    endloop
  endfacet
  facet normal 0 -1 0
    outer loop
      vertex 85.3141 67.6 7.07847
      vertex 96 67.6 12
      vertex 85.2021 67.6 7.20208
    endloop
  endfacet
  facet normal 0 -1 0
    outer loop
      vertex 85.4135 67.6 6.94447
      vertex 96 67.6 12
      vertex 85.3141 67.6 7.07847
    endloop
  endfacet
  facet normal 0 -1 0
    outer loop
      vertex 85.4993 67.6 6.80137
      vertex 96 67.6 12
      vertex 85.4135 67.6 6.94447
    endloop
  endfacet
  facet normal 0 -1 0
    outer loop
      vertex 85.5706 67.6 6.65056
      vertex 96 67.6 12
      vertex 85.4993 67.6 6.80137
    endloop
  endfacet
  facet normal 0 -1 0
    outer loop
      vertex 85.6268 67.6 6.49348
      vertex 96 67.6 12
      vertex 85.5706 67.6 6.65056
    endloop
  endfacet
  facet normal 0 -1 0
    outer loop
      vertex 85.6673 67.6 6.33165
      vertex 96 67.6 12
      vertex 85.6268 67.6 6.49348
    endloop
  endfacet
  facet normal 0 -1 0
    outer loop
      vertex 85.6918 67.6 6.16663
      vertex 96 67.6 12
      vertex 85.6673 67.6 6.33165
    endloop
  endfacet
  facet normal 0 -1 0
    outer loop
      vertex 96 67.6 2.4
      vertex 85.6918 67.6 6.16663
      vertex 85.7 67.6 6
    endloop
  endfacet
  facet normal 0 -1 0
    outer loop
      vertex 96 67.6 2.4
      vertex 85.7 67.6 6
      vertex 85.6918 67.6 5.83337
    endloop
  endfacet
  facet normal 0 -1 0
    outer loop
      vertex 96 67.6 2.4
      vertex 85.6918 67.6 5.83337
      vertex 85.6673 67.6 5.66835
    endloop
  endfacet
  facet normal 0 -1 0
    outer loop
      vertex 96 67.6 2.4
      vertex 85.6673 67.6 5.66835
      vertex 85.6268 67.6 5.50652
    endloop
  endfacet
  facet normal 0 -1 0
    outer loop
      vertex 96 67.6 2.4
      vertex 85.6268 67.6 5.50652
      vertex 85.5706 67.6 5.34944
    endloop
  endfacet
  facet normal 0 -1 0
    outer loop
      vertex 96 67.6 2.4
      vertex 85.5706 67.6 5.34944
      vertex 85.4993 67.6 5.19862
    endloop
  endfacet
  facet normal 0 -1 0
    outer loop
      vertex 96 67.6 2.4
      vertex 85.4993 67.6 5.19862
      vertex 85.4135 67.6 5.05553
    endloop
  endfacet
  facet normal 0 -1 0
    outer loop
      vertex 96 67.6 2.4
      vertex 85.4135 67.6 5.05553
      vertex 85.3141 67.6 4.92153
    endloop
  endfacet
  facet normal 0 -1 0
    outer loop
      vertex 96 67.6 2.4
      vertex 85.3141 67.6 4.92153
      vertex 85.2021 67.6 4.79792
    endloop
  endfacet
  facet normal 0 -1 0
    outer loop
      vertex 96 67.6 2.4
      vertex 85.2021 67.6 4.79792
      vertex 85.0785 67.6 4.68588
    endloop
  endfacet
  facet normal 0 -1 0
    outer loop
      vertex 96 67.6 2.4
      vertex 85.0785 67.6 4.68588
      vertex 84.9445 67.6 4.5865
    endloop
  endfacet
  facet normal 0 -1 0
    outer loop
      vertex 85.6918 67.6 6.16663
      vertex 96 67.6 2.4
      vertex 96 67.6 12
    endloop
  endfacet
  facet normal 0 -1 0
    outer loop
      vertex 84.8014 67.6 4.50073
      vertex 96 67.6 2.4
      vertex 84.9445 67.6 4.5865
    endloop
  endfacet
  facet normal 0 -1 0
    outer loop
      vertex 84.6506 67.6 4.4294
      vertex 96 67.6 2.4
      vertex 84.8014 67.6 4.50073
    endloop
  endfacet
  facet normal 0 -1 0
    outer loop
      vertex 84.4935 67.6 4.3732
      vertex 96 67.6 2.4
      vertex 84.6506 67.6 4.4294
    endloop
  endfacet
  facet normal 0 -1 0
    outer loop
      vertex 84.3316 67.6 4.33266
      vertex 96 67.6 2.4
      vertex 84.4935 67.6 4.3732
    endloop
  endfacet
  facet normal 0 -1 0
    outer loop
      vertex 84.1666 67.6 4.30819
      vertex 96 67.6 2.4
      vertex 84.3316 67.6 4.33266
    endloop
  endfacet
  facet normal 0 -1 0
    outer loop
      vertex 84 67.6 4.3
      vertex 96 67.6 2.4
      vertex 84.1666 67.6 4.30819
    endloop
  endfacet
  facet normal 0 -1 0
    outer loop
      vertex 83.8334 67.6 4.30819
      vertex 96 67.6 2.4
      vertex 84 67.6 4.3
    endloop
  endfacet
  facet normal 0.0490387 -0.998797 0
    outer loop
      vertex 3.84318 67.5923 2.4
      vertex 4.00001 67.6 12
      vertex 3.84318 67.5923 12
    endloop
  endfacet
  facet normal 0.0490387 -0.998797 0
    outer loop
      vertex 4.00001 67.6 12
      vertex 3.84318 67.5923 2.4
      vertex 4.00001 67.6 2.4
    endloop
  endfacet
  facet normal -1 0 0
    outer loop
      vertex 97.6 4.00001 2.4
      vertex 97.6 66 12
      vertex 97.6 66 2.4
    endloop
  endfacet
  facet normal -1 -0 0
    outer loop
      vertex 97.6 66 12
      vertex 97.6 4.00001 2.4
      vertex 97.6 4.00001 12
    endloop
  endfacet
  facet normal -0.998796 -0.049048 0
    outer loop
      vertex 97.6 66 2.4
      vertex 97.5923 66.1568 12
      vertex 97.5923 66.1568 2.4
    endloop
  endfacet
  facet normal -0.998796 -0.049048 0
    outer loop
      vertex 97.5923 66.1568 12
      vertex 97.6 66 2.4
      vertex 97.6 66 12
    endloop
  endfacet
  facet normal 0.595578 -0.803298 0
    outer loop
      vertex 2.98498 67.2368 2.4
      vertex 3.11109 67.3303 12
      vertex 2.98498 67.2368 12
    endloop
  endfacet
  facet normal 0.595578 -0.803298 0
    outer loop
      vertex 3.11109 67.3303 12
      vertex 2.98498 67.2368 2.4
      vertex 3.11109 67.3303 2.4
    endloop
  endfacet
  facet normal 0.671512 0.740994 -0
    outer loop
      vertex 2.98498 2.76319 2.4
      vertex 2.86863 2.86863 12
      vertex 2.98498 2.76319 12
    endloop
  endfacet
  facet normal 0.671512 0.740994 0
    outer loop
      vertex 2.86863 2.86863 12
      vertex 2.98498 2.76319 2.4
      vertex 2.86863 2.86863 2.4
    endloop
  endfacet
  facet normal 0.336885 0.941546 -0
    outer loop
      vertex 3.53554 2.46891 2.4
      vertex 3.38772 2.5218 12
      vertex 3.53554 2.46891 12
    endloop
  endfacet
  facet normal 0.336885 0.941546 0
    outer loop
      vertex 3.38772 2.5218 12
      vertex 3.53554 2.46891 2.4
      vertex 3.38772 2.5218 2.4
    endloop
  endfacet
  facet normal 0.0491022 0.998794 -0
    outer loop
      vertex 4.00001 2.4 2.4
      vertex 3.84318 2.40771 12
      vertex 4.00001 2.4 12
    endloop
  endfacet
  facet normal 0.0491022 0.998794 0
    outer loop
      vertex 3.84318 2.40771 12
      vertex 4.00001 2.4 2.4
      vertex 3.84318 2.40771 2.4
    endloop
  endfacet
  facet normal 0.243015 0.970023 -0
    outer loop
      vertex 3.68786 2.43075 2.4
      vertex 3.53554 2.46891 12
      vertex 3.68786 2.43075 12
    endloop
  endfacet
  facet normal 0.243015 0.970023 0
    outer loop
      vertex 3.53554 2.46891 12
      vertex 3.68786 2.43075 2.4
      vertex 3.53554 2.46891 2.4
    endloop
  endfacet
  facet normal 0.146484 -0.989213 0
    outer loop
      vertex 3.68786 67.5693 2.4
      vertex 3.84318 67.5923 12
      vertex 3.68786 67.5693 12
    endloop
  endfacet
  facet normal 0.146484 -0.989213 0
    outer loop
      vertex 3.84318 67.5923 12
      vertex 3.68786 67.5693 2.4
      vertex 3.84318 67.5923 2.4
    endloop
  endfacet
  facet normal -0.336982 -0.941511 0
    outer loop
      vertex 96.4645 67.5311 2.4
      vertex 96.6123 67.4782 12
      vertex 96.4645 67.5311 12
    endloop
  endfacet
  facet normal -0.336982 -0.941511 -0
    outer loop
      vertex 96.6123 67.4782 12
      vertex 96.4645 67.5311 2.4
      vertex 96.6123 67.4782 2.4
    endloop
  endfacet
  facet normal -0.243135 -0.969993 0
    outer loop
      vertex 96.3121 67.5693 2.4
      vertex 96.4645 67.5311 12
      vertex 96.3121 67.5693 12
    endloop
  endfacet
  facet normal -0.243135 -0.969993 -0
    outer loop
      vertex 96.4645 67.5311 12
      vertex 96.3121 67.5693 2.4
      vertex 96.4645 67.5311 2.4
    endloop
  endfacet
  facet normal -0.741121 0.671372 0
    outer loop
      vertex 97.1314 2.86863 2.4
      vertex 97.2368 2.98498 12
      vertex 97.2368 2.98498 2.4
    endloop
  endfacet
  facet normal -0.741121 0.671372 0
    outer loop
      vertex 97.2368 2.98498 12
      vertex 97.1314 2.86863 2.4
      vertex 97.1314 2.86863 12
    endloop
  endfacet
  facet normal -0.989213 0.146484 0
    outer loop
      vertex 97.5693 3.68786 2.4
      vertex 97.5923 3.84318 12
      vertex 97.5923 3.84318 2.4
    endloop
  endfacet
  facet normal -0.989213 0.146484 0
    outer loop
      vertex 97.5923 3.84318 12
      vertex 97.5693 3.68786 2.4
      vertex 97.5693 3.68786 12
    endloop
  endfacet
  facet normal 0.903949 -0.42764 0
    outer loop
      vertex 2.5218 66.6123 12
      vertex 2.58893 66.7542 2.4
      vertex 2.58893 66.7542 12
    endloop
  endfacet
  facet normal 0.903949 -0.42764 0
    outer loop
      vertex 2.58893 66.7542 2.4
      vertex 2.5218 66.6123 12
      vertex 2.5218 66.6123 2.4
    endloop
  endfacet
  facet normal 0.740994 0.671512 0
    outer loop
      vertex 2.86863 2.86863 12
      vertex 2.76319 2.98498 2.4
      vertex 2.76319 2.98498 12
    endloop
  endfacet
  facet normal 0.740994 0.671512 0
    outer loop
      vertex 2.76319 2.98498 2.4
      vertex 2.86863 2.86863 12
      vertex 2.86863 2.86863 2.4
    endloop
  endfacet
  facet normal 0.514112 0.857723 -0
    outer loop
      vertex 3.24576 2.58893 2.4
      vertex 3.11109 2.66965 12
      vertex 3.24576 2.58893 12
    endloop
  endfacet
  facet normal 0.514112 0.857723 0
    outer loop
      vertex 3.11109 2.66965 12
      vertex 3.24576 2.58893 2.4
      vertex 3.11109 2.66965 2.4
    endloop
  endfacet
  facet normal 0.427492 0.904019 -0
    outer loop
      vertex 3.38772 2.5218 2.4
      vertex 3.24576 2.58893 12
      vertex 3.38772 2.5218 12
    endloop
  endfacet
  facet normal 0.427492 0.904019 0
    outer loop
      vertex 3.24576 2.58893 12
      vertex 3.38772 2.5218 2.4
      vertex 3.24576 2.58893 2.4
    endloop
  endfacet
  facet normal 0.146733 0.989176 -0
    outer loop
      vertex 3.84318 2.40771 2.4
      vertex 3.68786 2.43075 12
      vertex 3.84318 2.40771 12
    endloop
  endfacet
  facet normal 0.146733 0.989176 0
    outer loop
      vertex 3.68786 2.43075 12
      vertex 3.84318 2.40771 2.4
      vertex 3.68786 2.43075 2.4
    endloop
  endfacet
  facet normal -0.049048 -0.998796 0
    outer loop
      vertex 96 67.6 2.4
      vertex 96.1568 67.5923 12
      vertex 96 67.6 12
    endloop
  endfacet
  facet normal -0.049048 -0.998796 -0
    outer loop
      vertex 96.1568 67.5923 12
      vertex 96 67.6 2.4
      vertex 96.1568 67.5923 2.4
    endloop
  endfacet
  facet normal -0.146502 -0.98921 0
    outer loop
      vertex 96.1568 67.5923 2.4
      vertex 96.3121 67.5693 12
      vertex 96.1568 67.5923 12
    endloop
  endfacet
  facet normal -0.146502 -0.98921 -0
    outer loop
      vertex 96.3121 67.5693 12
      vertex 96.1568 67.5923 2.4
      vertex 96.3121 67.5693 2.4
    endloop
  endfacet
  facet normal -0.941526 0.336942 0
    outer loop
      vertex 97.4782 3.38772 2.4
      vertex 97.5311 3.53554 12
      vertex 97.5311 3.53554 2.4
    endloop
  endfacet
  facet normal -0.941526 0.336942 0
    outer loop
      vertex 97.5311 3.53554 12
      vertex 97.4782 3.38772 2.4
      vertex 97.4782 3.38772 12
    endloop
  endfacet
  facet normal -0.969962 0.243255 0
    outer loop
      vertex 97.5311 3.53554 2.4
      vertex 97.5693 3.68786 12
      vertex 97.5693 3.68786 2.4
    endloop
  endfacet
  facet normal -0.969962 0.243255 0
    outer loop
      vertex 97.5693 3.68786 12
      vertex 97.5311 3.53554 2.4
      vertex 97.5311 3.53554 12
    endloop
  endfacet
  facet normal -0.336926 0.941531 0
    outer loop
      vertex 96.6123 2.5218 2.4
      vertex 96.4645 2.46891 12
      vertex 96.6123 2.5218 12
    endloop
  endfacet
  facet normal -0.336926 0.941531 0
    outer loop
      vertex 96.4645 2.46891 12
      vertex 96.6123 2.5218 2.4
      vertex 96.4645 2.46891 2.4
    endloop
  endfacet
  facet normal -0.904023 -0.427484 0
    outer loop
      vertex 97.4782 66.6123 2.4
      vertex 97.4111 66.7542 12
      vertex 97.4111 66.7542 2.4
    endloop
  endfacet
  facet normal -0.904023 -0.427484 0
    outer loop
      vertex 97.4111 66.7542 12
      vertex 97.4782 66.6123 2.4
      vertex 97.4782 66.6123 12
    endloop
  endfacet
  facet normal -0.671213 -0.741264 0
    outer loop
      vertex 97.015 67.2368 2.4
      vertex 97.1314 67.1314 12
      vertex 97.015 67.2368 12
    endloop
  endfacet
  facet normal -0.671213 -0.741264 -0
    outer loop
      vertex 97.1314 67.1314 12
      vertex 97.015 67.2368 2.4
      vertex 97.1314 67.1314 2.4
    endloop
  endfacet
  facet normal 0.857774 -0.514027 0
    outer loop
      vertex 2.58893 66.7542 12
      vertex 2.66965 66.8889 2.4
      vertex 2.66965 66.8889 12
    endloop
  endfacet
  facet normal 0.857774 -0.514027 0
    outer loop
      vertex 2.66965 66.8889 2.4
      vertex 2.58893 66.7542 12
      vertex 2.58893 66.7542 2.4
    endloop
  endfacet
  facet normal 0.595742 0.803176 -0
    outer loop
      vertex 3.11109 2.66965 2.4
      vertex 2.98498 2.76319 12
      vertex 3.11109 2.66965 12
    endloop
  endfacet
  facet normal 0.595742 0.803176 0
    outer loop
      vertex 2.98498 2.76319 12
      vertex 3.11109 2.66965 2.4
      vertex 2.98498 2.76319 2.4
    endloop
  endfacet
  facet normal 0.998794 0.0491022 0
    outer loop
      vertex 2.40771 3.84318 12
      vertex 2.4 4.00001 2.4
      vertex 2.4 4.00001 12
    endloop
  endfacet
  facet normal 0.998794 0.0491022 0
    outer loop
      vertex 2.4 4.00001 2.4
      vertex 2.40771 3.84318 12
      vertex 2.40771 3.84318 2.4
    endloop
  endfacet
  facet normal 0 0 1
    outer loop
      vertex 96 67.6 2.4
      vertex 97.6 66 2.4
      vertex 97.5923 66.1568 2.4
    endloop
  endfacet
  facet normal 0 0 1
    outer loop
      vertex 97.6 66 2.4
      vertex 96 67.6 2.4
      vertex 97.6 4.00001 2.4
    endloop
  endfacet
  facet normal 0 0 1
    outer loop
      vertex 96 67.6 2.4
      vertex 97.5923 66.1568 2.4
      vertex 97.5693 66.3121 2.4
    endloop
  endfacet
  facet normal 0 0 1
    outer loop
      vertex 96 2.4 2.4
      vertex 97.6 4.00001 2.4
      vertex 96 67.6 2.4
    endloop
  endfacet
  facet normal 0 0 1
    outer loop
      vertex 96 67.6 2.4
      vertex 97.5693 66.3121 2.4
      vertex 97.5311 66.4645 2.4
    endloop
  endfacet
  facet normal 0 0 1
    outer loop
      vertex 97.6 4.00001 2.4
      vertex 96 2.4 2.4
      vertex 97.5923 3.84318 2.4
    endloop
  endfacet
  facet normal 0 0 1
    outer loop
      vertex 96 67.6 2.4
      vertex 97.5311 66.4645 2.4
      vertex 97.4782 66.6123 2.4
    endloop
  endfacet
  facet normal 0 0 1
    outer loop
      vertex 97.5923 3.84318 2.4
      vertex 96 2.4 2.4
      vertex 97.5693 3.68786 2.4
    endloop
  endfacet
  facet normal 0 0 1
    outer loop
      vertex 96 67.6 2.4
      vertex 97.4782 66.6123 2.4
      vertex 97.4111 66.7542 2.4
    endloop
  endfacet
  facet normal 0 0 1
    outer loop
      vertex 97.5693 3.68786 2.4
      vertex 96 2.4 2.4
      vertex 97.5311 3.53554 2.4
    endloop
  endfacet
  facet normal 0 0 1
    outer loop
      vertex 96 67.6 2.4
      vertex 97.4111 66.7542 2.4
      vertex 97.3303 66.8889 2.4
    endloop
  endfacet
  facet normal 0 0 1
    outer loop
      vertex 97.5311 3.53554 2.4
      vertex 96 2.4 2.4
      vertex 97.4782 3.38772 2.4
    endloop
  endfacet
  facet normal 0 0 1
    outer loop
      vertex 96 67.6 2.4
      vertex 97.3303 66.8889 2.4
      vertex 97.2368 67.015 2.4
    endloop
  endfacet
  facet normal 0 0 1
    outer loop
      vertex 97.4782 3.38772 2.4
      vertex 96 2.4 2.4
      vertex 97.4111 3.24576 2.4
    endloop
  endfacet
  facet normal 0 0 1
    outer loop
      vertex 96 67.6 2.4
      vertex 97.2368 67.015 2.4
      vertex 97.1314 67.1314 2.4
    endloop
  endfacet
  facet normal 0 0 1
    outer loop
      vertex 97.4111 3.24576 2.4
      vertex 96 2.4 2.4
      vertex 97.3303 3.11109 2.4
    endloop
  endfacet
  facet normal 0 0 1
    outer loop
      vertex 96 67.6 2.4
      vertex 97.1314 67.1314 2.4
      vertex 97.015 67.2368 2.4
    endloop
  endfacet
  facet normal 0 0 1
    outer loop
      vertex 97.3303 3.11109 2.4
      vertex 96 2.4 2.4
      vertex 97.2368 2.98498 2.4
    endloop
  endfacet
  facet normal 0 0 1
    outer loop
      vertex 96 67.6 2.4
      vertex 97.015 67.2368 2.4
      vertex 96.8889 67.3303 2.4
    endloop
  endfacet
  facet normal 0 0 1
    outer loop
      vertex 97.2368 2.98498 2.4
      vertex 96 2.4 2.4
      vertex 97.1314 2.86863 2.4
    endloop
  endfacet
  facet normal 0 0 1
    outer loop
      vertex 96 67.6 2.4
      vertex 96.8889 67.3303 2.4
      vertex 96.7542 67.4111 2.4
    endloop
  endfacet
  facet normal 0 0 1
    outer loop
      vertex 97.1314 2.86863 2.4
      vertex 96 2.4 2.4
      vertex 97.015 2.76319 2.4
    endloop
  endfacet
  facet normal 0 0 1
    outer loop
      vertex 96 67.6 2.4
      vertex 96.7542 67.4111 2.4
      vertex 96.6123 67.4782 2.4
    endloop
  endfacet
  facet normal 0 0 1
    outer loop
      vertex 97.015 2.76319 2.4
      vertex 96 2.4 2.4
      vertex 96.8889 2.66965 2.4
    endloop
  endfacet
  facet normal 0 0 1
    outer loop
      vertex 96 67.6 2.4
      vertex 96.6123 67.4782 2.4
      vertex 96.4645 67.5311 2.4
    endloop
  endfacet
  facet normal 0 0 1
    outer loop
      vertex 96.8889 2.66965 2.4
      vertex 96 2.4 2.4
      vertex 96.7542 2.58893 2.4
    endloop
  endfacet
  facet normal 0 0 1
    outer loop
      vertex 96 67.6 2.4
      vertex 96.4645 67.5311 2.4
      vertex 96.3121 67.5693 2.4
    endloop
  endfacet
  facet normal 0 0 1
    outer loop
      vertex 96.7542 2.58893 2.4
      vertex 96 2.4 2.4
      vertex 96.6123 2.5218 2.4
    endloop
  endfacet
  facet normal 0 0 1
    outer loop
      vertex 96 67.6 2.4
      vertex 96.3121 67.5693 2.4
      vertex 96.1568 67.5923 2.4
    endloop
  endfacet
  facet normal 0 0 1
    outer loop
      vertex 96.6123 2.5218 2.4
      vertex 96 2.4 2.4
      vertex 96.4645 2.46891 2.4
    endloop
  endfacet
  facet normal 0 0 1
    outer loop
      vertex 96.4645 2.46891 2.4
      vertex 96 2.4 2.4
      vertex 96.3121 2.43075 2.4
    endloop
  endfacet
  facet normal 0 0 1
    outer loop
      vertex 96.3121 2.43075 2.4
      vertex 96 2.4 2.4
      vertex 96.1568 2.40771 2.4
    endloop
  endfacet
  facet normal -0 0 1
    outer loop
      vertex 4.00001 67.6 2.4
      vertex 96 2.4 2.4
      vertex 96 67.6 2.4
    endloop
  endfacet
  facet normal 0 0 1
    outer loop
      vertex 4.00001 67.6 2.4
      vertex 4.00001 2.4 2.4
      vertex 96 2.4 2.4
    endloop
  endfacet
  facet normal 0 0 1
    outer loop
      vertex 2.4 66 2.4
      vertex 4.00001 67.6 2.4
      vertex 3.84318 67.5923 2.4
    endloop
  endfacet
  facet normal 0 0 1
    outer loop
      vertex 4.00001 67.6 2.4
      vertex 2.4 66 2.4
      vertex 4.00001 2.4 2.4
    endloop
  endfacet
  facet normal 0 0 1
    outer loop
      vertex 2.4 66 2.4
      vertex 3.84318 67.5923 2.4
      vertex 3.68786 67.5693 2.4
    endloop
  endfacet
  facet normal -0 0 1
    outer loop
      vertex 2.4 4.00001 2.4
      vertex 4.00001 2.4 2.4
      vertex 2.4 66 2.4
    endloop
  endfacet
  facet normal 0 0 1
    outer loop
      vertex 2.4 66 2.4
      vertex 3.68786 67.5693 2.4
      vertex 3.53554 67.5311 2.4
    endloop
  endfacet
  facet normal 0 0 1
    outer loop
      vertex 4.00001 2.4 2.4
      vertex 2.4 4.00001 2.4
      vertex 3.84318 2.40771 2.4
    endloop
  endfacet
  facet normal 0 0 1
    outer loop
      vertex 2.4 66 2.4
      vertex 3.53554 67.5311 2.4
      vertex 3.38772 67.4782 2.4
    endloop
  endfacet
  facet normal 0 0 1
    outer loop
      vertex 3.84318 2.40771 2.4
      vertex 2.4 4.00001 2.4
      vertex 3.68786 2.43075 2.4
    endloop
  endfacet
  facet normal 0 0 1
    outer loop
      vertex 2.4 66 2.4
      vertex 3.38772 67.4782 2.4
      vertex 3.24576 67.4111 2.4
    endloop
  endfacet
  facet normal 0 0 1
    outer loop
      vertex 3.68786 2.43075 2.4
      vertex 2.4 4.00001 2.4
      vertex 3.53554 2.46891 2.4
    endloop
  endfacet
  facet normal 0 0 1
    outer loop
      vertex 2.4 66 2.4
      vertex 3.24576 67.4111 2.4
      vertex 3.11109 67.3303 2.4
    endloop
  endfacet
  facet normal 0 0 1
    outer loop
      vertex 3.53554 2.46891 2.4
      vertex 2.4 4.00001 2.4
      vertex 3.38772 2.5218 2.4
    endloop
  endfacet
  facet normal 0 0 1
    outer loop
      vertex 2.4 66 2.4
      vertex 3.11109 67.3303 2.4
      vertex 2.98498 67.2368 2.4
    endloop
  endfacet
  facet normal 0 0 1
    outer loop
      vertex 3.38772 2.5218 2.4
      vertex 2.4 4.00001 2.4
      vertex 3.24576 2.58893 2.4
    endloop
  endfacet
  facet normal 0 0 1
    outer loop
      vertex 2.4 66 2.4
      vertex 2.98498 67.2368 2.4
      vertex 2.86863 67.1314 2.4
    endloop
  endfacet
  facet normal 0 0 1
    outer loop
      vertex 3.24576 2.58893 2.4
      vertex 2.4 4.00001 2.4
      vertex 3.11109 2.66965 2.4
    endloop
  endfacet
  facet normal 0 0 1
    outer loop
      vertex 2.4 66 2.4
      vertex 2.86863 67.1314 2.4
      vertex 2.76319 67.015 2.4
    endloop
  endfacet
  facet normal 0 0 1
    outer loop
      vertex 3.11109 2.66965 2.4
      vertex 2.4 4.00001 2.4
      vertex 2.98498 2.76319 2.4
    endloop
  endfacet
  facet normal 0 0 1
    outer loop
      vertex 2.4 66 2.4
      vertex 2.76319 67.015 2.4
      vertex 2.66965 66.8889 2.4
    endloop
  endfacet
  facet normal 0 0 1
    outer loop
      vertex 2.98498 2.76319 2.4
      vertex 2.4 4.00001 2.4
      vertex 2.86863 2.86863 2.4
    endloop
  endfacet
  facet normal 0 0 1
    outer loop
      vertex 2.4 66 2.4
      vertex 2.66965 66.8889 2.4
      vertex 2.58893 66.7542 2.4
    endloop
  endfacet
  facet normal 0 0 1
    outer loop
      vertex 2.86863 2.86863 2.4
      vertex 2.4 4.00001 2.4
      vertex 2.76319 2.98498 2.4
    endloop
  endfacet
  facet normal 0 0 1
    outer loop
      vertex 2.4 66 2.4
      vertex 2.58893 66.7542 2.4
      vertex 2.5218 66.6123 2.4
    endloop
  endfacet
  facet normal 0 0 1
    outer loop
      vertex 2.76319 2.98498 2.4
      vertex 2.4 4.00001 2.4
      vertex 2.66965 3.11109 2.4
    endloop
  endfacet
  facet normal 0 0 1
    outer loop
      vertex 2.4 66 2.4
      vertex 2.5218 66.6123 2.4
      vertex 2.46891 66.4645 2.4
    endloop
  endfacet
  facet normal 0 0 1
    outer loop
      vertex 2.66965 3.11109 2.4
      vertex 2.4 4.00001 2.4
      vertex 2.58893 3.24576 2.4
    endloop
  endfacet
  facet normal 0 0 1
    outer loop
      vertex 2.4 66 2.4
      vertex 2.46891 66.4645 2.4
      vertex 2.43075 66.3121 2.4
    endloop
  endfacet
  facet normal 0 0 1
    outer loop
      vertex 2.58893 3.24576 2.4
      vertex 2.4 4.00001 2.4
      vertex 2.5218 3.38772 2.4
    endloop
  endfacet
  facet normal 0 0 1
    outer loop
      vertex 2.4 66 2.4
      vertex 2.43075 66.3121 2.4
      vertex 2.40771 66.1568 2.4
    endloop
  endfacet
  facet normal 0 0 1
    outer loop
      vertex 2.5218 3.38772 2.4
      vertex 2.4 4.00001 2.4
      vertex 2.46891 3.53554 2.4
    endloop
  endfacet
  facet normal 0 0 1
    outer loop
      vertex 2.46891 3.53554 2.4
      vertex 2.4 4.00001 2.4
      vertex 2.43075 3.68786 2.4
    endloop
  endfacet
  facet normal 0 0 1
    outer loop
      vertex 2.43075 3.68786 2.4
      vertex 2.4 4.00001 2.4
      vertex 2.40771 3.84318 2.4
    endloop
  endfacet
  facet normal 0.989176 0.146733 0
    outer loop
      vertex 2.43075 3.68786 12
      vertex 2.40771 3.84318 2.4
      vertex 2.40771 3.84318 12
    endloop
  endfacet
  facet normal 0.989176 0.146733 0
    outer loop
      vertex 2.40771 3.84318 2.4
      vertex 2.43075 3.68786 12
      vertex 2.43075 3.68786 2.4
    endloop
  endfacet
  facet normal 0.857723 0.514112 0
    outer loop
      vertex 2.66965 3.11109 12
      vertex 2.58893 3.24576 2.4
      vertex 2.58893 3.24576 12
    endloop
  endfacet
  facet normal 0.857723 0.514112 0
    outer loop
      vertex 2.58893 3.24576 2.4
      vertex 2.66965 3.11109 12
      vertex 2.66965 3.11109 2.4
    endloop
  endfacet
  facet normal -0.998797 0.0490387 0
    outer loop
      vertex 97.5923 3.84318 2.4
      vertex 97.6 4.00001 12
      vertex 97.6 4.00001 2.4
    endloop
  endfacet
  facet normal -0.998797 0.0490387 0
    outer loop
      vertex 97.6 4.00001 12
      vertex 97.5923 3.84318 2.4
      vertex 97.5923 3.84318 12
    endloop
  endfacet
  facet normal -0.857499 0.514486 0
    outer loop
      vertex 97.3303 3.11109 2.4
      vertex 97.4111 3.24576 12
      vertex 97.4111 3.24576 2.4
    endloop
  endfacet
  facet normal -0.857499 0.514486 0
    outer loop
      vertex 97.4111 3.24576 12
      vertex 97.3303 3.11109 2.4
      vertex 97.3303 3.11109 12
    endloop
  endfacet
  facet normal -0.904093 0.427336 0
    outer loop
      vertex 97.4111 3.24576 2.4
      vertex 97.4782 3.38772 12
      vertex 97.4782 3.38772 2.4
    endloop
  endfacet
  facet normal -0.904093 0.427336 0
    outer loop
      vertex 97.4782 3.38772 12
      vertex 97.4111 3.24576 2.4
      vertex 97.4111 3.24576 12
    endloop
  endfacet
  facet normal -0.595773 0.803153 0
    outer loop
      vertex 97.015 2.76319 2.4
      vertex 96.8889 2.66965 12
      vertex 97.015 2.76319 12
    endloop
  endfacet
  facet normal -0.595773 0.803153 0
    outer loop
      vertex 96.8889 2.66965 12
      vertex 97.015 2.76319 2.4
      vertex 96.8889 2.66965 2.4
    endloop
  endfacet
  facet normal -0.42764 0.903949 0
    outer loop
      vertex 96.7542 2.58893 2.4
      vertex 96.6123 2.5218 12
      vertex 96.7542 2.58893 12
    endloop
  endfacet
  facet normal -0.42764 0.903949 0
    outer loop
      vertex 96.6123 2.5218 12
      vertex 96.7542 2.58893 2.4
      vertex 96.6123 2.5218 2.4
    endloop
  endfacet
  facet normal -0.98921 -0.146502 0
    outer loop
      vertex 97.5923 66.1568 2.4
      vertex 97.5693 66.3121 12
      vertex 97.5693 66.3121 2.4
    endloop
  endfacet
  facet normal -0.98921 -0.146502 0
    outer loop
      vertex 97.5693 66.3121 12
      vertex 97.5923 66.1568 2.4
      vertex 97.5923 66.1568 12
    endloop
  endfacet
  facet normal -0.595608 -0.803275 0
    outer loop
      vertex 96.8889 67.3303 2.4
      vertex 97.015 67.2368 12
      vertex 96.8889 67.3303 12
    endloop
  endfacet
  facet normal -0.595608 -0.803275 -0
    outer loop
      vertex 97.015 67.2368 12
      vertex 96.8889 67.3303 2.4
      vertex 97.015 67.2368 2.4
    endloop
  endfacet
  facet normal -0.857549 -0.514402 0
    outer loop
      vertex 97.4111 66.7542 2.4
      vertex 97.3303 66.8889 12
      vertex 97.3303 66.8889 2.4
    endloop
  endfacet
  facet normal -0.857549 -0.514402 0
    outer loop
      vertex 97.3303 66.8889 12
      vertex 97.4111 66.7542 2.4
      vertex 97.4111 66.7542 12
    endloop
  endfacet
  facet normal -0.741264 -0.671213 0
    outer loop
      vertex 97.2368 67.015 2.4
      vertex 97.1314 67.1314 12
      vertex 97.1314 67.1314 2.4
    endloop
  endfacet
  facet normal -0.741264 -0.671213 0
    outer loop
      vertex 97.1314 67.1314 12
      vertex 97.2368 67.015 2.4
      vertex 97.2368 67.015 12
    endloop
  endfacet
  facet normal 0.803153 -0.595773 0
    outer loop
      vertex 2.66965 66.8889 12
      vertex 2.76319 67.015 2.4
      vertex 2.76319 67.015 12
    endloop
  endfacet
  facet normal 0.803153 -0.595773 0
    outer loop
      vertex 2.76319 67.015 2.4
      vertex 2.66965 66.8889 12
      vertex 2.66965 66.8889 2.4
    endloop
  endfacet
  facet normal 0.998793 -0.0491116 0
    outer loop
      vertex 2.4 66 12
      vertex 2.40771 66.1568 2.4
      vertex 2.40771 66.1568 12
    endloop
  endfacet
  facet normal 0.998793 -0.0491116 0
    outer loop
      vertex 2.40771 66.1568 2.4
      vertex 2.4 66 12
      vertex 2.4 66 2.4
    endloop
  endfacet
  facet normal 0.989173 -0.146752 0
    outer loop
      vertex 2.40771 66.1568 12
      vertex 2.43075 66.3121 2.4
      vertex 2.43075 66.3121 12
    endloop
  endfacet
  facet normal 0.989173 -0.146752 0
    outer loop
      vertex 2.43075 66.3121 2.4
      vertex 2.40771 66.1568 12
      vertex 2.40771 66.1568 2.4
    endloop
  endfacet
  facet normal 0.970053 -0.242895 0
    outer loop
      vertex 2.43075 66.3121 12
      vertex 2.46891 66.4645 2.4
      vertex 2.46891 66.4645 12
    endloop
  endfacet
  facet normal 0.970053 -0.242895 0
    outer loop
      vertex 2.46891 66.4645 2.4
      vertex 2.43075 66.3121 12
      vertex 2.43075 66.3121 2.4
    endloop
  endfacet
  facet normal 0.941531 -0.336926 0
    outer loop
      vertex 2.46891 66.4645 12
      vertex 2.5218 66.6123 2.4
      vertex 2.5218 66.6123 12
    endloop
  endfacet
  facet normal 0.941531 -0.336926 0
    outer loop
      vertex 2.5218 66.6123 2.4
      vertex 2.46891 66.4645 12
      vertex 2.46891 66.4645 2.4
    endloop
  endfacet
  facet normal 0.514486 -0.857499 0
    outer loop
      vertex 3.11109 67.3303 2.4
      vertex 3.24576 67.4111 12
      vertex 3.11109 67.3303 12
    endloop
  endfacet
  facet normal 0.514486 -0.857499 0
    outer loop
      vertex 3.24576 67.4111 12
      vertex 3.11109 67.3303 2.4
      vertex 3.24576 67.4111 2.4
    endloop
  endfacet
  facet normal 0.427336 -0.904093 0
    outer loop
      vertex 3.24576 67.4111 2.4
      vertex 3.38772 67.4782 12
      vertex 3.24576 67.4111 12
    endloop
  endfacet
  facet normal 0.427336 -0.904093 0
    outer loop
      vertex 3.38772 67.4782 12
      vertex 3.24576 67.4111 2.4
      vertex 3.38772 67.4782 2.4
    endloop
  endfacet
  facet normal 0.336942 -0.941526 0
    outer loop
      vertex 3.38772 67.4782 2.4
      vertex 3.53554 67.5311 12
      vertex 3.38772 67.4782 12
    endloop
  endfacet
  facet normal 0.336942 -0.941526 0
    outer loop
      vertex 3.53554 67.5311 12
      vertex 3.38772 67.4782 2.4
      vertex 3.53554 67.5311 2.4
    endloop
  endfacet
  facet normal 0.671372 -0.741121 0
    outer loop
      vertex 2.86863 67.1314 2.4
      vertex 2.98498 67.2368 12
      vertex 2.86863 67.1314 12
    endloop
  endfacet
  facet normal 0.671372 -0.741121 0
    outer loop
      vertex 2.98498 67.2368 12
      vertex 2.86863 67.1314 2.4
      vertex 2.98498 67.2368 2.4
    endloop
  endfacet
  facet normal 0.904019 0.427492 0
    outer loop
      vertex 2.58893 3.24576 12
      vertex 2.5218 3.38772 2.4
      vertex 2.5218 3.38772 12
    endloop
  endfacet
  facet normal 0.904019 0.427492 0
    outer loop
      vertex 2.5218 3.38772 2.4
      vertex 2.58893 3.24576 12
      vertex 2.58893 3.24576 2.4
    endloop
  endfacet
  facet normal 0.970023 0.243015 0
    outer loop
      vertex 2.46891 3.53554 12
      vertex 2.43075 3.68786 2.4
      vertex 2.43075 3.68786 12
    endloop
  endfacet
  facet normal 0.970023 0.243015 0
    outer loop
      vertex 2.43075 3.68786 2.4
      vertex 2.46891 3.53554 12
      vertex 2.46891 3.53554 2.4
    endloop
  endfacet
  facet normal 0.803176 0.595742 0
    outer loop
      vertex 2.76319 2.98498 12
      vertex 2.66965 3.11109 2.4
      vertex 2.66965 3.11109 12
    endloop
  endfacet
  facet normal 0.803176 0.595742 0
    outer loop
      vertex 2.66965 3.11109 2.4
      vertex 2.76319 2.98498 12
      vertex 2.76319 2.98498 2.4
    endloop
  endfacet
  facet normal -0.803298 0.595578 0
    outer loop
      vertex 97.2368 2.98498 2.4
      vertex 97.3303 3.11109 12
      vertex 97.3303 3.11109 2.4
    endloop
  endfacet
  facet normal -0.803298 0.595578 0
    outer loop
      vertex 97.3303 3.11109 12
      vertex 97.2368 2.98498 2.4
      vertex 97.2368 2.98498 12
    endloop
  endfacet
  facet normal -0.671353 0.741137 0
    outer loop
      vertex 97.1314 2.86863 2.4
      vertex 97.015 2.76319 12
      vertex 97.1314 2.86863 12
    endloop
  endfacet
  facet normal -0.671353 0.741137 0
    outer loop
      vertex 97.015 2.76319 12
      vertex 97.1314 2.86863 2.4
      vertex 97.015 2.76319 2.4
    endloop
  endfacet
  facet normal -0.514027 0.857774 0
    outer loop
      vertex 96.8889 2.66965 2.4
      vertex 96.7542 2.58893 12
      vertex 96.8889 2.66965 12
    endloop
  endfacet
  facet normal -0.514027 0.857774 0
    outer loop
      vertex 96.7542 2.58893 12
      vertex 96.8889 2.66965 2.4
      vertex 96.7542 2.58893 2.4
    endloop
  endfacet
  facet normal -0.941511 -0.336982 0
    outer loop
      vertex 97.5311 66.4645 2.4
      vertex 97.4782 66.6123 12
      vertex 97.4782 66.6123 2.4
    endloop
  endfacet
  facet normal -0.941511 -0.336982 0
    outer loop
      vertex 97.4782 66.6123 12
      vertex 97.5311 66.4645 2.4
      vertex 97.5311 66.4645 12
    endloop
  endfacet
  facet normal -0.969993 -0.243135 0
    outer loop
      vertex 97.5693 66.3121 2.4
      vertex 97.5311 66.4645 12
      vertex 97.5311 66.4645 2.4
    endloop
  endfacet
  facet normal -0.969993 -0.243135 0
    outer loop
      vertex 97.5311 66.4645 12
      vertex 97.5693 66.3121 2.4
      vertex 97.5693 66.3121 12
    endloop
  endfacet
  facet normal -0.803275 -0.595608 0
    outer loop
      vertex 97.3303 66.8889 2.4
      vertex 97.2368 67.015 12
      vertex 97.2368 67.015 2.4
    endloop
  endfacet
  facet normal -0.803275 -0.595608 0
    outer loop
      vertex 97.2368 67.015 12
      vertex 97.3303 66.8889 2.4
      vertex 97.3303 66.8889 12
    endloop
  endfacet
  facet normal 0.243255 -0.969962 0
    outer loop
      vertex 3.53554 67.5311 2.4
      vertex 3.68786 67.5693 12
      vertex 3.53554 67.5311 12
    endloop
  endfacet
  facet normal 0.243255 -0.969962 0
    outer loop
      vertex 3.68786 67.5693 12
      vertex 3.53554 67.5311 2.4
      vertex 3.68786 67.5693 2.4
    endloop
  endfacet
  facet normal 0.941546 0.336885 0
    outer loop
      vertex 2.5218 3.38772 12
      vertex 2.46891 3.53554 2.4
      vertex 2.46891 3.53554 12
    endloop
  endfacet
  facet normal 0.941546 0.336885 0
    outer loop
      vertex 2.46891 3.53554 2.4
      vertex 2.5218 3.38772 12
      vertex 2.5218 3.38772 2.4
    endloop
  endfacet
  facet normal 0.741137 -0.671353 0
    outer loop
      vertex 2.76319 67.015 12
      vertex 2.86863 67.1314 2.4
      vertex 2.86863 67.1314 12
    endloop
  endfacet
  facet normal 0.741137 -0.671353 0
    outer loop
      vertex 2.86863 67.1314 2.4
      vertex 2.76319 67.015 12
      vertex 2.76319 67.015 2.4
    endloop
  endfacet
  facet normal -0.998791 0 -0.0491513
    outer loop
      vertex 17.7 67.6 6
      vertex 17.6918 70 6.16663
      vertex 17.7 70 6
    endloop
  endfacet
  facet normal -0.998791 -0 -0.0491513
    outer loop
      vertex 17.6918 70 6.16663
      vertex 17.7 67.6 6
      vertex 17.6918 67.6 6.16663
    endloop
  endfacet
  facet normal -0.336883 0 -0.941546
    outer loop
      vertex 16.4935 67.6 7.6268
      vertex 16.6506 70 7.57059
      vertex 16.6506 67.6 7.57059
    endloop
  endfacet
  facet normal -0.336883 0 -0.941546
    outer loop
      vertex 16.6506 70 7.57059
      vertex 16.4935 67.6 7.6268
      vertex 16.4935 70 7.6268
    endloop
  endfacet
  facet normal 0.42754 0 -0.903996
    outer loop
      vertex 15.1986 67.6 7.49927
      vertex 15.3494 70 7.57059
      vertex 15.3494 67.6 7.57059
    endloop
  endfacet
  facet normal 0.42754 0 -0.903996
    outer loop
      vertex 15.3494 70 7.57059
      vertex 15.1986 67.6 7.49927
      vertex 15.1986 70 7.49927
    endloop
  endfacet
  facet normal 0.941552 0 -0.336868
    outer loop
      vertex 14.4294 67.6 6.65056
      vertex 14.3732 70 6.49348
      vertex 14.4294 70 6.65056
    endloop
  endfacet
  facet normal 0.941552 0 -0.336868
    outer loop
      vertex 14.3732 70 6.49348
      vertex 14.4294 67.6 6.65056
      vertex 14.3732 67.6 6.49348
    endloop
  endfacet
  facet normal -0.998791 0 0.0491513
    outer loop
      vertex 17.6918 67.6 5.83337
      vertex 17.7 70 6
      vertex 17.6918 70 5.83337
    endloop
  endfacet
  facet normal -0.998791 0 0.0491513
    outer loop
      vertex 17.7 70 6
      vertex 17.6918 67.6 5.83337
      vertex 17.7 67.6 6
    endloop
  endfacet
  facet normal -0.427589 0 0.903973
    outer loop
      vertex 16.6506 70 4.4294
      vertex 16.8014 67.6 4.50073
      vertex 16.8014 70 4.50073
    endloop
  endfacet
  facet normal -0.427589 0 0.903973
    outer loop
      vertex 16.8014 67.6 4.50073
      vertex 16.6506 70 4.4294
      vertex 16.6506 67.6 4.4294
    endloop
  endfacet
  facet normal -0.904054 0 -0.427419
    outer loop
      vertex 17.5706 67.6 6.65056
      vertex 17.4993 70 6.80137
      vertex 17.5706 70 6.65056
    endloop
  endfacet
  facet normal -0.904054 -0 -0.427419
    outer loop
      vertex 17.4993 70 6.80137
      vertex 17.5706 67.6 6.65056
      vertex 17.4993 67.6 6.80137
    endloop
  endfacet
  facet normal -0.857652 0 -0.514231
    outer loop
      vertex 17.4993 67.6 6.80137
      vertex 17.4135 70 6.94447
      vertex 17.4993 70 6.80137
    endloop
  endfacet
  facet normal -0.857652 -0 -0.514231
    outer loop
      vertex 17.4135 70 6.94447
      vertex 17.4993 67.6 6.80137
      vertex 17.4135 67.6 6.94447
    endloop
  endfacet
  facet normal 0.998791 -0 0.0491513
    outer loop
      vertex 14.3 67.6 6
      vertex 14.3082 70 5.83337
      vertex 14.3 70 6
    endloop
  endfacet
  facet normal 0.998791 0 0.0491513
    outer loop
      vertex 14.3082 70 5.83337
      vertex 14.3 67.6 6
      vertex 14.3082 67.6 5.83337
    endloop
  endfacet
  facet normal 0.0491004 0 0.998794
    outer loop
      vertex 15.8334 70 4.30819
      vertex 16 67.6 4.3
      vertex 16 70 4.3
    endloop
  endfacet
  facet normal 0.0491004 0 0.998794
    outer loop
      vertex 16 67.6 4.3
      vertex 15.8334 70 4.30819
      vertex 15.8334 67.6 4.30819
    endloop
  endfacet
  facet normal -0.970083 0 -0.242775
    outer loop
      vertex 17.6673 67.6 6.33165
      vertex 17.6268 70 6.49348
      vertex 17.6673 70 6.33165
    endloop
  endfacet
  facet normal -0.970083 -0 -0.242775
    outer loop
      vertex 17.6268 70 6.49348
      vertex 17.6673 67.6 6.33165
      vertex 17.6268 67.6 6.49348
    endloop
  endfacet
  facet normal -0.803154 0 -0.595772
    outer loop
      vertex 17.4135 67.6 6.94447
      vertex 17.3141 70 7.07847
      vertex 17.4135 70 6.94447
    endloop
  endfacet
  facet normal -0.803154 -0 -0.595772
    outer loop
      vertex 17.3141 70 7.07847
      vertex 17.4135 67.6 6.94447
      vertex 17.3141 67.6 7.07847
    endloop
  endfacet
  facet normal -0.67161 0 -0.740905
    outer loop
      vertex 17.0785 67.6 7.31412
      vertex 17.2021 70 7.20208
      vertex 17.2021 67.6 7.20208
    endloop
  endfacet
  facet normal -0.67161 0 -0.740905
    outer loop
      vertex 17.2021 70 7.20208
      vertex 17.0785 67.6 7.31412
      vertex 17.0785 70 7.31412
    endloop
  endfacet
  facet normal 0.0491004 0 -0.998794
    outer loop
      vertex 15.8334 67.6 7.69181
      vertex 16 70 7.7
      vertex 16 67.6 7.7
    endloop
  endfacet
  facet normal 0.0491004 0 -0.998794
    outer loop
      vertex 16 70 7.7
      vertex 15.8334 67.6 7.69181
      vertex 15.8334 70 7.69181
    endloop
  endfacet
  facet normal -0.14667 0 -0.989185
    outer loop
      vertex 16.1666 67.6 7.69181
      vertex 16.3317 70 7.66733
      vertex 16.3317 67.6 7.66733
    endloop
  endfacet
  facet normal -0.14667 0 -0.989185
    outer loop
      vertex 16.3317 70 7.66733
      vertex 16.1666 67.6 7.69181
      vertex 16.1666 70 7.69181
    endloop
  endfacet
  facet normal 0.989158 0 -0.146857
    outer loop
      vertex 14.3327 67.6 6.33165
      vertex 14.3082 70 6.16663
      vertex 14.3327 70 6.33165
    endloop
  endfacet
  facet normal 0.989158 0 -0.146857
    outer loop
      vertex 14.3082 70 6.16663
      vertex 14.3327 67.6 6.33165
      vertex 14.3082 67.6 6.16663
    endloop
  endfacet
  facet normal 0.857652 0 -0.514231
    outer loop
      vertex 14.5865 67.6 6.94447
      vertex 14.5007 70 6.80137
      vertex 14.5865 70 6.94447
    endloop
  endfacet
  facet normal 0.857652 0 -0.514231
    outer loop
      vertex 14.5007 70 6.80137
      vertex 14.5865 67.6 6.94447
      vertex 14.5007 67.6 6.80137
    endloop
  endfacet
  facet normal 0.242987 0 -0.97003
    outer loop
      vertex 15.5065 67.6 7.6268
      vertex 15.6683 70 7.66733
      vertex 15.6683 67.6 7.66733
    endloop
  endfacet
  facet normal 0.242987 0 -0.97003
    outer loop
      vertex 15.6683 70 7.66733
      vertex 15.5065 67.6 7.6268
      vertex 15.5065 70 7.6268
    endloop
  endfacet
  facet normal 0.595695 0 -0.803211
    outer loop
      vertex 14.9215 67.6 7.31412
      vertex 15.0555 70 7.4135
      vertex 15.0555 67.6 7.4135
    endloop
  endfacet
  facet normal 0.595695 0 -0.803211
    outer loop
      vertex 15.0555 70 7.4135
      vertex 14.9215 67.6 7.31412
      vertex 14.9215 70 7.31412
    endloop
  endfacet
  facet normal 0.741051 0 -0.671448
    outer loop
      vertex 14.7979 67.6 7.20208
      vertex 14.6859 70 7.07847
      vertex 14.7979 70 7.20208
    endloop
  endfacet
  facet normal 0.741051 0 -0.671448
    outer loop
      vertex 14.6859 70 7.07847
      vertex 14.7979 67.6 7.20208
      vertex 14.6859 67.6 7.07847
    endloop
  endfacet
  facet normal 0.67161 0 -0.740905
    outer loop
      vertex 14.7979 67.6 7.20208
      vertex 14.9215 70 7.31412
      vertex 14.9215 67.6 7.31412
    endloop
  endfacet
  facet normal 0.67161 0 -0.740905
    outer loop
      vertex 14.9215 70 7.31412
      vertex 14.7979 67.6 7.20208
      vertex 14.7979 70 7.20208
    endloop
  endfacet
  facet normal 0.741051 -0 0.671448
    outer loop
      vertex 14.6859 67.6 4.92153
      vertex 14.7979 70 4.79792
      vertex 14.6859 70 4.92153
    endloop
  endfacet
  facet normal 0.741051 0 0.671448
    outer loop
      vertex 14.7979 70 4.79792
      vertex 14.6859 67.6 4.92153
      vertex 14.7979 67.6 4.79792
    endloop
  endfacet
  facet normal 0.941552 -0 0.336868
    outer loop
      vertex 14.3732 67.6 5.50652
      vertex 14.4294 70 5.34944
      vertex 14.3732 70 5.50652
    endloop
  endfacet
  facet normal 0.941552 0 0.336868
    outer loop
      vertex 14.4294 70 5.34944
      vertex 14.3732 67.6 5.50652
      vertex 14.4294 67.6 5.34944
    endloop
  endfacet
  facet normal -0.0491004 0 0.998794
    outer loop
      vertex 16 70 4.3
      vertex 16.1666 67.6 4.30819
      vertex 16.1666 70 4.30819
    endloop
  endfacet
  facet normal -0.0491004 0 0.998794
    outer loop
      vertex 16.1666 67.6 4.30819
      vertex 16 70 4.3
      vertex 16 67.6 4.3
    endloop
  endfacet
  facet normal -0.146612 0 0.989194
    outer loop
      vertex 16.1666 70 4.30819
      vertex 16.3317 67.6 4.33266
      vertex 16.3317 70 4.33266
    endloop
  endfacet
  facet normal -0.146612 0 0.989194
    outer loop
      vertex 16.3317 67.6 4.33266
      vertex 16.1666 70 4.30819
      vertex 16.1666 67.6 4.30819
    endloop
  endfacet
  facet normal -0.941552 0 -0.336868
    outer loop
      vertex 17.6268 67.6 6.49348
      vertex 17.5706 70 6.65056
      vertex 17.6268 70 6.49348
    endloop
  endfacet
  facet normal -0.941552 -0 -0.336868
    outer loop
      vertex 17.5706 70 6.65056
      vertex 17.6268 67.6 6.49348
      vertex 17.5706 67.6 6.65056
    endloop
  endfacet
  facet normal -0.989158 0 -0.146857
    outer loop
      vertex 17.6918 67.6 6.16663
      vertex 17.6673 70 6.33165
      vertex 17.6918 70 6.16663
    endloop
  endfacet
  facet normal -0.989158 -0 -0.146857
    outer loop
      vertex 17.6673 70 6.33165
      vertex 17.6918 67.6 6.16663
      vertex 17.6673 67.6 6.33165
    endloop
  endfacet
  facet normal -0.741051 0 -0.671448
    outer loop
      vertex 17.3141 67.6 7.07847
      vertex 17.2021 70 7.20208
      vertex 17.3141 70 7.07847
    endloop
  endfacet
  facet normal -0.741051 -0 -0.671448
    outer loop
      vertex 17.2021 70 7.20208
      vertex 17.3141 67.6 7.07847
      vertex 17.2021 67.6 7.20208
    endloop
  endfacet
  facet normal -0.0491004 0 -0.998794
    outer loop
      vertex 16 67.6 7.7
      vertex 16.1666 70 7.69181
      vertex 16.1666 67.6 7.69181
    endloop
  endfacet
  facet normal -0.0491004 0 -0.998794
    outer loop
      vertex 16.1666 70 7.69181
      vertex 16 67.6 7.7
      vertex 16 70 7.7
    endloop
  endfacet
  facet normal -0.242987 0 -0.97003
    outer loop
      vertex 16.3317 67.6 7.66733
      vertex 16.4935 70 7.6268
      vertex 16.4935 67.6 7.6268
    endloop
  endfacet
  facet normal -0.242987 0 -0.97003
    outer loop
      vertex 16.4935 70 7.6268
      vertex 16.3317 67.6 7.66733
      vertex 16.3317 70 7.66733
    endloop
  endfacet
  facet normal -0.42754 0 -0.903996
    outer loop
      vertex 16.6506 67.6 7.57059
      vertex 16.8014 70 7.49927
      vertex 16.8014 67.6 7.49927
    endloop
  endfacet
  facet normal -0.42754 0 -0.903996
    outer loop
      vertex 16.8014 70 7.49927
      vertex 16.6506 67.6 7.57059
      vertex 16.6506 70 7.57059
    endloop
  endfacet
  facet normal -0.595695 0 -0.803211
    outer loop
      vertex 16.9445 67.6 7.4135
      vertex 17.0785 70 7.31412
      vertex 17.0785 67.6 7.31412
    endloop
  endfacet
  facet normal -0.595695 0 -0.803211
    outer loop
      vertex 17.0785 70 7.31412
      vertex 16.9445 67.6 7.4135
      vertex 16.9445 70 7.4135
    endloop
  endfacet
  facet normal -0.514099 0 -0.857731
    outer loop
      vertex 16.8014 67.6 7.49927
      vertex 16.9445 70 7.4135
      vertex 16.9445 67.6 7.4135
    endloop
  endfacet
  facet normal -0.514099 0 -0.857731
    outer loop
      vertex 16.9445 70 7.4135
      vertex 16.8014 67.6 7.49927
      vertex 16.8014 70 7.49927
    endloop
  endfacet
  facet normal 0.998791 0 -0.0491513
    outer loop
      vertex 14.3082 67.6 6.16663
      vertex 14.3 70 6
      vertex 14.3082 70 6.16663
    endloop
  endfacet
  facet normal 0.998791 0 -0.0491513
    outer loop
      vertex 14.3 70 6
      vertex 14.3082 67.6 6.16663
      vertex 14.3 67.6 6
    endloop
  endfacet
  facet normal 0.970083 0 -0.242775
    outer loop
      vertex 14.3732 67.6 6.49348
      vertex 14.3327 70 6.33165
      vertex 14.3732 70 6.49348
    endloop
  endfacet
  facet normal 0.970083 0 -0.242775
    outer loop
      vertex 14.3327 70 6.33165
      vertex 14.3732 67.6 6.49348
      vertex 14.3327 67.6 6.33165
    endloop
  endfacet
  facet normal 0.904054 0 -0.427419
    outer loop
      vertex 14.5007 67.6 6.80137
      vertex 14.4294 70 6.65056
      vertex 14.5007 70 6.80137
    endloop
  endfacet
  facet normal 0.904054 0 -0.427419
    outer loop
      vertex 14.4294 70 6.65056
      vertex 14.5007 67.6 6.80137
      vertex 14.4294 67.6 6.65056
    endloop
  endfacet
  facet normal 0.803154 0 -0.595772
    outer loop
      vertex 14.6859 67.6 7.07847
      vertex 14.5865 70 6.94447
      vertex 14.6859 70 7.07847
    endloop
  endfacet
  facet normal 0.803154 0 -0.595772
    outer loop
      vertex 14.5865 70 6.94447
      vertex 14.6859 67.6 7.07847
      vertex 14.5865 67.6 6.94447
    endloop
  endfacet
  facet normal 0.336883 0 -0.941546
    outer loop
      vertex 15.3494 67.6 7.57059
      vertex 15.5065 70 7.6268
      vertex 15.5065 67.6 7.6268
    endloop
  endfacet
  facet normal 0.336883 0 -0.941546
    outer loop
      vertex 15.5065 70 7.6268
      vertex 15.3494 67.6 7.57059
      vertex 15.3494 70 7.57059
    endloop
  endfacet
  facet normal 0.14667 0 -0.989185
    outer loop
      vertex 15.6683 67.6 7.66733
      vertex 15.8334 70 7.69181
      vertex 15.8334 67.6 7.69181
    endloop
  endfacet
  facet normal 0.14667 0 -0.989185
    outer loop
      vertex 15.8334 70 7.69181
      vertex 15.6683 67.6 7.66733
      vertex 15.6683 70 7.66733
    endloop
  endfacet
  facet normal 0.514099 0 -0.857731
    outer loop
      vertex 15.0555 67.6 7.4135
      vertex 15.1986 70 7.49927
      vertex 15.1986 67.6 7.49927
    endloop
  endfacet
  facet normal 0.514099 0 -0.857731
    outer loop
      vertex 15.1986 70 7.49927
      vertex 15.0555 67.6 7.4135
      vertex 15.0555 70 7.4135
    endloop
  endfacet
  facet normal -0.67161 0 0.740905
    outer loop
      vertex 17.0785 70 4.68588
      vertex 17.2021 67.6 4.79792
      vertex 17.2021 70 4.79792
    endloop
  endfacet
  facet normal -0.67161 0 0.740905
    outer loop
      vertex 17.2021 67.6 4.79792
      vertex 17.0785 70 4.68588
      vertex 17.0785 67.6 4.68588
    endloop
  endfacet
  facet normal -0.803154 0 0.595772
    outer loop
      vertex 17.3141 67.6 4.92153
      vertex 17.4135 70 5.05553
      vertex 17.3141 70 4.92153
    endloop
  endfacet
  facet normal -0.803154 0 0.595772
    outer loop
      vertex 17.4135 70 5.05553
      vertex 17.3141 67.6 4.92153
      vertex 17.4135 67.6 5.05553
    endloop
  endfacet
  facet normal 0.989158 -0 0.146857
    outer loop
      vertex 14.3082 67.6 5.83337
      vertex 14.3327 70 5.66835
      vertex 14.3082 70 5.83337
    endloop
  endfacet
  facet normal 0.989158 0 0.146857
    outer loop
      vertex 14.3327 70 5.66835
      vertex 14.3082 67.6 5.83337
      vertex 14.3327 67.6 5.66835
    endloop
  endfacet
  facet normal 0.904065 -0 0.427396
    outer loop
      vertex 14.4294 67.6 5.34944
      vertex 14.5007 70 5.19862
      vertex 14.4294 70 5.34944
    endloop
  endfacet
  facet normal 0.904065 0 0.427396
    outer loop
      vertex 14.5007 70 5.19862
      vertex 14.4294 67.6 5.34944
      vertex 14.5007 67.6 5.19862
    endloop
  endfacet
  facet normal 0.803154 -0 0.595772
    outer loop
      vertex 14.5865 67.6 5.05553
      vertex 14.6859 70 4.92153
      vertex 14.5865 70 5.05553
    endloop
  endfacet
  facet normal 0.803154 0 0.595772
    outer loop
      vertex 14.6859 70 4.92153
      vertex 14.5865 67.6 5.05553
      vertex 14.6859 67.6 4.92153
    endloop
  endfacet
  facet normal 0.67161 0 0.740905
    outer loop
      vertex 14.7979 70 4.79792
      vertex 14.9215 67.6 4.68588
      vertex 14.9215 70 4.68588
    endloop
  endfacet
  facet normal 0.67161 0 0.740905
    outer loop
      vertex 14.9215 67.6 4.68588
      vertex 14.7979 70 4.79792
      vertex 14.7979 67.6 4.79792
    endloop
  endfacet
  facet normal 0.857636 -0 0.514258
    outer loop
      vertex 14.5007 67.6 5.19862
      vertex 14.5865 70 5.05553
      vertex 14.5007 70 5.19862
    endloop
  endfacet
  facet normal 0.857636 0 0.514258
    outer loop
      vertex 14.5865 70 5.05553
      vertex 14.5007 67.6 5.19862
      vertex 14.5865 67.6 5.05553
    endloop
  endfacet
  facet normal -0.33683 0 0.941566
    outer loop
      vertex 16.4935 70 4.3732
      vertex 16.6506 67.6 4.4294
      vertex 16.6506 70 4.4294
    endloop
  endfacet
  facet normal -0.33683 0 0.941566
    outer loop
      vertex 16.6506 67.6 4.4294
      vertex 16.4935 70 4.3732
      vertex 16.4935 67.6 4.3732
    endloop
  endfacet
  facet normal -0.970083 0 0.242775
    outer loop
      vertex 17.6268 67.6 5.50652
      vertex 17.6673 70 5.66835
      vertex 17.6268 70 5.50652
    endloop
  endfacet
  facet normal -0.970083 0 0.242775
    outer loop
      vertex 17.6673 70 5.66835
      vertex 17.6268 67.6 5.50652
      vertex 17.6673 67.6 5.66835
    endloop
  endfacet
  facet normal -0.989158 0 0.146857
    outer loop
      vertex 17.6673 67.6 5.66835
      vertex 17.6918 70 5.83337
      vertex 17.6673 70 5.66835
    endloop
  endfacet
  facet normal -0.989158 0 0.146857
    outer loop
      vertex 17.6918 70 5.83337
      vertex 17.6673 67.6 5.66835
      vertex 17.6918 67.6 5.83337
    endloop
  endfacet
  facet normal -0.514099 0 0.857731
    outer loop
      vertex 16.8014 70 4.50073
      vertex 16.9445 67.6 4.5865
      vertex 16.9445 70 4.5865
    endloop
  endfacet
  facet normal -0.514099 0 0.857731
    outer loop
      vertex 16.9445 67.6 4.5865
      vertex 16.8014 70 4.50073
      vertex 16.8014 67.6 4.50073
    endloop
  endfacet
  facet normal -0.904065 0 0.427396
    outer loop
      vertex 17.4993 67.6 5.19862
      vertex 17.5706 70 5.34944
      vertex 17.4993 70 5.19862
    endloop
  endfacet
  facet normal -0.904065 0 0.427396
    outer loop
      vertex 17.5706 70 5.34944
      vertex 17.4993 67.6 5.19862
      vertex 17.5706 67.6 5.34944
    endloop
  endfacet
  facet normal -0.941552 0 0.336868
    outer loop
      vertex 17.5706 67.6 5.34944
      vertex 17.6268 70 5.50652
      vertex 17.5706 70 5.34944
    endloop
  endfacet
  facet normal -0.941552 0 0.336868
    outer loop
      vertex 17.6268 70 5.50652
      vertex 17.5706 67.6 5.34944
      vertex 17.6268 67.6 5.50652
    endloop
  endfacet
  facet normal -0.857636 0 0.514258
    outer loop
      vertex 17.4135 67.6 5.05553
      vertex 17.4993 70 5.19862
      vertex 17.4135 70 5.05553
    endloop
  endfacet
  facet normal -0.857636 0 0.514258
    outer loop
      vertex 17.4993 70 5.19862
      vertex 17.4135 67.6 5.05553
      vertex 17.4993 67.6 5.19862
    endloop
  endfacet
  facet normal 0.595695 0 0.803211
    outer loop
      vertex 14.9215 70 4.68588
      vertex 15.0555 67.6 4.5865
      vertex 15.0555 70 4.5865
    endloop
  endfacet
  facet normal 0.595695 0 0.803211
    outer loop
      vertex 15.0555 67.6 4.5865
      vertex 14.9215 70 4.68588
      vertex 14.9215 67.6 4.68588
    endloop
  endfacet
  facet normal 0.243043 0 0.970015
    outer loop
      vertex 15.5065 70 4.3732
      vertex 15.6683 67.6 4.33266
      vertex 15.6683 70 4.33266
    endloop
  endfacet
  facet normal 0.243043 0 0.970015
    outer loop
      vertex 15.6683 67.6 4.33266
      vertex 15.5065 70 4.3732
      vertex 15.5065 67.6 4.3732
    endloop
  endfacet
  facet normal 0.514099 0 0.857731
    outer loop
      vertex 15.0555 70 4.5865
      vertex 15.1986 67.6 4.50073
      vertex 15.1986 70 4.50073
    endloop
  endfacet
  facet normal 0.514099 0 0.857731
    outer loop
      vertex 15.1986 67.6 4.50073
      vertex 15.0555 70 4.5865
      vertex 15.0555 67.6 4.5865
    endloop
  endfacet
  facet normal 0.970083 -0 0.242775
    outer loop
      vertex 14.3327 67.6 5.66835
      vertex 14.3732 70 5.50652
      vertex 14.3327 70 5.66835
    endloop
  endfacet
  facet normal 0.970083 0 0.242775
    outer loop
      vertex 14.3732 70 5.50652
      vertex 14.3327 67.6 5.66835
      vertex 14.3732 67.6 5.50652
    endloop
  endfacet
  facet normal -0.243043 0 0.970015
    outer loop
      vertex 16.3317 70 4.33266
      vertex 16.4935 67.6 4.3732
      vertex 16.4935 70 4.3732
    endloop
  endfacet
  facet normal -0.243043 0 0.970015
    outer loop
      vertex 16.4935 67.6 4.3732
      vertex 16.3317 70 4.33266
      vertex 16.3317 67.6 4.33266
    endloop
  endfacet
  facet normal -0.595695 0 0.803211
    outer loop
      vertex 16.9445 70 4.5865
      vertex 17.0785 67.6 4.68588
      vertex 17.0785 70 4.68588
    endloop
  endfacet
  facet normal -0.595695 0 0.803211
    outer loop
      vertex 17.0785 67.6 4.68588
      vertex 16.9445 70 4.5865
      vertex 16.9445 67.6 4.5865
    endloop
  endfacet
  facet normal -0.741051 0 0.671448
    outer loop
      vertex 17.2021 67.6 4.79792
      vertex 17.3141 70 4.92153
      vertex 17.2021 70 4.79792
    endloop
  endfacet
  facet normal -0.741051 0 0.671448
    outer loop
      vertex 17.3141 70 4.92153
      vertex 17.2021 67.6 4.79792
      vertex 17.3141 67.6 4.92153
    endloop
  endfacet
  facet normal 0.146612 0 0.989194
    outer loop
      vertex 15.6683 70 4.33266
      vertex 15.8334 67.6 4.30819
      vertex 15.8334 70 4.30819
    endloop
  endfacet
  facet normal 0.146612 0 0.989194
    outer loop
      vertex 15.8334 67.6 4.30819
      vertex 15.6683 70 4.33266
      vertex 15.6683 67.6 4.33266
    endloop
  endfacet
  facet normal 0.427589 0 0.903973
    outer loop
      vertex 15.1986 70 4.50073
      vertex 15.3494 67.6 4.4294
      vertex 15.3494 70 4.4294
    endloop
  endfacet
  facet normal 0.427589 0 0.903973
    outer loop
      vertex 15.3494 67.6 4.4294
      vertex 15.1986 70 4.50073
      vertex 15.1986 67.6 4.50073
    endloop
  endfacet
  facet normal 0.33683 0 0.941566
    outer loop
      vertex 15.3494 70 4.4294
      vertex 15.5065 67.6 4.3732
      vertex 15.5065 70 4.3732
    endloop
  endfacet
  facet normal 0.33683 0 0.941566
    outer loop
      vertex 15.5065 67.6 4.3732
      vertex 15.3494 70 4.4294
      vertex 15.3494 67.6 4.4294
    endloop
  endfacet
  facet normal -0.998791 0 -0.0491513
    outer loop
      vertex 85.7 67.6 6
      vertex 85.6918 70 6.16663
      vertex 85.7 70 6
    endloop
  endfacet
  facet normal -0.998791 -0 -0.0491513
    outer loop
      vertex 85.6918 70 6.16663
      vertex 85.7 67.6 6
      vertex 85.6918 67.6 6.16663
    endloop
  endfacet
  facet normal -0.336883 0 -0.941546
    outer loop
      vertex 84.4935 67.6 7.6268
      vertex 84.6506 70 7.57059
      vertex 84.6506 67.6 7.57059
    endloop
  endfacet
  facet normal -0.336883 0 -0.941546
    outer loop
      vertex 84.6506 70 7.57059
      vertex 84.4935 67.6 7.6268
      vertex 84.4935 70 7.6268
    endloop
  endfacet
  facet normal 0.42754 0 -0.903996
    outer loop
      vertex 83.1986 67.6 7.49927
      vertex 83.3494 70 7.57059
      vertex 83.3494 67.6 7.57059
    endloop
  endfacet
  facet normal 0.42754 0 -0.903996
    outer loop
      vertex 83.3494 70 7.57059
      vertex 83.1986 67.6 7.49927
      vertex 83.1986 70 7.49927
    endloop
  endfacet
  facet normal 0.941552 0 -0.336868
    outer loop
      vertex 82.4294 67.6 6.65056
      vertex 82.3732 70 6.49348
      vertex 82.4294 70 6.65056
    endloop
  endfacet
  facet normal 0.941552 0 -0.336868
    outer loop
      vertex 82.3732 70 6.49348
      vertex 82.4294 67.6 6.65056
      vertex 82.3732 67.6 6.49348
    endloop
  endfacet
  facet normal -0.998791 0 0.0491513
    outer loop
      vertex 85.6918 67.6 5.83337
      vertex 85.7 70 6
      vertex 85.6918 70 5.83337
    endloop
  endfacet
  facet normal -0.998791 0 0.0491513
    outer loop
      vertex 85.7 70 6
      vertex 85.6918 67.6 5.83337
      vertex 85.7 67.6 6
    endloop
  endfacet
  facet normal -0.904054 0 -0.427419
    outer loop
      vertex 85.5706 67.6 6.65056
      vertex 85.4993 70 6.80137
      vertex 85.5706 70 6.65056
    endloop
  endfacet
  facet normal -0.904054 -0 -0.427419
    outer loop
      vertex 85.4993 70 6.80137
      vertex 85.5706 67.6 6.65056
      vertex 85.4993 67.6 6.80137
    endloop
  endfacet
  facet normal -0.857652 0 -0.514231
    outer loop
      vertex 85.4993 67.6 6.80137
      vertex 85.4135 70 6.94447
      vertex 85.4993 70 6.80137
    endloop
  endfacet
  facet normal -0.857652 -0 -0.514231
    outer loop
      vertex 85.4135 70 6.94447
      vertex 85.4993 67.6 6.80137
      vertex 85.4135 67.6 6.94447
    endloop
  endfacet
  facet normal -0.514099 0 -0.857731
    outer loop
      vertex 84.8014 67.6 7.49927
      vertex 84.9445 70 7.4135
      vertex 84.9445 67.6 7.4135
    endloop
  endfacet
  facet normal -0.514099 0 -0.857731
    outer loop
      vertex 84.9445 70 7.4135
      vertex 84.8014 67.6 7.49927
      vertex 84.8014 70 7.49927
    endloop
  endfacet
  facet normal 0.857636 -0 0.514258
    outer loop
      vertex 82.5007 67.6 5.19862
      vertex 82.5865 70 5.05553
      vertex 82.5007 70 5.19862
    endloop
  endfacet
  facet normal 0.857636 0 0.514258
    outer loop
      vertex 82.5865 70 5.05553
      vertex 82.5007 67.6 5.19862
      vertex 82.5865 67.6 5.05553
    endloop
  endfacet
  facet normal -0.803154 0 -0.595772
    outer loop
      vertex 85.4135 67.6 6.94447
      vertex 85.3141 70 7.07847
      vertex 85.4135 70 6.94447
    endloop
  endfacet
  facet normal -0.803154 -0 -0.595772
    outer loop
      vertex 85.3141 70 7.07847
      vertex 85.4135 67.6 6.94447
      vertex 85.3141 67.6 7.07847
    endloop
  endfacet
  facet normal -0.67161 0 -0.740905
    outer loop
      vertex 85.0785 67.6 7.31412
      vertex 85.2021 70 7.20208
      vertex 85.2021 67.6 7.20208
    endloop
  endfacet
  facet normal -0.67161 0 -0.740905
    outer loop
      vertex 85.2021 70 7.20208
      vertex 85.0785 67.6 7.31412
      vertex 85.0785 70 7.31412
    endloop
  endfacet
  facet normal 0.0491004 0 -0.998794
    outer loop
      vertex 83.8334 67.6 7.69181
      vertex 84 70 7.7
      vertex 84 67.6 7.7
    endloop
  endfacet
  facet normal 0.0491004 0 -0.998794
    outer loop
      vertex 84 70 7.7
      vertex 83.8334 67.6 7.69181
      vertex 83.8334 70 7.69181
    endloop
  endfacet
  facet normal -0.242846 0 -0.970065
    outer loop
      vertex 84.3316 67.6 7.66733
      vertex 84.4935 70 7.6268
      vertex 84.4935 67.6 7.6268
    endloop
  endfacet
  facet normal -0.242846 0 -0.970065
    outer loop
      vertex 84.4935 70 7.6268
      vertex 84.3316 67.6 7.66733
      vertex 84.3316 70 7.66733
    endloop
  endfacet
  facet normal -0.146757 0 -0.989173
    outer loop
      vertex 84.1666 67.6 7.69181
      vertex 84.3316 70 7.66733
      vertex 84.3316 67.6 7.66733
    endloop
  endfacet
  facet normal -0.146757 0 -0.989173
    outer loop
      vertex 84.3316 70 7.66733
      vertex 84.1666 67.6 7.69181
      vertex 84.1666 70 7.69181
    endloop
  endfacet
  facet normal 0.998791 -0 0.0491513
    outer loop
      vertex 82.3 67.6 6
      vertex 82.3082 70 5.83337
      vertex 82.3 70 6
    endloop
  endfacet
  facet normal 0.998791 0 0.0491513
    outer loop
      vertex 82.3082 70 5.83337
      vertex 82.3 67.6 6
      vertex 82.3082 67.6 5.83337
    endloop
  endfacet
  facet normal 0.970083 0 -0.242775
    outer loop
      vertex 82.3732 67.6 6.49348
      vertex 82.3327 70 6.33165
      vertex 82.3732 70 6.49348
    endloop
  endfacet
  facet normal 0.970083 0 -0.242775
    outer loop
      vertex 82.3327 70 6.33165
      vertex 82.3732 67.6 6.49348
      vertex 82.3327 67.6 6.33165
    endloop
  endfacet
  facet normal 0.989158 0 -0.146857
    outer loop
      vertex 82.3327 67.6 6.33165
      vertex 82.3082 70 6.16663
      vertex 82.3327 70 6.33165
    endloop
  endfacet
  facet normal 0.989158 0 -0.146857
    outer loop
      vertex 82.3082 70 6.16663
      vertex 82.3327 67.6 6.33165
      vertex 82.3082 67.6 6.16663
    endloop
  endfacet
  facet normal 0.857652 0 -0.514231
    outer loop
      vertex 82.5865 67.6 6.94447
      vertex 82.5007 70 6.80137
      vertex 82.5865 70 6.94447
    endloop
  endfacet
  facet normal 0.857652 0 -0.514231
    outer loop
      vertex 82.5007 70 6.80137
      vertex 82.5865 67.6 6.94447
      vertex 82.5007 67.6 6.80137
    endloop
  endfacet
  facet normal 0.803154 0 -0.595772
    outer loop
      vertex 82.6859 67.6 7.07847
      vertex 82.5865 70 6.94447
      vertex 82.6859 70 7.07847
    endloop
  endfacet
  facet normal 0.803154 0 -0.595772
    outer loop
      vertex 82.5865 70 6.94447
      vertex 82.6859 67.6 7.07847
      vertex 82.5865 67.6 6.94447
    endloop
  endfacet
  facet normal 0.595695 0 -0.803211
    outer loop
      vertex 82.9215 67.6 7.31412
      vertex 83.0555 70 7.4135
      vertex 83.0555 67.6 7.4135
    endloop
  endfacet
  facet normal 0.595695 0 -0.803211
    outer loop
      vertex 83.0555 70 7.4135
      vertex 82.9215 67.6 7.31412
      vertex 82.9215 70 7.31412
    endloop
  endfacet
  facet normal 0.514099 0 -0.857731
    outer loop
      vertex 83.0555 67.6 7.4135
      vertex 83.1986 70 7.49927
      vertex 83.1986 67.6 7.49927
    endloop
  endfacet
  facet normal 0.514099 0 -0.857731
    outer loop
      vertex 83.1986 70 7.49927
      vertex 83.0555 67.6 7.4135
      vertex 83.0555 70 7.4135
    endloop
  endfacet
  facet normal 0.741051 0 -0.671448
    outer loop
      vertex 82.7979 67.6 7.20208
      vertex 82.6859 70 7.07847
      vertex 82.7979 70 7.20208
    endloop
  endfacet
  facet normal 0.741051 0 -0.671448
    outer loop
      vertex 82.6859 70 7.07847
      vertex 82.7979 67.6 7.20208
      vertex 82.6859 67.6 7.07847
    endloop
  endfacet
  facet normal -0.0491004 0 0.998794
    outer loop
      vertex 84 70 4.3
      vertex 84.1666 67.6 4.30819
      vertex 84.1666 70 4.30819
    endloop
  endfacet
  facet normal -0.0491004 0 0.998794
    outer loop
      vertex 84.1666 67.6 4.30819
      vertex 84 70 4.3
      vertex 84 67.6 4.3
    endloop
  endfacet
  facet normal -0.146699 0 0.989181
    outer loop
      vertex 84.1666 70 4.30819
      vertex 84.3316 67.6 4.33266
      vertex 84.3316 70 4.33266
    endloop
  endfacet
  facet normal -0.146699 0 0.989181
    outer loop
      vertex 84.3316 67.6 4.33266
      vertex 84.1666 70 4.30819
      vertex 84.1666 67.6 4.30819
    endloop
  endfacet
  facet normal -0.941552 0 -0.336868
    outer loop
      vertex 85.6268 67.6 6.49348
      vertex 85.5706 70 6.65056
      vertex 85.6268 70 6.49348
    endloop
  endfacet
  facet normal -0.941552 -0 -0.336868
    outer loop
      vertex 85.5706 70 6.65056
      vertex 85.6268 67.6 6.49348
      vertex 85.5706 67.6 6.65056
    endloop
  endfacet
  facet normal -0.989158 0 -0.146857
    outer loop
      vertex 85.6918 67.6 6.16663
      vertex 85.6673 70 6.33165
      vertex 85.6918 70 6.16663
    endloop
  endfacet
  facet normal -0.989158 -0 -0.146857
    outer loop
      vertex 85.6673 70 6.33165
      vertex 85.6918 67.6 6.16663
      vertex 85.6673 67.6 6.33165
    endloop
  endfacet
  facet normal -0.741051 0 -0.671448
    outer loop
      vertex 85.3141 67.6 7.07847
      vertex 85.2021 70 7.20208
      vertex 85.3141 70 7.07847
    endloop
  endfacet
  facet normal -0.741051 -0 -0.671448
    outer loop
      vertex 85.2021 70 7.20208
      vertex 85.3141 67.6 7.07847
      vertex 85.2021 67.6 7.20208
    endloop
  endfacet
  facet normal -0.0491004 0 -0.998794
    outer loop
      vertex 84 67.6 7.7
      vertex 84.1666 70 7.69181
      vertex 84.1666 67.6 7.69181
    endloop
  endfacet
  facet normal -0.0491004 0 -0.998794
    outer loop
      vertex 84.1666 70 7.69181
      vertex 84 67.6 7.7
      vertex 84 70 7.7
    endloop
  endfacet
  facet normal -0.42754 0 -0.903996
    outer loop
      vertex 84.6506 67.6 7.57059
      vertex 84.8014 70 7.49927
      vertex 84.8014 67.6 7.49927
    endloop
  endfacet
  facet normal -0.42754 0 -0.903996
    outer loop
      vertex 84.8014 70 7.49927
      vertex 84.6506 67.6 7.57059
      vertex 84.6506 70 7.57059
    endloop
  endfacet
  facet normal -0.595695 0 -0.803211
    outer loop
      vertex 84.9445 67.6 7.4135
      vertex 85.0785 70 7.31412
      vertex 85.0785 67.6 7.31412
    endloop
  endfacet
  facet normal -0.595695 0 -0.803211
    outer loop
      vertex 85.0785 70 7.31412
      vertex 84.9445 67.6 7.4135
      vertex 84.9445 70 7.4135
    endloop
  endfacet
  facet normal 0.998791 0 -0.0491513
    outer loop
      vertex 82.3082 67.6 6.16663
      vertex 82.3 70 6
      vertex 82.3082 70 6.16663
    endloop
  endfacet
  facet normal 0.998791 0 -0.0491513
    outer loop
      vertex 82.3 70 6
      vertex 82.3082 67.6 6.16663
      vertex 82.3 67.6 6
    endloop
  endfacet
  facet normal 0.904054 0 -0.427419
    outer loop
      vertex 82.5007 67.6 6.80137
      vertex 82.4294 70 6.65056
      vertex 82.5007 70 6.80137
    endloop
  endfacet
  facet normal 0.904054 0 -0.427419
    outer loop
      vertex 82.4294 70 6.65056
      vertex 82.5007 67.6 6.80137
      vertex 82.4294 67.6 6.65056
    endloop
  endfacet
  facet normal 0.336883 0 -0.941546
    outer loop
      vertex 83.3494 67.6 7.57059
      vertex 83.5065 70 7.6268
      vertex 83.5065 67.6 7.6268
    endloop
  endfacet
  facet normal 0.336883 0 -0.941546
    outer loop
      vertex 83.5065 70 7.6268
      vertex 83.3494 67.6 7.57059
      vertex 83.3494 70 7.57059
    endloop
  endfacet
  facet normal 0.146757 0 -0.989173
    outer loop
      vertex 83.6684 67.6 7.66733
      vertex 83.8334 70 7.69181
      vertex 83.8334 67.6 7.69181
    endloop
  endfacet
  facet normal 0.146757 0 -0.989173
    outer loop
      vertex 83.8334 70 7.69181
      vertex 83.6684 67.6 7.66733
      vertex 83.6684 70 7.66733
    endloop
  endfacet
  facet normal 0.242846 0 -0.970065
    outer loop
      vertex 83.5065 67.6 7.6268
      vertex 83.6684 70 7.66733
      vertex 83.6684 67.6 7.66733
    endloop
  endfacet
  facet normal 0.242846 0 -0.970065
    outer loop
      vertex 83.6684 70 7.66733
      vertex 83.5065 67.6 7.6268
      vertex 83.5065 70 7.6268
    endloop
  endfacet
  facet normal 0.67161 0 -0.740905
    outer loop
      vertex 82.7979 67.6 7.20208
      vertex 82.9215 70 7.31412
      vertex 82.9215 67.6 7.31412
    endloop
  endfacet
  facet normal 0.67161 0 -0.740905
    outer loop
      vertex 82.9215 70 7.31412
      vertex 82.7979 67.6 7.20208
      vertex 82.7979 70 7.20208
    endloop
  endfacet
  facet normal -0.941552 0 0.336868
    outer loop
      vertex 85.5706 67.6 5.34944
      vertex 85.6268 70 5.50652
      vertex 85.5706 70 5.34944
    endloop
  endfacet
  facet normal -0.941552 0 0.336868
    outer loop
      vertex 85.6268 70 5.50652
      vertex 85.5706 67.6 5.34944
      vertex 85.6268 67.6 5.50652
    endloop
  endfacet
  facet normal -0.741051 0 0.671448
    outer loop
      vertex 85.2021 67.6 4.79792
      vertex 85.3141 70 4.92153
      vertex 85.2021 70 4.79792
    endloop
  endfacet
  facet normal -0.741051 0 0.671448
    outer loop
      vertex 85.3141 70 4.92153
      vertex 85.2021 67.6 4.79792
      vertex 85.3141 67.6 4.92153
    endloop
  endfacet
  facet normal -0.904065 0 0.427396
    outer loop
      vertex 85.4993 67.6 5.19862
      vertex 85.5706 70 5.34944
      vertex 85.4993 70 5.19862
    endloop
  endfacet
  facet normal -0.904065 0 0.427396
    outer loop
      vertex 85.5706 70 5.34944
      vertex 85.4993 67.6 5.19862
      vertex 85.5706 67.6 5.34944
    endloop
  endfacet
  facet normal -0.803154 0 0.595772
    outer loop
      vertex 85.3141 67.6 4.92153
      vertex 85.4135 70 5.05553
      vertex 85.3141 70 4.92153
    endloop
  endfacet
  facet normal -0.803154 0 0.595772
    outer loop
      vertex 85.4135 70 5.05553
      vertex 85.3141 67.6 4.92153
      vertex 85.4135 67.6 5.05553
    endloop
  endfacet
  facet normal 0.0491004 0 0.998794
    outer loop
      vertex 83.8334 70 4.30819
      vertex 84 67.6 4.3
      vertex 84 70 4.3
    endloop
  endfacet
  facet normal 0.0491004 0 0.998794
    outer loop
      vertex 84 67.6 4.3
      vertex 83.8334 70 4.30819
      vertex 83.8334 67.6 4.30819
    endloop
  endfacet
  facet normal 0.989158 -0 0.146857
    outer loop
      vertex 82.3082 67.6 5.83337
      vertex 82.3327 70 5.66835
      vertex 82.3082 70 5.83337
    endloop
  endfacet
  facet normal 0.989158 0 0.146857
    outer loop
      vertex 82.3327 70 5.66835
      vertex 82.3082 67.6 5.83337
      vertex 82.3327 67.6 5.66835
    endloop
  endfacet
  facet normal 0.941552 -0 0.336868
    outer loop
      vertex 82.3732 67.6 5.50652
      vertex 82.4294 70 5.34944
      vertex 82.3732 70 5.50652
    endloop
  endfacet
  facet normal 0.941552 0 0.336868
    outer loop
      vertex 82.4294 70 5.34944
      vertex 82.3732 67.6 5.50652
      vertex 82.4294 67.6 5.34944
    endloop
  endfacet
  facet normal 0.970083 -0 0.242775
    outer loop
      vertex 82.3327 67.6 5.66835
      vertex 82.3732 70 5.50652
      vertex 82.3327 70 5.66835
    endloop
  endfacet
  facet normal 0.970083 0 0.242775
    outer loop
      vertex 82.3732 70 5.50652
      vertex 82.3327 67.6 5.66835
      vertex 82.3732 67.6 5.50652
    endloop
  endfacet
  facet normal 0.67161 0 0.740905
    outer loop
      vertex 82.7979 70 4.79792
      vertex 82.9215 67.6 4.68588
      vertex 82.9215 70 4.68588
    endloop
  endfacet
  facet normal 0.67161 0 0.740905
    outer loop
      vertex 82.9215 67.6 4.68588
      vertex 82.7979 70 4.79792
      vertex 82.7979 67.6 4.79792
    endloop
  endfacet
  facet normal 0.803154 -0 0.595772
    outer loop
      vertex 82.5865 67.6 5.05553
      vertex 82.6859 70 4.92153
      vertex 82.5865 70 5.05553
    endloop
  endfacet
  facet normal 0.803154 0 0.595772
    outer loop
      vertex 82.6859 70 4.92153
      vertex 82.5865 67.6 5.05553
      vertex 82.6859 67.6 4.92153
    endloop
  endfacet
  facet normal 0.741051 -0 0.671448
    outer loop
      vertex 82.6859 67.6 4.92153
      vertex 82.7979 70 4.79792
      vertex 82.6859 70 4.92153
    endloop
  endfacet
  facet normal 0.741051 0 0.671448
    outer loop
      vertex 82.7979 70 4.79792
      vertex 82.6859 67.6 4.92153
      vertex 82.7979 67.6 4.79792
    endloop
  endfacet
  facet normal -0.427589 0 0.903973
    outer loop
      vertex 84.6506 70 4.4294
      vertex 84.8014 67.6 4.50073
      vertex 84.8014 70 4.50073
    endloop
  endfacet
  facet normal -0.427589 0 0.903973
    outer loop
      vertex 84.8014 67.6 4.50073
      vertex 84.6506 70 4.4294
      vertex 84.6506 67.6 4.4294
    endloop
  endfacet
  facet normal -0.242902 0 0.970051
    outer loop
      vertex 84.3316 70 4.33266
      vertex 84.4935 67.6 4.3732
      vertex 84.4935 70 4.3732
    endloop
  endfacet
  facet normal -0.242902 0 0.970051
    outer loop
      vertex 84.4935 67.6 4.3732
      vertex 84.3316 70 4.33266
      vertex 84.3316 67.6 4.33266
    endloop
  endfacet
  facet normal -0.970083 0 -0.242775
    outer loop
      vertex 85.6673 67.6 6.33165
      vertex 85.6268 70 6.49348
      vertex 85.6673 70 6.33165
    endloop
  endfacet
  facet normal -0.970083 -0 -0.242775
    outer loop
      vertex 85.6268 70 6.49348
      vertex 85.6673 67.6 6.33165
      vertex 85.6268 67.6 6.49348
    endloop
  endfacet
  facet normal -0.970083 0 0.242775
    outer loop
      vertex 85.6268 67.6 5.50652
      vertex 85.6673 70 5.66835
      vertex 85.6268 70 5.50652
    endloop
  endfacet
  facet normal -0.970083 0 0.242775
    outer loop
      vertex 85.6673 70 5.66835
      vertex 85.6268 67.6 5.50652
      vertex 85.6673 67.6 5.66835
    endloop
  endfacet
  facet normal -0.989158 0 0.146857
    outer loop
      vertex 85.6673 67.6 5.66835
      vertex 85.6918 70 5.83337
      vertex 85.6673 70 5.66835
    endloop
  endfacet
  facet normal -0.989158 0 0.146857
    outer loop
      vertex 85.6918 70 5.83337
      vertex 85.6673 67.6 5.66835
      vertex 85.6918 67.6 5.83337
    endloop
  endfacet
  facet normal -0.514099 0 0.857731
    outer loop
      vertex 84.8014 70 4.50073
      vertex 84.9445 67.6 4.5865
      vertex 84.9445 70 4.5865
    endloop
  endfacet
  facet normal -0.514099 0 0.857731
    outer loop
      vertex 84.9445 67.6 4.5865
      vertex 84.8014 70 4.50073
      vertex 84.8014 67.6 4.50073
    endloop
  endfacet
  facet normal -0.67161 0 0.740905
    outer loop
      vertex 85.0785 70 4.68588
      vertex 85.2021 67.6 4.79792
      vertex 85.2021 70 4.79792
    endloop
  endfacet
  facet normal -0.67161 0 0.740905
    outer loop
      vertex 85.2021 67.6 4.79792
      vertex 85.0785 70 4.68588
      vertex 85.0785 67.6 4.68588
    endloop
  endfacet
  facet normal -0.857636 0 0.514258
    outer loop
      vertex 85.4135 67.6 5.05553
      vertex 85.4993 70 5.19862
      vertex 85.4135 70 5.05553
    endloop
  endfacet
  facet normal -0.857636 0 0.514258
    outer loop
      vertex 85.4993 70 5.19862
      vertex 85.4135 67.6 5.05553
      vertex 85.4993 67.6 5.19862
    endloop
  endfacet
  facet normal 0.595695 0 0.803211
    outer loop
      vertex 82.9215 70 4.68588
      vertex 83.0555 67.6 4.5865
      vertex 83.0555 70 4.5865
    endloop
  endfacet
  facet normal 0.595695 0 0.803211
    outer loop
      vertex 83.0555 67.6 4.5865
      vertex 82.9215 70 4.68588
      vertex 82.9215 67.6 4.68588
    endloop
  endfacet
  facet normal 0.242902 0 0.970051
    outer loop
      vertex 83.5065 70 4.3732
      vertex 83.6684 67.6 4.33266
      vertex 83.6684 70 4.33266
    endloop
  endfacet
  facet normal 0.242902 0 0.970051
    outer loop
      vertex 83.6684 67.6 4.33266
      vertex 83.5065 70 4.3732
      vertex 83.5065 67.6 4.3732
    endloop
  endfacet
  facet normal 0.514099 0 0.857731
    outer loop
      vertex 83.0555 70 4.5865
      vertex 83.1986 67.6 4.50073
      vertex 83.1986 70 4.50073
    endloop
  endfacet
  facet normal 0.514099 0 0.857731
    outer loop
      vertex 83.1986 67.6 4.50073
      vertex 83.0555 70 4.5865
      vertex 83.0555 67.6 4.5865
    endloop
  endfacet
  facet normal 0.904065 -0 0.427396
    outer loop
      vertex 82.4294 67.6 5.34944
      vertex 82.5007 70 5.19862
      vertex 82.4294 70 5.34944
    endloop
  endfacet
  facet normal 0.904065 0 0.427396
    outer loop
      vertex 82.5007 70 5.19862
      vertex 82.4294 67.6 5.34944
      vertex 82.5007 67.6 5.19862
    endloop
  endfacet
  facet normal -0.33683 0 0.941566
    outer loop
      vertex 84.4935 70 4.3732
      vertex 84.6506 67.6 4.4294
      vertex 84.6506 70 4.4294
    endloop
  endfacet
  facet normal -0.33683 0 0.941566
    outer loop
      vertex 84.6506 67.6 4.4294
      vertex 84.4935 70 4.3732
      vertex 84.4935 67.6 4.3732
    endloop
  endfacet
  facet normal -0.595695 0 0.803211
    outer loop
      vertex 84.9445 70 4.5865
      vertex 85.0785 67.6 4.68588
      vertex 85.0785 70 4.68588
    endloop
  endfacet
  facet normal -0.595695 0 0.803211
    outer loop
      vertex 85.0785 67.6 4.68588
      vertex 84.9445 70 4.5865
      vertex 84.9445 67.6 4.5865
    endloop
  endfacet
  facet normal 0.146699 0 0.989181
    outer loop
      vertex 83.6684 70 4.33266
      vertex 83.8334 67.6 4.30819
      vertex 83.8334 70 4.30819
    endloop
  endfacet
  facet normal 0.146699 0 0.989181
    outer loop
      vertex 83.8334 67.6 4.30819
      vertex 83.6684 70 4.33266
      vertex 83.6684 67.6 4.33266
    endloop
  endfacet
  facet normal 0.427589 0 0.903973
    outer loop
      vertex 83.1986 70 4.50073
      vertex 83.3494 67.6 4.4294
      vertex 83.3494 70 4.4294
    endloop
  endfacet
  facet normal 0.427589 0 0.903973
    outer loop
      vertex 83.3494 67.6 4.4294
      vertex 83.1986 70 4.50073
      vertex 83.1986 67.6 4.50073
    endloop
  endfacet
  facet normal 0.33683 0 0.941566
    outer loop
      vertex 83.3494 70 4.4294
      vertex 83.5065 67.6 4.3732
      vertex 83.5065 70 4.3732
    endloop
  endfacet
  facet normal 0.33683 0 0.941566
    outer loop
      vertex 83.5065 67.6 4.3732
      vertex 83.3494 70 4.4294
      vertex 83.3494 67.6 4.4294
    endloop
  endfacet
  facet normal 1 -0 0
    outer loop
      vertex 36 0 12
      vertex 36 2.4 4.4
      vertex 36 2.4 12
    endloop
  endfacet
  facet normal 1 0 0
    outer loop
      vertex 36 2.4 4.4
      vertex 36 0 12
      vertex 36 0 4.4
    endloop
  endfacet
  facet normal -1 0 0
    outer loop
      vertex 64 0 4.4
      vertex 64 2.4 12
      vertex 64 2.4 4.4
    endloop
  endfacet
  facet normal -1 -0 0
    outer loop
      vertex 64 2.4 12
      vertex 64 0 4.4
      vertex 64 0 12
    endloop
  endfacet
  facet normal -0 0 1
    outer loop
      vertex 36 2.4 4.4
      vertex 64 0 4.4
      vertex 64 2.4 4.4
    endloop
  endfacet
  facet normal 0 0 1
    outer loop
      vertex 64 0 4.4
      vertex 36 2.4 4.4
      vertex 36 0 4.4
    endloop
  endfacet
  facet normal 0 -1 0
    outer loop
      vertex 0 45 4.4
      vertex 2.4 45 12
      vertex 0 45 12
    endloop
  endfacet
  facet normal 0 -1 -0
    outer loop
      vertex 2.4 45 12
      vertex 0 45 4.4
      vertex 2.4 45 4.4
    endloop
  endfacet
  facet normal -0 0 1
    outer loop
      vertex 0 45 4.4
      vertex 2.4 25 4.4
      vertex 2.4 45 4.4
    endloop
  endfacet
  facet normal 0 0 1
    outer loop
      vertex 2.4 25 4.4
      vertex 0 45 4.4
      vertex 0 25 4.4
    endloop
  endfacet
  facet normal 0 1 -0
    outer loop
      vertex 2.4 25 4.4
      vertex 0 25 12
      vertex 2.4 25 12
    endloop
  endfacet
  facet normal 0 1 0
    outer loop
      vertex 0 25 12
      vertex 2.4 25 4.4
      vertex 0 25 4.4
    endloop
  endfacet
  facet normal 0.970012 0.243059 0
    outer loop
      vertex 14.6972 10.5365 9.4
      vertex 14.6316 10.7983 2.4
      vertex 14.6316 10.7983 9.4
    endloop
  endfacet
  facet normal 0.970012 0.243059 0
    outer loop
      vertex 14.6316 10.7983 2.4
      vertex 14.6972 10.5365 9.4
      vertex 14.6972 10.5365 2.4
    endloop
  endfacet
  facet normal 0.998803 0.0489209 0
    outer loop
      vertex 14.75 10 9.4
      vertex 14.7368 10.2695 2.4
      vertex 14.7368 10.2695 9.4
    endloop
  endfacet
  facet normal 0.998803 0.0489209 0
    outer loop
      vertex 14.7368 10.2695 2.4
      vertex 14.75 10 9.4
      vertex 14.75 10 2.4
    endloop
  endfacet
  facet normal -0.998795 0.0490688 0
    outer loop
      vertex 9.25 10 2.4
      vertex 9.26324 10.2695 9.4
      vertex 9.26324 10.2695 2.4
    endloop
  endfacet
  facet normal -0.998795 0.0490688 0
    outer loop
      vertex 9.26324 10.2695 9.4
      vertex 9.25 10 2.4
      vertex 9.25 10 9.4
    endloop
  endfacet
  facet normal 0.0489209 0.998803 -0
    outer loop
      vertex 12.2695 12.7368 2.4
      vertex 12 12.75 9.4
      vertex 12.2695 12.7368 9.4
    endloop
  endfacet
  facet normal 0.0489209 0.998803 0
    outer loop
      vertex 12 12.75 9.4
      vertex 12.2695 12.7368 2.4
      vertex 12 12.75 2.4
    endloop
  endfacet
  facet normal 0.671805 0.740728 -0
    outer loop
      vertex 13.9445 11.9445 2.4
      vertex 13.7446 12.1258 9.4
      vertex 13.9445 11.9445 9.4
    endloop
  endfacet
  facet normal 0.671805 0.740728 0
    outer loop
      vertex 13.7446 12.1258 9.4
      vertex 13.9445 11.9445 2.4
      vertex 13.7446 12.1258 2.4
    endloop
  endfacet
  facet normal -0.671805 0.740728 0
    outer loop
      vertex 10.2554 12.1258 2.4
      vertex 10.0555 11.9445 9.4
      vertex 10.2554 12.1258 9.4
    endloop
  endfacet
  facet normal -0.671805 0.740728 0
    outer loop
      vertex 10.0555 11.9445 9.4
      vertex 10.2554 12.1258 2.4
      vertex 10.0555 11.9445 2.4
    endloop
  endfacet
  facet normal -0.336829 0.941566 0
    outer loop
      vertex 11.2017 12.6316 2.4
      vertex 10.9476 12.5407 9.4
      vertex 11.2017 12.6316 9.4
    endloop
  endfacet
  facet normal -0.336829 0.941566 0
    outer loop
      vertex 10.9476 12.5407 9.4
      vertex 11.2017 12.6316 2.4
      vertex 10.9476 12.5407 2.4
    endloop
  endfacet
  facet normal -0.803208 -0.595699 0
    outer loop
      vertex 9.87422 8.25542 2.4
      vertex 9.71346 8.47218 9.4
      vertex 9.71346 8.47218 2.4
    endloop
  endfacet
  facet normal -0.803208 -0.595699 0
    outer loop
      vertex 9.71346 8.47218 9.4
      vertex 9.87422 8.25542 2.4
      vertex 9.87422 8.25542 9.4
    endloop
  endfacet
  facet normal 0.941566 0.336829 0
    outer loop
      vertex 14.6316 10.7983 9.4
      vertex 14.5407 11.0524 2.4
      vertex 14.5407 11.0524 9.4
    endloop
  endfacet
  facet normal 0.941566 0.336829 0
    outer loop
      vertex 14.5407 11.0524 2.4
      vertex 14.6316 10.7983 9.4
      vertex 14.6316 10.7983 2.4
    endloop
  endfacet
  facet normal 0.427688 0.903926 -0
    outer loop
      vertex 13.2963 12.4253 2.4
      vertex 13.0524 12.5407 9.4
      vertex 13.2963 12.4253 9.4
    endloop
  endfacet
  facet normal 0.427688 0.903926 0
    outer loop
      vertex 13.0524 12.5407 9.4
      vertex 13.2963 12.4253 2.4
      vertex 13.0524 12.5407 2.4
    endloop
  endfacet
  facet normal 0.595485 0.803367 -0
    outer loop
      vertex 13.7446 12.1258 2.4
      vertex 13.5278 12.2865 9.4
      vertex 13.7446 12.1258 9.4
    endloop
  endfacet
  facet normal 0.595485 0.803367 0
    outer loop
      vertex 13.5278 12.2865 9.4
      vertex 13.7446 12.1258 2.4
      vertex 13.5278 12.2865 2.4
    endloop
  endfacet
  facet normal -0.857754 0.51406 0
    outer loop
      vertex 9.57472 11.2963 2.4
      vertex 9.71346 11.5278 9.4
      vertex 9.71346 11.5278 2.4
    endloop
  endfacet
  facet normal -0.857754 0.51406 0
    outer loop
      vertex 9.71346 11.5278 9.4
      vertex 9.57472 11.2963 2.4
      vertex 9.57472 11.2963 9.4
    endloop
  endfacet
  facet normal -0.80326 0.595628 0
    outer loop
      vertex 9.71346 11.5278 2.4
      vertex 9.87422 11.7446 9.4
      vertex 9.87422 11.7446 2.4
    endloop
  endfacet
  facet normal -0.80326 0.595628 0
    outer loop
      vertex 9.87422 11.7446 9.4
      vertex 9.71346 11.5278 2.4
      vertex 9.71346 11.5278 9.4
    endloop
  endfacet
  facet normal 0.903967 -0.427602 0
    outer loop
      vertex 14.4253 8.70366 9.4
      vertex 14.5407 8.94762 2.4
      vertex 14.5407 8.94762 9.4
    endloop
  endfacet
  facet normal 0.903967 -0.427602 0
    outer loop
      vertex 14.5407 8.94762 2.4
      vertex 14.4253 8.70366 9.4
      vertex 14.4253 8.70366 2.4
    endloop
  endfacet
  facet normal 0.242954 -0.970038 0
    outer loop
      vertex 12.5365 7.30284 2.4
      vertex 12.7983 7.36841 9.4
      vertex 12.5365 7.30284 9.4
    endloop
  endfacet
  facet normal 0.242954 -0.970038 0
    outer loop
      vertex 12.7983 7.36841 9.4
      vertex 12.5365 7.30284 2.4
      vertex 12.7983 7.36841 2.4
    endloop
  endfacet
  facet normal 0.740828 -0.671695 0
    outer loop
      vertex 13.9445 8.05546 9.4
      vertex 14.1258 8.25542 2.4
      vertex 14.1258 8.25542 9.4
    endloop
  endfacet
  facet normal 0.740828 -0.671695 0
    outer loop
      vertex 14.1258 8.25542 2.4
      vertex 13.9445 8.05546 9.4
      vertex 13.9445 8.05546 2.4
    endloop
  endfacet
  facet normal 0.970007 -0.243076 0
    outer loop
      vertex 14.6316 9.20172 9.4
      vertex 14.6972 9.4635 2.4
      vertex 14.6972 9.4635 9.4
    endloop
  endfacet
  facet normal 0.970007 -0.243076 0
    outer loop
      vertex 14.6972 9.4635 2.4
      vertex 14.6316 9.20172 9.4
      vertex 14.6316 9.20172 2.4
    endloop
  endfacet
  facet normal -0.336895 -0.941542 0
    outer loop
      vertex 10.9476 7.45933 2.4
      vertex 11.2017 7.36841 9.4
      vertex 10.9476 7.45933 9.4
    endloop
  endfacet
  facet normal -0.336895 -0.941542 -0
    outer loop
      vertex 11.2017 7.36841 9.4
      vertex 10.9476 7.45933 2.4
      vertex 11.2017 7.36841 2.4
    endloop
  endfacet
  facet normal -0.51406 -0.857754 0
    outer loop
      vertex 10.4722 7.71346 2.4
      vertex 10.7037 7.57472 9.4
      vertex 10.4722 7.71346 9.4
    endloop
  endfacet
  facet normal -0.51406 -0.857754 -0
    outer loop
      vertex 10.7037 7.57472 9.4
      vertex 10.4722 7.71346 2.4
      vertex 10.7037 7.57472 2.4
    endloop
  endfacet
  facet normal -0.970033 -0.242972 0
    outer loop
      vertex 9.36841 9.20172 2.4
      vertex 9.30284 9.4635 9.4
      vertex 9.30284 9.4635 2.4
    endloop
  endfacet
  facet normal -0.970033 -0.242972 0
    outer loop
      vertex 9.30284 9.4635 9.4
      vertex 9.36841 9.20172 2.4
      vertex 9.36841 9.20172 9.4
    endloop
  endfacet
  facet normal 0.903926 0.427688 0
    outer loop
      vertex 14.5407 11.0524 9.4
      vertex 14.4253 11.2963 2.4
      vertex 14.4253 11.2963 9.4
    endloop
  endfacet
  facet normal 0.903926 0.427688 0
    outer loop
      vertex 14.4253 11.2963 2.4
      vertex 14.5407 11.0524 9.4
      vertex 14.5407 11.0524 2.4
    endloop
  endfacet
  facet normal 0.857656 0.514223 0
    outer loop
      vertex 14.4253 11.2963 9.4
      vertex 14.2865 11.5278 2.4
      vertex 14.2865 11.5278 9.4
    endloop
  endfacet
  facet normal 0.857656 0.514223 0
    outer loop
      vertex 14.2865 11.5278 2.4
      vertex 14.4253 11.2963 9.4
      vertex 14.4253 11.2963 2.4
    endloop
  endfacet
  facet normal 0.803367 0.595485 0
    outer loop
      vertex 14.2865 11.5278 9.4
      vertex 14.1258 11.7446 2.4
      vertex 14.1258 11.7446 9.4
    endloop
  endfacet
  facet normal 0.803367 0.595485 0
    outer loop
      vertex 14.1258 11.7446 2.4
      vertex 14.2865 11.5278 9.4
      vertex 14.2865 11.5278 2.4
    endloop
  endfacet
  facet normal 0.243059 0.970012 -0
    outer loop
      vertex 12.7983 12.6316 2.4
      vertex 12.5365 12.6972 9.4
      vertex 12.7983 12.6316 9.4
    endloop
  endfacet
  facet normal 0.243059 0.970012 0
    outer loop
      vertex 12.5365 12.6972 9.4
      vertex 12.7983 12.6316 2.4
      vertex 12.5365 12.6972 2.4
    endloop
  endfacet
  facet normal 0.514223 0.857656 -0
    outer loop
      vertex 13.5278 12.2865 2.4
      vertex 13.2963 12.4253 9.4
      vertex 13.5278 12.2865 9.4
    endloop
  endfacet
  facet normal 0.514223 0.857656 0
    outer loop
      vertex 13.2963 12.4253 9.4
      vertex 13.5278 12.2865 2.4
      vertex 13.2963 12.4253 2.4
    endloop
  endfacet
  facet normal -0.903941 0.427658 0
    outer loop
      vertex 9.45933 11.0524 2.4
      vertex 9.57472 11.2963 9.4
      vertex 9.57472 11.2963 2.4
    endloop
  endfacet
  facet normal -0.903941 0.427658 0
    outer loop
      vertex 9.57472 11.2963 9.4
      vertex 9.45933 11.0524 2.4
      vertex 9.45933 11.0524 9.4
    endloop
  endfacet
  facet normal -0.970038 0.242954 0
    outer loop
      vertex 9.30284 10.5365 2.4
      vertex 9.36841 10.7983 9.4
      vertex 9.36841 10.7983 2.4
    endloop
  endfacet
  facet normal -0.970038 0.242954 0
    outer loop
      vertex 9.36841 10.7983 9.4
      vertex 9.30284 10.5365 2.4
      vertex 9.30284 10.5365 9.4
    endloop
  endfacet
  facet normal -0.514223 0.857656 0
    outer loop
      vertex 10.7037 12.4253 2.4
      vertex 10.4722 12.2865 9.4
      vertex 10.7037 12.4253 9.4
    endloop
  endfacet
  facet normal -0.514223 0.857656 0
    outer loop
      vertex 10.4722 12.2865 9.4
      vertex 10.7037 12.4253 2.4
      vertex 10.4722 12.2865 2.4
    endloop
  endfacet
  facet normal -0.0489209 0.998803 0
    outer loop
      vertex 12 12.75 2.4
      vertex 11.7305 12.7368 9.4
      vertex 12 12.75 9.4
    endloop
  endfacet
  facet normal -0.0489209 0.998803 0
    outer loop
      vertex 11.7305 12.7368 9.4
      vertex 12 12.75 2.4
      vertex 11.7305 12.7368 2.4
    endloop
  endfacet
  facet normal -0.14671 0.98918 0
    outer loop
      vertex 11.7305 12.7368 2.4
      vertex 11.4635 12.6972 9.4
      vertex 11.7305 12.7368 9.4
    endloop
  endfacet
  facet normal -0.14671 0.98918 0
    outer loop
      vertex 11.4635 12.6972 9.4
      vertex 11.7305 12.7368 2.4
      vertex 11.4635 12.6972 2.4
    endloop
  endfacet
  facet normal 0.0490688 -0.998795 0
    outer loop
      vertex 12 7.25 2.4
      vertex 12.2695 7.26324 9.4
      vertex 12 7.25 9.4
    endloop
  endfacet
  facet normal 0.0490688 -0.998795 0
    outer loop
      vertex 12.2695 7.26324 9.4
      vertex 12 7.25 2.4
      vertex 12.2695 7.26324 2.4
    endloop
  endfacet
  facet normal 0.14671 -0.98918 0
    outer loop
      vertex 12.2695 7.26324 2.4
      vertex 12.5365 7.30284 9.4
      vertex 12.2695 7.26324 9.4
    endloop
  endfacet
  facet normal 0.14671 -0.98918 0
    outer loop
      vertex 12.5365 7.30284 9.4
      vertex 12.2695 7.26324 2.4
      vertex 12.5365 7.30284 2.4
    endloop
  endfacet
  facet normal 0.51406 -0.857754 0
    outer loop
      vertex 13.2963 7.57472 2.4
      vertex 13.5278 7.71346 9.4
      vertex 13.2963 7.57472 9.4
    endloop
  endfacet
  facet normal 0.51406 -0.857754 0
    outer loop
      vertex 13.5278 7.71346 9.4
      vertex 13.2963 7.57472 2.4
      vertex 13.5278 7.71346 2.4
    endloop
  endfacet
  facet normal 0.671683 -0.740838 0
    outer loop
      vertex 13.7446 7.87422 2.4
      vertex 13.9445 8.05546 9.4
      vertex 13.7446 7.87422 9.4
    endloop
  endfacet
  facet normal 0.671683 -0.740838 0
    outer loop
      vertex 13.9445 8.05546 9.4
      vertex 13.7446 7.87422 2.4
      vertex 13.9445 8.05546 2.4
    endloop
  endfacet
  facet normal 0.595628 -0.80326 0
    outer loop
      vertex 13.5278 7.71346 2.4
      vertex 13.7446 7.87422 9.4
      vertex 13.5278 7.71346 9.4
    endloop
  endfacet
  facet normal 0.595628 -0.80326 0
    outer loop
      vertex 13.7446 7.87422 9.4
      vertex 13.5278 7.71346 2.4
      vertex 13.7446 7.87422 2.4
    endloop
  endfacet
  facet normal 0.803314 -0.595555 0
    outer loop
      vertex 14.1258 8.25542 9.4
      vertex 14.2865 8.47218 2.4
      vertex 14.2865 8.47218 9.4
    endloop
  endfacet
  facet normal 0.803314 -0.595555 0
    outer loop
      vertex 14.2865 8.47218 2.4
      vertex 14.1258 8.25542 9.4
      vertex 14.1258 8.25542 2.4
    endloop
  endfacet
  facet normal 0.857637 -0.514256 0
    outer loop
      vertex 14.2865 8.47218 9.4
      vertex 14.4253 8.70366 2.4
      vertex 14.4253 8.70366 9.4
    endloop
  endfacet
  facet normal 0.857637 -0.514256 0
    outer loop
      vertex 14.4253 8.70366 2.4
      vertex 14.2865 8.47218 9.4
      vertex 14.2865 8.47218 2.4
    endloop
  endfacet
  facet normal -0.14671 -0.98918 0
    outer loop
      vertex 11.4635 7.30284 2.4
      vertex 11.7305 7.26324 9.4
      vertex 11.4635 7.30284 9.4
    endloop
  endfacet
  facet normal -0.14671 -0.98918 -0
    outer loop
      vertex 11.7305 7.26324 9.4
      vertex 11.4635 7.30284 2.4
      vertex 11.7305 7.26324 2.4
    endloop
  endfacet
  facet normal -0.671683 -0.740838 0
    outer loop
      vertex 10.0555 8.05546 2.4
      vertex 10.2554 7.87422 9.4
      vertex 10.0555 8.05546 9.4
    endloop
  endfacet
  facet normal -0.671683 -0.740838 -0
    outer loop
      vertex 10.2554 7.87422 9.4
      vertex 10.0555 8.05546 2.4
      vertex 10.2554 7.87422 2.4
    endloop
  endfacet
  facet normal -0.427658 -0.903941 0
    outer loop
      vertex 10.7037 7.57472 2.4
      vertex 10.9476 7.45933 9.4
      vertex 10.7037 7.57472 9.4
    endloop
  endfacet
  facet normal -0.427658 -0.903941 -0
    outer loop
      vertex 10.9476 7.45933 9.4
      vertex 10.7037 7.57472 2.4
      vertex 10.9476 7.45933 2.4
    endloop
  endfacet
  facet normal -0.0490688 -0.998795 0
    outer loop
      vertex 11.7305 7.26324 2.4
      vertex 12 7.25 9.4
      vertex 11.7305 7.26324 9.4
    endloop
  endfacet
  facet normal -0.0490688 -0.998795 -0
    outer loop
      vertex 12 7.25 9.4
      vertex 11.7305 7.26324 2.4
      vertex 12 7.25 2.4
    endloop
  endfacet
  facet normal -0.595628 -0.80326 0
    outer loop
      vertex 10.2554 7.87422 2.4
      vertex 10.4722 7.71346 9.4
      vertex 10.2554 7.87422 9.4
    endloop
  endfacet
  facet normal -0.595628 -0.80326 -0
    outer loop
      vertex 10.4722 7.71346 9.4
      vertex 10.2554 7.87422 2.4
      vertex 10.4722 7.71346 2.4
    endloop
  endfacet
  facet normal -0.903981 -0.427572 0
    outer loop
      vertex 9.57472 8.70366 2.4
      vertex 9.45933 8.94762 9.4
      vertex 9.45933 8.94762 2.4
    endloop
  endfacet
  facet normal -0.903981 -0.427572 0
    outer loop
      vertex 9.45933 8.94762 9.4
      vertex 9.57472 8.70366 2.4
      vertex 9.57472 8.70366 9.4
    endloop
  endfacet
  facet normal -0.857735 -0.514092 0
    outer loop
      vertex 9.71346 8.47218 2.4
      vertex 9.57472 8.70366 9.4
      vertex 9.57472 8.70366 2.4
    endloop
  endfacet
  facet normal -0.857735 -0.514092 0
    outer loop
      vertex 9.57472 8.70366 9.4
      vertex 9.71346 8.47218 2.4
      vertex 9.71346 8.47218 9.4
    endloop
  endfacet
  facet normal -0.998796 -0.0490598 0
    outer loop
      vertex 9.26324 9.73045 2.4
      vertex 9.25 10 9.4
      vertex 9.25 10 2.4
    endloop
  endfacet
  facet normal -0.998796 -0.0490598 0
    outer loop
      vertex 9.25 10 9.4
      vertex 9.26324 9.73045 2.4
      vertex 9.26324 9.73045 9.4
    endloop
  endfacet
  facet normal 0 0 -1
    outer loop
      vertex 14.7368 9.73045 2.4
      vertex 14.7368 10.2695 2.4
      vertex 14.75 10 2.4
    endloop
  endfacet
  facet normal 0 0 -1
    outer loop
      vertex 14.6972 9.4635 2.4
      vertex 14.7368 10.2695 2.4
      vertex 14.7368 9.73045 2.4
    endloop
  endfacet
  facet normal 0 0 -1
    outer loop
      vertex 14.6972 9.4635 2.4
      vertex 14.6972 10.5365 2.4
      vertex 14.7368 10.2695 2.4
    endloop
  endfacet
  facet normal 0 0 -1
    outer loop
      vertex 14.6316 9.20172 2.4
      vertex 14.6972 10.5365 2.4
      vertex 14.6972 9.4635 2.4
    endloop
  endfacet
  facet normal 0 0 -1
    outer loop
      vertex 14.6316 9.20172 2.4
      vertex 14.6316 10.7983 2.4
      vertex 14.6972 10.5365 2.4
    endloop
  endfacet
  facet normal 0 0 -1
    outer loop
      vertex 14.5407 8.94762 2.4
      vertex 14.6316 10.7983 2.4
      vertex 14.6316 9.20172 2.4
    endloop
  endfacet
  facet normal 0 0 -1
    outer loop
      vertex 14.5407 8.94762 2.4
      vertex 14.5407 11.0524 2.4
      vertex 14.6316 10.7983 2.4
    endloop
  endfacet
  facet normal 0 0 -1
    outer loop
      vertex 14.4253 8.70366 2.4
      vertex 14.5407 11.0524 2.4
      vertex 14.5407 8.94762 2.4
    endloop
  endfacet
  facet normal 0 0 -1
    outer loop
      vertex 14.4253 8.70366 2.4
      vertex 14.4253 11.2963 2.4
      vertex 14.5407 11.0524 2.4
    endloop
  endfacet
  facet normal 0 0 -1
    outer loop
      vertex 14.2865 8.47218 2.4
      vertex 14.4253 11.2963 2.4
      vertex 14.4253 8.70366 2.4
    endloop
  endfacet
  facet normal 0 0 -1
    outer loop
      vertex 14.2865 8.47218 2.4
      vertex 14.2865 11.5278 2.4
      vertex 14.4253 11.2963 2.4
    endloop
  endfacet
  facet normal 0 0 -1
    outer loop
      vertex 14.1258 8.25542 2.4
      vertex 14.2865 11.5278 2.4
      vertex 14.2865 8.47218 2.4
    endloop
  endfacet
  facet normal 0 0 -1
    outer loop
      vertex 14.1258 8.25542 2.4
      vertex 14.1258 11.7446 2.4
      vertex 14.2865 11.5278 2.4
    endloop
  endfacet
  facet normal 0 0 -1
    outer loop
      vertex 13.9445 8.05546 2.4
      vertex 14.1258 11.7446 2.4
      vertex 14.1258 8.25542 2.4
    endloop
  endfacet
  facet normal 0 0 -1
    outer loop
      vertex 13.9445 8.05546 2.4
      vertex 13.9445 11.9445 2.4
      vertex 14.1258 11.7446 2.4
    endloop
  endfacet
  facet normal 0 0 -1
    outer loop
      vertex 13.7446 7.87422 2.4
      vertex 13.9445 11.9445 2.4
      vertex 13.9445 8.05546 2.4
    endloop
  endfacet
  facet normal 0 0 -1
    outer loop
      vertex 13.7446 7.87422 2.4
      vertex 13.7446 12.1258 2.4
      vertex 13.9445 11.9445 2.4
    endloop
  endfacet
  facet normal 0 0 -1
    outer loop
      vertex 13.5278 7.71346 2.4
      vertex 13.7446 12.1258 2.4
      vertex 13.7446 7.87422 2.4
    endloop
  endfacet
  facet normal 0 0 -1
    outer loop
      vertex 13.5278 7.71346 2.4
      vertex 13.5278 12.2865 2.4
      vertex 13.7446 12.1258 2.4
    endloop
  endfacet
  facet normal 0 0 -1
    outer loop
      vertex 13.2963 7.57472 2.4
      vertex 13.5278 12.2865 2.4
      vertex 13.5278 7.71346 2.4
    endloop
  endfacet
  facet normal 0 0 -1
    outer loop
      vertex 13.2963 7.57472 2.4
      vertex 13.2963 12.4253 2.4
      vertex 13.5278 12.2865 2.4
    endloop
  endfacet
  facet normal 0 0 -1
    outer loop
      vertex 13.0524 7.45933 2.4
      vertex 13.2963 12.4253 2.4
      vertex 13.2963 7.57472 2.4
    endloop
  endfacet
  facet normal 0 0 -1
    outer loop
      vertex 13.0524 7.45933 2.4
      vertex 13.0524 12.5407 2.4
      vertex 13.2963 12.4253 2.4
    endloop
  endfacet
  facet normal 0 0 -1
    outer loop
      vertex 12.7983 7.36841 2.4
      vertex 13.0524 12.5407 2.4
      vertex 13.0524 7.45933 2.4
    endloop
  endfacet
  facet normal 0 0 -1
    outer loop
      vertex 12.7983 7.36841 2.4
      vertex 12.7983 12.6316 2.4
      vertex 13.0524 12.5407 2.4
    endloop
  endfacet
  facet normal 0 0 -1
    outer loop
      vertex 12.5365 7.30284 2.4
      vertex 12.7983 12.6316 2.4
      vertex 12.7983 7.36841 2.4
    endloop
  endfacet
  facet normal 0 0 -1
    outer loop
      vertex 12.5365 7.30284 2.4
      vertex 12.5365 12.6972 2.4
      vertex 12.7983 12.6316 2.4
    endloop
  endfacet
  facet normal 0 0 -1
    outer loop
      vertex 12.2695 7.26324 2.4
      vertex 12.5365 12.6972 2.4
      vertex 12.5365 7.30284 2.4
    endloop
  endfacet
  facet normal 0 0 -1
    outer loop
      vertex 12.2695 7.26324 2.4
      vertex 12.2695 12.7368 2.4
      vertex 12.5365 12.6972 2.4
    endloop
  endfacet
  facet normal 0 0 -1
    outer loop
      vertex 12 7.25 2.4
      vertex 12.2695 12.7368 2.4
      vertex 12.2695 7.26324 2.4
    endloop
  endfacet
  facet normal 0 0 -1
    outer loop
      vertex 12 7.25 2.4
      vertex 12 12.75 2.4
      vertex 12.2695 12.7368 2.4
    endloop
  endfacet
  facet normal 0 0 -1
    outer loop
      vertex 11.7305 7.26324 2.4
      vertex 12 12.75 2.4
      vertex 12 7.25 2.4
    endloop
  endfacet
  facet normal 0 0 -1
    outer loop
      vertex 11.7305 7.26324 2.4
      vertex 11.7305 12.7368 2.4
      vertex 12 12.75 2.4
    endloop
  endfacet
  facet normal 0 0 -1
    outer loop
      vertex 11.4635 7.30284 2.4
      vertex 11.7305 12.7368 2.4
      vertex 11.7305 7.26324 2.4
    endloop
  endfacet
  facet normal 0 0 -1
    outer loop
      vertex 11.4635 7.30284 2.4
      vertex 11.4635 12.6972 2.4
      vertex 11.7305 12.7368 2.4
    endloop
  endfacet
  facet normal 0 0 -1
    outer loop
      vertex 11.2017 7.36841 2.4
      vertex 11.4635 12.6972 2.4
      vertex 11.4635 7.30284 2.4
    endloop
  endfacet
  facet normal 0 0 -1
    outer loop
      vertex 11.2017 7.36841 2.4
      vertex 11.2017 12.6316 2.4
      vertex 11.4635 12.6972 2.4
    endloop
  endfacet
  facet normal 0 0 -1
    outer loop
      vertex 10.9476 7.45933 2.4
      vertex 11.2017 12.6316 2.4
      vertex 11.2017 7.36841 2.4
    endloop
  endfacet
  facet normal 0 0 -1
    outer loop
      vertex 10.9476 7.45933 2.4
      vertex 10.9476 12.5407 2.4
      vertex 11.2017 12.6316 2.4
    endloop
  endfacet
  facet normal 0 0 -1
    outer loop
      vertex 10.7037 7.57472 2.4
      vertex 10.9476 12.5407 2.4
      vertex 10.9476 7.45933 2.4
    endloop
  endfacet
  facet normal 0 0 -1
    outer loop
      vertex 10.7037 7.57472 2.4
      vertex 10.7037 12.4253 2.4
      vertex 10.9476 12.5407 2.4
    endloop
  endfacet
  facet normal 0 0 -1
    outer loop
      vertex 10.4722 7.71346 2.4
      vertex 10.7037 12.4253 2.4
      vertex 10.7037 7.57472 2.4
    endloop
  endfacet
  facet normal 0 0 -1
    outer loop
      vertex 10.4722 7.71346 2.4
      vertex 10.4722 12.2865 2.4
      vertex 10.7037 12.4253 2.4
    endloop
  endfacet
  facet normal 0 0 -1
    outer loop
      vertex 10.2554 7.87422 2.4
      vertex 10.4722 12.2865 2.4
      vertex 10.4722 7.71346 2.4
    endloop
  endfacet
  facet normal 0 0 -1
    outer loop
      vertex 10.2554 7.87422 2.4
      vertex 10.2554 12.1258 2.4
      vertex 10.4722 12.2865 2.4
    endloop
  endfacet
  facet normal 0 0 -1
    outer loop
      vertex 10.0555 8.05546 2.4
      vertex 10.2554 12.1258 2.4
      vertex 10.2554 7.87422 2.4
    endloop
  endfacet
  facet normal 0 0 -1
    outer loop
      vertex 10.0555 8.05546 2.4
      vertex 10.0555 11.9445 2.4
      vertex 10.2554 12.1258 2.4
    endloop
  endfacet
  facet normal 0 0 -1
    outer loop
      vertex 9.87422 8.25542 2.4
      vertex 10.0555 11.9445 2.4
      vertex 10.0555 8.05546 2.4
    endloop
  endfacet
  facet normal 0 0 -1
    outer loop
      vertex 9.87422 8.25542 2.4
      vertex 9.87422 11.7446 2.4
      vertex 10.0555 11.9445 2.4
    endloop
  endfacet
  facet normal 0 0 -1
    outer loop
      vertex 9.71346 8.47218 2.4
      vertex 9.87422 11.7446 2.4
      vertex 9.87422 8.25542 2.4
    endloop
  endfacet
  facet normal 0 0 -1
    outer loop
      vertex 9.71346 8.47218 2.4
      vertex 9.71346 11.5278 2.4
      vertex 9.87422 11.7446 2.4
    endloop
  endfacet
  facet normal 0 0 -1
    outer loop
      vertex 9.57472 8.70366 2.4
      vertex 9.71346 11.5278 2.4
      vertex 9.71346 8.47218 2.4
    endloop
  endfacet
  facet normal 0 0 -1
    outer loop
      vertex 9.57472 8.70366 2.4
      vertex 9.57472 11.2963 2.4
      vertex 9.71346 11.5278 2.4
    endloop
  endfacet
  facet normal 0 0 -1
    outer loop
      vertex 9.45933 8.94762 2.4
      vertex 9.57472 11.2963 2.4
      vertex 9.57472 8.70366 2.4
    endloop
  endfacet
  facet normal 0 0 -1
    outer loop
      vertex 9.45933 8.94762 2.4
      vertex 9.45933 11.0524 2.4
      vertex 9.57472 11.2963 2.4
    endloop
  endfacet
  facet normal 0 0 -1
    outer loop
      vertex 9.36841 9.20172 2.4
      vertex 9.45933 11.0524 2.4
      vertex 9.45933 8.94762 2.4
    endloop
  endfacet
  facet normal 0 0 -1
    outer loop
      vertex 9.36841 9.20172 2.4
      vertex 9.36841 10.7983 2.4
      vertex 9.45933 11.0524 2.4
    endloop
  endfacet
  facet normal 0 0 -1
    outer loop
      vertex 9.30284 9.4635 2.4
      vertex 9.36841 10.7983 2.4
      vertex 9.36841 9.20172 2.4
    endloop
  endfacet
  facet normal 0 0 -1
    outer loop
      vertex 9.30284 9.4635 2.4
      vertex 9.30284 10.5365 2.4
      vertex 9.36841 10.7983 2.4
    endloop
  endfacet
  facet normal 0 0 -1
    outer loop
      vertex 9.26324 9.73045 2.4
      vertex 9.30284 10.5365 2.4
      vertex 9.30284 9.4635 2.4
    endloop
  endfacet
  facet normal 0 0 -1
    outer loop
      vertex 9.26324 9.73045 2.4
      vertex 9.26324 10.2695 2.4
      vertex 9.30284 10.5365 2.4
    endloop
  endfacet
  facet normal 0 -0 -1
    outer loop
      vertex 9.26324 10.2695 2.4
      vertex 9.26324 9.73045 2.4
      vertex 9.25 10 2.4
    endloop
  endfacet
  facet normal 0.98918 0.14671 0
    outer loop
      vertex 14.7368 10.2695 9.4
      vertex 14.6972 10.5365 2.4
      vertex 14.6972 10.5365 9.4
    endloop
  endfacet
  facet normal 0.98918 0.14671 0
    outer loop
      vertex 14.6972 10.5365 2.4
      vertex 14.7368 10.2695 9.4
      vertex 14.7368 10.2695 2.4
    endloop
  endfacet
  facet normal 0.740728 0.671805 0
    outer loop
      vertex 14.1258 11.7446 9.4
      vertex 13.9445 11.9445 2.4
      vertex 13.9445 11.9445 9.4
    endloop
  endfacet
  facet normal 0.740728 0.671805 0
    outer loop
      vertex 13.9445 11.9445 2.4
      vertex 14.1258 11.7446 9.4
      vertex 14.1258 11.7446 2.4
    endloop
  endfacet
  facet normal 0.14671 0.98918 -0
    outer loop
      vertex 12.5365 12.6972 2.4
      vertex 12.2695 12.7368 9.4
      vertex 12.5365 12.6972 9.4
    endloop
  endfacet
  facet normal 0.14671 0.98918 0
    outer loop
      vertex 12.2695 12.7368 9.4
      vertex 12.5365 12.6972 2.4
      vertex 12.2695 12.7368 2.4
    endloop
  endfacet
  facet normal 0.336829 0.941566 -0
    outer loop
      vertex 13.0524 12.5407 2.4
      vertex 12.7983 12.6316 9.4
      vertex 13.0524 12.5407 9.4
    endloop
  endfacet
  facet normal 0.336829 0.941566 0
    outer loop
      vertex 12.7983 12.6316 9.4
      vertex 13.0524 12.5407 2.4
      vertex 12.7983 12.6316 2.4
    endloop
  endfacet
  facet normal -0.740764 0.671765 0
    outer loop
      vertex 9.87422 11.7446 2.4
      vertex 10.0555 11.9445 9.4
      vertex 10.0555 11.9445 2.4
    endloop
  endfacet
  facet normal -0.740764 0.671765 0
    outer loop
      vertex 10.0555 11.9445 9.4
      vertex 9.87422 11.7446 2.4
      vertex 9.87422 11.7446 9.4
    endloop
  endfacet
  facet normal 0 0 1
    outer loop
      vertex 13.2 10 9.4
      vertex 14.75 10 9.4
      vertex 14.7368 10.2695 9.4
    endloop
  endfacet
  facet normal 0 0 1
    outer loop
      vertex 13.1942 10.1176 9.4
      vertex 14.7368 10.2695 9.4
      vertex 14.6972 10.5365 9.4
    endloop
  endfacet
  facet normal 0 0 1
    outer loop
      vertex 14.75 10 9.4
      vertex 13.2 10 9.4
      vertex 14.7368 9.73045 9.4
    endloop
  endfacet
  facet normal 0 0 1
    outer loop
      vertex 13.1769 10.2341 9.4
      vertex 14.6972 10.5365 9.4
      vertex 14.6316 10.7983 9.4
    endloop
  endfacet
  facet normal -0 0 1
    outer loop
      vertex 13.1942 9.88238 9.4
      vertex 14.7368 9.73045 9.4
      vertex 13.2 10 9.4
    endloop
  endfacet
  facet normal 0 0 1
    outer loop
      vertex 13.1483 10.3483 9.4
      vertex 14.6316 10.7983 9.4
      vertex 14.5407 11.0524 9.4
    endloop
  endfacet
  facet normal 0 0 1
    outer loop
      vertex 14.7368 9.73045 9.4
      vertex 13.1942 9.88238 9.4
      vertex 14.6972 9.4635 9.4
    endloop
  endfacet
  facet normal 0 0 1
    outer loop
      vertex 13.1087 10.4592 9.4
      vertex 14.5407 11.0524 9.4
      vertex 14.4253 11.2963 9.4
    endloop
  endfacet
  facet normal -0 0 1
    outer loop
      vertex 13.1769 9.76589 9.4
      vertex 14.6972 9.4635 9.4
      vertex 13.1942 9.88238 9.4
    endloop
  endfacet
  facet normal 0 0 1
    outer loop
      vertex 13.0583 10.5657 9.4
      vertex 14.4253 11.2963 9.4
      vertex 14.2865 11.5278 9.4
    endloop
  endfacet
  facet normal 0 0 1
    outer loop
      vertex 14.6972 9.4635 9.4
      vertex 13.1769 9.76589 9.4
      vertex 14.6316 9.20172 9.4
    endloop
  endfacet
  facet normal 0 0 1
    outer loop
      vertex 12.9978 10.6667 9.4
      vertex 14.2865 11.5278 9.4
      vertex 14.1258 11.7446 9.4
    endloop
  endfacet
  facet normal -0 0 1
    outer loop
      vertex 13.1483 9.65166 9.4
      vertex 14.6316 9.20172 9.4
      vertex 13.1769 9.76589 9.4
    endloop
  endfacet
  facet normal 0 0 1
    outer loop
      vertex 12.9276 10.7613 9.4
      vertex 14.1258 11.7446 9.4
      vertex 13.9445 11.9445 9.4
    endloop
  endfacet
  facet normal 0 0 1
    outer loop
      vertex 14.6316 9.20172 9.4
      vertex 13.1483 9.65166 9.4
      vertex 14.5407 8.94762 9.4
    endloop
  endfacet
  facet normal 0 0 1
    outer loop
      vertex 12.8485 10.8485 9.4
      vertex 13.9445 11.9445 9.4
      vertex 13.7446 12.1258 9.4
    endloop
  endfacet
  facet normal -0 0 1
    outer loop
      vertex 13.1087 9.54078 9.4
      vertex 14.5407 8.94762 9.4
      vertex 13.1483 9.65166 9.4
    endloop
  endfacet
  facet normal 0 0 1
    outer loop
      vertex 12.7613 10.9276 9.4
      vertex 13.7446 12.1258 9.4
      vertex 13.5278 12.2865 9.4
    endloop
  endfacet
  facet normal 0 0 1
    outer loop
      vertex 14.5407 8.94762 9.4
      vertex 13.1087 9.54078 9.4
      vertex 14.4253 8.70366 9.4
    endloop
  endfacet
  facet normal 0 0 1
    outer loop
      vertex 12.6667 10.9978 9.4
      vertex 13.5278 12.2865 9.4
      vertex 13.2963 12.4253 9.4
    endloop
  endfacet
  facet normal -0 0 1
    outer loop
      vertex 13.0583 9.43432 9.4
      vertex 14.4253 8.70366 9.4
      vertex 13.1087 9.54078 9.4
    endloop
  endfacet
  facet normal 0 0 1
    outer loop
      vertex 14.4253 8.70366 9.4
      vertex 13.0583 9.43432 9.4
      vertex 14.2865 8.47218 9.4
    endloop
  endfacet
  facet normal 0 0 1
    outer loop
      vertex 14.7368 10.2695 9.4
      vertex 13.1942 10.1176 9.4
      vertex 13.2 10 9.4
    endloop
  endfacet
  facet normal 0 0 1
    outer loop
      vertex 14.6972 10.5365 9.4
      vertex 13.1769 10.2341 9.4
      vertex 13.1942 10.1176 9.4
    endloop
  endfacet
  facet normal 0 0 1
    outer loop
      vertex 14.6316 10.7983 9.4
      vertex 13.1483 10.3483 9.4
      vertex 13.1769 10.2341 9.4
    endloop
  endfacet
  facet normal 0 0 1
    outer loop
      vertex 14.5407 11.0524 9.4
      vertex 13.1087 10.4592 9.4
      vertex 13.1483 10.3483 9.4
    endloop
  endfacet
  facet normal 0 0 1
    outer loop
      vertex 14.4253 11.2963 9.4
      vertex 13.0583 10.5657 9.4
      vertex 13.1087 10.4592 9.4
    endloop
  endfacet
  facet normal 0 0 1
    outer loop
      vertex 12.5657 11.0583 9.4
      vertex 13.2963 12.4253 9.4
      vertex 13.0524 12.5407 9.4
    endloop
  endfacet
  facet normal 0 0 1
    outer loop
      vertex 14.2865 11.5278 9.4
      vertex 12.9978 10.6667 9.4
      vertex 13.0583 10.5657 9.4
    endloop
  endfacet
  facet normal 0 0 1
    outer loop
      vertex 14.1258 11.7446 9.4
      vertex 12.9276 10.7613 9.4
      vertex 12.9978 10.6667 9.4
    endloop
  endfacet
  facet normal 0 0 1
    outer loop
      vertex 13.9445 11.9445 9.4
      vertex 12.8485 10.8485 9.4
      vertex 12.9276 10.7613 9.4
    endloop
  endfacet
  facet normal 0 0 1
    outer loop
      vertex 12.4592 11.1087 9.4
      vertex 13.0524 12.5407 9.4
      vertex 12.7983 12.6316 9.4
    endloop
  endfacet
  facet normal 0 0 1
    outer loop
      vertex 13.7446 12.1258 9.4
      vertex 12.7613 10.9276 9.4
      vertex 12.8485 10.8485 9.4
    endloop
  endfacet
  facet normal 0 0 1
    outer loop
      vertex 13.5278 12.2865 9.4
      vertex 12.6667 10.9978 9.4
      vertex 12.7613 10.9276 9.4
    endloop
  endfacet
  facet normal 0 0 1
    outer loop
      vertex 13.2963 12.4253 9.4
      vertex 12.5657 11.0583 9.4
      vertex 12.6667 10.9978 9.4
    endloop
  endfacet
  facet normal 0 0 1
    outer loop
      vertex 12.3483 11.1483 9.4
      vertex 12.7983 12.6316 9.4
      vertex 12.5365 12.6972 9.4
    endloop
  endfacet
  facet normal 0 0 1
    outer loop
      vertex 13.0524 12.5407 9.4
      vertex 12.4592 11.1087 9.4
      vertex 12.5657 11.0583 9.4
    endloop
  endfacet
  facet normal 0 0 1
    outer loop
      vertex 12.7983 12.6316 9.4
      vertex 12.3483 11.1483 9.4
      vertex 12.4592 11.1087 9.4
    endloop
  endfacet
  facet normal 0 0 1
    outer loop
      vertex 12.2341 11.1769 9.4
      vertex 12.5365 12.6972 9.4
      vertex 12.2695 12.7368 9.4
    endloop
  endfacet
  facet normal 0 0 1
    outer loop
      vertex 12.5365 12.6972 9.4
      vertex 12.2341 11.1769 9.4
      vertex 12.3483 11.1483 9.4
    endloop
  endfacet
  facet normal 0 0 1
    outer loop
      vertex 12.2695 12.7368 9.4
      vertex 12.1176 11.1942 9.4
      vertex 12.2341 11.1769 9.4
    endloop
  endfacet
  facet normal 0 0 1
    outer loop
      vertex 12 12.75 9.4
      vertex 12.1176 11.1942 9.4
      vertex 12.2695 12.7368 9.4
    endloop
  endfacet
  facet normal 0 0 1
    outer loop
      vertex 12 12.75 9.4
      vertex 12 11.2 9.4
      vertex 12.1176 11.1942 9.4
    endloop
  endfacet
  facet normal 0 0 1
    outer loop
      vertex 12 12.75 9.4
      vertex 11.8824 11.1942 9.4
      vertex 12 11.2 9.4
    endloop
  endfacet
  facet normal -0 0 1
    outer loop
      vertex 11.7305 12.7368 9.4
      vertex 11.8824 11.1942 9.4
      vertex 12 12.75 9.4
    endloop
  endfacet
  facet normal 0 0 1
    outer loop
      vertex 11.8824 11.1942 9.4
      vertex 11.7305 12.7368 9.4
      vertex 11.7659 11.1769 9.4
    endloop
  endfacet
  facet normal -0 0 1
    outer loop
      vertex 11.4635 12.6972 9.4
      vertex 11.7659 11.1769 9.4
      vertex 11.7305 12.7368 9.4
    endloop
  endfacet
  facet normal 0 0 1
    outer loop
      vertex 11.7659 11.1769 9.4
      vertex 11.4635 12.6972 9.4
      vertex 11.6517 11.1483 9.4
    endloop
  endfacet
  facet normal -0 0 1
    outer loop
      vertex 11.2017 12.6316 9.4
      vertex 11.6517 11.1483 9.4
      vertex 11.4635 12.6972 9.4
    endloop
  endfacet
  facet normal 0 0 1
    outer loop
      vertex 11.6517 11.1483 9.4
      vertex 11.2017 12.6316 9.4
      vertex 11.5408 11.1087 9.4
    endloop
  endfacet
  facet normal -0 0 1
    outer loop
      vertex 10.9476 12.5407 9.4
      vertex 11.5408 11.1087 9.4
      vertex 11.2017 12.6316 9.4
    endloop
  endfacet
  facet normal 0 0 1
    outer loop
      vertex 11.5408 11.1087 9.4
      vertex 10.9476 12.5407 9.4
      vertex 11.4343 11.0583 9.4
    endloop
  endfacet
  facet normal -0 0 1
    outer loop
      vertex 10.7037 12.4253 9.4
      vertex 11.4343 11.0583 9.4
      vertex 10.9476 12.5407 9.4
    endloop
  endfacet
  facet normal 0 0 1
    outer loop
      vertex 11.4343 11.0583 9.4
      vertex 10.7037 12.4253 9.4
      vertex 11.3333 10.9978 9.4
    endloop
  endfacet
  facet normal -0 0 1
    outer loop
      vertex 10.4722 12.2865 9.4
      vertex 11.3333 10.9978 9.4
      vertex 10.7037 12.4253 9.4
    endloop
  endfacet
  facet normal 0 0 1
    outer loop
      vertex 11.3333 10.9978 9.4
      vertex 10.4722 12.2865 9.4
      vertex 11.2387 10.9276 9.4
    endloop
  endfacet
  facet normal -0 0 1
    outer loop
      vertex 10.2554 12.1258 9.4
      vertex 11.2387 10.9276 9.4
      vertex 10.4722 12.2865 9.4
    endloop
  endfacet
  facet normal 0 0 1
    outer loop
      vertex 11.2387 10.9276 9.4
      vertex 10.2554 12.1258 9.4
      vertex 11.1515 10.8485 9.4
    endloop
  endfacet
  facet normal -0 0 1
    outer loop
      vertex 10.0555 11.9445 9.4
      vertex 11.1515 10.8485 9.4
      vertex 10.2554 12.1258 9.4
    endloop
  endfacet
  facet normal 0 0 1
    outer loop
      vertex 11.1515 10.8485 9.4
      vertex 10.0555 11.9445 9.4
      vertex 11.0724 10.7613 9.4
    endloop
  endfacet
  facet normal -0 0 1
    outer loop
      vertex 9.87422 11.7446 9.4
      vertex 11.0724 10.7613 9.4
      vertex 10.0555 11.9445 9.4
    endloop
  endfacet
  facet normal 0 0 1
    outer loop
      vertex 11.0724 10.7613 9.4
      vertex 9.87422 11.7446 9.4
      vertex 11.0022 10.6667 9.4
    endloop
  endfacet
  facet normal 0 0 1
    outer loop
      vertex 11.0022 10.6667 9.4
      vertex 9.71346 11.5278 9.4
      vertex 10.9417 10.5657 9.4
    endloop
  endfacet
  facet normal -0 0 1
    outer loop
      vertex 9.71346 11.5278 9.4
      vertex 11.0022 10.6667 9.4
      vertex 9.87422 11.7446 9.4
    endloop
  endfacet
  facet normal -0 0 1
    outer loop
      vertex 12.9978 9.33332 9.4
      vertex 14.2865 8.47218 9.4
      vertex 13.0583 9.43432 9.4
    endloop
  endfacet
  facet normal 0 0 1
    outer loop
      vertex 14.2865 8.47218 9.4
      vertex 12.9978 9.33332 9.4
      vertex 14.1258 8.25542 9.4
    endloop
  endfacet
  facet normal -0 0 1
    outer loop
      vertex 12.9276 9.23873 9.4
      vertex 14.1258 8.25542 9.4
      vertex 12.9978 9.33332 9.4
    endloop
  endfacet
  facet normal 0 0 1
    outer loop
      vertex 14.1258 8.25542 9.4
      vertex 12.9276 9.23873 9.4
      vertex 13.9445 8.05546 9.4
    endloop
  endfacet
  facet normal -0 0 1
    outer loop
      vertex 12.8485 9.15147 9.4
      vertex 13.9445 8.05546 9.4
      vertex 12.9276 9.23873 9.4
    endloop
  endfacet
  facet normal 0 0 1
    outer loop
      vertex 13.9445 8.05546 9.4
      vertex 12.8485 9.15147 9.4
      vertex 13.7446 7.87422 9.4
    endloop
  endfacet
  facet normal -0 0 1
    outer loop
      vertex 12.7613 9.07239 9.4
      vertex 13.7446 7.87422 9.4
      vertex 12.8485 9.15147 9.4
    endloop
  endfacet
  facet normal 0 0 1
    outer loop
      vertex 13.7446 7.87422 9.4
      vertex 12.7613 9.07239 9.4
      vertex 13.5278 7.71346 9.4
    endloop
  endfacet
  facet normal -0 0 1
    outer loop
      vertex 12.6667 9.00224 9.4
      vertex 13.5278 7.71346 9.4
      vertex 12.7613 9.07239 9.4
    endloop
  endfacet
  facet normal 0 0 1
    outer loop
      vertex 13.5278 7.71346 9.4
      vertex 12.6667 9.00224 9.4
      vertex 13.2963 7.57472 9.4
    endloop
  endfacet
  facet normal -0 0 1
    outer loop
      vertex 12.5657 8.9417 9.4
      vertex 13.2963 7.57472 9.4
      vertex 12.6667 9.00224 9.4
    endloop
  endfacet
  facet normal 0 0 1
    outer loop
      vertex 13.2963 7.57472 9.4
      vertex 12.5657 8.9417 9.4
      vertex 13.0524 7.45933 9.4
    endloop
  endfacet
  facet normal -0 0 1
    outer loop
      vertex 12.4592 8.89135 9.4
      vertex 13.0524 7.45933 9.4
      vertex 12.5657 8.9417 9.4
    endloop
  endfacet
  facet normal 0 0 1
    outer loop
      vertex 13.0524 7.45933 9.4
      vertex 12.4592 8.89135 9.4
      vertex 12.7983 7.36841 9.4
    endloop
  endfacet
  facet normal -0 0 1
    outer loop
      vertex 12.3483 8.85167 9.4
      vertex 12.7983 7.36841 9.4
      vertex 12.4592 8.89135 9.4
    endloop
  endfacet
  facet normal 0 0 1
    outer loop
      vertex 12.7983 7.36841 9.4
      vertex 12.3483 8.85167 9.4
      vertex 12.5365 7.30284 9.4
    endloop
  endfacet
  facet normal -0 0 1
    outer loop
      vertex 12.2341 8.82306 9.4
      vertex 12.5365 7.30284 9.4
      vertex 12.3483 8.85167 9.4
    endloop
  endfacet
  facet normal 0 0 1
    outer loop
      vertex 12.5365 7.30284 9.4
      vertex 12.2341 8.82306 9.4
      vertex 12.2695 7.26324 9.4
    endloop
  endfacet
  facet normal -0 0 1
    outer loop
      vertex 12.1176 8.80578 9.4
      vertex 12.2695 7.26324 9.4
      vertex 12.2341 8.82306 9.4
    endloop
  endfacet
  facet normal -0 0 1
    outer loop
      vertex 12 8.8 9.4
      vertex 12.2695 7.26324 9.4
      vertex 12.1176 8.80578 9.4
    endloop
  endfacet
  facet normal 0 0 1
    outer loop
      vertex 12 8.8 9.4
      vertex 12 7.25 9.4
      vertex 12.2695 7.26324 9.4
    endloop
  endfacet
  facet normal 0 0 1
    outer loop
      vertex 11.8824 8.80578 9.4
      vertex 12 7.25 9.4
      vertex 12 8.8 9.4
    endloop
  endfacet
  facet normal 0 0 1
    outer loop
      vertex 11.7305 7.26324 9.4
      vertex 11.8824 8.80578 9.4
      vertex 11.7659 8.82306 9.4
    endloop
  endfacet
  facet normal 0 0 1
    outer loop
      vertex 11.8824 8.80578 9.4
      vertex 11.7305 7.26324 9.4
      vertex 12 7.25 9.4
    endloop
  endfacet
  facet normal 0 0 1
    outer loop
      vertex 11.4635 7.30284 9.4
      vertex 11.7659 8.82306 9.4
      vertex 11.6517 8.85167 9.4
    endloop
  endfacet
  facet normal 0 0 1
    outer loop
      vertex 11.2017 7.36841 9.4
      vertex 11.6517 8.85167 9.4
      vertex 11.5408 8.89135 9.4
    endloop
  endfacet
  facet normal 0 0 1
    outer loop
      vertex 11.7659 8.82306 9.4
      vertex 11.4635 7.30284 9.4
      vertex 11.7305 7.26324 9.4
    endloop
  endfacet
  facet normal 0 0 1
    outer loop
      vertex 10.9476 7.45933 9.4
      vertex 11.5408 8.89135 9.4
      vertex 11.4343 8.9417 9.4
    endloop
  endfacet
  facet normal 0 0 1
    outer loop
      vertex 10.7037 7.57472 9.4
      vertex 11.4343 8.9417 9.4
      vertex 11.3333 9.00224 9.4
    endloop
  endfacet
  facet normal 0 0 1
    outer loop
      vertex 10.4722 7.71346 9.4
      vertex 11.3333 9.00224 9.4
      vertex 11.2387 9.07239 9.4
    endloop
  endfacet
  facet normal 0 0 1
    outer loop
      vertex 11.6517 8.85167 9.4
      vertex 11.2017 7.36841 9.4
      vertex 11.4635 7.30284 9.4
    endloop
  endfacet
  facet normal 0 0 1
    outer loop
      vertex 10.2554 7.87422 9.4
      vertex 11.2387 9.07239 9.4
      vertex 11.1515 9.15147 9.4
    endloop
  endfacet
  facet normal 0 0 1
    outer loop
      vertex 10.0555 8.05546 9.4
      vertex 11.1515 9.15147 9.4
      vertex 11.0724 9.23873 9.4
    endloop
  endfacet
  facet normal 0 0 1
    outer loop
      vertex 9.87422 8.25542 9.4
      vertex 11.0724 9.23873 9.4
      vertex 11.0022 9.33332 9.4
    endloop
  endfacet
  facet normal 0 0 1
    outer loop
      vertex 11.5408 8.89135 9.4
      vertex 10.9476 7.45933 9.4
      vertex 11.2017 7.36841 9.4
    endloop
  endfacet
  facet normal 0 0 1
    outer loop
      vertex 9.71346 8.47218 9.4
      vertex 11.0022 9.33332 9.4
      vertex 10.9417 9.43432 9.4
    endloop
  endfacet
  facet normal 0 0 1
    outer loop
      vertex 9.57472 8.70366 9.4
      vertex 10.9417 9.43432 9.4
      vertex 10.8913 9.54078 9.4
    endloop
  endfacet
  facet normal 0 0 1
    outer loop
      vertex 9.45933 8.94762 9.4
      vertex 10.8913 9.54078 9.4
      vertex 10.8517 9.65166 9.4
    endloop
  endfacet
  facet normal 0 0 1
    outer loop
      vertex 9.36841 9.20172 9.4
      vertex 10.8517 9.65166 9.4
      vertex 10.8231 9.76589 9.4
    endloop
  endfacet
  facet normal 0 0 1
    outer loop
      vertex 9.30284 9.4635 9.4
      vertex 10.8231 9.76589 9.4
      vertex 10.8058 9.88238 9.4
    endloop
  endfacet
  facet normal 0 0 1
    outer loop
      vertex 11.4343 8.9417 9.4
      vertex 10.7037 7.57472 9.4
      vertex 10.9476 7.45933 9.4
    endloop
  endfacet
  facet normal 0 0 1
    outer loop
      vertex 9.26324 9.73045 9.4
      vertex 10.8058 9.88238 9.4
      vertex 10.8 10 9.4
    endloop
  endfacet
  facet normal -0 0 1
    outer loop
      vertex 9.57472 11.2963 9.4
      vertex 10.9417 10.5657 9.4
      vertex 9.71346 11.5278 9.4
    endloop
  endfacet
  facet normal 0 0 1
    outer loop
      vertex 10.9417 10.5657 9.4
      vertex 9.57472 11.2963 9.4
      vertex 10.8913 10.4592 9.4
    endloop
  endfacet
  facet normal 0 0 1
    outer loop
      vertex 11.3333 9.00224 9.4
      vertex 10.4722 7.71346 9.4
      vertex 10.7037 7.57472 9.4
    endloop
  endfacet
  facet normal -0 0 1
    outer loop
      vertex 9.45933 11.0524 9.4
      vertex 10.8913 10.4592 9.4
      vertex 9.57472 11.2963 9.4
    endloop
  endfacet
  facet normal 0 0 1
    outer loop
      vertex 11.2387 9.07239 9.4
      vertex 10.2554 7.87422 9.4
      vertex 10.4722 7.71346 9.4
    endloop
  endfacet
  facet normal 0 0 1
    outer loop
      vertex 10.8913 10.4592 9.4
      vertex 9.45933 11.0524 9.4
      vertex 10.8517 10.3483 9.4
    endloop
  endfacet
  facet normal 0 0 1
    outer loop
      vertex 11.1515 9.15147 9.4
      vertex 10.0555 8.05546 9.4
      vertex 10.2554 7.87422 9.4
    endloop
  endfacet
  facet normal -0 0 1
    outer loop
      vertex 9.36841 10.7983 9.4
      vertex 10.8517 10.3483 9.4
      vertex 9.45933 11.0524 9.4
    endloop
  endfacet
  facet normal 0 0 1
    outer loop
      vertex 11.0724 9.23873 9.4
      vertex 9.87422 8.25542 9.4
      vertex 10.0555 8.05546 9.4
    endloop
  endfacet
  facet normal 0 0 1
    outer loop
      vertex 10.8517 10.3483 9.4
      vertex 9.36841 10.7983 9.4
      vertex 10.8231 10.2341 9.4
    endloop
  endfacet
  facet normal 0 0 1
    outer loop
      vertex 11.0022 9.33332 9.4
      vertex 9.71346 8.47218 9.4
      vertex 9.87422 8.25542 9.4
    endloop
  endfacet
  facet normal -0 0 1
    outer loop
      vertex 9.30284 10.5365 9.4
      vertex 10.8231 10.2341 9.4
      vertex 9.36841 10.7983 9.4
    endloop
  endfacet
  facet normal 0 0 1
    outer loop
      vertex 10.9417 9.43432 9.4
      vertex 9.57472 8.70366 9.4
      vertex 9.71346 8.47218 9.4
    endloop
  endfacet
  facet normal 0 0 1
    outer loop
      vertex 10.8231 10.2341 9.4
      vertex 9.30284 10.5365 9.4
      vertex 10.8058 10.1176 9.4
    endloop
  endfacet
  facet normal 0 0 1
    outer loop
      vertex 10.8913 9.54078 9.4
      vertex 9.45933 8.94762 9.4
      vertex 9.57472 8.70366 9.4
    endloop
  endfacet
  facet normal -0 0 1
    outer loop
      vertex 9.26324 10.2695 9.4
      vertex 10.8058 10.1176 9.4
      vertex 9.30284 10.5365 9.4
    endloop
  endfacet
  facet normal 0 0 1
    outer loop
      vertex 10.8517 9.65166 9.4
      vertex 9.36841 9.20172 9.4
      vertex 9.45933 8.94762 9.4
    endloop
  endfacet
  facet normal 0 0 1
    outer loop
      vertex 10.8058 10.1176 9.4
      vertex 9.26324 10.2695 9.4
      vertex 10.8 10 9.4
    endloop
  endfacet
  facet normal 0 0 1
    outer loop
      vertex 10.8231 9.76589 9.4
      vertex 9.30284 9.4635 9.4
      vertex 9.36841 9.20172 9.4
    endloop
  endfacet
  facet normal 0 0 1
    outer loop
      vertex 9.25 10 9.4
      vertex 10.8 10 9.4
      vertex 9.26324 10.2695 9.4
    endloop
  endfacet
  facet normal 0 0 1
    outer loop
      vertex 10.8058 9.88238 9.4
      vertex 9.26324 9.73045 9.4
      vertex 9.30284 9.4635 9.4
    endloop
  endfacet
  facet normal 0 0 1
    outer loop
      vertex 10.8 10 9.4
      vertex 9.25 10 9.4
      vertex 9.26324 9.73045 9.4
    endloop
  endfacet
  facet normal -0.98918 0.14671 0
    outer loop
      vertex 9.26324 10.2695 2.4
      vertex 9.30284 10.5365 9.4
      vertex 9.30284 10.5365 2.4
    endloop
  endfacet
  facet normal -0.98918 0.14671 0
    outer loop
      vertex 9.30284 10.5365 9.4
      vertex 9.26324 10.2695 2.4
      vertex 9.26324 10.2695 9.4
    endloop
  endfacet
  facet normal -0.941542 0.336895 0
    outer loop
      vertex 9.36841 10.7983 2.4
      vertex 9.45933 11.0524 9.4
      vertex 9.45933 11.0524 2.4
    endloop
  endfacet
  facet normal -0.941542 0.336895 0
    outer loop
      vertex 9.45933 11.0524 9.4
      vertex 9.36841 10.7983 2.4
      vertex 9.36841 10.7983 9.4
    endloop
  endfacet
  facet normal -0.595485 0.803367 0
    outer loop
      vertex 10.4722 12.2865 2.4
      vertex 10.2554 12.1258 9.4
      vertex 10.4722 12.2865 9.4
    endloop
  endfacet
  facet normal -0.595485 0.803367 0
    outer loop
      vertex 10.2554 12.1258 9.4
      vertex 10.4722 12.2865 2.4
      vertex 10.2554 12.1258 2.4
    endloop
  endfacet
  facet normal -0.427688 0.903926 0
    outer loop
      vertex 10.9476 12.5407 2.4
      vertex 10.7037 12.4253 9.4
      vertex 10.9476 12.5407 9.4
    endloop
  endfacet
  facet normal -0.427688 0.903926 0
    outer loop
      vertex 10.7037 12.4253 9.4
      vertex 10.9476 12.5407 2.4
      vertex 10.7037 12.4253 2.4
    endloop
  endfacet
  facet normal -0.243059 0.970012 0
    outer loop
      vertex 11.4635 12.6972 2.4
      vertex 11.2017 12.6316 9.4
      vertex 11.4635 12.6972 9.4
    endloop
  endfacet
  facet normal -0.243059 0.970012 0
    outer loop
      vertex 11.2017 12.6316 9.4
      vertex 11.4635 12.6972 2.4
      vertex 11.2017 12.6316 2.4
    endloop
  endfacet
  facet normal 0.427658 -0.903941 0
    outer loop
      vertex 13.0524 7.45933 2.4
      vertex 13.2963 7.57472 9.4
      vertex 13.0524 7.45933 9.4
    endloop
  endfacet
  facet normal 0.427658 -0.903941 0
    outer loop
      vertex 13.2963 7.57472 9.4
      vertex 13.0524 7.45933 2.4
      vertex 13.2963 7.57472 2.4
    endloop
  endfacet
  facet normal 0.336895 -0.941542 0
    outer loop
      vertex 12.7983 7.36841 2.4
      vertex 13.0524 7.45933 9.4
      vertex 12.7983 7.36841 9.4
    endloop
  endfacet
  facet normal 0.336895 -0.941542 0
    outer loop
      vertex 13.0524 7.45933 9.4
      vertex 12.7983 7.36841 2.4
      vertex 13.0524 7.45933 2.4
    endloop
  endfacet
  facet normal 0.941566 -0.336829 0
    outer loop
      vertex 14.5407 8.94762 9.4
      vertex 14.6316 9.20172 2.4
      vertex 14.6316 9.20172 9.4
    endloop
  endfacet
  facet normal 0.941566 -0.336829 0
    outer loop
      vertex 14.6316 9.20172 2.4
      vertex 14.5407 8.94762 9.4
      vertex 14.5407 8.94762 2.4
    endloop
  endfacet
  facet normal 0.989176 -0.146737 0
    outer loop
      vertex 14.6972 9.4635 9.4
      vertex 14.7368 9.73045 2.4
      vertex 14.7368 9.73045 9.4
    endloop
  endfacet
  facet normal 0.989176 -0.146737 0
    outer loop
      vertex 14.7368 9.73045 2.4
      vertex 14.6972 9.4635 9.4
      vertex 14.6972 9.4635 2.4
    endloop
  endfacet
  facet normal 0.998803 -0.0489119 0
    outer loop
      vertex 14.7368 9.73045 9.4
      vertex 14.75 10 2.4
      vertex 14.75 10 9.4
    endloop
  endfacet
  facet normal 0.998803 -0.0489119 0
    outer loop
      vertex 14.75 10 2.4
      vertex 14.7368 9.73045 9.4
      vertex 14.7368 9.73045 2.4
    endloop
  endfacet
  facet normal -0.242954 -0.970038 0
    outer loop
      vertex 11.2017 7.36841 2.4
      vertex 11.4635 7.30284 9.4
      vertex 11.2017 7.36841 9.4
    endloop
  endfacet
  facet normal -0.242954 -0.970038 -0
    outer loop
      vertex 11.4635 7.30284 9.4
      vertex 11.2017 7.36841 2.4
      vertex 11.4635 7.30284 2.4
    endloop
  endfacet
  facet normal -0.740865 -0.671654 0
    outer loop
      vertex 10.0555 8.05546 2.4
      vertex 9.87422 8.25542 9.4
      vertex 9.87422 8.25542 2.4
    endloop
  endfacet
  facet normal -0.740865 -0.671654 0
    outer loop
      vertex 9.87422 8.25542 9.4
      vertex 10.0555 8.05546 2.4
      vertex 10.0555 8.05546 9.4
    endloop
  endfacet
  facet normal -0.989176 -0.146737 0
    outer loop
      vertex 9.30284 9.4635 2.4
      vertex 9.26324 9.73045 9.4
      vertex 9.26324 9.73045 2.4
    endloop
  endfacet
  facet normal -0.989176 -0.146737 0
    outer loop
      vertex 9.26324 9.73045 9.4
      vertex 9.30284 9.4635 2.4
      vertex 9.30284 9.4635 9.4
    endloop
  endfacet
  facet normal -0.941542 -0.336895 0
    outer loop
      vertex 9.45933 8.94762 2.4
      vertex 9.36841 9.20172 9.4
      vertex 9.36841 9.20172 2.4
    endloop
  endfacet
  facet normal -0.941542 -0.336895 0
    outer loop
      vertex 9.36841 9.20172 9.4
      vertex 9.45933 8.94762 2.4
      vertex 9.45933 8.94762 9.4
    endloop
  endfacet
  facet normal -0.857867 -0.513871 0
    outer loop
      vertex 13.0583 10.5657 3.4
      vertex 12.9978 10.6667 9.4
      vertex 12.9978 10.6667 3.4
    endloop
  endfacet
  facet normal -0.857867 -0.513871 0
    outer loop
      vertex 12.9978 10.6667 9.4
      vertex 13.0583 10.5657 3.4
      vertex 13.0583 10.5657 9.4
    endloop
  endfacet
  facet normal -0.336283 -0.941761 0
    outer loop
      vertex 12.3483 11.1483 3.4
      vertex 12.4592 11.1087 9.4
      vertex 12.3483 11.1483 9.4
    endloop
  endfacet
  facet normal -0.336283 -0.941761 -0
    outer loop
      vertex 12.4592 11.1087 9.4
      vertex 12.3483 11.1483 3.4
      vertex 12.4592 11.1087 3.4
    endloop
  endfacet
  facet normal 0.336283 -0.941761 0
    outer loop
      vertex 11.5408 11.1087 3.4
      vertex 11.6517 11.1483 9.4
      vertex 11.5408 11.1087 9.4
    endloop
  endfacet
  facet normal 0.336283 -0.941761 0
    outer loop
      vertex 11.6517 11.1483 9.4
      vertex 11.5408 11.1087 3.4
      vertex 11.6517 11.1483 3.4
    endloop
  endfacet
  facet normal 0.903893 -0.427758 0
    outer loop
      vertex 10.8913 10.4592 9.4
      vertex 10.9417 10.5657 3.4
      vertex 10.9417 10.5657 9.4
    endloop
  endfacet
  facet normal 0.903893 -0.427758 0
    outer loop
      vertex 10.9417 10.5657 3.4
      vertex 10.8913 10.4592 9.4
      vertex 10.8913 10.4592 3.4
    endloop
  endfacet
  facet normal -0.998786 0.0492515 0
    outer loop
      vertex 13.1942 9.88238 3.4
      vertex 13.2 10 9.4
      vertex 13.2 10 3.4
    endloop
  endfacet
  facet normal -0.998786 0.0492515 0
    outer loop
      vertex 13.2 10 9.4
      vertex 13.1942 9.88238 3.4
      vertex 13.1942 9.88238 9.4
    endloop
  endfacet
  facet normal -0.0492599 -0.998786 0
    outer loop
      vertex 12 11.2 3.4
      vertex 12.1176 11.1942 9.4
      vertex 12 11.2 9.4
    endloop
  endfacet
  facet normal -0.0492599 -0.998786 -0
    outer loop
      vertex 12.1176 11.1942 9.4
      vertex 12 11.2 3.4
      vertex 12.1176 11.1942 3.4
    endloop
  endfacet
  facet normal -0.513871 -0.857867 0
    outer loop
      vertex 12.5657 11.0583 3.4
      vertex 12.6667 10.9978 9.4
      vertex 12.5657 11.0583 9.4
    endloop
  endfacet
  facet normal -0.513871 -0.857867 -0
    outer loop
      vertex 12.6667 10.9978 9.4
      vertex 12.5657 11.0583 3.4
      vertex 12.6667 10.9978 3.4
    endloop
  endfacet
  facet normal 0.989153 -0.146887 0
    outer loop
      vertex 10.8058 10.1176 9.4
      vertex 10.8231 10.2341 3.4
      vertex 10.8231 10.2341 9.4
    endloop
  endfacet
  facet normal 0.989153 -0.146887 0
    outer loop
      vertex 10.8231 10.2341 3.4
      vertex 10.8058 10.1176 9.4
      vertex 10.8058 10.1176 3.4
    endloop
  endfacet
  facet normal 0.74067 -0.671869 0
    outer loop
      vertex 11.0724 10.7613 9.4
      vertex 11.1515 10.8485 3.4
      vertex 11.1515 10.8485 9.4
    endloop
  endfacet
  facet normal 0.74067 -0.671869 0
    outer loop
      vertex 11.1515 10.8485 3.4
      vertex 11.0724 10.7613 9.4
      vertex 11.0724 10.7613 3.4
    endloop
  endfacet
  facet normal 0.146887 -0.989153 0
    outer loop
      vertex 11.7659 11.1769 3.4
      vertex 11.8824 11.1942 9.4
      vertex 11.7659 11.1769 9.4
    endloop
  endfacet
  facet normal 0.146887 -0.989153 0
    outer loop
      vertex 11.8824 11.1942 9.4
      vertex 11.7659 11.1769 3.4
      vertex 11.8824 11.1942 3.4
    endloop
  endfacet
  facet normal 0.671776 0.740754 -0
    outer loop
      vertex 11.2387 9.07239 3.4
      vertex 11.1515 9.15147 9.4
      vertex 11.2387 9.07239 9.4
    endloop
  endfacet
  facet normal 0.671776 0.740754 0
    outer loop
      vertex 11.1515 9.15147 9.4
      vertex 11.2387 9.07239 3.4
      vertex 11.1515 9.15147 3.4
    endloop
  endfacet
  facet normal 0.903831 0.427889 0
    outer loop
      vertex 10.9417 9.43432 9.4
      vertex 10.8913 9.54078 3.4
      vertex 10.8913 9.54078 9.4
    endloop
  endfacet
  facet normal 0.903831 0.427889 0
    outer loop
      vertex 10.8913 9.54078 3.4
      vertex 10.9417 9.43432 9.4
      vertex 10.9417 9.43432 3.4
    endloop
  endfacet
  facet normal -0.989153 -0.146887 0
    outer loop
      vertex 13.1942 10.1176 3.4
      vertex 13.1769 10.2341 9.4
      vertex 13.1769 10.2341 3.4
    endloop
  endfacet
  facet normal -0.989153 -0.146887 0
    outer loop
      vertex 13.1769 10.2341 9.4
      vertex 13.1942 10.1176 3.4
      vertex 13.1942 10.1176 9.4
    endloop
  endfacet
  facet normal -0.803046 -0.595918 0
    outer loop
      vertex 12.9978 10.6667 3.4
      vertex 12.9276 10.7613 9.4
      vertex 12.9276 10.7613 3.4
    endloop
  endfacet
  facet normal -0.803046 -0.595918 0
    outer loop
      vertex 12.9276 10.7613 9.4
      vertex 12.9978 10.6667 3.4
      vertex 12.9978 10.6667 9.4
    endloop
  endfacet
  facet normal -0.671869 -0.74067 0
    outer loop
      vertex 12.7613 10.9276 3.4
      vertex 12.8485 10.8485 9.4
      vertex 12.7613 10.9276 9.4
    endloop
  endfacet
  facet normal -0.671869 -0.74067 -0
    outer loop
      vertex 12.8485 10.8485 9.4
      vertex 12.7613 10.9276 3.4
      vertex 12.8485 10.8485 3.4
    endloop
  endfacet
  facet normal 0.0492599 -0.998786 0
    outer loop
      vertex 11.8824 11.1942 3.4
      vertex 12 11.2 9.4
      vertex 11.8824 11.1942 9.4
    endloop
  endfacet
  facet normal 0.0492599 -0.998786 0
    outer loop
      vertex 12 11.2 9.4
      vertex 11.8824 11.1942 3.4
      vertex 12 11.2 3.4
    endloop
  endfacet
  facet normal -0.242935 -0.970042 0
    outer loop
      vertex 12.2341 11.1769 3.4
      vertex 12.3483 11.1483 9.4
      vertex 12.2341 11.1769 9.4
    endloop
  endfacet
  facet normal -0.242935 -0.970042 -0
    outer loop
      vertex 12.3483 11.1483 9.4
      vertex 12.2341 11.1769 3.4
      vertex 12.3483 11.1483 3.4
    endloop
  endfacet
  facet normal -0.146887 -0.989153 0
    outer loop
      vertex 12.1176 11.1942 3.4
      vertex 12.2341 11.1769 9.4
      vertex 12.1176 11.1942 9.4
    endloop
  endfacet
  facet normal -0.146887 -0.989153 -0
    outer loop
      vertex 12.2341 11.1769 9.4
      vertex 12.1176 11.1942 3.4
      vertex 12.2341 11.1769 3.4
    endloop
  endfacet
  facet normal -0.427758 -0.903893 0
    outer loop
      vertex 12.4592 11.1087 3.4
      vertex 12.5657 11.0583 9.4
      vertex 12.4592 11.1087 9.4
    endloop
  endfacet
  facet normal -0.427758 -0.903893 -0
    outer loop
      vertex 12.5657 11.0583 9.4
      vertex 12.4592 11.1087 3.4
      vertex 12.5657 11.0583 3.4
    endloop
  endfacet
  facet normal -0.595918 -0.803046 0
    outer loop
      vertex 12.6667 10.9978 3.4
      vertex 12.7613 10.9276 9.4
      vertex 12.6667 10.9978 9.4
    endloop
  endfacet
  facet normal -0.595918 -0.803046 -0
    outer loop
      vertex 12.7613 10.9276 9.4
      vertex 12.6667 10.9978 3.4
      vertex 12.7613 10.9276 3.4
    endloop
  endfacet
  facet normal 0.998786 -0.0492599 0
    outer loop
      vertex 10.8 10 9.4
      vertex 10.8058 10.1176 3.4
      vertex 10.8058 10.1176 9.4
    endloop
  endfacet
  facet normal 0.998786 -0.0492599 0
    outer loop
      vertex 10.8058 10.1176 3.4
      vertex 10.8 10 9.4
      vertex 10.8 10 3.4
    endloop
  endfacet
  facet normal 0.941761 -0.336283 0
    outer loop
      vertex 10.8517 10.3483 9.4
      vertex 10.8913 10.4592 3.4
      vertex 10.8913 10.4592 9.4
    endloop
  endfacet
  facet normal 0.941761 -0.336283 0
    outer loop
      vertex 10.8913 10.4592 3.4
      vertex 10.8517 10.3483 9.4
      vertex 10.8517 10.3483 3.4
    endloop
  endfacet
  facet normal 0.970042 -0.242935 0
    outer loop
      vertex 10.8231 10.2341 9.4
      vertex 10.8517 10.3483 3.4
      vertex 10.8517 10.3483 9.4
    endloop
  endfacet
  facet normal 0.970042 -0.242935 0
    outer loop
      vertex 10.8517 10.3483 3.4
      vertex 10.8231 10.2341 9.4
      vertex 10.8231 10.2341 3.4
    endloop
  endfacet
  facet normal 0.857867 -0.513871 0
    outer loop
      vertex 10.9417 10.5657 9.4
      vertex 11.0022 10.6667 3.4
      vertex 11.0022 10.6667 9.4
    endloop
  endfacet
  facet normal 0.857867 -0.513871 0
    outer loop
      vertex 11.0022 10.6667 3.4
      vertex 10.9417 10.5657 9.4
      vertex 10.9417 10.5657 3.4
    endloop
  endfacet
  facet normal 0.803046 -0.595918 0
    outer loop
      vertex 11.0022 10.6667 9.4
      vertex 11.0724 10.7613 3.4
      vertex 11.0724 10.7613 9.4
    endloop
  endfacet
  facet normal 0.803046 -0.595918 0
    outer loop
      vertex 11.0724 10.7613 3.4
      vertex 11.0022 10.6667 9.4
      vertex 11.0022 10.6667 3.4
    endloop
  endfacet
  facet normal 0.242935 -0.970042 0
    outer loop
      vertex 11.6517 11.1483 3.4
      vertex 11.7659 11.1769 9.4
      vertex 11.6517 11.1483 9.4
    endloop
  endfacet
  facet normal 0.242935 -0.970042 0
    outer loop
      vertex 11.7659 11.1769 9.4
      vertex 11.6517 11.1483 3.4
      vertex 11.7659 11.1769 3.4
    endloop
  endfacet
  facet normal 0.513871 -0.857867 0
    outer loop
      vertex 11.3333 10.9978 3.4
      vertex 11.4343 11.0583 9.4
      vertex 11.3333 10.9978 9.4
    endloop
  endfacet
  facet normal 0.513871 -0.857867 0
    outer loop
      vertex 11.4343 11.0583 9.4
      vertex 11.3333 10.9978 3.4
      vertex 11.4343 11.0583 3.4
    endloop
  endfacet
  facet normal 0.595918 -0.803046 0
    outer loop
      vertex 11.2387 10.9276 3.4
      vertex 11.3333 10.9978 9.4
      vertex 11.2387 10.9276 9.4
    endloop
  endfacet
  facet normal 0.595918 -0.803046 0
    outer loop
      vertex 11.3333 10.9978 9.4
      vertex 11.2387 10.9276 3.4
      vertex 11.3333 10.9978 3.4
    endloop
  endfacet
  facet normal 0.427758 -0.903893 0
    outer loop
      vertex 11.4343 11.0583 3.4
      vertex 11.5408 11.1087 9.4
      vertex 11.4343 11.0583 9.4
    endloop
  endfacet
  facet normal 0.427758 -0.903893 0
    outer loop
      vertex 11.5408 11.1087 9.4
      vertex 11.4343 11.0583 3.4
      vertex 11.5408 11.1087 3.4
    endloop
  endfacet
  facet normal 0.671869 -0.74067 0
    outer loop
      vertex 11.1515 10.8485 3.4
      vertex 11.2387 10.9276 9.4
      vertex 11.1515 10.8485 9.4
    endloop
  endfacet
  facet normal 0.671869 -0.74067 0
    outer loop
      vertex 11.2387 10.9276 9.4
      vertex 11.1515 10.8485 3.4
      vertex 11.2387 10.9276 3.4
    endloop
  endfacet
  facet normal -0.998786 -0.0492599 0
    outer loop
      vertex 13.2 10 3.4
      vertex 13.1942 10.1176 9.4
      vertex 13.1942 10.1176 3.4
    endloop
  endfacet
  facet normal -0.998786 -0.0492599 0
    outer loop
      vertex 13.1942 10.1176 9.4
      vertex 13.2 10 3.4
      vertex 13.2 10 9.4
    endloop
  endfacet
  facet normal -0.970058 0.242875 0
    outer loop
      vertex 13.1483 9.65166 3.4
      vertex 13.1769 9.76589 9.4
      vertex 13.1769 9.76589 3.4
    endloop
  endfacet
  facet normal -0.970058 0.242875 0
    outer loop
      vertex 13.1769 9.76589 9.4
      vertex 13.1483 9.65166 3.4
      vertex 13.1483 9.65166 9.4
    endloop
  endfacet
  facet normal -0.0490904 0.998794 0
    outer loop
      vertex 12.1176 8.80578 3.4
      vertex 12 8.8 9.4
      vertex 12.1176 8.80578 9.4
    endloop
  endfacet
  facet normal -0.0490904 0.998794 0
    outer loop
      vertex 12 8.8 9.4
      vertex 12.1176 8.80578 3.4
      vertex 12 8.8 3.4
    endloop
  endfacet
  facet normal 0.970058 0.242875 0
    outer loop
      vertex 10.8517 9.65166 9.4
      vertex 10.8231 9.76589 3.4
      vertex 10.8231 9.76589 9.4
    endloop
  endfacet
  facet normal 0.970058 0.242875 0
    outer loop
      vertex 10.8231 9.76589 3.4
      vertex 10.8517 9.65166 9.4
      vertex 10.8517 9.65166 3.4
    endloop
  endfacet
  facet normal 0.803015 0.595958 0
    outer loop
      vertex 11.0724 9.23873 9.4
      vertex 11.0022 9.33332 3.4
      vertex 11.0022 9.33332 9.4
    endloop
  endfacet
  facet normal 0.803015 0.595958 0
    outer loop
      vertex 11.0022 9.33332 3.4
      vertex 11.0724 9.23873 9.4
      vertex 11.0724 9.23873 3.4
    endloop
  endfacet
  facet normal -0.146721 0.989178 0
    outer loop
      vertex 12.2341 8.82306 3.4
      vertex 12.1176 8.80578 9.4
      vertex 12.2341 8.82306 9.4
    endloop
  endfacet
  facet normal -0.146721 0.989178 0
    outer loop
      vertex 12.1176 8.80578 9.4
      vertex 12.2341 8.82306 3.4
      vertex 12.1176 8.80578 3.4
    endloop
  endfacet
  facet normal -0.903893 -0.427758 0
    outer loop
      vertex 13.1087 10.4592 3.4
      vertex 13.0583 10.5657 9.4
      vertex 13.0583 10.5657 3.4
    endloop
  endfacet
  facet normal -0.903893 -0.427758 0
    outer loop
      vertex 13.0583 10.5657 9.4
      vertex 13.1087 10.4592 3.4
      vertex 13.1087 10.4592 9.4
    endloop
  endfacet
  facet normal -0.941761 -0.336283 0
    outer loop
      vertex 13.1483 10.3483 3.4
      vertex 13.1087 10.4592 9.4
      vertex 13.1087 10.4592 3.4
    endloop
  endfacet
  facet normal -0.941761 -0.336283 0
    outer loop
      vertex 13.1087 10.4592 9.4
      vertex 13.1483 10.3483 3.4
      vertex 13.1483 10.3483 9.4
    endloop
  endfacet
  facet normal -0.970042 -0.242935 0
    outer loop
      vertex 13.1769 10.2341 3.4
      vertex 13.1483 10.3483 9.4
      vertex 13.1483 10.3483 3.4
    endloop
  endfacet
  facet normal -0.970042 -0.242935 0
    outer loop
      vertex 13.1483 10.3483 9.4
      vertex 13.1769 10.2341 3.4
      vertex 13.1769 10.2341 9.4
    endloop
  endfacet
  facet normal -0.74067 -0.671869 0
    outer loop
      vertex 12.9276 10.7613 3.4
      vertex 12.8485 10.8485 9.4
      vertex 12.8485 10.8485 3.4
    endloop
  endfacet
  facet normal -0.74067 -0.671869 0
    outer loop
      vertex 12.8485 10.8485 9.4
      vertex 12.9276 10.7613 3.4
      vertex 12.9276 10.7613 9.4
    endloop
  endfacet
  facet normal -0.7409 0.671616 0
    outer loop
      vertex 12.8485 9.15147 3.4
      vertex 12.9276 9.23873 9.4
      vertex 12.9276 9.23873 3.4
    endloop
  endfacet
  facet normal -0.7409 0.671616 0
    outer loop
      vertex 12.9276 9.23873 9.4
      vertex 12.8485 9.15147 3.4
      vertex 12.8485 9.15147 9.4
    endloop
  endfacet
  facet normal -0.803015 0.595958 0
    outer loop
      vertex 12.9276 9.23873 3.4
      vertex 12.9978 9.33332 9.4
      vertex 12.9978 9.33332 3.4
    endloop
  endfacet
  facet normal -0.803015 0.595958 0
    outer loop
      vertex 12.9978 9.33332 9.4
      vertex 12.9276 9.23873 3.4
      vertex 12.9276 9.23873 9.4
    endloop
  endfacet
  facet normal -0.903831 0.427889 0
    outer loop
      vertex 13.0583 9.43432 3.4
      vertex 13.1087 9.54078 9.4
      vertex 13.1087 9.54078 3.4
    endloop
  endfacet
  facet normal -0.903831 0.427889 0
    outer loop
      vertex 13.1087 9.54078 9.4
      vertex 13.0583 9.43432 3.4
      vertex 13.0583 9.43432 9.4
    endloop
  endfacet
  facet normal 0.336885 0.941546 -0
    outer loop
      vertex 11.6517 8.85167 3.4
      vertex 11.5408 8.89135 9.4
      vertex 11.6517 8.85167 9.4
    endloop
  endfacet
  facet normal 0.336885 0.941546 0
    outer loop
      vertex 11.5408 8.89135 9.4
      vertex 11.6517 8.85167 3.4
      vertex 11.5408 8.89135 3.4
    endloop
  endfacet
  facet normal 0 0 1
    outer loop
      vertex 13.1942 10.1176 3.4
      vertex 13.1942 9.88238 3.4
      vertex 13.2 10 3.4
    endloop
  endfacet
  facet normal 0 0 1
    outer loop
      vertex 13.1769 10.2341 3.4
      vertex 13.1942 9.88238 3.4
      vertex 13.1942 10.1176 3.4
    endloop
  endfacet
  facet normal 0 0 1
    outer loop
      vertex 13.1769 10.2341 3.4
      vertex 13.1769 9.76589 3.4
      vertex 13.1942 9.88238 3.4
    endloop
  endfacet
  facet normal 0 0 1
    outer loop
      vertex 13.1483 10.3483 3.4
      vertex 13.1769 9.76589 3.4
      vertex 13.1769 10.2341 3.4
    endloop
  endfacet
  facet normal 0 0 1
    outer loop
      vertex 13.1483 10.3483 3.4
      vertex 13.1483 9.65166 3.4
      vertex 13.1769 9.76589 3.4
    endloop
  endfacet
  facet normal 0 0 1
    outer loop
      vertex 13.1087 10.4592 3.4
      vertex 13.1483 9.65166 3.4
      vertex 13.1483 10.3483 3.4
    endloop
  endfacet
  facet normal 0 0 1
    outer loop
      vertex 13.1087 10.4592 3.4
      vertex 13.1087 9.54078 3.4
      vertex 13.1483 9.65166 3.4
    endloop
  endfacet
  facet normal 0 0 1
    outer loop
      vertex 13.0583 10.5657 3.4
      vertex 13.1087 9.54078 3.4
      vertex 13.1087 10.4592 3.4
    endloop
  endfacet
  facet normal 0 0 1
    outer loop
      vertex 13.0583 10.5657 3.4
      vertex 13.0583 9.43432 3.4
      vertex 13.1087 9.54078 3.4
    endloop
  endfacet
  facet normal 0 0 1
    outer loop
      vertex 12.9978 10.6667 3.4
      vertex 13.0583 9.43432 3.4
      vertex 13.0583 10.5657 3.4
    endloop
  endfacet
  facet normal 0 0 1
    outer loop
      vertex 12.9978 10.6667 3.4
      vertex 12.9978 9.33332 3.4
      vertex 13.0583 9.43432 3.4
    endloop
  endfacet
  facet normal 0 0 1
    outer loop
      vertex 12.9276 10.7613 3.4
      vertex 12.9978 9.33332 3.4
      vertex 12.9978 10.6667 3.4
    endloop
  endfacet
  facet normal 0 0 1
    outer loop
      vertex 12.9276 10.7613 3.4
      vertex 12.9276 9.23873 3.4
      vertex 12.9978 9.33332 3.4
    endloop
  endfacet
  facet normal 0 0 1
    outer loop
      vertex 12.8485 10.8485 3.4
      vertex 12.9276 9.23873 3.4
      vertex 12.9276 10.7613 3.4
    endloop
  endfacet
  facet normal 0 0 1
    outer loop
      vertex 12.8485 10.8485 3.4
      vertex 12.8485 9.15147 3.4
      vertex 12.9276 9.23873 3.4
    endloop
  endfacet
  facet normal 0 0 1
    outer loop
      vertex 12.7613 10.9276 3.4
      vertex 12.8485 9.15147 3.4
      vertex 12.8485 10.8485 3.4
    endloop
  endfacet
  facet normal 0 0 1
    outer loop
      vertex 12.7613 10.9276 3.4
      vertex 12.7613 9.07239 3.4
      vertex 12.8485 9.15147 3.4
    endloop
  endfacet
  facet normal 0 0 1
    outer loop
      vertex 12.6667 10.9978 3.4
      vertex 12.7613 9.07239 3.4
      vertex 12.7613 10.9276 3.4
    endloop
  endfacet
  facet normal 0 0 1
    outer loop
      vertex 12.6667 10.9978 3.4
      vertex 12.6667 9.00224 3.4
      vertex 12.7613 9.07239 3.4
    endloop
  endfacet
  facet normal 0 0 1
    outer loop
      vertex 12.5657 11.0583 3.4
      vertex 12.6667 9.00224 3.4
      vertex 12.6667 10.9978 3.4
    endloop
  endfacet
  facet normal 0 0 1
    outer loop
      vertex 12.5657 11.0583 3.4
      vertex 12.5657 8.9417 3.4
      vertex 12.6667 9.00224 3.4
    endloop
  endfacet
  facet normal 0 0 1
    outer loop
      vertex 12.4592 11.1087 3.4
      vertex 12.5657 8.9417 3.4
      vertex 12.5657 11.0583 3.4
    endloop
  endfacet
  facet normal 0 0 1
    outer loop
      vertex 12.4592 11.1087 3.4
      vertex 12.4592 8.89135 3.4
      vertex 12.5657 8.9417 3.4
    endloop
  endfacet
  facet normal 0 0 1
    outer loop
      vertex 12.3483 11.1483 3.4
      vertex 12.4592 8.89135 3.4
      vertex 12.4592 11.1087 3.4
    endloop
  endfacet
  facet normal 0 0 1
    outer loop
      vertex 12.3483 11.1483 3.4
      vertex 12.3483 8.85167 3.4
      vertex 12.4592 8.89135 3.4
    endloop
  endfacet
  facet normal 0 0 1
    outer loop
      vertex 12.2341 11.1769 3.4
      vertex 12.3483 8.85167 3.4
      vertex 12.3483 11.1483 3.4
    endloop
  endfacet
  facet normal 0 0 1
    outer loop
      vertex 12.2341 11.1769 3.4
      vertex 12.2341 8.82306 3.4
      vertex 12.3483 8.85167 3.4
    endloop
  endfacet
  facet normal 0 0 1
    outer loop
      vertex 12.1176 11.1942 3.4
      vertex 12.2341 8.82306 3.4
      vertex 12.2341 11.1769 3.4
    endloop
  endfacet
  facet normal 0 0 1
    outer loop
      vertex 12.1176 11.1942 3.4
      vertex 12.1176 8.80578 3.4
      vertex 12.2341 8.82306 3.4
    endloop
  endfacet
  facet normal 0 0 1
    outer loop
      vertex 12 11.2 3.4
      vertex 12.1176 8.80578 3.4
      vertex 12.1176 11.1942 3.4
    endloop
  endfacet
  facet normal 0 0 1
    outer loop
      vertex 12 11.2 3.4
      vertex 12 8.8 3.4
      vertex 12.1176 8.80578 3.4
    endloop
  endfacet
  facet normal -0 0 1
    outer loop
      vertex 11.8824 11.1942 3.4
      vertex 12 8.8 3.4
      vertex 12 11.2 3.4
    endloop
  endfacet
  facet normal 0 0 1
    outer loop
      vertex 11.8824 11.1942 3.4
      vertex 11.8824 8.80578 3.4
      vertex 12 8.8 3.4
    endloop
  endfacet
  facet normal -0 0 1
    outer loop
      vertex 11.7659 11.1769 3.4
      vertex 11.8824 8.80578 3.4
      vertex 11.8824 11.1942 3.4
    endloop
  endfacet
  facet normal 0 0 1
    outer loop
      vertex 11.7659 11.1769 3.4
      vertex 11.7659 8.82306 3.4
      vertex 11.8824 8.80578 3.4
    endloop
  endfacet
  facet normal -0 0 1
    outer loop
      vertex 11.6517 11.1483 3.4
      vertex 11.7659 8.82306 3.4
      vertex 11.7659 11.1769 3.4
    endloop
  endfacet
  facet normal 0 0 1
    outer loop
      vertex 11.6517 11.1483 3.4
      vertex 11.6517 8.85167 3.4
      vertex 11.7659 8.82306 3.4
    endloop
  endfacet
  facet normal -0 0 1
    outer loop
      vertex 11.5408 11.1087 3.4
      vertex 11.6517 8.85167 3.4
      vertex 11.6517 11.1483 3.4
    endloop
  endfacet
  facet normal 0 0 1
    outer loop
      vertex 11.5408 11.1087 3.4
      vertex 11.5408 8.89135 3.4
      vertex 11.6517 8.85167 3.4
    endloop
  endfacet
  facet normal -0 0 1
    outer loop
      vertex 11.4343 11.0583 3.4
      vertex 11.5408 8.89135 3.4
      vertex 11.5408 11.1087 3.4
    endloop
  endfacet
  facet normal 0 0 1
    outer loop
      vertex 11.4343 11.0583 3.4
      vertex 11.4343 8.9417 3.4
      vertex 11.5408 8.89135 3.4
    endloop
  endfacet
  facet normal -0 0 1
    outer loop
      vertex 11.3333 10.9978 3.4
      vertex 11.4343 8.9417 3.4
      vertex 11.4343 11.0583 3.4
    endloop
  endfacet
  facet normal 0 0 1
    outer loop
      vertex 11.3333 10.9978 3.4
      vertex 11.3333 9.00224 3.4
      vertex 11.4343 8.9417 3.4
    endloop
  endfacet
  facet normal -0 0 1
    outer loop
      vertex 11.2387 10.9276 3.4
      vertex 11.3333 9.00224 3.4
      vertex 11.3333 10.9978 3.4
    endloop
  endfacet
  facet normal 0 0 1
    outer loop
      vertex 11.2387 10.9276 3.4
      vertex 11.2387 9.07239 3.4
      vertex 11.3333 9.00224 3.4
    endloop
  endfacet
  facet normal -0 0 1
    outer loop
      vertex 11.1515 10.8485 3.4
      vertex 11.2387 9.07239 3.4
      vertex 11.2387 10.9276 3.4
    endloop
  endfacet
  facet normal 0 0 1
    outer loop
      vertex 11.1515 10.8485 3.4
      vertex 11.1515 9.15147 3.4
      vertex 11.2387 9.07239 3.4
    endloop
  endfacet
  facet normal -0 0 1
    outer loop
      vertex 11.0724 10.7613 3.4
      vertex 11.1515 9.15147 3.4
      vertex 11.1515 10.8485 3.4
    endloop
  endfacet
  facet normal 0 0 1
    outer loop
      vertex 11.0724 10.7613 3.4
      vertex 11.0724 9.23873 3.4
      vertex 11.1515 9.15147 3.4
    endloop
  endfacet
  facet normal -0 0 1
    outer loop
      vertex 11.0022 10.6667 3.4
      vertex 11.0724 9.23873 3.4
      vertex 11.0724 10.7613 3.4
    endloop
  endfacet
  facet normal 0 0 1
    outer loop
      vertex 11.0022 10.6667 3.4
      vertex 11.0022 9.33332 3.4
      vertex 11.0724 9.23873 3.4
    endloop
  endfacet
  facet normal -0 0 1
    outer loop
      vertex 10.9417 10.5657 3.4
      vertex 11.0022 9.33332 3.4
      vertex 11.0022 10.6667 3.4
    endloop
  endfacet
  facet normal 0 0 1
    outer loop
      vertex 10.9417 10.5657 3.4
      vertex 10.9417 9.43432 3.4
      vertex 11.0022 9.33332 3.4
    endloop
  endfacet
  facet normal -0 0 1
    outer loop
      vertex 10.8913 10.4592 3.4
      vertex 10.9417 9.43432 3.4
      vertex 10.9417 10.5657 3.4
    endloop
  endfacet
  facet normal 0 0 1
    outer loop
      vertex 10.8913 10.4592 3.4
      vertex 10.8913 9.54078 3.4
      vertex 10.9417 9.43432 3.4
    endloop
  endfacet
  facet normal -0 0 1
    outer loop
      vertex 10.8517 10.3483 3.4
      vertex 10.8913 9.54078 3.4
      vertex 10.8913 10.4592 3.4
    endloop
  endfacet
  facet normal 0 0 1
    outer loop
      vertex 10.8517 10.3483 3.4
      vertex 10.8517 9.65166 3.4
      vertex 10.8913 9.54078 3.4
    endloop
  endfacet
  facet normal -0 0 1
    outer loop
      vertex 10.8231 10.2341 3.4
      vertex 10.8517 9.65166 3.4
      vertex 10.8517 10.3483 3.4
    endloop
  endfacet
  facet normal 0 0 1
    outer loop
      vertex 10.8231 10.2341 3.4
      vertex 10.8231 9.76589 3.4
      vertex 10.8517 9.65166 3.4
    endloop
  endfacet
  facet normal -0 0 1
    outer loop
      vertex 10.8058 10.1176 3.4
      vertex 10.8231 9.76589 3.4
      vertex 10.8231 10.2341 3.4
    endloop
  endfacet
  facet normal 0 0 1
    outer loop
      vertex 10.8058 10.1176 3.4
      vertex 10.8058 9.88238 3.4
      vertex 10.8231 9.76589 3.4
    endloop
  endfacet
  facet normal 0 -0 1
    outer loop
      vertex 10.8058 9.88238 3.4
      vertex 10.8058 10.1176 3.4
      vertex 10.8 10 3.4
    endloop
  endfacet
  facet normal 0.7409 0.671616 0
    outer loop
      vertex 11.1515 9.15147 9.4
      vertex 11.0724 9.23873 3.4
      vertex 11.0724 9.23873 9.4
    endloop
  endfacet
  facet normal 0.7409 0.671616 0
    outer loop
      vertex 11.0724 9.23873 3.4
      vertex 11.1515 9.15147 9.4
      vertex 11.1515 9.15147 3.4
    endloop
  endfacet
  facet normal -0.243015 0.970022 0
    outer loop
      vertex 12.3483 8.85167 3.4
      vertex 12.2341 8.82306 9.4
      vertex 12.3483 8.85167 9.4
    endloop
  endfacet
  facet normal -0.243015 0.970022 0
    outer loop
      vertex 12.2341 8.82306 9.4
      vertex 12.3483 8.85167 3.4
      vertex 12.2341 8.82306 3.4
    endloop
  endfacet
  facet normal -0.427411 0.904057 0
    outer loop
      vertex 12.5657 8.9417 3.4
      vertex 12.4592 8.89135 9.4
      vertex 12.5657 8.9417 9.4
    endloop
  endfacet
  facet normal -0.427411 0.904057 0
    outer loop
      vertex 12.4592 8.89135 9.4
      vertex 12.5657 8.9417 3.4
      vertex 12.4592 8.89135 3.4
    endloop
  endfacet
  facet normal -0.989151 0.146899 0
    outer loop
      vertex 13.1769 9.76589 3.4
      vertex 13.1942 9.88238 9.4
      vertex 13.1942 9.88238 3.4
    endloop
  endfacet
  facet normal -0.989151 0.146899 0
    outer loop
      vertex 13.1942 9.88238 9.4
      vertex 13.1769 9.76589 3.4
      vertex 13.1769 9.76589 9.4
    endloop
  endfacet
  facet normal -0.671776 0.740754 0
    outer loop
      vertex 12.8485 9.15147 3.4
      vertex 12.7613 9.07239 9.4
      vertex 12.8485 9.15147 9.4
    endloop
  endfacet
  facet normal -0.671776 0.740754 0
    outer loop
      vertex 12.7613 9.07239 9.4
      vertex 12.8485 9.15147 3.4
      vertex 12.7613 9.07239 3.4
    endloop
  endfacet
  facet normal -0.941742 0.336336 0
    outer loop
      vertex 13.1087 9.54078 3.4
      vertex 13.1483 9.65166 9.4
      vertex 13.1483 9.65166 3.4
    endloop
  endfacet
  facet normal -0.941742 0.336336 0
    outer loop
      vertex 13.1483 9.65166 9.4
      vertex 13.1087 9.54078 3.4
      vertex 13.1087 9.54078 9.4
    endloop
  endfacet
  facet normal -0.857867 0.513871 0
    outer loop
      vertex 12.9978 9.33332 3.4
      vertex 13.0583 9.43432 9.4
      vertex 13.0583 9.43432 3.4
    endloop
  endfacet
  facet normal -0.857867 0.513871 0
    outer loop
      vertex 13.0583 9.43432 9.4
      vertex 12.9978 9.33332 3.4
      vertex 12.9978 9.33332 9.4
    endloop
  endfacet
  facet normal 0.514121 0.857718 -0
    outer loop
      vertex 11.4343 8.9417 3.4
      vertex 11.3333 9.00224 9.4
      vertex 11.4343 8.9417 9.4
    endloop
  endfacet
  facet normal 0.514121 0.857718 0
    outer loop
      vertex 11.3333 9.00224 9.4
      vertex 11.4343 8.9417 3.4
      vertex 11.3333 9.00224 3.4
    endloop
  endfacet
  facet normal 0.941742 0.336336 0
    outer loop
      vertex 10.8913 9.54078 9.4
      vertex 10.8517 9.65166 3.4
      vertex 10.8517 9.65166 9.4
    endloop
  endfacet
  facet normal 0.941742 0.336336 0
    outer loop
      vertex 10.8517 9.65166 3.4
      vertex 10.8913 9.54078 9.4
      vertex 10.8913 9.54078 3.4
    endloop
  endfacet
  facet normal 0.989151 0.146899 0
    outer loop
      vertex 10.8231 9.76589 9.4
      vertex 10.8058 9.88238 3.4
      vertex 10.8058 9.88238 9.4
    endloop
  endfacet
  facet normal 0.989151 0.146899 0
    outer loop
      vertex 10.8058 9.88238 3.4
      vertex 10.8231 9.76589 9.4
      vertex 10.8231 9.76589 3.4
    endloop
  endfacet
  facet normal 0.998786 0.0492515 0
    outer loop
      vertex 10.8058 9.88238 9.4
      vertex 10.8 10 3.4
      vertex 10.8 10 9.4
    endloop
  endfacet
  facet normal 0.998786 0.0492515 0
    outer loop
      vertex 10.8 10 3.4
      vertex 10.8058 9.88238 9.4
      vertex 10.8058 9.88238 3.4
    endloop
  endfacet
  facet normal 0.857867 0.513871 0
    outer loop
      vertex 11.0022 9.33332 9.4
      vertex 10.9417 9.43432 3.4
      vertex 10.9417 9.43432 9.4
    endloop
  endfacet
  facet normal 0.857867 0.513871 0
    outer loop
      vertex 10.9417 9.43432 3.4
      vertex 11.0022 9.33332 9.4
      vertex 11.0022 9.33332 3.4
    endloop
  endfacet
  facet normal -0.595644 0.803249 0
    outer loop
      vertex 12.7613 9.07239 3.4
      vertex 12.6667 9.00224 9.4
      vertex 12.7613 9.07239 9.4
    endloop
  endfacet
  facet normal -0.595644 0.803249 0
    outer loop
      vertex 12.6667 9.00224 9.4
      vertex 12.7613 9.07239 3.4
      vertex 12.6667 9.00224 3.4
    endloop
  endfacet
  facet normal -0.514121 0.857718 0
    outer loop
      vertex 12.6667 9.00224 3.4
      vertex 12.5657 8.9417 9.4
      vertex 12.6667 9.00224 9.4
    endloop
  endfacet
  facet normal -0.514121 0.857718 0
    outer loop
      vertex 12.5657 8.9417 9.4
      vertex 12.6667 9.00224 3.4
      vertex 12.5657 8.9417 3.4
    endloop
  endfacet
  facet normal 0.595644 0.803249 -0
    outer loop
      vertex 11.3333 9.00224 3.4
      vertex 11.2387 9.07239 9.4
      vertex 11.3333 9.00224 9.4
    endloop
  endfacet
  facet normal 0.595644 0.803249 0
    outer loop
      vertex 11.2387 9.07239 9.4
      vertex 11.3333 9.00224 3.4
      vertex 11.2387 9.07239 3.4
    endloop
  endfacet
  facet normal 0.427411 0.904057 -0
    outer loop
      vertex 11.5408 8.89135 3.4
      vertex 11.4343 8.9417 9.4
      vertex 11.5408 8.89135 9.4
    endloop
  endfacet
  facet normal 0.427411 0.904057 0
    outer loop
      vertex 11.4343 8.9417 9.4
      vertex 11.5408 8.89135 3.4
      vertex 11.4343 8.9417 3.4
    endloop
  endfacet
  facet normal 0.146721 0.989178 -0
    outer loop
      vertex 11.8824 8.80578 3.4
      vertex 11.7659 8.82306 9.4
      vertex 11.8824 8.80578 9.4
    endloop
  endfacet
  facet normal 0.146721 0.989178 0
    outer loop
      vertex 11.7659 8.82306 9.4
      vertex 11.8824 8.80578 3.4
      vertex 11.7659 8.82306 3.4
    endloop
  endfacet
  facet normal -0.336885 0.941546 0
    outer loop
      vertex 12.4592 8.89135 3.4
      vertex 12.3483 8.85167 9.4
      vertex 12.4592 8.89135 9.4
    endloop
  endfacet
  facet normal -0.336885 0.941546 0
    outer loop
      vertex 12.3483 8.85167 9.4
      vertex 12.4592 8.89135 3.4
      vertex 12.3483 8.85167 3.4
    endloop
  endfacet
  facet normal 0.0490904 0.998794 -0
    outer loop
      vertex 12 8.8 3.4
      vertex 11.8824 8.80578 9.4
      vertex 12 8.8 9.4
    endloop
  endfacet
  facet normal 0.0490904 0.998794 0
    outer loop
      vertex 11.8824 8.80578 9.4
      vertex 12 8.8 3.4
      vertex 11.8824 8.80578 3.4
    endloop
  endfacet
  facet normal 0.243015 0.970022 -0
    outer loop
      vertex 11.7659 8.82306 3.4
      vertex 11.6517 8.85167 9.4
      vertex 11.7659 8.82306 9.4
    endloop
  endfacet
  facet normal 0.243015 0.970022 0
    outer loop
      vertex 11.6517 8.85167 9.4
      vertex 11.7659 8.82306 3.4
      vertex 11.6517 8.85167 3.4
    endloop
  endfacet
  facet normal 0.970012 0.243059 0
    outer loop
      vertex 14.6972 57.5365 9.4
      vertex 14.6316 57.7983 2.4
      vertex 14.6316 57.7983 9.4
    endloop
  endfacet
  facet normal 0.970012 0.243059 0
    outer loop
      vertex 14.6316 57.7983 2.4
      vertex 14.6972 57.5365 9.4
      vertex 14.6972 57.5365 2.4
    endloop
  endfacet
  facet normal 0.998803 0.0489209 0
    outer loop
      vertex 14.75 57 9.4
      vertex 14.7368 57.2695 2.4
      vertex 14.7368 57.2695 9.4
    endloop
  endfacet
  facet normal 0.998803 0.0489209 0
    outer loop
      vertex 14.7368 57.2695 2.4
      vertex 14.75 57 9.4
      vertex 14.75 57 2.4
    endloop
  endfacet
  facet normal -0.998795 0.0490688 0
    outer loop
      vertex 9.25 57 2.4
      vertex 9.26324 57.2695 9.4
      vertex 9.26324 57.2695 2.4
    endloop
  endfacet
  facet normal -0.998795 0.0490688 0
    outer loop
      vertex 9.26324 57.2695 9.4
      vertex 9.25 57 2.4
      vertex 9.25 57 9.4
    endloop
  endfacet
  facet normal 0.0489209 0.998803 -0
    outer loop
      vertex 12.2695 59.7368 2.4
      vertex 12 59.75 9.4
      vertex 12.2695 59.7368 9.4
    endloop
  endfacet
  facet normal 0.0489209 0.998803 0
    outer loop
      vertex 12 59.75 9.4
      vertex 12.2695 59.7368 2.4
      vertex 12 59.75 2.4
    endloop
  endfacet
  facet normal 0.671805 0.740728 -0
    outer loop
      vertex 13.9445 58.9445 2.4
      vertex 13.7446 59.1258 9.4
      vertex 13.9445 58.9445 9.4
    endloop
  endfacet
  facet normal 0.671805 0.740728 0
    outer loop
      vertex 13.7446 59.1258 9.4
      vertex 13.9445 58.9445 2.4
      vertex 13.7446 59.1258 2.4
    endloop
  endfacet
  facet normal -0.671805 0.740728 0
    outer loop
      vertex 10.2554 59.1258 2.4
      vertex 10.0555 58.9445 9.4
      vertex 10.2554 59.1258 9.4
    endloop
  endfacet
  facet normal -0.671805 0.740728 0
    outer loop
      vertex 10.0555 58.9445 9.4
      vertex 10.2554 59.1258 2.4
      vertex 10.0555 58.9445 2.4
    endloop
  endfacet
  facet normal -0.336829 0.941566 0
    outer loop
      vertex 11.2017 59.6316 2.4
      vertex 10.9476 59.5407 9.4
      vertex 11.2017 59.6316 9.4
    endloop
  endfacet
  facet normal -0.336829 0.941566 0
    outer loop
      vertex 10.9476 59.5407 9.4
      vertex 11.2017 59.6316 2.4
      vertex 10.9476 59.5407 2.4
    endloop
  endfacet
  facet normal -0.80326 -0.595628 0
    outer loop
      vertex 9.87422 55.2554 2.4
      vertex 9.71346 55.4722 9.4
      vertex 9.71346 55.4722 2.4
    endloop
  endfacet
  facet normal -0.80326 -0.595628 0
    outer loop
      vertex 9.71346 55.4722 9.4
      vertex 9.87422 55.2554 2.4
      vertex 9.87422 55.2554 9.4
    endloop
  endfacet
  facet normal 0.941566 0.336829 0
    outer loop
      vertex 14.6316 57.7983 9.4
      vertex 14.5407 58.0524 2.4
      vertex 14.5407 58.0524 9.4
    endloop
  endfacet
  facet normal 0.941566 0.336829 0
    outer loop
      vertex 14.5407 58.0524 2.4
      vertex 14.6316 57.7983 9.4
      vertex 14.6316 57.7983 2.4
    endloop
  endfacet
  facet normal 0.427688 0.903926 -0
    outer loop
      vertex 13.2963 59.4253 2.4
      vertex 13.0524 59.5407 9.4
      vertex 13.2963 59.4253 9.4
    endloop
  endfacet
  facet normal 0.427688 0.903926 0
    outer loop
      vertex 13.0524 59.5407 9.4
      vertex 13.2963 59.4253 2.4
      vertex 13.0524 59.5407 2.4
    endloop
  endfacet
  facet normal 0.595485 0.803367 -0
    outer loop
      vertex 13.7446 59.1258 2.4
      vertex 13.5278 59.2865 9.4
      vertex 13.7446 59.1258 9.4
    endloop
  endfacet
  facet normal 0.595485 0.803367 0
    outer loop
      vertex 13.5278 59.2865 9.4
      vertex 13.7446 59.1258 2.4
      vertex 13.5278 59.2865 2.4
    endloop
  endfacet
  facet normal -0.857754 0.51406 0
    outer loop
      vertex 9.57472 58.2963 2.4
      vertex 9.71346 58.5278 9.4
      vertex 9.71346 58.5278 2.4
    endloop
  endfacet
  facet normal -0.857754 0.51406 0
    outer loop
      vertex 9.71346 58.5278 9.4
      vertex 9.57472 58.2963 2.4
      vertex 9.57472 58.2963 9.4
    endloop
  endfacet
  facet normal -0.80326 0.595628 0
    outer loop
      vertex 9.71346 58.5278 2.4
      vertex 9.87422 58.7446 9.4
      vertex 9.87422 58.7446 2.4
    endloop
  endfacet
  facet normal -0.80326 0.595628 0
    outer loop
      vertex 9.87422 58.7446 9.4
      vertex 9.71346 58.5278 2.4
      vertex 9.71346 58.5278 9.4
    endloop
  endfacet
  facet normal 0.903926 -0.427688 0
    outer loop
      vertex 14.4253 55.7037 9.4
      vertex 14.5407 55.9476 2.4
      vertex 14.5407 55.9476 9.4
    endloop
  endfacet
  facet normal 0.903926 -0.427688 0
    outer loop
      vertex 14.5407 55.9476 2.4
      vertex 14.4253 55.7037 9.4
      vertex 14.4253 55.7037 2.4
    endloop
  endfacet
  facet normal 0.243059 -0.970012 0
    outer loop
      vertex 12.5365 54.3028 2.4
      vertex 12.7983 54.3684 9.4
      vertex 12.5365 54.3028 9.4
    endloop
  endfacet
  facet normal 0.243059 -0.970012 0
    outer loop
      vertex 12.7983 54.3684 9.4
      vertex 12.5365 54.3028 2.4
      vertex 12.7983 54.3684 2.4
    endloop
  endfacet
  facet normal 0.740728 -0.671805 0
    outer loop
      vertex 13.9445 55.0555 9.4
      vertex 14.1258 55.2554 2.4
      vertex 14.1258 55.2554 9.4
    endloop
  endfacet
  facet normal 0.740728 -0.671805 0
    outer loop
      vertex 14.1258 55.2554 2.4
      vertex 13.9445 55.0555 9.4
      vertex 13.9445 55.0555 2.4
    endloop
  endfacet
  facet normal 0.970012 -0.243059 0
    outer loop
      vertex 14.6316 56.2017 9.4
      vertex 14.6972 56.4635 2.4
      vertex 14.6972 56.4635 9.4
    endloop
  endfacet
  facet normal 0.970012 -0.243059 0
    outer loop
      vertex 14.6972 56.4635 2.4
      vertex 14.6316 56.2017 9.4
      vertex 14.6316 56.2017 2.4
    endloop
  endfacet
  facet normal -0.336829 -0.941566 0
    outer loop
      vertex 10.9476 54.4593 2.4
      vertex 11.2017 54.3684 9.4
      vertex 10.9476 54.4593 9.4
    endloop
  endfacet
  facet normal -0.336829 -0.941566 -0
    outer loop
      vertex 11.2017 54.3684 9.4
      vertex 10.9476 54.4593 2.4
      vertex 11.2017 54.3684 2.4
    endloop
  endfacet
  facet normal -0.514223 -0.857656 0
    outer loop
      vertex 10.4722 54.7135 2.4
      vertex 10.7037 54.5747 9.4
      vertex 10.4722 54.7135 9.4
    endloop
  endfacet
  facet normal -0.514223 -0.857656 -0
    outer loop
      vertex 10.7037 54.5747 9.4
      vertex 10.4722 54.7135 2.4
      vertex 10.7037 54.5747 2.4
    endloop
  endfacet
  facet normal -0.970038 -0.242954 0
    outer loop
      vertex 9.36841 56.2017 2.4
      vertex 9.30284 56.4635 9.4
      vertex 9.30284 56.4635 2.4
    endloop
  endfacet
  facet normal -0.970038 -0.242954 0
    outer loop
      vertex 9.30284 56.4635 9.4
      vertex 9.36841 56.2017 2.4
      vertex 9.36841 56.2017 9.4
    endloop
  endfacet
  facet normal 0.903926 0.427688 0
    outer loop
      vertex 14.5407 58.0524 9.4
      vertex 14.4253 58.2963 2.4
      vertex 14.4253 58.2963 9.4
    endloop
  endfacet
  facet normal 0.903926 0.427688 0
    outer loop
      vertex 14.4253 58.2963 2.4
      vertex 14.5407 58.0524 9.4
      vertex 14.5407 58.0524 2.4
    endloop
  endfacet
  facet normal 0.857656 0.514223 0
    outer loop
      vertex 14.4253 58.2963 9.4
      vertex 14.2865 58.5278 2.4
      vertex 14.2865 58.5278 9.4
    endloop
  endfacet
  facet normal 0.857656 0.514223 0
    outer loop
      vertex 14.2865 58.5278 2.4
      vertex 14.4253 58.2963 9.4
      vertex 14.4253 58.2963 2.4
    endloop
  endfacet
  facet normal 0.803367 0.595485 0
    outer loop
      vertex 14.2865 58.5278 9.4
      vertex 14.1258 58.7446 2.4
      vertex 14.1258 58.7446 9.4
    endloop
  endfacet
  facet normal 0.803367 0.595485 0
    outer loop
      vertex 14.1258 58.7446 2.4
      vertex 14.2865 58.5278 9.4
      vertex 14.2865 58.5278 2.4
    endloop
  endfacet
  facet normal 0.243059 0.970012 -0
    outer loop
      vertex 12.7983 59.6316 2.4
      vertex 12.5365 59.6972 9.4
      vertex 12.7983 59.6316 9.4
    endloop
  endfacet
  facet normal 0.243059 0.970012 0
    outer loop
      vertex 12.5365 59.6972 9.4
      vertex 12.7983 59.6316 2.4
      vertex 12.5365 59.6972 2.4
    endloop
  endfacet
  facet normal 0.514223 0.857656 -0
    outer loop
      vertex 13.5278 59.2865 2.4
      vertex 13.2963 59.4253 9.4
      vertex 13.5278 59.2865 9.4
    endloop
  endfacet
  facet normal 0.514223 0.857656 0
    outer loop
      vertex 13.2963 59.4253 9.4
      vertex 13.5278 59.2865 2.4
      vertex 13.2963 59.4253 2.4
    endloop
  endfacet
  facet normal -0.903941 0.427658 0
    outer loop
      vertex 9.45933 58.0524 2.4
      vertex 9.57472 58.2963 9.4
      vertex 9.57472 58.2963 2.4
    endloop
  endfacet
  facet normal -0.903941 0.427658 0
    outer loop
      vertex 9.57472 58.2963 9.4
      vertex 9.45933 58.0524 2.4
      vertex 9.45933 58.0524 9.4
    endloop
  endfacet
  facet normal -0.970038 0.242954 0
    outer loop
      vertex 9.30284 57.5365 2.4
      vertex 9.36841 57.7983 9.4
      vertex 9.36841 57.7983 2.4
    endloop
  endfacet
  facet normal -0.970038 0.242954 0
    outer loop
      vertex 9.36841 57.7983 9.4
      vertex 9.30284 57.5365 2.4
      vertex 9.30284 57.5365 9.4
    endloop
  endfacet
  facet normal -0.514223 0.857656 0
    outer loop
      vertex 10.7037 59.4253 2.4
      vertex 10.4722 59.2865 9.4
      vertex 10.7037 59.4253 9.4
    endloop
  endfacet
  facet normal -0.514223 0.857656 0
    outer loop
      vertex 10.4722 59.2865 9.4
      vertex 10.7037 59.4253 2.4
      vertex 10.4722 59.2865 2.4
    endloop
  endfacet
  facet normal -0.0489209 0.998803 0
    outer loop
      vertex 12 59.75 2.4
      vertex 11.7305 59.7368 9.4
      vertex 12 59.75 9.4
    endloop
  endfacet
  facet normal -0.0489209 0.998803 0
    outer loop
      vertex 11.7305 59.7368 9.4
      vertex 12 59.75 2.4
      vertex 11.7305 59.7368 2.4
    endloop
  endfacet
  facet normal -0.14671 0.98918 0
    outer loop
      vertex 11.7305 59.7368 2.4
      vertex 11.4635 59.6972 9.4
      vertex 11.7305 59.7368 9.4
    endloop
  endfacet
  facet normal -0.14671 0.98918 0
    outer loop
      vertex 11.4635 59.6972 9.4
      vertex 11.7305 59.7368 2.4
      vertex 11.4635 59.6972 2.4
    endloop
  endfacet
  facet normal 0.0489209 -0.998803 0
    outer loop
      vertex 12 54.25 2.4
      vertex 12.2695 54.2632 9.4
      vertex 12 54.25 9.4
    endloop
  endfacet
  facet normal 0.0489209 -0.998803 0
    outer loop
      vertex 12.2695 54.2632 9.4
      vertex 12 54.25 2.4
      vertex 12.2695 54.2632 2.4
    endloop
  endfacet
  facet normal 0.14671 -0.98918 0
    outer loop
      vertex 12.2695 54.2632 2.4
      vertex 12.5365 54.3028 9.4
      vertex 12.2695 54.2632 9.4
    endloop
  endfacet
  facet normal 0.14671 -0.98918 0
    outer loop
      vertex 12.5365 54.3028 9.4
      vertex 12.2695 54.2632 2.4
      vertex 12.5365 54.3028 2.4
    endloop
  endfacet
  facet normal 0.514223 -0.857656 0
    outer loop
      vertex 13.2963 54.5747 2.4
      vertex 13.5278 54.7135 9.4
      vertex 13.2963 54.5747 9.4
    endloop
  endfacet
  facet normal 0.514223 -0.857656 0
    outer loop
      vertex 13.5278 54.7135 9.4
      vertex 13.2963 54.5747 2.4
      vertex 13.5278 54.7135 2.4
    endloop
  endfacet
  facet normal 0.671805 -0.740728 0
    outer loop
      vertex 13.7446 54.8742 2.4
      vertex 13.9445 55.0555 9.4
      vertex 13.7446 54.8742 9.4
    endloop
  endfacet
  facet normal 0.671805 -0.740728 0
    outer loop
      vertex 13.9445 55.0555 9.4
      vertex 13.7446 54.8742 2.4
      vertex 13.9445 55.0555 2.4
    endloop
  endfacet
  facet normal 0.595485 -0.803367 0
    outer loop
      vertex 13.5278 54.7135 2.4
      vertex 13.7446 54.8742 9.4
      vertex 13.5278 54.7135 9.4
    endloop
  endfacet
  facet normal 0.595485 -0.803367 0
    outer loop
      vertex 13.7446 54.8742 9.4
      vertex 13.5278 54.7135 2.4
      vertex 13.7446 54.8742 2.4
    endloop
  endfacet
  facet normal 0.803367 -0.595485 0
    outer loop
      vertex 14.1258 55.2554 9.4
      vertex 14.2865 55.4722 2.4
      vertex 14.2865 55.4722 9.4
    endloop
  endfacet
  facet normal 0.803367 -0.595485 0
    outer loop
      vertex 14.2865 55.4722 2.4
      vertex 14.1258 55.2554 9.4
      vertex 14.1258 55.2554 2.4
    endloop
  endfacet
  facet normal 0.857656 -0.514223 0
    outer loop
      vertex 14.2865 55.4722 9.4
      vertex 14.4253 55.7037 2.4
      vertex 14.4253 55.7037 9.4
    endloop
  endfacet
  facet normal 0.857656 -0.514223 0
    outer loop
      vertex 14.4253 55.7037 2.4
      vertex 14.2865 55.4722 9.4
      vertex 14.2865 55.4722 2.4
    endloop
  endfacet
  facet normal -0.14671 -0.98918 0
    outer loop
      vertex 11.4635 54.3028 2.4
      vertex 11.7305 54.2632 9.4
      vertex 11.4635 54.3028 9.4
    endloop
  endfacet
  facet normal -0.14671 -0.98918 -0
    outer loop
      vertex 11.7305 54.2632 9.4
      vertex 11.4635 54.3028 2.4
      vertex 11.7305 54.2632 2.4
    endloop
  endfacet
  facet normal -0.671805 -0.740728 0
    outer loop
      vertex 10.0555 55.0555 2.4
      vertex 10.2554 54.8742 9.4
      vertex 10.0555 55.0555 9.4
    endloop
  endfacet
  facet normal -0.671805 -0.740728 -0
    outer loop
      vertex 10.2554 54.8742 9.4
      vertex 10.0555 55.0555 2.4
      vertex 10.2554 54.8742 2.4
    endloop
  endfacet
  facet normal -0.427688 -0.903926 0
    outer loop
      vertex 10.7037 54.5747 2.4
      vertex 10.9476 54.4593 9.4
      vertex 10.7037 54.5747 9.4
    endloop
  endfacet
  facet normal -0.427688 -0.903926 -0
    outer loop
      vertex 10.9476 54.4593 9.4
      vertex 10.7037 54.5747 2.4
      vertex 10.9476 54.4593 2.4
    endloop
  endfacet
  facet normal -0.0489209 -0.998803 0
    outer loop
      vertex 11.7305 54.2632 2.4
      vertex 12 54.25 9.4
      vertex 11.7305 54.2632 9.4
    endloop
  endfacet
  facet normal -0.0489209 -0.998803 -0
    outer loop
      vertex 12 54.25 9.4
      vertex 11.7305 54.2632 2.4
      vertex 12 54.25 2.4
    endloop
  endfacet
  facet normal -0.595485 -0.803367 0
    outer loop
      vertex 10.2554 54.8742 2.4
      vertex 10.4722 54.7135 9.4
      vertex 10.2554 54.8742 9.4
    endloop
  endfacet
  facet normal -0.595485 -0.803367 -0
    outer loop
      vertex 10.4722 54.7135 9.4
      vertex 10.2554 54.8742 2.4
      vertex 10.4722 54.7135 2.4
    endloop
  endfacet
  facet normal -0.903941 -0.427658 0
    outer loop
      vertex 9.57472 55.7037 2.4
      vertex 9.45933 55.9476 9.4
      vertex 9.45933 55.9476 2.4
    endloop
  endfacet
  facet normal -0.903941 -0.427658 0
    outer loop
      vertex 9.45933 55.9476 9.4
      vertex 9.57472 55.7037 2.4
      vertex 9.57472 55.7037 9.4
    endloop
  endfacet
  facet normal -0.857754 -0.51406 0
    outer loop
      vertex 9.71346 55.4722 2.4
      vertex 9.57472 55.7037 9.4
      vertex 9.57472 55.7037 2.4
    endloop
  endfacet
  facet normal -0.857754 -0.51406 0
    outer loop
      vertex 9.57472 55.7037 9.4
      vertex 9.71346 55.4722 2.4
      vertex 9.71346 55.4722 9.4
    endloop
  endfacet
  facet normal -0.998795 -0.0490688 0
    outer loop
      vertex 9.26324 56.7305 2.4
      vertex 9.25 57 9.4
      vertex 9.25 57 2.4
    endloop
  endfacet
  facet normal -0.998795 -0.0490688 0
    outer loop
      vertex 9.25 57 9.4
      vertex 9.26324 56.7305 2.4
      vertex 9.26324 56.7305 9.4
    endloop
  endfacet
  facet normal 0 0 -1
    outer loop
      vertex 14.7368 56.7305 2.4
      vertex 14.7368 57.2695 2.4
      vertex 14.75 57 2.4
    endloop
  endfacet
  facet normal 0 0 -1
    outer loop
      vertex 14.6972 56.4635 2.4
      vertex 14.7368 57.2695 2.4
      vertex 14.7368 56.7305 2.4
    endloop
  endfacet
  facet normal 0 0 -1
    outer loop
      vertex 14.6972 56.4635 2.4
      vertex 14.6972 57.5365 2.4
      vertex 14.7368 57.2695 2.4
    endloop
  endfacet
  facet normal 0 0 -1
    outer loop
      vertex 14.6316 56.2017 2.4
      vertex 14.6972 57.5365 2.4
      vertex 14.6972 56.4635 2.4
    endloop
  endfacet
  facet normal 0 0 -1
    outer loop
      vertex 14.6316 56.2017 2.4
      vertex 14.6316 57.7983 2.4
      vertex 14.6972 57.5365 2.4
    endloop
  endfacet
  facet normal 0 0 -1
    outer loop
      vertex 14.5407 55.9476 2.4
      vertex 14.6316 57.7983 2.4
      vertex 14.6316 56.2017 2.4
    endloop
  endfacet
  facet normal 0 0 -1
    outer loop
      vertex 14.5407 55.9476 2.4
      vertex 14.5407 58.0524 2.4
      vertex 14.6316 57.7983 2.4
    endloop
  endfacet
  facet normal 0 0 -1
    outer loop
      vertex 14.4253 55.7037 2.4
      vertex 14.5407 58.0524 2.4
      vertex 14.5407 55.9476 2.4
    endloop
  endfacet
  facet normal 0 0 -1
    outer loop
      vertex 14.4253 55.7037 2.4
      vertex 14.4253 58.2963 2.4
      vertex 14.5407 58.0524 2.4
    endloop
  endfacet
  facet normal 0 0 -1
    outer loop
      vertex 14.2865 55.4722 2.4
      vertex 14.4253 58.2963 2.4
      vertex 14.4253 55.7037 2.4
    endloop
  endfacet
  facet normal 0 0 -1
    outer loop
      vertex 14.2865 55.4722 2.4
      vertex 14.2865 58.5278 2.4
      vertex 14.4253 58.2963 2.4
    endloop
  endfacet
  facet normal 0 0 -1
    outer loop
      vertex 14.1258 55.2554 2.4
      vertex 14.2865 58.5278 2.4
      vertex 14.2865 55.4722 2.4
    endloop
  endfacet
  facet normal 0 0 -1
    outer loop
      vertex 14.1258 55.2554 2.4
      vertex 14.1258 58.7446 2.4
      vertex 14.2865 58.5278 2.4
    endloop
  endfacet
  facet normal 0 0 -1
    outer loop
      vertex 13.9445 55.0555 2.4
      vertex 14.1258 58.7446 2.4
      vertex 14.1258 55.2554 2.4
    endloop
  endfacet
  facet normal 0 0 -1
    outer loop
      vertex 13.9445 55.0555 2.4
      vertex 13.9445 58.9445 2.4
      vertex 14.1258 58.7446 2.4
    endloop
  endfacet
  facet normal 0 0 -1
    outer loop
      vertex 13.7446 54.8742 2.4
      vertex 13.9445 58.9445 2.4
      vertex 13.9445 55.0555 2.4
    endloop
  endfacet
  facet normal 0 0 -1
    outer loop
      vertex 13.7446 54.8742 2.4
      vertex 13.7446 59.1258 2.4
      vertex 13.9445 58.9445 2.4
    endloop
  endfacet
  facet normal 0 0 -1
    outer loop
      vertex 13.5278 54.7135 2.4
      vertex 13.7446 59.1258 2.4
      vertex 13.7446 54.8742 2.4
    endloop
  endfacet
  facet normal 0 0 -1
    outer loop
      vertex 13.5278 54.7135 2.4
      vertex 13.5278 59.2865 2.4
      vertex 13.7446 59.1258 2.4
    endloop
  endfacet
  facet normal 0 0 -1
    outer loop
      vertex 13.2963 54.5747 2.4
      vertex 13.5278 59.2865 2.4
      vertex 13.5278 54.7135 2.4
    endloop
  endfacet
  facet normal 0 0 -1
    outer loop
      vertex 13.2963 54.5747 2.4
      vertex 13.2963 59.4253 2.4
      vertex 13.5278 59.2865 2.4
    endloop
  endfacet
  facet normal 0 0 -1
    outer loop
      vertex 13.0524 54.4593 2.4
      vertex 13.2963 59.4253 2.4
      vertex 13.2963 54.5747 2.4
    endloop
  endfacet
  facet normal 0 0 -1
    outer loop
      vertex 13.0524 54.4593 2.4
      vertex 13.0524 59.5407 2.4
      vertex 13.2963 59.4253 2.4
    endloop
  endfacet
  facet normal 0 0 -1
    outer loop
      vertex 12.7983 54.3684 2.4
      vertex 13.0524 59.5407 2.4
      vertex 13.0524 54.4593 2.4
    endloop
  endfacet
  facet normal 0 0 -1
    outer loop
      vertex 12.7983 54.3684 2.4
      vertex 12.7983 59.6316 2.4
      vertex 13.0524 59.5407 2.4
    endloop
  endfacet
  facet normal 0 0 -1
    outer loop
      vertex 12.5365 54.3028 2.4
      vertex 12.7983 59.6316 2.4
      vertex 12.7983 54.3684 2.4
    endloop
  endfacet
  facet normal 0 0 -1
    outer loop
      vertex 12.5365 54.3028 2.4
      vertex 12.5365 59.6972 2.4
      vertex 12.7983 59.6316 2.4
    endloop
  endfacet
  facet normal 0 0 -1
    outer loop
      vertex 12.2695 54.2632 2.4
      vertex 12.5365 59.6972 2.4
      vertex 12.5365 54.3028 2.4
    endloop
  endfacet
  facet normal 0 0 -1
    outer loop
      vertex 12.2695 54.2632 2.4
      vertex 12.2695 59.7368 2.4
      vertex 12.5365 59.6972 2.4
    endloop
  endfacet
  facet normal 0 0 -1
    outer loop
      vertex 12 54.25 2.4
      vertex 12.2695 59.7368 2.4
      vertex 12.2695 54.2632 2.4
    endloop
  endfacet
  facet normal 0 0 -1
    outer loop
      vertex 12 54.25 2.4
      vertex 12 59.75 2.4
      vertex 12.2695 59.7368 2.4
    endloop
  endfacet
  facet normal 0 0 -1
    outer loop
      vertex 11.7305 54.2632 2.4
      vertex 12 59.75 2.4
      vertex 12 54.25 2.4
    endloop
  endfacet
  facet normal 0 0 -1
    outer loop
      vertex 11.7305 54.2632 2.4
      vertex 11.7305 59.7368 2.4
      vertex 12 59.75 2.4
    endloop
  endfacet
  facet normal 0 0 -1
    outer loop
      vertex 11.4635 54.3028 2.4
      vertex 11.7305 59.7368 2.4
      vertex 11.7305 54.2632 2.4
    endloop
  endfacet
  facet normal 0 0 -1
    outer loop
      vertex 11.4635 54.3028 2.4
      vertex 11.4635 59.6972 2.4
      vertex 11.7305 59.7368 2.4
    endloop
  endfacet
  facet normal 0 0 -1
    outer loop
      vertex 11.2017 54.3684 2.4
      vertex 11.4635 59.6972 2.4
      vertex 11.4635 54.3028 2.4
    endloop
  endfacet
  facet normal 0 0 -1
    outer loop
      vertex 11.2017 54.3684 2.4
      vertex 11.2017 59.6316 2.4
      vertex 11.4635 59.6972 2.4
    endloop
  endfacet
  facet normal 0 0 -1
    outer loop
      vertex 10.9476 54.4593 2.4
      vertex 11.2017 59.6316 2.4
      vertex 11.2017 54.3684 2.4
    endloop
  endfacet
  facet normal 0 0 -1
    outer loop
      vertex 10.9476 54.4593 2.4
      vertex 10.9476 59.5407 2.4
      vertex 11.2017 59.6316 2.4
    endloop
  endfacet
  facet normal 0 0 -1
    outer loop
      vertex 10.7037 54.5747 2.4
      vertex 10.9476 59.5407 2.4
      vertex 10.9476 54.4593 2.4
    endloop
  endfacet
  facet normal 0 0 -1
    outer loop
      vertex 10.7037 54.5747 2.4
      vertex 10.7037 59.4253 2.4
      vertex 10.9476 59.5407 2.4
    endloop
  endfacet
  facet normal 0 0 -1
    outer loop
      vertex 10.4722 54.7135 2.4
      vertex 10.7037 59.4253 2.4
      vertex 10.7037 54.5747 2.4
    endloop
  endfacet
  facet normal 0 0 -1
    outer loop
      vertex 10.4722 54.7135 2.4
      vertex 10.4722 59.2865 2.4
      vertex 10.7037 59.4253 2.4
    endloop
  endfacet
  facet normal 0 0 -1
    outer loop
      vertex 10.2554 54.8742 2.4
      vertex 10.4722 59.2865 2.4
      vertex 10.4722 54.7135 2.4
    endloop
  endfacet
  facet normal 0 0 -1
    outer loop
      vertex 10.2554 54.8742 2.4
      vertex 10.2554 59.1258 2.4
      vertex 10.4722 59.2865 2.4
    endloop
  endfacet
  facet normal 0 0 -1
    outer loop
      vertex 10.0555 55.0555 2.4
      vertex 10.2554 59.1258 2.4
      vertex 10.2554 54.8742 2.4
    endloop
  endfacet
  facet normal 0 0 -1
    outer loop
      vertex 10.0555 55.0555 2.4
      vertex 10.0555 58.9445 2.4
      vertex 10.2554 59.1258 2.4
    endloop
  endfacet
  facet normal 0 0 -1
    outer loop
      vertex 9.87422 55.2554 2.4
      vertex 10.0555 58.9445 2.4
      vertex 10.0555 55.0555 2.4
    endloop
  endfacet
  facet normal 0 0 -1
    outer loop
      vertex 9.87422 55.2554 2.4
      vertex 9.87422 58.7446 2.4
      vertex 10.0555 58.9445 2.4
    endloop
  endfacet
  facet normal 0 0 -1
    outer loop
      vertex 9.71346 55.4722 2.4
      vertex 9.87422 58.7446 2.4
      vertex 9.87422 55.2554 2.4
    endloop
  endfacet
  facet normal 0 0 -1
    outer loop
      vertex 9.71346 55.4722 2.4
      vertex 9.71346 58.5278 2.4
      vertex 9.87422 58.7446 2.4
    endloop
  endfacet
  facet normal 0 0 -1
    outer loop
      vertex 9.57472 55.7037 2.4
      vertex 9.71346 58.5278 2.4
      vertex 9.71346 55.4722 2.4
    endloop
  endfacet
  facet normal 0 0 -1
    outer loop
      vertex 9.57472 55.7037 2.4
      vertex 9.57472 58.2963 2.4
      vertex 9.71346 58.5278 2.4
    endloop
  endfacet
  facet normal 0 0 -1
    outer loop
      vertex 9.45933 55.9476 2.4
      vertex 9.57472 58.2963 2.4
      vertex 9.57472 55.7037 2.4
    endloop
  endfacet
  facet normal 0 0 -1
    outer loop
      vertex 9.45933 55.9476 2.4
      vertex 9.45933 58.0524 2.4
      vertex 9.57472 58.2963 2.4
    endloop
  endfacet
  facet normal 0 0 -1
    outer loop
      vertex 9.36841 56.2017 2.4
      vertex 9.45933 58.0524 2.4
      vertex 9.45933 55.9476 2.4
    endloop
  endfacet
  facet normal 0 0 -1
    outer loop
      vertex 9.36841 56.2017 2.4
      vertex 9.36841 57.7983 2.4
      vertex 9.45933 58.0524 2.4
    endloop
  endfacet
  facet normal 0 0 -1
    outer loop
      vertex 9.30284 56.4635 2.4
      vertex 9.36841 57.7983 2.4
      vertex 9.36841 56.2017 2.4
    endloop
  endfacet
  facet normal 0 0 -1
    outer loop
      vertex 9.30284 56.4635 2.4
      vertex 9.30284 57.5365 2.4
      vertex 9.36841 57.7983 2.4
    endloop
  endfacet
  facet normal 0 0 -1
    outer loop
      vertex 9.26324 56.7305 2.4
      vertex 9.30284 57.5365 2.4
      vertex 9.30284 56.4635 2.4
    endloop
  endfacet
  facet normal 0 0 -1
    outer loop
      vertex 9.26324 56.7305 2.4
      vertex 9.26324 57.2695 2.4
      vertex 9.30284 57.5365 2.4
    endloop
  endfacet
  facet normal 0 -0 -1
    outer loop
      vertex 9.26324 57.2695 2.4
      vertex 9.26324 56.7305 2.4
      vertex 9.25 57 2.4
    endloop
  endfacet
  facet normal 0.98918 0.14671 0
    outer loop
      vertex 14.7368 57.2695 9.4
      vertex 14.6972 57.5365 2.4
      vertex 14.6972 57.5365 9.4
    endloop
  endfacet
  facet normal 0.98918 0.14671 0
    outer loop
      vertex 14.6972 57.5365 2.4
      vertex 14.7368 57.2695 9.4
      vertex 14.7368 57.2695 2.4
    endloop
  endfacet
  facet normal 0.740728 0.671805 0
    outer loop
      vertex 14.1258 58.7446 9.4
      vertex 13.9445 58.9445 2.4
      vertex 13.9445 58.9445 9.4
    endloop
  endfacet
  facet normal 0.740728 0.671805 0
    outer loop
      vertex 13.9445 58.9445 2.4
      vertex 14.1258 58.7446 9.4
      vertex 14.1258 58.7446 2.4
    endloop
  endfacet
  facet normal 0.14671 0.98918 -0
    outer loop
      vertex 12.5365 59.6972 2.4
      vertex 12.2695 59.7368 9.4
      vertex 12.5365 59.6972 9.4
    endloop
  endfacet
  facet normal 0.14671 0.98918 0
    outer loop
      vertex 12.2695 59.7368 9.4
      vertex 12.5365 59.6972 2.4
      vertex 12.2695 59.7368 2.4
    endloop
  endfacet
  facet normal 0.336829 0.941566 -0
    outer loop
      vertex 13.0524 59.5407 2.4
      vertex 12.7983 59.6316 9.4
      vertex 13.0524 59.5407 9.4
    endloop
  endfacet
  facet normal 0.336829 0.941566 0
    outer loop
      vertex 12.7983 59.6316 9.4
      vertex 13.0524 59.5407 2.4
      vertex 12.7983 59.6316 2.4
    endloop
  endfacet
  facet normal -0.740764 0.671765 0
    outer loop
      vertex 9.87422 58.7446 2.4
      vertex 10.0555 58.9445 9.4
      vertex 10.0555 58.9445 2.4
    endloop
  endfacet
  facet normal -0.740764 0.671765 0
    outer loop
      vertex 10.0555 58.9445 9.4
      vertex 9.87422 58.7446 2.4
      vertex 9.87422 58.7446 9.4
    endloop
  endfacet
  facet normal 0 0 1
    outer loop
      vertex 13.2 57 9.4
      vertex 14.75 57 9.4
      vertex 14.7368 57.2695 9.4
    endloop
  endfacet
  facet normal 0 0 1
    outer loop
      vertex 13.1942 57.1176 9.4
      vertex 14.7368 57.2695 9.4
      vertex 14.6972 57.5365 9.4
    endloop
  endfacet
  facet normal 0 0 1
    outer loop
      vertex 14.75 57 9.4
      vertex 13.2 57 9.4
      vertex 14.7368 56.7305 9.4
    endloop
  endfacet
  facet normal 0 0 1
    outer loop
      vertex 13.1769 57.2341 9.4
      vertex 14.6972 57.5365 9.4
      vertex 14.6316 57.7983 9.4
    endloop
  endfacet
  facet normal -0 0 1
    outer loop
      vertex 13.1942 56.8824 9.4
      vertex 14.7368 56.7305 9.4
      vertex 13.2 57 9.4
    endloop
  endfacet
  facet normal 0 0 1
    outer loop
      vertex 13.1483 57.3483 9.4
      vertex 14.6316 57.7983 9.4
      vertex 14.5407 58.0524 9.4
    endloop
  endfacet
  facet normal 0 0 1
    outer loop
      vertex 14.7368 56.7305 9.4
      vertex 13.1942 56.8824 9.4
      vertex 14.6972 56.4635 9.4
    endloop
  endfacet
  facet normal 0 0 1
    outer loop
      vertex 13.1087 57.4592 9.4
      vertex 14.5407 58.0524 9.4
      vertex 14.4253 58.2963 9.4
    endloop
  endfacet
  facet normal -0 0 1
    outer loop
      vertex 13.1769 56.7659 9.4
      vertex 14.6972 56.4635 9.4
      vertex 13.1942 56.8824 9.4
    endloop
  endfacet
  facet normal 0 0 1
    outer loop
      vertex 13.0583 57.5657 9.4
      vertex 14.4253 58.2963 9.4
      vertex 14.2865 58.5278 9.4
    endloop
  endfacet
  facet normal 0 0 1
    outer loop
      vertex 14.6972 56.4635 9.4
      vertex 13.1769 56.7659 9.4
      vertex 14.6316 56.2017 9.4
    endloop
  endfacet
  facet normal 0 0 1
    outer loop
      vertex 12.9978 57.6667 9.4
      vertex 14.2865 58.5278 9.4
      vertex 14.1258 58.7446 9.4
    endloop
  endfacet
  facet normal -0 0 1
    outer loop
      vertex 13.1483 56.6517 9.4
      vertex 14.6316 56.2017 9.4
      vertex 13.1769 56.7659 9.4
    endloop
  endfacet
  facet normal 0 0 1
    outer loop
      vertex 12.9276 57.7613 9.4
      vertex 14.1258 58.7446 9.4
      vertex 13.9445 58.9445 9.4
    endloop
  endfacet
  facet normal 0 0 1
    outer loop
      vertex 14.6316 56.2017 9.4
      vertex 13.1483 56.6517 9.4
      vertex 14.5407 55.9476 9.4
    endloop
  endfacet
  facet normal 0 0 1
    outer loop
      vertex 12.8485 57.8485 9.4
      vertex 13.9445 58.9445 9.4
      vertex 13.7446 59.1258 9.4
    endloop
  endfacet
  facet normal -0 0 1
    outer loop
      vertex 13.1087 56.5408 9.4
      vertex 14.5407 55.9476 9.4
      vertex 13.1483 56.6517 9.4
    endloop
  endfacet
  facet normal 0 0 1
    outer loop
      vertex 12.7613 57.9276 9.4
      vertex 13.7446 59.1258 9.4
      vertex 13.5278 59.2865 9.4
    endloop
  endfacet
  facet normal 0 0 1
    outer loop
      vertex 14.5407 55.9476 9.4
      vertex 13.1087 56.5408 9.4
      vertex 14.4253 55.7037 9.4
    endloop
  endfacet
  facet normal 0 0 1
    outer loop
      vertex 12.6667 57.9978 9.4
      vertex 13.5278 59.2865 9.4
      vertex 13.2963 59.4253 9.4
    endloop
  endfacet
  facet normal -0 0 1
    outer loop
      vertex 13.0583 56.4343 9.4
      vertex 14.4253 55.7037 9.4
      vertex 13.1087 56.5408 9.4
    endloop
  endfacet
  facet normal 0 0 1
    outer loop
      vertex 14.4253 55.7037 9.4
      vertex 13.0583 56.4343 9.4
      vertex 14.2865 55.4722 9.4
    endloop
  endfacet
  facet normal 0 0 1
    outer loop
      vertex 14.7368 57.2695 9.4
      vertex 13.1942 57.1176 9.4
      vertex 13.2 57 9.4
    endloop
  endfacet
  facet normal 0 0 1
    outer loop
      vertex 14.6972 57.5365 9.4
      vertex 13.1769 57.2341 9.4
      vertex 13.1942 57.1176 9.4
    endloop
  endfacet
  facet normal 0 0 1
    outer loop
      vertex 14.6316 57.7983 9.4
      vertex 13.1483 57.3483 9.4
      vertex 13.1769 57.2341 9.4
    endloop
  endfacet
  facet normal 0 0 1
    outer loop
      vertex 14.5407 58.0524 9.4
      vertex 13.1087 57.4592 9.4
      vertex 13.1483 57.3483 9.4
    endloop
  endfacet
  facet normal 0 0 1
    outer loop
      vertex 14.4253 58.2963 9.4
      vertex 13.0583 57.5657 9.4
      vertex 13.1087 57.4592 9.4
    endloop
  endfacet
  facet normal 0 0 1
    outer loop
      vertex 12.5657 58.0583 9.4
      vertex 13.2963 59.4253 9.4
      vertex 13.0524 59.5407 9.4
    endloop
  endfacet
  facet normal 0 0 1
    outer loop
      vertex 14.2865 58.5278 9.4
      vertex 12.9978 57.6667 9.4
      vertex 13.0583 57.5657 9.4
    endloop
  endfacet
  facet normal 0 0 1
    outer loop
      vertex 14.1258 58.7446 9.4
      vertex 12.9276 57.7613 9.4
      vertex 12.9978 57.6667 9.4
    endloop
  endfacet
  facet normal 0 0 1
    outer loop
      vertex 13.9445 58.9445 9.4
      vertex 12.8485 57.8485 9.4
      vertex 12.9276 57.7613 9.4
    endloop
  endfacet
  facet normal 0 0 1
    outer loop
      vertex 12.4592 58.1087 9.4
      vertex 13.0524 59.5407 9.4
      vertex 12.7983 59.6316 9.4
    endloop
  endfacet
  facet normal 0 0 1
    outer loop
      vertex 13.7446 59.1258 9.4
      vertex 12.7613 57.9276 9.4
      vertex 12.8485 57.8485 9.4
    endloop
  endfacet
  facet normal 0 0 1
    outer loop
      vertex 13.5278 59.2865 9.4
      vertex 12.6667 57.9978 9.4
      vertex 12.7613 57.9276 9.4
    endloop
  endfacet
  facet normal 0 0 1
    outer loop
      vertex 13.2963 59.4253 9.4
      vertex 12.5657 58.0583 9.4
      vertex 12.6667 57.9978 9.4
    endloop
  endfacet
  facet normal 0 0 1
    outer loop
      vertex 12.3483 58.1483 9.4
      vertex 12.7983 59.6316 9.4
      vertex 12.5365 59.6972 9.4
    endloop
  endfacet
  facet normal 0 0 1
    outer loop
      vertex 13.0524 59.5407 9.4
      vertex 12.4592 58.1087 9.4
      vertex 12.5657 58.0583 9.4
    endloop
  endfacet
  facet normal 0 0 1
    outer loop
      vertex 12.7983 59.6316 9.4
      vertex 12.3483 58.1483 9.4
      vertex 12.4592 58.1087 9.4
    endloop
  endfacet
  facet normal 0 0 1
    outer loop
      vertex 12.2341 58.1769 9.4
      vertex 12.5365 59.6972 9.4
      vertex 12.2695 59.7368 9.4
    endloop
  endfacet
  facet normal 0 0 1
    outer loop
      vertex 12.5365 59.6972 9.4
      vertex 12.2341 58.1769 9.4
      vertex 12.3483 58.1483 9.4
    endloop
  endfacet
  facet normal 0 0 1
    outer loop
      vertex 12.2695 59.7368 9.4
      vertex 12.1176 58.1942 9.4
      vertex 12.2341 58.1769 9.4
    endloop
  endfacet
  facet normal 0 0 1
    outer loop
      vertex 12 59.75 9.4
      vertex 12.1176 58.1942 9.4
      vertex 12.2695 59.7368 9.4
    endloop
  endfacet
  facet normal 0 0 1
    outer loop
      vertex 12 59.75 9.4
      vertex 12 58.2 9.4
      vertex 12.1176 58.1942 9.4
    endloop
  endfacet
  facet normal 0 0 1
    outer loop
      vertex 12 59.75 9.4
      vertex 11.8824 58.1942 9.4
      vertex 12 58.2 9.4
    endloop
  endfacet
  facet normal -0 0 1
    outer loop
      vertex 11.7305 59.7368 9.4
      vertex 11.8824 58.1942 9.4
      vertex 12 59.75 9.4
    endloop
  endfacet
  facet normal 0 0 1
    outer loop
      vertex 11.8824 58.1942 9.4
      vertex 11.7305 59.7368 9.4
      vertex 11.7659 58.1769 9.4
    endloop
  endfacet
  facet normal -0 0 1
    outer loop
      vertex 11.4635 59.6972 9.4
      vertex 11.7659 58.1769 9.4
      vertex 11.7305 59.7368 9.4
    endloop
  endfacet
  facet normal 0 0 1
    outer loop
      vertex 11.7659 58.1769 9.4
      vertex 11.4635 59.6972 9.4
      vertex 11.6517 58.1483 9.4
    endloop
  endfacet
  facet normal -0 0 1
    outer loop
      vertex 11.2017 59.6316 9.4
      vertex 11.6517 58.1483 9.4
      vertex 11.4635 59.6972 9.4
    endloop
  endfacet
  facet normal 0 0 1
    outer loop
      vertex 11.6517 58.1483 9.4
      vertex 11.2017 59.6316 9.4
      vertex 11.5408 58.1087 9.4
    endloop
  endfacet
  facet normal -0 0 1
    outer loop
      vertex 10.9476 59.5407 9.4
      vertex 11.5408 58.1087 9.4
      vertex 11.2017 59.6316 9.4
    endloop
  endfacet
  facet normal 0 0 1
    outer loop
      vertex 11.5408 58.1087 9.4
      vertex 10.9476 59.5407 9.4
      vertex 11.4343 58.0583 9.4
    endloop
  endfacet
  facet normal -0 0 1
    outer loop
      vertex 10.7037 59.4253 9.4
      vertex 11.4343 58.0583 9.4
      vertex 10.9476 59.5407 9.4
    endloop
  endfacet
  facet normal 0 0 1
    outer loop
      vertex 11.4343 58.0583 9.4
      vertex 10.7037 59.4253 9.4
      vertex 11.3333 57.9978 9.4
    endloop
  endfacet
  facet normal -0 0 1
    outer loop
      vertex 10.4722 59.2865 9.4
      vertex 11.3333 57.9978 9.4
      vertex 10.7037 59.4253 9.4
    endloop
  endfacet
  facet normal 0 0 1
    outer loop
      vertex 11.3333 57.9978 9.4
      vertex 10.4722 59.2865 9.4
      vertex 11.2387 57.9276 9.4
    endloop
  endfacet
  facet normal -0 0 1
    outer loop
      vertex 10.2554 59.1258 9.4
      vertex 11.2387 57.9276 9.4
      vertex 10.4722 59.2865 9.4
    endloop
  endfacet
  facet normal 0 0 1
    outer loop
      vertex 11.2387 57.9276 9.4
      vertex 10.2554 59.1258 9.4
      vertex 11.1515 57.8485 9.4
    endloop
  endfacet
  facet normal -0 0 1
    outer loop
      vertex 10.0555 58.9445 9.4
      vertex 11.1515 57.8485 9.4
      vertex 10.2554 59.1258 9.4
    endloop
  endfacet
  facet normal 0 0 1
    outer loop
      vertex 11.1515 57.8485 9.4
      vertex 10.0555 58.9445 9.4
      vertex 11.0724 57.7613 9.4
    endloop
  endfacet
  facet normal -0 0 1
    outer loop
      vertex 9.87422 58.7446 9.4
      vertex 11.0724 57.7613 9.4
      vertex 10.0555 58.9445 9.4
    endloop
  endfacet
  facet normal 0 0 1
    outer loop
      vertex 11.0724 57.7613 9.4
      vertex 9.87422 58.7446 9.4
      vertex 11.0022 57.6667 9.4
    endloop
  endfacet
  facet normal 0 0 1
    outer loop
      vertex 11.0022 57.6667 9.4
      vertex 9.71346 58.5278 9.4
      vertex 10.9417 57.5657 9.4
    endloop
  endfacet
  facet normal -0 0 1
    outer loop
      vertex 9.71346 58.5278 9.4
      vertex 11.0022 57.6667 9.4
      vertex 9.87422 58.7446 9.4
    endloop
  endfacet
  facet normal -0 0 1
    outer loop
      vertex 12.9978 56.3333 9.4
      vertex 14.2865 55.4722 9.4
      vertex 13.0583 56.4343 9.4
    endloop
  endfacet
  facet normal 0 0 1
    outer loop
      vertex 14.2865 55.4722 9.4
      vertex 12.9978 56.3333 9.4
      vertex 14.1258 55.2554 9.4
    endloop
  endfacet
  facet normal -0 0 1
    outer loop
      vertex 12.9276 56.2387 9.4
      vertex 14.1258 55.2554 9.4
      vertex 12.9978 56.3333 9.4
    endloop
  endfacet
  facet normal 0 0 1
    outer loop
      vertex 14.1258 55.2554 9.4
      vertex 12.9276 56.2387 9.4
      vertex 13.9445 55.0555 9.4
    endloop
  endfacet
  facet normal -0 0 1
    outer loop
      vertex 12.8485 56.1515 9.4
      vertex 13.9445 55.0555 9.4
      vertex 12.9276 56.2387 9.4
    endloop
  endfacet
  facet normal 0 0 1
    outer loop
      vertex 13.9445 55.0555 9.4
      vertex 12.8485 56.1515 9.4
      vertex 13.7446 54.8742 9.4
    endloop
  endfacet
  facet normal -0 0 1
    outer loop
      vertex 12.7613 56.0724 9.4
      vertex 13.7446 54.8742 9.4
      vertex 12.8485 56.1515 9.4
    endloop
  endfacet
  facet normal 0 0 1
    outer loop
      vertex 13.7446 54.8742 9.4
      vertex 12.7613 56.0724 9.4
      vertex 13.5278 54.7135 9.4
    endloop
  endfacet
  facet normal -0 0 1
    outer loop
      vertex 12.6667 56.0022 9.4
      vertex 13.5278 54.7135 9.4
      vertex 12.7613 56.0724 9.4
    endloop
  endfacet
  facet normal 0 0 1
    outer loop
      vertex 13.5278 54.7135 9.4
      vertex 12.6667 56.0022 9.4
      vertex 13.2963 54.5747 9.4
    endloop
  endfacet
  facet normal -0 0 1
    outer loop
      vertex 12.5657 55.9417 9.4
      vertex 13.2963 54.5747 9.4
      vertex 12.6667 56.0022 9.4
    endloop
  endfacet
  facet normal 0 0 1
    outer loop
      vertex 13.2963 54.5747 9.4
      vertex 12.5657 55.9417 9.4
      vertex 13.0524 54.4593 9.4
    endloop
  endfacet
  facet normal -0 0 1
    outer loop
      vertex 12.4592 55.8913 9.4
      vertex 13.0524 54.4593 9.4
      vertex 12.5657 55.9417 9.4
    endloop
  endfacet
  facet normal 0 0 1
    outer loop
      vertex 13.0524 54.4593 9.4
      vertex 12.4592 55.8913 9.4
      vertex 12.7983 54.3684 9.4
    endloop
  endfacet
  facet normal -0 0 1
    outer loop
      vertex 12.3483 55.8517 9.4
      vertex 12.7983 54.3684 9.4
      vertex 12.4592 55.8913 9.4
    endloop
  endfacet
  facet normal 0 0 1
    outer loop
      vertex 12.7983 54.3684 9.4
      vertex 12.3483 55.8517 9.4
      vertex 12.5365 54.3028 9.4
    endloop
  endfacet
  facet normal -0 0 1
    outer loop
      vertex 12.2341 55.8231 9.4
      vertex 12.5365 54.3028 9.4
      vertex 12.3483 55.8517 9.4
    endloop
  endfacet
  facet normal 0 0 1
    outer loop
      vertex 12.5365 54.3028 9.4
      vertex 12.2341 55.8231 9.4
      vertex 12.2695 54.2632 9.4
    endloop
  endfacet
  facet normal -0 0 1
    outer loop
      vertex 12.1176 55.8058 9.4
      vertex 12.2695 54.2632 9.4
      vertex 12.2341 55.8231 9.4
    endloop
  endfacet
  facet normal -0 0 1
    outer loop
      vertex 12 55.8 9.4
      vertex 12.2695 54.2632 9.4
      vertex 12.1176 55.8058 9.4
    endloop
  endfacet
  facet normal 0 0 1
    outer loop
      vertex 12 55.8 9.4
      vertex 12 54.25 9.4
      vertex 12.2695 54.2632 9.4
    endloop
  endfacet
  facet normal 0 0 1
    outer loop
      vertex 11.8824 55.8058 9.4
      vertex 12 54.25 9.4
      vertex 12 55.8 9.4
    endloop
  endfacet
  facet normal 0 0 1
    outer loop
      vertex 11.7305 54.2632 9.4
      vertex 11.8824 55.8058 9.4
      vertex 11.7659 55.8231 9.4
    endloop
  endfacet
  facet normal 0 0 1
    outer loop
      vertex 11.8824 55.8058 9.4
      vertex 11.7305 54.2632 9.4
      vertex 12 54.25 9.4
    endloop
  endfacet
  facet normal 0 0 1
    outer loop
      vertex 11.4635 54.3028 9.4
      vertex 11.7659 55.8231 9.4
      vertex 11.6517 55.8517 9.4
    endloop
  endfacet
  facet normal 0 0 1
    outer loop
      vertex 11.2017 54.3684 9.4
      vertex 11.6517 55.8517 9.4
      vertex 11.5408 55.8913 9.4
    endloop
  endfacet
  facet normal 0 0 1
    outer loop
      vertex 11.7659 55.8231 9.4
      vertex 11.4635 54.3028 9.4
      vertex 11.7305 54.2632 9.4
    endloop
  endfacet
  facet normal 0 0 1
    outer loop
      vertex 10.9476 54.4593 9.4
      vertex 11.5408 55.8913 9.4
      vertex 11.4343 55.9417 9.4
    endloop
  endfacet
  facet normal 0 0 1
    outer loop
      vertex 10.7037 54.5747 9.4
      vertex 11.4343 55.9417 9.4
      vertex 11.3333 56.0022 9.4
    endloop
  endfacet
  facet normal 0 0 1
    outer loop
      vertex 10.4722 54.7135 9.4
      vertex 11.3333 56.0022 9.4
      vertex 11.2387 56.0724 9.4
    endloop
  endfacet
  facet normal 0 0 1
    outer loop
      vertex 11.6517 55.8517 9.4
      vertex 11.2017 54.3684 9.4
      vertex 11.4635 54.3028 9.4
    endloop
  endfacet
  facet normal 0 0 1
    outer loop
      vertex 10.2554 54.8742 9.4
      vertex 11.2387 56.0724 9.4
      vertex 11.1515 56.1515 9.4
    endloop
  endfacet
  facet normal 0 0 1
    outer loop
      vertex 10.0555 55.0555 9.4
      vertex 11.1515 56.1515 9.4
      vertex 11.0724 56.2387 9.4
    endloop
  endfacet
  facet normal 0 0 1
    outer loop
      vertex 9.87422 55.2554 9.4
      vertex 11.0724 56.2387 9.4
      vertex 11.0022 56.3333 9.4
    endloop
  endfacet
  facet normal 0 0 1
    outer loop
      vertex 11.5408 55.8913 9.4
      vertex 10.9476 54.4593 9.4
      vertex 11.2017 54.3684 9.4
    endloop
  endfacet
  facet normal 0 0 1
    outer loop
      vertex 9.71346 55.4722 9.4
      vertex 11.0022 56.3333 9.4
      vertex 10.9417 56.4343 9.4
    endloop
  endfacet
  facet normal 0 0 1
    outer loop
      vertex 9.57472 55.7037 9.4
      vertex 10.9417 56.4343 9.4
      vertex 10.8913 56.5408 9.4
    endloop
  endfacet
  facet normal 0 0 1
    outer loop
      vertex 9.45933 55.9476 9.4
      vertex 10.8913 56.5408 9.4
      vertex 10.8517 56.6517 9.4
    endloop
  endfacet
  facet normal 0 0 1
    outer loop
      vertex 9.36841 56.2017 9.4
      vertex 10.8517 56.6517 9.4
      vertex 10.8231 56.7659 9.4
    endloop
  endfacet
  facet normal 0 0 1
    outer loop
      vertex 9.30284 56.4635 9.4
      vertex 10.8231 56.7659 9.4
      vertex 10.8058 56.8824 9.4
    endloop
  endfacet
  facet normal 0 0 1
    outer loop
      vertex 11.4343 55.9417 9.4
      vertex 10.7037 54.5747 9.4
      vertex 10.9476 54.4593 9.4
    endloop
  endfacet
  facet normal 0 0 1
    outer loop
      vertex 9.26324 56.7305 9.4
      vertex 10.8058 56.8824 9.4
      vertex 10.8 57 9.4
    endloop
  endfacet
  facet normal -0 0 1
    outer loop
      vertex 9.57472 58.2963 9.4
      vertex 10.9417 57.5657 9.4
      vertex 9.71346 58.5278 9.4
    endloop
  endfacet
  facet normal 0 0 1
    outer loop
      vertex 10.9417 57.5657 9.4
      vertex 9.57472 58.2963 9.4
      vertex 10.8913 57.4592 9.4
    endloop
  endfacet
  facet normal 0 0 1
    outer loop
      vertex 11.3333 56.0022 9.4
      vertex 10.4722 54.7135 9.4
      vertex 10.7037 54.5747 9.4
    endloop
  endfacet
  facet normal -0 0 1
    outer loop
      vertex 9.45933 58.0524 9.4
      vertex 10.8913 57.4592 9.4
      vertex 9.57472 58.2963 9.4
    endloop
  endfacet
  facet normal 0 0 1
    outer loop
      vertex 11.2387 56.0724 9.4
      vertex 10.2554 54.8742 9.4
      vertex 10.4722 54.7135 9.4
    endloop
  endfacet
  facet normal 0 0 1
    outer loop
      vertex 10.8913 57.4592 9.4
      vertex 9.45933 58.0524 9.4
      vertex 10.8517 57.3483 9.4
    endloop
  endfacet
  facet normal 0 0 1
    outer loop
      vertex 11.1515 56.1515 9.4
      vertex 10.0555 55.0555 9.4
      vertex 10.2554 54.8742 9.4
    endloop
  endfacet
  facet normal -0 0 1
    outer loop
      vertex 9.36841 57.7983 9.4
      vertex 10.8517 57.3483 9.4
      vertex 9.45933 58.0524 9.4
    endloop
  endfacet
  facet normal 0 0 1
    outer loop
      vertex 11.0724 56.2387 9.4
      vertex 9.87422 55.2554 9.4
      vertex 10.0555 55.0555 9.4
    endloop
  endfacet
  facet normal 0 0 1
    outer loop
      vertex 10.8517 57.3483 9.4
      vertex 9.36841 57.7983 9.4
      vertex 10.8231 57.2341 9.4
    endloop
  endfacet
  facet normal 0 0 1
    outer loop
      vertex 11.0022 56.3333 9.4
      vertex 9.71346 55.4722 9.4
      vertex 9.87422 55.2554 9.4
    endloop
  endfacet
  facet normal -0 0 1
    outer loop
      vertex 9.30284 57.5365 9.4
      vertex 10.8231 57.2341 9.4
      vertex 9.36841 57.7983 9.4
    endloop
  endfacet
  facet normal 0 0 1
    outer loop
      vertex 10.9417 56.4343 9.4
      vertex 9.57472 55.7037 9.4
      vertex 9.71346 55.4722 9.4
    endloop
  endfacet
  facet normal 0 0 1
    outer loop
      vertex 10.8231 57.2341 9.4
      vertex 9.30284 57.5365 9.4
      vertex 10.8058 57.1176 9.4
    endloop
  endfacet
  facet normal 0 0 1
    outer loop
      vertex 10.8913 56.5408 9.4
      vertex 9.45933 55.9476 9.4
      vertex 9.57472 55.7037 9.4
    endloop
  endfacet
  facet normal -0 0 1
    outer loop
      vertex 9.26324 57.2695 9.4
      vertex 10.8058 57.1176 9.4
      vertex 9.30284 57.5365 9.4
    endloop
  endfacet
  facet normal 0 0 1
    outer loop
      vertex 10.8517 56.6517 9.4
      vertex 9.36841 56.2017 9.4
      vertex 9.45933 55.9476 9.4
    endloop
  endfacet
  facet normal 0 0 1
    outer loop
      vertex 10.8058 57.1176 9.4
      vertex 9.26324 57.2695 9.4
      vertex 10.8 57 9.4
    endloop
  endfacet
  facet normal 0 0 1
    outer loop
      vertex 10.8231 56.7659 9.4
      vertex 9.30284 56.4635 9.4
      vertex 9.36841 56.2017 9.4
    endloop
  endfacet
  facet normal 0 0 1
    outer loop
      vertex 9.25 57 9.4
      vertex 10.8 57 9.4
      vertex 9.26324 57.2695 9.4
    endloop
  endfacet
  facet normal 0 0 1
    outer loop
      vertex 10.8058 56.8824 9.4
      vertex 9.26324 56.7305 9.4
      vertex 9.30284 56.4635 9.4
    endloop
  endfacet
  facet normal 0 0 1
    outer loop
      vertex 10.8 57 9.4
      vertex 9.25 57 9.4
      vertex 9.26324 56.7305 9.4
    endloop
  endfacet
  facet normal -0.98918 0.14671 0
    outer loop
      vertex 9.26324 57.2695 2.4
      vertex 9.30284 57.5365 9.4
      vertex 9.30284 57.5365 2.4
    endloop
  endfacet
  facet normal -0.98918 0.14671 0
    outer loop
      vertex 9.30284 57.5365 9.4
      vertex 9.26324 57.2695 2.4
      vertex 9.26324 57.2695 9.4
    endloop
  endfacet
  facet normal -0.941542 0.336895 0
    outer loop
      vertex 9.36841 57.7983 2.4
      vertex 9.45933 58.0524 9.4
      vertex 9.45933 58.0524 2.4
    endloop
  endfacet
  facet normal -0.941542 0.336895 0
    outer loop
      vertex 9.45933 58.0524 9.4
      vertex 9.36841 57.7983 2.4
      vertex 9.36841 57.7983 9.4
    endloop
  endfacet
  facet normal -0.595485 0.803367 0
    outer loop
      vertex 10.4722 59.2865 2.4
      vertex 10.2554 59.1258 9.4
      vertex 10.4722 59.2865 9.4
    endloop
  endfacet
  facet normal -0.595485 0.803367 0
    outer loop
      vertex 10.2554 59.1258 9.4
      vertex 10.4722 59.2865 2.4
      vertex 10.2554 59.1258 2.4
    endloop
  endfacet
  facet normal -0.427688 0.903926 0
    outer loop
      vertex 10.9476 59.5407 2.4
      vertex 10.7037 59.4253 9.4
      vertex 10.9476 59.5407 9.4
    endloop
  endfacet
  facet normal -0.427688 0.903926 0
    outer loop
      vertex 10.7037 59.4253 9.4
      vertex 10.9476 59.5407 2.4
      vertex 10.7037 59.4253 2.4
    endloop
  endfacet
  facet normal -0.243059 0.970012 0
    outer loop
      vertex 11.4635 59.6972 2.4
      vertex 11.2017 59.6316 9.4
      vertex 11.4635 59.6972 9.4
    endloop
  endfacet
  facet normal -0.243059 0.970012 0
    outer loop
      vertex 11.2017 59.6316 9.4
      vertex 11.4635 59.6972 2.4
      vertex 11.2017 59.6316 2.4
    endloop
  endfacet
  facet normal 0.427688 -0.903926 0
    outer loop
      vertex 13.0524 54.4593 2.4
      vertex 13.2963 54.5747 9.4
      vertex 13.0524 54.4593 9.4
    endloop
  endfacet
  facet normal 0.427688 -0.903926 0
    outer loop
      vertex 13.2963 54.5747 9.4
      vertex 13.0524 54.4593 2.4
      vertex 13.2963 54.5747 2.4
    endloop
  endfacet
  facet normal 0.336829 -0.941566 0
    outer loop
      vertex 12.7983 54.3684 2.4
      vertex 13.0524 54.4593 9.4
      vertex 12.7983 54.3684 9.4
    endloop
  endfacet
  facet normal 0.336829 -0.941566 0
    outer loop
      vertex 13.0524 54.4593 9.4
      vertex 12.7983 54.3684 2.4
      vertex 13.0524 54.4593 2.4
    endloop
  endfacet
  facet normal 0.941566 -0.336829 0
    outer loop
      vertex 14.5407 55.9476 9.4
      vertex 14.6316 56.2017 2.4
      vertex 14.6316 56.2017 9.4
    endloop
  endfacet
  facet normal 0.941566 -0.336829 0
    outer loop
      vertex 14.6316 56.2017 2.4
      vertex 14.5407 55.9476 9.4
      vertex 14.5407 55.9476 2.4
    endloop
  endfacet
  facet normal 0.98918 -0.14671 0
    outer loop
      vertex 14.6972 56.4635 9.4
      vertex 14.7368 56.7305 2.4
      vertex 14.7368 56.7305 9.4
    endloop
  endfacet
  facet normal 0.98918 -0.14671 0
    outer loop
      vertex 14.7368 56.7305 2.4
      vertex 14.6972 56.4635 9.4
      vertex 14.6972 56.4635 2.4
    endloop
  endfacet
  facet normal 0.998803 -0.0489209 0
    outer loop
      vertex 14.7368 56.7305 9.4
      vertex 14.75 57 2.4
      vertex 14.75 57 9.4
    endloop
  endfacet
  facet normal 0.998803 -0.0489209 0
    outer loop
      vertex 14.75 57 2.4
      vertex 14.7368 56.7305 9.4
      vertex 14.7368 56.7305 2.4
    endloop
  endfacet
  facet normal -0.243059 -0.970012 0
    outer loop
      vertex 11.2017 54.3684 2.4
      vertex 11.4635 54.3028 9.4
      vertex 11.2017 54.3684 9.4
    endloop
  endfacet
  facet normal -0.243059 -0.970012 -0
    outer loop
      vertex 11.4635 54.3028 9.4
      vertex 11.2017 54.3684 2.4
      vertex 11.4635 54.3028 2.4
    endloop
  endfacet
  facet normal -0.740764 -0.671765 0
    outer loop
      vertex 10.0555 55.0555 2.4
      vertex 9.87422 55.2554 9.4
      vertex 9.87422 55.2554 2.4
    endloop
  endfacet
  facet normal -0.740764 -0.671765 0
    outer loop
      vertex 9.87422 55.2554 9.4
      vertex 10.0555 55.0555 2.4
      vertex 10.0555 55.0555 9.4
    endloop
  endfacet
  facet normal -0.98918 -0.14671 0
    outer loop
      vertex 9.30284 56.4635 2.4
      vertex 9.26324 56.7305 9.4
      vertex 9.26324 56.7305 2.4
    endloop
  endfacet
  facet normal -0.98918 -0.14671 0
    outer loop
      vertex 9.26324 56.7305 9.4
      vertex 9.30284 56.4635 2.4
      vertex 9.30284 56.4635 9.4
    endloop
  endfacet
  facet normal -0.941542 -0.336895 0
    outer loop
      vertex 9.45933 55.9476 2.4
      vertex 9.36841 56.2017 9.4
      vertex 9.36841 56.2017 2.4
    endloop
  endfacet
  facet normal -0.941542 -0.336895 0
    outer loop
      vertex 9.36841 56.2017 9.4
      vertex 9.45933 55.9476 2.4
      vertex 9.45933 55.9476 9.4
    endloop
  endfacet
  facet normal -0.857867 -0.513871 0
    outer loop
      vertex 13.0583 57.5657 3.4
      vertex 12.9978 57.6667 9.4
      vertex 12.9978 57.6667 3.4
    endloop
  endfacet
  facet normal -0.857867 -0.513871 0
    outer loop
      vertex 12.9978 57.6667 9.4
      vertex 13.0583 57.5657 3.4
      vertex 13.0583 57.5657 9.4
    endloop
  endfacet
  facet normal -0.336283 -0.941761 0
    outer loop
      vertex 12.3483 58.1483 3.4
      vertex 12.4592 58.1087 9.4
      vertex 12.3483 58.1483 9.4
    endloop
  endfacet
  facet normal -0.336283 -0.941761 -0
    outer loop
      vertex 12.4592 58.1087 9.4
      vertex 12.3483 58.1483 3.4
      vertex 12.4592 58.1087 3.4
    endloop
  endfacet
  facet normal 0.336283 -0.941761 0
    outer loop
      vertex 11.5408 58.1087 3.4
      vertex 11.6517 58.1483 9.4
      vertex 11.5408 58.1087 9.4
    endloop
  endfacet
  facet normal 0.336283 -0.941761 0
    outer loop
      vertex 11.6517 58.1483 9.4
      vertex 11.5408 58.1087 3.4
      vertex 11.6517 58.1483 3.4
    endloop
  endfacet
  facet normal 0.903893 -0.427758 0
    outer loop
      vertex 10.8913 57.4592 9.4
      vertex 10.9417 57.5657 3.4
      vertex 10.9417 57.5657 9.4
    endloop
  endfacet
  facet normal 0.903893 -0.427758 0
    outer loop
      vertex 10.9417 57.5657 3.4
      vertex 10.8913 57.4592 9.4
      vertex 10.8913 57.4592 3.4
    endloop
  endfacet
  facet normal -0.998786 0.0492599 0
    outer loop
      vertex 13.1942 56.8824 3.4
      vertex 13.2 57 9.4
      vertex 13.2 57 3.4
    endloop
  endfacet
  facet normal -0.998786 0.0492599 0
    outer loop
      vertex 13.2 57 9.4
      vertex 13.1942 56.8824 3.4
      vertex 13.1942 56.8824 9.4
    endloop
  endfacet
  facet normal -0.0492599 -0.998786 0
    outer loop
      vertex 12 58.2 3.4
      vertex 12.1176 58.1942 9.4
      vertex 12 58.2 9.4
    endloop
  endfacet
  facet normal -0.0492599 -0.998786 -0
    outer loop
      vertex 12.1176 58.1942 9.4
      vertex 12 58.2 3.4
      vertex 12.1176 58.1942 3.4
    endloop
  endfacet
  facet normal -0.513871 -0.857867 0
    outer loop
      vertex 12.5657 58.0583 3.4
      vertex 12.6667 57.9978 9.4
      vertex 12.5657 58.0583 9.4
    endloop
  endfacet
  facet normal -0.513871 -0.857867 -0
    outer loop
      vertex 12.6667 57.9978 9.4
      vertex 12.5657 58.0583 3.4
      vertex 12.6667 57.9978 3.4
    endloop
  endfacet
  facet normal 0.989153 -0.146887 0
    outer loop
      vertex 10.8058 57.1176 9.4
      vertex 10.8231 57.2341 3.4
      vertex 10.8231 57.2341 9.4
    endloop
  endfacet
  facet normal 0.989153 -0.146887 0
    outer loop
      vertex 10.8231 57.2341 3.4
      vertex 10.8058 57.1176 9.4
      vertex 10.8058 57.1176 3.4
    endloop
  endfacet
  facet normal 0.74067 -0.671869 0
    outer loop
      vertex 11.0724 57.7613 9.4
      vertex 11.1515 57.8485 3.4
      vertex 11.1515 57.8485 9.4
    endloop
  endfacet
  facet normal 0.74067 -0.671869 0
    outer loop
      vertex 11.1515 57.8485 3.4
      vertex 11.0724 57.7613 9.4
      vertex 11.0724 57.7613 3.4
    endloop
  endfacet
  facet normal 0.146887 -0.989153 0
    outer loop
      vertex 11.7659 58.1769 3.4
      vertex 11.8824 58.1942 9.4
      vertex 11.7659 58.1769 9.4
    endloop
  endfacet
  facet normal 0.146887 -0.989153 0
    outer loop
      vertex 11.8824 58.1942 9.4
      vertex 11.7659 58.1769 3.4
      vertex 11.8824 58.1942 3.4
    endloop
  endfacet
  facet normal 0.671869 0.74067 -0
    outer loop
      vertex 11.2387 56.0724 3.4
      vertex 11.1515 56.1515 9.4
      vertex 11.2387 56.0724 9.4
    endloop
  endfacet
  facet normal 0.671869 0.74067 0
    outer loop
      vertex 11.1515 56.1515 9.4
      vertex 11.2387 56.0724 3.4
      vertex 11.1515 56.1515 3.4
    endloop
  endfacet
  facet normal 0.903893 0.427758 0
    outer loop
      vertex 10.9417 56.4343 9.4
      vertex 10.8913 56.5408 3.4
      vertex 10.8913 56.5408 9.4
    endloop
  endfacet
  facet normal 0.903893 0.427758 0
    outer loop
      vertex 10.8913 56.5408 3.4
      vertex 10.9417 56.4343 9.4
      vertex 10.9417 56.4343 3.4
    endloop
  endfacet
  facet normal -0.989153 -0.146887 0
    outer loop
      vertex 13.1942 57.1176 3.4
      vertex 13.1769 57.2341 9.4
      vertex 13.1769 57.2341 3.4
    endloop
  endfacet
  facet normal -0.989153 -0.146887 0
    outer loop
      vertex 13.1769 57.2341 9.4
      vertex 13.1942 57.1176 3.4
      vertex 13.1942 57.1176 9.4
    endloop
  endfacet
  facet normal -0.803046 -0.595918 0
    outer loop
      vertex 12.9978 57.6667 3.4
      vertex 12.9276 57.7613 9.4
      vertex 12.9276 57.7613 3.4
    endloop
  endfacet
  facet normal -0.803046 -0.595918 0
    outer loop
      vertex 12.9276 57.7613 9.4
      vertex 12.9978 57.6667 3.4
      vertex 12.9978 57.6667 9.4
    endloop
  endfacet
  facet normal -0.671869 -0.74067 0
    outer loop
      vertex 12.7613 57.9276 3.4
      vertex 12.8485 57.8485 9.4
      vertex 12.7613 57.9276 9.4
    endloop
  endfacet
  facet normal -0.671869 -0.74067 -0
    outer loop
      vertex 12.8485 57.8485 9.4
      vertex 12.7613 57.9276 3.4
      vertex 12.8485 57.8485 3.4
    endloop
  endfacet
  facet normal 0.0492599 -0.998786 0
    outer loop
      vertex 11.8824 58.1942 3.4
      vertex 12 58.2 9.4
      vertex 11.8824 58.1942 9.4
    endloop
  endfacet
  facet normal 0.0492599 -0.998786 0
    outer loop
      vertex 12 58.2 9.4
      vertex 11.8824 58.1942 3.4
      vertex 12 58.2 3.4
    endloop
  endfacet
  facet normal -0.242935 -0.970042 0
    outer loop
      vertex 12.2341 58.1769 3.4
      vertex 12.3483 58.1483 9.4
      vertex 12.2341 58.1769 9.4
    endloop
  endfacet
  facet normal -0.242935 -0.970042 -0
    outer loop
      vertex 12.3483 58.1483 9.4
      vertex 12.2341 58.1769 3.4
      vertex 12.3483 58.1483 3.4
    endloop
  endfacet
  facet normal -0.146887 -0.989153 0
    outer loop
      vertex 12.1176 58.1942 3.4
      vertex 12.2341 58.1769 9.4
      vertex 12.1176 58.1942 9.4
    endloop
  endfacet
  facet normal -0.146887 -0.989153 -0
    outer loop
      vertex 12.2341 58.1769 9.4
      vertex 12.1176 58.1942 3.4
      vertex 12.2341 58.1769 3.4
    endloop
  endfacet
  facet normal -0.427758 -0.903893 0
    outer loop
      vertex 12.4592 58.1087 3.4
      vertex 12.5657 58.0583 9.4
      vertex 12.4592 58.1087 9.4
    endloop
  endfacet
  facet normal -0.427758 -0.903893 -0
    outer loop
      vertex 12.5657 58.0583 9.4
      vertex 12.4592 58.1087 3.4
      vertex 12.5657 58.0583 3.4
    endloop
  endfacet
  facet normal -0.595918 -0.803046 0
    outer loop
      vertex 12.6667 57.9978 3.4
      vertex 12.7613 57.9276 9.4
      vertex 12.6667 57.9978 9.4
    endloop
  endfacet
  facet normal -0.595918 -0.803046 -0
    outer loop
      vertex 12.7613 57.9276 9.4
      vertex 12.6667 57.9978 3.4
      vertex 12.7613 57.9276 3.4
    endloop
  endfacet
  facet normal 0.998786 -0.0492599 0
    outer loop
      vertex 10.8 57 9.4
      vertex 10.8058 57.1176 3.4
      vertex 10.8058 57.1176 9.4
    endloop
  endfacet
  facet normal 0.998786 -0.0492599 0
    outer loop
      vertex 10.8058 57.1176 3.4
      vertex 10.8 57 9.4
      vertex 10.8 57 3.4
    endloop
  endfacet
  facet normal 0.941761 -0.336283 0
    outer loop
      vertex 10.8517 57.3483 9.4
      vertex 10.8913 57.4592 3.4
      vertex 10.8913 57.4592 9.4
    endloop
  endfacet
  facet normal 0.941761 -0.336283 0
    outer loop
      vertex 10.8913 57.4592 3.4
      vertex 10.8517 57.3483 9.4
      vertex 10.8517 57.3483 3.4
    endloop
  endfacet
  facet normal 0.970042 -0.242935 0
    outer loop
      vertex 10.8231 57.2341 9.4
      vertex 10.8517 57.3483 3.4
      vertex 10.8517 57.3483 9.4
    endloop
  endfacet
  facet normal 0.970042 -0.242935 0
    outer loop
      vertex 10.8517 57.3483 3.4
      vertex 10.8231 57.2341 9.4
      vertex 10.8231 57.2341 3.4
    endloop
  endfacet
  facet normal 0.857867 -0.513871 0
    outer loop
      vertex 10.9417 57.5657 9.4
      vertex 11.0022 57.6667 3.4
      vertex 11.0022 57.6667 9.4
    endloop
  endfacet
  facet normal 0.857867 -0.513871 0
    outer loop
      vertex 11.0022 57.6667 3.4
      vertex 10.9417 57.5657 9.4
      vertex 10.9417 57.5657 3.4
    endloop
  endfacet
  facet normal 0.803046 -0.595918 0
    outer loop
      vertex 11.0022 57.6667 9.4
      vertex 11.0724 57.7613 3.4
      vertex 11.0724 57.7613 9.4
    endloop
  endfacet
  facet normal 0.803046 -0.595918 0
    outer loop
      vertex 11.0724 57.7613 3.4
      vertex 11.0022 57.6667 9.4
      vertex 11.0022 57.6667 3.4
    endloop
  endfacet
  facet normal 0.242935 -0.970042 0
    outer loop
      vertex 11.6517 58.1483 3.4
      vertex 11.7659 58.1769 9.4
      vertex 11.6517 58.1483 9.4
    endloop
  endfacet
  facet normal 0.242935 -0.970042 0
    outer loop
      vertex 11.7659 58.1769 9.4
      vertex 11.6517 58.1483 3.4
      vertex 11.7659 58.1769 3.4
    endloop
  endfacet
  facet normal 0.513871 -0.857867 0
    outer loop
      vertex 11.3333 57.9978 3.4
      vertex 11.4343 58.0583 9.4
      vertex 11.3333 57.9978 9.4
    endloop
  endfacet
  facet normal 0.513871 -0.857867 0
    outer loop
      vertex 11.4343 58.0583 9.4
      vertex 11.3333 57.9978 3.4
      vertex 11.4343 58.0583 3.4
    endloop
  endfacet
  facet normal 0.595918 -0.803046 0
    outer loop
      vertex 11.2387 57.9276 3.4
      vertex 11.3333 57.9978 9.4
      vertex 11.2387 57.9276 9.4
    endloop
  endfacet
  facet normal 0.595918 -0.803046 0
    outer loop
      vertex 11.3333 57.9978 9.4
      vertex 11.2387 57.9276 3.4
      vertex 11.3333 57.9978 3.4
    endloop
  endfacet
  facet normal 0.427758 -0.903893 0
    outer loop
      vertex 11.4343 58.0583 3.4
      vertex 11.5408 58.1087 9.4
      vertex 11.4343 58.0583 9.4
    endloop
  endfacet
  facet normal 0.427758 -0.903893 0
    outer loop
      vertex 11.5408 58.1087 9.4
      vertex 11.4343 58.0583 3.4
      vertex 11.5408 58.1087 3.4
    endloop
  endfacet
  facet normal 0.671869 -0.74067 0
    outer loop
      vertex 11.1515 57.8485 3.4
      vertex 11.2387 57.9276 9.4
      vertex 11.1515 57.8485 9.4
    endloop
  endfacet
  facet normal 0.671869 -0.74067 0
    outer loop
      vertex 11.2387 57.9276 9.4
      vertex 11.1515 57.8485 3.4
      vertex 11.2387 57.9276 3.4
    endloop
  endfacet
  facet normal -0.998786 -0.0492599 0
    outer loop
      vertex 13.2 57 3.4
      vertex 13.1942 57.1176 9.4
      vertex 13.1942 57.1176 3.4
    endloop
  endfacet
  facet normal -0.998786 -0.0492599 0
    outer loop
      vertex 13.1942 57.1176 9.4
      vertex 13.2 57 3.4
      vertex 13.2 57 9.4
    endloop
  endfacet
  facet normal -0.970042 0.242935 0
    outer loop
      vertex 13.1483 56.6517 3.4
      vertex 13.1769 56.7659 9.4
      vertex 13.1769 56.7659 3.4
    endloop
  endfacet
  facet normal -0.970042 0.242935 0
    outer loop
      vertex 13.1769 56.7659 9.4
      vertex 13.1483 56.6517 3.4
      vertex 13.1483 56.6517 9.4
    endloop
  endfacet
  facet normal -0.0492599 0.998786 0
    outer loop
      vertex 12.1176 55.8058 3.4
      vertex 12 55.8 9.4
      vertex 12.1176 55.8058 9.4
    endloop
  endfacet
  facet normal -0.0492599 0.998786 0
    outer loop
      vertex 12 55.8 9.4
      vertex 12.1176 55.8058 3.4
      vertex 12 55.8 3.4
    endloop
  endfacet
  facet normal 0.970042 0.242935 0
    outer loop
      vertex 10.8517 56.6517 9.4
      vertex 10.8231 56.7659 3.4
      vertex 10.8231 56.7659 9.4
    endloop
  endfacet
  facet normal 0.970042 0.242935 0
    outer loop
      vertex 10.8231 56.7659 3.4
      vertex 10.8517 56.6517 9.4
      vertex 10.8517 56.6517 3.4
    endloop
  endfacet
  facet normal 0.803046 0.595918 0
    outer loop
      vertex 11.0724 56.2387 9.4
      vertex 11.0022 56.3333 3.4
      vertex 11.0022 56.3333 9.4
    endloop
  endfacet
  facet normal 0.803046 0.595918 0
    outer loop
      vertex 11.0022 56.3333 3.4
      vertex 11.0724 56.2387 9.4
      vertex 11.0724 56.2387 3.4
    endloop
  endfacet
  facet normal -0.146887 0.989153 0
    outer loop
      vertex 12.2341 55.8231 3.4
      vertex 12.1176 55.8058 9.4
      vertex 12.2341 55.8231 9.4
    endloop
  endfacet
  facet normal -0.146887 0.989153 0
    outer loop
      vertex 12.1176 55.8058 9.4
      vertex 12.2341 55.8231 3.4
      vertex 12.1176 55.8058 3.4
    endloop
  endfacet
  facet normal -0.903893 -0.427758 0
    outer loop
      vertex 13.1087 57.4592 3.4
      vertex 13.0583 57.5657 9.4
      vertex 13.0583 57.5657 3.4
    endloop
  endfacet
  facet normal -0.903893 -0.427758 0
    outer loop
      vertex 13.0583 57.5657 9.4
      vertex 13.1087 57.4592 3.4
      vertex 13.1087 57.4592 9.4
    endloop
  endfacet
  facet normal -0.941761 -0.336283 0
    outer loop
      vertex 13.1483 57.3483 3.4
      vertex 13.1087 57.4592 9.4
      vertex 13.1087 57.4592 3.4
    endloop
  endfacet
  facet normal -0.941761 -0.336283 0
    outer loop
      vertex 13.1087 57.4592 9.4
      vertex 13.1483 57.3483 3.4
      vertex 13.1483 57.3483 9.4
    endloop
  endfacet
  facet normal -0.970042 -0.242935 0
    outer loop
      vertex 13.1769 57.2341 3.4
      vertex 13.1483 57.3483 9.4
      vertex 13.1483 57.3483 3.4
    endloop
  endfacet
  facet normal -0.970042 -0.242935 0
    outer loop
      vertex 13.1483 57.3483 9.4
      vertex 13.1769 57.2341 3.4
      vertex 13.1769 57.2341 9.4
    endloop
  endfacet
  facet normal -0.74067 -0.671869 0
    outer loop
      vertex 12.9276 57.7613 3.4
      vertex 12.8485 57.8485 9.4
      vertex 12.8485 57.8485 3.4
    endloop
  endfacet
  facet normal -0.74067 -0.671869 0
    outer loop
      vertex 12.8485 57.8485 9.4
      vertex 12.9276 57.7613 3.4
      vertex 12.9276 57.7613 9.4
    endloop
  endfacet
  facet normal -0.74067 0.671869 0
    outer loop
      vertex 12.8485 56.1515 3.4
      vertex 12.9276 56.2387 9.4
      vertex 12.9276 56.2387 3.4
    endloop
  endfacet
  facet normal -0.74067 0.671869 0
    outer loop
      vertex 12.9276 56.2387 9.4
      vertex 12.8485 56.1515 3.4
      vertex 12.8485 56.1515 9.4
    endloop
  endfacet
  facet normal -0.803046 0.595918 0
    outer loop
      vertex 12.9276 56.2387 3.4
      vertex 12.9978 56.3333 9.4
      vertex 12.9978 56.3333 3.4
    endloop
  endfacet
  facet normal -0.803046 0.595918 0
    outer loop
      vertex 12.9978 56.3333 9.4
      vertex 12.9276 56.2387 3.4
      vertex 12.9276 56.2387 9.4
    endloop
  endfacet
  facet normal -0.903893 0.427758 0
    outer loop
      vertex 13.0583 56.4343 3.4
      vertex 13.1087 56.5408 9.4
      vertex 13.1087 56.5408 3.4
    endloop
  endfacet
  facet normal -0.903893 0.427758 0
    outer loop
      vertex 13.1087 56.5408 9.4
      vertex 13.0583 56.4343 3.4
      vertex 13.0583 56.4343 9.4
    endloop
  endfacet
  facet normal 0.336283 0.941761 -0
    outer loop
      vertex 11.6517 55.8517 3.4
      vertex 11.5408 55.8913 9.4
      vertex 11.6517 55.8517 9.4
    endloop
  endfacet
  facet normal 0.336283 0.941761 0
    outer loop
      vertex 11.5408 55.8913 9.4
      vertex 11.6517 55.8517 3.4
      vertex 11.5408 55.8913 3.4
    endloop
  endfacet
  facet normal 0 0 1
    outer loop
      vertex 13.1942 57.1176 3.4
      vertex 13.1942 56.8824 3.4
      vertex 13.2 57 3.4
    endloop
  endfacet
  facet normal 0 0 1
    outer loop
      vertex 13.1769 57.2341 3.4
      vertex 13.1942 56.8824 3.4
      vertex 13.1942 57.1176 3.4
    endloop
  endfacet
  facet normal 0 0 1
    outer loop
      vertex 13.1769 57.2341 3.4
      vertex 13.1769 56.7659 3.4
      vertex 13.1942 56.8824 3.4
    endloop
  endfacet
  facet normal 0 0 1
    outer loop
      vertex 13.1483 57.3483 3.4
      vertex 13.1769 56.7659 3.4
      vertex 13.1769 57.2341 3.4
    endloop
  endfacet
  facet normal 0 0 1
    outer loop
      vertex 13.1483 57.3483 3.4
      vertex 13.1483 56.6517 3.4
      vertex 13.1769 56.7659 3.4
    endloop
  endfacet
  facet normal 0 0 1
    outer loop
      vertex 13.1087 57.4592 3.4
      vertex 13.1483 56.6517 3.4
      vertex 13.1483 57.3483 3.4
    endloop
  endfacet
  facet normal 0 0 1
    outer loop
      vertex 13.1087 57.4592 3.4
      vertex 13.1087 56.5408 3.4
      vertex 13.1483 56.6517 3.4
    endloop
  endfacet
  facet normal 0 0 1
    outer loop
      vertex 13.0583 57.5657 3.4
      vertex 13.1087 56.5408 3.4
      vertex 13.1087 57.4592 3.4
    endloop
  endfacet
  facet normal 0 0 1
    outer loop
      vertex 13.0583 57.5657 3.4
      vertex 13.0583 56.4343 3.4
      vertex 13.1087 56.5408 3.4
    endloop
  endfacet
  facet normal 0 0 1
    outer loop
      vertex 12.9978 57.6667 3.4
      vertex 13.0583 56.4343 3.4
      vertex 13.0583 57.5657 3.4
    endloop
  endfacet
  facet normal 0 0 1
    outer loop
      vertex 12.9978 57.6667 3.4
      vertex 12.9978 56.3333 3.4
      vertex 13.0583 56.4343 3.4
    endloop
  endfacet
  facet normal 0 0 1
    outer loop
      vertex 12.9276 57.7613 3.4
      vertex 12.9978 56.3333 3.4
      vertex 12.9978 57.6667 3.4
    endloop
  endfacet
  facet normal 0 0 1
    outer loop
      vertex 12.9276 57.7613 3.4
      vertex 12.9276 56.2387 3.4
      vertex 12.9978 56.3333 3.4
    endloop
  endfacet
  facet normal 0 0 1
    outer loop
      vertex 12.8485 57.8485 3.4
      vertex 12.9276 56.2387 3.4
      vertex 12.9276 57.7613 3.4
    endloop
  endfacet
  facet normal 0 0 1
    outer loop
      vertex 12.8485 57.8485 3.4
      vertex 12.8485 56.1515 3.4
      vertex 12.9276 56.2387 3.4
    endloop
  endfacet
  facet normal 0 0 1
    outer loop
      vertex 12.7613 57.9276 3.4
      vertex 12.8485 56.1515 3.4
      vertex 12.8485 57.8485 3.4
    endloop
  endfacet
  facet normal 0 0 1
    outer loop
      vertex 12.7613 57.9276 3.4
      vertex 12.7613 56.0724 3.4
      vertex 12.8485 56.1515 3.4
    endloop
  endfacet
  facet normal 0 0 1
    outer loop
      vertex 12.6667 57.9978 3.4
      vertex 12.7613 56.0724 3.4
      vertex 12.7613 57.9276 3.4
    endloop
  endfacet
  facet normal 0 0 1
    outer loop
      vertex 12.6667 57.9978 3.4
      vertex 12.6667 56.0022 3.4
      vertex 12.7613 56.0724 3.4
    endloop
  endfacet
  facet normal 0 0 1
    outer loop
      vertex 12.5657 58.0583 3.4
      vertex 12.6667 56.0022 3.4
      vertex 12.6667 57.9978 3.4
    endloop
  endfacet
  facet normal 0 0 1
    outer loop
      vertex 12.5657 58.0583 3.4
      vertex 12.5657 55.9417 3.4
      vertex 12.6667 56.0022 3.4
    endloop
  endfacet
  facet normal 0 0 1
    outer loop
      vertex 12.4592 58.1087 3.4
      vertex 12.5657 55.9417 3.4
      vertex 12.5657 58.0583 3.4
    endloop
  endfacet
  facet normal 0 0 1
    outer loop
      vertex 12.4592 58.1087 3.4
      vertex 12.4592 55.8913 3.4
      vertex 12.5657 55.9417 3.4
    endloop
  endfacet
  facet normal 0 0 1
    outer loop
      vertex 12.3483 58.1483 3.4
      vertex 12.4592 55.8913 3.4
      vertex 12.4592 58.1087 3.4
    endloop
  endfacet
  facet normal 0 0 1
    outer loop
      vertex 12.3483 58.1483 3.4
      vertex 12.3483 55.8517 3.4
      vertex 12.4592 55.8913 3.4
    endloop
  endfacet
  facet normal 0 0 1
    outer loop
      vertex 12.2341 58.1769 3.4
      vertex 12.3483 55.8517 3.4
      vertex 12.3483 58.1483 3.4
    endloop
  endfacet
  facet normal 0 0 1
    outer loop
      vertex 12.2341 58.1769 3.4
      vertex 12.2341 55.8231 3.4
      vertex 12.3483 55.8517 3.4
    endloop
  endfacet
  facet normal 0 0 1
    outer loop
      vertex 12.1176 58.1942 3.4
      vertex 12.2341 55.8231 3.4
      vertex 12.2341 58.1769 3.4
    endloop
  endfacet
  facet normal 0 0 1
    outer loop
      vertex 12.1176 58.1942 3.4
      vertex 12.1176 55.8058 3.4
      vertex 12.2341 55.8231 3.4
    endloop
  endfacet
  facet normal 0 0 1
    outer loop
      vertex 12 58.2 3.4
      vertex 12.1176 55.8058 3.4
      vertex 12.1176 58.1942 3.4
    endloop
  endfacet
  facet normal 0 0 1
    outer loop
      vertex 12 58.2 3.4
      vertex 12 55.8 3.4
      vertex 12.1176 55.8058 3.4
    endloop
  endfacet
  facet normal -0 0 1
    outer loop
      vertex 11.8824 58.1942 3.4
      vertex 12 55.8 3.4
      vertex 12 58.2 3.4
    endloop
  endfacet
  facet normal 0 0 1
    outer loop
      vertex 11.8824 58.1942 3.4
      vertex 11.8824 55.8058 3.4
      vertex 12 55.8 3.4
    endloop
  endfacet
  facet normal -0 0 1
    outer loop
      vertex 11.7659 58.1769 3.4
      vertex 11.8824 55.8058 3.4
      vertex 11.8824 58.1942 3.4
    endloop
  endfacet
  facet normal 0 0 1
    outer loop
      vertex 11.7659 58.1769 3.4
      vertex 11.7659 55.8231 3.4
      vertex 11.8824 55.8058 3.4
    endloop
  endfacet
  facet normal -0 0 1
    outer loop
      vertex 11.6517 58.1483 3.4
      vertex 11.7659 55.8231 3.4
      vertex 11.7659 58.1769 3.4
    endloop
  endfacet
  facet normal 0 0 1
    outer loop
      vertex 11.6517 58.1483 3.4
      vertex 11.6517 55.8517 3.4
      vertex 11.7659 55.8231 3.4
    endloop
  endfacet
  facet normal -0 0 1
    outer loop
      vertex 11.5408 58.1087 3.4
      vertex 11.6517 55.8517 3.4
      vertex 11.6517 58.1483 3.4
    endloop
  endfacet
  facet normal 0 0 1
    outer loop
      vertex 11.5408 58.1087 3.4
      vertex 11.5408 55.8913 3.4
      vertex 11.6517 55.8517 3.4
    endloop
  endfacet
  facet normal -0 0 1
    outer loop
      vertex 11.4343 58.0583 3.4
      vertex 11.5408 55.8913 3.4
      vertex 11.5408 58.1087 3.4
    endloop
  endfacet
  facet normal 0 0 1
    outer loop
      vertex 11.4343 58.0583 3.4
      vertex 11.4343 55.9417 3.4
      vertex 11.5408 55.8913 3.4
    endloop
  endfacet
  facet normal -0 0 1
    outer loop
      vertex 11.3333 57.9978 3.4
      vertex 11.4343 55.9417 3.4
      vertex 11.4343 58.0583 3.4
    endloop
  endfacet
  facet normal 0 0 1
    outer loop
      vertex 11.3333 57.9978 3.4
      vertex 11.3333 56.0022 3.4
      vertex 11.4343 55.9417 3.4
    endloop
  endfacet
  facet normal -0 0 1
    outer loop
      vertex 11.2387 57.9276 3.4
      vertex 11.3333 56.0022 3.4
      vertex 11.3333 57.9978 3.4
    endloop
  endfacet
  facet normal 0 0 1
    outer loop
      vertex 11.2387 57.9276 3.4
      vertex 11.2387 56.0724 3.4
      vertex 11.3333 56.0022 3.4
    endloop
  endfacet
  facet normal -0 0 1
    outer loop
      vertex 11.1515 57.8485 3.4
      vertex 11.2387 56.0724 3.4
      vertex 11.2387 57.9276 3.4
    endloop
  endfacet
  facet normal 0 0 1
    outer loop
      vertex 11.1515 57.8485 3.4
      vertex 11.1515 56.1515 3.4
      vertex 11.2387 56.0724 3.4
    endloop
  endfacet
  facet normal -0 0 1
    outer loop
      vertex 11.0724 57.7613 3.4
      vertex 11.1515 56.1515 3.4
      vertex 11.1515 57.8485 3.4
    endloop
  endfacet
  facet normal 0 0 1
    outer loop
      vertex 11.0724 57.7613 3.4
      vertex 11.0724 56.2387 3.4
      vertex 11.1515 56.1515 3.4
    endloop
  endfacet
  facet normal -0 0 1
    outer loop
      vertex 11.0022 57.6667 3.4
      vertex 11.0724 56.2387 3.4
      vertex 11.0724 57.7613 3.4
    endloop
  endfacet
  facet normal 0 0 1
    outer loop
      vertex 11.0022 57.6667 3.4
      vertex 11.0022 56.3333 3.4
      vertex 11.0724 56.2387 3.4
    endloop
  endfacet
  facet normal -0 0 1
    outer loop
      vertex 10.9417 57.5657 3.4
      vertex 11.0022 56.3333 3.4
      vertex 11.0022 57.6667 3.4
    endloop
  endfacet
  facet normal 0 0 1
    outer loop
      vertex 10.9417 57.5657 3.4
      vertex 10.9417 56.4343 3.4
      vertex 11.0022 56.3333 3.4
    endloop
  endfacet
  facet normal -0 0 1
    outer loop
      vertex 10.8913 57.4592 3.4
      vertex 10.9417 56.4343 3.4
      vertex 10.9417 57.5657 3.4
    endloop
  endfacet
  facet normal 0 0 1
    outer loop
      vertex 10.8913 57.4592 3.4
      vertex 10.8913 56.5408 3.4
      vertex 10.9417 56.4343 3.4
    endloop
  endfacet
  facet normal -0 0 1
    outer loop
      vertex 10.8517 57.3483 3.4
      vertex 10.8913 56.5408 3.4
      vertex 10.8913 57.4592 3.4
    endloop
  endfacet
  facet normal 0 0 1
    outer loop
      vertex 10.8517 57.3483 3.4
      vertex 10.8517 56.6517 3.4
      vertex 10.8913 56.5408 3.4
    endloop
  endfacet
  facet normal -0 0 1
    outer loop
      vertex 10.8231 57.2341 3.4
      vertex 10.8517 56.6517 3.4
      vertex 10.8517 57.3483 3.4
    endloop
  endfacet
  facet normal 0 0 1
    outer loop
      vertex 10.8231 57.2341 3.4
      vertex 10.8231 56.7659 3.4
      vertex 10.8517 56.6517 3.4
    endloop
  endfacet
  facet normal -0 0 1
    outer loop
      vertex 10.8058 57.1176 3.4
      vertex 10.8231 56.7659 3.4
      vertex 10.8231 57.2341 3.4
    endloop
  endfacet
  facet normal 0 0 1
    outer loop
      vertex 10.8058 57.1176 3.4
      vertex 10.8058 56.8824 3.4
      vertex 10.8231 56.7659 3.4
    endloop
  endfacet
  facet normal 0 -0 1
    outer loop
      vertex 10.8058 56.8824 3.4
      vertex 10.8058 57.1176 3.4
      vertex 10.8 57 3.4
    endloop
  endfacet
  facet normal 0.74067 0.671869 0
    outer loop
      vertex 11.1515 56.1515 9.4
      vertex 11.0724 56.2387 3.4
      vertex 11.0724 56.2387 9.4
    endloop
  endfacet
  facet normal 0.74067 0.671869 0
    outer loop
      vertex 11.0724 56.2387 3.4
      vertex 11.1515 56.1515 9.4
      vertex 11.1515 56.1515 3.4
    endloop
  endfacet
  facet normal -0.242935 0.970042 0
    outer loop
      vertex 12.3483 55.8517 3.4
      vertex 12.2341 55.8231 9.4
      vertex 12.3483 55.8517 9.4
    endloop
  endfacet
  facet normal -0.242935 0.970042 0
    outer loop
      vertex 12.2341 55.8231 9.4
      vertex 12.3483 55.8517 3.4
      vertex 12.2341 55.8231 3.4
    endloop
  endfacet
  facet normal -0.427758 0.903893 0
    outer loop
      vertex 12.5657 55.9417 3.4
      vertex 12.4592 55.8913 9.4
      vertex 12.5657 55.9417 9.4
    endloop
  endfacet
  facet normal -0.427758 0.903893 0
    outer loop
      vertex 12.4592 55.8913 9.4
      vertex 12.5657 55.9417 3.4
      vertex 12.4592 55.8913 3.4
    endloop
  endfacet
  facet normal -0.989153 0.146887 0
    outer loop
      vertex 13.1769 56.7659 3.4
      vertex 13.1942 56.8824 9.4
      vertex 13.1942 56.8824 3.4
    endloop
  endfacet
  facet normal -0.989153 0.146887 0
    outer loop
      vertex 13.1942 56.8824 9.4
      vertex 13.1769 56.7659 3.4
      vertex 13.1769 56.7659 9.4
    endloop
  endfacet
  facet normal -0.671869 0.74067 0
    outer loop
      vertex 12.8485 56.1515 3.4
      vertex 12.7613 56.0724 9.4
      vertex 12.8485 56.1515 9.4
    endloop
  endfacet
  facet normal -0.671869 0.74067 0
    outer loop
      vertex 12.7613 56.0724 9.4
      vertex 12.8485 56.1515 3.4
      vertex 12.7613 56.0724 3.4
    endloop
  endfacet
  facet normal -0.941761 0.336283 0
    outer loop
      vertex 13.1087 56.5408 3.4
      vertex 13.1483 56.6517 9.4
      vertex 13.1483 56.6517 3.4
    endloop
  endfacet
  facet normal -0.941761 0.336283 0
    outer loop
      vertex 13.1483 56.6517 9.4
      vertex 13.1087 56.5408 3.4
      vertex 13.1087 56.5408 9.4
    endloop
  endfacet
  facet normal -0.857867 0.513871 0
    outer loop
      vertex 12.9978 56.3333 3.4
      vertex 13.0583 56.4343 9.4
      vertex 13.0583 56.4343 3.4
    endloop
  endfacet
  facet normal -0.857867 0.513871 0
    outer loop
      vertex 13.0583 56.4343 9.4
      vertex 12.9978 56.3333 3.4
      vertex 12.9978 56.3333 9.4
    endloop
  endfacet
  facet normal 0.513871 0.857867 -0
    outer loop
      vertex 11.4343 55.9417 3.4
      vertex 11.3333 56.0022 9.4
      vertex 11.4343 55.9417 9.4
    endloop
  endfacet
  facet normal 0.513871 0.857867 0
    outer loop
      vertex 11.3333 56.0022 9.4
      vertex 11.4343 55.9417 3.4
      vertex 11.3333 56.0022 3.4
    endloop
  endfacet
  facet normal 0.941761 0.336283 0
    outer loop
      vertex 10.8913 56.5408 9.4
      vertex 10.8517 56.6517 3.4
      vertex 10.8517 56.6517 9.4
    endloop
  endfacet
  facet normal 0.941761 0.336283 0
    outer loop
      vertex 10.8517 56.6517 3.4
      vertex 10.8913 56.5408 9.4
      vertex 10.8913 56.5408 3.4
    endloop
  endfacet
  facet normal 0.989153 0.146887 0
    outer loop
      vertex 10.8231 56.7659 9.4
      vertex 10.8058 56.8824 3.4
      vertex 10.8058 56.8824 9.4
    endloop
  endfacet
  facet normal 0.989153 0.146887 0
    outer loop
      vertex 10.8058 56.8824 3.4
      vertex 10.8231 56.7659 9.4
      vertex 10.8231 56.7659 3.4
    endloop
  endfacet
  facet normal 0.998786 0.0492599 0
    outer loop
      vertex 10.8058 56.8824 9.4
      vertex 10.8 57 3.4
      vertex 10.8 57 9.4
    endloop
  endfacet
  facet normal 0.998786 0.0492599 0
    outer loop
      vertex 10.8 57 3.4
      vertex 10.8058 56.8824 9.4
      vertex 10.8058 56.8824 3.4
    endloop
  endfacet
  facet normal 0.857867 0.513871 0
    outer loop
      vertex 11.0022 56.3333 9.4
      vertex 10.9417 56.4343 3.4
      vertex 10.9417 56.4343 9.4
    endloop
  endfacet
  facet normal 0.857867 0.513871 0
    outer loop
      vertex 10.9417 56.4343 3.4
      vertex 11.0022 56.3333 9.4
      vertex 11.0022 56.3333 3.4
    endloop
  endfacet
  facet normal -0.595918 0.803046 0
    outer loop
      vertex 12.7613 56.0724 3.4
      vertex 12.6667 56.0022 9.4
      vertex 12.7613 56.0724 9.4
    endloop
  endfacet
  facet normal -0.595918 0.803046 0
    outer loop
      vertex 12.6667 56.0022 9.4
      vertex 12.7613 56.0724 3.4
      vertex 12.6667 56.0022 3.4
    endloop
  endfacet
  facet normal -0.513871 0.857867 0
    outer loop
      vertex 12.6667 56.0022 3.4
      vertex 12.5657 55.9417 9.4
      vertex 12.6667 56.0022 9.4
    endloop
  endfacet
  facet normal -0.513871 0.857867 0
    outer loop
      vertex 12.5657 55.9417 9.4
      vertex 12.6667 56.0022 3.4
      vertex 12.5657 55.9417 3.4
    endloop
  endfacet
  facet normal 0.595918 0.803046 -0
    outer loop
      vertex 11.3333 56.0022 3.4
      vertex 11.2387 56.0724 9.4
      vertex 11.3333 56.0022 9.4
    endloop
  endfacet
  facet normal 0.595918 0.803046 0
    outer loop
      vertex 11.2387 56.0724 9.4
      vertex 11.3333 56.0022 3.4
      vertex 11.2387 56.0724 3.4
    endloop
  endfacet
  facet normal 0.427758 0.903893 -0
    outer loop
      vertex 11.5408 55.8913 3.4
      vertex 11.4343 55.9417 9.4
      vertex 11.5408 55.8913 9.4
    endloop
  endfacet
  facet normal 0.427758 0.903893 0
    outer loop
      vertex 11.4343 55.9417 9.4
      vertex 11.5408 55.8913 3.4
      vertex 11.4343 55.9417 3.4
    endloop
  endfacet
  facet normal 0.146887 0.989153 -0
    outer loop
      vertex 11.8824 55.8058 3.4
      vertex 11.7659 55.8231 9.4
      vertex 11.8824 55.8058 9.4
    endloop
  endfacet
  facet normal 0.146887 0.989153 0
    outer loop
      vertex 11.7659 55.8231 9.4
      vertex 11.8824 55.8058 3.4
      vertex 11.7659 55.8231 3.4
    endloop
  endfacet
  facet normal -0.336283 0.941761 0
    outer loop
      vertex 12.4592 55.8913 3.4
      vertex 12.3483 55.8517 9.4
      vertex 12.4592 55.8913 9.4
    endloop
  endfacet
  facet normal -0.336283 0.941761 0
    outer loop
      vertex 12.3483 55.8517 9.4
      vertex 12.4592 55.8913 3.4
      vertex 12.3483 55.8517 3.4
    endloop
  endfacet
  facet normal 0.0492599 0.998786 -0
    outer loop
      vertex 12 55.8 3.4
      vertex 11.8824 55.8058 9.4
      vertex 12 55.8 9.4
    endloop
  endfacet
  facet normal 0.0492599 0.998786 0
    outer loop
      vertex 11.8824 55.8058 9.4
      vertex 12 55.8 3.4
      vertex 11.8824 55.8058 3.4
    endloop
  endfacet
  facet normal 0.242935 0.970042 -0
    outer loop
      vertex 11.7659 55.8231 3.4
      vertex 11.6517 55.8517 9.4
      vertex 11.7659 55.8231 9.4
    endloop
  endfacet
  facet normal 0.242935 0.970042 0
    outer loop
      vertex 11.6517 55.8517 9.4
      vertex 11.7659 55.8231 3.4
      vertex 11.6517 55.8517 3.4
    endloop
  endfacet
  facet normal 0.970012 0.243059 0
    outer loop
      vertex 31.6972 10.5365 9.4
      vertex 31.6316 10.7983 2.4
      vertex 31.6316 10.7983 9.4
    endloop
  endfacet
  facet normal 0.970012 0.243059 0
    outer loop
      vertex 31.6316 10.7983 2.4
      vertex 31.6972 10.5365 9.4
      vertex 31.6972 10.5365 2.4
    endloop
  endfacet
  facet normal 0.998803 0.0489209 0
    outer loop
      vertex 31.75 10 9.4
      vertex 31.7368 10.2695 2.4
      vertex 31.7368 10.2695 9.4
    endloop
  endfacet
  facet normal 0.998803 0.0489209 0
    outer loop
      vertex 31.7368 10.2695 2.4
      vertex 31.75 10 9.4
      vertex 31.75 10 2.4
    endloop
  endfacet
  facet normal -0.998803 0.0489209 0
    outer loop
      vertex 26.25 10 2.4
      vertex 26.2632 10.2695 9.4
      vertex 26.2632 10.2695 2.4
    endloop
  endfacet
  facet normal -0.998803 0.0489209 0
    outer loop
      vertex 26.2632 10.2695 9.4
      vertex 26.25 10 2.4
      vertex 26.25 10 9.4
    endloop
  endfacet
  facet normal 0.0489209 0.998803 -0
    outer loop
      vertex 29.2695 12.7368 2.4
      vertex 29 12.75 9.4
      vertex 29.2695 12.7368 9.4
    endloop
  endfacet
  facet normal 0.0489209 0.998803 0
    outer loop
      vertex 29 12.75 9.4
      vertex 29.2695 12.7368 2.4
      vertex 29 12.75 2.4
    endloop
  endfacet
  facet normal 0.671805 0.740728 -0
    outer loop
      vertex 30.9445 11.9445 2.4
      vertex 30.7446 12.1258 9.4
      vertex 30.9445 11.9445 9.4
    endloop
  endfacet
  facet normal 0.671805 0.740728 0
    outer loop
      vertex 30.7446 12.1258 9.4
      vertex 30.9445 11.9445 2.4
      vertex 30.7446 12.1258 2.4
    endloop
  endfacet
  facet normal -0.671805 0.740728 0
    outer loop
      vertex 27.2554 12.1258 2.4
      vertex 27.0555 11.9445 9.4
      vertex 27.2554 12.1258 9.4
    endloop
  endfacet
  facet normal -0.671805 0.740728 0
    outer loop
      vertex 27.0555 11.9445 9.4
      vertex 27.2554 12.1258 2.4
      vertex 27.0555 11.9445 2.4
    endloop
  endfacet
  facet normal -0.336829 0.941566 0
    outer loop
      vertex 28.2017 12.6316 2.4
      vertex 27.9476 12.5407 9.4
      vertex 28.2017 12.6316 9.4
    endloop
  endfacet
  facet normal -0.336829 0.941566 0
    outer loop
      vertex 27.9476 12.5407 9.4
      vertex 28.2017 12.6316 2.4
      vertex 27.9476 12.5407 2.4
    endloop
  endfacet
  facet normal -0.803314 -0.595555 0
    outer loop
      vertex 26.8742 8.25542 2.4
      vertex 26.7135 8.47218 9.4
      vertex 26.7135 8.47218 2.4
    endloop
  endfacet
  facet normal -0.803314 -0.595555 0
    outer loop
      vertex 26.7135 8.47218 9.4
      vertex 26.8742 8.25542 2.4
      vertex 26.8742 8.25542 9.4
    endloop
  endfacet
  facet normal 0.941566 0.336829 0
    outer loop
      vertex 31.6316 10.7983 9.4
      vertex 31.5407 11.0524 2.4
      vertex 31.5407 11.0524 9.4
    endloop
  endfacet
  facet normal 0.941566 0.336829 0
    outer loop
      vertex 31.5407 11.0524 2.4
      vertex 31.6316 10.7983 9.4
      vertex 31.6316 10.7983 2.4
    endloop
  endfacet
  facet normal 0.427688 0.903926 -0
    outer loop
      vertex 30.2963 12.4253 2.4
      vertex 30.0524 12.5407 9.4
      vertex 30.2963 12.4253 9.4
    endloop
  endfacet
  facet normal 0.427688 0.903926 0
    outer loop
      vertex 30.0524 12.5407 9.4
      vertex 30.2963 12.4253 2.4
      vertex 30.0524 12.5407 2.4
    endloop
  endfacet
  facet normal 0.595485 0.803367 -0
    outer loop
      vertex 30.7446 12.1258 2.4
      vertex 30.5278 12.2865 9.4
      vertex 30.7446 12.1258 9.4
    endloop
  endfacet
  facet normal 0.595485 0.803367 0
    outer loop
      vertex 30.5278 12.2865 9.4
      vertex 30.7446 12.1258 2.4
      vertex 30.5278 12.2865 2.4
    endloop
  endfacet
  facet normal -0.857656 0.514223 0
    outer loop
      vertex 26.5747 11.2963 2.4
      vertex 26.7135 11.5278 9.4
      vertex 26.7135 11.5278 2.4
    endloop
  endfacet
  facet normal -0.857656 0.514223 0
    outer loop
      vertex 26.7135 11.5278 9.4
      vertex 26.5747 11.2963 2.4
      vertex 26.5747 11.2963 9.4
    endloop
  endfacet
  facet normal -0.803367 0.595485 0
    outer loop
      vertex 26.7135 11.5278 2.4
      vertex 26.8742 11.7446 9.4
      vertex 26.8742 11.7446 2.4
    endloop
  endfacet
  facet normal -0.803367 0.595485 0
    outer loop
      vertex 26.8742 11.7446 9.4
      vertex 26.7135 11.5278 2.4
      vertex 26.7135 11.5278 9.4
    endloop
  endfacet
  facet normal 0.903967 -0.427602 0
    outer loop
      vertex 31.4253 8.70366 9.4
      vertex 31.5407 8.94762 2.4
      vertex 31.5407 8.94762 9.4
    endloop
  endfacet
  facet normal 0.903967 -0.427602 0
    outer loop
      vertex 31.5407 8.94762 2.4
      vertex 31.4253 8.70366 9.4
      vertex 31.4253 8.70366 2.4
    endloop
  endfacet
  facet normal 0.242954 -0.970038 0
    outer loop
      vertex 29.5365 7.30284 2.4
      vertex 29.7983 7.36841 9.4
      vertex 29.5365 7.30284 9.4
    endloop
  endfacet
  facet normal 0.242954 -0.970038 0
    outer loop
      vertex 29.7983 7.36841 9.4
      vertex 29.5365 7.30284 2.4
      vertex 29.7983 7.36841 2.4
    endloop
  endfacet
  facet normal 0.740828 -0.671695 0
    outer loop
      vertex 30.9445 8.05546 9.4
      vertex 31.1258 8.25542 2.4
      vertex 31.1258 8.25542 9.4
    endloop
  endfacet
  facet normal 0.740828 -0.671695 0
    outer loop
      vertex 31.1258 8.25542 2.4
      vertex 30.9445 8.05546 9.4
      vertex 30.9445 8.05546 2.4
    endloop
  endfacet
  facet normal 0.970007 -0.243076 0
    outer loop
      vertex 31.6316 9.20172 9.4
      vertex 31.6972 9.4635 2.4
      vertex 31.6972 9.4635 9.4
    endloop
  endfacet
  facet normal 0.970007 -0.243076 0
    outer loop
      vertex 31.6972 9.4635 2.4
      vertex 31.6316 9.20172 9.4
      vertex 31.6316 9.20172 2.4
    endloop
  endfacet
  facet normal -0.336895 -0.941542 0
    outer loop
      vertex 27.9476 7.45933 2.4
      vertex 28.2017 7.36841 9.4
      vertex 27.9476 7.45933 9.4
    endloop
  endfacet
  facet normal -0.336895 -0.941542 -0
    outer loop
      vertex 28.2017 7.36841 9.4
      vertex 27.9476 7.45933 2.4
      vertex 28.2017 7.36841 2.4
    endloop
  endfacet
  facet normal -0.51406 -0.857754 0
    outer loop
      vertex 27.4722 7.71346 2.4
      vertex 27.7037 7.57472 9.4
      vertex 27.4722 7.71346 9.4
    endloop
  endfacet
  facet normal -0.51406 -0.857754 -0
    outer loop
      vertex 27.7037 7.57472 9.4
      vertex 27.4722 7.71346 2.4
      vertex 27.7037 7.57472 2.4
    endloop
  endfacet
  facet normal -0.970007 -0.243076 0
    outer loop
      vertex 26.3684 9.20172 2.4
      vertex 26.3028 9.4635 9.4
      vertex 26.3028 9.4635 2.4
    endloop
  endfacet
  facet normal -0.970007 -0.243076 0
    outer loop
      vertex 26.3028 9.4635 9.4
      vertex 26.3684 9.20172 2.4
      vertex 26.3684 9.20172 9.4
    endloop
  endfacet
  facet normal 0.903926 0.427688 0
    outer loop
      vertex 31.5407 11.0524 9.4
      vertex 31.4253 11.2963 2.4
      vertex 31.4253 11.2963 9.4
    endloop
  endfacet
  facet normal 0.903926 0.427688 0
    outer loop
      vertex 31.4253 11.2963 2.4
      vertex 31.5407 11.0524 9.4
      vertex 31.5407 11.0524 2.4
    endloop
  endfacet
  facet normal 0.857656 0.514223 0
    outer loop
      vertex 31.4253 11.2963 9.4
      vertex 31.2865 11.5278 2.4
      vertex 31.2865 11.5278 9.4
    endloop
  endfacet
  facet normal 0.857656 0.514223 0
    outer loop
      vertex 31.2865 11.5278 2.4
      vertex 31.4253 11.2963 9.4
      vertex 31.4253 11.2963 2.4
    endloop
  endfacet
  facet normal 0.803367 0.595485 0
    outer loop
      vertex 31.2865 11.5278 9.4
      vertex 31.1258 11.7446 2.4
      vertex 31.1258 11.7446 9.4
    endloop
  endfacet
  facet normal 0.803367 0.595485 0
    outer loop
      vertex 31.1258 11.7446 2.4
      vertex 31.2865 11.5278 9.4
      vertex 31.2865 11.5278 2.4
    endloop
  endfacet
  facet normal 0.243059 0.970012 -0
    outer loop
      vertex 29.7983 12.6316 2.4
      vertex 29.5365 12.6972 9.4
      vertex 29.7983 12.6316 9.4
    endloop
  endfacet
  facet normal 0.243059 0.970012 0
    outer loop
      vertex 29.5365 12.6972 9.4
      vertex 29.7983 12.6316 2.4
      vertex 29.5365 12.6972 2.4
    endloop
  endfacet
  facet normal 0.514223 0.857656 -0
    outer loop
      vertex 30.5278 12.2865 2.4
      vertex 30.2963 12.4253 9.4
      vertex 30.5278 12.2865 9.4
    endloop
  endfacet
  facet normal 0.514223 0.857656 0
    outer loop
      vertex 30.2963 12.4253 9.4
      vertex 30.5278 12.2865 2.4
      vertex 30.2963 12.4253 2.4
    endloop
  endfacet
  facet normal -0.903926 0.427688 0
    outer loop
      vertex 26.4593 11.0524 2.4
      vertex 26.5747 11.2963 9.4
      vertex 26.5747 11.2963 2.4
    endloop
  endfacet
  facet normal -0.903926 0.427688 0
    outer loop
      vertex 26.5747 11.2963 9.4
      vertex 26.4593 11.0524 2.4
      vertex 26.4593 11.0524 9.4
    endloop
  endfacet
  facet normal -0.970012 0.243059 0
    outer loop
      vertex 26.3028 10.5365 2.4
      vertex 26.3684 10.7983 9.4
      vertex 26.3684 10.7983 2.4
    endloop
  endfacet
  facet normal -0.970012 0.243059 0
    outer loop
      vertex 26.3684 10.7983 9.4
      vertex 26.3028 10.5365 2.4
      vertex 26.3028 10.5365 9.4
    endloop
  endfacet
  facet normal -0.514223 0.857656 0
    outer loop
      vertex 27.7037 12.4253 2.4
      vertex 27.4722 12.2865 9.4
      vertex 27.7037 12.4253 9.4
    endloop
  endfacet
  facet normal -0.514223 0.857656 0
    outer loop
      vertex 27.4722 12.2865 9.4
      vertex 27.7037 12.4253 2.4
      vertex 27.4722 12.2865 2.4
    endloop
  endfacet
  facet normal -0.0489209 0.998803 0
    outer loop
      vertex 29 12.75 2.4
      vertex 28.7305 12.7368 9.4
      vertex 29 12.75 9.4
    endloop
  endfacet
  facet normal -0.0489209 0.998803 0
    outer loop
      vertex 28.7305 12.7368 9.4
      vertex 29 12.75 2.4
      vertex 28.7305 12.7368 2.4
    endloop
  endfacet
  facet normal -0.14671 0.98918 0
    outer loop
      vertex 28.7305 12.7368 2.4
      vertex 28.4635 12.6972 9.4
      vertex 28.7305 12.7368 9.4
    endloop
  endfacet
  facet normal -0.14671 0.98918 0
    outer loop
      vertex 28.4635 12.6972 9.4
      vertex 28.7305 12.7368 2.4
      vertex 28.4635 12.6972 2.4
    endloop
  endfacet
  facet normal 0.0490688 -0.998795 0
    outer loop
      vertex 29 7.25 2.4
      vertex 29.2695 7.26324 9.4
      vertex 29 7.25 9.4
    endloop
  endfacet
  facet normal 0.0490688 -0.998795 0
    outer loop
      vertex 29.2695 7.26324 9.4
      vertex 29 7.25 2.4
      vertex 29.2695 7.26324 2.4
    endloop
  endfacet
  facet normal 0.14671 -0.98918 0
    outer loop
      vertex 29.2695 7.26324 2.4
      vertex 29.5365 7.30284 9.4
      vertex 29.2695 7.26324 9.4
    endloop
  endfacet
  facet normal 0.14671 -0.98918 0
    outer loop
      vertex 29.5365 7.30284 9.4
      vertex 29.2695 7.26324 2.4
      vertex 29.5365 7.30284 2.4
    endloop
  endfacet
  facet normal 0.51406 -0.857754 0
    outer loop
      vertex 30.2963 7.57472 2.4
      vertex 30.5278 7.71346 9.4
      vertex 30.2963 7.57472 9.4
    endloop
  endfacet
  facet normal 0.51406 -0.857754 0
    outer loop
      vertex 30.5278 7.71346 9.4
      vertex 30.2963 7.57472 2.4
      vertex 30.5278 7.71346 2.4
    endloop
  endfacet
  facet normal 0.671683 -0.740838 0
    outer loop
      vertex 30.7446 7.87422 2.4
      vertex 30.9445 8.05546 9.4
      vertex 30.7446 7.87422 9.4
    endloop
  endfacet
  facet normal 0.671683 -0.740838 0
    outer loop
      vertex 30.9445 8.05546 9.4
      vertex 30.7446 7.87422 2.4
      vertex 30.9445 8.05546 2.4
    endloop
  endfacet
  facet normal 0.595628 -0.80326 0
    outer loop
      vertex 30.5278 7.71346 2.4
      vertex 30.7446 7.87422 9.4
      vertex 30.5278 7.71346 9.4
    endloop
  endfacet
  facet normal 0.595628 -0.80326 0
    outer loop
      vertex 30.7446 7.87422 9.4
      vertex 30.5278 7.71346 2.4
      vertex 30.7446 7.87422 2.4
    endloop
  endfacet
  facet normal 0.803314 -0.595555 0
    outer loop
      vertex 31.1258 8.25542 9.4
      vertex 31.2865 8.47218 2.4
      vertex 31.2865 8.47218 9.4
    endloop
  endfacet
  facet normal 0.803314 -0.595555 0
    outer loop
      vertex 31.2865 8.47218 2.4
      vertex 31.1258 8.25542 9.4
      vertex 31.1258 8.25542 2.4
    endloop
  endfacet
  facet normal 0.857637 -0.514256 0
    outer loop
      vertex 31.2865 8.47218 9.4
      vertex 31.4253 8.70366 2.4
      vertex 31.4253 8.70366 9.4
    endloop
  endfacet
  facet normal 0.857637 -0.514256 0
    outer loop
      vertex 31.4253 8.70366 2.4
      vertex 31.2865 8.47218 9.4
      vertex 31.2865 8.47218 2.4
    endloop
  endfacet
  facet normal -0.14671 -0.98918 0
    outer loop
      vertex 28.4635 7.30284 2.4
      vertex 28.7305 7.26324 9.4
      vertex 28.4635 7.30284 9.4
    endloop
  endfacet
  facet normal -0.14671 -0.98918 -0
    outer loop
      vertex 28.7305 7.26324 9.4
      vertex 28.4635 7.30284 2.4
      vertex 28.7305 7.26324 2.4
    endloop
  endfacet
  facet normal -0.671683 -0.740838 0
    outer loop
      vertex 27.0555 8.05546 2.4
      vertex 27.2554 7.87422 9.4
      vertex 27.0555 8.05546 9.4
    endloop
  endfacet
  facet normal -0.671683 -0.740838 -0
    outer loop
      vertex 27.2554 7.87422 9.4
      vertex 27.0555 8.05546 2.4
      vertex 27.2554 7.87422 2.4
    endloop
  endfacet
  facet normal -0.427658 -0.903941 0
    outer loop
      vertex 27.7037 7.57472 2.4
      vertex 27.9476 7.45933 9.4
      vertex 27.7037 7.57472 9.4
    endloop
  endfacet
  facet normal -0.427658 -0.903941 -0
    outer loop
      vertex 27.9476 7.45933 9.4
      vertex 27.7037 7.57472 2.4
      vertex 27.9476 7.45933 2.4
    endloop
  endfacet
  facet normal -0.0490688 -0.998795 0
    outer loop
      vertex 28.7305 7.26324 2.4
      vertex 29 7.25 9.4
      vertex 28.7305 7.26324 9.4
    endloop
  endfacet
  facet normal -0.0490688 -0.998795 -0
    outer loop
      vertex 29 7.25 9.4
      vertex 28.7305 7.26324 2.4
      vertex 29 7.25 2.4
    endloop
  endfacet
  facet normal -0.595628 -0.80326 0
    outer loop
      vertex 27.2554 7.87422 2.4
      vertex 27.4722 7.71346 9.4
      vertex 27.2554 7.87422 9.4
    endloop
  endfacet
  facet normal -0.595628 -0.80326 -0
    outer loop
      vertex 27.4722 7.71346 9.4
      vertex 27.2554 7.87422 2.4
      vertex 27.4722 7.71346 2.4
    endloop
  endfacet
  facet normal -0.903967 -0.427602 0
    outer loop
      vertex 26.5747 8.70366 2.4
      vertex 26.4593 8.94762 9.4
      vertex 26.4593 8.94762 2.4
    endloop
  endfacet
  facet normal -0.903967 -0.427602 0
    outer loop
      vertex 26.4593 8.94762 9.4
      vertex 26.5747 8.70366 2.4
      vertex 26.5747 8.70366 9.4
    endloop
  endfacet
  facet normal -0.857637 -0.514256 0
    outer loop
      vertex 26.7135 8.47218 2.4
      vertex 26.5747 8.70366 9.4
      vertex 26.5747 8.70366 2.4
    endloop
  endfacet
  facet normal -0.857637 -0.514256 0
    outer loop
      vertex 26.5747 8.70366 9.4
      vertex 26.7135 8.47218 2.4
      vertex 26.7135 8.47218 9.4
    endloop
  endfacet
  facet normal -0.998803 -0.0489119 0
    outer loop
      vertex 26.2632 9.73045 2.4
      vertex 26.25 10 9.4
      vertex 26.25 10 2.4
    endloop
  endfacet
  facet normal -0.998803 -0.0489119 0
    outer loop
      vertex 26.25 10 9.4
      vertex 26.2632 9.73045 2.4
      vertex 26.2632 9.73045 9.4
    endloop
  endfacet
  facet normal 0 0 -1
    outer loop
      vertex 31.7368 9.73045 2.4
      vertex 31.7368 10.2695 2.4
      vertex 31.75 10 2.4
    endloop
  endfacet
  facet normal 0 0 -1
    outer loop
      vertex 31.6972 9.4635 2.4
      vertex 31.7368 10.2695 2.4
      vertex 31.7368 9.73045 2.4
    endloop
  endfacet
  facet normal 0 0 -1
    outer loop
      vertex 31.6972 9.4635 2.4
      vertex 31.6972 10.5365 2.4
      vertex 31.7368 10.2695 2.4
    endloop
  endfacet
  facet normal 0 0 -1
    outer loop
      vertex 31.6316 9.20172 2.4
      vertex 31.6972 10.5365 2.4
      vertex 31.6972 9.4635 2.4
    endloop
  endfacet
  facet normal 0 0 -1
    outer loop
      vertex 31.6316 9.20172 2.4
      vertex 31.6316 10.7983 2.4
      vertex 31.6972 10.5365 2.4
    endloop
  endfacet
  facet normal 0 0 -1
    outer loop
      vertex 31.5407 8.94762 2.4
      vertex 31.6316 10.7983 2.4
      vertex 31.6316 9.20172 2.4
    endloop
  endfacet
  facet normal 0 0 -1
    outer loop
      vertex 31.5407 8.94762 2.4
      vertex 31.5407 11.0524 2.4
      vertex 31.6316 10.7983 2.4
    endloop
  endfacet
  facet normal 0 0 -1
    outer loop
      vertex 31.4253 8.70366 2.4
      vertex 31.5407 11.0524 2.4
      vertex 31.5407 8.94762 2.4
    endloop
  endfacet
  facet normal 0 0 -1
    outer loop
      vertex 31.4253 8.70366 2.4
      vertex 31.4253 11.2963 2.4
      vertex 31.5407 11.0524 2.4
    endloop
  endfacet
  facet normal 0 0 -1
    outer loop
      vertex 31.2865 8.47218 2.4
      vertex 31.4253 11.2963 2.4
      vertex 31.4253 8.70366 2.4
    endloop
  endfacet
  facet normal 0 0 -1
    outer loop
      vertex 31.2865 8.47218 2.4
      vertex 31.2865 11.5278 2.4
      vertex 31.4253 11.2963 2.4
    endloop
  endfacet
  facet normal 0 0 -1
    outer loop
      vertex 31.1258 8.25542 2.4
      vertex 31.2865 11.5278 2.4
      vertex 31.2865 8.47218 2.4
    endloop
  endfacet
  facet normal 0 0 -1
    outer loop
      vertex 31.1258 8.25542 2.4
      vertex 31.1258 11.7446 2.4
      vertex 31.2865 11.5278 2.4
    endloop
  endfacet
  facet normal 0 0 -1
    outer loop
      vertex 30.9445 8.05546 2.4
      vertex 31.1258 11.7446 2.4
      vertex 31.1258 8.25542 2.4
    endloop
  endfacet
  facet normal 0 0 -1
    outer loop
      vertex 30.9445 8.05546 2.4
      vertex 30.9445 11.9445 2.4
      vertex 31.1258 11.7446 2.4
    endloop
  endfacet
  facet normal 0 0 -1
    outer loop
      vertex 30.7446 7.87422 2.4
      vertex 30.9445 11.9445 2.4
      vertex 30.9445 8.05546 2.4
    endloop
  endfacet
  facet normal 0 0 -1
    outer loop
      vertex 30.7446 7.87422 2.4
      vertex 30.7446 12.1258 2.4
      vertex 30.9445 11.9445 2.4
    endloop
  endfacet
  facet normal 0 0 -1
    outer loop
      vertex 30.5278 7.71346 2.4
      vertex 30.7446 12.1258 2.4
      vertex 30.7446 7.87422 2.4
    endloop
  endfacet
  facet normal 0 0 -1
    outer loop
      vertex 30.5278 7.71346 2.4
      vertex 30.5278 12.2865 2.4
      vertex 30.7446 12.1258 2.4
    endloop
  endfacet
  facet normal 0 0 -1
    outer loop
      vertex 30.2963 7.57472 2.4
      vertex 30.5278 12.2865 2.4
      vertex 30.5278 7.71346 2.4
    endloop
  endfacet
  facet normal 0 0 -1
    outer loop
      vertex 30.2963 7.57472 2.4
      vertex 30.2963 12.4253 2.4
      vertex 30.5278 12.2865 2.4
    endloop
  endfacet
  facet normal 0 0 -1
    outer loop
      vertex 30.0524 7.45933 2.4
      vertex 30.2963 12.4253 2.4
      vertex 30.2963 7.57472 2.4
    endloop
  endfacet
  facet normal 0 0 -1
    outer loop
      vertex 30.0524 7.45933 2.4
      vertex 30.0524 12.5407 2.4
      vertex 30.2963 12.4253 2.4
    endloop
  endfacet
  facet normal 0 0 -1
    outer loop
      vertex 29.7983 7.36841 2.4
      vertex 30.0524 12.5407 2.4
      vertex 30.0524 7.45933 2.4
    endloop
  endfacet
  facet normal 0 0 -1
    outer loop
      vertex 29.7983 7.36841 2.4
      vertex 29.7983 12.6316 2.4
      vertex 30.0524 12.5407 2.4
    endloop
  endfacet
  facet normal 0 0 -1
    outer loop
      vertex 29.5365 7.30284 2.4
      vertex 29.7983 12.6316 2.4
      vertex 29.7983 7.36841 2.4
    endloop
  endfacet
  facet normal 0 0 -1
    outer loop
      vertex 29.5365 7.30284 2.4
      vertex 29.5365 12.6972 2.4
      vertex 29.7983 12.6316 2.4
    endloop
  endfacet
  facet normal 0 0 -1
    outer loop
      vertex 29.2695 7.26324 2.4
      vertex 29.5365 12.6972 2.4
      vertex 29.5365 7.30284 2.4
    endloop
  endfacet
  facet normal 0 0 -1
    outer loop
      vertex 29.2695 7.26324 2.4
      vertex 29.2695 12.7368 2.4
      vertex 29.5365 12.6972 2.4
    endloop
  endfacet
  facet normal 0 0 -1
    outer loop
      vertex 29 7.25 2.4
      vertex 29.2695 12.7368 2.4
      vertex 29.2695 7.26324 2.4
    endloop
  endfacet
  facet normal 0 0 -1
    outer loop
      vertex 29 7.25 2.4
      vertex 29 12.75 2.4
      vertex 29.2695 12.7368 2.4
    endloop
  endfacet
  facet normal 0 0 -1
    outer loop
      vertex 28.7305 7.26324 2.4
      vertex 29 12.75 2.4
      vertex 29 7.25 2.4
    endloop
  endfacet
  facet normal 0 0 -1
    outer loop
      vertex 28.7305 7.26324 2.4
      vertex 28.7305 12.7368 2.4
      vertex 29 12.75 2.4
    endloop
  endfacet
  facet normal 0 0 -1
    outer loop
      vertex 28.4635 7.30284 2.4
      vertex 28.7305 12.7368 2.4
      vertex 28.7305 7.26324 2.4
    endloop
  endfacet
  facet normal 0 0 -1
    outer loop
      vertex 28.4635 7.30284 2.4
      vertex 28.4635 12.6972 2.4
      vertex 28.7305 12.7368 2.4
    endloop
  endfacet
  facet normal 0 0 -1
    outer loop
      vertex 28.2017 7.36841 2.4
      vertex 28.4635 12.6972 2.4
      vertex 28.4635 7.30284 2.4
    endloop
  endfacet
  facet normal 0 0 -1
    outer loop
      vertex 28.2017 7.36841 2.4
      vertex 28.2017 12.6316 2.4
      vertex 28.4635 12.6972 2.4
    endloop
  endfacet
  facet normal 0 0 -1
    outer loop
      vertex 27.9476 7.45933 2.4
      vertex 28.2017 12.6316 2.4
      vertex 28.2017 7.36841 2.4
    endloop
  endfacet
  facet normal 0 0 -1
    outer loop
      vertex 27.9476 7.45933 2.4
      vertex 27.9476 12.5407 2.4
      vertex 28.2017 12.6316 2.4
    endloop
  endfacet
  facet normal 0 0 -1
    outer loop
      vertex 27.7037 7.57472 2.4
      vertex 27.9476 12.5407 2.4
      vertex 27.9476 7.45933 2.4
    endloop
  endfacet
  facet normal 0 0 -1
    outer loop
      vertex 27.7037 7.57472 2.4
      vertex 27.7037 12.4253 2.4
      vertex 27.9476 12.5407 2.4
    endloop
  endfacet
  facet normal 0 0 -1
    outer loop
      vertex 27.4722 7.71346 2.4
      vertex 27.7037 12.4253 2.4
      vertex 27.7037 7.57472 2.4
    endloop
  endfacet
  facet normal 0 0 -1
    outer loop
      vertex 27.4722 7.71346 2.4
      vertex 27.4722 12.2865 2.4
      vertex 27.7037 12.4253 2.4
    endloop
  endfacet
  facet normal 0 0 -1
    outer loop
      vertex 27.2554 7.87422 2.4
      vertex 27.4722 12.2865 2.4
      vertex 27.4722 7.71346 2.4
    endloop
  endfacet
  facet normal 0 0 -1
    outer loop
      vertex 27.2554 7.87422 2.4
      vertex 27.2554 12.1258 2.4
      vertex 27.4722 12.2865 2.4
    endloop
  endfacet
  facet normal 0 0 -1
    outer loop
      vertex 27.0555 8.05546 2.4
      vertex 27.2554 12.1258 2.4
      vertex 27.2554 7.87422 2.4
    endloop
  endfacet
  facet normal 0 0 -1
    outer loop
      vertex 27.0555 8.05546 2.4
      vertex 27.0555 11.9445 2.4
      vertex 27.2554 12.1258 2.4
    endloop
  endfacet
  facet normal 0 0 -1
    outer loop
      vertex 26.8742 8.25542 2.4
      vertex 27.0555 11.9445 2.4
      vertex 27.0555 8.05546 2.4
    endloop
  endfacet
  facet normal 0 0 -1
    outer loop
      vertex 26.8742 8.25542 2.4
      vertex 26.8742 11.7446 2.4
      vertex 27.0555 11.9445 2.4
    endloop
  endfacet
  facet normal 0 0 -1
    outer loop
      vertex 26.7135 8.47218 2.4
      vertex 26.8742 11.7446 2.4
      vertex 26.8742 8.25542 2.4
    endloop
  endfacet
  facet normal 0 0 -1
    outer loop
      vertex 26.7135 8.47218 2.4
      vertex 26.7135 11.5278 2.4
      vertex 26.8742 11.7446 2.4
    endloop
  endfacet
  facet normal 0 0 -1
    outer loop
      vertex 26.5747 8.70366 2.4
      vertex 26.7135 11.5278 2.4
      vertex 26.7135 8.47218 2.4
    endloop
  endfacet
  facet normal 0 0 -1
    outer loop
      vertex 26.5747 8.70366 2.4
      vertex 26.5747 11.2963 2.4
      vertex 26.7135 11.5278 2.4
    endloop
  endfacet
  facet normal 0 0 -1
    outer loop
      vertex 26.4593 8.94762 2.4
      vertex 26.5747 11.2963 2.4
      vertex 26.5747 8.70366 2.4
    endloop
  endfacet
  facet normal 0 0 -1
    outer loop
      vertex 26.4593 8.94762 2.4
      vertex 26.4593 11.0524 2.4
      vertex 26.5747 11.2963 2.4
    endloop
  endfacet
  facet normal 0 0 -1
    outer loop
      vertex 26.3684 9.20172 2.4
      vertex 26.4593 11.0524 2.4
      vertex 26.4593 8.94762 2.4
    endloop
  endfacet
  facet normal 0 0 -1
    outer loop
      vertex 26.3684 9.20172 2.4
      vertex 26.3684 10.7983 2.4
      vertex 26.4593 11.0524 2.4
    endloop
  endfacet
  facet normal 0 0 -1
    outer loop
      vertex 26.3028 9.4635 2.4
      vertex 26.3684 10.7983 2.4
      vertex 26.3684 9.20172 2.4
    endloop
  endfacet
  facet normal 0 0 -1
    outer loop
      vertex 26.3028 9.4635 2.4
      vertex 26.3028 10.5365 2.4
      vertex 26.3684 10.7983 2.4
    endloop
  endfacet
  facet normal 0 0 -1
    outer loop
      vertex 26.2632 9.73045 2.4
      vertex 26.3028 10.5365 2.4
      vertex 26.3028 9.4635 2.4
    endloop
  endfacet
  facet normal 0 0 -1
    outer loop
      vertex 26.2632 9.73045 2.4
      vertex 26.2632 10.2695 2.4
      vertex 26.3028 10.5365 2.4
    endloop
  endfacet
  facet normal 0 -0 -1
    outer loop
      vertex 26.2632 10.2695 2.4
      vertex 26.2632 9.73045 2.4
      vertex 26.25 10 2.4
    endloop
  endfacet
  facet normal 0.98918 0.14671 0
    outer loop
      vertex 31.7368 10.2695 9.4
      vertex 31.6972 10.5365 2.4
      vertex 31.6972 10.5365 9.4
    endloop
  endfacet
  facet normal 0.98918 0.14671 0
    outer loop
      vertex 31.6972 10.5365 2.4
      vertex 31.7368 10.2695 9.4
      vertex 31.7368 10.2695 2.4
    endloop
  endfacet
  facet normal 0.740728 0.671805 0
    outer loop
      vertex 31.1258 11.7446 9.4
      vertex 30.9445 11.9445 2.4
      vertex 30.9445 11.9445 9.4
    endloop
  endfacet
  facet normal 0.740728 0.671805 0
    outer loop
      vertex 30.9445 11.9445 2.4
      vertex 31.1258 11.7446 9.4
      vertex 31.1258 11.7446 2.4
    endloop
  endfacet
  facet normal 0.14671 0.98918 -0
    outer loop
      vertex 29.5365 12.6972 2.4
      vertex 29.2695 12.7368 9.4
      vertex 29.5365 12.6972 9.4
    endloop
  endfacet
  facet normal 0.14671 0.98918 0
    outer loop
      vertex 29.2695 12.7368 9.4
      vertex 29.5365 12.6972 2.4
      vertex 29.2695 12.7368 2.4
    endloop
  endfacet
  facet normal 0.336829 0.941566 -0
    outer loop
      vertex 30.0524 12.5407 2.4
      vertex 29.7983 12.6316 9.4
      vertex 30.0524 12.5407 9.4
    endloop
  endfacet
  facet normal 0.336829 0.941566 0
    outer loop
      vertex 29.7983 12.6316 9.4
      vertex 30.0524 12.5407 2.4
      vertex 29.7983 12.6316 2.4
    endloop
  endfacet
  facet normal -0.740728 0.671805 0
    outer loop
      vertex 26.8742 11.7446 2.4
      vertex 27.0555 11.9445 9.4
      vertex 27.0555 11.9445 2.4
    endloop
  endfacet
  facet normal -0.740728 0.671805 0
    outer loop
      vertex 27.0555 11.9445 9.4
      vertex 26.8742 11.7446 2.4
      vertex 26.8742 11.7446 9.4
    endloop
  endfacet
  facet normal 0 0 1
    outer loop
      vertex 30.2 10 9.4
      vertex 31.75 10 9.4
      vertex 31.7368 10.2695 9.4
    endloop
  endfacet
  facet normal 0 0 1
    outer loop
      vertex 30.1942 10.1176 9.4
      vertex 31.7368 10.2695 9.4
      vertex 31.6972 10.5365 9.4
    endloop
  endfacet
  facet normal 0 0 1
    outer loop
      vertex 31.75 10 9.4
      vertex 30.2 10 9.4
      vertex 31.7368 9.73045 9.4
    endloop
  endfacet
  facet normal 0 0 1
    outer loop
      vertex 30.1769 10.2341 9.4
      vertex 31.6972 10.5365 9.4
      vertex 31.6316 10.7983 9.4
    endloop
  endfacet
  facet normal -0 0 1
    outer loop
      vertex 30.1942 9.88238 9.4
      vertex 31.7368 9.73045 9.4
      vertex 30.2 10 9.4
    endloop
  endfacet
  facet normal 0 0 1
    outer loop
      vertex 30.1483 10.3483 9.4
      vertex 31.6316 10.7983 9.4
      vertex 31.5407 11.0524 9.4
    endloop
  endfacet
  facet normal 0 0 1
    outer loop
      vertex 31.7368 9.73045 9.4
      vertex 30.1942 9.88238 9.4
      vertex 31.6972 9.4635 9.4
    endloop
  endfacet
  facet normal 0 0 1
    outer loop
      vertex 30.1087 10.4592 9.4
      vertex 31.5407 11.0524 9.4
      vertex 31.4253 11.2963 9.4
    endloop
  endfacet
  facet normal -0 0 1
    outer loop
      vertex 30.1769 9.76589 9.4
      vertex 31.6972 9.4635 9.4
      vertex 30.1942 9.88238 9.4
    endloop
  endfacet
  facet normal 0 0 1
    outer loop
      vertex 30.0583 10.5657 9.4
      vertex 31.4253 11.2963 9.4
      vertex 31.2865 11.5278 9.4
    endloop
  endfacet
  facet normal 0 0 1
    outer loop
      vertex 31.6972 9.4635 9.4
      vertex 30.1769 9.76589 9.4
      vertex 31.6316 9.20172 9.4
    endloop
  endfacet
  facet normal 0 0 1
    outer loop
      vertex 29.9978 10.6667 9.4
      vertex 31.2865 11.5278 9.4
      vertex 31.1258 11.7446 9.4
    endloop
  endfacet
  facet normal -0 0 1
    outer loop
      vertex 30.1483 9.65166 9.4
      vertex 31.6316 9.20172 9.4
      vertex 30.1769 9.76589 9.4
    endloop
  endfacet
  facet normal 0 0 1
    outer loop
      vertex 29.9276 10.7613 9.4
      vertex 31.1258 11.7446 9.4
      vertex 30.9445 11.9445 9.4
    endloop
  endfacet
  facet normal 0 0 1
    outer loop
      vertex 31.6316 9.20172 9.4
      vertex 30.1483 9.65166 9.4
      vertex 31.5407 8.94762 9.4
    endloop
  endfacet
  facet normal 0 0 1
    outer loop
      vertex 29.8485 10.8485 9.4
      vertex 30.9445 11.9445 9.4
      vertex 30.7446 12.1258 9.4
    endloop
  endfacet
  facet normal -0 0 1
    outer loop
      vertex 30.1087 9.54078 9.4
      vertex 31.5407 8.94762 9.4
      vertex 30.1483 9.65166 9.4
    endloop
  endfacet
  facet normal 0 0 1
    outer loop
      vertex 29.7613 10.9276 9.4
      vertex 30.7446 12.1258 9.4
      vertex 30.5278 12.2865 9.4
    endloop
  endfacet
  facet normal 0 0 1
    outer loop
      vertex 31.5407 8.94762 9.4
      vertex 30.1087 9.54078 9.4
      vertex 31.4253 8.70366 9.4
    endloop
  endfacet
  facet normal 0 0 1
    outer loop
      vertex 29.6667 10.9978 9.4
      vertex 30.5278 12.2865 9.4
      vertex 30.2963 12.4253 9.4
    endloop
  endfacet
  facet normal -0 0 1
    outer loop
      vertex 30.0583 9.43432 9.4
      vertex 31.4253 8.70366 9.4
      vertex 30.1087 9.54078 9.4
    endloop
  endfacet
  facet normal 0 0 1
    outer loop
      vertex 31.4253 8.70366 9.4
      vertex 30.0583 9.43432 9.4
      vertex 31.2865 8.47218 9.4
    endloop
  endfacet
  facet normal 0 0 1
    outer loop
      vertex 31.7368 10.2695 9.4
      vertex 30.1942 10.1176 9.4
      vertex 30.2 10 9.4
    endloop
  endfacet
  facet normal 0 0 1
    outer loop
      vertex 31.6972 10.5365 9.4
      vertex 30.1769 10.2341 9.4
      vertex 30.1942 10.1176 9.4
    endloop
  endfacet
  facet normal 0 0 1
    outer loop
      vertex 31.6316 10.7983 9.4
      vertex 30.1483 10.3483 9.4
      vertex 30.1769 10.2341 9.4
    endloop
  endfacet
  facet normal 0 0 1
    outer loop
      vertex 31.5407 11.0524 9.4
      vertex 30.1087 10.4592 9.4
      vertex 30.1483 10.3483 9.4
    endloop
  endfacet
  facet normal 0 0 1
    outer loop
      vertex 31.4253 11.2963 9.4
      vertex 30.0583 10.5657 9.4
      vertex 30.1087 10.4592 9.4
    endloop
  endfacet
  facet normal 0 0 1
    outer loop
      vertex 29.5657 11.0583 9.4
      vertex 30.2963 12.4253 9.4
      vertex 30.0524 12.5407 9.4
    endloop
  endfacet
  facet normal 0 0 1
    outer loop
      vertex 31.2865 11.5278 9.4
      vertex 29.9978 10.6667 9.4
      vertex 30.0583 10.5657 9.4
    endloop
  endfacet
  facet normal 0 0 1
    outer loop
      vertex 31.1258 11.7446 9.4
      vertex 29.9276 10.7613 9.4
      vertex 29.9978 10.6667 9.4
    endloop
  endfacet
  facet normal 0 0 1
    outer loop
      vertex 30.9445 11.9445 9.4
      vertex 29.8485 10.8485 9.4
      vertex 29.9276 10.7613 9.4
    endloop
  endfacet
  facet normal 0 0 1
    outer loop
      vertex 29.4592 11.1087 9.4
      vertex 30.0524 12.5407 9.4
      vertex 29.7983 12.6316 9.4
    endloop
  endfacet
  facet normal 0 0 1
    outer loop
      vertex 30.7446 12.1258 9.4
      vertex 29.7613 10.9276 9.4
      vertex 29.8485 10.8485 9.4
    endloop
  endfacet
  facet normal 0 0 1
    outer loop
      vertex 30.5278 12.2865 9.4
      vertex 29.6667 10.9978 9.4
      vertex 29.7613 10.9276 9.4
    endloop
  endfacet
  facet normal 0 0 1
    outer loop
      vertex 30.2963 12.4253 9.4
      vertex 29.5657 11.0583 9.4
      vertex 29.6667 10.9978 9.4
    endloop
  endfacet
  facet normal 0 0 1
    outer loop
      vertex 29.3483 11.1483 9.4
      vertex 29.7983 12.6316 9.4
      vertex 29.5365 12.6972 9.4
    endloop
  endfacet
  facet normal 0 0 1
    outer loop
      vertex 30.0524 12.5407 9.4
      vertex 29.4592 11.1087 9.4
      vertex 29.5657 11.0583 9.4
    endloop
  endfacet
  facet normal 0 0 1
    outer loop
      vertex 29.7983 12.6316 9.4
      vertex 29.3483 11.1483 9.4
      vertex 29.4592 11.1087 9.4
    endloop
  endfacet
  facet normal 0 0 1
    outer loop
      vertex 29.2341 11.1769 9.4
      vertex 29.5365 12.6972 9.4
      vertex 29.2695 12.7368 9.4
    endloop
  endfacet
  facet normal 0 0 1
    outer loop
      vertex 29.5365 12.6972 9.4
      vertex 29.2341 11.1769 9.4
      vertex 29.3483 11.1483 9.4
    endloop
  endfacet
  facet normal 0 0 1
    outer loop
      vertex 29.2695 12.7368 9.4
      vertex 29.1176 11.1942 9.4
      vertex 29.2341 11.1769 9.4
    endloop
  endfacet
  facet normal 0 0 1
    outer loop
      vertex 29 12.75 9.4
      vertex 29.1176 11.1942 9.4
      vertex 29.2695 12.7368 9.4
    endloop
  endfacet
  facet normal 0 0 1
    outer loop
      vertex 29 12.75 9.4
      vertex 29 11.2 9.4
      vertex 29.1176 11.1942 9.4
    endloop
  endfacet
  facet normal 0 0 1
    outer loop
      vertex 29 12.75 9.4
      vertex 28.8824 11.1942 9.4
      vertex 29 11.2 9.4
    endloop
  endfacet
  facet normal -0 0 1
    outer loop
      vertex 28.7305 12.7368 9.4
      vertex 28.8824 11.1942 9.4
      vertex 29 12.75 9.4
    endloop
  endfacet
  facet normal 0 0 1
    outer loop
      vertex 28.8824 11.1942 9.4
      vertex 28.7305 12.7368 9.4
      vertex 28.7659 11.1769 9.4
    endloop
  endfacet
  facet normal -0 0 1
    outer loop
      vertex 28.4635 12.6972 9.4
      vertex 28.7659 11.1769 9.4
      vertex 28.7305 12.7368 9.4
    endloop
  endfacet
  facet normal 0 0 1
    outer loop
      vertex 28.7659 11.1769 9.4
      vertex 28.4635 12.6972 9.4
      vertex 28.6517 11.1483 9.4
    endloop
  endfacet
  facet normal -0 0 1
    outer loop
      vertex 28.2017 12.6316 9.4
      vertex 28.6517 11.1483 9.4
      vertex 28.4635 12.6972 9.4
    endloop
  endfacet
  facet normal 0 0 1
    outer loop
      vertex 28.6517 11.1483 9.4
      vertex 28.2017 12.6316 9.4
      vertex 28.5408 11.1087 9.4
    endloop
  endfacet
  facet normal -0 0 1
    outer loop
      vertex 27.9476 12.5407 9.4
      vertex 28.5408 11.1087 9.4
      vertex 28.2017 12.6316 9.4
    endloop
  endfacet
  facet normal 0 0 1
    outer loop
      vertex 28.5408 11.1087 9.4
      vertex 27.9476 12.5407 9.4
      vertex 28.4343 11.0583 9.4
    endloop
  endfacet
  facet normal -0 0 1
    outer loop
      vertex 27.7037 12.4253 9.4
      vertex 28.4343 11.0583 9.4
      vertex 27.9476 12.5407 9.4
    endloop
  endfacet
  facet normal 0 0 1
    outer loop
      vertex 28.4343 11.0583 9.4
      vertex 27.7037 12.4253 9.4
      vertex 28.3333 10.9978 9.4
    endloop
  endfacet
  facet normal -0 0 1
    outer loop
      vertex 27.4722 12.2865 9.4
      vertex 28.3333 10.9978 9.4
      vertex 27.7037 12.4253 9.4
    endloop
  endfacet
  facet normal 0 0 1
    outer loop
      vertex 28.3333 10.9978 9.4
      vertex 27.4722 12.2865 9.4
      vertex 28.2387 10.9276 9.4
    endloop
  endfacet
  facet normal -0 0 1
    outer loop
      vertex 27.2554 12.1258 9.4
      vertex 28.2387 10.9276 9.4
      vertex 27.4722 12.2865 9.4
    endloop
  endfacet
  facet normal 0 0 1
    outer loop
      vertex 28.2387 10.9276 9.4
      vertex 27.2554 12.1258 9.4
      vertex 28.1515 10.8485 9.4
    endloop
  endfacet
  facet normal -0 0 1
    outer loop
      vertex 27.0555 11.9445 9.4
      vertex 28.1515 10.8485 9.4
      vertex 27.2554 12.1258 9.4
    endloop
  endfacet
  facet normal 0 0 1
    outer loop
      vertex 28.1515 10.8485 9.4
      vertex 27.0555 11.9445 9.4
      vertex 28.0724 10.7613 9.4
    endloop
  endfacet
  facet normal -0 0 1
    outer loop
      vertex 26.8742 11.7446 9.4
      vertex 28.0724 10.7613 9.4
      vertex 27.0555 11.9445 9.4
    endloop
  endfacet
  facet normal 0 0 1
    outer loop
      vertex 28.0724 10.7613 9.4
      vertex 26.8742 11.7446 9.4
      vertex 28.0022 10.6667 9.4
    endloop
  endfacet
  facet normal 0 0 1
    outer loop
      vertex 28.0022 10.6667 9.4
      vertex 26.7135 11.5278 9.4
      vertex 27.9417 10.5657 9.4
    endloop
  endfacet
  facet normal -0 0 1
    outer loop
      vertex 26.7135 11.5278 9.4
      vertex 28.0022 10.6667 9.4
      vertex 26.8742 11.7446 9.4
    endloop
  endfacet
  facet normal -0 0 1
    outer loop
      vertex 29.9978 9.33332 9.4
      vertex 31.2865 8.47218 9.4
      vertex 30.0583 9.43432 9.4
    endloop
  endfacet
  facet normal 0 0 1
    outer loop
      vertex 31.2865 8.47218 9.4
      vertex 29.9978 9.33332 9.4
      vertex 31.1258 8.25542 9.4
    endloop
  endfacet
  facet normal -0 0 1
    outer loop
      vertex 29.9276 9.23873 9.4
      vertex 31.1258 8.25542 9.4
      vertex 29.9978 9.33332 9.4
    endloop
  endfacet
  facet normal 0 0 1
    outer loop
      vertex 31.1258 8.25542 9.4
      vertex 29.9276 9.23873 9.4
      vertex 30.9445 8.05546 9.4
    endloop
  endfacet
  facet normal -0 0 1
    outer loop
      vertex 29.8485 9.15147 9.4
      vertex 30.9445 8.05546 9.4
      vertex 29.9276 9.23873 9.4
    endloop
  endfacet
  facet normal 0 0 1
    outer loop
      vertex 30.9445 8.05546 9.4
      vertex 29.8485 9.15147 9.4
      vertex 30.7446 7.87422 9.4
    endloop
  endfacet
  facet normal -0 0 1
    outer loop
      vertex 29.7613 9.07239 9.4
      vertex 30.7446 7.87422 9.4
      vertex 29.8485 9.15147 9.4
    endloop
  endfacet
  facet normal 0 0 1
    outer loop
      vertex 30.7446 7.87422 9.4
      vertex 29.7613 9.07239 9.4
      vertex 30.5278 7.71346 9.4
    endloop
  endfacet
  facet normal -0 0 1
    outer loop
      vertex 29.6667 9.00224 9.4
      vertex 30.5278 7.71346 9.4
      vertex 29.7613 9.07239 9.4
    endloop
  endfacet
  facet normal 0 0 1
    outer loop
      vertex 30.5278 7.71346 9.4
      vertex 29.6667 9.00224 9.4
      vertex 30.2963 7.57472 9.4
    endloop
  endfacet
  facet normal -0 0 1
    outer loop
      vertex 29.5657 8.9417 9.4
      vertex 30.2963 7.57472 9.4
      vertex 29.6667 9.00224 9.4
    endloop
  endfacet
  facet normal 0 0 1
    outer loop
      vertex 30.2963 7.57472 9.4
      vertex 29.5657 8.9417 9.4
      vertex 30.0524 7.45933 9.4
    endloop
  endfacet
  facet normal -0 0 1
    outer loop
      vertex 29.4592 8.89135 9.4
      vertex 30.0524 7.45933 9.4
      vertex 29.5657 8.9417 9.4
    endloop
  endfacet
  facet normal 0 0 1
    outer loop
      vertex 30.0524 7.45933 9.4
      vertex 29.4592 8.89135 9.4
      vertex 29.7983 7.36841 9.4
    endloop
  endfacet
  facet normal -0 0 1
    outer loop
      vertex 29.3483 8.85167 9.4
      vertex 29.7983 7.36841 9.4
      vertex 29.4592 8.89135 9.4
    endloop
  endfacet
  facet normal 0 0 1
    outer loop
      vertex 29.7983 7.36841 9.4
      vertex 29.3483 8.85167 9.4
      vertex 29.5365 7.30284 9.4
    endloop
  endfacet
  facet normal -0 0 1
    outer loop
      vertex 29.2341 8.82306 9.4
      vertex 29.5365 7.30284 9.4
      vertex 29.3483 8.85167 9.4
    endloop
  endfacet
  facet normal 0 0 1
    outer loop
      vertex 29.5365 7.30284 9.4
      vertex 29.2341 8.82306 9.4
      vertex 29.2695 7.26324 9.4
    endloop
  endfacet
  facet normal -0 0 1
    outer loop
      vertex 29.1176 8.80578 9.4
      vertex 29.2695 7.26324 9.4
      vertex 29.2341 8.82306 9.4
    endloop
  endfacet
  facet normal -0 0 1
    outer loop
      vertex 29 8.8 9.4
      vertex 29.2695 7.26324 9.4
      vertex 29.1176 8.80578 9.4
    endloop
  endfacet
  facet normal 0 0 1
    outer loop
      vertex 29 8.8 9.4
      vertex 29 7.25 9.4
      vertex 29.2695 7.26324 9.4
    endloop
  endfacet
  facet normal 0 0 1
    outer loop
      vertex 28.8824 8.80578 9.4
      vertex 29 7.25 9.4
      vertex 29 8.8 9.4
    endloop
  endfacet
  facet normal 0 0 1
    outer loop
      vertex 28.7305 7.26324 9.4
      vertex 28.8824 8.80578 9.4
      vertex 28.7659 8.82306 9.4
    endloop
  endfacet
  facet normal 0 0 1
    outer loop
      vertex 28.8824 8.80578 9.4
      vertex 28.7305 7.26324 9.4
      vertex 29 7.25 9.4
    endloop
  endfacet
  facet normal 0 0 1
    outer loop
      vertex 28.4635 7.30284 9.4
      vertex 28.7659 8.82306 9.4
      vertex 28.6517 8.85167 9.4
    endloop
  endfacet
  facet normal 0 0 1
    outer loop
      vertex 28.2017 7.36841 9.4
      vertex 28.6517 8.85167 9.4
      vertex 28.5408 8.89135 9.4
    endloop
  endfacet
  facet normal 0 0 1
    outer loop
      vertex 28.7659 8.82306 9.4
      vertex 28.4635 7.30284 9.4
      vertex 28.7305 7.26324 9.4
    endloop
  endfacet
  facet normal 0 0 1
    outer loop
      vertex 27.9476 7.45933 9.4
      vertex 28.5408 8.89135 9.4
      vertex 28.4343 8.9417 9.4
    endloop
  endfacet
  facet normal 0 0 1
    outer loop
      vertex 27.7037 7.57472 9.4
      vertex 28.4343 8.9417 9.4
      vertex 28.3333 9.00224 9.4
    endloop
  endfacet
  facet normal 0 0 1
    outer loop
      vertex 27.4722 7.71346 9.4
      vertex 28.3333 9.00224 9.4
      vertex 28.2387 9.07239 9.4
    endloop
  endfacet
  facet normal 0 0 1
    outer loop
      vertex 28.6517 8.85167 9.4
      vertex 28.2017 7.36841 9.4
      vertex 28.4635 7.30284 9.4
    endloop
  endfacet
  facet normal 0 0 1
    outer loop
      vertex 27.2554 7.87422 9.4
      vertex 28.2387 9.07239 9.4
      vertex 28.1515 9.15147 9.4
    endloop
  endfacet
  facet normal 0 0 1
    outer loop
      vertex 27.0555 8.05546 9.4
      vertex 28.1515 9.15147 9.4
      vertex 28.0724 9.23873 9.4
    endloop
  endfacet
  facet normal 0 0 1
    outer loop
      vertex 26.8742 8.25542 9.4
      vertex 28.0724 9.23873 9.4
      vertex 28.0022 9.33332 9.4
    endloop
  endfacet
  facet normal 0 0 1
    outer loop
      vertex 28.5408 8.89135 9.4
      vertex 27.9476 7.45933 9.4
      vertex 28.2017 7.36841 9.4
    endloop
  endfacet
  facet normal 0 0 1
    outer loop
      vertex 26.7135 8.47218 9.4
      vertex 28.0022 9.33332 9.4
      vertex 27.9417 9.43432 9.4
    endloop
  endfacet
  facet normal 0 0 1
    outer loop
      vertex 26.5747 8.70366 9.4
      vertex 27.9417 9.43432 9.4
      vertex 27.8913 9.54078 9.4
    endloop
  endfacet
  facet normal 0 0 1
    outer loop
      vertex 26.4593 8.94762 9.4
      vertex 27.8913 9.54078 9.4
      vertex 27.8517 9.65166 9.4
    endloop
  endfacet
  facet normal 0 0 1
    outer loop
      vertex 26.3684 9.20172 9.4
      vertex 27.8517 9.65166 9.4
      vertex 27.8231 9.76589 9.4
    endloop
  endfacet
  facet normal 0 0 1
    outer loop
      vertex 26.3028 9.4635 9.4
      vertex 27.8231 9.76589 9.4
      vertex 27.8058 9.88238 9.4
    endloop
  endfacet
  facet normal 0 0 1
    outer loop
      vertex 28.4343 8.9417 9.4
      vertex 27.7037 7.57472 9.4
      vertex 27.9476 7.45933 9.4
    endloop
  endfacet
  facet normal 0 0 1
    outer loop
      vertex 26.2632 9.73045 9.4
      vertex 27.8058 9.88238 9.4
      vertex 27.8 10 9.4
    endloop
  endfacet
  facet normal -0 0 1
    outer loop
      vertex 26.5747 11.2963 9.4
      vertex 27.9417 10.5657 9.4
      vertex 26.7135 11.5278 9.4
    endloop
  endfacet
  facet normal 0 0 1
    outer loop
      vertex 27.9417 10.5657 9.4
      vertex 26.5747 11.2963 9.4
      vertex 27.8913 10.4592 9.4
    endloop
  endfacet
  facet normal 0 0 1
    outer loop
      vertex 28.3333 9.00224 9.4
      vertex 27.4722 7.71346 9.4
      vertex 27.7037 7.57472 9.4
    endloop
  endfacet
  facet normal -0 0 1
    outer loop
      vertex 26.4593 11.0524 9.4
      vertex 27.8913 10.4592 9.4
      vertex 26.5747 11.2963 9.4
    endloop
  endfacet
  facet normal 0 0 1
    outer loop
      vertex 28.2387 9.07239 9.4
      vertex 27.2554 7.87422 9.4
      vertex 27.4722 7.71346 9.4
    endloop
  endfacet
  facet normal 0 0 1
    outer loop
      vertex 27.8913 10.4592 9.4
      vertex 26.4593 11.0524 9.4
      vertex 27.8517 10.3483 9.4
    endloop
  endfacet
  facet normal 0 0 1
    outer loop
      vertex 28.1515 9.15147 9.4
      vertex 27.0555 8.05546 9.4
      vertex 27.2554 7.87422 9.4
    endloop
  endfacet
  facet normal -0 0 1
    outer loop
      vertex 26.3684 10.7983 9.4
      vertex 27.8517 10.3483 9.4
      vertex 26.4593 11.0524 9.4
    endloop
  endfacet
  facet normal 0 0 1
    outer loop
      vertex 28.0724 9.23873 9.4
      vertex 26.8742 8.25542 9.4
      vertex 27.0555 8.05546 9.4
    endloop
  endfacet
  facet normal 0 0 1
    outer loop
      vertex 27.8517 10.3483 9.4
      vertex 26.3684 10.7983 9.4
      vertex 27.8231 10.2341 9.4
    endloop
  endfacet
  facet normal 0 0 1
    outer loop
      vertex 28.0022 9.33332 9.4
      vertex 26.7135 8.47218 9.4
      vertex 26.8742 8.25542 9.4
    endloop
  endfacet
  facet normal -0 0 1
    outer loop
      vertex 26.3028 10.5365 9.4
      vertex 27.8231 10.2341 9.4
      vertex 26.3684 10.7983 9.4
    endloop
  endfacet
  facet normal 0 0 1
    outer loop
      vertex 27.9417 9.43432 9.4
      vertex 26.5747 8.70366 9.4
      vertex 26.7135 8.47218 9.4
    endloop
  endfacet
  facet normal 0 0 1
    outer loop
      vertex 27.8231 10.2341 9.4
      vertex 26.3028 10.5365 9.4
      vertex 27.8058 10.1176 9.4
    endloop
  endfacet
  facet normal 0 0 1
    outer loop
      vertex 27.8913 9.54078 9.4
      vertex 26.4593 8.94762 9.4
      vertex 26.5747 8.70366 9.4
    endloop
  endfacet
  facet normal -0 0 1
    outer loop
      vertex 26.2632 10.2695 9.4
      vertex 27.8058 10.1176 9.4
      vertex 26.3028 10.5365 9.4
    endloop
  endfacet
  facet normal 0 0 1
    outer loop
      vertex 27.8517 9.65166 9.4
      vertex 26.3684 9.20172 9.4
      vertex 26.4593 8.94762 9.4
    endloop
  endfacet
  facet normal 0 0 1
    outer loop
      vertex 27.8058 10.1176 9.4
      vertex 26.2632 10.2695 9.4
      vertex 27.8 10 9.4
    endloop
  endfacet
  facet normal 0 0 1
    outer loop
      vertex 27.8231 9.76589 9.4
      vertex 26.3028 9.4635 9.4
      vertex 26.3684 9.20172 9.4
    endloop
  endfacet
  facet normal 0 0 1
    outer loop
      vertex 26.25 10 9.4
      vertex 27.8 10 9.4
      vertex 26.2632 10.2695 9.4
    endloop
  endfacet
  facet normal 0 0 1
    outer loop
      vertex 27.8058 9.88238 9.4
      vertex 26.2632 9.73045 9.4
      vertex 26.3028 9.4635 9.4
    endloop
  endfacet
  facet normal 0 0 1
    outer loop
      vertex 27.8 10 9.4
      vertex 26.25 10 9.4
      vertex 26.2632 9.73045 9.4
    endloop
  endfacet
  facet normal -0.98918 0.14671 0
    outer loop
      vertex 26.2632 10.2695 2.4
      vertex 26.3028 10.5365 9.4
      vertex 26.3028 10.5365 2.4
    endloop
  endfacet
  facet normal -0.98918 0.14671 0
    outer loop
      vertex 26.3028 10.5365 9.4
      vertex 26.2632 10.2695 2.4
      vertex 26.2632 10.2695 9.4
    endloop
  endfacet
  facet normal -0.941566 0.336829 0
    outer loop
      vertex 26.3684 10.7983 2.4
      vertex 26.4593 11.0524 9.4
      vertex 26.4593 11.0524 2.4
    endloop
  endfacet
  facet normal -0.941566 0.336829 0
    outer loop
      vertex 26.4593 11.0524 9.4
      vertex 26.3684 10.7983 2.4
      vertex 26.3684 10.7983 9.4
    endloop
  endfacet
  facet normal -0.595485 0.803367 0
    outer loop
      vertex 27.4722 12.2865 2.4
      vertex 27.2554 12.1258 9.4
      vertex 27.4722 12.2865 9.4
    endloop
  endfacet
  facet normal -0.595485 0.803367 0
    outer loop
      vertex 27.2554 12.1258 9.4
      vertex 27.4722 12.2865 2.4
      vertex 27.2554 12.1258 2.4
    endloop
  endfacet
  facet normal -0.427688 0.903926 0
    outer loop
      vertex 27.9476 12.5407 2.4
      vertex 27.7037 12.4253 9.4
      vertex 27.9476 12.5407 9.4
    endloop
  endfacet
  facet normal -0.427688 0.903926 0
    outer loop
      vertex 27.7037 12.4253 9.4
      vertex 27.9476 12.5407 2.4
      vertex 27.7037 12.4253 2.4
    endloop
  endfacet
  facet normal -0.243059 0.970012 0
    outer loop
      vertex 28.4635 12.6972 2.4
      vertex 28.2017 12.6316 9.4
      vertex 28.4635 12.6972 9.4
    endloop
  endfacet
  facet normal -0.243059 0.970012 0
    outer loop
      vertex 28.2017 12.6316 9.4
      vertex 28.4635 12.6972 2.4
      vertex 28.2017 12.6316 2.4
    endloop
  endfacet
  facet normal 0.427658 -0.903941 0
    outer loop
      vertex 30.0524 7.45933 2.4
      vertex 30.2963 7.57472 9.4
      vertex 30.0524 7.45933 9.4
    endloop
  endfacet
  facet normal 0.427658 -0.903941 0
    outer loop
      vertex 30.2963 7.57472 9.4
      vertex 30.0524 7.45933 2.4
      vertex 30.2963 7.57472 2.4
    endloop
  endfacet
  facet normal 0.336895 -0.941542 0
    outer loop
      vertex 29.7983 7.36841 2.4
      vertex 30.0524 7.45933 9.4
      vertex 29.7983 7.36841 9.4
    endloop
  endfacet
  facet normal 0.336895 -0.941542 0
    outer loop
      vertex 30.0524 7.45933 9.4
      vertex 29.7983 7.36841 2.4
      vertex 30.0524 7.45933 2.4
    endloop
  endfacet
  facet normal 0.941566 -0.336829 0
    outer loop
      vertex 31.5407 8.94762 9.4
      vertex 31.6316 9.20172 2.4
      vertex 31.6316 9.20172 9.4
    endloop
  endfacet
  facet normal 0.941566 -0.336829 0
    outer loop
      vertex 31.6316 9.20172 2.4
      vertex 31.5407 8.94762 9.4
      vertex 31.5407 8.94762 2.4
    endloop
  endfacet
  facet normal 0.989176 -0.146737 0
    outer loop
      vertex 31.6972 9.4635 9.4
      vertex 31.7368 9.73045 2.4
      vertex 31.7368 9.73045 9.4
    endloop
  endfacet
  facet normal 0.989176 -0.146737 0
    outer loop
      vertex 31.7368 9.73045 2.4
      vertex 31.6972 9.4635 9.4
      vertex 31.6972 9.4635 2.4
    endloop
  endfacet
  facet normal 0.998803 -0.0489119 0
    outer loop
      vertex 31.7368 9.73045 9.4
      vertex 31.75 10 2.4
      vertex 31.75 10 9.4
    endloop
  endfacet
  facet normal 0.998803 -0.0489119 0
    outer loop
      vertex 31.75 10 2.4
      vertex 31.7368 9.73045 9.4
      vertex 31.7368 9.73045 2.4
    endloop
  endfacet
  facet normal -0.242954 -0.970038 0
    outer loop
      vertex 28.2017 7.36841 2.4
      vertex 28.4635 7.30284 9.4
      vertex 28.2017 7.36841 9.4
    endloop
  endfacet
  facet normal -0.242954 -0.970038 -0
    outer loop
      vertex 28.4635 7.30284 9.4
      vertex 28.2017 7.36841 2.4
      vertex 28.4635 7.30284 2.4
    endloop
  endfacet
  facet normal -0.740828 -0.671695 0
    outer loop
      vertex 27.0555 8.05546 2.4
      vertex 26.8742 8.25542 9.4
      vertex 26.8742 8.25542 2.4
    endloop
  endfacet
  facet normal -0.740828 -0.671695 0
    outer loop
      vertex 26.8742 8.25542 9.4
      vertex 27.0555 8.05546 2.4
      vertex 27.0555 8.05546 9.4
    endloop
  endfacet
  facet normal -0.989176 -0.146737 0
    outer loop
      vertex 26.3028 9.4635 2.4
      vertex 26.2632 9.73045 9.4
      vertex 26.2632 9.73045 2.4
    endloop
  endfacet
  facet normal -0.989176 -0.146737 0
    outer loop
      vertex 26.2632 9.73045 9.4
      vertex 26.3028 9.4635 2.4
      vertex 26.3028 9.4635 9.4
    endloop
  endfacet
  facet normal -0.941566 -0.336829 0
    outer loop
      vertex 26.4593 8.94762 2.4
      vertex 26.3684 9.20172 9.4
      vertex 26.3684 9.20172 2.4
    endloop
  endfacet
  facet normal -0.941566 -0.336829 0
    outer loop
      vertex 26.3684 9.20172 9.4
      vertex 26.4593 8.94762 2.4
      vertex 26.4593 8.94762 9.4
    endloop
  endfacet
  facet normal -0.857867 -0.513871 0
    outer loop
      vertex 30.0583 10.5657 3.4
      vertex 29.9978 10.6667 9.4
      vertex 29.9978 10.6667 3.4
    endloop
  endfacet
  facet normal -0.857867 -0.513871 0
    outer loop
      vertex 29.9978 10.6667 9.4
      vertex 30.0583 10.5657 3.4
      vertex 30.0583 10.5657 9.4
    endloop
  endfacet
  facet normal -0.336283 -0.941761 0
    outer loop
      vertex 29.3483 11.1483 3.4
      vertex 29.4592 11.1087 9.4
      vertex 29.3483 11.1483 9.4
    endloop
  endfacet
  facet normal -0.336283 -0.941761 -0
    outer loop
      vertex 29.4592 11.1087 9.4
      vertex 29.3483 11.1483 3.4
      vertex 29.4592 11.1087 3.4
    endloop
  endfacet
  facet normal 0.336283 -0.941761 0
    outer loop
      vertex 28.5408 11.1087 3.4
      vertex 28.6517 11.1483 9.4
      vertex 28.5408 11.1087 9.4
    endloop
  endfacet
  facet normal 0.336283 -0.941761 0
    outer loop
      vertex 28.6517 11.1483 9.4
      vertex 28.5408 11.1087 3.4
      vertex 28.6517 11.1483 3.4
    endloop
  endfacet
  facet normal 0.903893 -0.427758 0
    outer loop
      vertex 27.8913 10.4592 9.4
      vertex 27.9417 10.5657 3.4
      vertex 27.9417 10.5657 9.4
    endloop
  endfacet
  facet normal 0.903893 -0.427758 0
    outer loop
      vertex 27.9417 10.5657 3.4
      vertex 27.8913 10.4592 9.4
      vertex 27.8913 10.4592 3.4
    endloop
  endfacet
  facet normal -0.998786 0.0492515 0
    outer loop
      vertex 30.1942 9.88238 3.4
      vertex 30.2 10 9.4
      vertex 30.2 10 3.4
    endloop
  endfacet
  facet normal -0.998786 0.0492515 0
    outer loop
      vertex 30.2 10 9.4
      vertex 30.1942 9.88238 3.4
      vertex 30.1942 9.88238 9.4
    endloop
  endfacet
  facet normal -0.0492599 -0.998786 0
    outer loop
      vertex 29 11.2 3.4
      vertex 29.1176 11.1942 9.4
      vertex 29 11.2 9.4
    endloop
  endfacet
  facet normal -0.0492599 -0.998786 -0
    outer loop
      vertex 29.1176 11.1942 9.4
      vertex 29 11.2 3.4
      vertex 29.1176 11.1942 3.4
    endloop
  endfacet
  facet normal -0.513871 -0.857867 0
    outer loop
      vertex 29.5657 11.0583 3.4
      vertex 29.6667 10.9978 9.4
      vertex 29.5657 11.0583 9.4
    endloop
  endfacet
  facet normal -0.513871 -0.857867 -0
    outer loop
      vertex 29.6667 10.9978 9.4
      vertex 29.5657 11.0583 3.4
      vertex 29.6667 10.9978 3.4
    endloop
  endfacet
  facet normal 0.989153 -0.146887 0
    outer loop
      vertex 27.8058 10.1176 9.4
      vertex 27.8231 10.2341 3.4
      vertex 27.8231 10.2341 9.4
    endloop
  endfacet
  facet normal 0.989153 -0.146887 0
    outer loop
      vertex 27.8231 10.2341 3.4
      vertex 27.8058 10.1176 9.4
      vertex 27.8058 10.1176 3.4
    endloop
  endfacet
  facet normal 0.74067 -0.671869 0
    outer loop
      vertex 28.0724 10.7613 9.4
      vertex 28.1515 10.8485 3.4
      vertex 28.1515 10.8485 9.4
    endloop
  endfacet
  facet normal 0.74067 -0.671869 0
    outer loop
      vertex 28.1515 10.8485 3.4
      vertex 28.0724 10.7613 9.4
      vertex 28.0724 10.7613 3.4
    endloop
  endfacet
  facet normal 0.146887 -0.989153 0
    outer loop
      vertex 28.7659 11.1769 3.4
      vertex 28.8824 11.1942 9.4
      vertex 28.7659 11.1769 9.4
    endloop
  endfacet
  facet normal 0.146887 -0.989153 0
    outer loop
      vertex 28.8824 11.1942 9.4
      vertex 28.7659 11.1769 3.4
      vertex 28.8824 11.1942 3.4
    endloop
  endfacet
  facet normal 0.671776 0.740754 -0
    outer loop
      vertex 28.2387 9.07239 3.4
      vertex 28.1515 9.15147 9.4
      vertex 28.2387 9.07239 9.4
    endloop
  endfacet
  facet normal 0.671776 0.740754 0
    outer loop
      vertex 28.1515 9.15147 9.4
      vertex 28.2387 9.07239 3.4
      vertex 28.1515 9.15147 3.4
    endloop
  endfacet
  facet normal 0.903831 0.427889 0
    outer loop
      vertex 27.9417 9.43432 9.4
      vertex 27.8913 9.54078 3.4
      vertex 27.8913 9.54078 9.4
    endloop
  endfacet
  facet normal 0.903831 0.427889 0
    outer loop
      vertex 27.8913 9.54078 3.4
      vertex 27.9417 9.43432 9.4
      vertex 27.9417 9.43432 3.4
    endloop
  endfacet
  facet normal -0.989153 -0.146887 0
    outer loop
      vertex 30.1942 10.1176 3.4
      vertex 30.1769 10.2341 9.4
      vertex 30.1769 10.2341 3.4
    endloop
  endfacet
  facet normal -0.989153 -0.146887 0
    outer loop
      vertex 30.1769 10.2341 9.4
      vertex 30.1942 10.1176 3.4
      vertex 30.1942 10.1176 9.4
    endloop
  endfacet
  facet normal -0.803046 -0.595918 0
    outer loop
      vertex 29.9978 10.6667 3.4
      vertex 29.9276 10.7613 9.4
      vertex 29.9276 10.7613 3.4
    endloop
  endfacet
  facet normal -0.803046 -0.595918 0
    outer loop
      vertex 29.9276 10.7613 9.4
      vertex 29.9978 10.6667 3.4
      vertex 29.9978 10.6667 9.4
    endloop
  endfacet
  facet normal -0.671869 -0.74067 0
    outer loop
      vertex 29.7613 10.9276 3.4
      vertex 29.8485 10.8485 9.4
      vertex 29.7613 10.9276 9.4
    endloop
  endfacet
  facet normal -0.671869 -0.74067 -0
    outer loop
      vertex 29.8485 10.8485 9.4
      vertex 29.7613 10.9276 3.4
      vertex 29.8485 10.8485 3.4
    endloop
  endfacet
  facet normal 0.0492599 -0.998786 0
    outer loop
      vertex 28.8824 11.1942 3.4
      vertex 29 11.2 9.4
      vertex 28.8824 11.1942 9.4
    endloop
  endfacet
  facet normal 0.0492599 -0.998786 0
    outer loop
      vertex 29 11.2 9.4
      vertex 28.8824 11.1942 3.4
      vertex 29 11.2 3.4
    endloop
  endfacet
  facet normal -0.242935 -0.970042 0
    outer loop
      vertex 29.2341 11.1769 3.4
      vertex 29.3483 11.1483 9.4
      vertex 29.2341 11.1769 9.4
    endloop
  endfacet
  facet normal -0.242935 -0.970042 -0
    outer loop
      vertex 29.3483 11.1483 9.4
      vertex 29.2341 11.1769 3.4
      vertex 29.3483 11.1483 3.4
    endloop
  endfacet
  facet normal -0.146887 -0.989153 0
    outer loop
      vertex 29.1176 11.1942 3.4
      vertex 29.2341 11.1769 9.4
      vertex 29.1176 11.1942 9.4
    endloop
  endfacet
  facet normal -0.146887 -0.989153 -0
    outer loop
      vertex 29.2341 11.1769 9.4
      vertex 29.1176 11.1942 3.4
      vertex 29.2341 11.1769 3.4
    endloop
  endfacet
  facet normal -0.427758 -0.903893 0
    outer loop
      vertex 29.4592 11.1087 3.4
      vertex 29.5657 11.0583 9.4
      vertex 29.4592 11.1087 9.4
    endloop
  endfacet
  facet normal -0.427758 -0.903893 -0
    outer loop
      vertex 29.5657 11.0583 9.4
      vertex 29.4592 11.1087 3.4
      vertex 29.5657 11.0583 3.4
    endloop
  endfacet
  facet normal -0.595918 -0.803046 0
    outer loop
      vertex 29.6667 10.9978 3.4
      vertex 29.7613 10.9276 9.4
      vertex 29.6667 10.9978 9.4
    endloop
  endfacet
  facet normal -0.595918 -0.803046 -0
    outer loop
      vertex 29.7613 10.9276 9.4
      vertex 29.6667 10.9978 3.4
      vertex 29.7613 10.9276 3.4
    endloop
  endfacet
  facet normal 0.998786 -0.0492599 0
    outer loop
      vertex 27.8 10 9.4
      vertex 27.8058 10.1176 3.4
      vertex 27.8058 10.1176 9.4
    endloop
  endfacet
  facet normal 0.998786 -0.0492599 0
    outer loop
      vertex 27.8058 10.1176 3.4
      vertex 27.8 10 9.4
      vertex 27.8 10 3.4
    endloop
  endfacet
  facet normal 0.941761 -0.336283 0
    outer loop
      vertex 27.8517 10.3483 9.4
      vertex 27.8913 10.4592 3.4
      vertex 27.8913 10.4592 9.4
    endloop
  endfacet
  facet normal 0.941761 -0.336283 0
    outer loop
      vertex 27.8913 10.4592 3.4
      vertex 27.8517 10.3483 9.4
      vertex 27.8517 10.3483 3.4
    endloop
  endfacet
  facet normal 0.970042 -0.242935 0
    outer loop
      vertex 27.8231 10.2341 9.4
      vertex 27.8517 10.3483 3.4
      vertex 27.8517 10.3483 9.4
    endloop
  endfacet
  facet normal 0.970042 -0.242935 0
    outer loop
      vertex 27.8517 10.3483 3.4
      vertex 27.8231 10.2341 9.4
      vertex 27.8231 10.2341 3.4
    endloop
  endfacet
  facet normal 0.857867 -0.513871 0
    outer loop
      vertex 27.9417 10.5657 9.4
      vertex 28.0022 10.6667 3.4
      vertex 28.0022 10.6667 9.4
    endloop
  endfacet
  facet normal 0.857867 -0.513871 0
    outer loop
      vertex 28.0022 10.6667 3.4
      vertex 27.9417 10.5657 9.4
      vertex 27.9417 10.5657 3.4
    endloop
  endfacet
  facet normal 0.803046 -0.595918 0
    outer loop
      vertex 28.0022 10.6667 9.4
      vertex 28.0724 10.7613 3.4
      vertex 28.0724 10.7613 9.4
    endloop
  endfacet
  facet normal 0.803046 -0.595918 0
    outer loop
      vertex 28.0724 10.7613 3.4
      vertex 28.0022 10.6667 9.4
      vertex 28.0022 10.6667 3.4
    endloop
  endfacet
  facet normal 0.242935 -0.970042 0
    outer loop
      vertex 28.6517 11.1483 3.4
      vertex 28.7659 11.1769 9.4
      vertex 28.6517 11.1483 9.4
    endloop
  endfacet
  facet normal 0.242935 -0.970042 0
    outer loop
      vertex 28.7659 11.1769 9.4
      vertex 28.6517 11.1483 3.4
      vertex 28.7659 11.1769 3.4
    endloop
  endfacet
  facet normal 0.513871 -0.857867 0
    outer loop
      vertex 28.3333 10.9978 3.4
      vertex 28.4343 11.0583 9.4
      vertex 28.3333 10.9978 9.4
    endloop
  endfacet
  facet normal 0.513871 -0.857867 0
    outer loop
      vertex 28.4343 11.0583 9.4
      vertex 28.3333 10.9978 3.4
      vertex 28.4343 11.0583 3.4
    endloop
  endfacet
  facet normal 0.595918 -0.803046 0
    outer loop
      vertex 28.2387 10.9276 3.4
      vertex 28.3333 10.9978 9.4
      vertex 28.2387 10.9276 9.4
    endloop
  endfacet
  facet normal 0.595918 -0.803046 0
    outer loop
      vertex 28.3333 10.9978 9.4
      vertex 28.2387 10.9276 3.4
      vertex 28.3333 10.9978 3.4
    endloop
  endfacet
  facet normal 0.427758 -0.903893 0
    outer loop
      vertex 28.4343 11.0583 3.4
      vertex 28.5408 11.1087 9.4
      vertex 28.4343 11.0583 9.4
    endloop
  endfacet
  facet normal 0.427758 -0.903893 0
    outer loop
      vertex 28.5408 11.1087 9.4
      vertex 28.4343 11.0583 3.4
      vertex 28.5408 11.1087 3.4
    endloop
  endfacet
  facet normal 0.671869 -0.74067 0
    outer loop
      vertex 28.1515 10.8485 3.4
      vertex 28.2387 10.9276 9.4
      vertex 28.1515 10.8485 9.4
    endloop
  endfacet
  facet normal 0.671869 -0.74067 0
    outer loop
      vertex 28.2387 10.9276 9.4
      vertex 28.1515 10.8485 3.4
      vertex 28.2387 10.9276 3.4
    endloop
  endfacet
  facet normal -0.998786 -0.0492599 0
    outer loop
      vertex 30.2 10 3.4
      vertex 30.1942 10.1176 9.4
      vertex 30.1942 10.1176 3.4
    endloop
  endfacet
  facet normal -0.998786 -0.0492599 0
    outer loop
      vertex 30.1942 10.1176 9.4
      vertex 30.2 10 3.4
      vertex 30.2 10 9.4
    endloop
  endfacet
  facet normal -0.970058 0.242875 0
    outer loop
      vertex 30.1483 9.65166 3.4
      vertex 30.1769 9.76589 9.4
      vertex 30.1769 9.76589 3.4
    endloop
  endfacet
  facet normal -0.970058 0.242875 0
    outer loop
      vertex 30.1769 9.76589 9.4
      vertex 30.1483 9.65166 3.4
      vertex 30.1483 9.65166 9.4
    endloop
  endfacet
  facet normal -0.0490904 0.998794 0
    outer loop
      vertex 29.1176 8.80578 3.4
      vertex 29 8.8 9.4
      vertex 29.1176 8.80578 9.4
    endloop
  endfacet
  facet normal -0.0490904 0.998794 0
    outer loop
      vertex 29 8.8 9.4
      vertex 29.1176 8.80578 3.4
      vertex 29 8.8 3.4
    endloop
  endfacet
  facet normal 0.970058 0.242875 0
    outer loop
      vertex 27.8517 9.65166 9.4
      vertex 27.8231 9.76589 3.4
      vertex 27.8231 9.76589 9.4
    endloop
  endfacet
  facet normal 0.970058 0.242875 0
    outer loop
      vertex 27.8231 9.76589 3.4
      vertex 27.8517 9.65166 9.4
      vertex 27.8517 9.65166 3.4
    endloop
  endfacet
  facet normal 0.803015 0.595958 0
    outer loop
      vertex 28.0724 9.23873 9.4
      vertex 28.0022 9.33332 3.4
      vertex 28.0022 9.33332 9.4
    endloop
  endfacet
  facet normal 0.803015 0.595958 0
    outer loop
      vertex 28.0022 9.33332 3.4
      vertex 28.0724 9.23873 9.4
      vertex 28.0724 9.23873 3.4
    endloop
  endfacet
  facet normal -0.146721 0.989178 0
    outer loop
      vertex 29.2341 8.82306 3.4
      vertex 29.1176 8.80578 9.4
      vertex 29.2341 8.82306 9.4
    endloop
  endfacet
  facet normal -0.146721 0.989178 0
    outer loop
      vertex 29.1176 8.80578 9.4
      vertex 29.2341 8.82306 3.4
      vertex 29.1176 8.80578 3.4
    endloop
  endfacet
  facet normal -0.903893 -0.427758 0
    outer loop
      vertex 30.1087 10.4592 3.4
      vertex 30.0583 10.5657 9.4
      vertex 30.0583 10.5657 3.4
    endloop
  endfacet
  facet normal -0.903893 -0.427758 0
    outer loop
      vertex 30.0583 10.5657 9.4
      vertex 30.1087 10.4592 3.4
      vertex 30.1087 10.4592 9.4
    endloop
  endfacet
  facet normal -0.941761 -0.336283 0
    outer loop
      vertex 30.1483 10.3483 3.4
      vertex 30.1087 10.4592 9.4
      vertex 30.1087 10.4592 3.4
    endloop
  endfacet
  facet normal -0.941761 -0.336283 0
    outer loop
      vertex 30.1087 10.4592 9.4
      vertex 30.1483 10.3483 3.4
      vertex 30.1483 10.3483 9.4
    endloop
  endfacet
  facet normal -0.970042 -0.242935 0
    outer loop
      vertex 30.1769 10.2341 3.4
      vertex 30.1483 10.3483 9.4
      vertex 30.1483 10.3483 3.4
    endloop
  endfacet
  facet normal -0.970042 -0.242935 0
    outer loop
      vertex 30.1483 10.3483 9.4
      vertex 30.1769 10.2341 3.4
      vertex 30.1769 10.2341 9.4
    endloop
  endfacet
  facet normal -0.74067 -0.671869 0
    outer loop
      vertex 29.9276 10.7613 3.4
      vertex 29.8485 10.8485 9.4
      vertex 29.8485 10.8485 3.4
    endloop
  endfacet
  facet normal -0.74067 -0.671869 0
    outer loop
      vertex 29.8485 10.8485 9.4
      vertex 29.9276 10.7613 3.4
      vertex 29.9276 10.7613 9.4
    endloop
  endfacet
  facet normal -0.7409 0.671616 0
    outer loop
      vertex 29.8485 9.15147 3.4
      vertex 29.9276 9.23873 9.4
      vertex 29.9276 9.23873 3.4
    endloop
  endfacet
  facet normal -0.7409 0.671616 0
    outer loop
      vertex 29.9276 9.23873 9.4
      vertex 29.8485 9.15147 3.4
      vertex 29.8485 9.15147 9.4
    endloop
  endfacet
  facet normal -0.803015 0.595958 0
    outer loop
      vertex 29.9276 9.23873 3.4
      vertex 29.9978 9.33332 9.4
      vertex 29.9978 9.33332 3.4
    endloop
  endfacet
  facet normal -0.803015 0.595958 0
    outer loop
      vertex 29.9978 9.33332 9.4
      vertex 29.9276 9.23873 3.4
      vertex 29.9276 9.23873 9.4
    endloop
  endfacet
  facet normal -0.903831 0.427889 0
    outer loop
      vertex 30.0583 9.43432 3.4
      vertex 30.1087 9.54078 9.4
      vertex 30.1087 9.54078 3.4
    endloop
  endfacet
  facet normal -0.903831 0.427889 0
    outer loop
      vertex 30.1087 9.54078 9.4
      vertex 30.0583 9.43432 3.4
      vertex 30.0583 9.43432 9.4
    endloop
  endfacet
  facet normal 0.336885 0.941546 -0
    outer loop
      vertex 28.6517 8.85167 3.4
      vertex 28.5408 8.89135 9.4
      vertex 28.6517 8.85167 9.4
    endloop
  endfacet
  facet normal 0.336885 0.941546 0
    outer loop
      vertex 28.5408 8.89135 9.4
      vertex 28.6517 8.85167 3.4
      vertex 28.5408 8.89135 3.4
    endloop
  endfacet
  facet normal 0 0 1
    outer loop
      vertex 30.1942 10.1176 3.4
      vertex 30.1942 9.88238 3.4
      vertex 30.2 10 3.4
    endloop
  endfacet
  facet normal 0 0 1
    outer loop
      vertex 30.1769 10.2341 3.4
      vertex 30.1942 9.88238 3.4
      vertex 30.1942 10.1176 3.4
    endloop
  endfacet
  facet normal 0 0 1
    outer loop
      vertex 30.1769 10.2341 3.4
      vertex 30.1769 9.76589 3.4
      vertex 30.1942 9.88238 3.4
    endloop
  endfacet
  facet normal 0 0 1
    outer loop
      vertex 30.1483 10.3483 3.4
      vertex 30.1769 9.76589 3.4
      vertex 30.1769 10.2341 3.4
    endloop
  endfacet
  facet normal 0 0 1
    outer loop
      vertex 30.1483 10.3483 3.4
      vertex 30.1483 9.65166 3.4
      vertex 30.1769 9.76589 3.4
    endloop
  endfacet
  facet normal 0 0 1
    outer loop
      vertex 30.1087 10.4592 3.4
      vertex 30.1483 9.65166 3.4
      vertex 30.1483 10.3483 3.4
    endloop
  endfacet
  facet normal 0 0 1
    outer loop
      vertex 30.1087 10.4592 3.4
      vertex 30.1087 9.54078 3.4
      vertex 30.1483 9.65166 3.4
    endloop
  endfacet
  facet normal 0 0 1
    outer loop
      vertex 30.0583 10.5657 3.4
      vertex 30.1087 9.54078 3.4
      vertex 30.1087 10.4592 3.4
    endloop
  endfacet
  facet normal 0 0 1
    outer loop
      vertex 30.0583 10.5657 3.4
      vertex 30.0583 9.43432 3.4
      vertex 30.1087 9.54078 3.4
    endloop
  endfacet
  facet normal 0 0 1
    outer loop
      vertex 29.9978 10.6667 3.4
      vertex 30.0583 9.43432 3.4
      vertex 30.0583 10.5657 3.4
    endloop
  endfacet
  facet normal 0 0 1
    outer loop
      vertex 29.9978 10.6667 3.4
      vertex 29.9978 9.33332 3.4
      vertex 30.0583 9.43432 3.4
    endloop
  endfacet
  facet normal 0 0 1
    outer loop
      vertex 29.9276 10.7613 3.4
      vertex 29.9978 9.33332 3.4
      vertex 29.9978 10.6667 3.4
    endloop
  endfacet
  facet normal 0 0 1
    outer loop
      vertex 29.9276 10.7613 3.4
      vertex 29.9276 9.23873 3.4
      vertex 29.9978 9.33332 3.4
    endloop
  endfacet
  facet normal 0 0 1
    outer loop
      vertex 29.8485 10.8485 3.4
      vertex 29.9276 9.23873 3.4
      vertex 29.9276 10.7613 3.4
    endloop
  endfacet
  facet normal 0 0 1
    outer loop
      vertex 29.8485 10.8485 3.4
      vertex 29.8485 9.15147 3.4
      vertex 29.9276 9.23873 3.4
    endloop
  endfacet
  facet normal 0 0 1
    outer loop
      vertex 29.7613 10.9276 3.4
      vertex 29.8485 9.15147 3.4
      vertex 29.8485 10.8485 3.4
    endloop
  endfacet
  facet normal 0 0 1
    outer loop
      vertex 29.7613 10.9276 3.4
      vertex 29.7613 9.07239 3.4
      vertex 29.8485 9.15147 3.4
    endloop
  endfacet
  facet normal 0 0 1
    outer loop
      vertex 29.6667 10.9978 3.4
      vertex 29.7613 9.07239 3.4
      vertex 29.7613 10.9276 3.4
    endloop
  endfacet
  facet normal 0 0 1
    outer loop
      vertex 29.6667 10.9978 3.4
      vertex 29.6667 9.00224 3.4
      vertex 29.7613 9.07239 3.4
    endloop
  endfacet
  facet normal 0 0 1
    outer loop
      vertex 29.5657 11.0583 3.4
      vertex 29.6667 9.00224 3.4
      vertex 29.6667 10.9978 3.4
    endloop
  endfacet
  facet normal 0 0 1
    outer loop
      vertex 29.5657 11.0583 3.4
      vertex 29.5657 8.9417 3.4
      vertex 29.6667 9.00224 3.4
    endloop
  endfacet
  facet normal 0 0 1
    outer loop
      vertex 29.4592 11.1087 3.4
      vertex 29.5657 8.9417 3.4
      vertex 29.5657 11.0583 3.4
    endloop
  endfacet
  facet normal 0 0 1
    outer loop
      vertex 29.4592 11.1087 3.4
      vertex 29.4592 8.89135 3.4
      vertex 29.5657 8.9417 3.4
    endloop
  endfacet
  facet normal 0 0 1
    outer loop
      vertex 29.3483 11.1483 3.4
      vertex 29.4592 8.89135 3.4
      vertex 29.4592 11.1087 3.4
    endloop
  endfacet
  facet normal 0 0 1
    outer loop
      vertex 29.3483 11.1483 3.4
      vertex 29.3483 8.85167 3.4
      vertex 29.4592 8.89135 3.4
    endloop
  endfacet
  facet normal 0 0 1
    outer loop
      vertex 29.2341 11.1769 3.4
      vertex 29.3483 8.85167 3.4
      vertex 29.3483 11.1483 3.4
    endloop
  endfacet
  facet normal 0 0 1
    outer loop
      vertex 29.2341 11.1769 3.4
      vertex 29.2341 8.82306 3.4
      vertex 29.3483 8.85167 3.4
    endloop
  endfacet
  facet normal 0 0 1
    outer loop
      vertex 29.1176 11.1942 3.4
      vertex 29.2341 8.82306 3.4
      vertex 29.2341 11.1769 3.4
    endloop
  endfacet
  facet normal 0 0 1
    outer loop
      vertex 29.1176 11.1942 3.4
      vertex 29.1176 8.80578 3.4
      vertex 29.2341 8.82306 3.4
    endloop
  endfacet
  facet normal 0 0 1
    outer loop
      vertex 29 11.2 3.4
      vertex 29.1176 8.80578 3.4
      vertex 29.1176 11.1942 3.4
    endloop
  endfacet
  facet normal 0 0 1
    outer loop
      vertex 29 11.2 3.4
      vertex 29 8.8 3.4
      vertex 29.1176 8.80578 3.4
    endloop
  endfacet
  facet normal -0 0 1
    outer loop
      vertex 28.8824 11.1942 3.4
      vertex 29 8.8 3.4
      vertex 29 11.2 3.4
    endloop
  endfacet
  facet normal 0 0 1
    outer loop
      vertex 28.8824 11.1942 3.4
      vertex 28.8824 8.80578 3.4
      vertex 29 8.8 3.4
    endloop
  endfacet
  facet normal -0 0 1
    outer loop
      vertex 28.7659 11.1769 3.4
      vertex 28.8824 8.80578 3.4
      vertex 28.8824 11.1942 3.4
    endloop
  endfacet
  facet normal 0 0 1
    outer loop
      vertex 28.7659 11.1769 3.4
      vertex 28.7659 8.82306 3.4
      vertex 28.8824 8.80578 3.4
    endloop
  endfacet
  facet normal -0 0 1
    outer loop
      vertex 28.6517 11.1483 3.4
      vertex 28.7659 8.82306 3.4
      vertex 28.7659 11.1769 3.4
    endloop
  endfacet
  facet normal 0 0 1
    outer loop
      vertex 28.6517 11.1483 3.4
      vertex 28.6517 8.85167 3.4
      vertex 28.7659 8.82306 3.4
    endloop
  endfacet
  facet normal -0 0 1
    outer loop
      vertex 28.5408 11.1087 3.4
      vertex 28.6517 8.85167 3.4
      vertex 28.6517 11.1483 3.4
    endloop
  endfacet
  facet normal 0 0 1
    outer loop
      vertex 28.5408 11.1087 3.4
      vertex 28.5408 8.89135 3.4
      vertex 28.6517 8.85167 3.4
    endloop
  endfacet
  facet normal -0 0 1
    outer loop
      vertex 28.4343 11.0583 3.4
      vertex 28.5408 8.89135 3.4
      vertex 28.5408 11.1087 3.4
    endloop
  endfacet
  facet normal 0 0 1
    outer loop
      vertex 28.4343 11.0583 3.4
      vertex 28.4343 8.9417 3.4
      vertex 28.5408 8.89135 3.4
    endloop
  endfacet
  facet normal -0 0 1
    outer loop
      vertex 28.3333 10.9978 3.4
      vertex 28.4343 8.9417 3.4
      vertex 28.4343 11.0583 3.4
    endloop
  endfacet
  facet normal 0 0 1
    outer loop
      vertex 28.3333 10.9978 3.4
      vertex 28.3333 9.00224 3.4
      vertex 28.4343 8.9417 3.4
    endloop
  endfacet
  facet normal -0 0 1
    outer loop
      vertex 28.2387 10.9276 3.4
      vertex 28.3333 9.00224 3.4
      vertex 28.3333 10.9978 3.4
    endloop
  endfacet
  facet normal 0 0 1
    outer loop
      vertex 28.2387 10.9276 3.4
      vertex 28.2387 9.07239 3.4
      vertex 28.3333 9.00224 3.4
    endloop
  endfacet
  facet normal -0 0 1
    outer loop
      vertex 28.1515 10.8485 3.4
      vertex 28.2387 9.07239 3.4
      vertex 28.2387 10.9276 3.4
    endloop
  endfacet
  facet normal 0 0 1
    outer loop
      vertex 28.1515 10.8485 3.4
      vertex 28.1515 9.15147 3.4
      vertex 28.2387 9.07239 3.4
    endloop
  endfacet
  facet normal -0 0 1
    outer loop
      vertex 28.0724 10.7613 3.4
      vertex 28.1515 9.15147 3.4
      vertex 28.1515 10.8485 3.4
    endloop
  endfacet
  facet normal 0 0 1
    outer loop
      vertex 28.0724 10.7613 3.4
      vertex 28.0724 9.23873 3.4
      vertex 28.1515 9.15147 3.4
    endloop
  endfacet
  facet normal -0 0 1
    outer loop
      vertex 28.0022 10.6667 3.4
      vertex 28.0724 9.23873 3.4
      vertex 28.0724 10.7613 3.4
    endloop
  endfacet
  facet normal 0 0 1
    outer loop
      vertex 28.0022 10.6667 3.4
      vertex 28.0022 9.33332 3.4
      vertex 28.0724 9.23873 3.4
    endloop
  endfacet
  facet normal -0 0 1
    outer loop
      vertex 27.9417 10.5657 3.4
      vertex 28.0022 9.33332 3.4
      vertex 28.0022 10.6667 3.4
    endloop
  endfacet
  facet normal 0 0 1
    outer loop
      vertex 27.9417 10.5657 3.4
      vertex 27.9417 9.43432 3.4
      vertex 28.0022 9.33332 3.4
    endloop
  endfacet
  facet normal -0 0 1
    outer loop
      vertex 27.8913 10.4592 3.4
      vertex 27.9417 9.43432 3.4
      vertex 27.9417 10.5657 3.4
    endloop
  endfacet
  facet normal 0 0 1
    outer loop
      vertex 27.8913 10.4592 3.4
      vertex 27.8913 9.54078 3.4
      vertex 27.9417 9.43432 3.4
    endloop
  endfacet
  facet normal -0 0 1
    outer loop
      vertex 27.8517 10.3483 3.4
      vertex 27.8913 9.54078 3.4
      vertex 27.8913 10.4592 3.4
    endloop
  endfacet
  facet normal 0 0 1
    outer loop
      vertex 27.8517 10.3483 3.4
      vertex 27.8517 9.65166 3.4
      vertex 27.8913 9.54078 3.4
    endloop
  endfacet
  facet normal -0 0 1
    outer loop
      vertex 27.8231 10.2341 3.4
      vertex 27.8517 9.65166 3.4
      vertex 27.8517 10.3483 3.4
    endloop
  endfacet
  facet normal 0 0 1
    outer loop
      vertex 27.8231 10.2341 3.4
      vertex 27.8231 9.76589 3.4
      vertex 27.8517 9.65166 3.4
    endloop
  endfacet
  facet normal -0 0 1
    outer loop
      vertex 27.8058 10.1176 3.4
      vertex 27.8231 9.76589 3.4
      vertex 27.8231 10.2341 3.4
    endloop
  endfacet
  facet normal 0 0 1
    outer loop
      vertex 27.8058 10.1176 3.4
      vertex 27.8058 9.88238 3.4
      vertex 27.8231 9.76589 3.4
    endloop
  endfacet
  facet normal 0 -0 1
    outer loop
      vertex 27.8058 9.88238 3.4
      vertex 27.8058 10.1176 3.4
      vertex 27.8 10 3.4
    endloop
  endfacet
  facet normal 0.7409 0.671616 0
    outer loop
      vertex 28.1515 9.15147 9.4
      vertex 28.0724 9.23873 3.4
      vertex 28.0724 9.23873 9.4
    endloop
  endfacet
  facet normal 0.7409 0.671616 0
    outer loop
      vertex 28.0724 9.23873 3.4
      vertex 28.1515 9.15147 9.4
      vertex 28.1515 9.15147 3.4
    endloop
  endfacet
  facet normal -0.243015 0.970022 0
    outer loop
      vertex 29.3483 8.85167 3.4
      vertex 29.2341 8.82306 9.4
      vertex 29.3483 8.85167 9.4
    endloop
  endfacet
  facet normal -0.243015 0.970022 0
    outer loop
      vertex 29.2341 8.82306 9.4
      vertex 29.3483 8.85167 3.4
      vertex 29.2341 8.82306 3.4
    endloop
  endfacet
  facet normal -0.427411 0.904057 0
    outer loop
      vertex 29.5657 8.9417 3.4
      vertex 29.4592 8.89135 9.4
      vertex 29.5657 8.9417 9.4
    endloop
  endfacet
  facet normal -0.427411 0.904057 0
    outer loop
      vertex 29.4592 8.89135 9.4
      vertex 29.5657 8.9417 3.4
      vertex 29.4592 8.89135 3.4
    endloop
  endfacet
  facet normal -0.989151 0.146899 0
    outer loop
      vertex 30.1769 9.76589 3.4
      vertex 30.1942 9.88238 9.4
      vertex 30.1942 9.88238 3.4
    endloop
  endfacet
  facet normal -0.989151 0.146899 0
    outer loop
      vertex 30.1942 9.88238 9.4
      vertex 30.1769 9.76589 3.4
      vertex 30.1769 9.76589 9.4
    endloop
  endfacet
  facet normal -0.671776 0.740754 0
    outer loop
      vertex 29.8485 9.15147 3.4
      vertex 29.7613 9.07239 9.4
      vertex 29.8485 9.15147 9.4
    endloop
  endfacet
  facet normal -0.671776 0.740754 0
    outer loop
      vertex 29.7613 9.07239 9.4
      vertex 29.8485 9.15147 3.4
      vertex 29.7613 9.07239 3.4
    endloop
  endfacet
  facet normal -0.941742 0.336336 0
    outer loop
      vertex 30.1087 9.54078 3.4
      vertex 30.1483 9.65166 9.4
      vertex 30.1483 9.65166 3.4
    endloop
  endfacet
  facet normal -0.941742 0.336336 0
    outer loop
      vertex 30.1483 9.65166 9.4
      vertex 30.1087 9.54078 3.4
      vertex 30.1087 9.54078 9.4
    endloop
  endfacet
  facet normal -0.857867 0.513871 0
    outer loop
      vertex 29.9978 9.33332 3.4
      vertex 30.0583 9.43432 9.4
      vertex 30.0583 9.43432 3.4
    endloop
  endfacet
  facet normal -0.857867 0.513871 0
    outer loop
      vertex 30.0583 9.43432 9.4
      vertex 29.9978 9.33332 3.4
      vertex 29.9978 9.33332 9.4
    endloop
  endfacet
  facet normal 0.514121 0.857718 -0
    outer loop
      vertex 28.4343 8.9417 3.4
      vertex 28.3333 9.00224 9.4
      vertex 28.4343 8.9417 9.4
    endloop
  endfacet
  facet normal 0.514121 0.857718 0
    outer loop
      vertex 28.3333 9.00224 9.4
      vertex 28.4343 8.9417 3.4
      vertex 28.3333 9.00224 3.4
    endloop
  endfacet
  facet normal 0.941742 0.336336 0
    outer loop
      vertex 27.8913 9.54078 9.4
      vertex 27.8517 9.65166 3.4
      vertex 27.8517 9.65166 9.4
    endloop
  endfacet
  facet normal 0.941742 0.336336 0
    outer loop
      vertex 27.8517 9.65166 3.4
      vertex 27.8913 9.54078 9.4
      vertex 27.8913 9.54078 3.4
    endloop
  endfacet
  facet normal 0.989151 0.146899 0
    outer loop
      vertex 27.8231 9.76589 9.4
      vertex 27.8058 9.88238 3.4
      vertex 27.8058 9.88238 9.4
    endloop
  endfacet
  facet normal 0.989151 0.146899 0
    outer loop
      vertex 27.8058 9.88238 3.4
      vertex 27.8231 9.76589 9.4
      vertex 27.8231 9.76589 3.4
    endloop
  endfacet
  facet normal 0.998786 0.0492515 0
    outer loop
      vertex 27.8058 9.88238 9.4
      vertex 27.8 10 3.4
      vertex 27.8 10 9.4
    endloop
  endfacet
  facet normal 0.998786 0.0492515 0
    outer loop
      vertex 27.8 10 3.4
      vertex 27.8058 9.88238 9.4
      vertex 27.8058 9.88238 3.4
    endloop
  endfacet
  facet normal 0.857867 0.513871 0
    outer loop
      vertex 28.0022 9.33332 9.4
      vertex 27.9417 9.43432 3.4
      vertex 27.9417 9.43432 9.4
    endloop
  endfacet
  facet normal 0.857867 0.513871 0
    outer loop
      vertex 27.9417 9.43432 3.4
      vertex 28.0022 9.33332 9.4
      vertex 28.0022 9.33332 3.4
    endloop
  endfacet
  facet normal -0.595644 0.803249 0
    outer loop
      vertex 29.7613 9.07239 3.4
      vertex 29.6667 9.00224 9.4
      vertex 29.7613 9.07239 9.4
    endloop
  endfacet
  facet normal -0.595644 0.803249 0
    outer loop
      vertex 29.6667 9.00224 9.4
      vertex 29.7613 9.07239 3.4
      vertex 29.6667 9.00224 3.4
    endloop
  endfacet
  facet normal -0.514121 0.857718 0
    outer loop
      vertex 29.6667 9.00224 3.4
      vertex 29.5657 8.9417 9.4
      vertex 29.6667 9.00224 9.4
    endloop
  endfacet
  facet normal -0.514121 0.857718 0
    outer loop
      vertex 29.5657 8.9417 9.4
      vertex 29.6667 9.00224 3.4
      vertex 29.5657 8.9417 3.4
    endloop
  endfacet
  facet normal 0.595644 0.803249 -0
    outer loop
      vertex 28.3333 9.00224 3.4
      vertex 28.2387 9.07239 9.4
      vertex 28.3333 9.00224 9.4
    endloop
  endfacet
  facet normal 0.595644 0.803249 0
    outer loop
      vertex 28.2387 9.07239 9.4
      vertex 28.3333 9.00224 3.4
      vertex 28.2387 9.07239 3.4
    endloop
  endfacet
  facet normal 0.427411 0.904057 -0
    outer loop
      vertex 28.5408 8.89135 3.4
      vertex 28.4343 8.9417 9.4
      vertex 28.5408 8.89135 9.4
    endloop
  endfacet
  facet normal 0.427411 0.904057 0
    outer loop
      vertex 28.4343 8.9417 9.4
      vertex 28.5408 8.89135 3.4
      vertex 28.4343 8.9417 3.4
    endloop
  endfacet
  facet normal 0.146721 0.989178 -0
    outer loop
      vertex 28.8824 8.80578 3.4
      vertex 28.7659 8.82306 9.4
      vertex 28.8824 8.80578 9.4
    endloop
  endfacet
  facet normal 0.146721 0.989178 0
    outer loop
      vertex 28.7659 8.82306 9.4
      vertex 28.8824 8.80578 3.4
      vertex 28.7659 8.82306 3.4
    endloop
  endfacet
  facet normal -0.336885 0.941546 0
    outer loop
      vertex 29.4592 8.89135 3.4
      vertex 29.3483 8.85167 9.4
      vertex 29.4592 8.89135 9.4
    endloop
  endfacet
  facet normal -0.336885 0.941546 0
    outer loop
      vertex 29.3483 8.85167 9.4
      vertex 29.4592 8.89135 3.4
      vertex 29.3483 8.85167 3.4
    endloop
  endfacet
  facet normal 0.0490904 0.998794 -0
    outer loop
      vertex 29 8.8 3.4
      vertex 28.8824 8.80578 9.4
      vertex 29 8.8 9.4
    endloop
  endfacet
  facet normal 0.0490904 0.998794 0
    outer loop
      vertex 28.8824 8.80578 9.4
      vertex 29 8.8 3.4
      vertex 28.8824 8.80578 3.4
    endloop
  endfacet
  facet normal 0.243015 0.970022 -0
    outer loop
      vertex 28.7659 8.82306 3.4
      vertex 28.6517 8.85167 9.4
      vertex 28.7659 8.82306 9.4
    endloop
  endfacet
  facet normal 0.243015 0.970022 0
    outer loop
      vertex 28.6517 8.85167 9.4
      vertex 28.7659 8.82306 3.4
      vertex 28.6517 8.85167 3.4
    endloop
  endfacet
  facet normal 0.970012 0.243059 0
    outer loop
      vertex 31.6972 57.5365 9.4
      vertex 31.6316 57.7983 2.4
      vertex 31.6316 57.7983 9.4
    endloop
  endfacet
  facet normal 0.970012 0.243059 0
    outer loop
      vertex 31.6316 57.7983 2.4
      vertex 31.6972 57.5365 9.4
      vertex 31.6972 57.5365 2.4
    endloop
  endfacet
  facet normal 0.998803 0.0489209 0
    outer loop
      vertex 31.75 57 9.4
      vertex 31.7368 57.2695 2.4
      vertex 31.7368 57.2695 9.4
    endloop
  endfacet
  facet normal 0.998803 0.0489209 0
    outer loop
      vertex 31.7368 57.2695 2.4
      vertex 31.75 57 9.4
      vertex 31.75 57 2.4
    endloop
  endfacet
  facet normal -0.998803 0.0489209 0
    outer loop
      vertex 26.25 57 2.4
      vertex 26.2632 57.2695 9.4
      vertex 26.2632 57.2695 2.4
    endloop
  endfacet
  facet normal -0.998803 0.0489209 0
    outer loop
      vertex 26.2632 57.2695 9.4
      vertex 26.25 57 2.4
      vertex 26.25 57 9.4
    endloop
  endfacet
  facet normal 0.0489209 0.998803 -0
    outer loop
      vertex 29.2695 59.7368 2.4
      vertex 29 59.75 9.4
      vertex 29.2695 59.7368 9.4
    endloop
  endfacet
  facet normal 0.0489209 0.998803 0
    outer loop
      vertex 29 59.75 9.4
      vertex 29.2695 59.7368 2.4
      vertex 29 59.75 2.4
    endloop
  endfacet
  facet normal 0.671805 0.740728 -0
    outer loop
      vertex 30.9445 58.9445 2.4
      vertex 30.7446 59.1258 9.4
      vertex 30.9445 58.9445 9.4
    endloop
  endfacet
  facet normal 0.671805 0.740728 0
    outer loop
      vertex 30.7446 59.1258 9.4
      vertex 30.9445 58.9445 2.4
      vertex 30.7446 59.1258 2.4
    endloop
  endfacet
  facet normal -0.671805 0.740728 0
    outer loop
      vertex 27.2554 59.1258 2.4
      vertex 27.0555 58.9445 9.4
      vertex 27.2554 59.1258 9.4
    endloop
  endfacet
  facet normal -0.671805 0.740728 0
    outer loop
      vertex 27.0555 58.9445 9.4
      vertex 27.2554 59.1258 2.4
      vertex 27.0555 58.9445 2.4
    endloop
  endfacet
  facet normal -0.336829 0.941566 0
    outer loop
      vertex 28.2017 59.6316 2.4
      vertex 27.9476 59.5407 9.4
      vertex 28.2017 59.6316 9.4
    endloop
  endfacet
  facet normal -0.336829 0.941566 0
    outer loop
      vertex 27.9476 59.5407 9.4
      vertex 28.2017 59.6316 2.4
      vertex 27.9476 59.5407 2.4
    endloop
  endfacet
  facet normal -0.803367 -0.595485 0
    outer loop
      vertex 26.8742 55.2554 2.4
      vertex 26.7135 55.4722 9.4
      vertex 26.7135 55.4722 2.4
    endloop
  endfacet
  facet normal -0.803367 -0.595485 0
    outer loop
      vertex 26.7135 55.4722 9.4
      vertex 26.8742 55.2554 2.4
      vertex 26.8742 55.2554 9.4
    endloop
  endfacet
  facet normal 0.941566 0.336829 0
    outer loop
      vertex 31.6316 57.7983 9.4
      vertex 31.5407 58.0524 2.4
      vertex 31.5407 58.0524 9.4
    endloop
  endfacet
  facet normal 0.941566 0.336829 0
    outer loop
      vertex 31.5407 58.0524 2.4
      vertex 31.6316 57.7983 9.4
      vertex 31.6316 57.7983 2.4
    endloop
  endfacet
  facet normal 0.427688 0.903926 -0
    outer loop
      vertex 30.2963 59.4253 2.4
      vertex 30.0524 59.5407 9.4
      vertex 30.2963 59.4253 9.4
    endloop
  endfacet
  facet normal 0.427688 0.903926 0
    outer loop
      vertex 30.0524 59.5407 9.4
      vertex 30.2963 59.4253 2.4
      vertex 30.0524 59.5407 2.4
    endloop
  endfacet
  facet normal 0.595485 0.803367 -0
    outer loop
      vertex 30.7446 59.1258 2.4
      vertex 30.5278 59.2865 9.4
      vertex 30.7446 59.1258 9.4
    endloop
  endfacet
  facet normal 0.595485 0.803367 0
    outer loop
      vertex 30.5278 59.2865 9.4
      vertex 30.7446 59.1258 2.4
      vertex 30.5278 59.2865 2.4
    endloop
  endfacet
  facet normal -0.857656 0.514223 0
    outer loop
      vertex 26.5747 58.2963 2.4
      vertex 26.7135 58.5278 9.4
      vertex 26.7135 58.5278 2.4
    endloop
  endfacet
  facet normal -0.857656 0.514223 0
    outer loop
      vertex 26.7135 58.5278 9.4
      vertex 26.5747 58.2963 2.4
      vertex 26.5747 58.2963 9.4
    endloop
  endfacet
  facet normal -0.803367 0.595485 0
    outer loop
      vertex 26.7135 58.5278 2.4
      vertex 26.8742 58.7446 9.4
      vertex 26.8742 58.7446 2.4
    endloop
  endfacet
  facet normal -0.803367 0.595485 0
    outer loop
      vertex 26.8742 58.7446 9.4
      vertex 26.7135 58.5278 2.4
      vertex 26.7135 58.5278 9.4
    endloop
  endfacet
  facet normal 0.903926 -0.427688 0
    outer loop
      vertex 31.4253 55.7037 9.4
      vertex 31.5407 55.9476 2.4
      vertex 31.5407 55.9476 9.4
    endloop
  endfacet
  facet normal 0.903926 -0.427688 0
    outer loop
      vertex 31.5407 55.9476 2.4
      vertex 31.4253 55.7037 9.4
      vertex 31.4253 55.7037 2.4
    endloop
  endfacet
  facet normal 0.243059 -0.970012 0
    outer loop
      vertex 29.5365 54.3028 2.4
      vertex 29.7983 54.3684 9.4
      vertex 29.5365 54.3028 9.4
    endloop
  endfacet
  facet normal 0.243059 -0.970012 0
    outer loop
      vertex 29.7983 54.3684 9.4
      vertex 29.5365 54.3028 2.4
      vertex 29.7983 54.3684 2.4
    endloop
  endfacet
  facet normal 0.740728 -0.671805 0
    outer loop
      vertex 30.9445 55.0555 9.4
      vertex 31.1258 55.2554 2.4
      vertex 31.1258 55.2554 9.4
    endloop
  endfacet
  facet normal 0.740728 -0.671805 0
    outer loop
      vertex 31.1258 55.2554 2.4
      vertex 30.9445 55.0555 9.4
      vertex 30.9445 55.0555 2.4
    endloop
  endfacet
  facet normal 0.970012 -0.243059 0
    outer loop
      vertex 31.6316 56.2017 9.4
      vertex 31.6972 56.4635 2.4
      vertex 31.6972 56.4635 9.4
    endloop
  endfacet
  facet normal 0.970012 -0.243059 0
    outer loop
      vertex 31.6972 56.4635 2.4
      vertex 31.6316 56.2017 9.4
      vertex 31.6316 56.2017 2.4
    endloop
  endfacet
  facet normal -0.336829 -0.941566 0
    outer loop
      vertex 27.9476 54.4593 2.4
      vertex 28.2017 54.3684 9.4
      vertex 27.9476 54.4593 9.4
    endloop
  endfacet
  facet normal -0.336829 -0.941566 -0
    outer loop
      vertex 28.2017 54.3684 9.4
      vertex 27.9476 54.4593 2.4
      vertex 28.2017 54.3684 2.4
    endloop
  endfacet
  facet normal -0.514223 -0.857656 0
    outer loop
      vertex 27.4722 54.7135 2.4
      vertex 27.7037 54.5747 9.4
      vertex 27.4722 54.7135 9.4
    endloop
  endfacet
  facet normal -0.514223 -0.857656 -0
    outer loop
      vertex 27.7037 54.5747 9.4
      vertex 27.4722 54.7135 2.4
      vertex 27.7037 54.5747 2.4
    endloop
  endfacet
  facet normal -0.970012 -0.243059 0
    outer loop
      vertex 26.3684 56.2017 2.4
      vertex 26.3028 56.4635 9.4
      vertex 26.3028 56.4635 2.4
    endloop
  endfacet
  facet normal -0.970012 -0.243059 0
    outer loop
      vertex 26.3028 56.4635 9.4
      vertex 26.3684 56.2017 2.4
      vertex 26.3684 56.2017 9.4
    endloop
  endfacet
  facet normal 0.903926 0.427688 0
    outer loop
      vertex 31.5407 58.0524 9.4
      vertex 31.4253 58.2963 2.4
      vertex 31.4253 58.2963 9.4
    endloop
  endfacet
  facet normal 0.903926 0.427688 0
    outer loop
      vertex 31.4253 58.2963 2.4
      vertex 31.5407 58.0524 9.4
      vertex 31.5407 58.0524 2.4
    endloop
  endfacet
  facet normal 0.857656 0.514223 0
    outer loop
      vertex 31.4253 58.2963 9.4
      vertex 31.2865 58.5278 2.4
      vertex 31.2865 58.5278 9.4
    endloop
  endfacet
  facet normal 0.857656 0.514223 0
    outer loop
      vertex 31.2865 58.5278 2.4
      vertex 31.4253 58.2963 9.4
      vertex 31.4253 58.2963 2.4
    endloop
  endfacet
  facet normal 0.803367 0.595485 0
    outer loop
      vertex 31.2865 58.5278 9.4
      vertex 31.1258 58.7446 2.4
      vertex 31.1258 58.7446 9.4
    endloop
  endfacet
  facet normal 0.803367 0.595485 0
    outer loop
      vertex 31.1258 58.7446 2.4
      vertex 31.2865 58.5278 9.4
      vertex 31.2865 58.5278 2.4
    endloop
  endfacet
  facet normal 0.243059 0.970012 -0
    outer loop
      vertex 29.7983 59.6316 2.4
      vertex 29.5365 59.6972 9.4
      vertex 29.7983 59.6316 9.4
    endloop
  endfacet
  facet normal 0.243059 0.970012 0
    outer loop
      vertex 29.5365 59.6972 9.4
      vertex 29.7983 59.6316 2.4
      vertex 29.5365 59.6972 2.4
    endloop
  endfacet
  facet normal 0.514223 0.857656 -0
    outer loop
      vertex 30.5278 59.2865 2.4
      vertex 30.2963 59.4253 9.4
      vertex 30.5278 59.2865 9.4
    endloop
  endfacet
  facet normal 0.514223 0.857656 0
    outer loop
      vertex 30.2963 59.4253 9.4
      vertex 30.5278 59.2865 2.4
      vertex 30.2963 59.4253 2.4
    endloop
  endfacet
  facet normal -0.903926 0.427688 0
    outer loop
      vertex 26.4593 58.0524 2.4
      vertex 26.5747 58.2963 9.4
      vertex 26.5747 58.2963 2.4
    endloop
  endfacet
  facet normal -0.903926 0.427688 0
    outer loop
      vertex 26.5747 58.2963 9.4
      vertex 26.4593 58.0524 2.4
      vertex 26.4593 58.0524 9.4
    endloop
  endfacet
  facet normal -0.970012 0.243059 0
    outer loop
      vertex 26.3028 57.5365 2.4
      vertex 26.3684 57.7983 9.4
      vertex 26.3684 57.7983 2.4
    endloop
  endfacet
  facet normal -0.970012 0.243059 0
    outer loop
      vertex 26.3684 57.7983 9.4
      vertex 26.3028 57.5365 2.4
      vertex 26.3028 57.5365 9.4
    endloop
  endfacet
  facet normal -0.514223 0.857656 0
    outer loop
      vertex 27.7037 59.4253 2.4
      vertex 27.4722 59.2865 9.4
      vertex 27.7037 59.4253 9.4
    endloop
  endfacet
  facet normal -0.514223 0.857656 0
    outer loop
      vertex 27.4722 59.2865 9.4
      vertex 27.7037 59.4253 2.4
      vertex 27.4722 59.2865 2.4
    endloop
  endfacet
  facet normal -0.0489209 0.998803 0
    outer loop
      vertex 29 59.75 2.4
      vertex 28.7305 59.7368 9.4
      vertex 29 59.75 9.4
    endloop
  endfacet
  facet normal -0.0489209 0.998803 0
    outer loop
      vertex 28.7305 59.7368 9.4
      vertex 29 59.75 2.4
      vertex 28.7305 59.7368 2.4
    endloop
  endfacet
  facet normal -0.14671 0.98918 0
    outer loop
      vertex 28.7305 59.7368 2.4
      vertex 28.4635 59.6972 9.4
      vertex 28.7305 59.7368 9.4
    endloop
  endfacet
  facet normal -0.14671 0.98918 0
    outer loop
      vertex 28.4635 59.6972 9.4
      vertex 28.7305 59.7368 2.4
      vertex 28.4635 59.6972 2.4
    endloop
  endfacet
  facet normal 0.0489209 -0.998803 0
    outer loop
      vertex 29 54.25 2.4
      vertex 29.2695 54.2632 9.4
      vertex 29 54.25 9.4
    endloop
  endfacet
  facet normal 0.0489209 -0.998803 0
    outer loop
      vertex 29.2695 54.2632 9.4
      vertex 29 54.25 2.4
      vertex 29.2695 54.2632 2.4
    endloop
  endfacet
  facet normal 0.14671 -0.98918 0
    outer loop
      vertex 29.2695 54.2632 2.4
      vertex 29.5365 54.3028 9.4
      vertex 29.2695 54.2632 9.4
    endloop
  endfacet
  facet normal 0.14671 -0.98918 0
    outer loop
      vertex 29.5365 54.3028 9.4
      vertex 29.2695 54.2632 2.4
      vertex 29.5365 54.3028 2.4
    endloop
  endfacet
  facet normal 0.514223 -0.857656 0
    outer loop
      vertex 30.2963 54.5747 2.4
      vertex 30.5278 54.7135 9.4
      vertex 30.2963 54.5747 9.4
    endloop
  endfacet
  facet normal 0.514223 -0.857656 0
    outer loop
      vertex 30.5278 54.7135 9.4
      vertex 30.2963 54.5747 2.4
      vertex 30.5278 54.7135 2.4
    endloop
  endfacet
  facet normal 0.671805 -0.740728 0
    outer loop
      vertex 30.7446 54.8742 2.4
      vertex 30.9445 55.0555 9.4
      vertex 30.7446 54.8742 9.4
    endloop
  endfacet
  facet normal 0.671805 -0.740728 0
    outer loop
      vertex 30.9445 55.0555 9.4
      vertex 30.7446 54.8742 2.4
      vertex 30.9445 55.0555 2.4
    endloop
  endfacet
  facet normal 0.595485 -0.803367 0
    outer loop
      vertex 30.5278 54.7135 2.4
      vertex 30.7446 54.8742 9.4
      vertex 30.5278 54.7135 9.4
    endloop
  endfacet
  facet normal 0.595485 -0.803367 0
    outer loop
      vertex 30.7446 54.8742 9.4
      vertex 30.5278 54.7135 2.4
      vertex 30.7446 54.8742 2.4
    endloop
  endfacet
  facet normal 0.803367 -0.595485 0
    outer loop
      vertex 31.1258 55.2554 9.4
      vertex 31.2865 55.4722 2.4
      vertex 31.2865 55.4722 9.4
    endloop
  endfacet
  facet normal 0.803367 -0.595485 0
    outer loop
      vertex 31.2865 55.4722 2.4
      vertex 31.1258 55.2554 9.4
      vertex 31.1258 55.2554 2.4
    endloop
  endfacet
  facet normal 0.857656 -0.514223 0
    outer loop
      vertex 31.2865 55.4722 9.4
      vertex 31.4253 55.7037 2.4
      vertex 31.4253 55.7037 9.4
    endloop
  endfacet
  facet normal 0.857656 -0.514223 0
    outer loop
      vertex 31.4253 55.7037 2.4
      vertex 31.2865 55.4722 9.4
      vertex 31.2865 55.4722 2.4
    endloop
  endfacet
  facet normal -0.14671 -0.98918 0
    outer loop
      vertex 28.4635 54.3028 2.4
      vertex 28.7305 54.2632 9.4
      vertex 28.4635 54.3028 9.4
    endloop
  endfacet
  facet normal -0.14671 -0.98918 -0
    outer loop
      vertex 28.7305 54.2632 9.4
      vertex 28.4635 54.3028 2.4
      vertex 28.7305 54.2632 2.4
    endloop
  endfacet
  facet normal -0.671805 -0.740728 0
    outer loop
      vertex 27.0555 55.0555 2.4
      vertex 27.2554 54.8742 9.4
      vertex 27.0555 55.0555 9.4
    endloop
  endfacet
  facet normal -0.671805 -0.740728 -0
    outer loop
      vertex 27.2554 54.8742 9.4
      vertex 27.0555 55.0555 2.4
      vertex 27.2554 54.8742 2.4
    endloop
  endfacet
  facet normal -0.427688 -0.903926 0
    outer loop
      vertex 27.7037 54.5747 2.4
      vertex 27.9476 54.4593 9.4
      vertex 27.7037 54.5747 9.4
    endloop
  endfacet
  facet normal -0.427688 -0.903926 -0
    outer loop
      vertex 27.9476 54.4593 9.4
      vertex 27.7037 54.5747 2.4
      vertex 27.9476 54.4593 2.4
    endloop
  endfacet
  facet normal -0.0489209 -0.998803 0
    outer loop
      vertex 28.7305 54.2632 2.4
      vertex 29 54.25 9.4
      vertex 28.7305 54.2632 9.4
    endloop
  endfacet
  facet normal -0.0489209 -0.998803 -0
    outer loop
      vertex 29 54.25 9.4
      vertex 28.7305 54.2632 2.4
      vertex 29 54.25 2.4
    endloop
  endfacet
  facet normal -0.595485 -0.803367 0
    outer loop
      vertex 27.2554 54.8742 2.4
      vertex 27.4722 54.7135 9.4
      vertex 27.2554 54.8742 9.4
    endloop
  endfacet
  facet normal -0.595485 -0.803367 -0
    outer loop
      vertex 27.4722 54.7135 9.4
      vertex 27.2554 54.8742 2.4
      vertex 27.4722 54.7135 2.4
    endloop
  endfacet
  facet normal -0.903926 -0.427688 0
    outer loop
      vertex 26.5747 55.7037 2.4
      vertex 26.4593 55.9476 9.4
      vertex 26.4593 55.9476 2.4
    endloop
  endfacet
  facet normal -0.903926 -0.427688 0
    outer loop
      vertex 26.4593 55.9476 9.4
      vertex 26.5747 55.7037 2.4
      vertex 26.5747 55.7037 9.4
    endloop
  endfacet
  facet normal -0.857656 -0.514223 0
    outer loop
      vertex 26.7135 55.4722 2.4
      vertex 26.5747 55.7037 9.4
      vertex 26.5747 55.7037 2.4
    endloop
  endfacet
  facet normal -0.857656 -0.514223 0
    outer loop
      vertex 26.5747 55.7037 9.4
      vertex 26.7135 55.4722 2.4
      vertex 26.7135 55.4722 9.4
    endloop
  endfacet
  facet normal -0.998803 -0.0489209 0
    outer loop
      vertex 26.2632 56.7305 2.4
      vertex 26.25 57 9.4
      vertex 26.25 57 2.4
    endloop
  endfacet
  facet normal -0.998803 -0.0489209 0
    outer loop
      vertex 26.25 57 9.4
      vertex 26.2632 56.7305 2.4
      vertex 26.2632 56.7305 9.4
    endloop
  endfacet
  facet normal 0 0 -1
    outer loop
      vertex 31.7368 56.7305 2.4
      vertex 31.7368 57.2695 2.4
      vertex 31.75 57 2.4
    endloop
  endfacet
  facet normal 0 0 -1
    outer loop
      vertex 31.6972 56.4635 2.4
      vertex 31.7368 57.2695 2.4
      vertex 31.7368 56.7305 2.4
    endloop
  endfacet
  facet normal 0 0 -1
    outer loop
      vertex 31.6972 56.4635 2.4
      vertex 31.6972 57.5365 2.4
      vertex 31.7368 57.2695 2.4
    endloop
  endfacet
  facet normal 0 0 -1
    outer loop
      vertex 31.6316 56.2017 2.4
      vertex 31.6972 57.5365 2.4
      vertex 31.6972 56.4635 2.4
    endloop
  endfacet
  facet normal 0 0 -1
    outer loop
      vertex 31.6316 56.2017 2.4
      vertex 31.6316 57.7983 2.4
      vertex 31.6972 57.5365 2.4
    endloop
  endfacet
  facet normal 0 0 -1
    outer loop
      vertex 31.5407 55.9476 2.4
      vertex 31.6316 57.7983 2.4
      vertex 31.6316 56.2017 2.4
    endloop
  endfacet
  facet normal 0 0 -1
    outer loop
      vertex 31.5407 55.9476 2.4
      vertex 31.5407 58.0524 2.4
      vertex 31.6316 57.7983 2.4
    endloop
  endfacet
  facet normal 0 0 -1
    outer loop
      vertex 31.4253 55.7037 2.4
      vertex 31.5407 58.0524 2.4
      vertex 31.5407 55.9476 2.4
    endloop
  endfacet
  facet normal 0 0 -1
    outer loop
      vertex 31.4253 55.7037 2.4
      vertex 31.4253 58.2963 2.4
      vertex 31.5407 58.0524 2.4
    endloop
  endfacet
  facet normal 0 0 -1
    outer loop
      vertex 31.2865 55.4722 2.4
      vertex 31.4253 58.2963 2.4
      vertex 31.4253 55.7037 2.4
    endloop
  endfacet
  facet normal 0 0 -1
    outer loop
      vertex 31.2865 55.4722 2.4
      vertex 31.2865 58.5278 2.4
      vertex 31.4253 58.2963 2.4
    endloop
  endfacet
  facet normal 0 0 -1
    outer loop
      vertex 31.1258 55.2554 2.4
      vertex 31.2865 58.5278 2.4
      vertex 31.2865 55.4722 2.4
    endloop
  endfacet
  facet normal 0 0 -1
    outer loop
      vertex 31.1258 55.2554 2.4
      vertex 31.1258 58.7446 2.4
      vertex 31.2865 58.5278 2.4
    endloop
  endfacet
  facet normal 0 0 -1
    outer loop
      vertex 30.9445 55.0555 2.4
      vertex 31.1258 58.7446 2.4
      vertex 31.1258 55.2554 2.4
    endloop
  endfacet
  facet normal 0 0 -1
    outer loop
      vertex 30.9445 55.0555 2.4
      vertex 30.9445 58.9445 2.4
      vertex 31.1258 58.7446 2.4
    endloop
  endfacet
  facet normal 0 0 -1
    outer loop
      vertex 30.7446 54.8742 2.4
      vertex 30.9445 58.9445 2.4
      vertex 30.9445 55.0555 2.4
    endloop
  endfacet
  facet normal 0 0 -1
    outer loop
      vertex 30.7446 54.8742 2.4
      vertex 30.7446 59.1258 2.4
      vertex 30.9445 58.9445 2.4
    endloop
  endfacet
  facet normal 0 0 -1
    outer loop
      vertex 30.5278 54.7135 2.4
      vertex 30.7446 59.1258 2.4
      vertex 30.7446 54.8742 2.4
    endloop
  endfacet
  facet normal 0 0 -1
    outer loop
      vertex 30.5278 54.7135 2.4
      vertex 30.5278 59.2865 2.4
      vertex 30.7446 59.1258 2.4
    endloop
  endfacet
  facet normal 0 0 -1
    outer loop
      vertex 30.2963 54.5747 2.4
      vertex 30.5278 59.2865 2.4
      vertex 30.5278 54.7135 2.4
    endloop
  endfacet
  facet normal 0 0 -1
    outer loop
      vertex 30.2963 54.5747 2.4
      vertex 30.2963 59.4253 2.4
      vertex 30.5278 59.2865 2.4
    endloop
  endfacet
  facet normal 0 0 -1
    outer loop
      vertex 30.0524 54.4593 2.4
      vertex 30.2963 59.4253 2.4
      vertex 30.2963 54.5747 2.4
    endloop
  endfacet
  facet normal 0 0 -1
    outer loop
      vertex 30.0524 54.4593 2.4
      vertex 30.0524 59.5407 2.4
      vertex 30.2963 59.4253 2.4
    endloop
  endfacet
  facet normal 0 0 -1
    outer loop
      vertex 29.7983 54.3684 2.4
      vertex 30.0524 59.5407 2.4
      vertex 30.0524 54.4593 2.4
    endloop
  endfacet
  facet normal 0 0 -1
    outer loop
      vertex 29.7983 54.3684 2.4
      vertex 29.7983 59.6316 2.4
      vertex 30.0524 59.5407 2.4
    endloop
  endfacet
  facet normal 0 0 -1
    outer loop
      vertex 29.5365 54.3028 2.4
      vertex 29.7983 59.6316 2.4
      vertex 29.7983 54.3684 2.4
    endloop
  endfacet
  facet normal 0 0 -1
    outer loop
      vertex 29.5365 54.3028 2.4
      vertex 29.5365 59.6972 2.4
      vertex 29.7983 59.6316 2.4
    endloop
  endfacet
  facet normal 0 0 -1
    outer loop
      vertex 29.2695 54.2632 2.4
      vertex 29.5365 59.6972 2.4
      vertex 29.5365 54.3028 2.4
    endloop
  endfacet
  facet normal 0 0 -1
    outer loop
      vertex 29.2695 54.2632 2.4
      vertex 29.2695 59.7368 2.4
      vertex 29.5365 59.6972 2.4
    endloop
  endfacet
  facet normal 0 0 -1
    outer loop
      vertex 29 54.25 2.4
      vertex 29.2695 59.7368 2.4
      vertex 29.2695 54.2632 2.4
    endloop
  endfacet
  facet normal 0 0 -1
    outer loop
      vertex 29 54.25 2.4
      vertex 29 59.75 2.4
      vertex 29.2695 59.7368 2.4
    endloop
  endfacet
  facet normal 0 0 -1
    outer loop
      vertex 28.7305 54.2632 2.4
      vertex 29 59.75 2.4
      vertex 29 54.25 2.4
    endloop
  endfacet
  facet normal 0 0 -1
    outer loop
      vertex 28.7305 54.2632 2.4
      vertex 28.7305 59.7368 2.4
      vertex 29 59.75 2.4
    endloop
  endfacet
  facet normal 0 0 -1
    outer loop
      vertex 28.4635 54.3028 2.4
      vertex 28.7305 59.7368 2.4
      vertex 28.7305 54.2632 2.4
    endloop
  endfacet
  facet normal 0 0 -1
    outer loop
      vertex 28.4635 54.3028 2.4
      vertex 28.4635 59.6972 2.4
      vertex 28.7305 59.7368 2.4
    endloop
  endfacet
  facet normal 0 0 -1
    outer loop
      vertex 28.2017 54.3684 2.4
      vertex 28.4635 59.6972 2.4
      vertex 28.4635 54.3028 2.4
    endloop
  endfacet
  facet normal 0 0 -1
    outer loop
      vertex 28.2017 54.3684 2.4
      vertex 28.2017 59.6316 2.4
      vertex 28.4635 59.6972 2.4
    endloop
  endfacet
  facet normal 0 0 -1
    outer loop
      vertex 27.9476 54.4593 2.4
      vertex 28.2017 59.6316 2.4
      vertex 28.2017 54.3684 2.4
    endloop
  endfacet
  facet normal 0 0 -1
    outer loop
      vertex 27.9476 54.4593 2.4
      vertex 27.9476 59.5407 2.4
      vertex 28.2017 59.6316 2.4
    endloop
  endfacet
  facet normal 0 0 -1
    outer loop
      vertex 27.7037 54.5747 2.4
      vertex 27.9476 59.5407 2.4
      vertex 27.9476 54.4593 2.4
    endloop
  endfacet
  facet normal 0 0 -1
    outer loop
      vertex 27.7037 54.5747 2.4
      vertex 27.7037 59.4253 2.4
      vertex 27.9476 59.5407 2.4
    endloop
  endfacet
  facet normal 0 0 -1
    outer loop
      vertex 27.4722 54.7135 2.4
      vertex 27.7037 59.4253 2.4
      vertex 27.7037 54.5747 2.4
    endloop
  endfacet
  facet normal 0 0 -1
    outer loop
      vertex 27.4722 54.7135 2.4
      vertex 27.4722 59.2865 2.4
      vertex 27.7037 59.4253 2.4
    endloop
  endfacet
  facet normal 0 0 -1
    outer loop
      vertex 27.2554 54.8742 2.4
      vertex 27.4722 59.2865 2.4
      vertex 27.4722 54.7135 2.4
    endloop
  endfacet
  facet normal 0 0 -1
    outer loop
      vertex 27.2554 54.8742 2.4
      vertex 27.2554 59.1258 2.4
      vertex 27.4722 59.2865 2.4
    endloop
  endfacet
  facet normal 0 0 -1
    outer loop
      vertex 27.0555 55.0555 2.4
      vertex 27.2554 59.1258 2.4
      vertex 27.2554 54.8742 2.4
    endloop
  endfacet
  facet normal 0 0 -1
    outer loop
      vertex 27.0555 55.0555 2.4
      vertex 27.0555 58.9445 2.4
      vertex 27.2554 59.1258 2.4
    endloop
  endfacet
  facet normal 0 0 -1
    outer loop
      vertex 26.8742 55.2554 2.4
      vertex 27.0555 58.9445 2.4
      vertex 27.0555 55.0555 2.4
    endloop
  endfacet
  facet normal 0 0 -1
    outer loop
      vertex 26.8742 55.2554 2.4
      vertex 26.8742 58.7446 2.4
      vertex 27.0555 58.9445 2.4
    endloop
  endfacet
  facet normal 0 0 -1
    outer loop
      vertex 26.7135 55.4722 2.4
      vertex 26.8742 58.7446 2.4
      vertex 26.8742 55.2554 2.4
    endloop
  endfacet
  facet normal 0 0 -1
    outer loop
      vertex 26.7135 55.4722 2.4
      vertex 26.7135 58.5278 2.4
      vertex 26.8742 58.7446 2.4
    endloop
  endfacet
  facet normal 0 0 -1
    outer loop
      vertex 26.5747 55.7037 2.4
      vertex 26.7135 58.5278 2.4
      vertex 26.7135 55.4722 2.4
    endloop
  endfacet
  facet normal 0 0 -1
    outer loop
      vertex 26.5747 55.7037 2.4
      vertex 26.5747 58.2963 2.4
      vertex 26.7135 58.5278 2.4
    endloop
  endfacet
  facet normal 0 0 -1
    outer loop
      vertex 26.4593 55.9476 2.4
      vertex 26.5747 58.2963 2.4
      vertex 26.5747 55.7037 2.4
    endloop
  endfacet
  facet normal 0 0 -1
    outer loop
      vertex 26.4593 55.9476 2.4
      vertex 26.4593 58.0524 2.4
      vertex 26.5747 58.2963 2.4
    endloop
  endfacet
  facet normal 0 0 -1
    outer loop
      vertex 26.3684 56.2017 2.4
      vertex 26.4593 58.0524 2.4
      vertex 26.4593 55.9476 2.4
    endloop
  endfacet
  facet normal 0 0 -1
    outer loop
      vertex 26.3684 56.2017 2.4
      vertex 26.3684 57.7983 2.4
      vertex 26.4593 58.0524 2.4
    endloop
  endfacet
  facet normal 0 0 -1
    outer loop
      vertex 26.3028 56.4635 2.4
      vertex 26.3684 57.7983 2.4
      vertex 26.3684 56.2017 2.4
    endloop
  endfacet
  facet normal 0 0 -1
    outer loop
      vertex 26.3028 56.4635 2.4
      vertex 26.3028 57.5365 2.4
      vertex 26.3684 57.7983 2.4
    endloop
  endfacet
  facet normal 0 0 -1
    outer loop
      vertex 26.2632 56.7305 2.4
      vertex 26.3028 57.5365 2.4
      vertex 26.3028 56.4635 2.4
    endloop
  endfacet
  facet normal 0 0 -1
    outer loop
      vertex 26.2632 56.7305 2.4
      vertex 26.2632 57.2695 2.4
      vertex 26.3028 57.5365 2.4
    endloop
  endfacet
  facet normal 0 -0 -1
    outer loop
      vertex 26.2632 57.2695 2.4
      vertex 26.2632 56.7305 2.4
      vertex 26.25 57 2.4
    endloop
  endfacet
  facet normal 0.98918 0.14671 0
    outer loop
      vertex 31.7368 57.2695 9.4
      vertex 31.6972 57.5365 2.4
      vertex 31.6972 57.5365 9.4
    endloop
  endfacet
  facet normal 0.98918 0.14671 0
    outer loop
      vertex 31.6972 57.5365 2.4
      vertex 31.7368 57.2695 9.4
      vertex 31.7368 57.2695 2.4
    endloop
  endfacet
  facet normal 0.740728 0.671805 0
    outer loop
      vertex 31.1258 58.7446 9.4
      vertex 30.9445 58.9445 2.4
      vertex 30.9445 58.9445 9.4
    endloop
  endfacet
  facet normal 0.740728 0.671805 0
    outer loop
      vertex 30.9445 58.9445 2.4
      vertex 31.1258 58.7446 9.4
      vertex 31.1258 58.7446 2.4
    endloop
  endfacet
  facet normal 0.14671 0.98918 -0
    outer loop
      vertex 29.5365 59.6972 2.4
      vertex 29.2695 59.7368 9.4
      vertex 29.5365 59.6972 9.4
    endloop
  endfacet
  facet normal 0.14671 0.98918 0
    outer loop
      vertex 29.2695 59.7368 9.4
      vertex 29.5365 59.6972 2.4
      vertex 29.2695 59.7368 2.4
    endloop
  endfacet
  facet normal 0.336829 0.941566 -0
    outer loop
      vertex 30.0524 59.5407 2.4
      vertex 29.7983 59.6316 9.4
      vertex 30.0524 59.5407 9.4
    endloop
  endfacet
  facet normal 0.336829 0.941566 0
    outer loop
      vertex 29.7983 59.6316 9.4
      vertex 30.0524 59.5407 2.4
      vertex 29.7983 59.6316 2.4
    endloop
  endfacet
  facet normal -0.740728 0.671805 0
    outer loop
      vertex 26.8742 58.7446 2.4
      vertex 27.0555 58.9445 9.4
      vertex 27.0555 58.9445 2.4
    endloop
  endfacet
  facet normal -0.740728 0.671805 0
    outer loop
      vertex 27.0555 58.9445 9.4
      vertex 26.8742 58.7446 2.4
      vertex 26.8742 58.7446 9.4
    endloop
  endfacet
  facet normal 0 0 1
    outer loop
      vertex 30.2 57 9.4
      vertex 31.75 57 9.4
      vertex 31.7368 57.2695 9.4
    endloop
  endfacet
  facet normal 0 0 1
    outer loop
      vertex 30.1942 57.1176 9.4
      vertex 31.7368 57.2695 9.4
      vertex 31.6972 57.5365 9.4
    endloop
  endfacet
  facet normal 0 0 1
    outer loop
      vertex 31.75 57 9.4
      vertex 30.2 57 9.4
      vertex 31.7368 56.7305 9.4
    endloop
  endfacet
  facet normal 0 0 1
    outer loop
      vertex 30.1769 57.2341 9.4
      vertex 31.6972 57.5365 9.4
      vertex 31.6316 57.7983 9.4
    endloop
  endfacet
  facet normal -0 0 1
    outer loop
      vertex 30.1942 56.8824 9.4
      vertex 31.7368 56.7305 9.4
      vertex 30.2 57 9.4
    endloop
  endfacet
  facet normal 0 0 1
    outer loop
      vertex 30.1483 57.3483 9.4
      vertex 31.6316 57.7983 9.4
      vertex 31.5407 58.0524 9.4
    endloop
  endfacet
  facet normal 0 0 1
    outer loop
      vertex 31.7368 56.7305 9.4
      vertex 30.1942 56.8824 9.4
      vertex 31.6972 56.4635 9.4
    endloop
  endfacet
  facet normal 0 0 1
    outer loop
      vertex 30.1087 57.4592 9.4
      vertex 31.5407 58.0524 9.4
      vertex 31.4253 58.2963 9.4
    endloop
  endfacet
  facet normal -0 0 1
    outer loop
      vertex 30.1769 56.7659 9.4
      vertex 31.6972 56.4635 9.4
      vertex 30.1942 56.8824 9.4
    endloop
  endfacet
  facet normal 0 0 1
    outer loop
      vertex 30.0583 57.5657 9.4
      vertex 31.4253 58.2963 9.4
      vertex 31.2865 58.5278 9.4
    endloop
  endfacet
  facet normal 0 0 1
    outer loop
      vertex 31.6972 56.4635 9.4
      vertex 30.1769 56.7659 9.4
      vertex 31.6316 56.2017 9.4
    endloop
  endfacet
  facet normal 0 0 1
    outer loop
      vertex 29.9978 57.6667 9.4
      vertex 31.2865 58.5278 9.4
      vertex 31.1258 58.7446 9.4
    endloop
  endfacet
  facet normal -0 0 1
    outer loop
      vertex 30.1483 56.6517 9.4
      vertex 31.6316 56.2017 9.4
      vertex 30.1769 56.7659 9.4
    endloop
  endfacet
  facet normal 0 0 1
    outer loop
      vertex 29.9276 57.7613 9.4
      vertex 31.1258 58.7446 9.4
      vertex 30.9445 58.9445 9.4
    endloop
  endfacet
  facet normal 0 0 1
    outer loop
      vertex 31.6316 56.2017 9.4
      vertex 30.1483 56.6517 9.4
      vertex 31.5407 55.9476 9.4
    endloop
  endfacet
  facet normal 0 0 1
    outer loop
      vertex 29.8485 57.8485 9.4
      vertex 30.9445 58.9445 9.4
      vertex 30.7446 59.1258 9.4
    endloop
  endfacet
  facet normal -0 0 1
    outer loop
      vertex 30.1087 56.5408 9.4
      vertex 31.5407 55.9476 9.4
      vertex 30.1483 56.6517 9.4
    endloop
  endfacet
  facet normal 0 0 1
    outer loop
      vertex 29.7613 57.9276 9.4
      vertex 30.7446 59.1258 9.4
      vertex 30.5278 59.2865 9.4
    endloop
  endfacet
  facet normal 0 0 1
    outer loop
      vertex 31.5407 55.9476 9.4
      vertex 30.1087 56.5408 9.4
      vertex 31.4253 55.7037 9.4
    endloop
  endfacet
  facet normal 0 0 1
    outer loop
      vertex 29.6667 57.9978 9.4
      vertex 30.5278 59.2865 9.4
      vertex 30.2963 59.4253 9.4
    endloop
  endfacet
  facet normal -0 0 1
    outer loop
      vertex 30.0583 56.4343 9.4
      vertex 31.4253 55.7037 9.4
      vertex 30.1087 56.5408 9.4
    endloop
  endfacet
  facet normal 0 0 1
    outer loop
      vertex 31.4253 55.7037 9.4
      vertex 30.0583 56.4343 9.4
      vertex 31.2865 55.4722 9.4
    endloop
  endfacet
  facet normal 0 0 1
    outer loop
      vertex 31.7368 57.2695 9.4
      vertex 30.1942 57.1176 9.4
      vertex 30.2 57 9.4
    endloop
  endfacet
  facet normal 0 0 1
    outer loop
      vertex 31.6972 57.5365 9.4
      vertex 30.1769 57.2341 9.4
      vertex 30.1942 57.1176 9.4
    endloop
  endfacet
  facet normal 0 0 1
    outer loop
      vertex 31.6316 57.7983 9.4
      vertex 30.1483 57.3483 9.4
      vertex 30.1769 57.2341 9.4
    endloop
  endfacet
  facet normal 0 0 1
    outer loop
      vertex 31.5407 58.0524 9.4
      vertex 30.1087 57.4592 9.4
      vertex 30.1483 57.3483 9.4
    endloop
  endfacet
  facet normal 0 0 1
    outer loop
      vertex 31.4253 58.2963 9.4
      vertex 30.0583 57.5657 9.4
      vertex 30.1087 57.4592 9.4
    endloop
  endfacet
  facet normal 0 0 1
    outer loop
      vertex 29.5657 58.0583 9.4
      vertex 30.2963 59.4253 9.4
      vertex 30.0524 59.5407 9.4
    endloop
  endfacet
  facet normal 0 0 1
    outer loop
      vertex 31.2865 58.5278 9.4
      vertex 29.9978 57.6667 9.4
      vertex 30.0583 57.5657 9.4
    endloop
  endfacet
  facet normal 0 0 1
    outer loop
      vertex 31.1258 58.7446 9.4
      vertex 29.9276 57.7613 9.4
      vertex 29.9978 57.6667 9.4
    endloop
  endfacet
  facet normal 0 0 1
    outer loop
      vertex 30.9445 58.9445 9.4
      vertex 29.8485 57.8485 9.4
      vertex 29.9276 57.7613 9.4
    endloop
  endfacet
  facet normal 0 0 1
    outer loop
      vertex 29.4592 58.1087 9.4
      vertex 30.0524 59.5407 9.4
      vertex 29.7983 59.6316 9.4
    endloop
  endfacet
  facet normal 0 0 1
    outer loop
      vertex 30.7446 59.1258 9.4
      vertex 29.7613 57.9276 9.4
      vertex 29.8485 57.8485 9.4
    endloop
  endfacet
  facet normal 0 0 1
    outer loop
      vertex 30.5278 59.2865 9.4
      vertex 29.6667 57.9978 9.4
      vertex 29.7613 57.9276 9.4
    endloop
  endfacet
  facet normal 0 0 1
    outer loop
      vertex 30.2963 59.4253 9.4
      vertex 29.5657 58.0583 9.4
      vertex 29.6667 57.9978 9.4
    endloop
  endfacet
  facet normal 0 0 1
    outer loop
      vertex 29.3483 58.1483 9.4
      vertex 29.7983 59.6316 9.4
      vertex 29.5365 59.6972 9.4
    endloop
  endfacet
  facet normal 0 0 1
    outer loop
      vertex 30.0524 59.5407 9.4
      vertex 29.4592 58.1087 9.4
      vertex 29.5657 58.0583 9.4
    endloop
  endfacet
  facet normal 0 0 1
    outer loop
      vertex 29.7983 59.6316 9.4
      vertex 29.3483 58.1483 9.4
      vertex 29.4592 58.1087 9.4
    endloop
  endfacet
  facet normal 0 0 1
    outer loop
      vertex 29.2341 58.1769 9.4
      vertex 29.5365 59.6972 9.4
      vertex 29.2695 59.7368 9.4
    endloop
  endfacet
  facet normal 0 0 1
    outer loop
      vertex 29.5365 59.6972 9.4
      vertex 29.2341 58.1769 9.4
      vertex 29.3483 58.1483 9.4
    endloop
  endfacet
  facet normal 0 0 1
    outer loop
      vertex 29.2695 59.7368 9.4
      vertex 29.1176 58.1942 9.4
      vertex 29.2341 58.1769 9.4
    endloop
  endfacet
  facet normal 0 0 1
    outer loop
      vertex 29 59.75 9.4
      vertex 29.1176 58.1942 9.4
      vertex 29.2695 59.7368 9.4
    endloop
  endfacet
  facet normal 0 0 1
    outer loop
      vertex 29 59.75 9.4
      vertex 29 58.2 9.4
      vertex 29.1176 58.1942 9.4
    endloop
  endfacet
  facet normal 0 0 1
    outer loop
      vertex 29 59.75 9.4
      vertex 28.8824 58.1942 9.4
      vertex 29 58.2 9.4
    endloop
  endfacet
  facet normal -0 0 1
    outer loop
      vertex 28.7305 59.7368 9.4
      vertex 28.8824 58.1942 9.4
      vertex 29 59.75 9.4
    endloop
  endfacet
  facet normal 0 0 1
    outer loop
      vertex 28.8824 58.1942 9.4
      vertex 28.7305 59.7368 9.4
      vertex 28.7659 58.1769 9.4
    endloop
  endfacet
  facet normal -0 0 1
    outer loop
      vertex 28.4635 59.6972 9.4
      vertex 28.7659 58.1769 9.4
      vertex 28.7305 59.7368 9.4
    endloop
  endfacet
  facet normal 0 0 1
    outer loop
      vertex 28.7659 58.1769 9.4
      vertex 28.4635 59.6972 9.4
      vertex 28.6517 58.1483 9.4
    endloop
  endfacet
  facet normal -0 0 1
    outer loop
      vertex 28.2017 59.6316 9.4
      vertex 28.6517 58.1483 9.4
      vertex 28.4635 59.6972 9.4
    endloop
  endfacet
  facet normal 0 0 1
    outer loop
      vertex 28.6517 58.1483 9.4
      vertex 28.2017 59.6316 9.4
      vertex 28.5408 58.1087 9.4
    endloop
  endfacet
  facet normal -0 0 1
    outer loop
      vertex 27.9476 59.5407 9.4
      vertex 28.5408 58.1087 9.4
      vertex 28.2017 59.6316 9.4
    endloop
  endfacet
  facet normal 0 0 1
    outer loop
      vertex 28.5408 58.1087 9.4
      vertex 27.9476 59.5407 9.4
      vertex 28.4343 58.0583 9.4
    endloop
  endfacet
  facet normal -0 0 1
    outer loop
      vertex 27.7037 59.4253 9.4
      vertex 28.4343 58.0583 9.4
      vertex 27.9476 59.5407 9.4
    endloop
  endfacet
  facet normal 0 0 1
    outer loop
      vertex 28.4343 58.0583 9.4
      vertex 27.7037 59.4253 9.4
      vertex 28.3333 57.9978 9.4
    endloop
  endfacet
  facet normal -0 0 1
    outer loop
      vertex 27.4722 59.2865 9.4
      vertex 28.3333 57.9978 9.4
      vertex 27.7037 59.4253 9.4
    endloop
  endfacet
  facet normal 0 0 1
    outer loop
      vertex 28.3333 57.9978 9.4
      vertex 27.4722 59.2865 9.4
      vertex 28.2387 57.9276 9.4
    endloop
  endfacet
  facet normal -0 0 1
    outer loop
      vertex 27.2554 59.1258 9.4
      vertex 28.2387 57.9276 9.4
      vertex 27.4722 59.2865 9.4
    endloop
  endfacet
  facet normal 0 0 1
    outer loop
      vertex 28.2387 57.9276 9.4
      vertex 27.2554 59.1258 9.4
      vertex 28.1515 57.8485 9.4
    endloop
  endfacet
  facet normal -0 0 1
    outer loop
      vertex 27.0555 58.9445 9.4
      vertex 28.1515 57.8485 9.4
      vertex 27.2554 59.1258 9.4
    endloop
  endfacet
  facet normal 0 0 1
    outer loop
      vertex 28.1515 57.8485 9.4
      vertex 27.0555 58.9445 9.4
      vertex 28.0724 57.7613 9.4
    endloop
  endfacet
  facet normal -0 0 1
    outer loop
      vertex 26.8742 58.7446 9.4
      vertex 28.0724 57.7613 9.4
      vertex 27.0555 58.9445 9.4
    endloop
  endfacet
  facet normal 0 0 1
    outer loop
      vertex 28.0724 57.7613 9.4
      vertex 26.8742 58.7446 9.4
      vertex 28.0022 57.6667 9.4
    endloop
  endfacet
  facet normal 0 0 1
    outer loop
      vertex 28.0022 57.6667 9.4
      vertex 26.7135 58.5278 9.4
      vertex 27.9417 57.5657 9.4
    endloop
  endfacet
  facet normal -0 0 1
    outer loop
      vertex 26.7135 58.5278 9.4
      vertex 28.0022 57.6667 9.4
      vertex 26.8742 58.7446 9.4
    endloop
  endfacet
  facet normal -0 0 1
    outer loop
      vertex 29.9978 56.3333 9.4
      vertex 31.2865 55.4722 9.4
      vertex 30.0583 56.4343 9.4
    endloop
  endfacet
  facet normal 0 0 1
    outer loop
      vertex 31.2865 55.4722 9.4
      vertex 29.9978 56.3333 9.4
      vertex 31.1258 55.2554 9.4
    endloop
  endfacet
  facet normal -0 0 1
    outer loop
      vertex 29.9276 56.2387 9.4
      vertex 31.1258 55.2554 9.4
      vertex 29.9978 56.3333 9.4
    endloop
  endfacet
  facet normal 0 0 1
    outer loop
      vertex 31.1258 55.2554 9.4
      vertex 29.9276 56.2387 9.4
      vertex 30.9445 55.0555 9.4
    endloop
  endfacet
  facet normal -0 0 1
    outer loop
      vertex 29.8485 56.1515 9.4
      vertex 30.9445 55.0555 9.4
      vertex 29.9276 56.2387 9.4
    endloop
  endfacet
  facet normal 0 0 1
    outer loop
      vertex 30.9445 55.0555 9.4
      vertex 29.8485 56.1515 9.4
      vertex 30.7446 54.8742 9.4
    endloop
  endfacet
  facet normal -0 0 1
    outer loop
      vertex 29.7613 56.0724 9.4
      vertex 30.7446 54.8742 9.4
      vertex 29.8485 56.1515 9.4
    endloop
  endfacet
  facet normal 0 0 1
    outer loop
      vertex 30.7446 54.8742 9.4
      vertex 29.7613 56.0724 9.4
      vertex 30.5278 54.7135 9.4
    endloop
  endfacet
  facet normal -0 0 1
    outer loop
      vertex 29.6667 56.0022 9.4
      vertex 30.5278 54.7135 9.4
      vertex 29.7613 56.0724 9.4
    endloop
  endfacet
  facet normal 0 0 1
    outer loop
      vertex 30.5278 54.7135 9.4
      vertex 29.6667 56.0022 9.4
      vertex 30.2963 54.5747 9.4
    endloop
  endfacet
  facet normal -0 0 1
    outer loop
      vertex 29.5657 55.9417 9.4
      vertex 30.2963 54.5747 9.4
      vertex 29.6667 56.0022 9.4
    endloop
  endfacet
  facet normal 0 0 1
    outer loop
      vertex 30.2963 54.5747 9.4
      vertex 29.5657 55.9417 9.4
      vertex 30.0524 54.4593 9.4
    endloop
  endfacet
  facet normal -0 0 1
    outer loop
      vertex 29.4592 55.8913 9.4
      vertex 30.0524 54.4593 9.4
      vertex 29.5657 55.9417 9.4
    endloop
  endfacet
  facet normal 0 0 1
    outer loop
      vertex 30.0524 54.4593 9.4
      vertex 29.4592 55.8913 9.4
      vertex 29.7983 54.3684 9.4
    endloop
  endfacet
  facet normal -0 0 1
    outer loop
      vertex 29.3483 55.8517 9.4
      vertex 29.7983 54.3684 9.4
      vertex 29.4592 55.8913 9.4
    endloop
  endfacet
  facet normal 0 0 1
    outer loop
      vertex 29.7983 54.3684 9.4
      vertex 29.3483 55.8517 9.4
      vertex 29.5365 54.3028 9.4
    endloop
  endfacet
  facet normal -0 0 1
    outer loop
      vertex 29.2341 55.8231 9.4
      vertex 29.5365 54.3028 9.4
      vertex 29.3483 55.8517 9.4
    endloop
  endfacet
  facet normal 0 0 1
    outer loop
      vertex 29.5365 54.3028 9.4
      vertex 29.2341 55.8231 9.4
      vertex 29.2695 54.2632 9.4
    endloop
  endfacet
  facet normal -0 0 1
    outer loop
      vertex 29.1176 55.8058 9.4
      vertex 29.2695 54.2632 9.4
      vertex 29.2341 55.8231 9.4
    endloop
  endfacet
  facet normal -0 0 1
    outer loop
      vertex 29 55.8 9.4
      vertex 29.2695 54.2632 9.4
      vertex 29.1176 55.8058 9.4
    endloop
  endfacet
  facet normal 0 0 1
    outer loop
      vertex 29 55.8 9.4
      vertex 29 54.25 9.4
      vertex 29.2695 54.2632 9.4
    endloop
  endfacet
  facet normal 0 0 1
    outer loop
      vertex 28.8824 55.8058 9.4
      vertex 29 54.25 9.4
      vertex 29 55.8 9.4
    endloop
  endfacet
  facet normal 0 0 1
    outer loop
      vertex 28.7305 54.2632 9.4
      vertex 28.8824 55.8058 9.4
      vertex 28.7659 55.8231 9.4
    endloop
  endfacet
  facet normal 0 0 1
    outer loop
      vertex 28.8824 55.8058 9.4
      vertex 28.7305 54.2632 9.4
      vertex 29 54.25 9.4
    endloop
  endfacet
  facet normal 0 0 1
    outer loop
      vertex 28.4635 54.3028 9.4
      vertex 28.7659 55.8231 9.4
      vertex 28.6517 55.8517 9.4
    endloop
  endfacet
  facet normal 0 0 1
    outer loop
      vertex 28.2017 54.3684 9.4
      vertex 28.6517 55.8517 9.4
      vertex 28.5408 55.8913 9.4
    endloop
  endfacet
  facet normal 0 0 1
    outer loop
      vertex 28.7659 55.8231 9.4
      vertex 28.4635 54.3028 9.4
      vertex 28.7305 54.2632 9.4
    endloop
  endfacet
  facet normal 0 0 1
    outer loop
      vertex 27.9476 54.4593 9.4
      vertex 28.5408 55.8913 9.4
      vertex 28.4343 55.9417 9.4
    endloop
  endfacet
  facet normal 0 0 1
    outer loop
      vertex 27.7037 54.5747 9.4
      vertex 28.4343 55.9417 9.4
      vertex 28.3333 56.0022 9.4
    endloop
  endfacet
  facet normal 0 0 1
    outer loop
      vertex 27.4722 54.7135 9.4
      vertex 28.3333 56.0022 9.4
      vertex 28.2387 56.0724 9.4
    endloop
  endfacet
  facet normal 0 0 1
    outer loop
      vertex 28.6517 55.8517 9.4
      vertex 28.2017 54.3684 9.4
      vertex 28.4635 54.3028 9.4
    endloop
  endfacet
  facet normal 0 0 1
    outer loop
      vertex 27.2554 54.8742 9.4
      vertex 28.2387 56.0724 9.4
      vertex 28.1515 56.1515 9.4
    endloop
  endfacet
  facet normal 0 0 1
    outer loop
      vertex 27.0555 55.0555 9.4
      vertex 28.1515 56.1515 9.4
      vertex 28.0724 56.2387 9.4
    endloop
  endfacet
  facet normal 0 0 1
    outer loop
      vertex 26.8742 55.2554 9.4
      vertex 28.0724 56.2387 9.4
      vertex 28.0022 56.3333 9.4
    endloop
  endfacet
  facet normal 0 0 1
    outer loop
      vertex 28.5408 55.8913 9.4
      vertex 27.9476 54.4593 9.4
      vertex 28.2017 54.3684 9.4
    endloop
  endfacet
  facet normal 0 0 1
    outer loop
      vertex 26.7135 55.4722 9.4
      vertex 28.0022 56.3333 9.4
      vertex 27.9417 56.4343 9.4
    endloop
  endfacet
  facet normal 0 0 1
    outer loop
      vertex 26.5747 55.7037 9.4
      vertex 27.9417 56.4343 9.4
      vertex 27.8913 56.5408 9.4
    endloop
  endfacet
  facet normal 0 0 1
    outer loop
      vertex 26.4593 55.9476 9.4
      vertex 27.8913 56.5408 9.4
      vertex 27.8517 56.6517 9.4
    endloop
  endfacet
  facet normal 0 0 1
    outer loop
      vertex 26.3684 56.2017 9.4
      vertex 27.8517 56.6517 9.4
      vertex 27.8231 56.7659 9.4
    endloop
  endfacet
  facet normal 0 0 1
    outer loop
      vertex 26.3028 56.4635 9.4
      vertex 27.8231 56.7659 9.4
      vertex 27.8058 56.8824 9.4
    endloop
  endfacet
  facet normal 0 0 1
    outer loop
      vertex 28.4343 55.9417 9.4
      vertex 27.7037 54.5747 9.4
      vertex 27.9476 54.4593 9.4
    endloop
  endfacet
  facet normal 0 0 1
    outer loop
      vertex 26.2632 56.7305 9.4
      vertex 27.8058 56.8824 9.4
      vertex 27.8 57 9.4
    endloop
  endfacet
  facet normal -0 0 1
    outer loop
      vertex 26.5747 58.2963 9.4
      vertex 27.9417 57.5657 9.4
      vertex 26.7135 58.5278 9.4
    endloop
  endfacet
  facet normal 0 0 1
    outer loop
      vertex 27.9417 57.5657 9.4
      vertex 26.5747 58.2963 9.4
      vertex 27.8913 57.4592 9.4
    endloop
  endfacet
  facet normal 0 0 1
    outer loop
      vertex 28.3333 56.0022 9.4
      vertex 27.4722 54.7135 9.4
      vertex 27.7037 54.5747 9.4
    endloop
  endfacet
  facet normal -0 0 1
    outer loop
      vertex 26.4593 58.0524 9.4
      vertex 27.8913 57.4592 9.4
      vertex 26.5747 58.2963 9.4
    endloop
  endfacet
  facet normal 0 0 1
    outer loop
      vertex 28.2387 56.0724 9.4
      vertex 27.2554 54.8742 9.4
      vertex 27.4722 54.7135 9.4
    endloop
  endfacet
  facet normal 0 0 1
    outer loop
      vertex 27.8913 57.4592 9.4
      vertex 26.4593 58.0524 9.4
      vertex 27.8517 57.3483 9.4
    endloop
  endfacet
  facet normal 0 0 1
    outer loop
      vertex 28.1515 56.1515 9.4
      vertex 27.0555 55.0555 9.4
      vertex 27.2554 54.8742 9.4
    endloop
  endfacet
  facet normal -0 0 1
    outer loop
      vertex 26.3684 57.7983 9.4
      vertex 27.8517 57.3483 9.4
      vertex 26.4593 58.0524 9.4
    endloop
  endfacet
  facet normal 0 0 1
    outer loop
      vertex 28.0724 56.2387 9.4
      vertex 26.8742 55.2554 9.4
      vertex 27.0555 55.0555 9.4
    endloop
  endfacet
  facet normal 0 0 1
    outer loop
      vertex 27.8517 57.3483 9.4
      vertex 26.3684 57.7983 9.4
      vertex 27.8231 57.2341 9.4
    endloop
  endfacet
  facet normal 0 0 1
    outer loop
      vertex 28.0022 56.3333 9.4
      vertex 26.7135 55.4722 9.4
      vertex 26.8742 55.2554 9.4
    endloop
  endfacet
  facet normal -0 0 1
    outer loop
      vertex 26.3028 57.5365 9.4
      vertex 27.8231 57.2341 9.4
      vertex 26.3684 57.7983 9.4
    endloop
  endfacet
  facet normal 0 0 1
    outer loop
      vertex 27.9417 56.4343 9.4
      vertex 26.5747 55.7037 9.4
      vertex 26.7135 55.4722 9.4
    endloop
  endfacet
  facet normal 0 0 1
    outer loop
      vertex 27.8231 57.2341 9.4
      vertex 26.3028 57.5365 9.4
      vertex 27.8058 57.1176 9.4
    endloop
  endfacet
  facet normal 0 0 1
    outer loop
      vertex 27.8913 56.5408 9.4
      vertex 26.4593 55.9476 9.4
      vertex 26.5747 55.7037 9.4
    endloop
  endfacet
  facet normal -0 0 1
    outer loop
      vertex 26.2632 57.2695 9.4
      vertex 27.8058 57.1176 9.4
      vertex 26.3028 57.5365 9.4
    endloop
  endfacet
  facet normal 0 0 1
    outer loop
      vertex 27.8517 56.6517 9.4
      vertex 26.3684 56.2017 9.4
      vertex 26.4593 55.9476 9.4
    endloop
  endfacet
  facet normal 0 0 1
    outer loop
      vertex 27.8058 57.1176 9.4
      vertex 26.2632 57.2695 9.4
      vertex 27.8 57 9.4
    endloop
  endfacet
  facet normal 0 0 1
    outer loop
      vertex 27.8231 56.7659 9.4
      vertex 26.3028 56.4635 9.4
      vertex 26.3684 56.2017 9.4
    endloop
  endfacet
  facet normal 0 0 1
    outer loop
      vertex 26.25 57 9.4
      vertex 27.8 57 9.4
      vertex 26.2632 57.2695 9.4
    endloop
  endfacet
  facet normal 0 0 1
    outer loop
      vertex 27.8058 56.8824 9.4
      vertex 26.2632 56.7305 9.4
      vertex 26.3028 56.4635 9.4
    endloop
  endfacet
  facet normal 0 0 1
    outer loop
      vertex 27.8 57 9.4
      vertex 26.25 57 9.4
      vertex 26.2632 56.7305 9.4
    endloop
  endfacet
  facet normal -0.98918 0.14671 0
    outer loop
      vertex 26.2632 57.2695 2.4
      vertex 26.3028 57.5365 9.4
      vertex 26.3028 57.5365 2.4
    endloop
  endfacet
  facet normal -0.98918 0.14671 0
    outer loop
      vertex 26.3028 57.5365 9.4
      vertex 26.2632 57.2695 2.4
      vertex 26.2632 57.2695 9.4
    endloop
  endfacet
  facet normal -0.941566 0.336829 0
    outer loop
      vertex 26.3684 57.7983 2.4
      vertex 26.4593 58.0524 9.4
      vertex 26.4593 58.0524 2.4
    endloop
  endfacet
  facet normal -0.941566 0.336829 0
    outer loop
      vertex 26.4593 58.0524 9.4
      vertex 26.3684 57.7983 2.4
      vertex 26.3684 57.7983 9.4
    endloop
  endfacet
  facet normal -0.595485 0.803367 0
    outer loop
      vertex 27.4722 59.2865 2.4
      vertex 27.2554 59.1258 9.4
      vertex 27.4722 59.2865 9.4
    endloop
  endfacet
  facet normal -0.595485 0.803367 0
    outer loop
      vertex 27.2554 59.1258 9.4
      vertex 27.4722 59.2865 2.4
      vertex 27.2554 59.1258 2.4
    endloop
  endfacet
  facet normal -0.427688 0.903926 0
    outer loop
      vertex 27.9476 59.5407 2.4
      vertex 27.7037 59.4253 9.4
      vertex 27.9476 59.5407 9.4
    endloop
  endfacet
  facet normal -0.427688 0.903926 0
    outer loop
      vertex 27.7037 59.4253 9.4
      vertex 27.9476 59.5407 2.4
      vertex 27.7037 59.4253 2.4
    endloop
  endfacet
  facet normal -0.243059 0.970012 0
    outer loop
      vertex 28.4635 59.6972 2.4
      vertex 28.2017 59.6316 9.4
      vertex 28.4635 59.6972 9.4
    endloop
  endfacet
  facet normal -0.243059 0.970012 0
    outer loop
      vertex 28.2017 59.6316 9.4
      vertex 28.4635 59.6972 2.4
      vertex 28.2017 59.6316 2.4
    endloop
  endfacet
  facet normal 0.427688 -0.903926 0
    outer loop
      vertex 30.0524 54.4593 2.4
      vertex 30.2963 54.5747 9.4
      vertex 30.0524 54.4593 9.4
    endloop
  endfacet
  facet normal 0.427688 -0.903926 0
    outer loop
      vertex 30.2963 54.5747 9.4
      vertex 30.0524 54.4593 2.4
      vertex 30.2963 54.5747 2.4
    endloop
  endfacet
  facet normal 0.336829 -0.941566 0
    outer loop
      vertex 29.7983 54.3684 2.4
      vertex 30.0524 54.4593 9.4
      vertex 29.7983 54.3684 9.4
    endloop
  endfacet
  facet normal 0.336829 -0.941566 0
    outer loop
      vertex 30.0524 54.4593 9.4
      vertex 29.7983 54.3684 2.4
      vertex 30.0524 54.4593 2.4
    endloop
  endfacet
  facet normal 0.941566 -0.336829 0
    outer loop
      vertex 31.5407 55.9476 9.4
      vertex 31.6316 56.2017 2.4
      vertex 31.6316 56.2017 9.4
    endloop
  endfacet
  facet normal 0.941566 -0.336829 0
    outer loop
      vertex 31.6316 56.2017 2.4
      vertex 31.5407 55.9476 9.4
      vertex 31.5407 55.9476 2.4
    endloop
  endfacet
  facet normal 0.98918 -0.14671 0
    outer loop
      vertex 31.6972 56.4635 9.4
      vertex 31.7368 56.7305 2.4
      vertex 31.7368 56.7305 9.4
    endloop
  endfacet
  facet normal 0.98918 -0.14671 0
    outer loop
      vertex 31.7368 56.7305 2.4
      vertex 31.6972 56.4635 9.4
      vertex 31.6972 56.4635 2.4
    endloop
  endfacet
  facet normal 0.998803 -0.0489209 0
    outer loop
      vertex 31.7368 56.7305 9.4
      vertex 31.75 57 2.4
      vertex 31.75 57 9.4
    endloop
  endfacet
  facet normal 0.998803 -0.0489209 0
    outer loop
      vertex 31.75 57 2.4
      vertex 31.7368 56.7305 9.4
      vertex 31.7368 56.7305 2.4
    endloop
  endfacet
  facet normal -0.243059 -0.970012 0
    outer loop
      vertex 28.2017 54.3684 2.4
      vertex 28.4635 54.3028 9.4
      vertex 28.2017 54.3684 9.4
    endloop
  endfacet
  facet normal -0.243059 -0.970012 -0
    outer loop
      vertex 28.4635 54.3028 9.4
      vertex 28.2017 54.3684 2.4
      vertex 28.4635 54.3028 2.4
    endloop
  endfacet
  facet normal -0.740728 -0.671805 0
    outer loop
      vertex 27.0555 55.0555 2.4
      vertex 26.8742 55.2554 9.4
      vertex 26.8742 55.2554 2.4
    endloop
  endfacet
  facet normal -0.740728 -0.671805 0
    outer loop
      vertex 26.8742 55.2554 9.4
      vertex 27.0555 55.0555 2.4
      vertex 27.0555 55.0555 9.4
    endloop
  endfacet
  facet normal -0.98918 -0.14671 0
    outer loop
      vertex 26.3028 56.4635 2.4
      vertex 26.2632 56.7305 9.4
      vertex 26.2632 56.7305 2.4
    endloop
  endfacet
  facet normal -0.98918 -0.14671 0
    outer loop
      vertex 26.2632 56.7305 9.4
      vertex 26.3028 56.4635 2.4
      vertex 26.3028 56.4635 9.4
    endloop
  endfacet
  facet normal -0.941566 -0.336829 0
    outer loop
      vertex 26.4593 55.9476 2.4
      vertex 26.3684 56.2017 9.4
      vertex 26.3684 56.2017 2.4
    endloop
  endfacet
  facet normal -0.941566 -0.336829 0
    outer loop
      vertex 26.3684 56.2017 9.4
      vertex 26.4593 55.9476 2.4
      vertex 26.4593 55.9476 9.4
    endloop
  endfacet
  facet normal -0.857867 -0.513871 0
    outer loop
      vertex 30.0583 57.5657 3.4
      vertex 29.9978 57.6667 9.4
      vertex 29.9978 57.6667 3.4
    endloop
  endfacet
  facet normal -0.857867 -0.513871 0
    outer loop
      vertex 29.9978 57.6667 9.4
      vertex 30.0583 57.5657 3.4
      vertex 30.0583 57.5657 9.4
    endloop
  endfacet
  facet normal -0.336283 -0.941761 0
    outer loop
      vertex 29.3483 58.1483 3.4
      vertex 29.4592 58.1087 9.4
      vertex 29.3483 58.1483 9.4
    endloop
  endfacet
  facet normal -0.336283 -0.941761 -0
    outer loop
      vertex 29.4592 58.1087 9.4
      vertex 29.3483 58.1483 3.4
      vertex 29.4592 58.1087 3.4
    endloop
  endfacet
  facet normal 0.336283 -0.941761 0
    outer loop
      vertex 28.5408 58.1087 3.4
      vertex 28.6517 58.1483 9.4
      vertex 28.5408 58.1087 9.4
    endloop
  endfacet
  facet normal 0.336283 -0.941761 0
    outer loop
      vertex 28.6517 58.1483 9.4
      vertex 28.5408 58.1087 3.4
      vertex 28.6517 58.1483 3.4
    endloop
  endfacet
  facet normal 0.903893 -0.427758 0
    outer loop
      vertex 27.8913 57.4592 9.4
      vertex 27.9417 57.5657 3.4
      vertex 27.9417 57.5657 9.4
    endloop
  endfacet
  facet normal 0.903893 -0.427758 0
    outer loop
      vertex 27.9417 57.5657 3.4
      vertex 27.8913 57.4592 9.4
      vertex 27.8913 57.4592 3.4
    endloop
  endfacet
  facet normal -0.998786 0.0492599 0
    outer loop
      vertex 30.1942 56.8824 3.4
      vertex 30.2 57 9.4
      vertex 30.2 57 3.4
    endloop
  endfacet
  facet normal -0.998786 0.0492599 0
    outer loop
      vertex 30.2 57 9.4
      vertex 30.1942 56.8824 3.4
      vertex 30.1942 56.8824 9.4
    endloop
  endfacet
  facet normal -0.0492599 -0.998786 0
    outer loop
      vertex 29 58.2 3.4
      vertex 29.1176 58.1942 9.4
      vertex 29 58.2 9.4
    endloop
  endfacet
  facet normal -0.0492599 -0.998786 -0
    outer loop
      vertex 29.1176 58.1942 9.4
      vertex 29 58.2 3.4
      vertex 29.1176 58.1942 3.4
    endloop
  endfacet
  facet normal -0.513871 -0.857867 0
    outer loop
      vertex 29.5657 58.0583 3.4
      vertex 29.6667 57.9978 9.4
      vertex 29.5657 58.0583 9.4
    endloop
  endfacet
  facet normal -0.513871 -0.857867 -0
    outer loop
      vertex 29.6667 57.9978 9.4
      vertex 29.5657 58.0583 3.4
      vertex 29.6667 57.9978 3.4
    endloop
  endfacet
  facet normal 0.989153 -0.146887 0
    outer loop
      vertex 27.8058 57.1176 9.4
      vertex 27.8231 57.2341 3.4
      vertex 27.8231 57.2341 9.4
    endloop
  endfacet
  facet normal 0.989153 -0.146887 0
    outer loop
      vertex 27.8231 57.2341 3.4
      vertex 27.8058 57.1176 9.4
      vertex 27.8058 57.1176 3.4
    endloop
  endfacet
  facet normal 0.74067 -0.671869 0
    outer loop
      vertex 28.0724 57.7613 9.4
      vertex 28.1515 57.8485 3.4
      vertex 28.1515 57.8485 9.4
    endloop
  endfacet
  facet normal 0.74067 -0.671869 0
    outer loop
      vertex 28.1515 57.8485 3.4
      vertex 28.0724 57.7613 9.4
      vertex 28.0724 57.7613 3.4
    endloop
  endfacet
  facet normal 0.146887 -0.989153 0
    outer loop
      vertex 28.7659 58.1769 3.4
      vertex 28.8824 58.1942 9.4
      vertex 28.7659 58.1769 9.4
    endloop
  endfacet
  facet normal 0.146887 -0.989153 0
    outer loop
      vertex 28.8824 58.1942 9.4
      vertex 28.7659 58.1769 3.4
      vertex 28.8824 58.1942 3.4
    endloop
  endfacet
  facet normal 0.671869 0.74067 -0
    outer loop
      vertex 28.2387 56.0724 3.4
      vertex 28.1515 56.1515 9.4
      vertex 28.2387 56.0724 9.4
    endloop
  endfacet
  facet normal 0.671869 0.74067 0
    outer loop
      vertex 28.1515 56.1515 9.4
      vertex 28.2387 56.0724 3.4
      vertex 28.1515 56.1515 3.4
    endloop
  endfacet
  facet normal 0.903893 0.427758 0
    outer loop
      vertex 27.9417 56.4343 9.4
      vertex 27.8913 56.5408 3.4
      vertex 27.8913 56.5408 9.4
    endloop
  endfacet
  facet normal 0.903893 0.427758 0
    outer loop
      vertex 27.8913 56.5408 3.4
      vertex 27.9417 56.4343 9.4
      vertex 27.9417 56.4343 3.4
    endloop
  endfacet
  facet normal -0.989153 -0.146887 0
    outer loop
      vertex 30.1942 57.1176 3.4
      vertex 30.1769 57.2341 9.4
      vertex 30.1769 57.2341 3.4
    endloop
  endfacet
  facet normal -0.989153 -0.146887 0
    outer loop
      vertex 30.1769 57.2341 9.4
      vertex 30.1942 57.1176 3.4
      vertex 30.1942 57.1176 9.4
    endloop
  endfacet
  facet normal -0.803046 -0.595918 0
    outer loop
      vertex 29.9978 57.6667 3.4
      vertex 29.9276 57.7613 9.4
      vertex 29.9276 57.7613 3.4
    endloop
  endfacet
  facet normal -0.803046 -0.595918 0
    outer loop
      vertex 29.9276 57.7613 9.4
      vertex 29.9978 57.6667 3.4
      vertex 29.9978 57.6667 9.4
    endloop
  endfacet
  facet normal -0.671869 -0.74067 0
    outer loop
      vertex 29.7613 57.9276 3.4
      vertex 29.8485 57.8485 9.4
      vertex 29.7613 57.9276 9.4
    endloop
  endfacet
  facet normal -0.671869 -0.74067 -0
    outer loop
      vertex 29.8485 57.8485 9.4
      vertex 29.7613 57.9276 3.4
      vertex 29.8485 57.8485 3.4
    endloop
  endfacet
  facet normal 0.0492599 -0.998786 0
    outer loop
      vertex 28.8824 58.1942 3.4
      vertex 29 58.2 9.4
      vertex 28.8824 58.1942 9.4
    endloop
  endfacet
  facet normal 0.0492599 -0.998786 0
    outer loop
      vertex 29 58.2 9.4
      vertex 28.8824 58.1942 3.4
      vertex 29 58.2 3.4
    endloop
  endfacet
  facet normal -0.242935 -0.970042 0
    outer loop
      vertex 29.2341 58.1769 3.4
      vertex 29.3483 58.1483 9.4
      vertex 29.2341 58.1769 9.4
    endloop
  endfacet
  facet normal -0.242935 -0.970042 -0
    outer loop
      vertex 29.3483 58.1483 9.4
      vertex 29.2341 58.1769 3.4
      vertex 29.3483 58.1483 3.4
    endloop
  endfacet
  facet normal -0.146887 -0.989153 0
    outer loop
      vertex 29.1176 58.1942 3.4
      vertex 29.2341 58.1769 9.4
      vertex 29.1176 58.1942 9.4
    endloop
  endfacet
  facet normal -0.146887 -0.989153 -0
    outer loop
      vertex 29.2341 58.1769 9.4
      vertex 29.1176 58.1942 3.4
      vertex 29.2341 58.1769 3.4
    endloop
  endfacet
  facet normal -0.427758 -0.903893 0
    outer loop
      vertex 29.4592 58.1087 3.4
      vertex 29.5657 58.0583 9.4
      vertex 29.4592 58.1087 9.4
    endloop
  endfacet
  facet normal -0.427758 -0.903893 -0
    outer loop
      vertex 29.5657 58.0583 9.4
      vertex 29.4592 58.1087 3.4
      vertex 29.5657 58.0583 3.4
    endloop
  endfacet
  facet normal -0.595918 -0.803046 0
    outer loop
      vertex 29.6667 57.9978 3.4
      vertex 29.7613 57.9276 9.4
      vertex 29.6667 57.9978 9.4
    endloop
  endfacet
  facet normal -0.595918 -0.803046 -0
    outer loop
      vertex 29.7613 57.9276 9.4
      vertex 29.6667 57.9978 3.4
      vertex 29.7613 57.9276 3.4
    endloop
  endfacet
  facet normal 0.998786 -0.0492599 0
    outer loop
      vertex 27.8 57 9.4
      vertex 27.8058 57.1176 3.4
      vertex 27.8058 57.1176 9.4
    endloop
  endfacet
  facet normal 0.998786 -0.0492599 0
    outer loop
      vertex 27.8058 57.1176 3.4
      vertex 27.8 57 9.4
      vertex 27.8 57 3.4
    endloop
  endfacet
  facet normal 0.941761 -0.336283 0
    outer loop
      vertex 27.8517 57.3483 9.4
      vertex 27.8913 57.4592 3.4
      vertex 27.8913 57.4592 9.4
    endloop
  endfacet
  facet normal 0.941761 -0.336283 0
    outer loop
      vertex 27.8913 57.4592 3.4
      vertex 27.8517 57.3483 9.4
      vertex 27.8517 57.3483 3.4
    endloop
  endfacet
  facet normal 0.970042 -0.242935 0
    outer loop
      vertex 27.8231 57.2341 9.4
      vertex 27.8517 57.3483 3.4
      vertex 27.8517 57.3483 9.4
    endloop
  endfacet
  facet normal 0.970042 -0.242935 0
    outer loop
      vertex 27.8517 57.3483 3.4
      vertex 27.8231 57.2341 9.4
      vertex 27.8231 57.2341 3.4
    endloop
  endfacet
  facet normal 0.857867 -0.513871 0
    outer loop
      vertex 27.9417 57.5657 9.4
      vertex 28.0022 57.6667 3.4
      vertex 28.0022 57.6667 9.4
    endloop
  endfacet
  facet normal 0.857867 -0.513871 0
    outer loop
      vertex 28.0022 57.6667 3.4
      vertex 27.9417 57.5657 9.4
      vertex 27.9417 57.5657 3.4
    endloop
  endfacet
  facet normal 0.803046 -0.595918 0
    outer loop
      vertex 28.0022 57.6667 9.4
      vertex 28.0724 57.7613 3.4
      vertex 28.0724 57.7613 9.4
    endloop
  endfacet
  facet normal 0.803046 -0.595918 0
    outer loop
      vertex 28.0724 57.7613 3.4
      vertex 28.0022 57.6667 9.4
      vertex 28.0022 57.6667 3.4
    endloop
  endfacet
  facet normal 0.242935 -0.970042 0
    outer loop
      vertex 28.6517 58.1483 3.4
      vertex 28.7659 58.1769 9.4
      vertex 28.6517 58.1483 9.4
    endloop
  endfacet
  facet normal 0.242935 -0.970042 0
    outer loop
      vertex 28.7659 58.1769 9.4
      vertex 28.6517 58.1483 3.4
      vertex 28.7659 58.1769 3.4
    endloop
  endfacet
  facet normal 0.513871 -0.857867 0
    outer loop
      vertex 28.3333 57.9978 3.4
      vertex 28.4343 58.0583 9.4
      vertex 28.3333 57.9978 9.4
    endloop
  endfacet
  facet normal 0.513871 -0.857867 0
    outer loop
      vertex 28.4343 58.0583 9.4
      vertex 28.3333 57.9978 3.4
      vertex 28.4343 58.0583 3.4
    endloop
  endfacet
  facet normal 0.595918 -0.803046 0
    outer loop
      vertex 28.2387 57.9276 3.4
      vertex 28.3333 57.9978 9.4
      vertex 28.2387 57.9276 9.4
    endloop
  endfacet
  facet normal 0.595918 -0.803046 0
    outer loop
      vertex 28.3333 57.9978 9.4
      vertex 28.2387 57.9276 3.4
      vertex 28.3333 57.9978 3.4
    endloop
  endfacet
  facet normal 0.427758 -0.903893 0
    outer loop
      vertex 28.4343 58.0583 3.4
      vertex 28.5408 58.1087 9.4
      vertex 28.4343 58.0583 9.4
    endloop
  endfacet
  facet normal 0.427758 -0.903893 0
    outer loop
      vertex 28.5408 58.1087 9.4
      vertex 28.4343 58.0583 3.4
      vertex 28.5408 58.1087 3.4
    endloop
  endfacet
  facet normal 0.671869 -0.74067 0
    outer loop
      vertex 28.1515 57.8485 3.4
      vertex 28.2387 57.9276 9.4
      vertex 28.1515 57.8485 9.4
    endloop
  endfacet
  facet normal 0.671869 -0.74067 0
    outer loop
      vertex 28.2387 57.9276 9.4
      vertex 28.1515 57.8485 3.4
      vertex 28.2387 57.9276 3.4
    endloop
  endfacet
  facet normal -0.998786 -0.0492599 0
    outer loop
      vertex 30.2 57 3.4
      vertex 30.1942 57.1176 9.4
      vertex 30.1942 57.1176 3.4
    endloop
  endfacet
  facet normal -0.998786 -0.0492599 0
    outer loop
      vertex 30.1942 57.1176 9.4
      vertex 30.2 57 3.4
      vertex 30.2 57 9.4
    endloop
  endfacet
  facet normal -0.970042 0.242935 0
    outer loop
      vertex 30.1483 56.6517 3.4
      vertex 30.1769 56.7659 9.4
      vertex 30.1769 56.7659 3.4
    endloop
  endfacet
  facet normal -0.970042 0.242935 0
    outer loop
      vertex 30.1769 56.7659 9.4
      vertex 30.1483 56.6517 3.4
      vertex 30.1483 56.6517 9.4
    endloop
  endfacet
  facet normal -0.0492599 0.998786 0
    outer loop
      vertex 29.1176 55.8058 3.4
      vertex 29 55.8 9.4
      vertex 29.1176 55.8058 9.4
    endloop
  endfacet
  facet normal -0.0492599 0.998786 0
    outer loop
      vertex 29 55.8 9.4
      vertex 29.1176 55.8058 3.4
      vertex 29 55.8 3.4
    endloop
  endfacet
  facet normal 0.970042 0.242935 0
    outer loop
      vertex 27.8517 56.6517 9.4
      vertex 27.8231 56.7659 3.4
      vertex 27.8231 56.7659 9.4
    endloop
  endfacet
  facet normal 0.970042 0.242935 0
    outer loop
      vertex 27.8231 56.7659 3.4
      vertex 27.8517 56.6517 9.4
      vertex 27.8517 56.6517 3.4
    endloop
  endfacet
  facet normal 0.803046 0.595918 0
    outer loop
      vertex 28.0724 56.2387 9.4
      vertex 28.0022 56.3333 3.4
      vertex 28.0022 56.3333 9.4
    endloop
  endfacet
  facet normal 0.803046 0.595918 0
    outer loop
      vertex 28.0022 56.3333 3.4
      vertex 28.0724 56.2387 9.4
      vertex 28.0724 56.2387 3.4
    endloop
  endfacet
  facet normal -0.146887 0.989153 0
    outer loop
      vertex 29.2341 55.8231 3.4
      vertex 29.1176 55.8058 9.4
      vertex 29.2341 55.8231 9.4
    endloop
  endfacet
  facet normal -0.146887 0.989153 0
    outer loop
      vertex 29.1176 55.8058 9.4
      vertex 29.2341 55.8231 3.4
      vertex 29.1176 55.8058 3.4
    endloop
  endfacet
  facet normal -0.903893 -0.427758 0
    outer loop
      vertex 30.1087 57.4592 3.4
      vertex 30.0583 57.5657 9.4
      vertex 30.0583 57.5657 3.4
    endloop
  endfacet
  facet normal -0.903893 -0.427758 0
    outer loop
      vertex 30.0583 57.5657 9.4
      vertex 30.1087 57.4592 3.4
      vertex 30.1087 57.4592 9.4
    endloop
  endfacet
  facet normal -0.941761 -0.336283 0
    outer loop
      vertex 30.1483 57.3483 3.4
      vertex 30.1087 57.4592 9.4
      vertex 30.1087 57.4592 3.4
    endloop
  endfacet
  facet normal -0.941761 -0.336283 0
    outer loop
      vertex 30.1087 57.4592 9.4
      vertex 30.1483 57.3483 3.4
      vertex 30.1483 57.3483 9.4
    endloop
  endfacet
  facet normal -0.970042 -0.242935 0
    outer loop
      vertex 30.1769 57.2341 3.4
      vertex 30.1483 57.3483 9.4
      vertex 30.1483 57.3483 3.4
    endloop
  endfacet
  facet normal -0.970042 -0.242935 0
    outer loop
      vertex 30.1483 57.3483 9.4
      vertex 30.1769 57.2341 3.4
      vertex 30.1769 57.2341 9.4
    endloop
  endfacet
  facet normal -0.74067 -0.671869 0
    outer loop
      vertex 29.9276 57.7613 3.4
      vertex 29.8485 57.8485 9.4
      vertex 29.8485 57.8485 3.4
    endloop
  endfacet
  facet normal -0.74067 -0.671869 0
    outer loop
      vertex 29.8485 57.8485 9.4
      vertex 29.9276 57.7613 3.4
      vertex 29.9276 57.7613 9.4
    endloop
  endfacet
  facet normal -0.74067 0.671869 0
    outer loop
      vertex 29.8485 56.1515 3.4
      vertex 29.9276 56.2387 9.4
      vertex 29.9276 56.2387 3.4
    endloop
  endfacet
  facet normal -0.74067 0.671869 0
    outer loop
      vertex 29.9276 56.2387 9.4
      vertex 29.8485 56.1515 3.4
      vertex 29.8485 56.1515 9.4
    endloop
  endfacet
  facet normal -0.803046 0.595918 0
    outer loop
      vertex 29.9276 56.2387 3.4
      vertex 29.9978 56.3333 9.4
      vertex 29.9978 56.3333 3.4
    endloop
  endfacet
  facet normal -0.803046 0.595918 0
    outer loop
      vertex 29.9978 56.3333 9.4
      vertex 29.9276 56.2387 3.4
      vertex 29.9276 56.2387 9.4
    endloop
  endfacet
  facet normal -0.903893 0.427758 0
    outer loop
      vertex 30.0583 56.4343 3.4
      vertex 30.1087 56.5408 9.4
      vertex 30.1087 56.5408 3.4
    endloop
  endfacet
  facet normal -0.903893 0.427758 0
    outer loop
      vertex 30.1087 56.5408 9.4
      vertex 30.0583 56.4343 3.4
      vertex 30.0583 56.4343 9.4
    endloop
  endfacet
  facet normal 0.336283 0.941761 -0
    outer loop
      vertex 28.6517 55.8517 3.4
      vertex 28.5408 55.8913 9.4
      vertex 28.6517 55.8517 9.4
    endloop
  endfacet
  facet normal 0.336283 0.941761 0
    outer loop
      vertex 28.5408 55.8913 9.4
      vertex 28.6517 55.8517 3.4
      vertex 28.5408 55.8913 3.4
    endloop
  endfacet
  facet normal 0 0 1
    outer loop
      vertex 30.1942 57.1176 3.4
      vertex 30.1942 56.8824 3.4
      vertex 30.2 57 3.4
    endloop
  endfacet
  facet normal 0 0 1
    outer loop
      vertex 30.1769 57.2341 3.4
      vertex 30.1942 56.8824 3.4
      vertex 30.1942 57.1176 3.4
    endloop
  endfacet
  facet normal 0 0 1
    outer loop
      vertex 30.1769 57.2341 3.4
      vertex 30.1769 56.7659 3.4
      vertex 30.1942 56.8824 3.4
    endloop
  endfacet
  facet normal 0 0 1
    outer loop
      vertex 30.1483 57.3483 3.4
      vertex 30.1769 56.7659 3.4
      vertex 30.1769 57.2341 3.4
    endloop
  endfacet
  facet normal 0 0 1
    outer loop
      vertex 30.1483 57.3483 3.4
      vertex 30.1483 56.6517 3.4
      vertex 30.1769 56.7659 3.4
    endloop
  endfacet
  facet normal 0 0 1
    outer loop
      vertex 30.1087 57.4592 3.4
      vertex 30.1483 56.6517 3.4
      vertex 30.1483 57.3483 3.4
    endloop
  endfacet
  facet normal 0 0 1
    outer loop
      vertex 30.1087 57.4592 3.4
      vertex 30.1087 56.5408 3.4
      vertex 30.1483 56.6517 3.4
    endloop
  endfacet
  facet normal 0 0 1
    outer loop
      vertex 30.0583 57.5657 3.4
      vertex 30.1087 56.5408 3.4
      vertex 30.1087 57.4592 3.4
    endloop
  endfacet
  facet normal 0 0 1
    outer loop
      vertex 30.0583 57.5657 3.4
      vertex 30.0583 56.4343 3.4
      vertex 30.1087 56.5408 3.4
    endloop
  endfacet
  facet normal 0 0 1
    outer loop
      vertex 29.9978 57.6667 3.4
      vertex 30.0583 56.4343 3.4
      vertex 30.0583 57.5657 3.4
    endloop
  endfacet
  facet normal 0 0 1
    outer loop
      vertex 29.9978 57.6667 3.4
      vertex 29.9978 56.3333 3.4
      vertex 30.0583 56.4343 3.4
    endloop
  endfacet
  facet normal 0 0 1
    outer loop
      vertex 29.9276 57.7613 3.4
      vertex 29.9978 56.3333 3.4
      vertex 29.9978 57.6667 3.4
    endloop
  endfacet
  facet normal 0 0 1
    outer loop
      vertex 29.9276 57.7613 3.4
      vertex 29.9276 56.2387 3.4
      vertex 29.9978 56.3333 3.4
    endloop
  endfacet
  facet normal 0 0 1
    outer loop
      vertex 29.8485 57.8485 3.4
      vertex 29.9276 56.2387 3.4
      vertex 29.9276 57.7613 3.4
    endloop
  endfacet
  facet normal 0 0 1
    outer loop
      vertex 29.8485 57.8485 3.4
      vertex 29.8485 56.1515 3.4
      vertex 29.9276 56.2387 3.4
    endloop
  endfacet
  facet normal 0 0 1
    outer loop
      vertex 29.7613 57.9276 3.4
      vertex 29.8485 56.1515 3.4
      vertex 29.8485 57.8485 3.4
    endloop
  endfacet
  facet normal 0 0 1
    outer loop
      vertex 29.7613 57.9276 3.4
      vertex 29.7613 56.0724 3.4
      vertex 29.8485 56.1515 3.4
    endloop
  endfacet
  facet normal 0 0 1
    outer loop
      vertex 29.6667 57.9978 3.4
      vertex 29.7613 56.0724 3.4
      vertex 29.7613 57.9276 3.4
    endloop
  endfacet
  facet normal 0 0 1
    outer loop
      vertex 29.6667 57.9978 3.4
      vertex 29.6667 56.0022 3.4
      vertex 29.7613 56.0724 3.4
    endloop
  endfacet
  facet normal 0 0 1
    outer loop
      vertex 29.5657 58.0583 3.4
      vertex 29.6667 56.0022 3.4
      vertex 29.6667 57.9978 3.4
    endloop
  endfacet
  facet normal 0 0 1
    outer loop
      vertex 29.5657 58.0583 3.4
      vertex 29.5657 55.9417 3.4
      vertex 29.6667 56.0022 3.4
    endloop
  endfacet
  facet normal 0 0 1
    outer loop
      vertex 29.4592 58.1087 3.4
      vertex 29.5657 55.9417 3.4
      vertex 29.5657 58.0583 3.4
    endloop
  endfacet
  facet normal 0 0 1
    outer loop
      vertex 29.4592 58.1087 3.4
      vertex 29.4592 55.8913 3.4
      vertex 29.5657 55.9417 3.4
    endloop
  endfacet
  facet normal 0 0 1
    outer loop
      vertex 29.3483 58.1483 3.4
      vertex 29.4592 55.8913 3.4
      vertex 29.4592 58.1087 3.4
    endloop
  endfacet
  facet normal 0 0 1
    outer loop
      vertex 29.3483 58.1483 3.4
      vertex 29.3483 55.8517 3.4
      vertex 29.4592 55.8913 3.4
    endloop
  endfacet
  facet normal 0 0 1
    outer loop
      vertex 29.2341 58.1769 3.4
      vertex 29.3483 55.8517 3.4
      vertex 29.3483 58.1483 3.4
    endloop
  endfacet
  facet normal 0 0 1
    outer loop
      vertex 29.2341 58.1769 3.4
      vertex 29.2341 55.8231 3.4
      vertex 29.3483 55.8517 3.4
    endloop
  endfacet
  facet normal 0 0 1
    outer loop
      vertex 29.1176 58.1942 3.4
      vertex 29.2341 55.8231 3.4
      vertex 29.2341 58.1769 3.4
    endloop
  endfacet
  facet normal 0 0 1
    outer loop
      vertex 29.1176 58.1942 3.4
      vertex 29.1176 55.8058 3.4
      vertex 29.2341 55.8231 3.4
    endloop
  endfacet
  facet normal 0 0 1
    outer loop
      vertex 29 58.2 3.4
      vertex 29.1176 55.8058 3.4
      vertex 29.1176 58.1942 3.4
    endloop
  endfacet
  facet normal 0 0 1
    outer loop
      vertex 29 58.2 3.4
      vertex 29 55.8 3.4
      vertex 29.1176 55.8058 3.4
    endloop
  endfacet
  facet normal -0 0 1
    outer loop
      vertex 28.8824 58.1942 3.4
      vertex 29 55.8 3.4
      vertex 29 58.2 3.4
    endloop
  endfacet
  facet normal 0 0 1
    outer loop
      vertex 28.8824 58.1942 3.4
      vertex 28.8824 55.8058 3.4
      vertex 29 55.8 3.4
    endloop
  endfacet
  facet normal -0 0 1
    outer loop
      vertex 28.7659 58.1769 3.4
      vertex 28.8824 55.8058 3.4
      vertex 28.8824 58.1942 3.4
    endloop
  endfacet
  facet normal 0 0 1
    outer loop
      vertex 28.7659 58.1769 3.4
      vertex 28.7659 55.8231 3.4
      vertex 28.8824 55.8058 3.4
    endloop
  endfacet
  facet normal -0 0 1
    outer loop
      vertex 28.6517 58.1483 3.4
      vertex 28.7659 55.8231 3.4
      vertex 28.7659 58.1769 3.4
    endloop
  endfacet
  facet normal 0 0 1
    outer loop
      vertex 28.6517 58.1483 3.4
      vertex 28.6517 55.8517 3.4
      vertex 28.7659 55.8231 3.4
    endloop
  endfacet
  facet normal -0 0 1
    outer loop
      vertex 28.5408 58.1087 3.4
      vertex 28.6517 55.8517 3.4
      vertex 28.6517 58.1483 3.4
    endloop
  endfacet
  facet normal 0 0 1
    outer loop
      vertex 28.5408 58.1087 3.4
      vertex 28.5408 55.8913 3.4
      vertex 28.6517 55.8517 3.4
    endloop
  endfacet
  facet normal -0 0 1
    outer loop
      vertex 28.4343 58.0583 3.4
      vertex 28.5408 55.8913 3.4
      vertex 28.5408 58.1087 3.4
    endloop
  endfacet
  facet normal 0 0 1
    outer loop
      vertex 28.4343 58.0583 3.4
      vertex 28.4343 55.9417 3.4
      vertex 28.5408 55.8913 3.4
    endloop
  endfacet
  facet normal -0 0 1
    outer loop
      vertex 28.3333 57.9978 3.4
      vertex 28.4343 55.9417 3.4
      vertex 28.4343 58.0583 3.4
    endloop
  endfacet
  facet normal 0 0 1
    outer loop
      vertex 28.3333 57.9978 3.4
      vertex 28.3333 56.0022 3.4
      vertex 28.4343 55.9417 3.4
    endloop
  endfacet
  facet normal -0 0 1
    outer loop
      vertex 28.2387 57.9276 3.4
      vertex 28.3333 56.0022 3.4
      vertex 28.3333 57.9978 3.4
    endloop
  endfacet
  facet normal 0 0 1
    outer loop
      vertex 28.2387 57.9276 3.4
      vertex 28.2387 56.0724 3.4
      vertex 28.3333 56.0022 3.4
    endloop
  endfacet
  facet normal -0 0 1
    outer loop
      vertex 28.1515 57.8485 3.4
      vertex 28.2387 56.0724 3.4
      vertex 28.2387 57.9276 3.4
    endloop
  endfacet
  facet normal 0 0 1
    outer loop
      vertex 28.1515 57.8485 3.4
      vertex 28.1515 56.1515 3.4
      vertex 28.2387 56.0724 3.4
    endloop
  endfacet
  facet normal -0 0 1
    outer loop
      vertex 28.0724 57.7613 3.4
      vertex 28.1515 56.1515 3.4
      vertex 28.1515 57.8485 3.4
    endloop
  endfacet
  facet normal 0 0 1
    outer loop
      vertex 28.0724 57.7613 3.4
      vertex 28.0724 56.2387 3.4
      vertex 28.1515 56.1515 3.4
    endloop
  endfacet
  facet normal -0 0 1
    outer loop
      vertex 28.0022 57.6667 3.4
      vertex 28.0724 56.2387 3.4
      vertex 28.0724 57.7613 3.4
    endloop
  endfacet
  facet normal 0 0 1
    outer loop
      vertex 28.0022 57.6667 3.4
      vertex 28.0022 56.3333 3.4
      vertex 28.0724 56.2387 3.4
    endloop
  endfacet
  facet normal -0 0 1
    outer loop
      vertex 27.9417 57.5657 3.4
      vertex 28.0022 56.3333 3.4
      vertex 28.0022 57.6667 3.4
    endloop
  endfacet
  facet normal 0 0 1
    outer loop
      vertex 27.9417 57.5657 3.4
      vertex 27.9417 56.4343 3.4
      vertex 28.0022 56.3333 3.4
    endloop
  endfacet
  facet normal -0 0 1
    outer loop
      vertex 27.8913 57.4592 3.4
      vertex 27.9417 56.4343 3.4
      vertex 27.9417 57.5657 3.4
    endloop
  endfacet
  facet normal 0 0 1
    outer loop
      vertex 27.8913 57.4592 3.4
      vertex 27.8913 56.5408 3.4
      vertex 27.9417 56.4343 3.4
    endloop
  endfacet
  facet normal -0 0 1
    outer loop
      vertex 27.8517 57.3483 3.4
      vertex 27.8913 56.5408 3.4
      vertex 27.8913 57.4592 3.4
    endloop
  endfacet
  facet normal 0 0 1
    outer loop
      vertex 27.8517 57.3483 3.4
      vertex 27.8517 56.6517 3.4
      vertex 27.8913 56.5408 3.4
    endloop
  endfacet
  facet normal -0 0 1
    outer loop
      vertex 27.8231 57.2341 3.4
      vertex 27.8517 56.6517 3.4
      vertex 27.8517 57.3483 3.4
    endloop
  endfacet
  facet normal 0 0 1
    outer loop
      vertex 27.8231 57.2341 3.4
      vertex 27.8231 56.7659 3.4
      vertex 27.8517 56.6517 3.4
    endloop
  endfacet
  facet normal -0 0 1
    outer loop
      vertex 27.8058 57.1176 3.4
      vertex 27.8231 56.7659 3.4
      vertex 27.8231 57.2341 3.4
    endloop
  endfacet
  facet normal 0 0 1
    outer loop
      vertex 27.8058 57.1176 3.4
      vertex 27.8058 56.8824 3.4
      vertex 27.8231 56.7659 3.4
    endloop
  endfacet
  facet normal 0 -0 1
    outer loop
      vertex 27.8058 56.8824 3.4
      vertex 27.8058 57.1176 3.4
      vertex 27.8 57 3.4
    endloop
  endfacet
  facet normal 0.74067 0.671869 0
    outer loop
      vertex 28.1515 56.1515 9.4
      vertex 28.0724 56.2387 3.4
      vertex 28.0724 56.2387 9.4
    endloop
  endfacet
  facet normal 0.74067 0.671869 0
    outer loop
      vertex 28.0724 56.2387 3.4
      vertex 28.1515 56.1515 9.4
      vertex 28.1515 56.1515 3.4
    endloop
  endfacet
  facet normal -0.242935 0.970042 0
    outer loop
      vertex 29.3483 55.8517 3.4
      vertex 29.2341 55.8231 9.4
      vertex 29.3483 55.8517 9.4
    endloop
  endfacet
  facet normal -0.242935 0.970042 0
    outer loop
      vertex 29.2341 55.8231 9.4
      vertex 29.3483 55.8517 3.4
      vertex 29.2341 55.8231 3.4
    endloop
  endfacet
  facet normal -0.427758 0.903893 0
    outer loop
      vertex 29.5657 55.9417 3.4
      vertex 29.4592 55.8913 9.4
      vertex 29.5657 55.9417 9.4
    endloop
  endfacet
  facet normal -0.427758 0.903893 0
    outer loop
      vertex 29.4592 55.8913 9.4
      vertex 29.5657 55.9417 3.4
      vertex 29.4592 55.8913 3.4
    endloop
  endfacet
  facet normal -0.989153 0.146887 0
    outer loop
      vertex 30.1769 56.7659 3.4
      vertex 30.1942 56.8824 9.4
      vertex 30.1942 56.8824 3.4
    endloop
  endfacet
  facet normal -0.989153 0.146887 0
    outer loop
      vertex 30.1942 56.8824 9.4
      vertex 30.1769 56.7659 3.4
      vertex 30.1769 56.7659 9.4
    endloop
  endfacet
  facet normal -0.671869 0.74067 0
    outer loop
      vertex 29.8485 56.1515 3.4
      vertex 29.7613 56.0724 9.4
      vertex 29.8485 56.1515 9.4
    endloop
  endfacet
  facet normal -0.671869 0.74067 0
    outer loop
      vertex 29.7613 56.0724 9.4
      vertex 29.8485 56.1515 3.4
      vertex 29.7613 56.0724 3.4
    endloop
  endfacet
  facet normal -0.941761 0.336283 0
    outer loop
      vertex 30.1087 56.5408 3.4
      vertex 30.1483 56.6517 9.4
      vertex 30.1483 56.6517 3.4
    endloop
  endfacet
  facet normal -0.941761 0.336283 0
    outer loop
      vertex 30.1483 56.6517 9.4
      vertex 30.1087 56.5408 3.4
      vertex 30.1087 56.5408 9.4
    endloop
  endfacet
  facet normal -0.857867 0.513871 0
    outer loop
      vertex 29.9978 56.3333 3.4
      vertex 30.0583 56.4343 9.4
      vertex 30.0583 56.4343 3.4
    endloop
  endfacet
  facet normal -0.857867 0.513871 0
    outer loop
      vertex 30.0583 56.4343 9.4
      vertex 29.9978 56.3333 3.4
      vertex 29.9978 56.3333 9.4
    endloop
  endfacet
  facet normal 0.513871 0.857867 -0
    outer loop
      vertex 28.4343 55.9417 3.4
      vertex 28.3333 56.0022 9.4
      vertex 28.4343 55.9417 9.4
    endloop
  endfacet
  facet normal 0.513871 0.857867 0
    outer loop
      vertex 28.3333 56.0022 9.4
      vertex 28.4343 55.9417 3.4
      vertex 28.3333 56.0022 3.4
    endloop
  endfacet
  facet normal 0.941761 0.336283 0
    outer loop
      vertex 27.8913 56.5408 9.4
      vertex 27.8517 56.6517 3.4
      vertex 27.8517 56.6517 9.4
    endloop
  endfacet
  facet normal 0.941761 0.336283 0
    outer loop
      vertex 27.8517 56.6517 3.4
      vertex 27.8913 56.5408 9.4
      vertex 27.8913 56.5408 3.4
    endloop
  endfacet
  facet normal 0.989153 0.146887 0
    outer loop
      vertex 27.8231 56.7659 9.4
      vertex 27.8058 56.8824 3.4
      vertex 27.8058 56.8824 9.4
    endloop
  endfacet
  facet normal 0.989153 0.146887 0
    outer loop
      vertex 27.8058 56.8824 3.4
      vertex 27.8231 56.7659 9.4
      vertex 27.8231 56.7659 3.4
    endloop
  endfacet
  facet normal 0.998786 0.0492599 0
    outer loop
      vertex 27.8058 56.8824 9.4
      vertex 27.8 57 3.4
      vertex 27.8 57 9.4
    endloop
  endfacet
  facet normal 0.998786 0.0492599 0
    outer loop
      vertex 27.8 57 3.4
      vertex 27.8058 56.8824 9.4
      vertex 27.8058 56.8824 3.4
    endloop
  endfacet
  facet normal 0.857867 0.513871 0
    outer loop
      vertex 28.0022 56.3333 9.4
      vertex 27.9417 56.4343 3.4
      vertex 27.9417 56.4343 9.4
    endloop
  endfacet
  facet normal 0.857867 0.513871 0
    outer loop
      vertex 27.9417 56.4343 3.4
      vertex 28.0022 56.3333 9.4
      vertex 28.0022 56.3333 3.4
    endloop
  endfacet
  facet normal -0.595918 0.803046 0
    outer loop
      vertex 29.7613 56.0724 3.4
      vertex 29.6667 56.0022 9.4
      vertex 29.7613 56.0724 9.4
    endloop
  endfacet
  facet normal -0.595918 0.803046 0
    outer loop
      vertex 29.6667 56.0022 9.4
      vertex 29.7613 56.0724 3.4
      vertex 29.6667 56.0022 3.4
    endloop
  endfacet
  facet normal -0.513871 0.857867 0
    outer loop
      vertex 29.6667 56.0022 3.4
      vertex 29.5657 55.9417 9.4
      vertex 29.6667 56.0022 9.4
    endloop
  endfacet
  facet normal -0.513871 0.857867 0
    outer loop
      vertex 29.5657 55.9417 9.4
      vertex 29.6667 56.0022 3.4
      vertex 29.5657 55.9417 3.4
    endloop
  endfacet
  facet normal 0.595918 0.803046 -0
    outer loop
      vertex 28.3333 56.0022 3.4
      vertex 28.2387 56.0724 9.4
      vertex 28.3333 56.0022 9.4
    endloop
  endfacet
  facet normal 0.595918 0.803046 0
    outer loop
      vertex 28.2387 56.0724 9.4
      vertex 28.3333 56.0022 3.4
      vertex 28.2387 56.0724 3.4
    endloop
  endfacet
  facet normal 0.427758 0.903893 -0
    outer loop
      vertex 28.5408 55.8913 3.4
      vertex 28.4343 55.9417 9.4
      vertex 28.5408 55.8913 9.4
    endloop
  endfacet
  facet normal 0.427758 0.903893 0
    outer loop
      vertex 28.4343 55.9417 9.4
      vertex 28.5408 55.8913 3.4
      vertex 28.4343 55.9417 3.4
    endloop
  endfacet
  facet normal 0.146887 0.989153 -0
    outer loop
      vertex 28.8824 55.8058 3.4
      vertex 28.7659 55.8231 9.4
      vertex 28.8824 55.8058 9.4
    endloop
  endfacet
  facet normal 0.146887 0.989153 0
    outer loop
      vertex 28.7659 55.8231 9.4
      vertex 28.8824 55.8058 3.4
      vertex 28.7659 55.8231 3.4
    endloop
  endfacet
  facet normal -0.336283 0.941761 0
    outer loop
      vertex 29.4592 55.8913 3.4
      vertex 29.3483 55.8517 9.4
      vertex 29.4592 55.8913 9.4
    endloop
  endfacet
  facet normal -0.336283 0.941761 0
    outer loop
      vertex 29.3483 55.8517 9.4
      vertex 29.4592 55.8913 3.4
      vertex 29.3483 55.8517 3.4
    endloop
  endfacet
  facet normal 0.0492599 0.998786 -0
    outer loop
      vertex 29 55.8 3.4
      vertex 28.8824 55.8058 9.4
      vertex 29 55.8 9.4
    endloop
  endfacet
  facet normal 0.0492599 0.998786 0
    outer loop
      vertex 28.8824 55.8058 9.4
      vertex 29 55.8 3.4
      vertex 28.8824 55.8058 3.4
    endloop
  endfacet
  facet normal 0.242935 0.970042 -0
    outer loop
      vertex 28.7659 55.8231 3.4
      vertex 28.6517 55.8517 9.4
      vertex 28.7659 55.8231 9.4
    endloop
  endfacet
  facet normal 0.242935 0.970042 0
    outer loop
      vertex 28.6517 55.8517 9.4
      vertex 28.7659 55.8231 3.4
      vertex 28.6517 55.8517 3.4
    endloop
  endfacet
  facet normal 0.970012 0.243059 0
    outer loop
      vertex 76.6972 10.5365 9.4
      vertex 76.6316 10.7983 2.4
      vertex 76.6316 10.7983 9.4
    endloop
  endfacet
  facet normal 0.970012 0.243059 0
    outer loop
      vertex 76.6316 10.7983 2.4
      vertex 76.6972 10.5365 9.4
      vertex 76.6972 10.5365 2.4
    endloop
  endfacet
  facet normal 0.998803 0.0489209 0
    outer loop
      vertex 76.75 10 9.4
      vertex 76.7368 10.2695 2.4
      vertex 76.7368 10.2695 9.4
    endloop
  endfacet
  facet normal 0.998803 0.0489209 0
    outer loop
      vertex 76.7368 10.2695 2.4
      vertex 76.75 10 9.4
      vertex 76.75 10 2.4
    endloop
  endfacet
  facet normal -0.998803 0.0489209 0
    outer loop
      vertex 71.25 10 2.4
      vertex 71.2632 10.2695 9.4
      vertex 71.2632 10.2695 2.4
    endloop
  endfacet
  facet normal -0.998803 0.0489209 0
    outer loop
      vertex 71.2632 10.2695 9.4
      vertex 71.25 10 2.4
      vertex 71.25 10 9.4
    endloop
  endfacet
  facet normal 0.0489209 0.998803 -0
    outer loop
      vertex 74.2695 12.7368 2.4
      vertex 74 12.75 9.4
      vertex 74.2695 12.7368 9.4
    endloop
  endfacet
  facet normal 0.0489209 0.998803 0
    outer loop
      vertex 74 12.75 9.4
      vertex 74.2695 12.7368 2.4
      vertex 74 12.75 2.4
    endloop
  endfacet
  facet normal 0.671805 0.740728 -0
    outer loop
      vertex 75.9445 11.9445 2.4
      vertex 75.7446 12.1258 9.4
      vertex 75.9445 11.9445 9.4
    endloop
  endfacet
  facet normal 0.671805 0.740728 0
    outer loop
      vertex 75.7446 12.1258 9.4
      vertex 75.9445 11.9445 2.4
      vertex 75.7446 12.1258 2.4
    endloop
  endfacet
  facet normal -0.671805 0.740728 0
    outer loop
      vertex 72.2554 12.1258 2.4
      vertex 72.0555 11.9445 9.4
      vertex 72.2554 12.1258 9.4
    endloop
  endfacet
  facet normal -0.671805 0.740728 0
    outer loop
      vertex 72.0555 11.9445 9.4
      vertex 72.2554 12.1258 2.4
      vertex 72.0555 11.9445 2.4
    endloop
  endfacet
  facet normal -0.336829 0.941566 0
    outer loop
      vertex 73.2017 12.6316 2.4
      vertex 72.9476 12.5407 9.4
      vertex 73.2017 12.6316 9.4
    endloop
  endfacet
  facet normal -0.336829 0.941566 0
    outer loop
      vertex 72.9476 12.5407 9.4
      vertex 73.2017 12.6316 2.4
      vertex 72.9476 12.5407 2.4
    endloop
  endfacet
  facet normal -0.803314 -0.595555 0
    outer loop
      vertex 71.8742 8.25542 2.4
      vertex 71.7135 8.47218 9.4
      vertex 71.7135 8.47218 2.4
    endloop
  endfacet
  facet normal -0.803314 -0.595555 0
    outer loop
      vertex 71.7135 8.47218 9.4
      vertex 71.8742 8.25542 2.4
      vertex 71.8742 8.25542 9.4
    endloop
  endfacet
  facet normal 0.941566 0.336829 0
    outer loop
      vertex 76.6316 10.7983 9.4
      vertex 76.5407 11.0524 2.4
      vertex 76.5407 11.0524 9.4
    endloop
  endfacet
  facet normal 0.941566 0.336829 0
    outer loop
      vertex 76.5407 11.0524 2.4
      vertex 76.6316 10.7983 9.4
      vertex 76.6316 10.7983 2.4
    endloop
  endfacet
  facet normal 0.427688 0.903926 -0
    outer loop
      vertex 75.2963 12.4253 2.4
      vertex 75.0524 12.5407 9.4
      vertex 75.2963 12.4253 9.4
    endloop
  endfacet
  facet normal 0.427688 0.903926 0
    outer loop
      vertex 75.0524 12.5407 9.4
      vertex 75.2963 12.4253 2.4
      vertex 75.0524 12.5407 2.4
    endloop
  endfacet
  facet normal 0.595485 0.803367 -0
    outer loop
      vertex 75.7446 12.1258 2.4
      vertex 75.5278 12.2865 9.4
      vertex 75.7446 12.1258 9.4
    endloop
  endfacet
  facet normal 0.595485 0.803367 0
    outer loop
      vertex 75.5278 12.2865 9.4
      vertex 75.7446 12.1258 2.4
      vertex 75.5278 12.2865 2.4
    endloop
  endfacet
  facet normal -0.857656 0.514223 0
    outer loop
      vertex 71.5747 11.2963 2.4
      vertex 71.7135 11.5278 9.4
      vertex 71.7135 11.5278 2.4
    endloop
  endfacet
  facet normal -0.857656 0.514223 0
    outer loop
      vertex 71.7135 11.5278 9.4
      vertex 71.5747 11.2963 2.4
      vertex 71.5747 11.2963 9.4
    endloop
  endfacet
  facet normal -0.803367 0.595485 0
    outer loop
      vertex 71.7135 11.5278 2.4
      vertex 71.8742 11.7446 9.4
      vertex 71.8742 11.7446 2.4
    endloop
  endfacet
  facet normal -0.803367 0.595485 0
    outer loop
      vertex 71.8742 11.7446 9.4
      vertex 71.7135 11.5278 2.4
      vertex 71.7135 11.5278 9.4
    endloop
  endfacet
  facet normal 0.903967 -0.427602 0
    outer loop
      vertex 76.4253 8.70366 9.4
      vertex 76.5407 8.94762 2.4
      vertex 76.5407 8.94762 9.4
    endloop
  endfacet
  facet normal 0.903967 -0.427602 0
    outer loop
      vertex 76.5407 8.94762 2.4
      vertex 76.4253 8.70366 9.4
      vertex 76.4253 8.70366 2.4
    endloop
  endfacet
  facet normal 0.242954 -0.970038 0
    outer loop
      vertex 74.5365 7.30284 2.4
      vertex 74.7983 7.36841 9.4
      vertex 74.5365 7.30284 9.4
    endloop
  endfacet
  facet normal 0.242954 -0.970038 0
    outer loop
      vertex 74.7983 7.36841 9.4
      vertex 74.5365 7.30284 2.4
      vertex 74.7983 7.36841 2.4
    endloop
  endfacet
  facet normal 0.740828 -0.671695 0
    outer loop
      vertex 75.9445 8.05546 9.4
      vertex 76.1258 8.25542 2.4
      vertex 76.1258 8.25542 9.4
    endloop
  endfacet
  facet normal 0.740828 -0.671695 0
    outer loop
      vertex 76.1258 8.25542 2.4
      vertex 75.9445 8.05546 9.4
      vertex 75.9445 8.05546 2.4
    endloop
  endfacet
  facet normal 0.970007 -0.243076 0
    outer loop
      vertex 76.6316 9.20172 9.4
      vertex 76.6972 9.4635 2.4
      vertex 76.6972 9.4635 9.4
    endloop
  endfacet
  facet normal 0.970007 -0.243076 0
    outer loop
      vertex 76.6972 9.4635 2.4
      vertex 76.6316 9.20172 9.4
      vertex 76.6316 9.20172 2.4
    endloop
  endfacet
  facet normal -0.336895 -0.941542 0
    outer loop
      vertex 72.9476 7.45933 2.4
      vertex 73.2017 7.36841 9.4
      vertex 72.9476 7.45933 9.4
    endloop
  endfacet
  facet normal -0.336895 -0.941542 -0
    outer loop
      vertex 73.2017 7.36841 9.4
      vertex 72.9476 7.45933 2.4
      vertex 73.2017 7.36841 2.4
    endloop
  endfacet
  facet normal -0.51406 -0.857754 0
    outer loop
      vertex 72.4722 7.71346 2.4
      vertex 72.7037 7.57472 9.4
      vertex 72.4722 7.71346 9.4
    endloop
  endfacet
  facet normal -0.51406 -0.857754 -0
    outer loop
      vertex 72.7037 7.57472 9.4
      vertex 72.4722 7.71346 2.4
      vertex 72.7037 7.57472 2.4
    endloop
  endfacet
  facet normal -0.970007 -0.243076 0
    outer loop
      vertex 71.3684 9.20172 2.4
      vertex 71.3028 9.4635 9.4
      vertex 71.3028 9.4635 2.4
    endloop
  endfacet
  facet normal -0.970007 -0.243076 0
    outer loop
      vertex 71.3028 9.4635 9.4
      vertex 71.3684 9.20172 2.4
      vertex 71.3684 9.20172 9.4
    endloop
  endfacet
  facet normal 0.903926 0.427688 0
    outer loop
      vertex 76.5407 11.0524 9.4
      vertex 76.4253 11.2963 2.4
      vertex 76.4253 11.2963 9.4
    endloop
  endfacet
  facet normal 0.903926 0.427688 0
    outer loop
      vertex 76.4253 11.2963 2.4
      vertex 76.5407 11.0524 9.4
      vertex 76.5407 11.0524 2.4
    endloop
  endfacet
  facet normal 0.857656 0.514223 0
    outer loop
      vertex 76.4253 11.2963 9.4
      vertex 76.2865 11.5278 2.4
      vertex 76.2865 11.5278 9.4
    endloop
  endfacet
  facet normal 0.857656 0.514223 0
    outer loop
      vertex 76.2865 11.5278 2.4
      vertex 76.4253 11.2963 9.4
      vertex 76.4253 11.2963 2.4
    endloop
  endfacet
  facet normal 0.803367 0.595485 0
    outer loop
      vertex 76.2865 11.5278 9.4
      vertex 76.1258 11.7446 2.4
      vertex 76.1258 11.7446 9.4
    endloop
  endfacet
  facet normal 0.803367 0.595485 0
    outer loop
      vertex 76.1258 11.7446 2.4
      vertex 76.2865 11.5278 9.4
      vertex 76.2865 11.5278 2.4
    endloop
  endfacet
  facet normal 0.243059 0.970012 -0
    outer loop
      vertex 74.7983 12.6316 2.4
      vertex 74.5365 12.6972 9.4
      vertex 74.7983 12.6316 9.4
    endloop
  endfacet
  facet normal 0.243059 0.970012 0
    outer loop
      vertex 74.5365 12.6972 9.4
      vertex 74.7983 12.6316 2.4
      vertex 74.5365 12.6972 2.4
    endloop
  endfacet
  facet normal 0.514223 0.857656 -0
    outer loop
      vertex 75.5278 12.2865 2.4
      vertex 75.2963 12.4253 9.4
      vertex 75.5278 12.2865 9.4
    endloop
  endfacet
  facet normal 0.514223 0.857656 0
    outer loop
      vertex 75.2963 12.4253 9.4
      vertex 75.5278 12.2865 2.4
      vertex 75.2963 12.4253 2.4
    endloop
  endfacet
  facet normal -0.903926 0.427688 0
    outer loop
      vertex 71.4593 11.0524 2.4
      vertex 71.5747 11.2963 9.4
      vertex 71.5747 11.2963 2.4
    endloop
  endfacet
  facet normal -0.903926 0.427688 0
    outer loop
      vertex 71.5747 11.2963 9.4
      vertex 71.4593 11.0524 2.4
      vertex 71.4593 11.0524 9.4
    endloop
  endfacet
  facet normal -0.970012 0.243059 0
    outer loop
      vertex 71.3028 10.5365 2.4
      vertex 71.3684 10.7983 9.4
      vertex 71.3684 10.7983 2.4
    endloop
  endfacet
  facet normal -0.970012 0.243059 0
    outer loop
      vertex 71.3684 10.7983 9.4
      vertex 71.3028 10.5365 2.4
      vertex 71.3028 10.5365 9.4
    endloop
  endfacet
  facet normal -0.514223 0.857656 0
    outer loop
      vertex 72.7037 12.4253 2.4
      vertex 72.4722 12.2865 9.4
      vertex 72.7037 12.4253 9.4
    endloop
  endfacet
  facet normal -0.514223 0.857656 0
    outer loop
      vertex 72.4722 12.2865 9.4
      vertex 72.7037 12.4253 2.4
      vertex 72.4722 12.2865 2.4
    endloop
  endfacet
  facet normal -0.0489209 0.998803 0
    outer loop
      vertex 74 12.75 2.4
      vertex 73.7305 12.7368 9.4
      vertex 74 12.75 9.4
    endloop
  endfacet
  facet normal -0.0489209 0.998803 0
    outer loop
      vertex 73.7305 12.7368 9.4
      vertex 74 12.75 2.4
      vertex 73.7305 12.7368 2.4
    endloop
  endfacet
  facet normal -0.14671 0.98918 0
    outer loop
      vertex 73.7305 12.7368 2.4
      vertex 73.4635 12.6972 9.4
      vertex 73.7305 12.7368 9.4
    endloop
  endfacet
  facet normal -0.14671 0.98918 0
    outer loop
      vertex 73.4635 12.6972 9.4
      vertex 73.7305 12.7368 2.4
      vertex 73.4635 12.6972 2.4
    endloop
  endfacet
  facet normal 0.0490688 -0.998795 0
    outer loop
      vertex 74 7.25 2.4
      vertex 74.2695 7.26324 9.4
      vertex 74 7.25 9.4
    endloop
  endfacet
  facet normal 0.0490688 -0.998795 0
    outer loop
      vertex 74.2695 7.26324 9.4
      vertex 74 7.25 2.4
      vertex 74.2695 7.26324 2.4
    endloop
  endfacet
  facet normal 0.14671 -0.98918 0
    outer loop
      vertex 74.2695 7.26324 2.4
      vertex 74.5365 7.30284 9.4
      vertex 74.2695 7.26324 9.4
    endloop
  endfacet
  facet normal 0.14671 -0.98918 0
    outer loop
      vertex 74.5365 7.30284 9.4
      vertex 74.2695 7.26324 2.4
      vertex 74.5365 7.30284 2.4
    endloop
  endfacet
  facet normal 0.51406 -0.857754 0
    outer loop
      vertex 75.2963 7.57472 2.4
      vertex 75.5278 7.71346 9.4
      vertex 75.2963 7.57472 9.4
    endloop
  endfacet
  facet normal 0.51406 -0.857754 0
    outer loop
      vertex 75.5278 7.71346 9.4
      vertex 75.2963 7.57472 2.4
      vertex 75.5278 7.71346 2.4
    endloop
  endfacet
  facet normal 0.671683 -0.740838 0
    outer loop
      vertex 75.7446 7.87422 2.4
      vertex 75.9445 8.05546 9.4
      vertex 75.7446 7.87422 9.4
    endloop
  endfacet
  facet normal 0.671683 -0.740838 0
    outer loop
      vertex 75.9445 8.05546 9.4
      vertex 75.7446 7.87422 2.4
      vertex 75.9445 8.05546 2.4
    endloop
  endfacet
  facet normal 0.595628 -0.80326 0
    outer loop
      vertex 75.5278 7.71346 2.4
      vertex 75.7446 7.87422 9.4
      vertex 75.5278 7.71346 9.4
    endloop
  endfacet
  facet normal 0.595628 -0.80326 0
    outer loop
      vertex 75.7446 7.87422 9.4
      vertex 75.5278 7.71346 2.4
      vertex 75.7446 7.87422 2.4
    endloop
  endfacet
  facet normal 0.803314 -0.595555 0
    outer loop
      vertex 76.1258 8.25542 9.4
      vertex 76.2865 8.47218 2.4
      vertex 76.2865 8.47218 9.4
    endloop
  endfacet
  facet normal 0.803314 -0.595555 0
    outer loop
      vertex 76.2865 8.47218 2.4
      vertex 76.1258 8.25542 9.4
      vertex 76.1258 8.25542 2.4
    endloop
  endfacet
  facet normal 0.857637 -0.514256 0
    outer loop
      vertex 76.2865 8.47218 9.4
      vertex 76.4253 8.70366 2.4
      vertex 76.4253 8.70366 9.4
    endloop
  endfacet
  facet normal 0.857637 -0.514256 0
    outer loop
      vertex 76.4253 8.70366 2.4
      vertex 76.2865 8.47218 9.4
      vertex 76.2865 8.47218 2.4
    endloop
  endfacet
  facet normal -0.14671 -0.98918 0
    outer loop
      vertex 73.4635 7.30284 2.4
      vertex 73.7305 7.26324 9.4
      vertex 73.4635 7.30284 9.4
    endloop
  endfacet
  facet normal -0.14671 -0.98918 -0
    outer loop
      vertex 73.7305 7.26324 9.4
      vertex 73.4635 7.30284 2.4
      vertex 73.7305 7.26324 2.4
    endloop
  endfacet
  facet normal -0.671683 -0.740838 0
    outer loop
      vertex 72.0555 8.05546 2.4
      vertex 72.2554 7.87422 9.4
      vertex 72.0555 8.05546 9.4
    endloop
  endfacet
  facet normal -0.671683 -0.740838 -0
    outer loop
      vertex 72.2554 7.87422 9.4
      vertex 72.0555 8.05546 2.4
      vertex 72.2554 7.87422 2.4
    endloop
  endfacet
  facet normal -0.427658 -0.903941 0
    outer loop
      vertex 72.7037 7.57472 2.4
      vertex 72.9476 7.45933 9.4
      vertex 72.7037 7.57472 9.4
    endloop
  endfacet
  facet normal -0.427658 -0.903941 -0
    outer loop
      vertex 72.9476 7.45933 9.4
      vertex 72.7037 7.57472 2.4
      vertex 72.9476 7.45933 2.4
    endloop
  endfacet
  facet normal -0.0490688 -0.998795 0
    outer loop
      vertex 73.7305 7.26324 2.4
      vertex 74 7.25 9.4
      vertex 73.7305 7.26324 9.4
    endloop
  endfacet
  facet normal -0.0490688 -0.998795 -0
    outer loop
      vertex 74 7.25 9.4
      vertex 73.7305 7.26324 2.4
      vertex 74 7.25 2.4
    endloop
  endfacet
  facet normal -0.595628 -0.80326 0
    outer loop
      vertex 72.2554 7.87422 2.4
      vertex 72.4722 7.71346 9.4
      vertex 72.2554 7.87422 9.4
    endloop
  endfacet
  facet normal -0.595628 -0.80326 -0
    outer loop
      vertex 72.4722 7.71346 9.4
      vertex 72.2554 7.87422 2.4
      vertex 72.4722 7.71346 2.4
    endloop
  endfacet
  facet normal -0.903967 -0.427602 0
    outer loop
      vertex 71.5747 8.70366 2.4
      vertex 71.4593 8.94762 9.4
      vertex 71.4593 8.94762 2.4
    endloop
  endfacet
  facet normal -0.903967 -0.427602 0
    outer loop
      vertex 71.4593 8.94762 9.4
      vertex 71.5747 8.70366 2.4
      vertex 71.5747 8.70366 9.4
    endloop
  endfacet
  facet normal -0.857637 -0.514256 0
    outer loop
      vertex 71.7135 8.47218 2.4
      vertex 71.5747 8.70366 9.4
      vertex 71.5747 8.70366 2.4
    endloop
  endfacet
  facet normal -0.857637 -0.514256 0
    outer loop
      vertex 71.5747 8.70366 9.4
      vertex 71.7135 8.47218 2.4
      vertex 71.7135 8.47218 9.4
    endloop
  endfacet
  facet normal -0.998803 -0.0489119 0
    outer loop
      vertex 71.2632 9.73045 2.4
      vertex 71.25 10 9.4
      vertex 71.25 10 2.4
    endloop
  endfacet
  facet normal -0.998803 -0.0489119 0
    outer loop
      vertex 71.25 10 9.4
      vertex 71.2632 9.73045 2.4
      vertex 71.2632 9.73045 9.4
    endloop
  endfacet
  facet normal 0 0 -1
    outer loop
      vertex 76.7368 9.73045 2.4
      vertex 76.7368 10.2695 2.4
      vertex 76.75 10 2.4
    endloop
  endfacet
  facet normal 0 0 -1
    outer loop
      vertex 76.6972 9.4635 2.4
      vertex 76.7368 10.2695 2.4
      vertex 76.7368 9.73045 2.4
    endloop
  endfacet
  facet normal 0 0 -1
    outer loop
      vertex 76.6972 9.4635 2.4
      vertex 76.6972 10.5365 2.4
      vertex 76.7368 10.2695 2.4
    endloop
  endfacet
  facet normal 0 0 -1
    outer loop
      vertex 76.6316 9.20172 2.4
      vertex 76.6972 10.5365 2.4
      vertex 76.6972 9.4635 2.4
    endloop
  endfacet
  facet normal 0 0 -1
    outer loop
      vertex 76.6316 9.20172 2.4
      vertex 76.6316 10.7983 2.4
      vertex 76.6972 10.5365 2.4
    endloop
  endfacet
  facet normal 0 0 -1
    outer loop
      vertex 76.5407 8.94762 2.4
      vertex 76.6316 10.7983 2.4
      vertex 76.6316 9.20172 2.4
    endloop
  endfacet
  facet normal 0 0 -1
    outer loop
      vertex 76.5407 8.94762 2.4
      vertex 76.5407 11.0524 2.4
      vertex 76.6316 10.7983 2.4
    endloop
  endfacet
  facet normal 0 0 -1
    outer loop
      vertex 76.4253 8.70366 2.4
      vertex 76.5407 11.0524 2.4
      vertex 76.5407 8.94762 2.4
    endloop
  endfacet
  facet normal 0 0 -1
    outer loop
      vertex 76.4253 8.70366 2.4
      vertex 76.4253 11.2963 2.4
      vertex 76.5407 11.0524 2.4
    endloop
  endfacet
  facet normal 0 0 -1
    outer loop
      vertex 76.2865 8.47218 2.4
      vertex 76.4253 11.2963 2.4
      vertex 76.4253 8.70366 2.4
    endloop
  endfacet
  facet normal 0 0 -1
    outer loop
      vertex 76.2865 8.47218 2.4
      vertex 76.2865 11.5278 2.4
      vertex 76.4253 11.2963 2.4
    endloop
  endfacet
  facet normal 0 0 -1
    outer loop
      vertex 76.1258 8.25542 2.4
      vertex 76.2865 11.5278 2.4
      vertex 76.2865 8.47218 2.4
    endloop
  endfacet
  facet normal 0 0 -1
    outer loop
      vertex 76.1258 8.25542 2.4
      vertex 76.1258 11.7446 2.4
      vertex 76.2865 11.5278 2.4
    endloop
  endfacet
  facet normal 0 0 -1
    outer loop
      vertex 75.9445 8.05546 2.4
      vertex 76.1258 11.7446 2.4
      vertex 76.1258 8.25542 2.4
    endloop
  endfacet
  facet normal 0 0 -1
    outer loop
      vertex 75.9445 8.05546 2.4
      vertex 75.9445 11.9445 2.4
      vertex 76.1258 11.7446 2.4
    endloop
  endfacet
  facet normal 0 0 -1
    outer loop
      vertex 75.7446 7.87422 2.4
      vertex 75.9445 11.9445 2.4
      vertex 75.9445 8.05546 2.4
    endloop
  endfacet
  facet normal 0 0 -1
    outer loop
      vertex 75.7446 7.87422 2.4
      vertex 75.7446 12.1258 2.4
      vertex 75.9445 11.9445 2.4
    endloop
  endfacet
  facet normal 0 0 -1
    outer loop
      vertex 75.5278 7.71346 2.4
      vertex 75.7446 12.1258 2.4
      vertex 75.7446 7.87422 2.4
    endloop
  endfacet
  facet normal 0 0 -1
    outer loop
      vertex 75.5278 7.71346 2.4
      vertex 75.5278 12.2865 2.4
      vertex 75.7446 12.1258 2.4
    endloop
  endfacet
  facet normal 0 0 -1
    outer loop
      vertex 75.2963 7.57472 2.4
      vertex 75.5278 12.2865 2.4
      vertex 75.5278 7.71346 2.4
    endloop
  endfacet
  facet normal 0 0 -1
    outer loop
      vertex 75.2963 7.57472 2.4
      vertex 75.2963 12.4253 2.4
      vertex 75.5278 12.2865 2.4
    endloop
  endfacet
  facet normal 0 0 -1
    outer loop
      vertex 75.0524 7.45933 2.4
      vertex 75.2963 12.4253 2.4
      vertex 75.2963 7.57472 2.4
    endloop
  endfacet
  facet normal 0 0 -1
    outer loop
      vertex 75.0524 7.45933 2.4
      vertex 75.0524 12.5407 2.4
      vertex 75.2963 12.4253 2.4
    endloop
  endfacet
  facet normal 0 0 -1
    outer loop
      vertex 74.7983 7.36841 2.4
      vertex 75.0524 12.5407 2.4
      vertex 75.0524 7.45933 2.4
    endloop
  endfacet
  facet normal 0 0 -1
    outer loop
      vertex 74.7983 7.36841 2.4
      vertex 74.7983 12.6316 2.4
      vertex 75.0524 12.5407 2.4
    endloop
  endfacet
  facet normal 0 0 -1
    outer loop
      vertex 74.5365 7.30284 2.4
      vertex 74.7983 12.6316 2.4
      vertex 74.7983 7.36841 2.4
    endloop
  endfacet
  facet normal 0 0 -1
    outer loop
      vertex 74.5365 7.30284 2.4
      vertex 74.5365 12.6972 2.4
      vertex 74.7983 12.6316 2.4
    endloop
  endfacet
  facet normal 0 0 -1
    outer loop
      vertex 74.2695 7.26324 2.4
      vertex 74.5365 12.6972 2.4
      vertex 74.5365 7.30284 2.4
    endloop
  endfacet
  facet normal 0 0 -1
    outer loop
      vertex 74.2695 7.26324 2.4
      vertex 74.2695 12.7368 2.4
      vertex 74.5365 12.6972 2.4
    endloop
  endfacet
  facet normal 0 0 -1
    outer loop
      vertex 74 7.25 2.4
      vertex 74.2695 12.7368 2.4
      vertex 74.2695 7.26324 2.4
    endloop
  endfacet
  facet normal 0 0 -1
    outer loop
      vertex 74 7.25 2.4
      vertex 74 12.75 2.4
      vertex 74.2695 12.7368 2.4
    endloop
  endfacet
  facet normal 0 0 -1
    outer loop
      vertex 73.7305 7.26324 2.4
      vertex 74 12.75 2.4
      vertex 74 7.25 2.4
    endloop
  endfacet
  facet normal 0 0 -1
    outer loop
      vertex 73.7305 7.26324 2.4
      vertex 73.7305 12.7368 2.4
      vertex 74 12.75 2.4
    endloop
  endfacet
  facet normal 0 0 -1
    outer loop
      vertex 73.4635 7.30284 2.4
      vertex 73.7305 12.7368 2.4
      vertex 73.7305 7.26324 2.4
    endloop
  endfacet
  facet normal 0 0 -1
    outer loop
      vertex 73.4635 7.30284 2.4
      vertex 73.4635 12.6972 2.4
      vertex 73.7305 12.7368 2.4
    endloop
  endfacet
  facet normal 0 0 -1
    outer loop
      vertex 73.2017 7.36841 2.4
      vertex 73.4635 12.6972 2.4
      vertex 73.4635 7.30284 2.4
    endloop
  endfacet
  facet normal 0 0 -1
    outer loop
      vertex 73.2017 7.36841 2.4
      vertex 73.2017 12.6316 2.4
      vertex 73.4635 12.6972 2.4
    endloop
  endfacet
  facet normal 0 0 -1
    outer loop
      vertex 72.9476 7.45933 2.4
      vertex 73.2017 12.6316 2.4
      vertex 73.2017 7.36841 2.4
    endloop
  endfacet
  facet normal 0 0 -1
    outer loop
      vertex 72.9476 7.45933 2.4
      vertex 72.9476 12.5407 2.4
      vertex 73.2017 12.6316 2.4
    endloop
  endfacet
  facet normal 0 0 -1
    outer loop
      vertex 72.7037 7.57472 2.4
      vertex 72.9476 12.5407 2.4
      vertex 72.9476 7.45933 2.4
    endloop
  endfacet
  facet normal 0 0 -1
    outer loop
      vertex 72.7037 7.57472 2.4
      vertex 72.7037 12.4253 2.4
      vertex 72.9476 12.5407 2.4
    endloop
  endfacet
  facet normal 0 0 -1
    outer loop
      vertex 72.4722 7.71346 2.4
      vertex 72.7037 12.4253 2.4
      vertex 72.7037 7.57472 2.4
    endloop
  endfacet
  facet normal 0 0 -1
    outer loop
      vertex 72.4722 7.71346 2.4
      vertex 72.4722 12.2865 2.4
      vertex 72.7037 12.4253 2.4
    endloop
  endfacet
  facet normal 0 0 -1
    outer loop
      vertex 72.2554 7.87422 2.4
      vertex 72.4722 12.2865 2.4
      vertex 72.4722 7.71346 2.4
    endloop
  endfacet
  facet normal 0 0 -1
    outer loop
      vertex 72.2554 7.87422 2.4
      vertex 72.2554 12.1258 2.4
      vertex 72.4722 12.2865 2.4
    endloop
  endfacet
  facet normal 0 0 -1
    outer loop
      vertex 72.0555 8.05546 2.4
      vertex 72.2554 12.1258 2.4
      vertex 72.2554 7.87422 2.4
    endloop
  endfacet
  facet normal 0 0 -1
    outer loop
      vertex 72.0555 8.05546 2.4
      vertex 72.0555 11.9445 2.4
      vertex 72.2554 12.1258 2.4
    endloop
  endfacet
  facet normal 0 0 -1
    outer loop
      vertex 71.8742 8.25542 2.4
      vertex 72.0555 11.9445 2.4
      vertex 72.0555 8.05546 2.4
    endloop
  endfacet
  facet normal 0 0 -1
    outer loop
      vertex 71.8742 8.25542 2.4
      vertex 71.8742 11.7446 2.4
      vertex 72.0555 11.9445 2.4
    endloop
  endfacet
  facet normal 0 0 -1
    outer loop
      vertex 71.7135 8.47218 2.4
      vertex 71.8742 11.7446 2.4
      vertex 71.8742 8.25542 2.4
    endloop
  endfacet
  facet normal 0 0 -1
    outer loop
      vertex 71.7135 8.47218 2.4
      vertex 71.7135 11.5278 2.4
      vertex 71.8742 11.7446 2.4
    endloop
  endfacet
  facet normal 0 0 -1
    outer loop
      vertex 71.5747 8.70366 2.4
      vertex 71.7135 11.5278 2.4
      vertex 71.7135 8.47218 2.4
    endloop
  endfacet
  facet normal 0 0 -1
    outer loop
      vertex 71.5747 8.70366 2.4
      vertex 71.5747 11.2963 2.4
      vertex 71.7135 11.5278 2.4
    endloop
  endfacet
  facet normal 0 0 -1
    outer loop
      vertex 71.4593 8.94762 2.4
      vertex 71.5747 11.2963 2.4
      vertex 71.5747 8.70366 2.4
    endloop
  endfacet
  facet normal 0 0 -1
    outer loop
      vertex 71.4593 8.94762 2.4
      vertex 71.4593 11.0524 2.4
      vertex 71.5747 11.2963 2.4
    endloop
  endfacet
  facet normal 0 0 -1
    outer loop
      vertex 71.3684 9.20172 2.4
      vertex 71.4593 11.0524 2.4
      vertex 71.4593 8.94762 2.4
    endloop
  endfacet
  facet normal 0 0 -1
    outer loop
      vertex 71.3684 9.20172 2.4
      vertex 71.3684 10.7983 2.4
      vertex 71.4593 11.0524 2.4
    endloop
  endfacet
  facet normal 0 0 -1
    outer loop
      vertex 71.3028 9.4635 2.4
      vertex 71.3684 10.7983 2.4
      vertex 71.3684 9.20172 2.4
    endloop
  endfacet
  facet normal 0 0 -1
    outer loop
      vertex 71.3028 9.4635 2.4
      vertex 71.3028 10.5365 2.4
      vertex 71.3684 10.7983 2.4
    endloop
  endfacet
  facet normal 0 0 -1
    outer loop
      vertex 71.2632 9.73045 2.4
      vertex 71.3028 10.5365 2.4
      vertex 71.3028 9.4635 2.4
    endloop
  endfacet
  facet normal 0 0 -1
    outer loop
      vertex 71.2632 9.73045 2.4
      vertex 71.2632 10.2695 2.4
      vertex 71.3028 10.5365 2.4
    endloop
  endfacet
  facet normal 0 -0 -1
    outer loop
      vertex 71.2632 10.2695 2.4
      vertex 71.2632 9.73045 2.4
      vertex 71.25 10 2.4
    endloop
  endfacet
  facet normal 0.98918 0.14671 0
    outer loop
      vertex 76.7368 10.2695 9.4
      vertex 76.6972 10.5365 2.4
      vertex 76.6972 10.5365 9.4
    endloop
  endfacet
  facet normal 0.98918 0.14671 0
    outer loop
      vertex 76.6972 10.5365 2.4
      vertex 76.7368 10.2695 9.4
      vertex 76.7368 10.2695 2.4
    endloop
  endfacet
  facet normal 0.740728 0.671805 0
    outer loop
      vertex 76.1258 11.7446 9.4
      vertex 75.9445 11.9445 2.4
      vertex 75.9445 11.9445 9.4
    endloop
  endfacet
  facet normal 0.740728 0.671805 0
    outer loop
      vertex 75.9445 11.9445 2.4
      vertex 76.1258 11.7446 9.4
      vertex 76.1258 11.7446 2.4
    endloop
  endfacet
  facet normal 0.14671 0.98918 -0
    outer loop
      vertex 74.5365 12.6972 2.4
      vertex 74.2695 12.7368 9.4
      vertex 74.5365 12.6972 9.4
    endloop
  endfacet
  facet normal 0.14671 0.98918 0
    outer loop
      vertex 74.2695 12.7368 9.4
      vertex 74.5365 12.6972 2.4
      vertex 74.2695 12.7368 2.4
    endloop
  endfacet
  facet normal 0.336829 0.941566 -0
    outer loop
      vertex 75.0524 12.5407 2.4
      vertex 74.7983 12.6316 9.4
      vertex 75.0524 12.5407 9.4
    endloop
  endfacet
  facet normal 0.336829 0.941566 0
    outer loop
      vertex 74.7983 12.6316 9.4
      vertex 75.0524 12.5407 2.4
      vertex 74.7983 12.6316 2.4
    endloop
  endfacet
  facet normal -0.740728 0.671805 0
    outer loop
      vertex 71.8742 11.7446 2.4
      vertex 72.0555 11.9445 9.4
      vertex 72.0555 11.9445 2.4
    endloop
  endfacet
  facet normal -0.740728 0.671805 0
    outer loop
      vertex 72.0555 11.9445 9.4
      vertex 71.8742 11.7446 2.4
      vertex 71.8742 11.7446 9.4
    endloop
  endfacet
  facet normal 0 0 1
    outer loop
      vertex 75.2 10 9.4
      vertex 76.75 10 9.4
      vertex 76.7368 10.2695 9.4
    endloop
  endfacet
  facet normal 0 0 1
    outer loop
      vertex 75.1942 10.1176 9.4
      vertex 76.7368 10.2695 9.4
      vertex 76.6972 10.5365 9.4
    endloop
  endfacet
  facet normal 0 0 1
    outer loop
      vertex 76.75 10 9.4
      vertex 75.2 10 9.4
      vertex 76.7368 9.73045 9.4
    endloop
  endfacet
  facet normal 0 0 1
    outer loop
      vertex 75.1769 10.2341 9.4
      vertex 76.6972 10.5365 9.4
      vertex 76.6316 10.7983 9.4
    endloop
  endfacet
  facet normal -0 0 1
    outer loop
      vertex 75.1942 9.88238 9.4
      vertex 76.7368 9.73045 9.4
      vertex 75.2 10 9.4
    endloop
  endfacet
  facet normal 0 0 1
    outer loop
      vertex 75.1483 10.3483 9.4
      vertex 76.6316 10.7983 9.4
      vertex 76.5407 11.0524 9.4
    endloop
  endfacet
  facet normal 0 0 1
    outer loop
      vertex 76.7368 9.73045 9.4
      vertex 75.1942 9.88238 9.4
      vertex 76.6972 9.4635 9.4
    endloop
  endfacet
  facet normal 0 0 1
    outer loop
      vertex 75.1087 10.4592 9.4
      vertex 76.5407 11.0524 9.4
      vertex 76.4253 11.2963 9.4
    endloop
  endfacet
  facet normal -0 0 1
    outer loop
      vertex 75.1769 9.76589 9.4
      vertex 76.6972 9.4635 9.4
      vertex 75.1942 9.88238 9.4
    endloop
  endfacet
  facet normal 0 0 1
    outer loop
      vertex 75.0583 10.5657 9.4
      vertex 76.4253 11.2963 9.4
      vertex 76.2865 11.5278 9.4
    endloop
  endfacet
  facet normal 0 0 1
    outer loop
      vertex 76.6972 9.4635 9.4
      vertex 75.1769 9.76589 9.4
      vertex 76.6316 9.20172 9.4
    endloop
  endfacet
  facet normal 0 0 1
    outer loop
      vertex 74.9978 10.6667 9.4
      vertex 76.2865 11.5278 9.4
      vertex 76.1258 11.7446 9.4
    endloop
  endfacet
  facet normal -0 0 1
    outer loop
      vertex 75.1483 9.65166 9.4
      vertex 76.6316 9.20172 9.4
      vertex 75.1769 9.76589 9.4
    endloop
  endfacet
  facet normal 0 0 1
    outer loop
      vertex 74.9276 10.7613 9.4
      vertex 76.1258 11.7446 9.4
      vertex 75.9445 11.9445 9.4
    endloop
  endfacet
  facet normal 0 0 1
    outer loop
      vertex 76.6316 9.20172 9.4
      vertex 75.1483 9.65166 9.4
      vertex 76.5407 8.94762 9.4
    endloop
  endfacet
  facet normal 0 0 1
    outer loop
      vertex 74.8485 10.8485 9.4
      vertex 75.9445 11.9445 9.4
      vertex 75.7446 12.1258 9.4
    endloop
  endfacet
  facet normal -0 0 1
    outer loop
      vertex 75.1087 9.54078 9.4
      vertex 76.5407 8.94762 9.4
      vertex 75.1483 9.65166 9.4
    endloop
  endfacet
  facet normal 0 0 1
    outer loop
      vertex 74.7613 10.9276 9.4
      vertex 75.7446 12.1258 9.4
      vertex 75.5278 12.2865 9.4
    endloop
  endfacet
  facet normal 0 0 1
    outer loop
      vertex 76.5407 8.94762 9.4
      vertex 75.1087 9.54078 9.4
      vertex 76.4253 8.70366 9.4
    endloop
  endfacet
  facet normal 0 0 1
    outer loop
      vertex 74.6667 10.9978 9.4
      vertex 75.5278 12.2865 9.4
      vertex 75.2963 12.4253 9.4
    endloop
  endfacet
  facet normal -0 0 1
    outer loop
      vertex 75.0583 9.43432 9.4
      vertex 76.4253 8.70366 9.4
      vertex 75.1087 9.54078 9.4
    endloop
  endfacet
  facet normal 0 0 1
    outer loop
      vertex 76.4253 8.70366 9.4
      vertex 75.0583 9.43432 9.4
      vertex 76.2865 8.47218 9.4
    endloop
  endfacet
  facet normal 0 0 1
    outer loop
      vertex 76.7368 10.2695 9.4
      vertex 75.1942 10.1176 9.4
      vertex 75.2 10 9.4
    endloop
  endfacet
  facet normal 0 0 1
    outer loop
      vertex 76.6972 10.5365 9.4
      vertex 75.1769 10.2341 9.4
      vertex 75.1942 10.1176 9.4
    endloop
  endfacet
  facet normal 0 0 1
    outer loop
      vertex 76.6316 10.7983 9.4
      vertex 75.1483 10.3483 9.4
      vertex 75.1769 10.2341 9.4
    endloop
  endfacet
  facet normal 0 0 1
    outer loop
      vertex 76.5407 11.0524 9.4
      vertex 75.1087 10.4592 9.4
      vertex 75.1483 10.3483 9.4
    endloop
  endfacet
  facet normal 0 0 1
    outer loop
      vertex 76.4253 11.2963 9.4
      vertex 75.0583 10.5657 9.4
      vertex 75.1087 10.4592 9.4
    endloop
  endfacet
  facet normal 0 0 1
    outer loop
      vertex 74.5657 11.0583 9.4
      vertex 75.2963 12.4253 9.4
      vertex 75.0524 12.5407 9.4
    endloop
  endfacet
  facet normal 0 0 1
    outer loop
      vertex 76.2865 11.5278 9.4
      vertex 74.9978 10.6667 9.4
      vertex 75.0583 10.5657 9.4
    endloop
  endfacet
  facet normal 0 0 1
    outer loop
      vertex 76.1258 11.7446 9.4
      vertex 74.9276 10.7613 9.4
      vertex 74.9978 10.6667 9.4
    endloop
  endfacet
  facet normal 0 0 1
    outer loop
      vertex 75.9445 11.9445 9.4
      vertex 74.8485 10.8485 9.4
      vertex 74.9276 10.7613 9.4
    endloop
  endfacet
  facet normal 0 0 1
    outer loop
      vertex 74.4592 11.1087 9.4
      vertex 75.0524 12.5407 9.4
      vertex 74.7983 12.6316 9.4
    endloop
  endfacet
  facet normal 0 0 1
    outer loop
      vertex 75.7446 12.1258 9.4
      vertex 74.7613 10.9276 9.4
      vertex 74.8485 10.8485 9.4
    endloop
  endfacet
  facet normal 0 0 1
    outer loop
      vertex 75.5278 12.2865 9.4
      vertex 74.6667 10.9978 9.4
      vertex 74.7613 10.9276 9.4
    endloop
  endfacet
  facet normal 0 0 1
    outer loop
      vertex 75.2963 12.4253 9.4
      vertex 74.5657 11.0583 9.4
      vertex 74.6667 10.9978 9.4
    endloop
  endfacet
  facet normal 0 0 1
    outer loop
      vertex 74.3483 11.1483 9.4
      vertex 74.7983 12.6316 9.4
      vertex 74.5365 12.6972 9.4
    endloop
  endfacet
  facet normal 0 0 1
    outer loop
      vertex 75.0524 12.5407 9.4
      vertex 74.4592 11.1087 9.4
      vertex 74.5657 11.0583 9.4
    endloop
  endfacet
  facet normal 0 0 1
    outer loop
      vertex 74.7983 12.6316 9.4
      vertex 74.3483 11.1483 9.4
      vertex 74.4592 11.1087 9.4
    endloop
  endfacet
  facet normal 0 0 1
    outer loop
      vertex 74.2341 11.1769 9.4
      vertex 74.5365 12.6972 9.4
      vertex 74.2695 12.7368 9.4
    endloop
  endfacet
  facet normal 0 0 1
    outer loop
      vertex 74.5365 12.6972 9.4
      vertex 74.2341 11.1769 9.4
      vertex 74.3483 11.1483 9.4
    endloop
  endfacet
  facet normal 0 0 1
    outer loop
      vertex 74.2695 12.7368 9.4
      vertex 74.1176 11.1942 9.4
      vertex 74.2341 11.1769 9.4
    endloop
  endfacet
  facet normal 0 0 1
    outer loop
      vertex 74 12.75 9.4
      vertex 74.1176 11.1942 9.4
      vertex 74.2695 12.7368 9.4
    endloop
  endfacet
  facet normal 0 0 1
    outer loop
      vertex 74 12.75 9.4
      vertex 74 11.2 9.4
      vertex 74.1176 11.1942 9.4
    endloop
  endfacet
  facet normal 0 0 1
    outer loop
      vertex 74 12.75 9.4
      vertex 73.8824 11.1942 9.4
      vertex 74 11.2 9.4
    endloop
  endfacet
  facet normal -0 0 1
    outer loop
      vertex 73.7305 12.7368 9.4
      vertex 73.8824 11.1942 9.4
      vertex 74 12.75 9.4
    endloop
  endfacet
  facet normal 0 0 1
    outer loop
      vertex 73.8824 11.1942 9.4
      vertex 73.7305 12.7368 9.4
      vertex 73.7659 11.1769 9.4
    endloop
  endfacet
  facet normal -0 0 1
    outer loop
      vertex 73.4635 12.6972 9.4
      vertex 73.7659 11.1769 9.4
      vertex 73.7305 12.7368 9.4
    endloop
  endfacet
  facet normal 0 0 1
    outer loop
      vertex 73.7659 11.1769 9.4
      vertex 73.4635 12.6972 9.4
      vertex 73.6517 11.1483 9.4
    endloop
  endfacet
  facet normal -0 0 1
    outer loop
      vertex 73.2017 12.6316 9.4
      vertex 73.6517 11.1483 9.4
      vertex 73.4635 12.6972 9.4
    endloop
  endfacet
  facet normal 0 0 1
    outer loop
      vertex 73.6517 11.1483 9.4
      vertex 73.2017 12.6316 9.4
      vertex 73.5408 11.1087 9.4
    endloop
  endfacet
  facet normal -0 0 1
    outer loop
      vertex 72.9476 12.5407 9.4
      vertex 73.5408 11.1087 9.4
      vertex 73.2017 12.6316 9.4
    endloop
  endfacet
  facet normal 0 0 1
    outer loop
      vertex 73.5408 11.1087 9.4
      vertex 72.9476 12.5407 9.4
      vertex 73.4343 11.0583 9.4
    endloop
  endfacet
  facet normal -0 0 1
    outer loop
      vertex 72.7037 12.4253 9.4
      vertex 73.4343 11.0583 9.4
      vertex 72.9476 12.5407 9.4
    endloop
  endfacet
  facet normal 0 0 1
    outer loop
      vertex 73.4343 11.0583 9.4
      vertex 72.7037 12.4253 9.4
      vertex 73.3333 10.9978 9.4
    endloop
  endfacet
  facet normal -0 0 1
    outer loop
      vertex 72.4722 12.2865 9.4
      vertex 73.3333 10.9978 9.4
      vertex 72.7037 12.4253 9.4
    endloop
  endfacet
  facet normal 0 0 1
    outer loop
      vertex 73.3333 10.9978 9.4
      vertex 72.4722 12.2865 9.4
      vertex 73.2387 10.9276 9.4
    endloop
  endfacet
  facet normal -0 0 1
    outer loop
      vertex 72.2554 12.1258 9.4
      vertex 73.2387 10.9276 9.4
      vertex 72.4722 12.2865 9.4
    endloop
  endfacet
  facet normal 0 0 1
    outer loop
      vertex 73.2387 10.9276 9.4
      vertex 72.2554 12.1258 9.4
      vertex 73.1515 10.8485 9.4
    endloop
  endfacet
  facet normal -0 0 1
    outer loop
      vertex 72.0555 11.9445 9.4
      vertex 73.1515 10.8485 9.4
      vertex 72.2554 12.1258 9.4
    endloop
  endfacet
  facet normal 0 0 1
    outer loop
      vertex 73.1515 10.8485 9.4
      vertex 72.0555 11.9445 9.4
      vertex 73.0724 10.7613 9.4
    endloop
  endfacet
  facet normal -0 0 1
    outer loop
      vertex 71.8742 11.7446 9.4
      vertex 73.0724 10.7613 9.4
      vertex 72.0555 11.9445 9.4
    endloop
  endfacet
  facet normal 0 0 1
    outer loop
      vertex 73.0724 10.7613 9.4
      vertex 71.8742 11.7446 9.4
      vertex 73.0022 10.6667 9.4
    endloop
  endfacet
  facet normal 0 0 1
    outer loop
      vertex 73.0022 10.6667 9.4
      vertex 71.7135 11.5278 9.4
      vertex 72.9417 10.5657 9.4
    endloop
  endfacet
  facet normal -0 0 1
    outer loop
      vertex 71.7135 11.5278 9.4
      vertex 73.0022 10.6667 9.4
      vertex 71.8742 11.7446 9.4
    endloop
  endfacet
  facet normal -0 0 1
    outer loop
      vertex 74.9978 9.33332 9.4
      vertex 76.2865 8.47218 9.4
      vertex 75.0583 9.43432 9.4
    endloop
  endfacet
  facet normal 0 0 1
    outer loop
      vertex 76.2865 8.47218 9.4
      vertex 74.9978 9.33332 9.4
      vertex 76.1258 8.25542 9.4
    endloop
  endfacet
  facet normal -0 0 1
    outer loop
      vertex 74.9276 9.23873 9.4
      vertex 76.1258 8.25542 9.4
      vertex 74.9978 9.33332 9.4
    endloop
  endfacet
  facet normal 0 0 1
    outer loop
      vertex 76.1258 8.25542 9.4
      vertex 74.9276 9.23873 9.4
      vertex 75.9445 8.05546 9.4
    endloop
  endfacet
  facet normal -0 0 1
    outer loop
      vertex 74.8485 9.15147 9.4
      vertex 75.9445 8.05546 9.4
      vertex 74.9276 9.23873 9.4
    endloop
  endfacet
  facet normal 0 0 1
    outer loop
      vertex 75.9445 8.05546 9.4
      vertex 74.8485 9.15147 9.4
      vertex 75.7446 7.87422 9.4
    endloop
  endfacet
  facet normal -0 0 1
    outer loop
      vertex 74.7613 9.07239 9.4
      vertex 75.7446 7.87422 9.4
      vertex 74.8485 9.15147 9.4
    endloop
  endfacet
  facet normal 0 0 1
    outer loop
      vertex 75.7446 7.87422 9.4
      vertex 74.7613 9.07239 9.4
      vertex 75.5278 7.71346 9.4
    endloop
  endfacet
  facet normal -0 0 1
    outer loop
      vertex 74.6667 9.00224 9.4
      vertex 75.5278 7.71346 9.4
      vertex 74.7613 9.07239 9.4
    endloop
  endfacet
  facet normal 0 0 1
    outer loop
      vertex 75.5278 7.71346 9.4
      vertex 74.6667 9.00224 9.4
      vertex 75.2963 7.57472 9.4
    endloop
  endfacet
  facet normal -0 0 1
    outer loop
      vertex 74.5657 8.9417 9.4
      vertex 75.2963 7.57472 9.4
      vertex 74.6667 9.00224 9.4
    endloop
  endfacet
  facet normal 0 0 1
    outer loop
      vertex 75.2963 7.57472 9.4
      vertex 74.5657 8.9417 9.4
      vertex 75.0524 7.45933 9.4
    endloop
  endfacet
  facet normal -0 0 1
    outer loop
      vertex 74.4592 8.89135 9.4
      vertex 75.0524 7.45933 9.4
      vertex 74.5657 8.9417 9.4
    endloop
  endfacet
  facet normal 0 0 1
    outer loop
      vertex 75.0524 7.45933 9.4
      vertex 74.4592 8.89135 9.4
      vertex 74.7983 7.36841 9.4
    endloop
  endfacet
  facet normal -0 0 1
    outer loop
      vertex 74.3483 8.85167 9.4
      vertex 74.7983 7.36841 9.4
      vertex 74.4592 8.89135 9.4
    endloop
  endfacet
  facet normal 0 0 1
    outer loop
      vertex 74.7983 7.36841 9.4
      vertex 74.3483 8.85167 9.4
      vertex 74.5365 7.30284 9.4
    endloop
  endfacet
  facet normal -0 0 1
    outer loop
      vertex 74.2341 8.82306 9.4
      vertex 74.5365 7.30284 9.4
      vertex 74.3483 8.85167 9.4
    endloop
  endfacet
  facet normal 0 0 1
    outer loop
      vertex 74.5365 7.30284 9.4
      vertex 74.2341 8.82306 9.4
      vertex 74.2695 7.26324 9.4
    endloop
  endfacet
  facet normal -0 0 1
    outer loop
      vertex 74.1176 8.80578 9.4
      vertex 74.2695 7.26324 9.4
      vertex 74.2341 8.82306 9.4
    endloop
  endfacet
  facet normal -0 0 1
    outer loop
      vertex 74 8.8 9.4
      vertex 74.2695 7.26324 9.4
      vertex 74.1176 8.80578 9.4
    endloop
  endfacet
  facet normal 0 0 1
    outer loop
      vertex 74 8.8 9.4
      vertex 74 7.25 9.4
      vertex 74.2695 7.26324 9.4
    endloop
  endfacet
  facet normal 0 0 1
    outer loop
      vertex 73.8824 8.80578 9.4
      vertex 74 7.25 9.4
      vertex 74 8.8 9.4
    endloop
  endfacet
  facet normal 0 0 1
    outer loop
      vertex 73.7305 7.26324 9.4
      vertex 73.8824 8.80578 9.4
      vertex 73.7659 8.82306 9.4
    endloop
  endfacet
  facet normal 0 0 1
    outer loop
      vertex 73.8824 8.80578 9.4
      vertex 73.7305 7.26324 9.4
      vertex 74 7.25 9.4
    endloop
  endfacet
  facet normal 0 0 1
    outer loop
      vertex 73.4635 7.30284 9.4
      vertex 73.7659 8.82306 9.4
      vertex 73.6517 8.85167 9.4
    endloop
  endfacet
  facet normal 0 0 1
    outer loop
      vertex 73.2017 7.36841 9.4
      vertex 73.6517 8.85167 9.4
      vertex 73.5408 8.89135 9.4
    endloop
  endfacet
  facet normal 0 0 1
    outer loop
      vertex 73.7659 8.82306 9.4
      vertex 73.4635 7.30284 9.4
      vertex 73.7305 7.26324 9.4
    endloop
  endfacet
  facet normal 0 0 1
    outer loop
      vertex 72.9476 7.45933 9.4
      vertex 73.5408 8.89135 9.4
      vertex 73.4343 8.9417 9.4
    endloop
  endfacet
  facet normal 0 0 1
    outer loop
      vertex 72.7037 7.57472 9.4
      vertex 73.4343 8.9417 9.4
      vertex 73.3333 9.00224 9.4
    endloop
  endfacet
  facet normal 0 0 1
    outer loop
      vertex 72.4722 7.71346 9.4
      vertex 73.3333 9.00224 9.4
      vertex 73.2387 9.07239 9.4
    endloop
  endfacet
  facet normal 0 0 1
    outer loop
      vertex 73.6517 8.85167 9.4
      vertex 73.2017 7.36841 9.4
      vertex 73.4635 7.30284 9.4
    endloop
  endfacet
  facet normal 0 0 1
    outer loop
      vertex 72.2554 7.87422 9.4
      vertex 73.2387 9.07239 9.4
      vertex 73.1515 9.15147 9.4
    endloop
  endfacet
  facet normal 0 0 1
    outer loop
      vertex 72.0555 8.05546 9.4
      vertex 73.1515 9.15147 9.4
      vertex 73.0724 9.23873 9.4
    endloop
  endfacet
  facet normal 0 0 1
    outer loop
      vertex 71.8742 8.25542 9.4
      vertex 73.0724 9.23873 9.4
      vertex 73.0022 9.33332 9.4
    endloop
  endfacet
  facet normal 0 0 1
    outer loop
      vertex 73.5408 8.89135 9.4
      vertex 72.9476 7.45933 9.4
      vertex 73.2017 7.36841 9.4
    endloop
  endfacet
  facet normal 0 0 1
    outer loop
      vertex 71.7135 8.47218 9.4
      vertex 73.0022 9.33332 9.4
      vertex 72.9417 9.43432 9.4
    endloop
  endfacet
  facet normal 0 0 1
    outer loop
      vertex 71.5747 8.70366 9.4
      vertex 72.9417 9.43432 9.4
      vertex 72.8913 9.54078 9.4
    endloop
  endfacet
  facet normal 0 0 1
    outer loop
      vertex 71.4593 8.94762 9.4
      vertex 72.8913 9.54078 9.4
      vertex 72.8517 9.65166 9.4
    endloop
  endfacet
  facet normal 0 0 1
    outer loop
      vertex 71.3684 9.20172 9.4
      vertex 72.8517 9.65166 9.4
      vertex 72.8231 9.76589 9.4
    endloop
  endfacet
  facet normal 0 0 1
    outer loop
      vertex 71.3028 9.4635 9.4
      vertex 72.8231 9.76589 9.4
      vertex 72.8058 9.88238 9.4
    endloop
  endfacet
  facet normal 0 0 1
    outer loop
      vertex 73.4343 8.9417 9.4
      vertex 72.7037 7.57472 9.4
      vertex 72.9476 7.45933 9.4
    endloop
  endfacet
  facet normal 0 0 1
    outer loop
      vertex 71.2632 9.73045 9.4
      vertex 72.8058 9.88238 9.4
      vertex 72.8 10 9.4
    endloop
  endfacet
  facet normal -0 0 1
    outer loop
      vertex 71.5747 11.2963 9.4
      vertex 72.9417 10.5657 9.4
      vertex 71.7135 11.5278 9.4
    endloop
  endfacet
  facet normal 0 0 1
    outer loop
      vertex 72.9417 10.5657 9.4
      vertex 71.5747 11.2963 9.4
      vertex 72.8913 10.4592 9.4
    endloop
  endfacet
  facet normal 0 0 1
    outer loop
      vertex 73.3333 9.00224 9.4
      vertex 72.4722 7.71346 9.4
      vertex 72.7037 7.57472 9.4
    endloop
  endfacet
  facet normal -0 0 1
    outer loop
      vertex 71.4593 11.0524 9.4
      vertex 72.8913 10.4592 9.4
      vertex 71.5747 11.2963 9.4
    endloop
  endfacet
  facet normal 0 0 1
    outer loop
      vertex 73.2387 9.07239 9.4
      vertex 72.2554 7.87422 9.4
      vertex 72.4722 7.71346 9.4
    endloop
  endfacet
  facet normal 0 0 1
    outer loop
      vertex 72.8913 10.4592 9.4
      vertex 71.4593 11.0524 9.4
      vertex 72.8517 10.3483 9.4
    endloop
  endfacet
  facet normal 0 0 1
    outer loop
      vertex 73.1515 9.15147 9.4
      vertex 72.0555 8.05546 9.4
      vertex 72.2554 7.87422 9.4
    endloop
  endfacet
  facet normal -0 0 1
    outer loop
      vertex 71.3684 10.7983 9.4
      vertex 72.8517 10.3483 9.4
      vertex 71.4593 11.0524 9.4
    endloop
  endfacet
  facet normal 0 0 1
    outer loop
      vertex 73.0724 9.23873 9.4
      vertex 71.8742 8.25542 9.4
      vertex 72.0555 8.05546 9.4
    endloop
  endfacet
  facet normal 0 0 1
    outer loop
      vertex 72.8517 10.3483 9.4
      vertex 71.3684 10.7983 9.4
      vertex 72.8231 10.2341 9.4
    endloop
  endfacet
  facet normal 0 0 1
    outer loop
      vertex 73.0022 9.33332 9.4
      vertex 71.7135 8.47218 9.4
      vertex 71.8742 8.25542 9.4
    endloop
  endfacet
  facet normal -0 0 1
    outer loop
      vertex 71.3028 10.5365 9.4
      vertex 72.8231 10.2341 9.4
      vertex 71.3684 10.7983 9.4
    endloop
  endfacet
  facet normal 0 0 1
    outer loop
      vertex 72.9417 9.43432 9.4
      vertex 71.5747 8.70366 9.4
      vertex 71.7135 8.47218 9.4
    endloop
  endfacet
  facet normal 0 0 1
    outer loop
      vertex 72.8231 10.2341 9.4
      vertex 71.3028 10.5365 9.4
      vertex 72.8058 10.1176 9.4
    endloop
  endfacet
  facet normal 0 0 1
    outer loop
      vertex 72.8913 9.54078 9.4
      vertex 71.4593 8.94762 9.4
      vertex 71.5747 8.70366 9.4
    endloop
  endfacet
  facet normal -0 0 1
    outer loop
      vertex 71.2632 10.2695 9.4
      vertex 72.8058 10.1176 9.4
      vertex 71.3028 10.5365 9.4
    endloop
  endfacet
  facet normal 0 0 1
    outer loop
      vertex 72.8517 9.65166 9.4
      vertex 71.3684 9.20172 9.4
      vertex 71.4593 8.94762 9.4
    endloop
  endfacet
  facet normal 0 0 1
    outer loop
      vertex 72.8058 10.1176 9.4
      vertex 71.2632 10.2695 9.4
      vertex 72.8 10 9.4
    endloop
  endfacet
  facet normal 0 0 1
    outer loop
      vertex 72.8231 9.76589 9.4
      vertex 71.3028 9.4635 9.4
      vertex 71.3684 9.20172 9.4
    endloop
  endfacet
  facet normal 0 0 1
    outer loop
      vertex 71.25 10 9.4
      vertex 72.8 10 9.4
      vertex 71.2632 10.2695 9.4
    endloop
  endfacet
  facet normal 0 0 1
    outer loop
      vertex 72.8058 9.88238 9.4
      vertex 71.2632 9.73045 9.4
      vertex 71.3028 9.4635 9.4
    endloop
  endfacet
  facet normal 0 0 1
    outer loop
      vertex 72.8 10 9.4
      vertex 71.25 10 9.4
      vertex 71.2632 9.73045 9.4
    endloop
  endfacet
  facet normal -0.98918 0.14671 0
    outer loop
      vertex 71.2632 10.2695 2.4
      vertex 71.3028 10.5365 9.4
      vertex 71.3028 10.5365 2.4
    endloop
  endfacet
  facet normal -0.98918 0.14671 0
    outer loop
      vertex 71.3028 10.5365 9.4
      vertex 71.2632 10.2695 2.4
      vertex 71.2632 10.2695 9.4
    endloop
  endfacet
  facet normal -0.941566 0.336829 0
    outer loop
      vertex 71.3684 10.7983 2.4
      vertex 71.4593 11.0524 9.4
      vertex 71.4593 11.0524 2.4
    endloop
  endfacet
  facet normal -0.941566 0.336829 0
    outer loop
      vertex 71.4593 11.0524 9.4
      vertex 71.3684 10.7983 2.4
      vertex 71.3684 10.7983 9.4
    endloop
  endfacet
  facet normal -0.595485 0.803367 0
    outer loop
      vertex 72.4722 12.2865 2.4
      vertex 72.2554 12.1258 9.4
      vertex 72.4722 12.2865 9.4
    endloop
  endfacet
  facet normal -0.595485 0.803367 0
    outer loop
      vertex 72.2554 12.1258 9.4
      vertex 72.4722 12.2865 2.4
      vertex 72.2554 12.1258 2.4
    endloop
  endfacet
  facet normal -0.427688 0.903926 0
    outer loop
      vertex 72.9476 12.5407 2.4
      vertex 72.7037 12.4253 9.4
      vertex 72.9476 12.5407 9.4
    endloop
  endfacet
  facet normal -0.427688 0.903926 0
    outer loop
      vertex 72.7037 12.4253 9.4
      vertex 72.9476 12.5407 2.4
      vertex 72.7037 12.4253 2.4
    endloop
  endfacet
  facet normal -0.243059 0.970012 0
    outer loop
      vertex 73.4635 12.6972 2.4
      vertex 73.2017 12.6316 9.4
      vertex 73.4635 12.6972 9.4
    endloop
  endfacet
  facet normal -0.243059 0.970012 0
    outer loop
      vertex 73.2017 12.6316 9.4
      vertex 73.4635 12.6972 2.4
      vertex 73.2017 12.6316 2.4
    endloop
  endfacet
  facet normal 0.427658 -0.903941 0
    outer loop
      vertex 75.0524 7.45933 2.4
      vertex 75.2963 7.57472 9.4
      vertex 75.0524 7.45933 9.4
    endloop
  endfacet
  facet normal 0.427658 -0.903941 0
    outer loop
      vertex 75.2963 7.57472 9.4
      vertex 75.0524 7.45933 2.4
      vertex 75.2963 7.57472 2.4
    endloop
  endfacet
  facet normal 0.336895 -0.941542 0
    outer loop
      vertex 74.7983 7.36841 2.4
      vertex 75.0524 7.45933 9.4
      vertex 74.7983 7.36841 9.4
    endloop
  endfacet
  facet normal 0.336895 -0.941542 0
    outer loop
      vertex 75.0524 7.45933 9.4
      vertex 74.7983 7.36841 2.4
      vertex 75.0524 7.45933 2.4
    endloop
  endfacet
  facet normal 0.941566 -0.336829 0
    outer loop
      vertex 76.5407 8.94762 9.4
      vertex 76.6316 9.20172 2.4
      vertex 76.6316 9.20172 9.4
    endloop
  endfacet
  facet normal 0.941566 -0.336829 0
    outer loop
      vertex 76.6316 9.20172 2.4
      vertex 76.5407 8.94762 9.4
      vertex 76.5407 8.94762 2.4
    endloop
  endfacet
  facet normal 0.989176 -0.146737 0
    outer loop
      vertex 76.6972 9.4635 9.4
      vertex 76.7368 9.73045 2.4
      vertex 76.7368 9.73045 9.4
    endloop
  endfacet
  facet normal 0.989176 -0.146737 0
    outer loop
      vertex 76.7368 9.73045 2.4
      vertex 76.6972 9.4635 9.4
      vertex 76.6972 9.4635 2.4
    endloop
  endfacet
  facet normal 0.998803 -0.0489119 0
    outer loop
      vertex 76.7368 9.73045 9.4
      vertex 76.75 10 2.4
      vertex 76.75 10 9.4
    endloop
  endfacet
  facet normal 0.998803 -0.0489119 0
    outer loop
      vertex 76.75 10 2.4
      vertex 76.7368 9.73045 9.4
      vertex 76.7368 9.73045 2.4
    endloop
  endfacet
  facet normal -0.242954 -0.970038 0
    outer loop
      vertex 73.2017 7.36841 2.4
      vertex 73.4635 7.30284 9.4
      vertex 73.2017 7.36841 9.4
    endloop
  endfacet
  facet normal -0.242954 -0.970038 -0
    outer loop
      vertex 73.4635 7.30284 9.4
      vertex 73.2017 7.36841 2.4
      vertex 73.4635 7.30284 2.4
    endloop
  endfacet
  facet normal -0.740828 -0.671695 0
    outer loop
      vertex 72.0555 8.05546 2.4
      vertex 71.8742 8.25542 9.4
      vertex 71.8742 8.25542 2.4
    endloop
  endfacet
  facet normal -0.740828 -0.671695 0
    outer loop
      vertex 71.8742 8.25542 9.4
      vertex 72.0555 8.05546 2.4
      vertex 72.0555 8.05546 9.4
    endloop
  endfacet
  facet normal -0.989176 -0.146737 0
    outer loop
      vertex 71.3028 9.4635 2.4
      vertex 71.2632 9.73045 9.4
      vertex 71.2632 9.73045 2.4
    endloop
  endfacet
  facet normal -0.989176 -0.146737 0
    outer loop
      vertex 71.2632 9.73045 9.4
      vertex 71.3028 9.4635 2.4
      vertex 71.3028 9.4635 9.4
    endloop
  endfacet
  facet normal -0.941566 -0.336829 0
    outer loop
      vertex 71.4593 8.94762 2.4
      vertex 71.3684 9.20172 9.4
      vertex 71.3684 9.20172 2.4
    endloop
  endfacet
  facet normal -0.941566 -0.336829 0
    outer loop
      vertex 71.3684 9.20172 9.4
      vertex 71.4593 8.94762 2.4
      vertex 71.4593 8.94762 9.4
    endloop
  endfacet
  facet normal -0.857867 -0.513871 0
    outer loop
      vertex 75.0583 10.5657 3.4
      vertex 74.9978 10.6667 9.4
      vertex 74.9978 10.6667 3.4
    endloop
  endfacet
  facet normal -0.857867 -0.513871 0
    outer loop
      vertex 74.9978 10.6667 9.4
      vertex 75.0583 10.5657 3.4
      vertex 75.0583 10.5657 9.4
    endloop
  endfacet
  facet normal -0.336283 -0.941761 0
    outer loop
      vertex 74.3483 11.1483 3.4
      vertex 74.4592 11.1087 9.4
      vertex 74.3483 11.1483 9.4
    endloop
  endfacet
  facet normal -0.336283 -0.941761 -0
    outer loop
      vertex 74.4592 11.1087 9.4
      vertex 74.3483 11.1483 3.4
      vertex 74.4592 11.1087 3.4
    endloop
  endfacet
  facet normal 0.336283 -0.941761 0
    outer loop
      vertex 73.5408 11.1087 3.4
      vertex 73.6517 11.1483 9.4
      vertex 73.5408 11.1087 9.4
    endloop
  endfacet
  facet normal 0.336283 -0.941761 0
    outer loop
      vertex 73.6517 11.1483 9.4
      vertex 73.5408 11.1087 3.4
      vertex 73.6517 11.1483 3.4
    endloop
  endfacet
  facet normal 0.903893 -0.427758 0
    outer loop
      vertex 72.8913 10.4592 9.4
      vertex 72.9417 10.5657 3.4
      vertex 72.9417 10.5657 9.4
    endloop
  endfacet
  facet normal 0.903893 -0.427758 0
    outer loop
      vertex 72.9417 10.5657 3.4
      vertex 72.8913 10.4592 9.4
      vertex 72.8913 10.4592 3.4
    endloop
  endfacet
  facet normal -0.998786 0.0492515 0
    outer loop
      vertex 75.1942 9.88238 3.4
      vertex 75.2 10 9.4
      vertex 75.2 10 3.4
    endloop
  endfacet
  facet normal -0.998786 0.0492515 0
    outer loop
      vertex 75.2 10 9.4
      vertex 75.1942 9.88238 3.4
      vertex 75.1942 9.88238 9.4
    endloop
  endfacet
  facet normal -0.0492599 -0.998786 0
    outer loop
      vertex 74 11.2 3.4
      vertex 74.1176 11.1942 9.4
      vertex 74 11.2 9.4
    endloop
  endfacet
  facet normal -0.0492599 -0.998786 -0
    outer loop
      vertex 74.1176 11.1942 9.4
      vertex 74 11.2 3.4
      vertex 74.1176 11.1942 3.4
    endloop
  endfacet
  facet normal -0.513871 -0.857867 0
    outer loop
      vertex 74.5657 11.0583 3.4
      vertex 74.6667 10.9978 9.4
      vertex 74.5657 11.0583 9.4
    endloop
  endfacet
  facet normal -0.513871 -0.857867 -0
    outer loop
      vertex 74.6667 10.9978 9.4
      vertex 74.5657 11.0583 3.4
      vertex 74.6667 10.9978 3.4
    endloop
  endfacet
  facet normal 0.989153 -0.146887 0
    outer loop
      vertex 72.8058 10.1176 9.4
      vertex 72.8231 10.2341 3.4
      vertex 72.8231 10.2341 9.4
    endloop
  endfacet
  facet normal 0.989153 -0.146887 0
    outer loop
      vertex 72.8231 10.2341 3.4
      vertex 72.8058 10.1176 9.4
      vertex 72.8058 10.1176 3.4
    endloop
  endfacet
  facet normal 0.74067 -0.671869 0
    outer loop
      vertex 73.0724 10.7613 9.4
      vertex 73.1515 10.8485 3.4
      vertex 73.1515 10.8485 9.4
    endloop
  endfacet
  facet normal 0.74067 -0.671869 0
    outer loop
      vertex 73.1515 10.8485 3.4
      vertex 73.0724 10.7613 9.4
      vertex 73.0724 10.7613 3.4
    endloop
  endfacet
  facet normal 0.146887 -0.989153 0
    outer loop
      vertex 73.7659 11.1769 3.4
      vertex 73.8824 11.1942 9.4
      vertex 73.7659 11.1769 9.4
    endloop
  endfacet
  facet normal 0.146887 -0.989153 0
    outer loop
      vertex 73.8824 11.1942 9.4
      vertex 73.7659 11.1769 3.4
      vertex 73.8824 11.1942 3.4
    endloop
  endfacet
  facet normal 0.671776 0.740754 -0
    outer loop
      vertex 73.2387 9.07239 3.4
      vertex 73.1515 9.15147 9.4
      vertex 73.2387 9.07239 9.4
    endloop
  endfacet
  facet normal 0.671776 0.740754 0
    outer loop
      vertex 73.1515 9.15147 9.4
      vertex 73.2387 9.07239 3.4
      vertex 73.1515 9.15147 3.4
    endloop
  endfacet
  facet normal 0.903831 0.427889 0
    outer loop
      vertex 72.9417 9.43432 9.4
      vertex 72.8913 9.54078 3.4
      vertex 72.8913 9.54078 9.4
    endloop
  endfacet
  facet normal 0.903831 0.427889 0
    outer loop
      vertex 72.8913 9.54078 3.4
      vertex 72.9417 9.43432 9.4
      vertex 72.9417 9.43432 3.4
    endloop
  endfacet
  facet normal -0.989153 -0.146887 0
    outer loop
      vertex 75.1942 10.1176 3.4
      vertex 75.1769 10.2341 9.4
      vertex 75.1769 10.2341 3.4
    endloop
  endfacet
  facet normal -0.989153 -0.146887 0
    outer loop
      vertex 75.1769 10.2341 9.4
      vertex 75.1942 10.1176 3.4
      vertex 75.1942 10.1176 9.4
    endloop
  endfacet
  facet normal -0.803046 -0.595918 0
    outer loop
      vertex 74.9978 10.6667 3.4
      vertex 74.9276 10.7613 9.4
      vertex 74.9276 10.7613 3.4
    endloop
  endfacet
  facet normal -0.803046 -0.595918 0
    outer loop
      vertex 74.9276 10.7613 9.4
      vertex 74.9978 10.6667 3.4
      vertex 74.9978 10.6667 9.4
    endloop
  endfacet
  facet normal -0.671869 -0.74067 0
    outer loop
      vertex 74.7613 10.9276 3.4
      vertex 74.8485 10.8485 9.4
      vertex 74.7613 10.9276 9.4
    endloop
  endfacet
  facet normal -0.671869 -0.74067 -0
    outer loop
      vertex 74.8485 10.8485 9.4
      vertex 74.7613 10.9276 3.4
      vertex 74.8485 10.8485 3.4
    endloop
  endfacet
  facet normal 0.0492599 -0.998786 0
    outer loop
      vertex 73.8824 11.1942 3.4
      vertex 74 11.2 9.4
      vertex 73.8824 11.1942 9.4
    endloop
  endfacet
  facet normal 0.0492599 -0.998786 0
    outer loop
      vertex 74 11.2 9.4
      vertex 73.8824 11.1942 3.4
      vertex 74 11.2 3.4
    endloop
  endfacet
  facet normal -0.242935 -0.970042 0
    outer loop
      vertex 74.2341 11.1769 3.4
      vertex 74.3483 11.1483 9.4
      vertex 74.2341 11.1769 9.4
    endloop
  endfacet
  facet normal -0.242935 -0.970042 -0
    outer loop
      vertex 74.3483 11.1483 9.4
      vertex 74.2341 11.1769 3.4
      vertex 74.3483 11.1483 3.4
    endloop
  endfacet
  facet normal -0.146887 -0.989153 0
    outer loop
      vertex 74.1176 11.1942 3.4
      vertex 74.2341 11.1769 9.4
      vertex 74.1176 11.1942 9.4
    endloop
  endfacet
  facet normal -0.146887 -0.989153 -0
    outer loop
      vertex 74.2341 11.1769 9.4
      vertex 74.1176 11.1942 3.4
      vertex 74.2341 11.1769 3.4
    endloop
  endfacet
  facet normal -0.427758 -0.903893 0
    outer loop
      vertex 74.4592 11.1087 3.4
      vertex 74.5657 11.0583 9.4
      vertex 74.4592 11.1087 9.4
    endloop
  endfacet
  facet normal -0.427758 -0.903893 -0
    outer loop
      vertex 74.5657 11.0583 9.4
      vertex 74.4592 11.1087 3.4
      vertex 74.5657 11.0583 3.4
    endloop
  endfacet
  facet normal -0.595918 -0.803046 0
    outer loop
      vertex 74.6667 10.9978 3.4
      vertex 74.7613 10.9276 9.4
      vertex 74.6667 10.9978 9.4
    endloop
  endfacet
  facet normal -0.595918 -0.803046 -0
    outer loop
      vertex 74.7613 10.9276 9.4
      vertex 74.6667 10.9978 3.4
      vertex 74.7613 10.9276 3.4
    endloop
  endfacet
  facet normal 0.998786 -0.0492599 0
    outer loop
      vertex 72.8 10 9.4
      vertex 72.8058 10.1176 3.4
      vertex 72.8058 10.1176 9.4
    endloop
  endfacet
  facet normal 0.998786 -0.0492599 0
    outer loop
      vertex 72.8058 10.1176 3.4
      vertex 72.8 10 9.4
      vertex 72.8 10 3.4
    endloop
  endfacet
  facet normal 0.941761 -0.336283 0
    outer loop
      vertex 72.8517 10.3483 9.4
      vertex 72.8913 10.4592 3.4
      vertex 72.8913 10.4592 9.4
    endloop
  endfacet
  facet normal 0.941761 -0.336283 0
    outer loop
      vertex 72.8913 10.4592 3.4
      vertex 72.8517 10.3483 9.4
      vertex 72.8517 10.3483 3.4
    endloop
  endfacet
  facet normal 0.970042 -0.242935 0
    outer loop
      vertex 72.8231 10.2341 9.4
      vertex 72.8517 10.3483 3.4
      vertex 72.8517 10.3483 9.4
    endloop
  endfacet
  facet normal 0.970042 -0.242935 0
    outer loop
      vertex 72.8517 10.3483 3.4
      vertex 72.8231 10.2341 9.4
      vertex 72.8231 10.2341 3.4
    endloop
  endfacet
  facet normal 0.857867 -0.513871 0
    outer loop
      vertex 72.9417 10.5657 9.4
      vertex 73.0022 10.6667 3.4
      vertex 73.0022 10.6667 9.4
    endloop
  endfacet
  facet normal 0.857867 -0.513871 0
    outer loop
      vertex 73.0022 10.6667 3.4
      vertex 72.9417 10.5657 9.4
      vertex 72.9417 10.5657 3.4
    endloop
  endfacet
  facet normal 0.803046 -0.595918 0
    outer loop
      vertex 73.0022 10.6667 9.4
      vertex 73.0724 10.7613 3.4
      vertex 73.0724 10.7613 9.4
    endloop
  endfacet
  facet normal 0.803046 -0.595918 0
    outer loop
      vertex 73.0724 10.7613 3.4
      vertex 73.0022 10.6667 9.4
      vertex 73.0022 10.6667 3.4
    endloop
  endfacet
  facet normal 0.242935 -0.970042 0
    outer loop
      vertex 73.6517 11.1483 3.4
      vertex 73.7659 11.1769 9.4
      vertex 73.6517 11.1483 9.4
    endloop
  endfacet
  facet normal 0.242935 -0.970042 0
    outer loop
      vertex 73.7659 11.1769 9.4
      vertex 73.6517 11.1483 3.4
      vertex 73.7659 11.1769 3.4
    endloop
  endfacet
  facet normal 0.513871 -0.857867 0
    outer loop
      vertex 73.3333 10.9978 3.4
      vertex 73.4343 11.0583 9.4
      vertex 73.3333 10.9978 9.4
    endloop
  endfacet
  facet normal 0.513871 -0.857867 0
    outer loop
      vertex 73.4343 11.0583 9.4
      vertex 73.3333 10.9978 3.4
      vertex 73.4343 11.0583 3.4
    endloop
  endfacet
  facet normal 0.595918 -0.803046 0
    outer loop
      vertex 73.2387 10.9276 3.4
      vertex 73.3333 10.9978 9.4
      vertex 73.2387 10.9276 9.4
    endloop
  endfacet
  facet normal 0.595918 -0.803046 0
    outer loop
      vertex 73.3333 10.9978 9.4
      vertex 73.2387 10.9276 3.4
      vertex 73.3333 10.9978 3.4
    endloop
  endfacet
  facet normal 0.427758 -0.903893 0
    outer loop
      vertex 73.4343 11.0583 3.4
      vertex 73.5408 11.1087 9.4
      vertex 73.4343 11.0583 9.4
    endloop
  endfacet
  facet normal 0.427758 -0.903893 0
    outer loop
      vertex 73.5408 11.1087 9.4
      vertex 73.4343 11.0583 3.4
      vertex 73.5408 11.1087 3.4
    endloop
  endfacet
  facet normal 0.671869 -0.74067 0
    outer loop
      vertex 73.1515 10.8485 3.4
      vertex 73.2387 10.9276 9.4
      vertex 73.1515 10.8485 9.4
    endloop
  endfacet
  facet normal 0.671869 -0.74067 0
    outer loop
      vertex 73.2387 10.9276 9.4
      vertex 73.1515 10.8485 3.4
      vertex 73.2387 10.9276 3.4
    endloop
  endfacet
  facet normal -0.998786 -0.0492599 0
    outer loop
      vertex 75.2 10 3.4
      vertex 75.1942 10.1176 9.4
      vertex 75.1942 10.1176 3.4
    endloop
  endfacet
  facet normal -0.998786 -0.0492599 0
    outer loop
      vertex 75.1942 10.1176 9.4
      vertex 75.2 10 3.4
      vertex 75.2 10 9.4
    endloop
  endfacet
  facet normal -0.970058 0.242875 0
    outer loop
      vertex 75.1483 9.65166 3.4
      vertex 75.1769 9.76589 9.4
      vertex 75.1769 9.76589 3.4
    endloop
  endfacet
  facet normal -0.970058 0.242875 0
    outer loop
      vertex 75.1769 9.76589 9.4
      vertex 75.1483 9.65166 3.4
      vertex 75.1483 9.65166 9.4
    endloop
  endfacet
  facet normal -0.0490904 0.998794 0
    outer loop
      vertex 74.1176 8.80578 3.4
      vertex 74 8.8 9.4
      vertex 74.1176 8.80578 9.4
    endloop
  endfacet
  facet normal -0.0490904 0.998794 0
    outer loop
      vertex 74 8.8 9.4
      vertex 74.1176 8.80578 3.4
      vertex 74 8.8 3.4
    endloop
  endfacet
  facet normal 0.970058 0.242875 0
    outer loop
      vertex 72.8517 9.65166 9.4
      vertex 72.8231 9.76589 3.4
      vertex 72.8231 9.76589 9.4
    endloop
  endfacet
  facet normal 0.970058 0.242875 0
    outer loop
      vertex 72.8231 9.76589 3.4
      vertex 72.8517 9.65166 9.4
      vertex 72.8517 9.65166 3.4
    endloop
  endfacet
  facet normal 0.803015 0.595958 0
    outer loop
      vertex 73.0724 9.23873 9.4
      vertex 73.0022 9.33332 3.4
      vertex 73.0022 9.33332 9.4
    endloop
  endfacet
  facet normal 0.803015 0.595958 0
    outer loop
      vertex 73.0022 9.33332 3.4
      vertex 73.0724 9.23873 9.4
      vertex 73.0724 9.23873 3.4
    endloop
  endfacet
  facet normal -0.146721 0.989178 0
    outer loop
      vertex 74.2341 8.82306 3.4
      vertex 74.1176 8.80578 9.4
      vertex 74.2341 8.82306 9.4
    endloop
  endfacet
  facet normal -0.146721 0.989178 0
    outer loop
      vertex 74.1176 8.80578 9.4
      vertex 74.2341 8.82306 3.4
      vertex 74.1176 8.80578 3.4
    endloop
  endfacet
  facet normal -0.903893 -0.427758 0
    outer loop
      vertex 75.1087 10.4592 3.4
      vertex 75.0583 10.5657 9.4
      vertex 75.0583 10.5657 3.4
    endloop
  endfacet
  facet normal -0.903893 -0.427758 0
    outer loop
      vertex 75.0583 10.5657 9.4
      vertex 75.1087 10.4592 3.4
      vertex 75.1087 10.4592 9.4
    endloop
  endfacet
  facet normal -0.941761 -0.336283 0
    outer loop
      vertex 75.1483 10.3483 3.4
      vertex 75.1087 10.4592 9.4
      vertex 75.1087 10.4592 3.4
    endloop
  endfacet
  facet normal -0.941761 -0.336283 0
    outer loop
      vertex 75.1087 10.4592 9.4
      vertex 75.1483 10.3483 3.4
      vertex 75.1483 10.3483 9.4
    endloop
  endfacet
  facet normal -0.970042 -0.242935 0
    outer loop
      vertex 75.1769 10.2341 3.4
      vertex 75.1483 10.3483 9.4
      vertex 75.1483 10.3483 3.4
    endloop
  endfacet
  facet normal -0.970042 -0.242935 0
    outer loop
      vertex 75.1483 10.3483 9.4
      vertex 75.1769 10.2341 3.4
      vertex 75.1769 10.2341 9.4
    endloop
  endfacet
  facet normal -0.74067 -0.671869 0
    outer loop
      vertex 74.9276 10.7613 3.4
      vertex 74.8485 10.8485 9.4
      vertex 74.8485 10.8485 3.4
    endloop
  endfacet
  facet normal -0.74067 -0.671869 0
    outer loop
      vertex 74.8485 10.8485 9.4
      vertex 74.9276 10.7613 3.4
      vertex 74.9276 10.7613 9.4
    endloop
  endfacet
  facet normal -0.7409 0.671616 0
    outer loop
      vertex 74.8485 9.15147 3.4
      vertex 74.9276 9.23873 9.4
      vertex 74.9276 9.23873 3.4
    endloop
  endfacet
  facet normal -0.7409 0.671616 0
    outer loop
      vertex 74.9276 9.23873 9.4
      vertex 74.8485 9.15147 3.4
      vertex 74.8485 9.15147 9.4
    endloop
  endfacet
  facet normal -0.803015 0.595958 0
    outer loop
      vertex 74.9276 9.23873 3.4
      vertex 74.9978 9.33332 9.4
      vertex 74.9978 9.33332 3.4
    endloop
  endfacet
  facet normal -0.803015 0.595958 0
    outer loop
      vertex 74.9978 9.33332 9.4
      vertex 74.9276 9.23873 3.4
      vertex 74.9276 9.23873 9.4
    endloop
  endfacet
  facet normal -0.903831 0.427889 0
    outer loop
      vertex 75.0583 9.43432 3.4
      vertex 75.1087 9.54078 9.4
      vertex 75.1087 9.54078 3.4
    endloop
  endfacet
  facet normal -0.903831 0.427889 0
    outer loop
      vertex 75.1087 9.54078 9.4
      vertex 75.0583 9.43432 3.4
      vertex 75.0583 9.43432 9.4
    endloop
  endfacet
  facet normal 0.336885 0.941546 -0
    outer loop
      vertex 73.6517 8.85167 3.4
      vertex 73.5408 8.89135 9.4
      vertex 73.6517 8.85167 9.4
    endloop
  endfacet
  facet normal 0.336885 0.941546 0
    outer loop
      vertex 73.5408 8.89135 9.4
      vertex 73.6517 8.85167 3.4
      vertex 73.5408 8.89135 3.4
    endloop
  endfacet
  facet normal 0 0 1
    outer loop
      vertex 75.1942 10.1176 3.4
      vertex 75.1942 9.88238 3.4
      vertex 75.2 10 3.4
    endloop
  endfacet
  facet normal 0 0 1
    outer loop
      vertex 75.1769 10.2341 3.4
      vertex 75.1942 9.88238 3.4
      vertex 75.1942 10.1176 3.4
    endloop
  endfacet
  facet normal 0 0 1
    outer loop
      vertex 75.1769 10.2341 3.4
      vertex 75.1769 9.76589 3.4
      vertex 75.1942 9.88238 3.4
    endloop
  endfacet
  facet normal 0 0 1
    outer loop
      vertex 75.1483 10.3483 3.4
      vertex 75.1769 9.76589 3.4
      vertex 75.1769 10.2341 3.4
    endloop
  endfacet
  facet normal 0 0 1
    outer loop
      vertex 75.1483 10.3483 3.4
      vertex 75.1483 9.65166 3.4
      vertex 75.1769 9.76589 3.4
    endloop
  endfacet
  facet normal 0 0 1
    outer loop
      vertex 75.1087 10.4592 3.4
      vertex 75.1483 9.65166 3.4
      vertex 75.1483 10.3483 3.4
    endloop
  endfacet
  facet normal 0 0 1
    outer loop
      vertex 75.1087 10.4592 3.4
      vertex 75.1087 9.54078 3.4
      vertex 75.1483 9.65166 3.4
    endloop
  endfacet
  facet normal 0 0 1
    outer loop
      vertex 75.0583 10.5657 3.4
      vertex 75.1087 9.54078 3.4
      vertex 75.1087 10.4592 3.4
    endloop
  endfacet
  facet normal 0 0 1
    outer loop
      vertex 75.0583 10.5657 3.4
      vertex 75.0583 9.43432 3.4
      vertex 75.1087 9.54078 3.4
    endloop
  endfacet
  facet normal 0 0 1
    outer loop
      vertex 74.9978 10.6667 3.4
      vertex 75.0583 9.43432 3.4
      vertex 75.0583 10.5657 3.4
    endloop
  endfacet
  facet normal 0 0 1
    outer loop
      vertex 74.9978 10.6667 3.4
      vertex 74.9978 9.33332 3.4
      vertex 75.0583 9.43432 3.4
    endloop
  endfacet
  facet normal 0 0 1
    outer loop
      vertex 74.9276 10.7613 3.4
      vertex 74.9978 9.33332 3.4
      vertex 74.9978 10.6667 3.4
    endloop
  endfacet
  facet normal 0 0 1
    outer loop
      vertex 74.9276 10.7613 3.4
      vertex 74.9276 9.23873 3.4
      vertex 74.9978 9.33332 3.4
    endloop
  endfacet
  facet normal 0 0 1
    outer loop
      vertex 74.8485 10.8485 3.4
      vertex 74.9276 9.23873 3.4
      vertex 74.9276 10.7613 3.4
    endloop
  endfacet
  facet normal 0 0 1
    outer loop
      vertex 74.8485 10.8485 3.4
      vertex 74.8485 9.15147 3.4
      vertex 74.9276 9.23873 3.4
    endloop
  endfacet
  facet normal 0 0 1
    outer loop
      vertex 74.7613 10.9276 3.4
      vertex 74.8485 9.15147 3.4
      vertex 74.8485 10.8485 3.4
    endloop
  endfacet
  facet normal 0 0 1
    outer loop
      vertex 74.7613 10.9276 3.4
      vertex 74.7613 9.07239 3.4
      vertex 74.8485 9.15147 3.4
    endloop
  endfacet
  facet normal 0 0 1
    outer loop
      vertex 74.6667 10.9978 3.4
      vertex 74.7613 9.07239 3.4
      vertex 74.7613 10.9276 3.4
    endloop
  endfacet
  facet normal 0 0 1
    outer loop
      vertex 74.6667 10.9978 3.4
      vertex 74.6667 9.00224 3.4
      vertex 74.7613 9.07239 3.4
    endloop
  endfacet
  facet normal 0 0 1
    outer loop
      vertex 74.5657 11.0583 3.4
      vertex 74.6667 9.00224 3.4
      vertex 74.6667 10.9978 3.4
    endloop
  endfacet
  facet normal 0 0 1
    outer loop
      vertex 74.5657 11.0583 3.4
      vertex 74.5657 8.9417 3.4
      vertex 74.6667 9.00224 3.4
    endloop
  endfacet
  facet normal 0 0 1
    outer loop
      vertex 74.4592 11.1087 3.4
      vertex 74.5657 8.9417 3.4
      vertex 74.5657 11.0583 3.4
    endloop
  endfacet
  facet normal 0 0 1
    outer loop
      vertex 74.4592 11.1087 3.4
      vertex 74.4592 8.89135 3.4
      vertex 74.5657 8.9417 3.4
    endloop
  endfacet
  facet normal 0 0 1
    outer loop
      vertex 74.3483 11.1483 3.4
      vertex 74.4592 8.89135 3.4
      vertex 74.4592 11.1087 3.4
    endloop
  endfacet
  facet normal 0 0 1
    outer loop
      vertex 74.3483 11.1483 3.4
      vertex 74.3483 8.85167 3.4
      vertex 74.4592 8.89135 3.4
    endloop
  endfacet
  facet normal 0 0 1
    outer loop
      vertex 74.2341 11.1769 3.4
      vertex 74.3483 8.85167 3.4
      vertex 74.3483 11.1483 3.4
    endloop
  endfacet
  facet normal 0 0 1
    outer loop
      vertex 74.2341 11.1769 3.4
      vertex 74.2341 8.82306 3.4
      vertex 74.3483 8.85167 3.4
    endloop
  endfacet
  facet normal 0 0 1
    outer loop
      vertex 74.1176 11.1942 3.4
      vertex 74.2341 8.82306 3.4
      vertex 74.2341 11.1769 3.4
    endloop
  endfacet
  facet normal 0 0 1
    outer loop
      vertex 74.1176 11.1942 3.4
      vertex 74.1176 8.80578 3.4
      vertex 74.2341 8.82306 3.4
    endloop
  endfacet
  facet normal 0 0 1
    outer loop
      vertex 74 11.2 3.4
      vertex 74.1176 8.80578 3.4
      vertex 74.1176 11.1942 3.4
    endloop
  endfacet
  facet normal 0 0 1
    outer loop
      vertex 74 11.2 3.4
      vertex 74 8.8 3.4
      vertex 74.1176 8.80578 3.4
    endloop
  endfacet
  facet normal -0 0 1
    outer loop
      vertex 73.8824 11.1942 3.4
      vertex 74 8.8 3.4
      vertex 74 11.2 3.4
    endloop
  endfacet
  facet normal 0 0 1
    outer loop
      vertex 73.8824 11.1942 3.4
      vertex 73.8824 8.80578 3.4
      vertex 74 8.8 3.4
    endloop
  endfacet
  facet normal -0 0 1
    outer loop
      vertex 73.7659 11.1769 3.4
      vertex 73.8824 8.80578 3.4
      vertex 73.8824 11.1942 3.4
    endloop
  endfacet
  facet normal 0 0 1
    outer loop
      vertex 73.7659 11.1769 3.4
      vertex 73.7659 8.82306 3.4
      vertex 73.8824 8.80578 3.4
    endloop
  endfacet
  facet normal -0 0 1
    outer loop
      vertex 73.6517 11.1483 3.4
      vertex 73.7659 8.82306 3.4
      vertex 73.7659 11.1769 3.4
    endloop
  endfacet
  facet normal 0 0 1
    outer loop
      vertex 73.6517 11.1483 3.4
      vertex 73.6517 8.85167 3.4
      vertex 73.7659 8.82306 3.4
    endloop
  endfacet
  facet normal -0 0 1
    outer loop
      vertex 73.5408 11.1087 3.4
      vertex 73.6517 8.85167 3.4
      vertex 73.6517 11.1483 3.4
    endloop
  endfacet
  facet normal 0 0 1
    outer loop
      vertex 73.5408 11.1087 3.4
      vertex 73.5408 8.89135 3.4
      vertex 73.6517 8.85167 3.4
    endloop
  endfacet
  facet normal -0 0 1
    outer loop
      vertex 73.4343 11.0583 3.4
      vertex 73.5408 8.89135 3.4
      vertex 73.5408 11.1087 3.4
    endloop
  endfacet
  facet normal 0 0 1
    outer loop
      vertex 73.4343 11.0583 3.4
      vertex 73.4343 8.9417 3.4
      vertex 73.5408 8.89135 3.4
    endloop
  endfacet
  facet normal -0 0 1
    outer loop
      vertex 73.3333 10.9978 3.4
      vertex 73.4343 8.9417 3.4
      vertex 73.4343 11.0583 3.4
    endloop
  endfacet
  facet normal 0 0 1
    outer loop
      vertex 73.3333 10.9978 3.4
      vertex 73.3333 9.00224 3.4
      vertex 73.4343 8.9417 3.4
    endloop
  endfacet
  facet normal -0 0 1
    outer loop
      vertex 73.2387 10.9276 3.4
      vertex 73.3333 9.00224 3.4
      vertex 73.3333 10.9978 3.4
    endloop
  endfacet
  facet normal 0 0 1
    outer loop
      vertex 73.2387 10.9276 3.4
      vertex 73.2387 9.07239 3.4
      vertex 73.3333 9.00224 3.4
    endloop
  endfacet
  facet normal -0 0 1
    outer loop
      vertex 73.1515 10.8485 3.4
      vertex 73.2387 9.07239 3.4
      vertex 73.2387 10.9276 3.4
    endloop
  endfacet
  facet normal 0 0 1
    outer loop
      vertex 73.1515 10.8485 3.4
      vertex 73.1515 9.15147 3.4
      vertex 73.2387 9.07239 3.4
    endloop
  endfacet
  facet normal -0 0 1
    outer loop
      vertex 73.0724 10.7613 3.4
      vertex 73.1515 9.15147 3.4
      vertex 73.1515 10.8485 3.4
    endloop
  endfacet
  facet normal 0 0 1
    outer loop
      vertex 73.0724 10.7613 3.4
      vertex 73.0724 9.23873 3.4
      vertex 73.1515 9.15147 3.4
    endloop
  endfacet
  facet normal -0 0 1
    outer loop
      vertex 73.0022 10.6667 3.4
      vertex 73.0724 9.23873 3.4
      vertex 73.0724 10.7613 3.4
    endloop
  endfacet
  facet normal 0 0 1
    outer loop
      vertex 73.0022 10.6667 3.4
      vertex 73.0022 9.33332 3.4
      vertex 73.0724 9.23873 3.4
    endloop
  endfacet
  facet normal -0 0 1
    outer loop
      vertex 72.9417 10.5657 3.4
      vertex 73.0022 9.33332 3.4
      vertex 73.0022 10.6667 3.4
    endloop
  endfacet
  facet normal 0 0 1
    outer loop
      vertex 72.9417 10.5657 3.4
      vertex 72.9417 9.43432 3.4
      vertex 73.0022 9.33332 3.4
    endloop
  endfacet
  facet normal -0 0 1
    outer loop
      vertex 72.8913 10.4592 3.4
      vertex 72.9417 9.43432 3.4
      vertex 72.9417 10.5657 3.4
    endloop
  endfacet
  facet normal 0 0 1
    outer loop
      vertex 72.8913 10.4592 3.4
      vertex 72.8913 9.54078 3.4
      vertex 72.9417 9.43432 3.4
    endloop
  endfacet
  facet normal -0 0 1
    outer loop
      vertex 72.8517 10.3483 3.4
      vertex 72.8913 9.54078 3.4
      vertex 72.8913 10.4592 3.4
    endloop
  endfacet
  facet normal 0 0 1
    outer loop
      vertex 72.8517 10.3483 3.4
      vertex 72.8517 9.65166 3.4
      vertex 72.8913 9.54078 3.4
    endloop
  endfacet
  facet normal -0 0 1
    outer loop
      vertex 72.8231 10.2341 3.4
      vertex 72.8517 9.65166 3.4
      vertex 72.8517 10.3483 3.4
    endloop
  endfacet
  facet normal 0 0 1
    outer loop
      vertex 72.8231 10.2341 3.4
      vertex 72.8231 9.76589 3.4
      vertex 72.8517 9.65166 3.4
    endloop
  endfacet
  facet normal -0 0 1
    outer loop
      vertex 72.8058 10.1176 3.4
      vertex 72.8231 9.76589 3.4
      vertex 72.8231 10.2341 3.4
    endloop
  endfacet
  facet normal 0 0 1
    outer loop
      vertex 72.8058 10.1176 3.4
      vertex 72.8058 9.88238 3.4
      vertex 72.8231 9.76589 3.4
    endloop
  endfacet
  facet normal 0 -0 1
    outer loop
      vertex 72.8058 9.88238 3.4
      vertex 72.8058 10.1176 3.4
      vertex 72.8 10 3.4
    endloop
  endfacet
  facet normal 0.7409 0.671616 0
    outer loop
      vertex 73.1515 9.15147 9.4
      vertex 73.0724 9.23873 3.4
      vertex 73.0724 9.23873 9.4
    endloop
  endfacet
  facet normal 0.7409 0.671616 0
    outer loop
      vertex 73.0724 9.23873 3.4
      vertex 73.1515 9.15147 9.4
      vertex 73.1515 9.15147 3.4
    endloop
  endfacet
  facet normal -0.243015 0.970022 0
    outer loop
      vertex 74.3483 8.85167 3.4
      vertex 74.2341 8.82306 9.4
      vertex 74.3483 8.85167 9.4
    endloop
  endfacet
  facet normal -0.243015 0.970022 0
    outer loop
      vertex 74.2341 8.82306 9.4
      vertex 74.3483 8.85167 3.4
      vertex 74.2341 8.82306 3.4
    endloop
  endfacet
  facet normal -0.427411 0.904057 0
    outer loop
      vertex 74.5657 8.9417 3.4
      vertex 74.4592 8.89135 9.4
      vertex 74.5657 8.9417 9.4
    endloop
  endfacet
  facet normal -0.427411 0.904057 0
    outer loop
      vertex 74.4592 8.89135 9.4
      vertex 74.5657 8.9417 3.4
      vertex 74.4592 8.89135 3.4
    endloop
  endfacet
  facet normal -0.989151 0.146899 0
    outer loop
      vertex 75.1769 9.76589 3.4
      vertex 75.1942 9.88238 9.4
      vertex 75.1942 9.88238 3.4
    endloop
  endfacet
  facet normal -0.989151 0.146899 0
    outer loop
      vertex 75.1942 9.88238 9.4
      vertex 75.1769 9.76589 3.4
      vertex 75.1769 9.76589 9.4
    endloop
  endfacet
  facet normal -0.671776 0.740754 0
    outer loop
      vertex 74.8485 9.15147 3.4
      vertex 74.7613 9.07239 9.4
      vertex 74.8485 9.15147 9.4
    endloop
  endfacet
  facet normal -0.671776 0.740754 0
    outer loop
      vertex 74.7613 9.07239 9.4
      vertex 74.8485 9.15147 3.4
      vertex 74.7613 9.07239 3.4
    endloop
  endfacet
  facet normal -0.941742 0.336336 0
    outer loop
      vertex 75.1087 9.54078 3.4
      vertex 75.1483 9.65166 9.4
      vertex 75.1483 9.65166 3.4
    endloop
  endfacet
  facet normal -0.941742 0.336336 0
    outer loop
      vertex 75.1483 9.65166 9.4
      vertex 75.1087 9.54078 3.4
      vertex 75.1087 9.54078 9.4
    endloop
  endfacet
  facet normal -0.857867 0.513871 0
    outer loop
      vertex 74.9978 9.33332 3.4
      vertex 75.0583 9.43432 9.4
      vertex 75.0583 9.43432 3.4
    endloop
  endfacet
  facet normal -0.857867 0.513871 0
    outer loop
      vertex 75.0583 9.43432 9.4
      vertex 74.9978 9.33332 3.4
      vertex 74.9978 9.33332 9.4
    endloop
  endfacet
  facet normal 0.514121 0.857718 -0
    outer loop
      vertex 73.4343 8.9417 3.4
      vertex 73.3333 9.00224 9.4
      vertex 73.4343 8.9417 9.4
    endloop
  endfacet
  facet normal 0.514121 0.857718 0
    outer loop
      vertex 73.3333 9.00224 9.4
      vertex 73.4343 8.9417 3.4
      vertex 73.3333 9.00224 3.4
    endloop
  endfacet
  facet normal 0.941742 0.336336 0
    outer loop
      vertex 72.8913 9.54078 9.4
      vertex 72.8517 9.65166 3.4
      vertex 72.8517 9.65166 9.4
    endloop
  endfacet
  facet normal 0.941742 0.336336 0
    outer loop
      vertex 72.8517 9.65166 3.4
      vertex 72.8913 9.54078 9.4
      vertex 72.8913 9.54078 3.4
    endloop
  endfacet
  facet normal 0.989151 0.146899 0
    outer loop
      vertex 72.8231 9.76589 9.4
      vertex 72.8058 9.88238 3.4
      vertex 72.8058 9.88238 9.4
    endloop
  endfacet
  facet normal 0.989151 0.146899 0
    outer loop
      vertex 72.8058 9.88238 3.4
      vertex 72.8231 9.76589 9.4
      vertex 72.8231 9.76589 3.4
    endloop
  endfacet
  facet normal 0.998786 0.0492515 0
    outer loop
      vertex 72.8058 9.88238 9.4
      vertex 72.8 10 3.4
      vertex 72.8 10 9.4
    endloop
  endfacet
  facet normal 0.998786 0.0492515 0
    outer loop
      vertex 72.8 10 3.4
      vertex 72.8058 9.88238 9.4
      vertex 72.8058 9.88238 3.4
    endloop
  endfacet
  facet normal 0.857867 0.513871 0
    outer loop
      vertex 73.0022 9.33332 9.4
      vertex 72.9417 9.43432 3.4
      vertex 72.9417 9.43432 9.4
    endloop
  endfacet
  facet normal 0.857867 0.513871 0
    outer loop
      vertex 72.9417 9.43432 3.4
      vertex 73.0022 9.33332 9.4
      vertex 73.0022 9.33332 3.4
    endloop
  endfacet
  facet normal -0.595644 0.803249 0
    outer loop
      vertex 74.7613 9.07239 3.4
      vertex 74.6667 9.00224 9.4
      vertex 74.7613 9.07239 9.4
    endloop
  endfacet
  facet normal -0.595644 0.803249 0
    outer loop
      vertex 74.6667 9.00224 9.4
      vertex 74.7613 9.07239 3.4
      vertex 74.6667 9.00224 3.4
    endloop
  endfacet
  facet normal -0.514121 0.857718 0
    outer loop
      vertex 74.6667 9.00224 3.4
      vertex 74.5657 8.9417 9.4
      vertex 74.6667 9.00224 9.4
    endloop
  endfacet
  facet normal -0.514121 0.857718 0
    outer loop
      vertex 74.5657 8.9417 9.4
      vertex 74.6667 9.00224 3.4
      vertex 74.5657 8.9417 3.4
    endloop
  endfacet
  facet normal 0.595644 0.803249 -0
    outer loop
      vertex 73.3333 9.00224 3.4
      vertex 73.2387 9.07239 9.4
      vertex 73.3333 9.00224 9.4
    endloop
  endfacet
  facet normal 0.595644 0.803249 0
    outer loop
      vertex 73.2387 9.07239 9.4
      vertex 73.3333 9.00224 3.4
      vertex 73.2387 9.07239 3.4
    endloop
  endfacet
  facet normal 0.427411 0.904057 -0
    outer loop
      vertex 73.5408 8.89135 3.4
      vertex 73.4343 8.9417 9.4
      vertex 73.5408 8.89135 9.4
    endloop
  endfacet
  facet normal 0.427411 0.904057 0
    outer loop
      vertex 73.4343 8.9417 9.4
      vertex 73.5408 8.89135 3.4
      vertex 73.4343 8.9417 3.4
    endloop
  endfacet
  facet normal 0.146721 0.989178 -0
    outer loop
      vertex 73.8824 8.80578 3.4
      vertex 73.7659 8.82306 9.4
      vertex 73.8824 8.80578 9.4
    endloop
  endfacet
  facet normal 0.146721 0.989178 0
    outer loop
      vertex 73.7659 8.82306 9.4
      vertex 73.8824 8.80578 3.4
      vertex 73.7659 8.82306 3.4
    endloop
  endfacet
  facet normal -0.336885 0.941546 0
    outer loop
      vertex 74.4592 8.89135 3.4
      vertex 74.3483 8.85167 9.4
      vertex 74.4592 8.89135 9.4
    endloop
  endfacet
  facet normal -0.336885 0.941546 0
    outer loop
      vertex 74.3483 8.85167 9.4
      vertex 74.4592 8.89135 3.4
      vertex 74.3483 8.85167 3.4
    endloop
  endfacet
  facet normal 0.0490904 0.998794 -0
    outer loop
      vertex 74 8.8 3.4
      vertex 73.8824 8.80578 9.4
      vertex 74 8.8 9.4
    endloop
  endfacet
  facet normal 0.0490904 0.998794 0
    outer loop
      vertex 73.8824 8.80578 9.4
      vertex 74 8.8 3.4
      vertex 73.8824 8.80578 3.4
    endloop
  endfacet
  facet normal 0.243015 0.970022 -0
    outer loop
      vertex 73.7659 8.82306 3.4
      vertex 73.6517 8.85167 9.4
      vertex 73.7659 8.82306 9.4
    endloop
  endfacet
  facet normal 0.243015 0.970022 0
    outer loop
      vertex 73.6517 8.85167 9.4
      vertex 73.7659 8.82306 3.4
      vertex 73.6517 8.85167 3.4
    endloop
  endfacet
  facet normal 0.970012 0.243059 0
    outer loop
      vertex 76.6972 30.5365 9.4
      vertex 76.6316 30.7983 2.4
      vertex 76.6316 30.7983 9.4
    endloop
  endfacet
  facet normal 0.970012 0.243059 0
    outer loop
      vertex 76.6316 30.7983 2.4
      vertex 76.6972 30.5365 9.4
      vertex 76.6972 30.5365 2.4
    endloop
  endfacet
  facet normal 0.998803 0.0489209 0
    outer loop
      vertex 76.75 30 9.4
      vertex 76.7368 30.2695 2.4
      vertex 76.7368 30.2695 9.4
    endloop
  endfacet
  facet normal 0.998803 0.0489209 0
    outer loop
      vertex 76.7368 30.2695 2.4
      vertex 76.75 30 9.4
      vertex 76.75 30 2.4
    endloop
  endfacet
  facet normal -0.998803 0.0489209 0
    outer loop
      vertex 71.25 30 2.4
      vertex 71.2632 30.2695 9.4
      vertex 71.2632 30.2695 2.4
    endloop
  endfacet
  facet normal -0.998803 0.0489209 0
    outer loop
      vertex 71.2632 30.2695 9.4
      vertex 71.25 30 2.4
      vertex 71.25 30 9.4
    endloop
  endfacet
  facet normal 0.0489209 0.998803 -0
    outer loop
      vertex 74.2695 32.7368 2.4
      vertex 74 32.75 9.4
      vertex 74.2695 32.7368 9.4
    endloop
  endfacet
  facet normal 0.0489209 0.998803 0
    outer loop
      vertex 74 32.75 9.4
      vertex 74.2695 32.7368 2.4
      vertex 74 32.75 2.4
    endloop
  endfacet
  facet normal 0.671805 0.740728 -0
    outer loop
      vertex 75.9445 31.9445 2.4
      vertex 75.7446 32.1258 9.4
      vertex 75.9445 31.9445 9.4
    endloop
  endfacet
  facet normal 0.671805 0.740728 0
    outer loop
      vertex 75.7446 32.1258 9.4
      vertex 75.9445 31.9445 2.4
      vertex 75.7446 32.1258 2.4
    endloop
  endfacet
  facet normal -0.671805 0.740728 0
    outer loop
      vertex 72.2554 32.1258 2.4
      vertex 72.0555 31.9445 9.4
      vertex 72.2554 32.1258 9.4
    endloop
  endfacet
  facet normal -0.671805 0.740728 0
    outer loop
      vertex 72.0555 31.9445 9.4
      vertex 72.2554 32.1258 2.4
      vertex 72.0555 31.9445 2.4
    endloop
  endfacet
  facet normal -0.336829 0.941566 0
    outer loop
      vertex 73.2017 32.6316 2.4
      vertex 72.9476 32.5407 9.4
      vertex 73.2017 32.6316 9.4
    endloop
  endfacet
  facet normal -0.336829 0.941566 0
    outer loop
      vertex 72.9476 32.5407 9.4
      vertex 73.2017 32.6316 2.4
      vertex 72.9476 32.5407 2.4
    endloop
  endfacet
  facet normal -0.803367 -0.595485 0
    outer loop
      vertex 71.8742 28.2554 2.4
      vertex 71.7135 28.4722 9.4
      vertex 71.7135 28.4722 2.4
    endloop
  endfacet
  facet normal -0.803367 -0.595485 0
    outer loop
      vertex 71.7135 28.4722 9.4
      vertex 71.8742 28.2554 2.4
      vertex 71.8742 28.2554 9.4
    endloop
  endfacet
  facet normal 0.941566 0.336829 0
    outer loop
      vertex 76.6316 30.7983 9.4
      vertex 76.5407 31.0524 2.4
      vertex 76.5407 31.0524 9.4
    endloop
  endfacet
  facet normal 0.941566 0.336829 0
    outer loop
      vertex 76.5407 31.0524 2.4
      vertex 76.6316 30.7983 9.4
      vertex 76.6316 30.7983 2.4
    endloop
  endfacet
  facet normal 0.427688 0.903926 -0
    outer loop
      vertex 75.2963 32.4253 2.4
      vertex 75.0524 32.5407 9.4
      vertex 75.2963 32.4253 9.4
    endloop
  endfacet
  facet normal 0.427688 0.903926 0
    outer loop
      vertex 75.0524 32.5407 9.4
      vertex 75.2963 32.4253 2.4
      vertex 75.0524 32.5407 2.4
    endloop
  endfacet
  facet normal 0.595485 0.803367 -0
    outer loop
      vertex 75.7446 32.1258 2.4
      vertex 75.5278 32.2865 9.4
      vertex 75.7446 32.1258 9.4
    endloop
  endfacet
  facet normal 0.595485 0.803367 0
    outer loop
      vertex 75.5278 32.2865 9.4
      vertex 75.7446 32.1258 2.4
      vertex 75.5278 32.2865 2.4
    endloop
  endfacet
  facet normal -0.857656 0.514223 0
    outer loop
      vertex 71.5747 31.2963 2.4
      vertex 71.7135 31.5278 9.4
      vertex 71.7135 31.5278 2.4
    endloop
  endfacet
  facet normal -0.857656 0.514223 0
    outer loop
      vertex 71.7135 31.5278 9.4
      vertex 71.5747 31.2963 2.4
      vertex 71.5747 31.2963 9.4
    endloop
  endfacet
  facet normal -0.803367 0.595485 0
    outer loop
      vertex 71.7135 31.5278 2.4
      vertex 71.8742 31.7446 9.4
      vertex 71.8742 31.7446 2.4
    endloop
  endfacet
  facet normal -0.803367 0.595485 0
    outer loop
      vertex 71.8742 31.7446 9.4
      vertex 71.7135 31.5278 2.4
      vertex 71.7135 31.5278 9.4
    endloop
  endfacet
  facet normal 0.903926 -0.427688 0
    outer loop
      vertex 76.4253 28.7037 9.4
      vertex 76.5407 28.9476 2.4
      vertex 76.5407 28.9476 9.4
    endloop
  endfacet
  facet normal 0.903926 -0.427688 0
    outer loop
      vertex 76.5407 28.9476 2.4
      vertex 76.4253 28.7037 9.4
      vertex 76.4253 28.7037 2.4
    endloop
  endfacet
  facet normal 0.243059 -0.970012 0
    outer loop
      vertex 74.5365 27.3028 2.4
      vertex 74.7983 27.3684 9.4
      vertex 74.5365 27.3028 9.4
    endloop
  endfacet
  facet normal 0.243059 -0.970012 0
    outer loop
      vertex 74.7983 27.3684 9.4
      vertex 74.5365 27.3028 2.4
      vertex 74.7983 27.3684 2.4
    endloop
  endfacet
  facet normal 0.740728 -0.671805 0
    outer loop
      vertex 75.9445 28.0555 9.4
      vertex 76.1258 28.2554 2.4
      vertex 76.1258 28.2554 9.4
    endloop
  endfacet
  facet normal 0.740728 -0.671805 0
    outer loop
      vertex 76.1258 28.2554 2.4
      vertex 75.9445 28.0555 9.4
      vertex 75.9445 28.0555 2.4
    endloop
  endfacet
  facet normal 0.970012 -0.243059 0
    outer loop
      vertex 76.6316 29.2017 9.4
      vertex 76.6972 29.4635 2.4
      vertex 76.6972 29.4635 9.4
    endloop
  endfacet
  facet normal 0.970012 -0.243059 0
    outer loop
      vertex 76.6972 29.4635 2.4
      vertex 76.6316 29.2017 9.4
      vertex 76.6316 29.2017 2.4
    endloop
  endfacet
  facet normal -0.336829 -0.941566 0
    outer loop
      vertex 72.9476 27.4593 2.4
      vertex 73.2017 27.3684 9.4
      vertex 72.9476 27.4593 9.4
    endloop
  endfacet
  facet normal -0.336829 -0.941566 -0
    outer loop
      vertex 73.2017 27.3684 9.4
      vertex 72.9476 27.4593 2.4
      vertex 73.2017 27.3684 2.4
    endloop
  endfacet
  facet normal -0.514223 -0.857656 0
    outer loop
      vertex 72.4722 27.7135 2.4
      vertex 72.7037 27.5747 9.4
      vertex 72.4722 27.7135 9.4
    endloop
  endfacet
  facet normal -0.514223 -0.857656 -0
    outer loop
      vertex 72.7037 27.5747 9.4
      vertex 72.4722 27.7135 2.4
      vertex 72.7037 27.5747 2.4
    endloop
  endfacet
  facet normal -0.970012 -0.243059 0
    outer loop
      vertex 71.3684 29.2017 2.4
      vertex 71.3028 29.4635 9.4
      vertex 71.3028 29.4635 2.4
    endloop
  endfacet
  facet normal -0.970012 -0.243059 0
    outer loop
      vertex 71.3028 29.4635 9.4
      vertex 71.3684 29.2017 2.4
      vertex 71.3684 29.2017 9.4
    endloop
  endfacet
  facet normal 0.903926 0.427688 0
    outer loop
      vertex 76.5407 31.0524 9.4
      vertex 76.4253 31.2963 2.4
      vertex 76.4253 31.2963 9.4
    endloop
  endfacet
  facet normal 0.903926 0.427688 0
    outer loop
      vertex 76.4253 31.2963 2.4
      vertex 76.5407 31.0524 9.4
      vertex 76.5407 31.0524 2.4
    endloop
  endfacet
  facet normal 0.857656 0.514223 0
    outer loop
      vertex 76.4253 31.2963 9.4
      vertex 76.2865 31.5278 2.4
      vertex 76.2865 31.5278 9.4
    endloop
  endfacet
  facet normal 0.857656 0.514223 0
    outer loop
      vertex 76.2865 31.5278 2.4
      vertex 76.4253 31.2963 9.4
      vertex 76.4253 31.2963 2.4
    endloop
  endfacet
  facet normal 0.803367 0.595485 0
    outer loop
      vertex 76.2865 31.5278 9.4
      vertex 76.1258 31.7446 2.4
      vertex 76.1258 31.7446 9.4
    endloop
  endfacet
  facet normal 0.803367 0.595485 0
    outer loop
      vertex 76.1258 31.7446 2.4
      vertex 76.2865 31.5278 9.4
      vertex 76.2865 31.5278 2.4
    endloop
  endfacet
  facet normal 0.243059 0.970012 -0
    outer loop
      vertex 74.7983 32.6316 2.4
      vertex 74.5365 32.6972 9.4
      vertex 74.7983 32.6316 9.4
    endloop
  endfacet
  facet normal 0.243059 0.970012 0
    outer loop
      vertex 74.5365 32.6972 9.4
      vertex 74.7983 32.6316 2.4
      vertex 74.5365 32.6972 2.4
    endloop
  endfacet
  facet normal 0.514223 0.857656 -0
    outer loop
      vertex 75.5278 32.2865 2.4
      vertex 75.2963 32.4253 9.4
      vertex 75.5278 32.2865 9.4
    endloop
  endfacet
  facet normal 0.514223 0.857656 0
    outer loop
      vertex 75.2963 32.4253 9.4
      vertex 75.5278 32.2865 2.4
      vertex 75.2963 32.4253 2.4
    endloop
  endfacet
  facet normal -0.903926 0.427688 0
    outer loop
      vertex 71.4593 31.0524 2.4
      vertex 71.5747 31.2963 9.4
      vertex 71.5747 31.2963 2.4
    endloop
  endfacet
  facet normal -0.903926 0.427688 0
    outer loop
      vertex 71.5747 31.2963 9.4
      vertex 71.4593 31.0524 2.4
      vertex 71.4593 31.0524 9.4
    endloop
  endfacet
  facet normal -0.970012 0.243059 0
    outer loop
      vertex 71.3028 30.5365 2.4
      vertex 71.3684 30.7983 9.4
      vertex 71.3684 30.7983 2.4
    endloop
  endfacet
  facet normal -0.970012 0.243059 0
    outer loop
      vertex 71.3684 30.7983 9.4
      vertex 71.3028 30.5365 2.4
      vertex 71.3028 30.5365 9.4
    endloop
  endfacet
  facet normal -0.514223 0.857656 0
    outer loop
      vertex 72.7037 32.4253 2.4
      vertex 72.4722 32.2865 9.4
      vertex 72.7037 32.4253 9.4
    endloop
  endfacet
  facet normal -0.514223 0.857656 0
    outer loop
      vertex 72.4722 32.2865 9.4
      vertex 72.7037 32.4253 2.4
      vertex 72.4722 32.2865 2.4
    endloop
  endfacet
  facet normal -0.0489209 0.998803 0
    outer loop
      vertex 74 32.75 2.4
      vertex 73.7305 32.7368 9.4
      vertex 74 32.75 9.4
    endloop
  endfacet
  facet normal -0.0489209 0.998803 0
    outer loop
      vertex 73.7305 32.7368 9.4
      vertex 74 32.75 2.4
      vertex 73.7305 32.7368 2.4
    endloop
  endfacet
  facet normal -0.14671 0.98918 0
    outer loop
      vertex 73.7305 32.7368 2.4
      vertex 73.4635 32.6972 9.4
      vertex 73.7305 32.7368 9.4
    endloop
  endfacet
  facet normal -0.14671 0.98918 0
    outer loop
      vertex 73.4635 32.6972 9.4
      vertex 73.7305 32.7368 2.4
      vertex 73.4635 32.6972 2.4
    endloop
  endfacet
  facet normal 0.0489209 -0.998803 0
    outer loop
      vertex 74 27.25 2.4
      vertex 74.2695 27.2632 9.4
      vertex 74 27.25 9.4
    endloop
  endfacet
  facet normal 0.0489209 -0.998803 0
    outer loop
      vertex 74.2695 27.2632 9.4
      vertex 74 27.25 2.4
      vertex 74.2695 27.2632 2.4
    endloop
  endfacet
  facet normal 0.14671 -0.98918 0
    outer loop
      vertex 74.2695 27.2632 2.4
      vertex 74.5365 27.3028 9.4
      vertex 74.2695 27.2632 9.4
    endloop
  endfacet
  facet normal 0.14671 -0.98918 0
    outer loop
      vertex 74.5365 27.3028 9.4
      vertex 74.2695 27.2632 2.4
      vertex 74.5365 27.3028 2.4
    endloop
  endfacet
  facet normal 0.514223 -0.857656 0
    outer loop
      vertex 75.2963 27.5747 2.4
      vertex 75.5278 27.7135 9.4
      vertex 75.2963 27.5747 9.4
    endloop
  endfacet
  facet normal 0.514223 -0.857656 0
    outer loop
      vertex 75.5278 27.7135 9.4
      vertex 75.2963 27.5747 2.4
      vertex 75.5278 27.7135 2.4
    endloop
  endfacet
  facet normal 0.671805 -0.740728 0
    outer loop
      vertex 75.7446 27.8742 2.4
      vertex 75.9445 28.0555 9.4
      vertex 75.7446 27.8742 9.4
    endloop
  endfacet
  facet normal 0.671805 -0.740728 0
    outer loop
      vertex 75.9445 28.0555 9.4
      vertex 75.7446 27.8742 2.4
      vertex 75.9445 28.0555 2.4
    endloop
  endfacet
  facet normal 0.595485 -0.803367 0
    outer loop
      vertex 75.5278 27.7135 2.4
      vertex 75.7446 27.8742 9.4
      vertex 75.5278 27.7135 9.4
    endloop
  endfacet
  facet normal 0.595485 -0.803367 0
    outer loop
      vertex 75.7446 27.8742 9.4
      vertex 75.5278 27.7135 2.4
      vertex 75.7446 27.8742 2.4
    endloop
  endfacet
  facet normal 0.803367 -0.595485 0
    outer loop
      vertex 76.1258 28.2554 9.4
      vertex 76.2865 28.4722 2.4
      vertex 76.2865 28.4722 9.4
    endloop
  endfacet
  facet normal 0.803367 -0.595485 0
    outer loop
      vertex 76.2865 28.4722 2.4
      vertex 76.1258 28.2554 9.4
      vertex 76.1258 28.2554 2.4
    endloop
  endfacet
  facet normal 0.857656 -0.514223 0
    outer loop
      vertex 76.2865 28.4722 9.4
      vertex 76.4253 28.7037 2.4
      vertex 76.4253 28.7037 9.4
    endloop
  endfacet
  facet normal 0.857656 -0.514223 0
    outer loop
      vertex 76.4253 28.7037 2.4
      vertex 76.2865 28.4722 9.4
      vertex 76.2865 28.4722 2.4
    endloop
  endfacet
  facet normal -0.14671 -0.98918 0
    outer loop
      vertex 73.4635 27.3028 2.4
      vertex 73.7305 27.2632 9.4
      vertex 73.4635 27.3028 9.4
    endloop
  endfacet
  facet normal -0.14671 -0.98918 -0
    outer loop
      vertex 73.7305 27.2632 9.4
      vertex 73.4635 27.3028 2.4
      vertex 73.7305 27.2632 2.4
    endloop
  endfacet
  facet normal -0.671805 -0.740728 0
    outer loop
      vertex 72.0555 28.0555 2.4
      vertex 72.2554 27.8742 9.4
      vertex 72.0555 28.0555 9.4
    endloop
  endfacet
  facet normal -0.671805 -0.740728 -0
    outer loop
      vertex 72.2554 27.8742 9.4
      vertex 72.0555 28.0555 2.4
      vertex 72.2554 27.8742 2.4
    endloop
  endfacet
  facet normal -0.427688 -0.903926 0
    outer loop
      vertex 72.7037 27.5747 2.4
      vertex 72.9476 27.4593 9.4
      vertex 72.7037 27.5747 9.4
    endloop
  endfacet
  facet normal -0.427688 -0.903926 -0
    outer loop
      vertex 72.9476 27.4593 9.4
      vertex 72.7037 27.5747 2.4
      vertex 72.9476 27.4593 2.4
    endloop
  endfacet
  facet normal -0.0489209 -0.998803 0
    outer loop
      vertex 73.7305 27.2632 2.4
      vertex 74 27.25 9.4
      vertex 73.7305 27.2632 9.4
    endloop
  endfacet
  facet normal -0.0489209 -0.998803 -0
    outer loop
      vertex 74 27.25 9.4
      vertex 73.7305 27.2632 2.4
      vertex 74 27.25 2.4
    endloop
  endfacet
  facet normal -0.595485 -0.803367 0
    outer loop
      vertex 72.2554 27.8742 2.4
      vertex 72.4722 27.7135 9.4
      vertex 72.2554 27.8742 9.4
    endloop
  endfacet
  facet normal -0.595485 -0.803367 -0
    outer loop
      vertex 72.4722 27.7135 9.4
      vertex 72.2554 27.8742 2.4
      vertex 72.4722 27.7135 2.4
    endloop
  endfacet
  facet normal -0.903926 -0.427688 0
    outer loop
      vertex 71.5747 28.7037 2.4
      vertex 71.4593 28.9476 9.4
      vertex 71.4593 28.9476 2.4
    endloop
  endfacet
  facet normal -0.903926 -0.427688 0
    outer loop
      vertex 71.4593 28.9476 9.4
      vertex 71.5747 28.7037 2.4
      vertex 71.5747 28.7037 9.4
    endloop
  endfacet
  facet normal -0.857656 -0.514223 0
    outer loop
      vertex 71.7135 28.4722 2.4
      vertex 71.5747 28.7037 9.4
      vertex 71.5747 28.7037 2.4
    endloop
  endfacet
  facet normal -0.857656 -0.514223 0
    outer loop
      vertex 71.5747 28.7037 9.4
      vertex 71.7135 28.4722 2.4
      vertex 71.7135 28.4722 9.4
    endloop
  endfacet
  facet normal -0.998803 -0.0489209 0
    outer loop
      vertex 71.2632 29.7305 2.4
      vertex 71.25 30 9.4
      vertex 71.25 30 2.4
    endloop
  endfacet
  facet normal -0.998803 -0.0489209 0
    outer loop
      vertex 71.25 30 9.4
      vertex 71.2632 29.7305 2.4
      vertex 71.2632 29.7305 9.4
    endloop
  endfacet
  facet normal 0 0 -1
    outer loop
      vertex 76.7368 29.7305 2.4
      vertex 76.7368 30.2695 2.4
      vertex 76.75 30 2.4
    endloop
  endfacet
  facet normal 0 0 -1
    outer loop
      vertex 76.6972 29.4635 2.4
      vertex 76.7368 30.2695 2.4
      vertex 76.7368 29.7305 2.4
    endloop
  endfacet
  facet normal 0 0 -1
    outer loop
      vertex 76.6972 29.4635 2.4
      vertex 76.6972 30.5365 2.4
      vertex 76.7368 30.2695 2.4
    endloop
  endfacet
  facet normal 0 0 -1
    outer loop
      vertex 76.6316 29.2017 2.4
      vertex 76.6972 30.5365 2.4
      vertex 76.6972 29.4635 2.4
    endloop
  endfacet
  facet normal 0 0 -1
    outer loop
      vertex 76.6316 29.2017 2.4
      vertex 76.6316 30.7983 2.4
      vertex 76.6972 30.5365 2.4
    endloop
  endfacet
  facet normal 0 0 -1
    outer loop
      vertex 76.5407 28.9476 2.4
      vertex 76.6316 30.7983 2.4
      vertex 76.6316 29.2017 2.4
    endloop
  endfacet
  facet normal 0 0 -1
    outer loop
      vertex 76.5407 28.9476 2.4
      vertex 76.5407 31.0524 2.4
      vertex 76.6316 30.7983 2.4
    endloop
  endfacet
  facet normal 0 0 -1
    outer loop
      vertex 76.4253 28.7037 2.4
      vertex 76.5407 31.0524 2.4
      vertex 76.5407 28.9476 2.4
    endloop
  endfacet
  facet normal 0 0 -1
    outer loop
      vertex 76.4253 28.7037 2.4
      vertex 76.4253 31.2963 2.4
      vertex 76.5407 31.0524 2.4
    endloop
  endfacet
  facet normal 0 0 -1
    outer loop
      vertex 76.2865 28.4722 2.4
      vertex 76.4253 31.2963 2.4
      vertex 76.4253 28.7037 2.4
    endloop
  endfacet
  facet normal 0 0 -1
    outer loop
      vertex 76.2865 28.4722 2.4
      vertex 76.2865 31.5278 2.4
      vertex 76.4253 31.2963 2.4
    endloop
  endfacet
  facet normal 0 0 -1
    outer loop
      vertex 76.1258 28.2554 2.4
      vertex 76.2865 31.5278 2.4
      vertex 76.2865 28.4722 2.4
    endloop
  endfacet
  facet normal 0 0 -1
    outer loop
      vertex 76.1258 28.2554 2.4
      vertex 76.1258 31.7446 2.4
      vertex 76.2865 31.5278 2.4
    endloop
  endfacet
  facet normal 0 0 -1
    outer loop
      vertex 75.9445 28.0555 2.4
      vertex 76.1258 31.7446 2.4
      vertex 76.1258 28.2554 2.4
    endloop
  endfacet
  facet normal 0 0 -1
    outer loop
      vertex 75.9445 28.0555 2.4
      vertex 75.9445 31.9445 2.4
      vertex 76.1258 31.7446 2.4
    endloop
  endfacet
  facet normal 0 0 -1
    outer loop
      vertex 75.7446 27.8742 2.4
      vertex 75.9445 31.9445 2.4
      vertex 75.9445 28.0555 2.4
    endloop
  endfacet
  facet normal 0 0 -1
    outer loop
      vertex 75.7446 27.8742 2.4
      vertex 75.7446 32.1258 2.4
      vertex 75.9445 31.9445 2.4
    endloop
  endfacet
  facet normal 0 0 -1
    outer loop
      vertex 75.5278 27.7135 2.4
      vertex 75.7446 32.1258 2.4
      vertex 75.7446 27.8742 2.4
    endloop
  endfacet
  facet normal 0 0 -1
    outer loop
      vertex 75.5278 27.7135 2.4
      vertex 75.5278 32.2865 2.4
      vertex 75.7446 32.1258 2.4
    endloop
  endfacet
  facet normal 0 0 -1
    outer loop
      vertex 75.2963 27.5747 2.4
      vertex 75.5278 32.2865 2.4
      vertex 75.5278 27.7135 2.4
    endloop
  endfacet
  facet normal 0 0 -1
    outer loop
      vertex 75.2963 27.5747 2.4
      vertex 75.2963 32.4253 2.4
      vertex 75.5278 32.2865 2.4
    endloop
  endfacet
  facet normal 0 0 -1
    outer loop
      vertex 75.0524 27.4593 2.4
      vertex 75.2963 32.4253 2.4
      vertex 75.2963 27.5747 2.4
    endloop
  endfacet
  facet normal 0 0 -1
    outer loop
      vertex 75.0524 27.4593 2.4
      vertex 75.0524 32.5407 2.4
      vertex 75.2963 32.4253 2.4
    endloop
  endfacet
  facet normal 0 0 -1
    outer loop
      vertex 74.7983 27.3684 2.4
      vertex 75.0524 32.5407 2.4
      vertex 75.0524 27.4593 2.4
    endloop
  endfacet
  facet normal 0 0 -1
    outer loop
      vertex 74.7983 27.3684 2.4
      vertex 74.7983 32.6316 2.4
      vertex 75.0524 32.5407 2.4
    endloop
  endfacet
  facet normal 0 0 -1
    outer loop
      vertex 74.5365 27.3028 2.4
      vertex 74.7983 32.6316 2.4
      vertex 74.7983 27.3684 2.4
    endloop
  endfacet
  facet normal 0 0 -1
    outer loop
      vertex 74.5365 27.3028 2.4
      vertex 74.5365 32.6972 2.4
      vertex 74.7983 32.6316 2.4
    endloop
  endfacet
  facet normal 0 0 -1
    outer loop
      vertex 74.2695 27.2632 2.4
      vertex 74.5365 32.6972 2.4
      vertex 74.5365 27.3028 2.4
    endloop
  endfacet
  facet normal 0 0 -1
    outer loop
      vertex 74.2695 27.2632 2.4
      vertex 74.2695 32.7368 2.4
      vertex 74.5365 32.6972 2.4
    endloop
  endfacet
  facet normal 0 0 -1
    outer loop
      vertex 74 27.25 2.4
      vertex 74.2695 32.7368 2.4
      vertex 74.2695 27.2632 2.4
    endloop
  endfacet
  facet normal 0 0 -1
    outer loop
      vertex 74 27.25 2.4
      vertex 74 32.75 2.4
      vertex 74.2695 32.7368 2.4
    endloop
  endfacet
  facet normal 0 0 -1
    outer loop
      vertex 73.7305 27.2632 2.4
      vertex 74 32.75 2.4
      vertex 74 27.25 2.4
    endloop
  endfacet
  facet normal 0 0 -1
    outer loop
      vertex 73.7305 27.2632 2.4
      vertex 73.7305 32.7368 2.4
      vertex 74 32.75 2.4
    endloop
  endfacet
  facet normal 0 0 -1
    outer loop
      vertex 73.4635 27.3028 2.4
      vertex 73.7305 32.7368 2.4
      vertex 73.7305 27.2632 2.4
    endloop
  endfacet
  facet normal 0 0 -1
    outer loop
      vertex 73.4635 27.3028 2.4
      vertex 73.4635 32.6972 2.4
      vertex 73.7305 32.7368 2.4
    endloop
  endfacet
  facet normal 0 0 -1
    outer loop
      vertex 73.2017 27.3684 2.4
      vertex 73.4635 32.6972 2.4
      vertex 73.4635 27.3028 2.4
    endloop
  endfacet
  facet normal 0 0 -1
    outer loop
      vertex 73.2017 27.3684 2.4
      vertex 73.2017 32.6316 2.4
      vertex 73.4635 32.6972 2.4
    endloop
  endfacet
  facet normal 0 0 -1
    outer loop
      vertex 72.9476 27.4593 2.4
      vertex 73.2017 32.6316 2.4
      vertex 73.2017 27.3684 2.4
    endloop
  endfacet
  facet normal 0 0 -1
    outer loop
      vertex 72.9476 27.4593 2.4
      vertex 72.9476 32.5407 2.4
      vertex 73.2017 32.6316 2.4
    endloop
  endfacet
  facet normal 0 0 -1
    outer loop
      vertex 72.7037 27.5747 2.4
      vertex 72.9476 32.5407 2.4
      vertex 72.9476 27.4593 2.4
    endloop
  endfacet
  facet normal 0 0 -1
    outer loop
      vertex 72.7037 27.5747 2.4
      vertex 72.7037 32.4253 2.4
      vertex 72.9476 32.5407 2.4
    endloop
  endfacet
  facet normal 0 0 -1
    outer loop
      vertex 72.4722 27.7135 2.4
      vertex 72.7037 32.4253 2.4
      vertex 72.7037 27.5747 2.4
    endloop
  endfacet
  facet normal 0 0 -1
    outer loop
      vertex 72.4722 27.7135 2.4
      vertex 72.4722 32.2865 2.4
      vertex 72.7037 32.4253 2.4
    endloop
  endfacet
  facet normal 0 0 -1
    outer loop
      vertex 72.2554 27.8742 2.4
      vertex 72.4722 32.2865 2.4
      vertex 72.4722 27.7135 2.4
    endloop
  endfacet
  facet normal 0 0 -1
    outer loop
      vertex 72.2554 27.8742 2.4
      vertex 72.2554 32.1258 2.4
      vertex 72.4722 32.2865 2.4
    endloop
  endfacet
  facet normal 0 0 -1
    outer loop
      vertex 72.0555 28.0555 2.4
      vertex 72.2554 32.1258 2.4
      vertex 72.2554 27.8742 2.4
    endloop
  endfacet
  facet normal 0 0 -1
    outer loop
      vertex 72.0555 28.0555 2.4
      vertex 72.0555 31.9445 2.4
      vertex 72.2554 32.1258 2.4
    endloop
  endfacet
  facet normal 0 0 -1
    outer loop
      vertex 71.8742 28.2554 2.4
      vertex 72.0555 31.9445 2.4
      vertex 72.0555 28.0555 2.4
    endloop
  endfacet
  facet normal 0 0 -1
    outer loop
      vertex 71.8742 28.2554 2.4
      vertex 71.8742 31.7446 2.4
      vertex 72.0555 31.9445 2.4
    endloop
  endfacet
  facet normal 0 0 -1
    outer loop
      vertex 71.7135 28.4722 2.4
      vertex 71.8742 31.7446 2.4
      vertex 71.8742 28.2554 2.4
    endloop
  endfacet
  facet normal 0 0 -1
    outer loop
      vertex 71.7135 28.4722 2.4
      vertex 71.7135 31.5278 2.4
      vertex 71.8742 31.7446 2.4
    endloop
  endfacet
  facet normal 0 0 -1
    outer loop
      vertex 71.5747 28.7037 2.4
      vertex 71.7135 31.5278 2.4
      vertex 71.7135 28.4722 2.4
    endloop
  endfacet
  facet normal 0 0 -1
    outer loop
      vertex 71.5747 28.7037 2.4
      vertex 71.5747 31.2963 2.4
      vertex 71.7135 31.5278 2.4
    endloop
  endfacet
  facet normal 0 0 -1
    outer loop
      vertex 71.4593 28.9476 2.4
      vertex 71.5747 31.2963 2.4
      vertex 71.5747 28.7037 2.4
    endloop
  endfacet
  facet normal 0 0 -1
    outer loop
      vertex 71.4593 28.9476 2.4
      vertex 71.4593 31.0524 2.4
      vertex 71.5747 31.2963 2.4
    endloop
  endfacet
  facet normal 0 0 -1
    outer loop
      vertex 71.3684 29.2017 2.4
      vertex 71.4593 31.0524 2.4
      vertex 71.4593 28.9476 2.4
    endloop
  endfacet
  facet normal 0 0 -1
    outer loop
      vertex 71.3684 29.2017 2.4
      vertex 71.3684 30.7983 2.4
      vertex 71.4593 31.0524 2.4
    endloop
  endfacet
  facet normal 0 0 -1
    outer loop
      vertex 71.3028 29.4635 2.4
      vertex 71.3684 30.7983 2.4
      vertex 71.3684 29.2017 2.4
    endloop
  endfacet
  facet normal 0 0 -1
    outer loop
      vertex 71.3028 29.4635 2.4
      vertex 71.3028 30.5365 2.4
      vertex 71.3684 30.7983 2.4
    endloop
  endfacet
  facet normal 0 0 -1
    outer loop
      vertex 71.2632 29.7305 2.4
      vertex 71.3028 30.5365 2.4
      vertex 71.3028 29.4635 2.4
    endloop
  endfacet
  facet normal 0 0 -1
    outer loop
      vertex 71.2632 29.7305 2.4
      vertex 71.2632 30.2695 2.4
      vertex 71.3028 30.5365 2.4
    endloop
  endfacet
  facet normal 0 -0 -1
    outer loop
      vertex 71.2632 30.2695 2.4
      vertex 71.2632 29.7305 2.4
      vertex 71.25 30 2.4
    endloop
  endfacet
  facet normal 0.98918 0.14671 0
    outer loop
      vertex 76.7368 30.2695 9.4
      vertex 76.6972 30.5365 2.4
      vertex 76.6972 30.5365 9.4
    endloop
  endfacet
  facet normal 0.98918 0.14671 0
    outer loop
      vertex 76.6972 30.5365 2.4
      vertex 76.7368 30.2695 9.4
      vertex 76.7368 30.2695 2.4
    endloop
  endfacet
  facet normal 0.740728 0.671805 0
    outer loop
      vertex 76.1258 31.7446 9.4
      vertex 75.9445 31.9445 2.4
      vertex 75.9445 31.9445 9.4
    endloop
  endfacet
  facet normal 0.740728 0.671805 0
    outer loop
      vertex 75.9445 31.9445 2.4
      vertex 76.1258 31.7446 9.4
      vertex 76.1258 31.7446 2.4
    endloop
  endfacet
  facet normal 0.14671 0.98918 -0
    outer loop
      vertex 74.5365 32.6972 2.4
      vertex 74.2695 32.7368 9.4
      vertex 74.5365 32.6972 9.4
    endloop
  endfacet
  facet normal 0.14671 0.98918 0
    outer loop
      vertex 74.2695 32.7368 9.4
      vertex 74.5365 32.6972 2.4
      vertex 74.2695 32.7368 2.4
    endloop
  endfacet
  facet normal 0.336829 0.941566 -0
    outer loop
      vertex 75.0524 32.5407 2.4
      vertex 74.7983 32.6316 9.4
      vertex 75.0524 32.5407 9.4
    endloop
  endfacet
  facet normal 0.336829 0.941566 0
    outer loop
      vertex 74.7983 32.6316 9.4
      vertex 75.0524 32.5407 2.4
      vertex 74.7983 32.6316 2.4
    endloop
  endfacet
  facet normal -0.740728 0.671805 0
    outer loop
      vertex 71.8742 31.7446 2.4
      vertex 72.0555 31.9445 9.4
      vertex 72.0555 31.9445 2.4
    endloop
  endfacet
  facet normal -0.740728 0.671805 0
    outer loop
      vertex 72.0555 31.9445 9.4
      vertex 71.8742 31.7446 2.4
      vertex 71.8742 31.7446 9.4
    endloop
  endfacet
  facet normal 0 0 1
    outer loop
      vertex 75.2 30 9.4
      vertex 76.75 30 9.4
      vertex 76.7368 30.2695 9.4
    endloop
  endfacet
  facet normal 0 0 1
    outer loop
      vertex 75.1942 30.1176 9.4
      vertex 76.7368 30.2695 9.4
      vertex 76.6972 30.5365 9.4
    endloop
  endfacet
  facet normal 0 0 1
    outer loop
      vertex 76.75 30 9.4
      vertex 75.2 30 9.4
      vertex 76.7368 29.7305 9.4
    endloop
  endfacet
  facet normal 0 0 1
    outer loop
      vertex 75.1769 30.2341 9.4
      vertex 76.6972 30.5365 9.4
      vertex 76.6316 30.7983 9.4
    endloop
  endfacet
  facet normal -0 0 1
    outer loop
      vertex 75.1942 29.8824 9.4
      vertex 76.7368 29.7305 9.4
      vertex 75.2 30 9.4
    endloop
  endfacet
  facet normal 0 0 1
    outer loop
      vertex 75.1483 30.3483 9.4
      vertex 76.6316 30.7983 9.4
      vertex 76.5407 31.0524 9.4
    endloop
  endfacet
  facet normal 0 0 1
    outer loop
      vertex 76.7368 29.7305 9.4
      vertex 75.1942 29.8824 9.4
      vertex 76.6972 29.4635 9.4
    endloop
  endfacet
  facet normal 0 0 1
    outer loop
      vertex 75.1087 30.4592 9.4
      vertex 76.5407 31.0524 9.4
      vertex 76.4253 31.2963 9.4
    endloop
  endfacet
  facet normal -0 0 1
    outer loop
      vertex 75.1769 29.7659 9.4
      vertex 76.6972 29.4635 9.4
      vertex 75.1942 29.8824 9.4
    endloop
  endfacet
  facet normal 0 0 1
    outer loop
      vertex 75.0583 30.5657 9.4
      vertex 76.4253 31.2963 9.4
      vertex 76.2865 31.5278 9.4
    endloop
  endfacet
  facet normal 0 0 1
    outer loop
      vertex 76.6972 29.4635 9.4
      vertex 75.1769 29.7659 9.4
      vertex 76.6316 29.2017 9.4
    endloop
  endfacet
  facet normal 0 0 1
    outer loop
      vertex 74.9978 30.6667 9.4
      vertex 76.2865 31.5278 9.4
      vertex 76.1258 31.7446 9.4
    endloop
  endfacet
  facet normal -0 0 1
    outer loop
      vertex 75.1483 29.6517 9.4
      vertex 76.6316 29.2017 9.4
      vertex 75.1769 29.7659 9.4
    endloop
  endfacet
  facet normal 0 0 1
    outer loop
      vertex 74.9276 30.7613 9.4
      vertex 76.1258 31.7446 9.4
      vertex 75.9445 31.9445 9.4
    endloop
  endfacet
  facet normal 0 0 1
    outer loop
      vertex 76.6316 29.2017 9.4
      vertex 75.1483 29.6517 9.4
      vertex 76.5407 28.9476 9.4
    endloop
  endfacet
  facet normal 0 0 1
    outer loop
      vertex 74.8485 30.8485 9.4
      vertex 75.9445 31.9445 9.4
      vertex 75.7446 32.1258 9.4
    endloop
  endfacet
  facet normal -0 0 1
    outer loop
      vertex 75.1087 29.5408 9.4
      vertex 76.5407 28.9476 9.4
      vertex 75.1483 29.6517 9.4
    endloop
  endfacet
  facet normal 0 0 1
    outer loop
      vertex 74.7613 30.9276 9.4
      vertex 75.7446 32.1258 9.4
      vertex 75.5278 32.2865 9.4
    endloop
  endfacet
  facet normal 0 0 1
    outer loop
      vertex 76.5407 28.9476 9.4
      vertex 75.1087 29.5408 9.4
      vertex 76.4253 28.7037 9.4
    endloop
  endfacet
  facet normal 0 0 1
    outer loop
      vertex 74.6667 30.9978 9.4
      vertex 75.5278 32.2865 9.4
      vertex 75.2963 32.4253 9.4
    endloop
  endfacet
  facet normal -0 0 1
    outer loop
      vertex 75.0583 29.4343 9.4
      vertex 76.4253 28.7037 9.4
      vertex 75.1087 29.5408 9.4
    endloop
  endfacet
  facet normal 0 0 1
    outer loop
      vertex 76.4253 28.7037 9.4
      vertex 75.0583 29.4343 9.4
      vertex 76.2865 28.4722 9.4
    endloop
  endfacet
  facet normal 0 0 1
    outer loop
      vertex 76.7368 30.2695 9.4
      vertex 75.1942 30.1176 9.4
      vertex 75.2 30 9.4
    endloop
  endfacet
  facet normal 0 0 1
    outer loop
      vertex 76.6972 30.5365 9.4
      vertex 75.1769 30.2341 9.4
      vertex 75.1942 30.1176 9.4
    endloop
  endfacet
  facet normal 0 0 1
    outer loop
      vertex 76.6316 30.7983 9.4
      vertex 75.1483 30.3483 9.4
      vertex 75.1769 30.2341 9.4
    endloop
  endfacet
  facet normal 0 0 1
    outer loop
      vertex 76.5407 31.0524 9.4
      vertex 75.1087 30.4592 9.4
      vertex 75.1483 30.3483 9.4
    endloop
  endfacet
  facet normal 0 0 1
    outer loop
      vertex 76.4253 31.2963 9.4
      vertex 75.0583 30.5657 9.4
      vertex 75.1087 30.4592 9.4
    endloop
  endfacet
  facet normal 0 0 1
    outer loop
      vertex 74.5657 31.0583 9.4
      vertex 75.2963 32.4253 9.4
      vertex 75.0524 32.5407 9.4
    endloop
  endfacet
  facet normal 0 0 1
    outer loop
      vertex 76.2865 31.5278 9.4
      vertex 74.9978 30.6667 9.4
      vertex 75.0583 30.5657 9.4
    endloop
  endfacet
  facet normal 0 0 1
    outer loop
      vertex 76.1258 31.7446 9.4
      vertex 74.9276 30.7613 9.4
      vertex 74.9978 30.6667 9.4
    endloop
  endfacet
  facet normal 0 0 1
    outer loop
      vertex 75.9445 31.9445 9.4
      vertex 74.8485 30.8485 9.4
      vertex 74.9276 30.7613 9.4
    endloop
  endfacet
  facet normal 0 0 1
    outer loop
      vertex 74.4592 31.1087 9.4
      vertex 75.0524 32.5407 9.4
      vertex 74.7983 32.6316 9.4
    endloop
  endfacet
  facet normal 0 0 1
    outer loop
      vertex 75.7446 32.1258 9.4
      vertex 74.7613 30.9276 9.4
      vertex 74.8485 30.8485 9.4
    endloop
  endfacet
  facet normal 0 0 1
    outer loop
      vertex 75.5278 32.2865 9.4
      vertex 74.6667 30.9978 9.4
      vertex 74.7613 30.9276 9.4
    endloop
  endfacet
  facet normal 0 0 1
    outer loop
      vertex 75.2963 32.4253 9.4
      vertex 74.5657 31.0583 9.4
      vertex 74.6667 30.9978 9.4
    endloop
  endfacet
  facet normal 0 0 1
    outer loop
      vertex 74.3483 31.1483 9.4
      vertex 74.7983 32.6316 9.4
      vertex 74.5365 32.6972 9.4
    endloop
  endfacet
  facet normal 0 0 1
    outer loop
      vertex 75.0524 32.5407 9.4
      vertex 74.4592 31.1087 9.4
      vertex 74.5657 31.0583 9.4
    endloop
  endfacet
  facet normal 0 0 1
    outer loop
      vertex 74.7983 32.6316 9.4
      vertex 74.3483 31.1483 9.4
      vertex 74.4592 31.1087 9.4
    endloop
  endfacet
  facet normal 0 0 1
    outer loop
      vertex 74.2341 31.1769 9.4
      vertex 74.5365 32.6972 9.4
      vertex 74.2695 32.7368 9.4
    endloop
  endfacet
  facet normal 0 0 1
    outer loop
      vertex 74.5365 32.6972 9.4
      vertex 74.2341 31.1769 9.4
      vertex 74.3483 31.1483 9.4
    endloop
  endfacet
  facet normal 0 0 1
    outer loop
      vertex 74.2695 32.7368 9.4
      vertex 74.1176 31.1942 9.4
      vertex 74.2341 31.1769 9.4
    endloop
  endfacet
  facet normal 0 0 1
    outer loop
      vertex 74 32.75 9.4
      vertex 74.1176 31.1942 9.4
      vertex 74.2695 32.7368 9.4
    endloop
  endfacet
  facet normal 0 0 1
    outer loop
      vertex 74 32.75 9.4
      vertex 74 31.2 9.4
      vertex 74.1176 31.1942 9.4
    endloop
  endfacet
  facet normal 0 0 1
    outer loop
      vertex 74 32.75 9.4
      vertex 73.8824 31.1942 9.4
      vertex 74 31.2 9.4
    endloop
  endfacet
  facet normal -0 0 1
    outer loop
      vertex 73.7305 32.7368 9.4
      vertex 73.8824 31.1942 9.4
      vertex 74 32.75 9.4
    endloop
  endfacet
  facet normal 0 0 1
    outer loop
      vertex 73.8824 31.1942 9.4
      vertex 73.7305 32.7368 9.4
      vertex 73.7659 31.1769 9.4
    endloop
  endfacet
  facet normal -0 0 1
    outer loop
      vertex 73.4635 32.6972 9.4
      vertex 73.7659 31.1769 9.4
      vertex 73.7305 32.7368 9.4
    endloop
  endfacet
  facet normal 0 0 1
    outer loop
      vertex 73.7659 31.1769 9.4
      vertex 73.4635 32.6972 9.4
      vertex 73.6517 31.1483 9.4
    endloop
  endfacet
  facet normal -0 0 1
    outer loop
      vertex 73.2017 32.6316 9.4
      vertex 73.6517 31.1483 9.4
      vertex 73.4635 32.6972 9.4
    endloop
  endfacet
  facet normal 0 0 1
    outer loop
      vertex 73.6517 31.1483 9.4
      vertex 73.2017 32.6316 9.4
      vertex 73.5408 31.1087 9.4
    endloop
  endfacet
  facet normal -0 0 1
    outer loop
      vertex 72.9476 32.5407 9.4
      vertex 73.5408 31.1087 9.4
      vertex 73.2017 32.6316 9.4
    endloop
  endfacet
  facet normal 0 0 1
    outer loop
      vertex 73.5408 31.1087 9.4
      vertex 72.9476 32.5407 9.4
      vertex 73.4343 31.0583 9.4
    endloop
  endfacet
  facet normal -0 0 1
    outer loop
      vertex 72.7037 32.4253 9.4
      vertex 73.4343 31.0583 9.4
      vertex 72.9476 32.5407 9.4
    endloop
  endfacet
  facet normal 0 0 1
    outer loop
      vertex 73.4343 31.0583 9.4
      vertex 72.7037 32.4253 9.4
      vertex 73.3333 30.9978 9.4
    endloop
  endfacet
  facet normal -0 0 1
    outer loop
      vertex 72.4722 32.2865 9.4
      vertex 73.3333 30.9978 9.4
      vertex 72.7037 32.4253 9.4
    endloop
  endfacet
  facet normal 0 0 1
    outer loop
      vertex 73.3333 30.9978 9.4
      vertex 72.4722 32.2865 9.4
      vertex 73.2387 30.9276 9.4
    endloop
  endfacet
  facet normal -0 0 1
    outer loop
      vertex 72.2554 32.1258 9.4
      vertex 73.2387 30.9276 9.4
      vertex 72.4722 32.2865 9.4
    endloop
  endfacet
  facet normal 0 0 1
    outer loop
      vertex 73.2387 30.9276 9.4
      vertex 72.2554 32.1258 9.4
      vertex 73.1515 30.8485 9.4
    endloop
  endfacet
  facet normal -0 0 1
    outer loop
      vertex 72.0555 31.9445 9.4
      vertex 73.1515 30.8485 9.4
      vertex 72.2554 32.1258 9.4
    endloop
  endfacet
  facet normal 0 0 1
    outer loop
      vertex 73.1515 30.8485 9.4
      vertex 72.0555 31.9445 9.4
      vertex 73.0724 30.7613 9.4
    endloop
  endfacet
  facet normal -0 0 1
    outer loop
      vertex 71.8742 31.7446 9.4
      vertex 73.0724 30.7613 9.4
      vertex 72.0555 31.9445 9.4
    endloop
  endfacet
  facet normal 0 0 1
    outer loop
      vertex 73.0724 30.7613 9.4
      vertex 71.8742 31.7446 9.4
      vertex 73.0022 30.6667 9.4
    endloop
  endfacet
  facet normal 0 0 1
    outer loop
      vertex 73.0022 30.6667 9.4
      vertex 71.7135 31.5278 9.4
      vertex 72.9417 30.5657 9.4
    endloop
  endfacet
  facet normal -0 0 1
    outer loop
      vertex 71.7135 31.5278 9.4
      vertex 73.0022 30.6667 9.4
      vertex 71.8742 31.7446 9.4
    endloop
  endfacet
  facet normal -0 0 1
    outer loop
      vertex 74.9978 29.3333 9.4
      vertex 76.2865 28.4722 9.4
      vertex 75.0583 29.4343 9.4
    endloop
  endfacet
  facet normal 0 0 1
    outer loop
      vertex 76.2865 28.4722 9.4
      vertex 74.9978 29.3333 9.4
      vertex 76.1258 28.2554 9.4
    endloop
  endfacet
  facet normal -0 0 1
    outer loop
      vertex 74.9276 29.2387 9.4
      vertex 76.1258 28.2554 9.4
      vertex 74.9978 29.3333 9.4
    endloop
  endfacet
  facet normal 0 0 1
    outer loop
      vertex 76.1258 28.2554 9.4
      vertex 74.9276 29.2387 9.4
      vertex 75.9445 28.0555 9.4
    endloop
  endfacet
  facet normal -0 0 1
    outer loop
      vertex 74.8485 29.1515 9.4
      vertex 75.9445 28.0555 9.4
      vertex 74.9276 29.2387 9.4
    endloop
  endfacet
  facet normal 0 0 1
    outer loop
      vertex 75.9445 28.0555 9.4
      vertex 74.8485 29.1515 9.4
      vertex 75.7446 27.8742 9.4
    endloop
  endfacet
  facet normal -0 0 1
    outer loop
      vertex 74.7613 29.0724 9.4
      vertex 75.7446 27.8742 9.4
      vertex 74.8485 29.1515 9.4
    endloop
  endfacet
  facet normal 0 0 1
    outer loop
      vertex 75.7446 27.8742 9.4
      vertex 74.7613 29.0724 9.4
      vertex 75.5278 27.7135 9.4
    endloop
  endfacet
  facet normal -0 0 1
    outer loop
      vertex 74.6667 29.0022 9.4
      vertex 75.5278 27.7135 9.4
      vertex 74.7613 29.0724 9.4
    endloop
  endfacet
  facet normal 0 0 1
    outer loop
      vertex 75.5278 27.7135 9.4
      vertex 74.6667 29.0022 9.4
      vertex 75.2963 27.5747 9.4
    endloop
  endfacet
  facet normal -0 0 1
    outer loop
      vertex 74.5657 28.9417 9.4
      vertex 75.2963 27.5747 9.4
      vertex 74.6667 29.0022 9.4
    endloop
  endfacet
  facet normal 0 0 1
    outer loop
      vertex 75.2963 27.5747 9.4
      vertex 74.5657 28.9417 9.4
      vertex 75.0524 27.4593 9.4
    endloop
  endfacet
  facet normal -0 0 1
    outer loop
      vertex 74.4592 28.8913 9.4
      vertex 75.0524 27.4593 9.4
      vertex 74.5657 28.9417 9.4
    endloop
  endfacet
  facet normal 0 0 1
    outer loop
      vertex 75.0524 27.4593 9.4
      vertex 74.4592 28.8913 9.4
      vertex 74.7983 27.3684 9.4
    endloop
  endfacet
  facet normal -0 0 1
    outer loop
      vertex 74.3483 28.8517 9.4
      vertex 74.7983 27.3684 9.4
      vertex 74.4592 28.8913 9.4
    endloop
  endfacet
  facet normal 0 0 1
    outer loop
      vertex 74.7983 27.3684 9.4
      vertex 74.3483 28.8517 9.4
      vertex 74.5365 27.3028 9.4
    endloop
  endfacet
  facet normal -0 0 1
    outer loop
      vertex 74.2341 28.8231 9.4
      vertex 74.5365 27.3028 9.4
      vertex 74.3483 28.8517 9.4
    endloop
  endfacet
  facet normal 0 0 1
    outer loop
      vertex 74.5365 27.3028 9.4
      vertex 74.2341 28.8231 9.4
      vertex 74.2695 27.2632 9.4
    endloop
  endfacet
  facet normal -0 0 1
    outer loop
      vertex 74.1176 28.8058 9.4
      vertex 74.2695 27.2632 9.4
      vertex 74.2341 28.8231 9.4
    endloop
  endfacet
  facet normal -0 0 1
    outer loop
      vertex 74 28.8 9.4
      vertex 74.2695 27.2632 9.4
      vertex 74.1176 28.8058 9.4
    endloop
  endfacet
  facet normal 0 0 1
    outer loop
      vertex 74 28.8 9.4
      vertex 74 27.25 9.4
      vertex 74.2695 27.2632 9.4
    endloop
  endfacet
  facet normal 0 0 1
    outer loop
      vertex 73.8824 28.8058 9.4
      vertex 74 27.25 9.4
      vertex 74 28.8 9.4
    endloop
  endfacet
  facet normal 0 0 1
    outer loop
      vertex 73.7305 27.2632 9.4
      vertex 73.8824 28.8058 9.4
      vertex 73.7659 28.8231 9.4
    endloop
  endfacet
  facet normal 0 0 1
    outer loop
      vertex 73.8824 28.8058 9.4
      vertex 73.7305 27.2632 9.4
      vertex 74 27.25 9.4
    endloop
  endfacet
  facet normal 0 0 1
    outer loop
      vertex 73.4635 27.3028 9.4
      vertex 73.7659 28.8231 9.4
      vertex 73.6517 28.8517 9.4
    endloop
  endfacet
  facet normal 0 0 1
    outer loop
      vertex 73.2017 27.3684 9.4
      vertex 73.6517 28.8517 9.4
      vertex 73.5408 28.8913 9.4
    endloop
  endfacet
  facet normal 0 0 1
    outer loop
      vertex 73.7659 28.8231 9.4
      vertex 73.4635 27.3028 9.4
      vertex 73.7305 27.2632 9.4
    endloop
  endfacet
  facet normal 0 0 1
    outer loop
      vertex 72.9476 27.4593 9.4
      vertex 73.5408 28.8913 9.4
      vertex 73.4343 28.9417 9.4
    endloop
  endfacet
  facet normal 0 0 1
    outer loop
      vertex 72.7037 27.5747 9.4
      vertex 73.4343 28.9417 9.4
      vertex 73.3333 29.0022 9.4
    endloop
  endfacet
  facet normal 0 0 1
    outer loop
      vertex 72.4722 27.7135 9.4
      vertex 73.3333 29.0022 9.4
      vertex 73.2387 29.0724 9.4
    endloop
  endfacet
  facet normal 0 0 1
    outer loop
      vertex 73.6517 28.8517 9.4
      vertex 73.2017 27.3684 9.4
      vertex 73.4635 27.3028 9.4
    endloop
  endfacet
  facet normal 0 0 1
    outer loop
      vertex 72.2554 27.8742 9.4
      vertex 73.2387 29.0724 9.4
      vertex 73.1515 29.1515 9.4
    endloop
  endfacet
  facet normal 0 0 1
    outer loop
      vertex 72.0555 28.0555 9.4
      vertex 73.1515 29.1515 9.4
      vertex 73.0724 29.2387 9.4
    endloop
  endfacet
  facet normal 0 0 1
    outer loop
      vertex 71.8742 28.2554 9.4
      vertex 73.0724 29.2387 9.4
      vertex 73.0022 29.3333 9.4
    endloop
  endfacet
  facet normal 0 0 1
    outer loop
      vertex 73.5408 28.8913 9.4
      vertex 72.9476 27.4593 9.4
      vertex 73.2017 27.3684 9.4
    endloop
  endfacet
  facet normal 0 0 1
    outer loop
      vertex 71.7135 28.4722 9.4
      vertex 73.0022 29.3333 9.4
      vertex 72.9417 29.4343 9.4
    endloop
  endfacet
  facet normal 0 0 1
    outer loop
      vertex 71.5747 28.7037 9.4
      vertex 72.9417 29.4343 9.4
      vertex 72.8913 29.5408 9.4
    endloop
  endfacet
  facet normal 0 0 1
    outer loop
      vertex 71.4593 28.9476 9.4
      vertex 72.8913 29.5408 9.4
      vertex 72.8517 29.6517 9.4
    endloop
  endfacet
  facet normal 0 0 1
    outer loop
      vertex 71.3684 29.2017 9.4
      vertex 72.8517 29.6517 9.4
      vertex 72.8231 29.7659 9.4
    endloop
  endfacet
  facet normal 0 0 1
    outer loop
      vertex 71.3028 29.4635 9.4
      vertex 72.8231 29.7659 9.4
      vertex 72.8058 29.8824 9.4
    endloop
  endfacet
  facet normal 0 0 1
    outer loop
      vertex 73.4343 28.9417 9.4
      vertex 72.7037 27.5747 9.4
      vertex 72.9476 27.4593 9.4
    endloop
  endfacet
  facet normal 0 0 1
    outer loop
      vertex 71.2632 29.7305 9.4
      vertex 72.8058 29.8824 9.4
      vertex 72.8 30 9.4
    endloop
  endfacet
  facet normal -0 0 1
    outer loop
      vertex 71.5747 31.2963 9.4
      vertex 72.9417 30.5657 9.4
      vertex 71.7135 31.5278 9.4
    endloop
  endfacet
  facet normal 0 0 1
    outer loop
      vertex 72.9417 30.5657 9.4
      vertex 71.5747 31.2963 9.4
      vertex 72.8913 30.4592 9.4
    endloop
  endfacet
  facet normal 0 0 1
    outer loop
      vertex 73.3333 29.0022 9.4
      vertex 72.4722 27.7135 9.4
      vertex 72.7037 27.5747 9.4
    endloop
  endfacet
  facet normal -0 0 1
    outer loop
      vertex 71.4593 31.0524 9.4
      vertex 72.8913 30.4592 9.4
      vertex 71.5747 31.2963 9.4
    endloop
  endfacet
  facet normal 0 0 1
    outer loop
      vertex 73.2387 29.0724 9.4
      vertex 72.2554 27.8742 9.4
      vertex 72.4722 27.7135 9.4
    endloop
  endfacet
  facet normal 0 0 1
    outer loop
      vertex 72.8913 30.4592 9.4
      vertex 71.4593 31.0524 9.4
      vertex 72.8517 30.3483 9.4
    endloop
  endfacet
  facet normal 0 0 1
    outer loop
      vertex 73.1515 29.1515 9.4
      vertex 72.0555 28.0555 9.4
      vertex 72.2554 27.8742 9.4
    endloop
  endfacet
  facet normal -0 0 1
    outer loop
      vertex 71.3684 30.7983 9.4
      vertex 72.8517 30.3483 9.4
      vertex 71.4593 31.0524 9.4
    endloop
  endfacet
  facet normal 0 0 1
    outer loop
      vertex 73.0724 29.2387 9.4
      vertex 71.8742 28.2554 9.4
      vertex 72.0555 28.0555 9.4
    endloop
  endfacet
  facet normal 0 0 1
    outer loop
      vertex 72.8517 30.3483 9.4
      vertex 71.3684 30.7983 9.4
      vertex 72.8231 30.2341 9.4
    endloop
  endfacet
  facet normal 0 0 1
    outer loop
      vertex 73.0022 29.3333 9.4
      vertex 71.7135 28.4722 9.4
      vertex 71.8742 28.2554 9.4
    endloop
  endfacet
  facet normal -0 0 1
    outer loop
      vertex 71.3028 30.5365 9.4
      vertex 72.8231 30.2341 9.4
      vertex 71.3684 30.7983 9.4
    endloop
  endfacet
  facet normal 0 0 1
    outer loop
      vertex 72.9417 29.4343 9.4
      vertex 71.5747 28.7037 9.4
      vertex 71.7135 28.4722 9.4
    endloop
  endfacet
  facet normal 0 0 1
    outer loop
      vertex 72.8231 30.2341 9.4
      vertex 71.3028 30.5365 9.4
      vertex 72.8058 30.1176 9.4
    endloop
  endfacet
  facet normal 0 0 1
    outer loop
      vertex 72.8913 29.5408 9.4
      vertex 71.4593 28.9476 9.4
      vertex 71.5747 28.7037 9.4
    endloop
  endfacet
  facet normal -0 0 1
    outer loop
      vertex 71.2632 30.2695 9.4
      vertex 72.8058 30.1176 9.4
      vertex 71.3028 30.5365 9.4
    endloop
  endfacet
  facet normal 0 0 1
    outer loop
      vertex 72.8517 29.6517 9.4
      vertex 71.3684 29.2017 9.4
      vertex 71.4593 28.9476 9.4
    endloop
  endfacet
  facet normal 0 0 1
    outer loop
      vertex 72.8058 30.1176 9.4
      vertex 71.2632 30.2695 9.4
      vertex 72.8 30 9.4
    endloop
  endfacet
  facet normal 0 0 1
    outer loop
      vertex 72.8231 29.7659 9.4
      vertex 71.3028 29.4635 9.4
      vertex 71.3684 29.2017 9.4
    endloop
  endfacet
  facet normal 0 0 1
    outer loop
      vertex 71.25 30 9.4
      vertex 72.8 30 9.4
      vertex 71.2632 30.2695 9.4
    endloop
  endfacet
  facet normal 0 0 1
    outer loop
      vertex 72.8058 29.8824 9.4
      vertex 71.2632 29.7305 9.4
      vertex 71.3028 29.4635 9.4
    endloop
  endfacet
  facet normal 0 0 1
    outer loop
      vertex 72.8 30 9.4
      vertex 71.25 30 9.4
      vertex 71.2632 29.7305 9.4
    endloop
  endfacet
  facet normal -0.98918 0.14671 0
    outer loop
      vertex 71.2632 30.2695 2.4
      vertex 71.3028 30.5365 9.4
      vertex 71.3028 30.5365 2.4
    endloop
  endfacet
  facet normal -0.98918 0.14671 0
    outer loop
      vertex 71.3028 30.5365 9.4
      vertex 71.2632 30.2695 2.4
      vertex 71.2632 30.2695 9.4
    endloop
  endfacet
  facet normal -0.941566 0.336829 0
    outer loop
      vertex 71.3684 30.7983 2.4
      vertex 71.4593 31.0524 9.4
      vertex 71.4593 31.0524 2.4
    endloop
  endfacet
  facet normal -0.941566 0.336829 0
    outer loop
      vertex 71.4593 31.0524 9.4
      vertex 71.3684 30.7983 2.4
      vertex 71.3684 30.7983 9.4
    endloop
  endfacet
  facet normal -0.595485 0.803367 0
    outer loop
      vertex 72.4722 32.2865 2.4
      vertex 72.2554 32.1258 9.4
      vertex 72.4722 32.2865 9.4
    endloop
  endfacet
  facet normal -0.595485 0.803367 0
    outer loop
      vertex 72.2554 32.1258 9.4
      vertex 72.4722 32.2865 2.4
      vertex 72.2554 32.1258 2.4
    endloop
  endfacet
  facet normal -0.427688 0.903926 0
    outer loop
      vertex 72.9476 32.5407 2.4
      vertex 72.7037 32.4253 9.4
      vertex 72.9476 32.5407 9.4
    endloop
  endfacet
  facet normal -0.427688 0.903926 0
    outer loop
      vertex 72.7037 32.4253 9.4
      vertex 72.9476 32.5407 2.4
      vertex 72.7037 32.4253 2.4
    endloop
  endfacet
  facet normal -0.243059 0.970012 0
    outer loop
      vertex 73.4635 32.6972 2.4
      vertex 73.2017 32.6316 9.4
      vertex 73.4635 32.6972 9.4
    endloop
  endfacet
  facet normal -0.243059 0.970012 0
    outer loop
      vertex 73.2017 32.6316 9.4
      vertex 73.4635 32.6972 2.4
      vertex 73.2017 32.6316 2.4
    endloop
  endfacet
  facet normal 0.427688 -0.903926 0
    outer loop
      vertex 75.0524 27.4593 2.4
      vertex 75.2963 27.5747 9.4
      vertex 75.0524 27.4593 9.4
    endloop
  endfacet
  facet normal 0.427688 -0.903926 0
    outer loop
      vertex 75.2963 27.5747 9.4
      vertex 75.0524 27.4593 2.4
      vertex 75.2963 27.5747 2.4
    endloop
  endfacet
  facet normal 0.336829 -0.941566 0
    outer loop
      vertex 74.7983 27.3684 2.4
      vertex 75.0524 27.4593 9.4
      vertex 74.7983 27.3684 9.4
    endloop
  endfacet
  facet normal 0.336829 -0.941566 0
    outer loop
      vertex 75.0524 27.4593 9.4
      vertex 74.7983 27.3684 2.4
      vertex 75.0524 27.4593 2.4
    endloop
  endfacet
  facet normal 0.941566 -0.336829 0
    outer loop
      vertex 76.5407 28.9476 9.4
      vertex 76.6316 29.2017 2.4
      vertex 76.6316 29.2017 9.4
    endloop
  endfacet
  facet normal 0.941566 -0.336829 0
    outer loop
      vertex 76.6316 29.2017 2.4
      vertex 76.5407 28.9476 9.4
      vertex 76.5407 28.9476 2.4
    endloop
  endfacet
  facet normal 0.98918 -0.14671 0
    outer loop
      vertex 76.6972 29.4635 9.4
      vertex 76.7368 29.7305 2.4
      vertex 76.7368 29.7305 9.4
    endloop
  endfacet
  facet normal 0.98918 -0.14671 0
    outer loop
      vertex 76.7368 29.7305 2.4
      vertex 76.6972 29.4635 9.4
      vertex 76.6972 29.4635 2.4
    endloop
  endfacet
  facet normal 0.998803 -0.0489209 0
    outer loop
      vertex 76.7368 29.7305 9.4
      vertex 76.75 30 2.4
      vertex 76.75 30 9.4
    endloop
  endfacet
  facet normal 0.998803 -0.0489209 0
    outer loop
      vertex 76.75 30 2.4
      vertex 76.7368 29.7305 9.4
      vertex 76.7368 29.7305 2.4
    endloop
  endfacet
  facet normal -0.243059 -0.970012 0
    outer loop
      vertex 73.2017 27.3684 2.4
      vertex 73.4635 27.3028 9.4
      vertex 73.2017 27.3684 9.4
    endloop
  endfacet
  facet normal -0.243059 -0.970012 -0
    outer loop
      vertex 73.4635 27.3028 9.4
      vertex 73.2017 27.3684 2.4
      vertex 73.4635 27.3028 2.4
    endloop
  endfacet
  facet normal -0.740728 -0.671805 0
    outer loop
      vertex 72.0555 28.0555 2.4
      vertex 71.8742 28.2554 9.4
      vertex 71.8742 28.2554 2.4
    endloop
  endfacet
  facet normal -0.740728 -0.671805 0
    outer loop
      vertex 71.8742 28.2554 9.4
      vertex 72.0555 28.0555 2.4
      vertex 72.0555 28.0555 9.4
    endloop
  endfacet
  facet normal -0.98918 -0.14671 0
    outer loop
      vertex 71.3028 29.4635 2.4
      vertex 71.2632 29.7305 9.4
      vertex 71.2632 29.7305 2.4
    endloop
  endfacet
  facet normal -0.98918 -0.14671 0
    outer loop
      vertex 71.2632 29.7305 9.4
      vertex 71.3028 29.4635 2.4
      vertex 71.3028 29.4635 9.4
    endloop
  endfacet
  facet normal -0.941566 -0.336829 0
    outer loop
      vertex 71.4593 28.9476 2.4
      vertex 71.3684 29.2017 9.4
      vertex 71.3684 29.2017 2.4
    endloop
  endfacet
  facet normal -0.941566 -0.336829 0
    outer loop
      vertex 71.3684 29.2017 9.4
      vertex 71.4593 28.9476 2.4
      vertex 71.4593 28.9476 9.4
    endloop
  endfacet
  facet normal -0.857867 -0.513871 0
    outer loop
      vertex 75.0583 30.5657 3.4
      vertex 74.9978 30.6667 9.4
      vertex 74.9978 30.6667 3.4
    endloop
  endfacet
  facet normal -0.857867 -0.513871 0
    outer loop
      vertex 74.9978 30.6667 9.4
      vertex 75.0583 30.5657 3.4
      vertex 75.0583 30.5657 9.4
    endloop
  endfacet
  facet normal -0.336283 -0.941761 0
    outer loop
      vertex 74.3483 31.1483 3.4
      vertex 74.4592 31.1087 9.4
      vertex 74.3483 31.1483 9.4
    endloop
  endfacet
  facet normal -0.336283 -0.941761 -0
    outer loop
      vertex 74.4592 31.1087 9.4
      vertex 74.3483 31.1483 3.4
      vertex 74.4592 31.1087 3.4
    endloop
  endfacet
  facet normal 0.336283 -0.941761 0
    outer loop
      vertex 73.5408 31.1087 3.4
      vertex 73.6517 31.1483 9.4
      vertex 73.5408 31.1087 9.4
    endloop
  endfacet
  facet normal 0.336283 -0.941761 0
    outer loop
      vertex 73.6517 31.1483 9.4
      vertex 73.5408 31.1087 3.4
      vertex 73.6517 31.1483 3.4
    endloop
  endfacet
  facet normal 0.903893 -0.427758 0
    outer loop
      vertex 72.8913 30.4592 9.4
      vertex 72.9417 30.5657 3.4
      vertex 72.9417 30.5657 9.4
    endloop
  endfacet
  facet normal 0.903893 -0.427758 0
    outer loop
      vertex 72.9417 30.5657 3.4
      vertex 72.8913 30.4592 9.4
      vertex 72.8913 30.4592 3.4
    endloop
  endfacet
  facet normal -0.998786 0.0492599 0
    outer loop
      vertex 75.1942 29.8824 3.4
      vertex 75.2 30 9.4
      vertex 75.2 30 3.4
    endloop
  endfacet
  facet normal -0.998786 0.0492599 0
    outer loop
      vertex 75.2 30 9.4
      vertex 75.1942 29.8824 3.4
      vertex 75.1942 29.8824 9.4
    endloop
  endfacet
  facet normal -0.0492599 -0.998786 0
    outer loop
      vertex 74 31.2 3.4
      vertex 74.1176 31.1942 9.4
      vertex 74 31.2 9.4
    endloop
  endfacet
  facet normal -0.0492599 -0.998786 -0
    outer loop
      vertex 74.1176 31.1942 9.4
      vertex 74 31.2 3.4
      vertex 74.1176 31.1942 3.4
    endloop
  endfacet
  facet normal -0.513871 -0.857867 0
    outer loop
      vertex 74.5657 31.0583 3.4
      vertex 74.6667 30.9978 9.4
      vertex 74.5657 31.0583 9.4
    endloop
  endfacet
  facet normal -0.513871 -0.857867 -0
    outer loop
      vertex 74.6667 30.9978 9.4
      vertex 74.5657 31.0583 3.4
      vertex 74.6667 30.9978 3.4
    endloop
  endfacet
  facet normal 0.989153 -0.146887 0
    outer loop
      vertex 72.8058 30.1176 9.4
      vertex 72.8231 30.2341 3.4
      vertex 72.8231 30.2341 9.4
    endloop
  endfacet
  facet normal 0.989153 -0.146887 0
    outer loop
      vertex 72.8231 30.2341 3.4
      vertex 72.8058 30.1176 9.4
      vertex 72.8058 30.1176 3.4
    endloop
  endfacet
  facet normal 0.74067 -0.671869 0
    outer loop
      vertex 73.0724 30.7613 9.4
      vertex 73.1515 30.8485 3.4
      vertex 73.1515 30.8485 9.4
    endloop
  endfacet
  facet normal 0.74067 -0.671869 0
    outer loop
      vertex 73.1515 30.8485 3.4
      vertex 73.0724 30.7613 9.4
      vertex 73.0724 30.7613 3.4
    endloop
  endfacet
  facet normal 0.146887 -0.989153 0
    outer loop
      vertex 73.7659 31.1769 3.4
      vertex 73.8824 31.1942 9.4
      vertex 73.7659 31.1769 9.4
    endloop
  endfacet
  facet normal 0.146887 -0.989153 0
    outer loop
      vertex 73.8824 31.1942 9.4
      vertex 73.7659 31.1769 3.4
      vertex 73.8824 31.1942 3.4
    endloop
  endfacet
  facet normal 0.671869 0.74067 -0
    outer loop
      vertex 73.2387 29.0724 3.4
      vertex 73.1515 29.1515 9.4
      vertex 73.2387 29.0724 9.4
    endloop
  endfacet
  facet normal 0.671869 0.74067 0
    outer loop
      vertex 73.1515 29.1515 9.4
      vertex 73.2387 29.0724 3.4
      vertex 73.1515 29.1515 3.4
    endloop
  endfacet
  facet normal 0.903893 0.427758 0
    outer loop
      vertex 72.9417 29.4343 9.4
      vertex 72.8913 29.5408 3.4
      vertex 72.8913 29.5408 9.4
    endloop
  endfacet
  facet normal 0.903893 0.427758 0
    outer loop
      vertex 72.8913 29.5408 3.4
      vertex 72.9417 29.4343 9.4
      vertex 72.9417 29.4343 3.4
    endloop
  endfacet
  facet normal -0.989153 -0.146887 0
    outer loop
      vertex 75.1942 30.1176 3.4
      vertex 75.1769 30.2341 9.4
      vertex 75.1769 30.2341 3.4
    endloop
  endfacet
  facet normal -0.989153 -0.146887 0
    outer loop
      vertex 75.1769 30.2341 9.4
      vertex 75.1942 30.1176 3.4
      vertex 75.1942 30.1176 9.4
    endloop
  endfacet
  facet normal -0.803046 -0.595918 0
    outer loop
      vertex 74.9978 30.6667 3.4
      vertex 74.9276 30.7613 9.4
      vertex 74.9276 30.7613 3.4
    endloop
  endfacet
  facet normal -0.803046 -0.595918 0
    outer loop
      vertex 74.9276 30.7613 9.4
      vertex 74.9978 30.6667 3.4
      vertex 74.9978 30.6667 9.4
    endloop
  endfacet
  facet normal -0.671869 -0.74067 0
    outer loop
      vertex 74.7613 30.9276 3.4
      vertex 74.8485 30.8485 9.4
      vertex 74.7613 30.9276 9.4
    endloop
  endfacet
  facet normal -0.671869 -0.74067 -0
    outer loop
      vertex 74.8485 30.8485 9.4
      vertex 74.7613 30.9276 3.4
      vertex 74.8485 30.8485 3.4
    endloop
  endfacet
  facet normal 0.0492599 -0.998786 0
    outer loop
      vertex 73.8824 31.1942 3.4
      vertex 74 31.2 9.4
      vertex 73.8824 31.1942 9.4
    endloop
  endfacet
  facet normal 0.0492599 -0.998786 0
    outer loop
      vertex 74 31.2 9.4
      vertex 73.8824 31.1942 3.4
      vertex 74 31.2 3.4
    endloop
  endfacet
  facet normal -0.242935 -0.970042 0
    outer loop
      vertex 74.2341 31.1769 3.4
      vertex 74.3483 31.1483 9.4
      vertex 74.2341 31.1769 9.4
    endloop
  endfacet
  facet normal -0.242935 -0.970042 -0
    outer loop
      vertex 74.3483 31.1483 9.4
      vertex 74.2341 31.1769 3.4
      vertex 74.3483 31.1483 3.4
    endloop
  endfacet
  facet normal -0.146887 -0.989153 0
    outer loop
      vertex 74.1176 31.1942 3.4
      vertex 74.2341 31.1769 9.4
      vertex 74.1176 31.1942 9.4
    endloop
  endfacet
  facet normal -0.146887 -0.989153 -0
    outer loop
      vertex 74.2341 31.1769 9.4
      vertex 74.1176 31.1942 3.4
      vertex 74.2341 31.1769 3.4
    endloop
  endfacet
  facet normal -0.427758 -0.903893 0
    outer loop
      vertex 74.4592 31.1087 3.4
      vertex 74.5657 31.0583 9.4
      vertex 74.4592 31.1087 9.4
    endloop
  endfacet
  facet normal -0.427758 -0.903893 -0
    outer loop
      vertex 74.5657 31.0583 9.4
      vertex 74.4592 31.1087 3.4
      vertex 74.5657 31.0583 3.4
    endloop
  endfacet
  facet normal -0.595918 -0.803046 0
    outer loop
      vertex 74.6667 30.9978 3.4
      vertex 74.7613 30.9276 9.4
      vertex 74.6667 30.9978 9.4
    endloop
  endfacet
  facet normal -0.595918 -0.803046 -0
    outer loop
      vertex 74.7613 30.9276 9.4
      vertex 74.6667 30.9978 3.4
      vertex 74.7613 30.9276 3.4
    endloop
  endfacet
  facet normal 0.998786 -0.0492599 0
    outer loop
      vertex 72.8 30 9.4
      vertex 72.8058 30.1176 3.4
      vertex 72.8058 30.1176 9.4
    endloop
  endfacet
  facet normal 0.998786 -0.0492599 0
    outer loop
      vertex 72.8058 30.1176 3.4
      vertex 72.8 30 9.4
      vertex 72.8 30 3.4
    endloop
  endfacet
  facet normal 0.941761 -0.336283 0
    outer loop
      vertex 72.8517 30.3483 9.4
      vertex 72.8913 30.4592 3.4
      vertex 72.8913 30.4592 9.4
    endloop
  endfacet
  facet normal 0.941761 -0.336283 0
    outer loop
      vertex 72.8913 30.4592 3.4
      vertex 72.8517 30.3483 9.4
      vertex 72.8517 30.3483 3.4
    endloop
  endfacet
  facet normal 0.970042 -0.242935 0
    outer loop
      vertex 72.8231 30.2341 9.4
      vertex 72.8517 30.3483 3.4
      vertex 72.8517 30.3483 9.4
    endloop
  endfacet
  facet normal 0.970042 -0.242935 0
    outer loop
      vertex 72.8517 30.3483 3.4
      vertex 72.8231 30.2341 9.4
      vertex 72.8231 30.2341 3.4
    endloop
  endfacet
  facet normal 0.857867 -0.513871 0
    outer loop
      vertex 72.9417 30.5657 9.4
      vertex 73.0022 30.6667 3.4
      vertex 73.0022 30.6667 9.4
    endloop
  endfacet
  facet normal 0.857867 -0.513871 0
    outer loop
      vertex 73.0022 30.6667 3.4
      vertex 72.9417 30.5657 9.4
      vertex 72.9417 30.5657 3.4
    endloop
  endfacet
  facet normal 0.803046 -0.595918 0
    outer loop
      vertex 73.0022 30.6667 9.4
      vertex 73.0724 30.7613 3.4
      vertex 73.0724 30.7613 9.4
    endloop
  endfacet
  facet normal 0.803046 -0.595918 0
    outer loop
      vertex 73.0724 30.7613 3.4
      vertex 73.0022 30.6667 9.4
      vertex 73.0022 30.6667 3.4
    endloop
  endfacet
  facet normal 0.242935 -0.970042 0
    outer loop
      vertex 73.6517 31.1483 3.4
      vertex 73.7659 31.1769 9.4
      vertex 73.6517 31.1483 9.4
    endloop
  endfacet
  facet normal 0.242935 -0.970042 0
    outer loop
      vertex 73.7659 31.1769 9.4
      vertex 73.6517 31.1483 3.4
      vertex 73.7659 31.1769 3.4
    endloop
  endfacet
  facet normal 0.513871 -0.857867 0
    outer loop
      vertex 73.3333 30.9978 3.4
      vertex 73.4343 31.0583 9.4
      vertex 73.3333 30.9978 9.4
    endloop
  endfacet
  facet normal 0.513871 -0.857867 0
    outer loop
      vertex 73.4343 31.0583 9.4
      vertex 73.3333 30.9978 3.4
      vertex 73.4343 31.0583 3.4
    endloop
  endfacet
  facet normal 0.595918 -0.803046 0
    outer loop
      vertex 73.2387 30.9276 3.4
      vertex 73.3333 30.9978 9.4
      vertex 73.2387 30.9276 9.4
    endloop
  endfacet
  facet normal 0.595918 -0.803046 0
    outer loop
      vertex 73.3333 30.9978 9.4
      vertex 73.2387 30.9276 3.4
      vertex 73.3333 30.9978 3.4
    endloop
  endfacet
  facet normal 0.427758 -0.903893 0
    outer loop
      vertex 73.4343 31.0583 3.4
      vertex 73.5408 31.1087 9.4
      vertex 73.4343 31.0583 9.4
    endloop
  endfacet
  facet normal 0.427758 -0.903893 0
    outer loop
      vertex 73.5408 31.1087 9.4
      vertex 73.4343 31.0583 3.4
      vertex 73.5408 31.1087 3.4
    endloop
  endfacet
  facet normal 0.671869 -0.74067 0
    outer loop
      vertex 73.1515 30.8485 3.4
      vertex 73.2387 30.9276 9.4
      vertex 73.1515 30.8485 9.4
    endloop
  endfacet
  facet normal 0.671869 -0.74067 0
    outer loop
      vertex 73.2387 30.9276 9.4
      vertex 73.1515 30.8485 3.4
      vertex 73.2387 30.9276 3.4
    endloop
  endfacet
  facet normal -0.998786 -0.0492599 0
    outer loop
      vertex 75.2 30 3.4
      vertex 75.1942 30.1176 9.4
      vertex 75.1942 30.1176 3.4
    endloop
  endfacet
  facet normal -0.998786 -0.0492599 0
    outer loop
      vertex 75.1942 30.1176 9.4
      vertex 75.2 30 3.4
      vertex 75.2 30 9.4
    endloop
  endfacet
  facet normal -0.970042 0.242935 0
    outer loop
      vertex 75.1483 29.6517 3.4
      vertex 75.1769 29.7659 9.4
      vertex 75.1769 29.7659 3.4
    endloop
  endfacet
  facet normal -0.970042 0.242935 0
    outer loop
      vertex 75.1769 29.7659 9.4
      vertex 75.1483 29.6517 3.4
      vertex 75.1483 29.6517 9.4
    endloop
  endfacet
  facet normal -0.0492599 0.998786 0
    outer loop
      vertex 74.1176 28.8058 3.4
      vertex 74 28.8 9.4
      vertex 74.1176 28.8058 9.4
    endloop
  endfacet
  facet normal -0.0492599 0.998786 0
    outer loop
      vertex 74 28.8 9.4
      vertex 74.1176 28.8058 3.4
      vertex 74 28.8 3.4
    endloop
  endfacet
  facet normal 0.970042 0.242935 0
    outer loop
      vertex 72.8517 29.6517 9.4
      vertex 72.8231 29.7659 3.4
      vertex 72.8231 29.7659 9.4
    endloop
  endfacet
  facet normal 0.970042 0.242935 0
    outer loop
      vertex 72.8231 29.7659 3.4
      vertex 72.8517 29.6517 9.4
      vertex 72.8517 29.6517 3.4
    endloop
  endfacet
  facet normal 0.803046 0.595918 0
    outer loop
      vertex 73.0724 29.2387 9.4
      vertex 73.0022 29.3333 3.4
      vertex 73.0022 29.3333 9.4
    endloop
  endfacet
  facet normal 0.803046 0.595918 0
    outer loop
      vertex 73.0022 29.3333 3.4
      vertex 73.0724 29.2387 9.4
      vertex 73.0724 29.2387 3.4
    endloop
  endfacet
  facet normal -0.146887 0.989153 0
    outer loop
      vertex 74.2341 28.8231 3.4
      vertex 74.1176 28.8058 9.4
      vertex 74.2341 28.8231 9.4
    endloop
  endfacet
  facet normal -0.146887 0.989153 0
    outer loop
      vertex 74.1176 28.8058 9.4
      vertex 74.2341 28.8231 3.4
      vertex 74.1176 28.8058 3.4
    endloop
  endfacet
  facet normal -0.903893 -0.427758 0
    outer loop
      vertex 75.1087 30.4592 3.4
      vertex 75.0583 30.5657 9.4
      vertex 75.0583 30.5657 3.4
    endloop
  endfacet
  facet normal -0.903893 -0.427758 0
    outer loop
      vertex 75.0583 30.5657 9.4
      vertex 75.1087 30.4592 3.4
      vertex 75.1087 30.4592 9.4
    endloop
  endfacet
  facet normal -0.941761 -0.336283 0
    outer loop
      vertex 75.1483 30.3483 3.4
      vertex 75.1087 30.4592 9.4
      vertex 75.1087 30.4592 3.4
    endloop
  endfacet
  facet normal -0.941761 -0.336283 0
    outer loop
      vertex 75.1087 30.4592 9.4
      vertex 75.1483 30.3483 3.4
      vertex 75.1483 30.3483 9.4
    endloop
  endfacet
  facet normal -0.970042 -0.242935 0
    outer loop
      vertex 75.1769 30.2341 3.4
      vertex 75.1483 30.3483 9.4
      vertex 75.1483 30.3483 3.4
    endloop
  endfacet
  facet normal -0.970042 -0.242935 0
    outer loop
      vertex 75.1483 30.3483 9.4
      vertex 75.1769 30.2341 3.4
      vertex 75.1769 30.2341 9.4
    endloop
  endfacet
  facet normal -0.74067 -0.671869 0
    outer loop
      vertex 74.9276 30.7613 3.4
      vertex 74.8485 30.8485 9.4
      vertex 74.8485 30.8485 3.4
    endloop
  endfacet
  facet normal -0.74067 -0.671869 0
    outer loop
      vertex 74.8485 30.8485 9.4
      vertex 74.9276 30.7613 3.4
      vertex 74.9276 30.7613 9.4
    endloop
  endfacet
  facet normal -0.74067 0.671869 0
    outer loop
      vertex 74.8485 29.1515 3.4
      vertex 74.9276 29.2387 9.4
      vertex 74.9276 29.2387 3.4
    endloop
  endfacet
  facet normal -0.74067 0.671869 0
    outer loop
      vertex 74.9276 29.2387 9.4
      vertex 74.8485 29.1515 3.4
      vertex 74.8485 29.1515 9.4
    endloop
  endfacet
  facet normal -0.803046 0.595918 0
    outer loop
      vertex 74.9276 29.2387 3.4
      vertex 74.9978 29.3333 9.4
      vertex 74.9978 29.3333 3.4
    endloop
  endfacet
  facet normal -0.803046 0.595918 0
    outer loop
      vertex 74.9978 29.3333 9.4
      vertex 74.9276 29.2387 3.4
      vertex 74.9276 29.2387 9.4
    endloop
  endfacet
  facet normal -0.903893 0.427758 0
    outer loop
      vertex 75.0583 29.4343 3.4
      vertex 75.1087 29.5408 9.4
      vertex 75.1087 29.5408 3.4
    endloop
  endfacet
  facet normal -0.903893 0.427758 0
    outer loop
      vertex 75.1087 29.5408 9.4
      vertex 75.0583 29.4343 3.4
      vertex 75.0583 29.4343 9.4
    endloop
  endfacet
  facet normal 0.336283 0.941761 -0
    outer loop
      vertex 73.6517 28.8517 3.4
      vertex 73.5408 28.8913 9.4
      vertex 73.6517 28.8517 9.4
    endloop
  endfacet
  facet normal 0.336283 0.941761 0
    outer loop
      vertex 73.5408 28.8913 9.4
      vertex 73.6517 28.8517 3.4
      vertex 73.5408 28.8913 3.4
    endloop
  endfacet
  facet normal 0 0 1
    outer loop
      vertex 75.1942 30.1176 3.4
      vertex 75.1942 29.8824 3.4
      vertex 75.2 30 3.4
    endloop
  endfacet
  facet normal 0 0 1
    outer loop
      vertex 75.1769 30.2341 3.4
      vertex 75.1942 29.8824 3.4
      vertex 75.1942 30.1176 3.4
    endloop
  endfacet
  facet normal 0 0 1
    outer loop
      vertex 75.1769 30.2341 3.4
      vertex 75.1769 29.7659 3.4
      vertex 75.1942 29.8824 3.4
    endloop
  endfacet
  facet normal 0 0 1
    outer loop
      vertex 75.1483 30.3483 3.4
      vertex 75.1769 29.7659 3.4
      vertex 75.1769 30.2341 3.4
    endloop
  endfacet
  facet normal 0 0 1
    outer loop
      vertex 75.1483 30.3483 3.4
      vertex 75.1483 29.6517 3.4
      vertex 75.1769 29.7659 3.4
    endloop
  endfacet
  facet normal 0 0 1
    outer loop
      vertex 75.1087 30.4592 3.4
      vertex 75.1483 29.6517 3.4
      vertex 75.1483 30.3483 3.4
    endloop
  endfacet
  facet normal 0 0 1
    outer loop
      vertex 75.1087 30.4592 3.4
      vertex 75.1087 29.5408 3.4
      vertex 75.1483 29.6517 3.4
    endloop
  endfacet
  facet normal 0 0 1
    outer loop
      vertex 75.0583 30.5657 3.4
      vertex 75.1087 29.5408 3.4
      vertex 75.1087 30.4592 3.4
    endloop
  endfacet
  facet normal 0 0 1
    outer loop
      vertex 75.0583 30.5657 3.4
      vertex 75.0583 29.4343 3.4
      vertex 75.1087 29.5408 3.4
    endloop
  endfacet
  facet normal 0 0 1
    outer loop
      vertex 74.9978 30.6667 3.4
      vertex 75.0583 29.4343 3.4
      vertex 75.0583 30.5657 3.4
    endloop
  endfacet
  facet normal 0 0 1
    outer loop
      vertex 74.9978 30.6667 3.4
      vertex 74.9978 29.3333 3.4
      vertex 75.0583 29.4343 3.4
    endloop
  endfacet
  facet normal 0 0 1
    outer loop
      vertex 74.9276 30.7613 3.4
      vertex 74.9978 29.3333 3.4
      vertex 74.9978 30.6667 3.4
    endloop
  endfacet
  facet normal 0 0 1
    outer loop
      vertex 74.9276 30.7613 3.4
      vertex 74.9276 29.2387 3.4
      vertex 74.9978 29.3333 3.4
    endloop
  endfacet
  facet normal 0 0 1
    outer loop
      vertex 74.8485 30.8485 3.4
      vertex 74.9276 29.2387 3.4
      vertex 74.9276 30.7613 3.4
    endloop
  endfacet
  facet normal 0 0 1
    outer loop
      vertex 74.8485 30.8485 3.4
      vertex 74.8485 29.1515 3.4
      vertex 74.9276 29.2387 3.4
    endloop
  endfacet
  facet normal 0 0 1
    outer loop
      vertex 74.7613 30.9276 3.4
      vertex 74.8485 29.1515 3.4
      vertex 74.8485 30.8485 3.4
    endloop
  endfacet
  facet normal 0 0 1
    outer loop
      vertex 74.7613 30.9276 3.4
      vertex 74.7613 29.0724 3.4
      vertex 74.8485 29.1515 3.4
    endloop
  endfacet
  facet normal 0 0 1
    outer loop
      vertex 74.6667 30.9978 3.4
      vertex 74.7613 29.0724 3.4
      vertex 74.7613 30.9276 3.4
    endloop
  endfacet
  facet normal 0 0 1
    outer loop
      vertex 74.6667 30.9978 3.4
      vertex 74.6667 29.0022 3.4
      vertex 74.7613 29.0724 3.4
    endloop
  endfacet
  facet normal 0 0 1
    outer loop
      vertex 74.5657 31.0583 3.4
      vertex 74.6667 29.0022 3.4
      vertex 74.6667 30.9978 3.4
    endloop
  endfacet
  facet normal 0 0 1
    outer loop
      vertex 74.5657 31.0583 3.4
      vertex 74.5657 28.9417 3.4
      vertex 74.6667 29.0022 3.4
    endloop
  endfacet
  facet normal 0 0 1
    outer loop
      vertex 74.4592 31.1087 3.4
      vertex 74.5657 28.9417 3.4
      vertex 74.5657 31.0583 3.4
    endloop
  endfacet
  facet normal 0 0 1
    outer loop
      vertex 74.4592 31.1087 3.4
      vertex 74.4592 28.8913 3.4
      vertex 74.5657 28.9417 3.4
    endloop
  endfacet
  facet normal 0 0 1
    outer loop
      vertex 74.3483 31.1483 3.4
      vertex 74.4592 28.8913 3.4
      vertex 74.4592 31.1087 3.4
    endloop
  endfacet
  facet normal 0 0 1
    outer loop
      vertex 74.3483 31.1483 3.4
      vertex 74.3483 28.8517 3.4
      vertex 74.4592 28.8913 3.4
    endloop
  endfacet
  facet normal 0 0 1
    outer loop
      vertex 74.2341 31.1769 3.4
      vertex 74.3483 28.8517 3.4
      vertex 74.3483 31.1483 3.4
    endloop
  endfacet
  facet normal 0 0 1
    outer loop
      vertex 74.2341 31.1769 3.4
      vertex 74.2341 28.8231 3.4
      vertex 74.3483 28.8517 3.4
    endloop
  endfacet
  facet normal 0 0 1
    outer loop
      vertex 74.1176 31.1942 3.4
      vertex 74.2341 28.8231 3.4
      vertex 74.2341 31.1769 3.4
    endloop
  endfacet
  facet normal 0 0 1
    outer loop
      vertex 74.1176 31.1942 3.4
      vertex 74.1176 28.8058 3.4
      vertex 74.2341 28.8231 3.4
    endloop
  endfacet
  facet normal 0 0 1
    outer loop
      vertex 74 31.2 3.4
      vertex 74.1176 28.8058 3.4
      vertex 74.1176 31.1942 3.4
    endloop
  endfacet
  facet normal 0 0 1
    outer loop
      vertex 74 31.2 3.4
      vertex 74 28.8 3.4
      vertex 74.1176 28.8058 3.4
    endloop
  endfacet
  facet normal -0 0 1
    outer loop
      vertex 73.8824 31.1942 3.4
      vertex 74 28.8 3.4
      vertex 74 31.2 3.4
    endloop
  endfacet
  facet normal 0 0 1
    outer loop
      vertex 73.8824 31.1942 3.4
      vertex 73.8824 28.8058 3.4
      vertex 74 28.8 3.4
    endloop
  endfacet
  facet normal -0 0 1
    outer loop
      vertex 73.7659 31.1769 3.4
      vertex 73.8824 28.8058 3.4
      vertex 73.8824 31.1942 3.4
    endloop
  endfacet
  facet normal 0 0 1
    outer loop
      vertex 73.7659 31.1769 3.4
      vertex 73.7659 28.8231 3.4
      vertex 73.8824 28.8058 3.4
    endloop
  endfacet
  facet normal -0 0 1
    outer loop
      vertex 73.6517 31.1483 3.4
      vertex 73.7659 28.8231 3.4
      vertex 73.7659 31.1769 3.4
    endloop
  endfacet
  facet normal 0 0 1
    outer loop
      vertex 73.6517 31.1483 3.4
      vertex 73.6517 28.8517 3.4
      vertex 73.7659 28.8231 3.4
    endloop
  endfacet
  facet normal -0 0 1
    outer loop
      vertex 73.5408 31.1087 3.4
      vertex 73.6517 28.8517 3.4
      vertex 73.6517 31.1483 3.4
    endloop
  endfacet
  facet normal 0 0 1
    outer loop
      vertex 73.5408 31.1087 3.4
      vertex 73.5408 28.8913 3.4
      vertex 73.6517 28.8517 3.4
    endloop
  endfacet
  facet normal -0 0 1
    outer loop
      vertex 73.4343 31.0583 3.4
      vertex 73.5408 28.8913 3.4
      vertex 73.5408 31.1087 3.4
    endloop
  endfacet
  facet normal 0 0 1
    outer loop
      vertex 73.4343 31.0583 3.4
      vertex 73.4343 28.9417 3.4
      vertex 73.5408 28.8913 3.4
    endloop
  endfacet
  facet normal -0 0 1
    outer loop
      vertex 73.3333 30.9978 3.4
      vertex 73.4343 28.9417 3.4
      vertex 73.4343 31.0583 3.4
    endloop
  endfacet
  facet normal 0 0 1
    outer loop
      vertex 73.3333 30.9978 3.4
      vertex 73.3333 29.0022 3.4
      vertex 73.4343 28.9417 3.4
    endloop
  endfacet
  facet normal -0 0 1
    outer loop
      vertex 73.2387 30.9276 3.4
      vertex 73.3333 29.0022 3.4
      vertex 73.3333 30.9978 3.4
    endloop
  endfacet
  facet normal 0 0 1
    outer loop
      vertex 73.2387 30.9276 3.4
      vertex 73.2387 29.0724 3.4
      vertex 73.3333 29.0022 3.4
    endloop
  endfacet
  facet normal -0 0 1
    outer loop
      vertex 73.1515 30.8485 3.4
      vertex 73.2387 29.0724 3.4
      vertex 73.2387 30.9276 3.4
    endloop
  endfacet
  facet normal 0 0 1
    outer loop
      vertex 73.1515 30.8485 3.4
      vertex 73.1515 29.1515 3.4
      vertex 73.2387 29.0724 3.4
    endloop
  endfacet
  facet normal -0 0 1
    outer loop
      vertex 73.0724 30.7613 3.4
      vertex 73.1515 29.1515 3.4
      vertex 73.1515 30.8485 3.4
    endloop
  endfacet
  facet normal 0 0 1
    outer loop
      vertex 73.0724 30.7613 3.4
      vertex 73.0724 29.2387 3.4
      vertex 73.1515 29.1515 3.4
    endloop
  endfacet
  facet normal -0 0 1
    outer loop
      vertex 73.0022 30.6667 3.4
      vertex 73.0724 29.2387 3.4
      vertex 73.0724 30.7613 3.4
    endloop
  endfacet
  facet normal 0 0 1
    outer loop
      vertex 73.0022 30.6667 3.4
      vertex 73.0022 29.3333 3.4
      vertex 73.0724 29.2387 3.4
    endloop
  endfacet
  facet normal -0 0 1
    outer loop
      vertex 72.9417 30.5657 3.4
      vertex 73.0022 29.3333 3.4
      vertex 73.0022 30.6667 3.4
    endloop
  endfacet
  facet normal 0 0 1
    outer loop
      vertex 72.9417 30.5657 3.4
      vertex 72.9417 29.4343 3.4
      vertex 73.0022 29.3333 3.4
    endloop
  endfacet
  facet normal -0 0 1
    outer loop
      vertex 72.8913 30.4592 3.4
      vertex 72.9417 29.4343 3.4
      vertex 72.9417 30.5657 3.4
    endloop
  endfacet
  facet normal 0 0 1
    outer loop
      vertex 72.8913 30.4592 3.4
      vertex 72.8913 29.5408 3.4
      vertex 72.9417 29.4343 3.4
    endloop
  endfacet
  facet normal -0 0 1
    outer loop
      vertex 72.8517 30.3483 3.4
      vertex 72.8913 29.5408 3.4
      vertex 72.8913 30.4592 3.4
    endloop
  endfacet
  facet normal 0 0 1
    outer loop
      vertex 72.8517 30.3483 3.4
      vertex 72.8517 29.6517 3.4
      vertex 72.8913 29.5408 3.4
    endloop
  endfacet
  facet normal -0 0 1
    outer loop
      vertex 72.8231 30.2341 3.4
      vertex 72.8517 29.6517 3.4
      vertex 72.8517 30.3483 3.4
    endloop
  endfacet
  facet normal 0 0 1
    outer loop
      vertex 72.8231 30.2341 3.4
      vertex 72.8231 29.7659 3.4
      vertex 72.8517 29.6517 3.4
    endloop
  endfacet
  facet normal -0 0 1
    outer loop
      vertex 72.8058 30.1176 3.4
      vertex 72.8231 29.7659 3.4
      vertex 72.8231 30.2341 3.4
    endloop
  endfacet
  facet normal 0 0 1
    outer loop
      vertex 72.8058 30.1176 3.4
      vertex 72.8058 29.8824 3.4
      vertex 72.8231 29.7659 3.4
    endloop
  endfacet
  facet normal 0 -0 1
    outer loop
      vertex 72.8058 29.8824 3.4
      vertex 72.8058 30.1176 3.4
      vertex 72.8 30 3.4
    endloop
  endfacet
  facet normal 0.74067 0.671869 0
    outer loop
      vertex 73.1515 29.1515 9.4
      vertex 73.0724 29.2387 3.4
      vertex 73.0724 29.2387 9.4
    endloop
  endfacet
  facet normal 0.74067 0.671869 0
    outer loop
      vertex 73.0724 29.2387 3.4
      vertex 73.1515 29.1515 9.4
      vertex 73.1515 29.1515 3.4
    endloop
  endfacet
  facet normal -0.242935 0.970042 0
    outer loop
      vertex 74.3483 28.8517 3.4
      vertex 74.2341 28.8231 9.4
      vertex 74.3483 28.8517 9.4
    endloop
  endfacet
  facet normal -0.242935 0.970042 0
    outer loop
      vertex 74.2341 28.8231 9.4
      vertex 74.3483 28.8517 3.4
      vertex 74.2341 28.8231 3.4
    endloop
  endfacet
  facet normal -0.427758 0.903893 0
    outer loop
      vertex 74.5657 28.9417 3.4
      vertex 74.4592 28.8913 9.4
      vertex 74.5657 28.9417 9.4
    endloop
  endfacet
  facet normal -0.427758 0.903893 0
    outer loop
      vertex 74.4592 28.8913 9.4
      vertex 74.5657 28.9417 3.4
      vertex 74.4592 28.8913 3.4
    endloop
  endfacet
  facet normal -0.989153 0.146887 0
    outer loop
      vertex 75.1769 29.7659 3.4
      vertex 75.1942 29.8824 9.4
      vertex 75.1942 29.8824 3.4
    endloop
  endfacet
  facet normal -0.989153 0.146887 0
    outer loop
      vertex 75.1942 29.8824 9.4
      vertex 75.1769 29.7659 3.4
      vertex 75.1769 29.7659 9.4
    endloop
  endfacet
  facet normal -0.671869 0.74067 0
    outer loop
      vertex 74.8485 29.1515 3.4
      vertex 74.7613 29.0724 9.4
      vertex 74.8485 29.1515 9.4
    endloop
  endfacet
  facet normal -0.671869 0.74067 0
    outer loop
      vertex 74.7613 29.0724 9.4
      vertex 74.8485 29.1515 3.4
      vertex 74.7613 29.0724 3.4
    endloop
  endfacet
  facet normal -0.941761 0.336283 0
    outer loop
      vertex 75.1087 29.5408 3.4
      vertex 75.1483 29.6517 9.4
      vertex 75.1483 29.6517 3.4
    endloop
  endfacet
  facet normal -0.941761 0.336283 0
    outer loop
      vertex 75.1483 29.6517 9.4
      vertex 75.1087 29.5408 3.4
      vertex 75.1087 29.5408 9.4
    endloop
  endfacet
  facet normal -0.857867 0.513871 0
    outer loop
      vertex 74.9978 29.3333 3.4
      vertex 75.0583 29.4343 9.4
      vertex 75.0583 29.4343 3.4
    endloop
  endfacet
  facet normal -0.857867 0.513871 0
    outer loop
      vertex 75.0583 29.4343 9.4
      vertex 74.9978 29.3333 3.4
      vertex 74.9978 29.3333 9.4
    endloop
  endfacet
  facet normal 0.513871 0.857867 -0
    outer loop
      vertex 73.4343 28.9417 3.4
      vertex 73.3333 29.0022 9.4
      vertex 73.4343 28.9417 9.4
    endloop
  endfacet
  facet normal 0.513871 0.857867 0
    outer loop
      vertex 73.3333 29.0022 9.4
      vertex 73.4343 28.9417 3.4
      vertex 73.3333 29.0022 3.4
    endloop
  endfacet
  facet normal 0.941761 0.336283 0
    outer loop
      vertex 72.8913 29.5408 9.4
      vertex 72.8517 29.6517 3.4
      vertex 72.8517 29.6517 9.4
    endloop
  endfacet
  facet normal 0.941761 0.336283 0
    outer loop
      vertex 72.8517 29.6517 3.4
      vertex 72.8913 29.5408 9.4
      vertex 72.8913 29.5408 3.4
    endloop
  endfacet
  facet normal 0.989153 0.146887 0
    outer loop
      vertex 72.8231 29.7659 9.4
      vertex 72.8058 29.8824 3.4
      vertex 72.8058 29.8824 9.4
    endloop
  endfacet
  facet normal 0.989153 0.146887 0
    outer loop
      vertex 72.8058 29.8824 3.4
      vertex 72.8231 29.7659 9.4
      vertex 72.8231 29.7659 3.4
    endloop
  endfacet
  facet normal 0.998786 0.0492599 0
    outer loop
      vertex 72.8058 29.8824 9.4
      vertex 72.8 30 3.4
      vertex 72.8 30 9.4
    endloop
  endfacet
  facet normal 0.998786 0.0492599 0
    outer loop
      vertex 72.8 30 3.4
      vertex 72.8058 29.8824 9.4
      vertex 72.8058 29.8824 3.4
    endloop
  endfacet
  facet normal 0.857867 0.513871 0
    outer loop
      vertex 73.0022 29.3333 9.4
      vertex 72.9417 29.4343 3.4
      vertex 72.9417 29.4343 9.4
    endloop
  endfacet
  facet normal 0.857867 0.513871 0
    outer loop
      vertex 72.9417 29.4343 3.4
      vertex 73.0022 29.3333 9.4
      vertex 73.0022 29.3333 3.4
    endloop
  endfacet
  facet normal -0.595918 0.803046 0
    outer loop
      vertex 74.7613 29.0724 3.4
      vertex 74.6667 29.0022 9.4
      vertex 74.7613 29.0724 9.4
    endloop
  endfacet
  facet normal -0.595918 0.803046 0
    outer loop
      vertex 74.6667 29.0022 9.4
      vertex 74.7613 29.0724 3.4
      vertex 74.6667 29.0022 3.4
    endloop
  endfacet
  facet normal -0.513871 0.857867 0
    outer loop
      vertex 74.6667 29.0022 3.4
      vertex 74.5657 28.9417 9.4
      vertex 74.6667 29.0022 9.4
    endloop
  endfacet
  facet normal -0.513871 0.857867 0
    outer loop
      vertex 74.5657 28.9417 9.4
      vertex 74.6667 29.0022 3.4
      vertex 74.5657 28.9417 3.4
    endloop
  endfacet
  facet normal 0.595918 0.803046 -0
    outer loop
      vertex 73.3333 29.0022 3.4
      vertex 73.2387 29.0724 9.4
      vertex 73.3333 29.0022 9.4
    endloop
  endfacet
  facet normal 0.595918 0.803046 0
    outer loop
      vertex 73.2387 29.0724 9.4
      vertex 73.3333 29.0022 3.4
      vertex 73.2387 29.0724 3.4
    endloop
  endfacet
  facet normal 0.427758 0.903893 -0
    outer loop
      vertex 73.5408 28.8913 3.4
      vertex 73.4343 28.9417 9.4
      vertex 73.5408 28.8913 9.4
    endloop
  endfacet
  facet normal 0.427758 0.903893 0
    outer loop
      vertex 73.4343 28.9417 9.4
      vertex 73.5408 28.8913 3.4
      vertex 73.4343 28.9417 3.4
    endloop
  endfacet
  facet normal 0.146887 0.989153 -0
    outer loop
      vertex 73.8824 28.8058 3.4
      vertex 73.7659 28.8231 9.4
      vertex 73.8824 28.8058 9.4
    endloop
  endfacet
  facet normal 0.146887 0.989153 0
    outer loop
      vertex 73.7659 28.8231 9.4
      vertex 73.8824 28.8058 3.4
      vertex 73.7659 28.8231 3.4
    endloop
  endfacet
  facet normal -0.336283 0.941761 0
    outer loop
      vertex 74.4592 28.8913 3.4
      vertex 74.3483 28.8517 9.4
      vertex 74.4592 28.8913 9.4
    endloop
  endfacet
  facet normal -0.336283 0.941761 0
    outer loop
      vertex 74.3483 28.8517 9.4
      vertex 74.4592 28.8913 3.4
      vertex 74.3483 28.8517 3.4
    endloop
  endfacet
  facet normal 0.0492599 0.998786 -0
    outer loop
      vertex 74 28.8 3.4
      vertex 73.8824 28.8058 9.4
      vertex 74 28.8 9.4
    endloop
  endfacet
  facet normal 0.0492599 0.998786 0
    outer loop
      vertex 73.8824 28.8058 9.4
      vertex 74 28.8 3.4
      vertex 73.8824 28.8058 3.4
    endloop
  endfacet
  facet normal 0.242935 0.970042 -0
    outer loop
      vertex 73.7659 28.8231 3.4
      vertex 73.6517 28.8517 9.4
      vertex 73.7659 28.8231 9.4
    endloop
  endfacet
  facet normal 0.242935 0.970042 0
    outer loop
      vertex 73.6517 28.8517 9.4
      vertex 73.7659 28.8231 3.4
      vertex 73.6517 28.8517 3.4
    endloop
  endfacet
  facet normal 0.970012 0.243059 0
    outer loop
      vertex 88.6972 10.5365 9.4
      vertex 88.6316 10.7983 2.4
      vertex 88.6316 10.7983 9.4
    endloop
  endfacet
  facet normal 0.970012 0.243059 0
    outer loop
      vertex 88.6316 10.7983 2.4
      vertex 88.6972 10.5365 9.4
      vertex 88.6972 10.5365 2.4
    endloop
  endfacet
  facet normal 0.998803 0.0489209 0
    outer loop
      vertex 88.75 10 9.4
      vertex 88.7368 10.2695 2.4
      vertex 88.7368 10.2695 9.4
    endloop
  endfacet
  facet normal 0.998803 0.0489209 0
    outer loop
      vertex 88.7368 10.2695 2.4
      vertex 88.75 10 9.4
      vertex 88.75 10 2.4
    endloop
  endfacet
  facet normal -0.998803 0.0489209 0
    outer loop
      vertex 83.25 10 2.4
      vertex 83.2632 10.2695 9.4
      vertex 83.2632 10.2695 2.4
    endloop
  endfacet
  facet normal -0.998803 0.0489209 0
    outer loop
      vertex 83.2632 10.2695 9.4
      vertex 83.25 10 2.4
      vertex 83.25 10 9.4
    endloop
  endfacet
  facet normal 0.0489209 0.998803 -0
    outer loop
      vertex 86.2695 12.7368 2.4
      vertex 86 12.75 9.4
      vertex 86.2695 12.7368 9.4
    endloop
  endfacet
  facet normal 0.0489209 0.998803 0
    outer loop
      vertex 86 12.75 9.4
      vertex 86.2695 12.7368 2.4
      vertex 86 12.75 2.4
    endloop
  endfacet
  facet normal 0.671805 0.740728 -0
    outer loop
      vertex 87.9445 11.9445 2.4
      vertex 87.7446 12.1258 9.4
      vertex 87.9445 11.9445 9.4
    endloop
  endfacet
  facet normal 0.671805 0.740728 0
    outer loop
      vertex 87.7446 12.1258 9.4
      vertex 87.9445 11.9445 2.4
      vertex 87.7446 12.1258 2.4
    endloop
  endfacet
  facet normal -0.671805 0.740728 0
    outer loop
      vertex 84.2554 12.1258 2.4
      vertex 84.0555 11.9445 9.4
      vertex 84.2554 12.1258 9.4
    endloop
  endfacet
  facet normal -0.671805 0.740728 0
    outer loop
      vertex 84.0555 11.9445 9.4
      vertex 84.2554 12.1258 2.4
      vertex 84.0555 11.9445 2.4
    endloop
  endfacet
  facet normal -0.336829 0.941566 0
    outer loop
      vertex 85.2017 12.6316 2.4
      vertex 84.9476 12.5407 9.4
      vertex 85.2017 12.6316 9.4
    endloop
  endfacet
  facet normal -0.336829 0.941566 0
    outer loop
      vertex 84.9476 12.5407 9.4
      vertex 85.2017 12.6316 2.4
      vertex 84.9476 12.5407 2.4
    endloop
  endfacet
  facet normal -0.803314 -0.595555 0
    outer loop
      vertex 83.8742 8.25542 2.4
      vertex 83.7135 8.47218 9.4
      vertex 83.7135 8.47218 2.4
    endloop
  endfacet
  facet normal -0.803314 -0.595555 0
    outer loop
      vertex 83.7135 8.47218 9.4
      vertex 83.8742 8.25542 2.4
      vertex 83.8742 8.25542 9.4
    endloop
  endfacet
  facet normal 0.941566 0.336829 0
    outer loop
      vertex 88.6316 10.7983 9.4
      vertex 88.5407 11.0524 2.4
      vertex 88.5407 11.0524 9.4
    endloop
  endfacet
  facet normal 0.941566 0.336829 0
    outer loop
      vertex 88.5407 11.0524 2.4
      vertex 88.6316 10.7983 9.4
      vertex 88.6316 10.7983 2.4
    endloop
  endfacet
  facet normal 0.427688 0.903926 -0
    outer loop
      vertex 87.2963 12.4253 2.4
      vertex 87.0524 12.5407 9.4
      vertex 87.2963 12.4253 9.4
    endloop
  endfacet
  facet normal 0.427688 0.903926 0
    outer loop
      vertex 87.0524 12.5407 9.4
      vertex 87.2963 12.4253 2.4
      vertex 87.0524 12.5407 2.4
    endloop
  endfacet
  facet normal 0.595485 0.803367 -0
    outer loop
      vertex 87.7446 12.1258 2.4
      vertex 87.5278 12.2865 9.4
      vertex 87.7446 12.1258 9.4
    endloop
  endfacet
  facet normal 0.595485 0.803367 0
    outer loop
      vertex 87.5278 12.2865 9.4
      vertex 87.7446 12.1258 2.4
      vertex 87.5278 12.2865 2.4
    endloop
  endfacet
  facet normal -0.857656 0.514223 0
    outer loop
      vertex 83.5747 11.2963 2.4
      vertex 83.7135 11.5278 9.4
      vertex 83.7135 11.5278 2.4
    endloop
  endfacet
  facet normal -0.857656 0.514223 0
    outer loop
      vertex 83.7135 11.5278 9.4
      vertex 83.5747 11.2963 2.4
      vertex 83.5747 11.2963 9.4
    endloop
  endfacet
  facet normal -0.803367 0.595485 0
    outer loop
      vertex 83.7135 11.5278 2.4
      vertex 83.8742 11.7446 9.4
      vertex 83.8742 11.7446 2.4
    endloop
  endfacet
  facet normal -0.803367 0.595485 0
    outer loop
      vertex 83.8742 11.7446 9.4
      vertex 83.7135 11.5278 2.4
      vertex 83.7135 11.5278 9.4
    endloop
  endfacet
  facet normal 0.903967 -0.427602 0
    outer loop
      vertex 88.4253 8.70366 9.4
      vertex 88.5407 8.94762 2.4
      vertex 88.5407 8.94762 9.4
    endloop
  endfacet
  facet normal 0.903967 -0.427602 0
    outer loop
      vertex 88.5407 8.94762 2.4
      vertex 88.4253 8.70366 9.4
      vertex 88.4253 8.70366 2.4
    endloop
  endfacet
  facet normal 0.242954 -0.970038 0
    outer loop
      vertex 86.5365 7.30284 2.4
      vertex 86.7983 7.36841 9.4
      vertex 86.5365 7.30284 9.4
    endloop
  endfacet
  facet normal 0.242954 -0.970038 0
    outer loop
      vertex 86.7983 7.36841 9.4
      vertex 86.5365 7.30284 2.4
      vertex 86.7983 7.36841 2.4
    endloop
  endfacet
  facet normal 0.740828 -0.671695 0
    outer loop
      vertex 87.9445 8.05546 9.4
      vertex 88.1258 8.25542 2.4
      vertex 88.1258 8.25542 9.4
    endloop
  endfacet
  facet normal 0.740828 -0.671695 0
    outer loop
      vertex 88.1258 8.25542 2.4
      vertex 87.9445 8.05546 9.4
      vertex 87.9445 8.05546 2.4
    endloop
  endfacet
  facet normal 0.970007 -0.243076 0
    outer loop
      vertex 88.6316 9.20172 9.4
      vertex 88.6972 9.4635 2.4
      vertex 88.6972 9.4635 9.4
    endloop
  endfacet
  facet normal 0.970007 -0.243076 0
    outer loop
      vertex 88.6972 9.4635 2.4
      vertex 88.6316 9.20172 9.4
      vertex 88.6316 9.20172 2.4
    endloop
  endfacet
  facet normal -0.336895 -0.941542 0
    outer loop
      vertex 84.9476 7.45933 2.4
      vertex 85.2017 7.36841 9.4
      vertex 84.9476 7.45933 9.4
    endloop
  endfacet
  facet normal -0.336895 -0.941542 -0
    outer loop
      vertex 85.2017 7.36841 9.4
      vertex 84.9476 7.45933 2.4
      vertex 85.2017 7.36841 2.4
    endloop
  endfacet
  facet normal -0.51406 -0.857754 0
    outer loop
      vertex 84.4722 7.71346 2.4
      vertex 84.7037 7.57472 9.4
      vertex 84.4722 7.71346 9.4
    endloop
  endfacet
  facet normal -0.51406 -0.857754 -0
    outer loop
      vertex 84.7037 7.57472 9.4
      vertex 84.4722 7.71346 2.4
      vertex 84.7037 7.57472 2.4
    endloop
  endfacet
  facet normal -0.970007 -0.243076 0
    outer loop
      vertex 83.3684 9.20172 2.4
      vertex 83.3028 9.4635 9.4
      vertex 83.3028 9.4635 2.4
    endloop
  endfacet
  facet normal -0.970007 -0.243076 0
    outer loop
      vertex 83.3028 9.4635 9.4
      vertex 83.3684 9.20172 2.4
      vertex 83.3684 9.20172 9.4
    endloop
  endfacet
  facet normal 0.903926 0.427688 0
    outer loop
      vertex 88.5407 11.0524 9.4
      vertex 88.4253 11.2963 2.4
      vertex 88.4253 11.2963 9.4
    endloop
  endfacet
  facet normal 0.903926 0.427688 0
    outer loop
      vertex 88.4253 11.2963 2.4
      vertex 88.5407 11.0524 9.4
      vertex 88.5407 11.0524 2.4
    endloop
  endfacet
  facet normal 0.857656 0.514223 0
    outer loop
      vertex 88.4253 11.2963 9.4
      vertex 88.2865 11.5278 2.4
      vertex 88.2865 11.5278 9.4
    endloop
  endfacet
  facet normal 0.857656 0.514223 0
    outer loop
      vertex 88.2865 11.5278 2.4
      vertex 88.4253 11.2963 9.4
      vertex 88.4253 11.2963 2.4
    endloop
  endfacet
  facet normal 0.803367 0.595485 0
    outer loop
      vertex 88.2865 11.5278 9.4
      vertex 88.1258 11.7446 2.4
      vertex 88.1258 11.7446 9.4
    endloop
  endfacet
  facet normal 0.803367 0.595485 0
    outer loop
      vertex 88.1258 11.7446 2.4
      vertex 88.2865 11.5278 9.4
      vertex 88.2865 11.5278 2.4
    endloop
  endfacet
  facet normal 0.243059 0.970012 -0
    outer loop
      vertex 86.7983 12.6316 2.4
      vertex 86.5365 12.6972 9.4
      vertex 86.7983 12.6316 9.4
    endloop
  endfacet
  facet normal 0.243059 0.970012 0
    outer loop
      vertex 86.5365 12.6972 9.4
      vertex 86.7983 12.6316 2.4
      vertex 86.5365 12.6972 2.4
    endloop
  endfacet
  facet normal 0.514223 0.857656 -0
    outer loop
      vertex 87.5278 12.2865 2.4
      vertex 87.2963 12.4253 9.4
      vertex 87.5278 12.2865 9.4
    endloop
  endfacet
  facet normal 0.514223 0.857656 0
    outer loop
      vertex 87.2963 12.4253 9.4
      vertex 87.5278 12.2865 2.4
      vertex 87.2963 12.4253 2.4
    endloop
  endfacet
  facet normal -0.903926 0.427688 0
    outer loop
      vertex 83.4593 11.0524 2.4
      vertex 83.5747 11.2963 9.4
      vertex 83.5747 11.2963 2.4
    endloop
  endfacet
  facet normal -0.903926 0.427688 0
    outer loop
      vertex 83.5747 11.2963 9.4
      vertex 83.4593 11.0524 2.4
      vertex 83.4593 11.0524 9.4
    endloop
  endfacet
  facet normal -0.970012 0.243059 0
    outer loop
      vertex 83.3028 10.5365 2.4
      vertex 83.3684 10.7983 9.4
      vertex 83.3684 10.7983 2.4
    endloop
  endfacet
  facet normal -0.970012 0.243059 0
    outer loop
      vertex 83.3684 10.7983 9.4
      vertex 83.3028 10.5365 2.4
      vertex 83.3028 10.5365 9.4
    endloop
  endfacet
  facet normal -0.514223 0.857656 0
    outer loop
      vertex 84.7037 12.4253 2.4
      vertex 84.4722 12.2865 9.4
      vertex 84.7037 12.4253 9.4
    endloop
  endfacet
  facet normal -0.514223 0.857656 0
    outer loop
      vertex 84.4722 12.2865 9.4
      vertex 84.7037 12.4253 2.4
      vertex 84.4722 12.2865 2.4
    endloop
  endfacet
  facet normal -0.0489209 0.998803 0
    outer loop
      vertex 86 12.75 2.4
      vertex 85.7305 12.7368 9.4
      vertex 86 12.75 9.4
    endloop
  endfacet
  facet normal -0.0489209 0.998803 0
    outer loop
      vertex 85.7305 12.7368 9.4
      vertex 86 12.75 2.4
      vertex 85.7305 12.7368 2.4
    endloop
  endfacet
  facet normal -0.14671 0.98918 0
    outer loop
      vertex 85.7305 12.7368 2.4
      vertex 85.4635 12.6972 9.4
      vertex 85.7305 12.7368 9.4
    endloop
  endfacet
  facet normal -0.14671 0.98918 0
    outer loop
      vertex 85.4635 12.6972 9.4
      vertex 85.7305 12.7368 2.4
      vertex 85.4635 12.6972 2.4
    endloop
  endfacet
  facet normal 0.0490688 -0.998795 0
    outer loop
      vertex 86 7.25 2.4
      vertex 86.2695 7.26324 9.4
      vertex 86 7.25 9.4
    endloop
  endfacet
  facet normal 0.0490688 -0.998795 0
    outer loop
      vertex 86.2695 7.26324 9.4
      vertex 86 7.25 2.4
      vertex 86.2695 7.26324 2.4
    endloop
  endfacet
  facet normal 0.14671 -0.98918 0
    outer loop
      vertex 86.2695 7.26324 2.4
      vertex 86.5365 7.30284 9.4
      vertex 86.2695 7.26324 9.4
    endloop
  endfacet
  facet normal 0.14671 -0.98918 0
    outer loop
      vertex 86.5365 7.30284 9.4
      vertex 86.2695 7.26324 2.4
      vertex 86.5365 7.30284 2.4
    endloop
  endfacet
  facet normal 0.51406 -0.857754 0
    outer loop
      vertex 87.2963 7.57472 2.4
      vertex 87.5278 7.71346 9.4
      vertex 87.2963 7.57472 9.4
    endloop
  endfacet
  facet normal 0.51406 -0.857754 0
    outer loop
      vertex 87.5278 7.71346 9.4
      vertex 87.2963 7.57472 2.4
      vertex 87.5278 7.71346 2.4
    endloop
  endfacet
  facet normal 0.671683 -0.740838 0
    outer loop
      vertex 87.7446 7.87422 2.4
      vertex 87.9445 8.05546 9.4
      vertex 87.7446 7.87422 9.4
    endloop
  endfacet
  facet normal 0.671683 -0.740838 0
    outer loop
      vertex 87.9445 8.05546 9.4
      vertex 87.7446 7.87422 2.4
      vertex 87.9445 8.05546 2.4
    endloop
  endfacet
  facet normal 0.595628 -0.80326 0
    outer loop
      vertex 87.5278 7.71346 2.4
      vertex 87.7446 7.87422 9.4
      vertex 87.5278 7.71346 9.4
    endloop
  endfacet
  facet normal 0.595628 -0.80326 0
    outer loop
      vertex 87.7446 7.87422 9.4
      vertex 87.5278 7.71346 2.4
      vertex 87.7446 7.87422 2.4
    endloop
  endfacet
  facet normal 0.803314 -0.595555 0
    outer loop
      vertex 88.1258 8.25542 9.4
      vertex 88.2865 8.47218 2.4
      vertex 88.2865 8.47218 9.4
    endloop
  endfacet
  facet normal 0.803314 -0.595555 0
    outer loop
      vertex 88.2865 8.47218 2.4
      vertex 88.1258 8.25542 9.4
      vertex 88.1258 8.25542 2.4
    endloop
  endfacet
  facet normal 0.857637 -0.514256 0
    outer loop
      vertex 88.2865 8.47218 9.4
      vertex 88.4253 8.70366 2.4
      vertex 88.4253 8.70366 9.4
    endloop
  endfacet
  facet normal 0.857637 -0.514256 0
    outer loop
      vertex 88.4253 8.70366 2.4
      vertex 88.2865 8.47218 9.4
      vertex 88.2865 8.47218 2.4
    endloop
  endfacet
  facet normal -0.14671 -0.98918 0
    outer loop
      vertex 85.4635 7.30284 2.4
      vertex 85.7305 7.26324 9.4
      vertex 85.4635 7.30284 9.4
    endloop
  endfacet
  facet normal -0.14671 -0.98918 -0
    outer loop
      vertex 85.7305 7.26324 9.4
      vertex 85.4635 7.30284 2.4
      vertex 85.7305 7.26324 2.4
    endloop
  endfacet
  facet normal -0.671683 -0.740838 0
    outer loop
      vertex 84.0555 8.05546 2.4
      vertex 84.2554 7.87422 9.4
      vertex 84.0555 8.05546 9.4
    endloop
  endfacet
  facet normal -0.671683 -0.740838 -0
    outer loop
      vertex 84.2554 7.87422 9.4
      vertex 84.0555 8.05546 2.4
      vertex 84.2554 7.87422 2.4
    endloop
  endfacet
  facet normal -0.427658 -0.903941 0
    outer loop
      vertex 84.7037 7.57472 2.4
      vertex 84.9476 7.45933 9.4
      vertex 84.7037 7.57472 9.4
    endloop
  endfacet
  facet normal -0.427658 -0.903941 -0
    outer loop
      vertex 84.9476 7.45933 9.4
      vertex 84.7037 7.57472 2.4
      vertex 84.9476 7.45933 2.4
    endloop
  endfacet
  facet normal -0.0490688 -0.998795 0
    outer loop
      vertex 85.7305 7.26324 2.4
      vertex 86 7.25 9.4
      vertex 85.7305 7.26324 9.4
    endloop
  endfacet
  facet normal -0.0490688 -0.998795 -0
    outer loop
      vertex 86 7.25 9.4
      vertex 85.7305 7.26324 2.4
      vertex 86 7.25 2.4
    endloop
  endfacet
  facet normal -0.595628 -0.80326 0
    outer loop
      vertex 84.2554 7.87422 2.4
      vertex 84.4722 7.71346 9.4
      vertex 84.2554 7.87422 9.4
    endloop
  endfacet
  facet normal -0.595628 -0.80326 -0
    outer loop
      vertex 84.4722 7.71346 9.4
      vertex 84.2554 7.87422 2.4
      vertex 84.4722 7.71346 2.4
    endloop
  endfacet
  facet normal -0.903967 -0.427602 0
    outer loop
      vertex 83.5747 8.70366 2.4
      vertex 83.4593 8.94762 9.4
      vertex 83.4593 8.94762 2.4
    endloop
  endfacet
  facet normal -0.903967 -0.427602 0
    outer loop
      vertex 83.4593 8.94762 9.4
      vertex 83.5747 8.70366 2.4
      vertex 83.5747 8.70366 9.4
    endloop
  endfacet
  facet normal -0.857637 -0.514256 0
    outer loop
      vertex 83.7135 8.47218 2.4
      vertex 83.5747 8.70366 9.4
      vertex 83.5747 8.70366 2.4
    endloop
  endfacet
  facet normal -0.857637 -0.514256 0
    outer loop
      vertex 83.5747 8.70366 9.4
      vertex 83.7135 8.47218 2.4
      vertex 83.7135 8.47218 9.4
    endloop
  endfacet
  facet normal -0.998803 -0.0489119 0
    outer loop
      vertex 83.2632 9.73045 2.4
      vertex 83.25 10 9.4
      vertex 83.25 10 2.4
    endloop
  endfacet
  facet normal -0.998803 -0.0489119 0
    outer loop
      vertex 83.25 10 9.4
      vertex 83.2632 9.73045 2.4
      vertex 83.2632 9.73045 9.4
    endloop
  endfacet
  facet normal 0 0 -1
    outer loop
      vertex 88.7368 9.73045 2.4
      vertex 88.7368 10.2695 2.4
      vertex 88.75 10 2.4
    endloop
  endfacet
  facet normal 0 0 -1
    outer loop
      vertex 88.6972 9.4635 2.4
      vertex 88.7368 10.2695 2.4
      vertex 88.7368 9.73045 2.4
    endloop
  endfacet
  facet normal 0 0 -1
    outer loop
      vertex 88.6972 9.4635 2.4
      vertex 88.6972 10.5365 2.4
      vertex 88.7368 10.2695 2.4
    endloop
  endfacet
  facet normal 0 0 -1
    outer loop
      vertex 88.6316 9.20172 2.4
      vertex 88.6972 10.5365 2.4
      vertex 88.6972 9.4635 2.4
    endloop
  endfacet
  facet normal 0 0 -1
    outer loop
      vertex 88.6316 9.20172 2.4
      vertex 88.6316 10.7983 2.4
      vertex 88.6972 10.5365 2.4
    endloop
  endfacet
  facet normal 0 0 -1
    outer loop
      vertex 88.5407 8.94762 2.4
      vertex 88.6316 10.7983 2.4
      vertex 88.6316 9.20172 2.4
    endloop
  endfacet
  facet normal 0 0 -1
    outer loop
      vertex 88.5407 8.94762 2.4
      vertex 88.5407 11.0524 2.4
      vertex 88.6316 10.7983 2.4
    endloop
  endfacet
  facet normal 0 0 -1
    outer loop
      vertex 88.4253 8.70366 2.4
      vertex 88.5407 11.0524 2.4
      vertex 88.5407 8.94762 2.4
    endloop
  endfacet
  facet normal 0 0 -1
    outer loop
      vertex 88.4253 8.70366 2.4
      vertex 88.4253 11.2963 2.4
      vertex 88.5407 11.0524 2.4
    endloop
  endfacet
  facet normal 0 0 -1
    outer loop
      vertex 88.2865 8.47218 2.4
      vertex 88.4253 11.2963 2.4
      vertex 88.4253 8.70366 2.4
    endloop
  endfacet
  facet normal 0 0 -1
    outer loop
      vertex 88.2865 8.47218 2.4
      vertex 88.2865 11.5278 2.4
      vertex 88.4253 11.2963 2.4
    endloop
  endfacet
  facet normal 0 0 -1
    outer loop
      vertex 88.1258 8.25542 2.4
      vertex 88.2865 11.5278 2.4
      vertex 88.2865 8.47218 2.4
    endloop
  endfacet
  facet normal 0 0 -1
    outer loop
      vertex 88.1258 8.25542 2.4
      vertex 88.1258 11.7446 2.4
      vertex 88.2865 11.5278 2.4
    endloop
  endfacet
  facet normal 0 0 -1
    outer loop
      vertex 87.9445 8.05546 2.4
      vertex 88.1258 11.7446 2.4
      vertex 88.1258 8.25542 2.4
    endloop
  endfacet
  facet normal 0 0 -1
    outer loop
      vertex 87.9445 8.05546 2.4
      vertex 87.9445 11.9445 2.4
      vertex 88.1258 11.7446 2.4
    endloop
  endfacet
  facet normal 0 0 -1
    outer loop
      vertex 87.7446 7.87422 2.4
      vertex 87.9445 11.9445 2.4
      vertex 87.9445 8.05546 2.4
    endloop
  endfacet
  facet normal 0 0 -1
    outer loop
      vertex 87.7446 7.87422 2.4
      vertex 87.7446 12.1258 2.4
      vertex 87.9445 11.9445 2.4
    endloop
  endfacet
  facet normal 0 0 -1
    outer loop
      vertex 87.5278 7.71346 2.4
      vertex 87.7446 12.1258 2.4
      vertex 87.7446 7.87422 2.4
    endloop
  endfacet
  facet normal 0 0 -1
    outer loop
      vertex 87.5278 7.71346 2.4
      vertex 87.5278 12.2865 2.4
      vertex 87.7446 12.1258 2.4
    endloop
  endfacet
  facet normal 0 0 -1
    outer loop
      vertex 87.2963 7.57472 2.4
      vertex 87.5278 12.2865 2.4
      vertex 87.5278 7.71346 2.4
    endloop
  endfacet
  facet normal 0 0 -1
    outer loop
      vertex 87.2963 7.57472 2.4
      vertex 87.2963 12.4253 2.4
      vertex 87.5278 12.2865 2.4
    endloop
  endfacet
  facet normal 0 0 -1
    outer loop
      vertex 87.0524 7.45933 2.4
      vertex 87.2963 12.4253 2.4
      vertex 87.2963 7.57472 2.4
    endloop
  endfacet
  facet normal 0 0 -1
    outer loop
      vertex 87.0524 7.45933 2.4
      vertex 87.0524 12.5407 2.4
      vertex 87.2963 12.4253 2.4
    endloop
  endfacet
  facet normal 0 0 -1
    outer loop
      vertex 86.7983 7.36841 2.4
      vertex 87.0524 12.5407 2.4
      vertex 87.0524 7.45933 2.4
    endloop
  endfacet
  facet normal 0 0 -1
    outer loop
      vertex 86.7983 7.36841 2.4
      vertex 86.7983 12.6316 2.4
      vertex 87.0524 12.5407 2.4
    endloop
  endfacet
  facet normal 0 0 -1
    outer loop
      vertex 86.5365 7.30284 2.4
      vertex 86.7983 12.6316 2.4
      vertex 86.7983 7.36841 2.4
    endloop
  endfacet
  facet normal 0 0 -1
    outer loop
      vertex 86.5365 7.30284 2.4
      vertex 86.5365 12.6972 2.4
      vertex 86.7983 12.6316 2.4
    endloop
  endfacet
  facet normal 0 0 -1
    outer loop
      vertex 86.2695 7.26324 2.4
      vertex 86.5365 12.6972 2.4
      vertex 86.5365 7.30284 2.4
    endloop
  endfacet
  facet normal 0 0 -1
    outer loop
      vertex 86.2695 7.26324 2.4
      vertex 86.2695 12.7368 2.4
      vertex 86.5365 12.6972 2.4
    endloop
  endfacet
  facet normal 0 0 -1
    outer loop
      vertex 86 7.25 2.4
      vertex 86.2695 12.7368 2.4
      vertex 86.2695 7.26324 2.4
    endloop
  endfacet
  facet normal 0 0 -1
    outer loop
      vertex 86 7.25 2.4
      vertex 86 12.75 2.4
      vertex 86.2695 12.7368 2.4
    endloop
  endfacet
  facet normal 0 0 -1
    outer loop
      vertex 85.7305 7.26324 2.4
      vertex 86 12.75 2.4
      vertex 86 7.25 2.4
    endloop
  endfacet
  facet normal 0 0 -1
    outer loop
      vertex 85.7305 7.26324 2.4
      vertex 85.7305 12.7368 2.4
      vertex 86 12.75 2.4
    endloop
  endfacet
  facet normal 0 0 -1
    outer loop
      vertex 85.4635 7.30284 2.4
      vertex 85.7305 12.7368 2.4
      vertex 85.7305 7.26324 2.4
    endloop
  endfacet
  facet normal 0 0 -1
    outer loop
      vertex 85.4635 7.30284 2.4
      vertex 85.4635 12.6972 2.4
      vertex 85.7305 12.7368 2.4
    endloop
  endfacet
  facet normal 0 0 -1
    outer loop
      vertex 85.2017 7.36841 2.4
      vertex 85.4635 12.6972 2.4
      vertex 85.4635 7.30284 2.4
    endloop
  endfacet
  facet normal 0 0 -1
    outer loop
      vertex 85.2017 7.36841 2.4
      vertex 85.2017 12.6316 2.4
      vertex 85.4635 12.6972 2.4
    endloop
  endfacet
  facet normal 0 0 -1
    outer loop
      vertex 84.9476 7.45933 2.4
      vertex 85.2017 12.6316 2.4
      vertex 85.2017 7.36841 2.4
    endloop
  endfacet
  facet normal 0 0 -1
    outer loop
      vertex 84.9476 7.45933 2.4
      vertex 84.9476 12.5407 2.4
      vertex 85.2017 12.6316 2.4
    endloop
  endfacet
  facet normal 0 0 -1
    outer loop
      vertex 84.7037 7.57472 2.4
      vertex 84.9476 12.5407 2.4
      vertex 84.9476 7.45933 2.4
    endloop
  endfacet
  facet normal 0 0 -1
    outer loop
      vertex 84.7037 7.57472 2.4
      vertex 84.7037 12.4253 2.4
      vertex 84.9476 12.5407 2.4
    endloop
  endfacet
  facet normal 0 0 -1
    outer loop
      vertex 84.4722 7.71346 2.4
      vertex 84.7037 12.4253 2.4
      vertex 84.7037 7.57472 2.4
    endloop
  endfacet
  facet normal 0 0 -1
    outer loop
      vertex 84.4722 7.71346 2.4
      vertex 84.4722 12.2865 2.4
      vertex 84.7037 12.4253 2.4
    endloop
  endfacet
  facet normal 0 0 -1
    outer loop
      vertex 84.2554 7.87422 2.4
      vertex 84.4722 12.2865 2.4
      vertex 84.4722 7.71346 2.4
    endloop
  endfacet
  facet normal 0 0 -1
    outer loop
      vertex 84.2554 7.87422 2.4
      vertex 84.2554 12.1258 2.4
      vertex 84.4722 12.2865 2.4
    endloop
  endfacet
  facet normal 0 0 -1
    outer loop
      vertex 84.0555 8.05546 2.4
      vertex 84.2554 12.1258 2.4
      vertex 84.2554 7.87422 2.4
    endloop
  endfacet
  facet normal 0 0 -1
    outer loop
      vertex 84.0555 8.05546 2.4
      vertex 84.0555 11.9445 2.4
      vertex 84.2554 12.1258 2.4
    endloop
  endfacet
  facet normal 0 0 -1
    outer loop
      vertex 83.8742 8.25542 2.4
      vertex 84.0555 11.9445 2.4
      vertex 84.0555 8.05546 2.4
    endloop
  endfacet
  facet normal 0 0 -1
    outer loop
      vertex 83.8742 8.25542 2.4
      vertex 83.8742 11.7446 2.4
      vertex 84.0555 11.9445 2.4
    endloop
  endfacet
  facet normal 0 0 -1
    outer loop
      vertex 83.7135 8.47218 2.4
      vertex 83.8742 11.7446 2.4
      vertex 83.8742 8.25542 2.4
    endloop
  endfacet
  facet normal 0 0 -1
    outer loop
      vertex 83.7135 8.47218 2.4
      vertex 83.7135 11.5278 2.4
      vertex 83.8742 11.7446 2.4
    endloop
  endfacet
  facet normal 0 0 -1
    outer loop
      vertex 83.5747 8.70366 2.4
      vertex 83.7135 11.5278 2.4
      vertex 83.7135 8.47218 2.4
    endloop
  endfacet
  facet normal 0 0 -1
    outer loop
      vertex 83.5747 8.70366 2.4
      vertex 83.5747 11.2963 2.4
      vertex 83.7135 11.5278 2.4
    endloop
  endfacet
  facet normal 0 0 -1
    outer loop
      vertex 83.4593 8.94762 2.4
      vertex 83.5747 11.2963 2.4
      vertex 83.5747 8.70366 2.4
    endloop
  endfacet
  facet normal 0 0 -1
    outer loop
      vertex 83.4593 8.94762 2.4
      vertex 83.4593 11.0524 2.4
      vertex 83.5747 11.2963 2.4
    endloop
  endfacet
  facet normal 0 0 -1
    outer loop
      vertex 83.3684 9.20172 2.4
      vertex 83.4593 11.0524 2.4
      vertex 83.4593 8.94762 2.4
    endloop
  endfacet
  facet normal 0 0 -1
    outer loop
      vertex 83.3684 9.20172 2.4
      vertex 83.3684 10.7983 2.4
      vertex 83.4593 11.0524 2.4
    endloop
  endfacet
  facet normal 0 0 -1
    outer loop
      vertex 83.3028 9.4635 2.4
      vertex 83.3684 10.7983 2.4
      vertex 83.3684 9.20172 2.4
    endloop
  endfacet
  facet normal 0 0 -1
    outer loop
      vertex 83.3028 9.4635 2.4
      vertex 83.3028 10.5365 2.4
      vertex 83.3684 10.7983 2.4
    endloop
  endfacet
  facet normal 0 0 -1
    outer loop
      vertex 83.2632 9.73045 2.4
      vertex 83.3028 10.5365 2.4
      vertex 83.3028 9.4635 2.4
    endloop
  endfacet
  facet normal 0 0 -1
    outer loop
      vertex 83.2632 9.73045 2.4
      vertex 83.2632 10.2695 2.4
      vertex 83.3028 10.5365 2.4
    endloop
  endfacet
  facet normal 0 -0 -1
    outer loop
      vertex 83.2632 10.2695 2.4
      vertex 83.2632 9.73045 2.4
      vertex 83.25 10 2.4
    endloop
  endfacet
  facet normal 0.98918 0.14671 0
    outer loop
      vertex 88.7368 10.2695 9.4
      vertex 88.6972 10.5365 2.4
      vertex 88.6972 10.5365 9.4
    endloop
  endfacet
  facet normal 0.98918 0.14671 0
    outer loop
      vertex 88.6972 10.5365 2.4
      vertex 88.7368 10.2695 9.4
      vertex 88.7368 10.2695 2.4
    endloop
  endfacet
  facet normal 0.740728 0.671805 0
    outer loop
      vertex 88.1258 11.7446 9.4
      vertex 87.9445 11.9445 2.4
      vertex 87.9445 11.9445 9.4
    endloop
  endfacet
  facet normal 0.740728 0.671805 0
    outer loop
      vertex 87.9445 11.9445 2.4
      vertex 88.1258 11.7446 9.4
      vertex 88.1258 11.7446 2.4
    endloop
  endfacet
  facet normal 0.14671 0.98918 -0
    outer loop
      vertex 86.5365 12.6972 2.4
      vertex 86.2695 12.7368 9.4
      vertex 86.5365 12.6972 9.4
    endloop
  endfacet
  facet normal 0.14671 0.98918 0
    outer loop
      vertex 86.2695 12.7368 9.4
      vertex 86.5365 12.6972 2.4
      vertex 86.2695 12.7368 2.4
    endloop
  endfacet
  facet normal 0.336829 0.941566 -0
    outer loop
      vertex 87.0524 12.5407 2.4
      vertex 86.7983 12.6316 9.4
      vertex 87.0524 12.5407 9.4
    endloop
  endfacet
  facet normal 0.336829 0.941566 0
    outer loop
      vertex 86.7983 12.6316 9.4
      vertex 87.0524 12.5407 2.4
      vertex 86.7983 12.6316 2.4
    endloop
  endfacet
  facet normal -0.740728 0.671805 0
    outer loop
      vertex 83.8742 11.7446 2.4
      vertex 84.0555 11.9445 9.4
      vertex 84.0555 11.9445 2.4
    endloop
  endfacet
  facet normal -0.740728 0.671805 0
    outer loop
      vertex 84.0555 11.9445 9.4
      vertex 83.8742 11.7446 2.4
      vertex 83.8742 11.7446 9.4
    endloop
  endfacet
  facet normal 0 0 1
    outer loop
      vertex 87.2 10 9.4
      vertex 88.75 10 9.4
      vertex 88.7368 10.2695 9.4
    endloop
  endfacet
  facet normal 0 0 1
    outer loop
      vertex 87.1942 10.1176 9.4
      vertex 88.7368 10.2695 9.4
      vertex 88.6972 10.5365 9.4
    endloop
  endfacet
  facet normal 0 0 1
    outer loop
      vertex 88.75 10 9.4
      vertex 87.2 10 9.4
      vertex 88.7368 9.73045 9.4
    endloop
  endfacet
  facet normal 0 0 1
    outer loop
      vertex 87.1769 10.2341 9.4
      vertex 88.6972 10.5365 9.4
      vertex 88.6316 10.7983 9.4
    endloop
  endfacet
  facet normal -0 0 1
    outer loop
      vertex 87.1942 9.88238 9.4
      vertex 88.7368 9.73045 9.4
      vertex 87.2 10 9.4
    endloop
  endfacet
  facet normal 0 0 1
    outer loop
      vertex 87.1483 10.3483 9.4
      vertex 88.6316 10.7983 9.4
      vertex 88.5407 11.0524 9.4
    endloop
  endfacet
  facet normal 0 0 1
    outer loop
      vertex 88.7368 9.73045 9.4
      vertex 87.1942 9.88238 9.4
      vertex 88.6972 9.4635 9.4
    endloop
  endfacet
  facet normal 0 0 1
    outer loop
      vertex 87.1087 10.4592 9.4
      vertex 88.5407 11.0524 9.4
      vertex 88.4253 11.2963 9.4
    endloop
  endfacet
  facet normal -0 0 1
    outer loop
      vertex 87.1769 9.76589 9.4
      vertex 88.6972 9.4635 9.4
      vertex 87.1942 9.88238 9.4
    endloop
  endfacet
  facet normal 0 0 1
    outer loop
      vertex 87.0583 10.5657 9.4
      vertex 88.4253 11.2963 9.4
      vertex 88.2865 11.5278 9.4
    endloop
  endfacet
  facet normal 0 0 1
    outer loop
      vertex 88.6972 9.4635 9.4
      vertex 87.1769 9.76589 9.4
      vertex 88.6316 9.20172 9.4
    endloop
  endfacet
  facet normal 0 0 1
    outer loop
      vertex 86.9978 10.6667 9.4
      vertex 88.2865 11.5278 9.4
      vertex 88.1258 11.7446 9.4
    endloop
  endfacet
  facet normal -0 0 1
    outer loop
      vertex 87.1483 9.65166 9.4
      vertex 88.6316 9.20172 9.4
      vertex 87.1769 9.76589 9.4
    endloop
  endfacet
  facet normal 0 0 1
    outer loop
      vertex 86.9276 10.7613 9.4
      vertex 88.1258 11.7446 9.4
      vertex 87.9445 11.9445 9.4
    endloop
  endfacet
  facet normal 0 0 1
    outer loop
      vertex 88.6316 9.20172 9.4
      vertex 87.1483 9.65166 9.4
      vertex 88.5407 8.94762 9.4
    endloop
  endfacet
  facet normal 0 0 1
    outer loop
      vertex 86.8485 10.8485 9.4
      vertex 87.9445 11.9445 9.4
      vertex 87.7446 12.1258 9.4
    endloop
  endfacet
  facet normal -0 0 1
    outer loop
      vertex 87.1087 9.54078 9.4
      vertex 88.5407 8.94762 9.4
      vertex 87.1483 9.65166 9.4
    endloop
  endfacet
  facet normal 0 0 1
    outer loop
      vertex 86.7613 10.9276 9.4
      vertex 87.7446 12.1258 9.4
      vertex 87.5278 12.2865 9.4
    endloop
  endfacet
  facet normal 0 0 1
    outer loop
      vertex 88.5407 8.94762 9.4
      vertex 87.1087 9.54078 9.4
      vertex 88.4253 8.70366 9.4
    endloop
  endfacet
  facet normal 0 0 1
    outer loop
      vertex 86.6667 10.9978 9.4
      vertex 87.5278 12.2865 9.4
      vertex 87.2963 12.4253 9.4
    endloop
  endfacet
  facet normal -0 0 1
    outer loop
      vertex 87.0583 9.43432 9.4
      vertex 88.4253 8.70366 9.4
      vertex 87.1087 9.54078 9.4
    endloop
  endfacet
  facet normal 0 0 1
    outer loop
      vertex 88.4253 8.70366 9.4
      vertex 87.0583 9.43432 9.4
      vertex 88.2865 8.47218 9.4
    endloop
  endfacet
  facet normal 0 0 1
    outer loop
      vertex 88.7368 10.2695 9.4
      vertex 87.1942 10.1176 9.4
      vertex 87.2 10 9.4
    endloop
  endfacet
  facet normal 0 0 1
    outer loop
      vertex 88.6972 10.5365 9.4
      vertex 87.1769 10.2341 9.4
      vertex 87.1942 10.1176 9.4
    endloop
  endfacet
  facet normal 0 0 1
    outer loop
      vertex 88.6316 10.7983 9.4
      vertex 87.1483 10.3483 9.4
      vertex 87.1769 10.2341 9.4
    endloop
  endfacet
  facet normal 0 0 1
    outer loop
      vertex 88.5407 11.0524 9.4
      vertex 87.1087 10.4592 9.4
      vertex 87.1483 10.3483 9.4
    endloop
  endfacet
  facet normal 0 0 1
    outer loop
      vertex 88.4253 11.2963 9.4
      vertex 87.0583 10.5657 9.4
      vertex 87.1087 10.4592 9.4
    endloop
  endfacet
  facet normal 0 0 1
    outer loop
      vertex 86.5657 11.0583 9.4
      vertex 87.2963 12.4253 9.4
      vertex 87.0524 12.5407 9.4
    endloop
  endfacet
  facet normal 0 0 1
    outer loop
      vertex 88.2865 11.5278 9.4
      vertex 86.9978 10.6667 9.4
      vertex 87.0583 10.5657 9.4
    endloop
  endfacet
  facet normal 0 0 1
    outer loop
      vertex 88.1258 11.7446 9.4
      vertex 86.9276 10.7613 9.4
      vertex 86.9978 10.6667 9.4
    endloop
  endfacet
  facet normal 0 0 1
    outer loop
      vertex 87.9445 11.9445 9.4
      vertex 86.8485 10.8485 9.4
      vertex 86.9276 10.7613 9.4
    endloop
  endfacet
  facet normal 0 0 1
    outer loop
      vertex 86.4592 11.1087 9.4
      vertex 87.0524 12.5407 9.4
      vertex 86.7983 12.6316 9.4
    endloop
  endfacet
  facet normal 0 0 1
    outer loop
      vertex 87.7446 12.1258 9.4
      vertex 86.7613 10.9276 9.4
      vertex 86.8485 10.8485 9.4
    endloop
  endfacet
  facet normal 0 0 1
    outer loop
      vertex 87.5278 12.2865 9.4
      vertex 86.6667 10.9978 9.4
      vertex 86.7613 10.9276 9.4
    endloop
  endfacet
  facet normal 0 0 1
    outer loop
      vertex 87.2963 12.4253 9.4
      vertex 86.5657 11.0583 9.4
      vertex 86.6667 10.9978 9.4
    endloop
  endfacet
  facet normal 0 0 1
    outer loop
      vertex 86.3483 11.1483 9.4
      vertex 86.7983 12.6316 9.4
      vertex 86.5365 12.6972 9.4
    endloop
  endfacet
  facet normal 0 0 1
    outer loop
      vertex 87.0524 12.5407 9.4
      vertex 86.4592 11.1087 9.4
      vertex 86.5657 11.0583 9.4
    endloop
  endfacet
  facet normal 0 0 1
    outer loop
      vertex 86.7983 12.6316 9.4
      vertex 86.3483 11.1483 9.4
      vertex 86.4592 11.1087 9.4
    endloop
  endfacet
  facet normal 0 0 1
    outer loop
      vertex 86.2341 11.1769 9.4
      vertex 86.5365 12.6972 9.4
      vertex 86.2695 12.7368 9.4
    endloop
  endfacet
  facet normal 0 0 1
    outer loop
      vertex 86.5365 12.6972 9.4
      vertex 86.2341 11.1769 9.4
      vertex 86.3483 11.1483 9.4
    endloop
  endfacet
  facet normal 0 0 1
    outer loop
      vertex 86.2695 12.7368 9.4
      vertex 86.1176 11.1942 9.4
      vertex 86.2341 11.1769 9.4
    endloop
  endfacet
  facet normal 0 0 1
    outer loop
      vertex 86 12.75 9.4
      vertex 86.1176 11.1942 9.4
      vertex 86.2695 12.7368 9.4
    endloop
  endfacet
  facet normal 0 0 1
    outer loop
      vertex 86 12.75 9.4
      vertex 86 11.2 9.4
      vertex 86.1176 11.1942 9.4
    endloop
  endfacet
  facet normal 0 0 1
    outer loop
      vertex 86 12.75 9.4
      vertex 85.8824 11.1942 9.4
      vertex 86 11.2 9.4
    endloop
  endfacet
  facet normal -0 0 1
    outer loop
      vertex 85.7305 12.7368 9.4
      vertex 85.8824 11.1942 9.4
      vertex 86 12.75 9.4
    endloop
  endfacet
  facet normal 0 0 1
    outer loop
      vertex 85.8824 11.1942 9.4
      vertex 85.7305 12.7368 9.4
      vertex 85.7659 11.1769 9.4
    endloop
  endfacet
  facet normal -0 0 1
    outer loop
      vertex 85.4635 12.6972 9.4
      vertex 85.7659 11.1769 9.4
      vertex 85.7305 12.7368 9.4
    endloop
  endfacet
  facet normal 0 0 1
    outer loop
      vertex 85.7659 11.1769 9.4
      vertex 85.4635 12.6972 9.4
      vertex 85.6517 11.1483 9.4
    endloop
  endfacet
  facet normal -0 0 1
    outer loop
      vertex 85.2017 12.6316 9.4
      vertex 85.6517 11.1483 9.4
      vertex 85.4635 12.6972 9.4
    endloop
  endfacet
  facet normal 0 0 1
    outer loop
      vertex 85.6517 11.1483 9.4
      vertex 85.2017 12.6316 9.4
      vertex 85.5408 11.1087 9.4
    endloop
  endfacet
  facet normal -0 0 1
    outer loop
      vertex 84.9476 12.5407 9.4
      vertex 85.5408 11.1087 9.4
      vertex 85.2017 12.6316 9.4
    endloop
  endfacet
  facet normal 0 0 1
    outer loop
      vertex 85.5408 11.1087 9.4
      vertex 84.9476 12.5407 9.4
      vertex 85.4343 11.0583 9.4
    endloop
  endfacet
  facet normal -0 0 1
    outer loop
      vertex 84.7037 12.4253 9.4
      vertex 85.4343 11.0583 9.4
      vertex 84.9476 12.5407 9.4
    endloop
  endfacet
  facet normal 0 0 1
    outer loop
      vertex 85.4343 11.0583 9.4
      vertex 84.7037 12.4253 9.4
      vertex 85.3333 10.9978 9.4
    endloop
  endfacet
  facet normal -0 0 1
    outer loop
      vertex 84.4722 12.2865 9.4
      vertex 85.3333 10.9978 9.4
      vertex 84.7037 12.4253 9.4
    endloop
  endfacet
  facet normal 0 0 1
    outer loop
      vertex 85.3333 10.9978 9.4
      vertex 84.4722 12.2865 9.4
      vertex 85.2387 10.9276 9.4
    endloop
  endfacet
  facet normal -0 0 1
    outer loop
      vertex 84.2554 12.1258 9.4
      vertex 85.2387 10.9276 9.4
      vertex 84.4722 12.2865 9.4
    endloop
  endfacet
  facet normal 0 0 1
    outer loop
      vertex 85.2387 10.9276 9.4
      vertex 84.2554 12.1258 9.4
      vertex 85.1515 10.8485 9.4
    endloop
  endfacet
  facet normal -0 0 1
    outer loop
      vertex 84.0555 11.9445 9.4
      vertex 85.1515 10.8485 9.4
      vertex 84.2554 12.1258 9.4
    endloop
  endfacet
  facet normal 0 0 1
    outer loop
      vertex 85.1515 10.8485 9.4
      vertex 84.0555 11.9445 9.4
      vertex 85.0724 10.7613 9.4
    endloop
  endfacet
  facet normal -0 0 1
    outer loop
      vertex 83.8742 11.7446 9.4
      vertex 85.0724 10.7613 9.4
      vertex 84.0555 11.9445 9.4
    endloop
  endfacet
  facet normal 0 0 1
    outer loop
      vertex 85.0724 10.7613 9.4
      vertex 83.8742 11.7446 9.4
      vertex 85.0022 10.6667 9.4
    endloop
  endfacet
  facet normal 0 0 1
    outer loop
      vertex 85.0022 10.6667 9.4
      vertex 83.7135 11.5278 9.4
      vertex 84.9417 10.5657 9.4
    endloop
  endfacet
  facet normal -0 0 1
    outer loop
      vertex 83.7135 11.5278 9.4
      vertex 85.0022 10.6667 9.4
      vertex 83.8742 11.7446 9.4
    endloop
  endfacet
  facet normal -0 0 1
    outer loop
      vertex 86.9978 9.33332 9.4
      vertex 88.2865 8.47218 9.4
      vertex 87.0583 9.43432 9.4
    endloop
  endfacet
  facet normal 0 0 1
    outer loop
      vertex 88.2865 8.47218 9.4
      vertex 86.9978 9.33332 9.4
      vertex 88.1258 8.25542 9.4
    endloop
  endfacet
  facet normal -0 0 1
    outer loop
      vertex 86.9276 9.23873 9.4
      vertex 88.1258 8.25542 9.4
      vertex 86.9978 9.33332 9.4
    endloop
  endfacet
  facet normal 0 0 1
    outer loop
      vertex 88.1258 8.25542 9.4
      vertex 86.9276 9.23873 9.4
      vertex 87.9445 8.05546 9.4
    endloop
  endfacet
  facet normal -0 0 1
    outer loop
      vertex 86.8485 9.15147 9.4
      vertex 87.9445 8.05546 9.4
      vertex 86.9276 9.23873 9.4
    endloop
  endfacet
  facet normal 0 0 1
    outer loop
      vertex 87.9445 8.05546 9.4
      vertex 86.8485 9.15147 9.4
      vertex 87.7446 7.87422 9.4
    endloop
  endfacet
  facet normal -0 0 1
    outer loop
      vertex 86.7613 9.07239 9.4
      vertex 87.7446 7.87422 9.4
      vertex 86.8485 9.15147 9.4
    endloop
  endfacet
  facet normal 0 0 1
    outer loop
      vertex 87.7446 7.87422 9.4
      vertex 86.7613 9.07239 9.4
      vertex 87.5278 7.71346 9.4
    endloop
  endfacet
  facet normal -0 0 1
    outer loop
      vertex 86.6667 9.00224 9.4
      vertex 87.5278 7.71346 9.4
      vertex 86.7613 9.07239 9.4
    endloop
  endfacet
  facet normal 0 0 1
    outer loop
      vertex 87.5278 7.71346 9.4
      vertex 86.6667 9.00224 9.4
      vertex 87.2963 7.57472 9.4
    endloop
  endfacet
  facet normal -0 0 1
    outer loop
      vertex 86.5657 8.9417 9.4
      vertex 87.2963 7.57472 9.4
      vertex 86.6667 9.00224 9.4
    endloop
  endfacet
  facet normal 0 0 1
    outer loop
      vertex 87.2963 7.57472 9.4
      vertex 86.5657 8.9417 9.4
      vertex 87.0524 7.45933 9.4
    endloop
  endfacet
  facet normal -0 0 1
    outer loop
      vertex 86.4592 8.89135 9.4
      vertex 87.0524 7.45933 9.4
      vertex 86.5657 8.9417 9.4
    endloop
  endfacet
  facet normal 0 0 1
    outer loop
      vertex 87.0524 7.45933 9.4
      vertex 86.4592 8.89135 9.4
      vertex 86.7983 7.36841 9.4
    endloop
  endfacet
  facet normal -0 0 1
    outer loop
      vertex 86.3483 8.85167 9.4
      vertex 86.7983 7.36841 9.4
      vertex 86.4592 8.89135 9.4
    endloop
  endfacet
  facet normal 0 0 1
    outer loop
      vertex 86.7983 7.36841 9.4
      vertex 86.3483 8.85167 9.4
      vertex 86.5365 7.30284 9.4
    endloop
  endfacet
  facet normal -0 0 1
    outer loop
      vertex 86.2341 8.82306 9.4
      vertex 86.5365 7.30284 9.4
      vertex 86.3483 8.85167 9.4
    endloop
  endfacet
  facet normal 0 0 1
    outer loop
      vertex 86.5365 7.30284 9.4
      vertex 86.2341 8.82306 9.4
      vertex 86.2695 7.26324 9.4
    endloop
  endfacet
  facet normal -0 0 1
    outer loop
      vertex 86.1176 8.80578 9.4
      vertex 86.2695 7.26324 9.4
      vertex 86.2341 8.82306 9.4
    endloop
  endfacet
  facet normal -0 0 1
    outer loop
      vertex 86 8.8 9.4
      vertex 86.2695 7.26324 9.4
      vertex 86.1176 8.80578 9.4
    endloop
  endfacet
  facet normal 0 0 1
    outer loop
      vertex 86 8.8 9.4
      vertex 86 7.25 9.4
      vertex 86.2695 7.26324 9.4
    endloop
  endfacet
  facet normal 0 0 1
    outer loop
      vertex 85.8824 8.80578 9.4
      vertex 86 7.25 9.4
      vertex 86 8.8 9.4
    endloop
  endfacet
  facet normal 0 0 1
    outer loop
      vertex 85.7305 7.26324 9.4
      vertex 85.8824 8.80578 9.4
      vertex 85.7659 8.82306 9.4
    endloop
  endfacet
  facet normal 0 0 1
    outer loop
      vertex 85.8824 8.80578 9.4
      vertex 85.7305 7.26324 9.4
      vertex 86 7.25 9.4
    endloop
  endfacet
  facet normal 0 0 1
    outer loop
      vertex 85.4635 7.30284 9.4
      vertex 85.7659 8.82306 9.4
      vertex 85.6517 8.85167 9.4
    endloop
  endfacet
  facet normal 0 0 1
    outer loop
      vertex 85.2017 7.36841 9.4
      vertex 85.6517 8.85167 9.4
      vertex 85.5408 8.89135 9.4
    endloop
  endfacet
  facet normal 0 0 1
    outer loop
      vertex 85.7659 8.82306 9.4
      vertex 85.4635 7.30284 9.4
      vertex 85.7305 7.26324 9.4
    endloop
  endfacet
  facet normal 0 0 1
    outer loop
      vertex 84.9476 7.45933 9.4
      vertex 85.5408 8.89135 9.4
      vertex 85.4343 8.9417 9.4
    endloop
  endfacet
  facet normal 0 0 1
    outer loop
      vertex 84.7037 7.57472 9.4
      vertex 85.4343 8.9417 9.4
      vertex 85.3333 9.00224 9.4
    endloop
  endfacet
  facet normal 0 0 1
    outer loop
      vertex 84.4722 7.71346 9.4
      vertex 85.3333 9.00224 9.4
      vertex 85.2387 9.07239 9.4
    endloop
  endfacet
  facet normal 0 0 1
    outer loop
      vertex 85.6517 8.85167 9.4
      vertex 85.2017 7.36841 9.4
      vertex 85.4635 7.30284 9.4
    endloop
  endfacet
  facet normal 0 0 1
    outer loop
      vertex 84.2554 7.87422 9.4
      vertex 85.2387 9.07239 9.4
      vertex 85.1515 9.15147 9.4
    endloop
  endfacet
  facet normal 0 0 1
    outer loop
      vertex 84.0555 8.05546 9.4
      vertex 85.1515 9.15147 9.4
      vertex 85.0724 9.23873 9.4
    endloop
  endfacet
  facet normal 0 0 1
    outer loop
      vertex 83.8742 8.25542 9.4
      vertex 85.0724 9.23873 9.4
      vertex 85.0022 9.33332 9.4
    endloop
  endfacet
  facet normal 0 0 1
    outer loop
      vertex 85.5408 8.89135 9.4
      vertex 84.9476 7.45933 9.4
      vertex 85.2017 7.36841 9.4
    endloop
  endfacet
  facet normal 0 0 1
    outer loop
      vertex 83.7135 8.47218 9.4
      vertex 85.0022 9.33332 9.4
      vertex 84.9417 9.43432 9.4
    endloop
  endfacet
  facet normal 0 0 1
    outer loop
      vertex 83.5747 8.70366 9.4
      vertex 84.9417 9.43432 9.4
      vertex 84.8913 9.54078 9.4
    endloop
  endfacet
  facet normal 0 0 1
    outer loop
      vertex 83.4593 8.94762 9.4
      vertex 84.8913 9.54078 9.4
      vertex 84.8517 9.65166 9.4
    endloop
  endfacet
  facet normal 0 0 1
    outer loop
      vertex 83.3684 9.20172 9.4
      vertex 84.8517 9.65166 9.4
      vertex 84.8231 9.76589 9.4
    endloop
  endfacet
  facet normal 0 0 1
    outer loop
      vertex 83.3028 9.4635 9.4
      vertex 84.8231 9.76589 9.4
      vertex 84.8058 9.88238 9.4
    endloop
  endfacet
  facet normal 0 0 1
    outer loop
      vertex 85.4343 8.9417 9.4
      vertex 84.7037 7.57472 9.4
      vertex 84.9476 7.45933 9.4
    endloop
  endfacet
  facet normal 0 0 1
    outer loop
      vertex 83.2632 9.73045 9.4
      vertex 84.8058 9.88238 9.4
      vertex 84.8 10 9.4
    endloop
  endfacet
  facet normal -0 0 1
    outer loop
      vertex 83.5747 11.2963 9.4
      vertex 84.9417 10.5657 9.4
      vertex 83.7135 11.5278 9.4
    endloop
  endfacet
  facet normal 0 0 1
    outer loop
      vertex 84.9417 10.5657 9.4
      vertex 83.5747 11.2963 9.4
      vertex 84.8913 10.4592 9.4
    endloop
  endfacet
  facet normal 0 0 1
    outer loop
      vertex 85.3333 9.00224 9.4
      vertex 84.4722 7.71346 9.4
      vertex 84.7037 7.57472 9.4
    endloop
  endfacet
  facet normal -0 0 1
    outer loop
      vertex 83.4593 11.0524 9.4
      vertex 84.8913 10.4592 9.4
      vertex 83.5747 11.2963 9.4
    endloop
  endfacet
  facet normal 0 0 1
    outer loop
      vertex 85.2387 9.07239 9.4
      vertex 84.2554 7.87422 9.4
      vertex 84.4722 7.71346 9.4
    endloop
  endfacet
  facet normal 0 0 1
    outer loop
      vertex 84.8913 10.4592 9.4
      vertex 83.4593 11.0524 9.4
      vertex 84.8517 10.3483 9.4
    endloop
  endfacet
  facet normal 0 0 1
    outer loop
      vertex 85.1515 9.15147 9.4
      vertex 84.0555 8.05546 9.4
      vertex 84.2554 7.87422 9.4
    endloop
  endfacet
  facet normal -0 0 1
    outer loop
      vertex 83.3684 10.7983 9.4
      vertex 84.8517 10.3483 9.4
      vertex 83.4593 11.0524 9.4
    endloop
  endfacet
  facet normal 0 0 1
    outer loop
      vertex 85.0724 9.23873 9.4
      vertex 83.8742 8.25542 9.4
      vertex 84.0555 8.05546 9.4
    endloop
  endfacet
  facet normal 0 0 1
    outer loop
      vertex 84.8517 10.3483 9.4
      vertex 83.3684 10.7983 9.4
      vertex 84.8231 10.2341 9.4
    endloop
  endfacet
  facet normal 0 0 1
    outer loop
      vertex 85.0022 9.33332 9.4
      vertex 83.7135 8.47218 9.4
      vertex 83.8742 8.25542 9.4
    endloop
  endfacet
  facet normal -0 0 1
    outer loop
      vertex 83.3028 10.5365 9.4
      vertex 84.8231 10.2341 9.4
      vertex 83.3684 10.7983 9.4
    endloop
  endfacet
  facet normal 0 0 1
    outer loop
      vertex 84.9417 9.43432 9.4
      vertex 83.5747 8.70366 9.4
      vertex 83.7135 8.47218 9.4
    endloop
  endfacet
  facet normal 0 0 1
    outer loop
      vertex 84.8231 10.2341 9.4
      vertex 83.3028 10.5365 9.4
      vertex 84.8058 10.1176 9.4
    endloop
  endfacet
  facet normal 0 0 1
    outer loop
      vertex 84.8913 9.54078 9.4
      vertex 83.4593 8.94762 9.4
      vertex 83.5747 8.70366 9.4
    endloop
  endfacet
  facet normal -0 0 1
    outer loop
      vertex 83.2632 10.2695 9.4
      vertex 84.8058 10.1176 9.4
      vertex 83.3028 10.5365 9.4
    endloop
  endfacet
  facet normal 0 0 1
    outer loop
      vertex 84.8517 9.65166 9.4
      vertex 83.3684 9.20172 9.4
      vertex 83.4593 8.94762 9.4
    endloop
  endfacet
  facet normal 0 0 1
    outer loop
      vertex 84.8058 10.1176 9.4
      vertex 83.2632 10.2695 9.4
      vertex 84.8 10 9.4
    endloop
  endfacet
  facet normal 0 0 1
    outer loop
      vertex 84.8231 9.76589 9.4
      vertex 83.3028 9.4635 9.4
      vertex 83.3684 9.20172 9.4
    endloop
  endfacet
  facet normal 0 0 1
    outer loop
      vertex 83.25 10 9.4
      vertex 84.8 10 9.4
      vertex 83.2632 10.2695 9.4
    endloop
  endfacet
  facet normal 0 0 1
    outer loop
      vertex 84.8058 9.88238 9.4
      vertex 83.2632 9.73045 9.4
      vertex 83.3028 9.4635 9.4
    endloop
  endfacet
  facet normal 0 0 1
    outer loop
      vertex 84.8 10 9.4
      vertex 83.25 10 9.4
      vertex 83.2632 9.73045 9.4
    endloop
  endfacet
  facet normal -0.98918 0.14671 0
    outer loop
      vertex 83.2632 10.2695 2.4
      vertex 83.3028 10.5365 9.4
      vertex 83.3028 10.5365 2.4
    endloop
  endfacet
  facet normal -0.98918 0.14671 0
    outer loop
      vertex 83.3028 10.5365 9.4
      vertex 83.2632 10.2695 2.4
      vertex 83.2632 10.2695 9.4
    endloop
  endfacet
  facet normal -0.941566 0.336829 0
    outer loop
      vertex 83.3684 10.7983 2.4
      vertex 83.4593 11.0524 9.4
      vertex 83.4593 11.0524 2.4
    endloop
  endfacet
  facet normal -0.941566 0.336829 0
    outer loop
      vertex 83.4593 11.0524 9.4
      vertex 83.3684 10.7983 2.4
      vertex 83.3684 10.7983 9.4
    endloop
  endfacet
  facet normal -0.595485 0.803367 0
    outer loop
      vertex 84.4722 12.2865 2.4
      vertex 84.2554 12.1258 9.4
      vertex 84.4722 12.2865 9.4
    endloop
  endfacet
  facet normal -0.595485 0.803367 0
    outer loop
      vertex 84.2554 12.1258 9.4
      vertex 84.4722 12.2865 2.4
      vertex 84.2554 12.1258 2.4
    endloop
  endfacet
  facet normal -0.427688 0.903926 0
    outer loop
      vertex 84.9476 12.5407 2.4
      vertex 84.7037 12.4253 9.4
      vertex 84.9476 12.5407 9.4
    endloop
  endfacet
  facet normal -0.427688 0.903926 0
    outer loop
      vertex 84.7037 12.4253 9.4
      vertex 84.9476 12.5407 2.4
      vertex 84.7037 12.4253 2.4
    endloop
  endfacet
  facet normal -0.243059 0.970012 0
    outer loop
      vertex 85.4635 12.6972 2.4
      vertex 85.2017 12.6316 9.4
      vertex 85.4635 12.6972 9.4
    endloop
  endfacet
  facet normal -0.243059 0.970012 0
    outer loop
      vertex 85.2017 12.6316 9.4
      vertex 85.4635 12.6972 2.4
      vertex 85.2017 12.6316 2.4
    endloop
  endfacet
  facet normal 0.427658 -0.903941 0
    outer loop
      vertex 87.0524 7.45933 2.4
      vertex 87.2963 7.57472 9.4
      vertex 87.0524 7.45933 9.4
    endloop
  endfacet
  facet normal 0.427658 -0.903941 0
    outer loop
      vertex 87.2963 7.57472 9.4
      vertex 87.0524 7.45933 2.4
      vertex 87.2963 7.57472 2.4
    endloop
  endfacet
  facet normal 0.336895 -0.941542 0
    outer loop
      vertex 86.7983 7.36841 2.4
      vertex 87.0524 7.45933 9.4
      vertex 86.7983 7.36841 9.4
    endloop
  endfacet
  facet normal 0.336895 -0.941542 0
    outer loop
      vertex 87.0524 7.45933 9.4
      vertex 86.7983 7.36841 2.4
      vertex 87.0524 7.45933 2.4
    endloop
  endfacet
  facet normal 0.941566 -0.336829 0
    outer loop
      vertex 88.5407 8.94762 9.4
      vertex 88.6316 9.20172 2.4
      vertex 88.6316 9.20172 9.4
    endloop
  endfacet
  facet normal 0.941566 -0.336829 0
    outer loop
      vertex 88.6316 9.20172 2.4
      vertex 88.5407 8.94762 9.4
      vertex 88.5407 8.94762 2.4
    endloop
  endfacet
  facet normal 0.989176 -0.146737 0
    outer loop
      vertex 88.6972 9.4635 9.4
      vertex 88.7368 9.73045 2.4
      vertex 88.7368 9.73045 9.4
    endloop
  endfacet
  facet normal 0.989176 -0.146737 0
    outer loop
      vertex 88.7368 9.73045 2.4
      vertex 88.6972 9.4635 9.4
      vertex 88.6972 9.4635 2.4
    endloop
  endfacet
  facet normal 0.998803 -0.0489119 0
    outer loop
      vertex 88.7368 9.73045 9.4
      vertex 88.75 10 2.4
      vertex 88.75 10 9.4
    endloop
  endfacet
  facet normal 0.998803 -0.0489119 0
    outer loop
      vertex 88.75 10 2.4
      vertex 88.7368 9.73045 9.4
      vertex 88.7368 9.73045 2.4
    endloop
  endfacet
  facet normal -0.242954 -0.970038 0
    outer loop
      vertex 85.2017 7.36841 2.4
      vertex 85.4635 7.30284 9.4
      vertex 85.2017 7.36841 9.4
    endloop
  endfacet
  facet normal -0.242954 -0.970038 -0
    outer loop
      vertex 85.4635 7.30284 9.4
      vertex 85.2017 7.36841 2.4
      vertex 85.4635 7.30284 2.4
    endloop
  endfacet
  facet normal -0.740828 -0.671695 0
    outer loop
      vertex 84.0555 8.05546 2.4
      vertex 83.8742 8.25542 9.4
      vertex 83.8742 8.25542 2.4
    endloop
  endfacet
  facet normal -0.740828 -0.671695 0
    outer loop
      vertex 83.8742 8.25542 9.4
      vertex 84.0555 8.05546 2.4
      vertex 84.0555 8.05546 9.4
    endloop
  endfacet
  facet normal -0.989176 -0.146737 0
    outer loop
      vertex 83.3028 9.4635 2.4
      vertex 83.2632 9.73045 9.4
      vertex 83.2632 9.73045 2.4
    endloop
  endfacet
  facet normal -0.989176 -0.146737 0
    outer loop
      vertex 83.2632 9.73045 9.4
      vertex 83.3028 9.4635 2.4
      vertex 83.3028 9.4635 9.4
    endloop
  endfacet
  facet normal -0.941566 -0.336829 0
    outer loop
      vertex 83.4593 8.94762 2.4
      vertex 83.3684 9.20172 9.4
      vertex 83.3684 9.20172 2.4
    endloop
  endfacet
  facet normal -0.941566 -0.336829 0
    outer loop
      vertex 83.3684 9.20172 9.4
      vertex 83.4593 8.94762 2.4
      vertex 83.4593 8.94762 9.4
    endloop
  endfacet
  facet normal -0.857867 -0.513871 0
    outer loop
      vertex 87.0583 10.5657 3.4
      vertex 86.9978 10.6667 9.4
      vertex 86.9978 10.6667 3.4
    endloop
  endfacet
  facet normal -0.857867 -0.513871 0
    outer loop
      vertex 86.9978 10.6667 9.4
      vertex 87.0583 10.5657 3.4
      vertex 87.0583 10.5657 9.4
    endloop
  endfacet
  facet normal -0.336283 -0.941761 0
    outer loop
      vertex 86.3483 11.1483 3.4
      vertex 86.4592 11.1087 9.4
      vertex 86.3483 11.1483 9.4
    endloop
  endfacet
  facet normal -0.336283 -0.941761 -0
    outer loop
      vertex 86.4592 11.1087 9.4
      vertex 86.3483 11.1483 3.4
      vertex 86.4592 11.1087 3.4
    endloop
  endfacet
  facet normal 0.336283 -0.941761 0
    outer loop
      vertex 85.5408 11.1087 3.4
      vertex 85.6517 11.1483 9.4
      vertex 85.5408 11.1087 9.4
    endloop
  endfacet
  facet normal 0.336283 -0.941761 0
    outer loop
      vertex 85.6517 11.1483 9.4
      vertex 85.5408 11.1087 3.4
      vertex 85.6517 11.1483 3.4
    endloop
  endfacet
  facet normal 0.903893 -0.427758 0
    outer loop
      vertex 84.8913 10.4592 9.4
      vertex 84.9417 10.5657 3.4
      vertex 84.9417 10.5657 9.4
    endloop
  endfacet
  facet normal 0.903893 -0.427758 0
    outer loop
      vertex 84.9417 10.5657 3.4
      vertex 84.8913 10.4592 9.4
      vertex 84.8913 10.4592 3.4
    endloop
  endfacet
  facet normal -0.998786 0.0492515 0
    outer loop
      vertex 87.1942 9.88238 3.4
      vertex 87.2 10 9.4
      vertex 87.2 10 3.4
    endloop
  endfacet
  facet normal -0.998786 0.0492515 0
    outer loop
      vertex 87.2 10 9.4
      vertex 87.1942 9.88238 3.4
      vertex 87.1942 9.88238 9.4
    endloop
  endfacet
  facet normal -0.0492599 -0.998786 0
    outer loop
      vertex 86 11.2 3.4
      vertex 86.1176 11.1942 9.4
      vertex 86 11.2 9.4
    endloop
  endfacet
  facet normal -0.0492599 -0.998786 -0
    outer loop
      vertex 86.1176 11.1942 9.4
      vertex 86 11.2 3.4
      vertex 86.1176 11.1942 3.4
    endloop
  endfacet
  facet normal -0.513871 -0.857867 0
    outer loop
      vertex 86.5657 11.0583 3.4
      vertex 86.6667 10.9978 9.4
      vertex 86.5657 11.0583 9.4
    endloop
  endfacet
  facet normal -0.513871 -0.857867 -0
    outer loop
      vertex 86.6667 10.9978 9.4
      vertex 86.5657 11.0583 3.4
      vertex 86.6667 10.9978 3.4
    endloop
  endfacet
  facet normal 0.989153 -0.146887 0
    outer loop
      vertex 84.8058 10.1176 9.4
      vertex 84.8231 10.2341 3.4
      vertex 84.8231 10.2341 9.4
    endloop
  endfacet
  facet normal 0.989153 -0.146887 0
    outer loop
      vertex 84.8231 10.2341 3.4
      vertex 84.8058 10.1176 9.4
      vertex 84.8058 10.1176 3.4
    endloop
  endfacet
  facet normal 0.74067 -0.671869 0
    outer loop
      vertex 85.0724 10.7613 9.4
      vertex 85.1515 10.8485 3.4
      vertex 85.1515 10.8485 9.4
    endloop
  endfacet
  facet normal 0.74067 -0.671869 0
    outer loop
      vertex 85.1515 10.8485 3.4
      vertex 85.0724 10.7613 9.4
      vertex 85.0724 10.7613 3.4
    endloop
  endfacet
  facet normal 0.146887 -0.989153 0
    outer loop
      vertex 85.7659 11.1769 3.4
      vertex 85.8824 11.1942 9.4
      vertex 85.7659 11.1769 9.4
    endloop
  endfacet
  facet normal 0.146887 -0.989153 0
    outer loop
      vertex 85.8824 11.1942 9.4
      vertex 85.7659 11.1769 3.4
      vertex 85.8824 11.1942 3.4
    endloop
  endfacet
  facet normal 0.671776 0.740754 -0
    outer loop
      vertex 85.2387 9.07239 3.4
      vertex 85.1515 9.15147 9.4
      vertex 85.2387 9.07239 9.4
    endloop
  endfacet
  facet normal 0.671776 0.740754 0
    outer loop
      vertex 85.1515 9.15147 9.4
      vertex 85.2387 9.07239 3.4
      vertex 85.1515 9.15147 3.4
    endloop
  endfacet
  facet normal 0.903831 0.427889 0
    outer loop
      vertex 84.9417 9.43432 9.4
      vertex 84.8913 9.54078 3.4
      vertex 84.8913 9.54078 9.4
    endloop
  endfacet
  facet normal 0.903831 0.427889 0
    outer loop
      vertex 84.8913 9.54078 3.4
      vertex 84.9417 9.43432 9.4
      vertex 84.9417 9.43432 3.4
    endloop
  endfacet
  facet normal -0.989153 -0.146887 0
    outer loop
      vertex 87.1942 10.1176 3.4
      vertex 87.1769 10.2341 9.4
      vertex 87.1769 10.2341 3.4
    endloop
  endfacet
  facet normal -0.989153 -0.146887 0
    outer loop
      vertex 87.1769 10.2341 9.4
      vertex 87.1942 10.1176 3.4
      vertex 87.1942 10.1176 9.4
    endloop
  endfacet
  facet normal -0.803046 -0.595918 0
    outer loop
      vertex 86.9978 10.6667 3.4
      vertex 86.9276 10.7613 9.4
      vertex 86.9276 10.7613 3.4
    endloop
  endfacet
  facet normal -0.803046 -0.595918 0
    outer loop
      vertex 86.9276 10.7613 9.4
      vertex 86.9978 10.6667 3.4
      vertex 86.9978 10.6667 9.4
    endloop
  endfacet
  facet normal -0.671869 -0.74067 0
    outer loop
      vertex 86.7613 10.9276 3.4
      vertex 86.8485 10.8485 9.4
      vertex 86.7613 10.9276 9.4
    endloop
  endfacet
  facet normal -0.671869 -0.74067 -0
    outer loop
      vertex 86.8485 10.8485 9.4
      vertex 86.7613 10.9276 3.4
      vertex 86.8485 10.8485 3.4
    endloop
  endfacet
  facet normal 0.0492599 -0.998786 0
    outer loop
      vertex 85.8824 11.1942 3.4
      vertex 86 11.2 9.4
      vertex 85.8824 11.1942 9.4
    endloop
  endfacet
  facet normal 0.0492599 -0.998786 0
    outer loop
      vertex 86 11.2 9.4
      vertex 85.8824 11.1942 3.4
      vertex 86 11.2 3.4
    endloop
  endfacet
  facet normal -0.242935 -0.970042 0
    outer loop
      vertex 86.2341 11.1769 3.4
      vertex 86.3483 11.1483 9.4
      vertex 86.2341 11.1769 9.4
    endloop
  endfacet
  facet normal -0.242935 -0.970042 -0
    outer loop
      vertex 86.3483 11.1483 9.4
      vertex 86.2341 11.1769 3.4
      vertex 86.3483 11.1483 3.4
    endloop
  endfacet
  facet normal -0.146887 -0.989153 0
    outer loop
      vertex 86.1176 11.1942 3.4
      vertex 86.2341 11.1769 9.4
      vertex 86.1176 11.1942 9.4
    endloop
  endfacet
  facet normal -0.146887 -0.989153 -0
    outer loop
      vertex 86.2341 11.1769 9.4
      vertex 86.1176 11.1942 3.4
      vertex 86.2341 11.1769 3.4
    endloop
  endfacet
  facet normal -0.427758 -0.903893 0
    outer loop
      vertex 86.4592 11.1087 3.4
      vertex 86.5657 11.0583 9.4
      vertex 86.4592 11.1087 9.4
    endloop
  endfacet
  facet normal -0.427758 -0.903893 -0
    outer loop
      vertex 86.5657 11.0583 9.4
      vertex 86.4592 11.1087 3.4
      vertex 86.5657 11.0583 3.4
    endloop
  endfacet
  facet normal -0.595918 -0.803046 0
    outer loop
      vertex 86.6667 10.9978 3.4
      vertex 86.7613 10.9276 9.4
      vertex 86.6667 10.9978 9.4
    endloop
  endfacet
  facet normal -0.595918 -0.803046 -0
    outer loop
      vertex 86.7613 10.9276 9.4
      vertex 86.6667 10.9978 3.4
      vertex 86.7613 10.9276 3.4
    endloop
  endfacet
  facet normal 0.998786 -0.0492599 0
    outer loop
      vertex 84.8 10 9.4
      vertex 84.8058 10.1176 3.4
      vertex 84.8058 10.1176 9.4
    endloop
  endfacet
  facet normal 0.998786 -0.0492599 0
    outer loop
      vertex 84.8058 10.1176 3.4
      vertex 84.8 10 9.4
      vertex 84.8 10 3.4
    endloop
  endfacet
  facet normal 0.941761 -0.336283 0
    outer loop
      vertex 84.8517 10.3483 9.4
      vertex 84.8913 10.4592 3.4
      vertex 84.8913 10.4592 9.4
    endloop
  endfacet
  facet normal 0.941761 -0.336283 0
    outer loop
      vertex 84.8913 10.4592 3.4
      vertex 84.8517 10.3483 9.4
      vertex 84.8517 10.3483 3.4
    endloop
  endfacet
  facet normal 0.970042 -0.242935 0
    outer loop
      vertex 84.8231 10.2341 9.4
      vertex 84.8517 10.3483 3.4
      vertex 84.8517 10.3483 9.4
    endloop
  endfacet
  facet normal 0.970042 -0.242935 0
    outer loop
      vertex 84.8517 10.3483 3.4
      vertex 84.8231 10.2341 9.4
      vertex 84.8231 10.2341 3.4
    endloop
  endfacet
  facet normal 0.857867 -0.513871 0
    outer loop
      vertex 84.9417 10.5657 9.4
      vertex 85.0022 10.6667 3.4
      vertex 85.0022 10.6667 9.4
    endloop
  endfacet
  facet normal 0.857867 -0.513871 0
    outer loop
      vertex 85.0022 10.6667 3.4
      vertex 84.9417 10.5657 9.4
      vertex 84.9417 10.5657 3.4
    endloop
  endfacet
  facet normal 0.803046 -0.595918 0
    outer loop
      vertex 85.0022 10.6667 9.4
      vertex 85.0724 10.7613 3.4
      vertex 85.0724 10.7613 9.4
    endloop
  endfacet
  facet normal 0.803046 -0.595918 0
    outer loop
      vertex 85.0724 10.7613 3.4
      vertex 85.0022 10.6667 9.4
      vertex 85.0022 10.6667 3.4
    endloop
  endfacet
  facet normal 0.242935 -0.970042 0
    outer loop
      vertex 85.6517 11.1483 3.4
      vertex 85.7659 11.1769 9.4
      vertex 85.6517 11.1483 9.4
    endloop
  endfacet
  facet normal 0.242935 -0.970042 0
    outer loop
      vertex 85.7659 11.1769 9.4
      vertex 85.6517 11.1483 3.4
      vertex 85.7659 11.1769 3.4
    endloop
  endfacet
  facet normal 0.513871 -0.857867 0
    outer loop
      vertex 85.3333 10.9978 3.4
      vertex 85.4343 11.0583 9.4
      vertex 85.3333 10.9978 9.4
    endloop
  endfacet
  facet normal 0.513871 -0.857867 0
    outer loop
      vertex 85.4343 11.0583 9.4
      vertex 85.3333 10.9978 3.4
      vertex 85.4343 11.0583 3.4
    endloop
  endfacet
  facet normal 0.595918 -0.803046 0
    outer loop
      vertex 85.2387 10.9276 3.4
      vertex 85.3333 10.9978 9.4
      vertex 85.2387 10.9276 9.4
    endloop
  endfacet
  facet normal 0.595918 -0.803046 0
    outer loop
      vertex 85.3333 10.9978 9.4
      vertex 85.2387 10.9276 3.4
      vertex 85.3333 10.9978 3.4
    endloop
  endfacet
  facet normal 0.427758 -0.903893 0
    outer loop
      vertex 85.4343 11.0583 3.4
      vertex 85.5408 11.1087 9.4
      vertex 85.4343 11.0583 9.4
    endloop
  endfacet
  facet normal 0.427758 -0.903893 0
    outer loop
      vertex 85.5408 11.1087 9.4
      vertex 85.4343 11.0583 3.4
      vertex 85.5408 11.1087 3.4
    endloop
  endfacet
  facet normal 0.671869 -0.74067 0
    outer loop
      vertex 85.1515 10.8485 3.4
      vertex 85.2387 10.9276 9.4
      vertex 85.1515 10.8485 9.4
    endloop
  endfacet
  facet normal 0.671869 -0.74067 0
    outer loop
      vertex 85.2387 10.9276 9.4
      vertex 85.1515 10.8485 3.4
      vertex 85.2387 10.9276 3.4
    endloop
  endfacet
  facet normal -0.998786 -0.0492599 0
    outer loop
      vertex 87.2 10 3.4
      vertex 87.1942 10.1176 9.4
      vertex 87.1942 10.1176 3.4
    endloop
  endfacet
  facet normal -0.998786 -0.0492599 0
    outer loop
      vertex 87.1942 10.1176 9.4
      vertex 87.2 10 3.4
      vertex 87.2 10 9.4
    endloop
  endfacet
  facet normal -0.970058 0.242875 0
    outer loop
      vertex 87.1483 9.65166 3.4
      vertex 87.1769 9.76589 9.4
      vertex 87.1769 9.76589 3.4
    endloop
  endfacet
  facet normal -0.970058 0.242875 0
    outer loop
      vertex 87.1769 9.76589 9.4
      vertex 87.1483 9.65166 3.4
      vertex 87.1483 9.65166 9.4
    endloop
  endfacet
  facet normal -0.0490904 0.998794 0
    outer loop
      vertex 86.1176 8.80578 3.4
      vertex 86 8.8 9.4
      vertex 86.1176 8.80578 9.4
    endloop
  endfacet
  facet normal -0.0490904 0.998794 0
    outer loop
      vertex 86 8.8 9.4
      vertex 86.1176 8.80578 3.4
      vertex 86 8.8 3.4
    endloop
  endfacet
  facet normal 0.970058 0.242875 0
    outer loop
      vertex 84.8517 9.65166 9.4
      vertex 84.8231 9.76589 3.4
      vertex 84.8231 9.76589 9.4
    endloop
  endfacet
  facet normal 0.970058 0.242875 0
    outer loop
      vertex 84.8231 9.76589 3.4
      vertex 84.8517 9.65166 9.4
      vertex 84.8517 9.65166 3.4
    endloop
  endfacet
  facet normal 0.803015 0.595958 0
    outer loop
      vertex 85.0724 9.23873 9.4
      vertex 85.0022 9.33332 3.4
      vertex 85.0022 9.33332 9.4
    endloop
  endfacet
  facet normal 0.803015 0.595958 0
    outer loop
      vertex 85.0022 9.33332 3.4
      vertex 85.0724 9.23873 9.4
      vertex 85.0724 9.23873 3.4
    endloop
  endfacet
  facet normal -0.146721 0.989178 0
    outer loop
      vertex 86.2341 8.82306 3.4
      vertex 86.1176 8.80578 9.4
      vertex 86.2341 8.82306 9.4
    endloop
  endfacet
  facet normal -0.146721 0.989178 0
    outer loop
      vertex 86.1176 8.80578 9.4
      vertex 86.2341 8.82306 3.4
      vertex 86.1176 8.80578 3.4
    endloop
  endfacet
  facet normal -0.903893 -0.427758 0
    outer loop
      vertex 87.1087 10.4592 3.4
      vertex 87.0583 10.5657 9.4
      vertex 87.0583 10.5657 3.4
    endloop
  endfacet
  facet normal -0.903893 -0.427758 0
    outer loop
      vertex 87.0583 10.5657 9.4
      vertex 87.1087 10.4592 3.4
      vertex 87.1087 10.4592 9.4
    endloop
  endfacet
  facet normal -0.941761 -0.336283 0
    outer loop
      vertex 87.1483 10.3483 3.4
      vertex 87.1087 10.4592 9.4
      vertex 87.1087 10.4592 3.4
    endloop
  endfacet
  facet normal -0.941761 -0.336283 0
    outer loop
      vertex 87.1087 10.4592 9.4
      vertex 87.1483 10.3483 3.4
      vertex 87.1483 10.3483 9.4
    endloop
  endfacet
  facet normal -0.970042 -0.242935 0
    outer loop
      vertex 87.1769 10.2341 3.4
      vertex 87.1483 10.3483 9.4
      vertex 87.1483 10.3483 3.4
    endloop
  endfacet
  facet normal -0.970042 -0.242935 0
    outer loop
      vertex 87.1483 10.3483 9.4
      vertex 87.1769 10.2341 3.4
      vertex 87.1769 10.2341 9.4
    endloop
  endfacet
  facet normal -0.74067 -0.671869 0
    outer loop
      vertex 86.9276 10.7613 3.4
      vertex 86.8485 10.8485 9.4
      vertex 86.8485 10.8485 3.4
    endloop
  endfacet
  facet normal -0.74067 -0.671869 0
    outer loop
      vertex 86.8485 10.8485 9.4
      vertex 86.9276 10.7613 3.4
      vertex 86.9276 10.7613 9.4
    endloop
  endfacet
  facet normal -0.7409 0.671616 0
    outer loop
      vertex 86.8485 9.15147 3.4
      vertex 86.9276 9.23873 9.4
      vertex 86.9276 9.23873 3.4
    endloop
  endfacet
  facet normal -0.7409 0.671616 0
    outer loop
      vertex 86.9276 9.23873 9.4
      vertex 86.8485 9.15147 3.4
      vertex 86.8485 9.15147 9.4
    endloop
  endfacet
  facet normal -0.803015 0.595958 0
    outer loop
      vertex 86.9276 9.23873 3.4
      vertex 86.9978 9.33332 9.4
      vertex 86.9978 9.33332 3.4
    endloop
  endfacet
  facet normal -0.803015 0.595958 0
    outer loop
      vertex 86.9978 9.33332 9.4
      vertex 86.9276 9.23873 3.4
      vertex 86.9276 9.23873 9.4
    endloop
  endfacet
  facet normal -0.903831 0.427889 0
    outer loop
      vertex 87.0583 9.43432 3.4
      vertex 87.1087 9.54078 9.4
      vertex 87.1087 9.54078 3.4
    endloop
  endfacet
  facet normal -0.903831 0.427889 0
    outer loop
      vertex 87.1087 9.54078 9.4
      vertex 87.0583 9.43432 3.4
      vertex 87.0583 9.43432 9.4
    endloop
  endfacet
  facet normal 0.336885 0.941546 -0
    outer loop
      vertex 85.6517 8.85167 3.4
      vertex 85.5408 8.89135 9.4
      vertex 85.6517 8.85167 9.4
    endloop
  endfacet
  facet normal 0.336885 0.941546 0
    outer loop
      vertex 85.5408 8.89135 9.4
      vertex 85.6517 8.85167 3.4
      vertex 85.5408 8.89135 3.4
    endloop
  endfacet
  facet normal 0 0 1
    outer loop
      vertex 87.1942 10.1176 3.4
      vertex 87.1942 9.88238 3.4
      vertex 87.2 10 3.4
    endloop
  endfacet
  facet normal 0 0 1
    outer loop
      vertex 87.1769 10.2341 3.4
      vertex 87.1942 9.88238 3.4
      vertex 87.1942 10.1176 3.4
    endloop
  endfacet
  facet normal 0 0 1
    outer loop
      vertex 87.1769 10.2341 3.4
      vertex 87.1769 9.76589 3.4
      vertex 87.1942 9.88238 3.4
    endloop
  endfacet
  facet normal 0 0 1
    outer loop
      vertex 87.1483 10.3483 3.4
      vertex 87.1769 9.76589 3.4
      vertex 87.1769 10.2341 3.4
    endloop
  endfacet
  facet normal 0 0 1
    outer loop
      vertex 87.1483 10.3483 3.4
      vertex 87.1483 9.65166 3.4
      vertex 87.1769 9.76589 3.4
    endloop
  endfacet
  facet normal 0 0 1
    outer loop
      vertex 87.1087 10.4592 3.4
      vertex 87.1483 9.65166 3.4
      vertex 87.1483 10.3483 3.4
    endloop
  endfacet
  facet normal 0 0 1
    outer loop
      vertex 87.1087 10.4592 3.4
      vertex 87.1087 9.54078 3.4
      vertex 87.1483 9.65166 3.4
    endloop
  endfacet
  facet normal 0 0 1
    outer loop
      vertex 87.0583 10.5657 3.4
      vertex 87.1087 9.54078 3.4
      vertex 87.1087 10.4592 3.4
    endloop
  endfacet
  facet normal 0 0 1
    outer loop
      vertex 87.0583 10.5657 3.4
      vertex 87.0583 9.43432 3.4
      vertex 87.1087 9.54078 3.4
    endloop
  endfacet
  facet normal 0 0 1
    outer loop
      vertex 86.9978 10.6667 3.4
      vertex 87.0583 9.43432 3.4
      vertex 87.0583 10.5657 3.4
    endloop
  endfacet
  facet normal 0 0 1
    outer loop
      vertex 86.9978 10.6667 3.4
      vertex 86.9978 9.33332 3.4
      vertex 87.0583 9.43432 3.4
    endloop
  endfacet
  facet normal 0 0 1
    outer loop
      vertex 86.9276 10.7613 3.4
      vertex 86.9978 9.33332 3.4
      vertex 86.9978 10.6667 3.4
    endloop
  endfacet
  facet normal 0 0 1
    outer loop
      vertex 86.9276 10.7613 3.4
      vertex 86.9276 9.23873 3.4
      vertex 86.9978 9.33332 3.4
    endloop
  endfacet
  facet normal 0 0 1
    outer loop
      vertex 86.8485 10.8485 3.4
      vertex 86.9276 9.23873 3.4
      vertex 86.9276 10.7613 3.4
    endloop
  endfacet
  facet normal 0 0 1
    outer loop
      vertex 86.8485 10.8485 3.4
      vertex 86.8485 9.15147 3.4
      vertex 86.9276 9.23873 3.4
    endloop
  endfacet
  facet normal 0 0 1
    outer loop
      vertex 86.7613 10.9276 3.4
      vertex 86.8485 9.15147 3.4
      vertex 86.8485 10.8485 3.4
    endloop
  endfacet
  facet normal 0 0 1
    outer loop
      vertex 86.7613 10.9276 3.4
      vertex 86.7613 9.07239 3.4
      vertex 86.8485 9.15147 3.4
    endloop
  endfacet
  facet normal 0 0 1
    outer loop
      vertex 86.6667 10.9978 3.4
      vertex 86.7613 9.07239 3.4
      vertex 86.7613 10.9276 3.4
    endloop
  endfacet
  facet normal 0 0 1
    outer loop
      vertex 86.6667 10.9978 3.4
      vertex 86.6667 9.00224 3.4
      vertex 86.7613 9.07239 3.4
    endloop
  endfacet
  facet normal 0 0 1
    outer loop
      vertex 86.5657 11.0583 3.4
      vertex 86.6667 9.00224 3.4
      vertex 86.6667 10.9978 3.4
    endloop
  endfacet
  facet normal 0 0 1
    outer loop
      vertex 86.5657 11.0583 3.4
      vertex 86.5657 8.9417 3.4
      vertex 86.6667 9.00224 3.4
    endloop
  endfacet
  facet normal 0 0 1
    outer loop
      vertex 86.4592 11.1087 3.4
      vertex 86.5657 8.9417 3.4
      vertex 86.5657 11.0583 3.4
    endloop
  endfacet
  facet normal 0 0 1
    outer loop
      vertex 86.4592 11.1087 3.4
      vertex 86.4592 8.89135 3.4
      vertex 86.5657 8.9417 3.4
    endloop
  endfacet
  facet normal 0 0 1
    outer loop
      vertex 86.3483 11.1483 3.4
      vertex 86.4592 8.89135 3.4
      vertex 86.4592 11.1087 3.4
    endloop
  endfacet
  facet normal 0 0 1
    outer loop
      vertex 86.3483 11.1483 3.4
      vertex 86.3483 8.85167 3.4
      vertex 86.4592 8.89135 3.4
    endloop
  endfacet
  facet normal 0 0 1
    outer loop
      vertex 86.2341 11.1769 3.4
      vertex 86.3483 8.85167 3.4
      vertex 86.3483 11.1483 3.4
    endloop
  endfacet
  facet normal 0 0 1
    outer loop
      vertex 86.2341 11.1769 3.4
      vertex 86.2341 8.82306 3.4
      vertex 86.3483 8.85167 3.4
    endloop
  endfacet
  facet normal 0 0 1
    outer loop
      vertex 86.1176 11.1942 3.4
      vertex 86.2341 8.82306 3.4
      vertex 86.2341 11.1769 3.4
    endloop
  endfacet
  facet normal 0 0 1
    outer loop
      vertex 86.1176 11.1942 3.4
      vertex 86.1176 8.80578 3.4
      vertex 86.2341 8.82306 3.4
    endloop
  endfacet
  facet normal 0 0 1
    outer loop
      vertex 86 11.2 3.4
      vertex 86.1176 8.80578 3.4
      vertex 86.1176 11.1942 3.4
    endloop
  endfacet
  facet normal 0 0 1
    outer loop
      vertex 86 11.2 3.4
      vertex 86 8.8 3.4
      vertex 86.1176 8.80578 3.4
    endloop
  endfacet
  facet normal -0 0 1
    outer loop
      vertex 85.8824 11.1942 3.4
      vertex 86 8.8 3.4
      vertex 86 11.2 3.4
    endloop
  endfacet
  facet normal 0 0 1
    outer loop
      vertex 85.8824 11.1942 3.4
      vertex 85.8824 8.80578 3.4
      vertex 86 8.8 3.4
    endloop
  endfacet
  facet normal -0 0 1
    outer loop
      vertex 85.7659 11.1769 3.4
      vertex 85.8824 8.80578 3.4
      vertex 85.8824 11.1942 3.4
    endloop
  endfacet
  facet normal 0 0 1
    outer loop
      vertex 85.7659 11.1769 3.4
      vertex 85.7659 8.82306 3.4
      vertex 85.8824 8.80578 3.4
    endloop
  endfacet
  facet normal -0 0 1
    outer loop
      vertex 85.6517 11.1483 3.4
      vertex 85.7659 8.82306 3.4
      vertex 85.7659 11.1769 3.4
    endloop
  endfacet
  facet normal 0 0 1
    outer loop
      vertex 85.6517 11.1483 3.4
      vertex 85.6517 8.85167 3.4
      vertex 85.7659 8.82306 3.4
    endloop
  endfacet
  facet normal -0 0 1
    outer loop
      vertex 85.5408 11.1087 3.4
      vertex 85.6517 8.85167 3.4
      vertex 85.6517 11.1483 3.4
    endloop
  endfacet
  facet normal 0 0 1
    outer loop
      vertex 85.5408 11.1087 3.4
      vertex 85.5408 8.89135 3.4
      vertex 85.6517 8.85167 3.4
    endloop
  endfacet
  facet normal -0 0 1
    outer loop
      vertex 85.4343 11.0583 3.4
      vertex 85.5408 8.89135 3.4
      vertex 85.5408 11.1087 3.4
    endloop
  endfacet
  facet normal 0 0 1
    outer loop
      vertex 85.4343 11.0583 3.4
      vertex 85.4343 8.9417 3.4
      vertex 85.5408 8.89135 3.4
    endloop
  endfacet
  facet normal -0 0 1
    outer loop
      vertex 85.3333 10.9978 3.4
      vertex 85.4343 8.9417 3.4
      vertex 85.4343 11.0583 3.4
    endloop
  endfacet
  facet normal 0 0 1
    outer loop
      vertex 85.3333 10.9978 3.4
      vertex 85.3333 9.00224 3.4
      vertex 85.4343 8.9417 3.4
    endloop
  endfacet
  facet normal -0 0 1
    outer loop
      vertex 85.2387 10.9276 3.4
      vertex 85.3333 9.00224 3.4
      vertex 85.3333 10.9978 3.4
    endloop
  endfacet
  facet normal 0 0 1
    outer loop
      vertex 85.2387 10.9276 3.4
      vertex 85.2387 9.07239 3.4
      vertex 85.3333 9.00224 3.4
    endloop
  endfacet
  facet normal -0 0 1
    outer loop
      vertex 85.1515 10.8485 3.4
      vertex 85.2387 9.07239 3.4
      vertex 85.2387 10.9276 3.4
    endloop
  endfacet
  facet normal 0 0 1
    outer loop
      vertex 85.1515 10.8485 3.4
      vertex 85.1515 9.15147 3.4
      vertex 85.2387 9.07239 3.4
    endloop
  endfacet
  facet normal -0 0 1
    outer loop
      vertex 85.0724 10.7613 3.4
      vertex 85.1515 9.15147 3.4
      vertex 85.1515 10.8485 3.4
    endloop
  endfacet
  facet normal 0 0 1
    outer loop
      vertex 85.0724 10.7613 3.4
      vertex 85.0724 9.23873 3.4
      vertex 85.1515 9.15147 3.4
    endloop
  endfacet
  facet normal -0 0 1
    outer loop
      vertex 85.0022 10.6667 3.4
      vertex 85.0724 9.23873 3.4
      vertex 85.0724 10.7613 3.4
    endloop
  endfacet
  facet normal 0 0 1
    outer loop
      vertex 85.0022 10.6667 3.4
      vertex 85.0022 9.33332 3.4
      vertex 85.0724 9.23873 3.4
    endloop
  endfacet
  facet normal -0 0 1
    outer loop
      vertex 84.9417 10.5657 3.4
      vertex 85.0022 9.33332 3.4
      vertex 85.0022 10.6667 3.4
    endloop
  endfacet
  facet normal 0 0 1
    outer loop
      vertex 84.9417 10.5657 3.4
      vertex 84.9417 9.43432 3.4
      vertex 85.0022 9.33332 3.4
    endloop
  endfacet
  facet normal -0 0 1
    outer loop
      vertex 84.8913 10.4592 3.4
      vertex 84.9417 9.43432 3.4
      vertex 84.9417 10.5657 3.4
    endloop
  endfacet
  facet normal 0 0 1
    outer loop
      vertex 84.8913 10.4592 3.4
      vertex 84.8913 9.54078 3.4
      vertex 84.9417 9.43432 3.4
    endloop
  endfacet
  facet normal -0 0 1
    outer loop
      vertex 84.8517 10.3483 3.4
      vertex 84.8913 9.54078 3.4
      vertex 84.8913 10.4592 3.4
    endloop
  endfacet
  facet normal 0 0 1
    outer loop
      vertex 84.8517 10.3483 3.4
      vertex 84.8517 9.65166 3.4
      vertex 84.8913 9.54078 3.4
    endloop
  endfacet
  facet normal -0 0 1
    outer loop
      vertex 84.8231 10.2341 3.4
      vertex 84.8517 9.65166 3.4
      vertex 84.8517 10.3483 3.4
    endloop
  endfacet
  facet normal 0 0 1
    outer loop
      vertex 84.8231 10.2341 3.4
      vertex 84.8231 9.76589 3.4
      vertex 84.8517 9.65166 3.4
    endloop
  endfacet
  facet normal -0 0 1
    outer loop
      vertex 84.8058 10.1176 3.4
      vertex 84.8231 9.76589 3.4
      vertex 84.8231 10.2341 3.4
    endloop
  endfacet
  facet normal 0 0 1
    outer loop
      vertex 84.8058 10.1176 3.4
      vertex 84.8058 9.88238 3.4
      vertex 84.8231 9.76589 3.4
    endloop
  endfacet
  facet normal 0 -0 1
    outer loop
      vertex 84.8058 9.88238 3.4
      vertex 84.8058 10.1176 3.4
      vertex 84.8 10 3.4
    endloop
  endfacet
  facet normal 0.7409 0.671616 0
    outer loop
      vertex 85.1515 9.15147 9.4
      vertex 85.0724 9.23873 3.4
      vertex 85.0724 9.23873 9.4
    endloop
  endfacet
  facet normal 0.7409 0.671616 0
    outer loop
      vertex 85.0724 9.23873 3.4
      vertex 85.1515 9.15147 9.4
      vertex 85.1515 9.15147 3.4
    endloop
  endfacet
  facet normal -0.243015 0.970022 0
    outer loop
      vertex 86.3483 8.85167 3.4
      vertex 86.2341 8.82306 9.4
      vertex 86.3483 8.85167 9.4
    endloop
  endfacet
  facet normal -0.243015 0.970022 0
    outer loop
      vertex 86.2341 8.82306 9.4
      vertex 86.3483 8.85167 3.4
      vertex 86.2341 8.82306 3.4
    endloop
  endfacet
  facet normal -0.427411 0.904057 0
    outer loop
      vertex 86.5657 8.9417 3.4
      vertex 86.4592 8.89135 9.4
      vertex 86.5657 8.9417 9.4
    endloop
  endfacet
  facet normal -0.427411 0.904057 0
    outer loop
      vertex 86.4592 8.89135 9.4
      vertex 86.5657 8.9417 3.4
      vertex 86.4592 8.89135 3.4
    endloop
  endfacet
  facet normal -0.989151 0.146899 0
    outer loop
      vertex 87.1769 9.76589 3.4
      vertex 87.1942 9.88238 9.4
      vertex 87.1942 9.88238 3.4
    endloop
  endfacet
  facet normal -0.989151 0.146899 0
    outer loop
      vertex 87.1942 9.88238 9.4
      vertex 87.1769 9.76589 3.4
      vertex 87.1769 9.76589 9.4
    endloop
  endfacet
  facet normal -0.671776 0.740754 0
    outer loop
      vertex 86.8485 9.15147 3.4
      vertex 86.7613 9.07239 9.4
      vertex 86.8485 9.15147 9.4
    endloop
  endfacet
  facet normal -0.671776 0.740754 0
    outer loop
      vertex 86.7613 9.07239 9.4
      vertex 86.8485 9.15147 3.4
      vertex 86.7613 9.07239 3.4
    endloop
  endfacet
  facet normal -0.941742 0.336336 0
    outer loop
      vertex 87.1087 9.54078 3.4
      vertex 87.1483 9.65166 9.4
      vertex 87.1483 9.65166 3.4
    endloop
  endfacet
  facet normal -0.941742 0.336336 0
    outer loop
      vertex 87.1483 9.65166 9.4
      vertex 87.1087 9.54078 3.4
      vertex 87.1087 9.54078 9.4
    endloop
  endfacet
  facet normal -0.857867 0.513871 0
    outer loop
      vertex 86.9978 9.33332 3.4
      vertex 87.0583 9.43432 9.4
      vertex 87.0583 9.43432 3.4
    endloop
  endfacet
  facet normal -0.857867 0.513871 0
    outer loop
      vertex 87.0583 9.43432 9.4
      vertex 86.9978 9.33332 3.4
      vertex 86.9978 9.33332 9.4
    endloop
  endfacet
  facet normal 0.514121 0.857718 -0
    outer loop
      vertex 85.4343 8.9417 3.4
      vertex 85.3333 9.00224 9.4
      vertex 85.4343 8.9417 9.4
    endloop
  endfacet
  facet normal 0.514121 0.857718 0
    outer loop
      vertex 85.3333 9.00224 9.4
      vertex 85.4343 8.9417 3.4
      vertex 85.3333 9.00224 3.4
    endloop
  endfacet
  facet normal 0.941742 0.336336 0
    outer loop
      vertex 84.8913 9.54078 9.4
      vertex 84.8517 9.65166 3.4
      vertex 84.8517 9.65166 9.4
    endloop
  endfacet
  facet normal 0.941742 0.336336 0
    outer loop
      vertex 84.8517 9.65166 3.4
      vertex 84.8913 9.54078 9.4
      vertex 84.8913 9.54078 3.4
    endloop
  endfacet
  facet normal 0.989151 0.146899 0
    outer loop
      vertex 84.8231 9.76589 9.4
      vertex 84.8058 9.88238 3.4
      vertex 84.8058 9.88238 9.4
    endloop
  endfacet
  facet normal 0.989151 0.146899 0
    outer loop
      vertex 84.8058 9.88238 3.4
      vertex 84.8231 9.76589 9.4
      vertex 84.8231 9.76589 3.4
    endloop
  endfacet
  facet normal 0.998786 0.0492515 0
    outer loop
      vertex 84.8058 9.88238 9.4
      vertex 84.8 10 3.4
      vertex 84.8 10 9.4
    endloop
  endfacet
  facet normal 0.998786 0.0492515 0
    outer loop
      vertex 84.8 10 3.4
      vertex 84.8058 9.88238 9.4
      vertex 84.8058 9.88238 3.4
    endloop
  endfacet
  facet normal 0.857867 0.513871 0
    outer loop
      vertex 85.0022 9.33332 9.4
      vertex 84.9417 9.43432 3.4
      vertex 84.9417 9.43432 9.4
    endloop
  endfacet
  facet normal 0.857867 0.513871 0
    outer loop
      vertex 84.9417 9.43432 3.4
      vertex 85.0022 9.33332 9.4
      vertex 85.0022 9.33332 3.4
    endloop
  endfacet
  facet normal -0.595644 0.803249 0
    outer loop
      vertex 86.7613 9.07239 3.4
      vertex 86.6667 9.00224 9.4
      vertex 86.7613 9.07239 9.4
    endloop
  endfacet
  facet normal -0.595644 0.803249 0
    outer loop
      vertex 86.6667 9.00224 9.4
      vertex 86.7613 9.07239 3.4
      vertex 86.6667 9.00224 3.4
    endloop
  endfacet
  facet normal -0.514121 0.857718 0
    outer loop
      vertex 86.6667 9.00224 3.4
      vertex 86.5657 8.9417 9.4
      vertex 86.6667 9.00224 9.4
    endloop
  endfacet
  facet normal -0.514121 0.857718 0
    outer loop
      vertex 86.5657 8.9417 9.4
      vertex 86.6667 9.00224 3.4
      vertex 86.5657 8.9417 3.4
    endloop
  endfacet
  facet normal 0.595644 0.803249 -0
    outer loop
      vertex 85.3333 9.00224 3.4
      vertex 85.2387 9.07239 9.4
      vertex 85.3333 9.00224 9.4
    endloop
  endfacet
  facet normal 0.595644 0.803249 0
    outer loop
      vertex 85.2387 9.07239 9.4
      vertex 85.3333 9.00224 3.4
      vertex 85.2387 9.07239 3.4
    endloop
  endfacet
  facet normal 0.427411 0.904057 -0
    outer loop
      vertex 85.5408 8.89135 3.4
      vertex 85.4343 8.9417 9.4
      vertex 85.5408 8.89135 9.4
    endloop
  endfacet
  facet normal 0.427411 0.904057 0
    outer loop
      vertex 85.4343 8.9417 9.4
      vertex 85.5408 8.89135 3.4
      vertex 85.4343 8.9417 3.4
    endloop
  endfacet
  facet normal 0.146721 0.989178 -0
    outer loop
      vertex 85.8824 8.80578 3.4
      vertex 85.7659 8.82306 9.4
      vertex 85.8824 8.80578 9.4
    endloop
  endfacet
  facet normal 0.146721 0.989178 0
    outer loop
      vertex 85.7659 8.82306 9.4
      vertex 85.8824 8.80578 3.4
      vertex 85.7659 8.82306 3.4
    endloop
  endfacet
  facet normal -0.336885 0.941546 0
    outer loop
      vertex 86.4592 8.89135 3.4
      vertex 86.3483 8.85167 9.4
      vertex 86.4592 8.89135 9.4
    endloop
  endfacet
  facet normal -0.336885 0.941546 0
    outer loop
      vertex 86.3483 8.85167 9.4
      vertex 86.4592 8.89135 3.4
      vertex 86.3483 8.85167 3.4
    endloop
  endfacet
  facet normal 0.0490904 0.998794 -0
    outer loop
      vertex 86 8.8 3.4
      vertex 85.8824 8.80578 9.4
      vertex 86 8.8 9.4
    endloop
  endfacet
  facet normal 0.0490904 0.998794 0
    outer loop
      vertex 85.8824 8.80578 9.4
      vertex 86 8.8 3.4
      vertex 85.8824 8.80578 3.4
    endloop
  endfacet
  facet normal 0.243015 0.970022 -0
    outer loop
      vertex 85.7659 8.82306 3.4
      vertex 85.6517 8.85167 9.4
      vertex 85.7659 8.82306 9.4
    endloop
  endfacet
  facet normal 0.243015 0.970022 0
    outer loop
      vertex 85.6517 8.85167 9.4
      vertex 85.7659 8.82306 3.4
      vertex 85.6517 8.85167 3.4
    endloop
  endfacet
  facet normal 0.970012 0.243059 0
    outer loop
      vertex 88.6972 30.5365 9.4
      vertex 88.6316 30.7983 2.4
      vertex 88.6316 30.7983 9.4
    endloop
  endfacet
  facet normal 0.970012 0.243059 0
    outer loop
      vertex 88.6316 30.7983 2.4
      vertex 88.6972 30.5365 9.4
      vertex 88.6972 30.5365 2.4
    endloop
  endfacet
  facet normal 0.998803 0.0489209 0
    outer loop
      vertex 88.75 30 9.4
      vertex 88.7368 30.2695 2.4
      vertex 88.7368 30.2695 9.4
    endloop
  endfacet
  facet normal 0.998803 0.0489209 0
    outer loop
      vertex 88.7368 30.2695 2.4
      vertex 88.75 30 9.4
      vertex 88.75 30 2.4
    endloop
  endfacet
  facet normal -0.998803 0.0489209 0
    outer loop
      vertex 83.25 30 2.4
      vertex 83.2632 30.2695 9.4
      vertex 83.2632 30.2695 2.4
    endloop
  endfacet
  facet normal -0.998803 0.0489209 0
    outer loop
      vertex 83.2632 30.2695 9.4
      vertex 83.25 30 2.4
      vertex 83.25 30 9.4
    endloop
  endfacet
  facet normal 0.0489209 0.998803 -0
    outer loop
      vertex 86.2695 32.7368 2.4
      vertex 86 32.75 9.4
      vertex 86.2695 32.7368 9.4
    endloop
  endfacet
  facet normal 0.0489209 0.998803 0
    outer loop
      vertex 86 32.75 9.4
      vertex 86.2695 32.7368 2.4
      vertex 86 32.75 2.4
    endloop
  endfacet
  facet normal 0.671805 0.740728 -0
    outer loop
      vertex 87.9445 31.9445 2.4
      vertex 87.7446 32.1258 9.4
      vertex 87.9445 31.9445 9.4
    endloop
  endfacet
  facet normal 0.671805 0.740728 0
    outer loop
      vertex 87.7446 32.1258 9.4
      vertex 87.9445 31.9445 2.4
      vertex 87.7446 32.1258 2.4
    endloop
  endfacet
  facet normal -0.671805 0.740728 0
    outer loop
      vertex 84.2554 32.1258 2.4
      vertex 84.0555 31.9445 9.4
      vertex 84.2554 32.1258 9.4
    endloop
  endfacet
  facet normal -0.671805 0.740728 0
    outer loop
      vertex 84.0555 31.9445 9.4
      vertex 84.2554 32.1258 2.4
      vertex 84.0555 31.9445 2.4
    endloop
  endfacet
  facet normal -0.336829 0.941566 0
    outer loop
      vertex 85.2017 32.6316 2.4
      vertex 84.9476 32.5407 9.4
      vertex 85.2017 32.6316 9.4
    endloop
  endfacet
  facet normal -0.336829 0.941566 0
    outer loop
      vertex 84.9476 32.5407 9.4
      vertex 85.2017 32.6316 2.4
      vertex 84.9476 32.5407 2.4
    endloop
  endfacet
  facet normal -0.803367 -0.595485 0
    outer loop
      vertex 83.8742 28.2554 2.4
      vertex 83.7135 28.4722 9.4
      vertex 83.7135 28.4722 2.4
    endloop
  endfacet
  facet normal -0.803367 -0.595485 0
    outer loop
      vertex 83.7135 28.4722 9.4
      vertex 83.8742 28.2554 2.4
      vertex 83.8742 28.2554 9.4
    endloop
  endfacet
  facet normal 0.941566 0.336829 0
    outer loop
      vertex 88.6316 30.7983 9.4
      vertex 88.5407 31.0524 2.4
      vertex 88.5407 31.0524 9.4
    endloop
  endfacet
  facet normal 0.941566 0.336829 0
    outer loop
      vertex 88.5407 31.0524 2.4
      vertex 88.6316 30.7983 9.4
      vertex 88.6316 30.7983 2.4
    endloop
  endfacet
  facet normal 0.427688 0.903926 -0
    outer loop
      vertex 87.2963 32.4253 2.4
      vertex 87.0524 32.5407 9.4
      vertex 87.2963 32.4253 9.4
    endloop
  endfacet
  facet normal 0.427688 0.903926 0
    outer loop
      vertex 87.0524 32.5407 9.4
      vertex 87.2963 32.4253 2.4
      vertex 87.0524 32.5407 2.4
    endloop
  endfacet
  facet normal 0.595485 0.803367 -0
    outer loop
      vertex 87.7446 32.1258 2.4
      vertex 87.5278 32.2865 9.4
      vertex 87.7446 32.1258 9.4
    endloop
  endfacet
  facet normal 0.595485 0.803367 0
    outer loop
      vertex 87.5278 32.2865 9.4
      vertex 87.7446 32.1258 2.4
      vertex 87.5278 32.2865 2.4
    endloop
  endfacet
  facet normal -0.857656 0.514223 0
    outer loop
      vertex 83.5747 31.2963 2.4
      vertex 83.7135 31.5278 9.4
      vertex 83.7135 31.5278 2.4
    endloop
  endfacet
  facet normal -0.857656 0.514223 0
    outer loop
      vertex 83.7135 31.5278 9.4
      vertex 83.5747 31.2963 2.4
      vertex 83.5747 31.2963 9.4
    endloop
  endfacet
  facet normal -0.803367 0.595485 0
    outer loop
      vertex 83.7135 31.5278 2.4
      vertex 83.8742 31.7446 9.4
      vertex 83.8742 31.7446 2.4
    endloop
  endfacet
  facet normal -0.803367 0.595485 0
    outer loop
      vertex 83.8742 31.7446 9.4
      vertex 83.7135 31.5278 2.4
      vertex 83.7135 31.5278 9.4
    endloop
  endfacet
  facet normal 0.903926 -0.427688 0
    outer loop
      vertex 88.4253 28.7037 9.4
      vertex 88.5407 28.9476 2.4
      vertex 88.5407 28.9476 9.4
    endloop
  endfacet
  facet normal 0.903926 -0.427688 0
    outer loop
      vertex 88.5407 28.9476 2.4
      vertex 88.4253 28.7037 9.4
      vertex 88.4253 28.7037 2.4
    endloop
  endfacet
  facet normal 0.243059 -0.970012 0
    outer loop
      vertex 86.5365 27.3028 2.4
      vertex 86.7983 27.3684 9.4
      vertex 86.5365 27.3028 9.4
    endloop
  endfacet
  facet normal 0.243059 -0.970012 0
    outer loop
      vertex 86.7983 27.3684 9.4
      vertex 86.5365 27.3028 2.4
      vertex 86.7983 27.3684 2.4
    endloop
  endfacet
  facet normal 0.740728 -0.671805 0
    outer loop
      vertex 87.9445 28.0555 9.4
      vertex 88.1258 28.2554 2.4
      vertex 88.1258 28.2554 9.4
    endloop
  endfacet
  facet normal 0.740728 -0.671805 0
    outer loop
      vertex 88.1258 28.2554 2.4
      vertex 87.9445 28.0555 9.4
      vertex 87.9445 28.0555 2.4
    endloop
  endfacet
  facet normal 0.970012 -0.243059 0
    outer loop
      vertex 88.6316 29.2017 9.4
      vertex 88.6972 29.4635 2.4
      vertex 88.6972 29.4635 9.4
    endloop
  endfacet
  facet normal 0.970012 -0.243059 0
    outer loop
      vertex 88.6972 29.4635 2.4
      vertex 88.6316 29.2017 9.4
      vertex 88.6316 29.2017 2.4
    endloop
  endfacet
  facet normal -0.336829 -0.941566 0
    outer loop
      vertex 84.9476 27.4593 2.4
      vertex 85.2017 27.3684 9.4
      vertex 84.9476 27.4593 9.4
    endloop
  endfacet
  facet normal -0.336829 -0.941566 -0
    outer loop
      vertex 85.2017 27.3684 9.4
      vertex 84.9476 27.4593 2.4
      vertex 85.2017 27.3684 2.4
    endloop
  endfacet
  facet normal -0.514223 -0.857656 0
    outer loop
      vertex 84.4722 27.7135 2.4
      vertex 84.7037 27.5747 9.4
      vertex 84.4722 27.7135 9.4
    endloop
  endfacet
  facet normal -0.514223 -0.857656 -0
    outer loop
      vertex 84.7037 27.5747 9.4
      vertex 84.4722 27.7135 2.4
      vertex 84.7037 27.5747 2.4
    endloop
  endfacet
  facet normal -0.970012 -0.243059 0
    outer loop
      vertex 83.3684 29.2017 2.4
      vertex 83.3028 29.4635 9.4
      vertex 83.3028 29.4635 2.4
    endloop
  endfacet
  facet normal -0.970012 -0.243059 0
    outer loop
      vertex 83.3028 29.4635 9.4
      vertex 83.3684 29.2017 2.4
      vertex 83.3684 29.2017 9.4
    endloop
  endfacet
  facet normal 0.903926 0.427688 0
    outer loop
      vertex 88.5407 31.0524 9.4
      vertex 88.4253 31.2963 2.4
      vertex 88.4253 31.2963 9.4
    endloop
  endfacet
  facet normal 0.903926 0.427688 0
    outer loop
      vertex 88.4253 31.2963 2.4
      vertex 88.5407 31.0524 9.4
      vertex 88.5407 31.0524 2.4
    endloop
  endfacet
  facet normal 0.857656 0.514223 0
    outer loop
      vertex 88.4253 31.2963 9.4
      vertex 88.2865 31.5278 2.4
      vertex 88.2865 31.5278 9.4
    endloop
  endfacet
  facet normal 0.857656 0.514223 0
    outer loop
      vertex 88.2865 31.5278 2.4
      vertex 88.4253 31.2963 9.4
      vertex 88.4253 31.2963 2.4
    endloop
  endfacet
  facet normal 0.803367 0.595485 0
    outer loop
      vertex 88.2865 31.5278 9.4
      vertex 88.1258 31.7446 2.4
      vertex 88.1258 31.7446 9.4
    endloop
  endfacet
  facet normal 0.803367 0.595485 0
    outer loop
      vertex 88.1258 31.7446 2.4
      vertex 88.2865 31.5278 9.4
      vertex 88.2865 31.5278 2.4
    endloop
  endfacet
  facet normal 0.243059 0.970012 -0
    outer loop
      vertex 86.7983 32.6316 2.4
      vertex 86.5365 32.6972 9.4
      vertex 86.7983 32.6316 9.4
    endloop
  endfacet
  facet normal 0.243059 0.970012 0
    outer loop
      vertex 86.5365 32.6972 9.4
      vertex 86.7983 32.6316 2.4
      vertex 86.5365 32.6972 2.4
    endloop
  endfacet
  facet normal 0.514223 0.857656 -0
    outer loop
      vertex 87.5278 32.2865 2.4
      vertex 87.2963 32.4253 9.4
      vertex 87.5278 32.2865 9.4
    endloop
  endfacet
  facet normal 0.514223 0.857656 0
    outer loop
      vertex 87.2963 32.4253 9.4
      vertex 87.5278 32.2865 2.4
      vertex 87.2963 32.4253 2.4
    endloop
  endfacet
  facet normal -0.903926 0.427688 0
    outer loop
      vertex 83.4593 31.0524 2.4
      vertex 83.5747 31.2963 9.4
      vertex 83.5747 31.2963 2.4
    endloop
  endfacet
  facet normal -0.903926 0.427688 0
    outer loop
      vertex 83.5747 31.2963 9.4
      vertex 83.4593 31.0524 2.4
      vertex 83.4593 31.0524 9.4
    endloop
  endfacet
  facet normal -0.970012 0.243059 0
    outer loop
      vertex 83.3028 30.5365 2.4
      vertex 83.3684 30.7983 9.4
      vertex 83.3684 30.7983 2.4
    endloop
  endfacet
  facet normal -0.970012 0.243059 0
    outer loop
      vertex 83.3684 30.7983 9.4
      vertex 83.3028 30.5365 2.4
      vertex 83.3028 30.5365 9.4
    endloop
  endfacet
  facet normal -0.514223 0.857656 0
    outer loop
      vertex 84.7037 32.4253 2.4
      vertex 84.4722 32.2865 9.4
      vertex 84.7037 32.4253 9.4
    endloop
  endfacet
  facet normal -0.514223 0.857656 0
    outer loop
      vertex 84.4722 32.2865 9.4
      vertex 84.7037 32.4253 2.4
      vertex 84.4722 32.2865 2.4
    endloop
  endfacet
  facet normal -0.0489209 0.998803 0
    outer loop
      vertex 86 32.75 2.4
      vertex 85.7305 32.7368 9.4
      vertex 86 32.75 9.4
    endloop
  endfacet
  facet normal -0.0489209 0.998803 0
    outer loop
      vertex 85.7305 32.7368 9.4
      vertex 86 32.75 2.4
      vertex 85.7305 32.7368 2.4
    endloop
  endfacet
  facet normal -0.14671 0.98918 0
    outer loop
      vertex 85.7305 32.7368 2.4
      vertex 85.4635 32.6972 9.4
      vertex 85.7305 32.7368 9.4
    endloop
  endfacet
  facet normal -0.14671 0.98918 0
    outer loop
      vertex 85.4635 32.6972 9.4
      vertex 85.7305 32.7368 2.4
      vertex 85.4635 32.6972 2.4
    endloop
  endfacet
  facet normal 0.0489209 -0.998803 0
    outer loop
      vertex 86 27.25 2.4
      vertex 86.2695 27.2632 9.4
      vertex 86 27.25 9.4
    endloop
  endfacet
  facet normal 0.0489209 -0.998803 0
    outer loop
      vertex 86.2695 27.2632 9.4
      vertex 86 27.25 2.4
      vertex 86.2695 27.2632 2.4
    endloop
  endfacet
  facet normal 0.14671 -0.98918 0
    outer loop
      vertex 86.2695 27.2632 2.4
      vertex 86.5365 27.3028 9.4
      vertex 86.2695 27.2632 9.4
    endloop
  endfacet
  facet normal 0.14671 -0.98918 0
    outer loop
      vertex 86.5365 27.3028 9.4
      vertex 86.2695 27.2632 2.4
      vertex 86.5365 27.3028 2.4
    endloop
  endfacet
  facet normal 0.514223 -0.857656 0
    outer loop
      vertex 87.2963 27.5747 2.4
      vertex 87.5278 27.7135 9.4
      vertex 87.2963 27.5747 9.4
    endloop
  endfacet
  facet normal 0.514223 -0.857656 0
    outer loop
      vertex 87.5278 27.7135 9.4
      vertex 87.2963 27.5747 2.4
      vertex 87.5278 27.7135 2.4
    endloop
  endfacet
  facet normal 0.671805 -0.740728 0
    outer loop
      vertex 87.7446 27.8742 2.4
      vertex 87.9445 28.0555 9.4
      vertex 87.7446 27.8742 9.4
    endloop
  endfacet
  facet normal 0.671805 -0.740728 0
    outer loop
      vertex 87.9445 28.0555 9.4
      vertex 87.7446 27.8742 2.4
      vertex 87.9445 28.0555 2.4
    endloop
  endfacet
  facet normal 0.595485 -0.803367 0
    outer loop
      vertex 87.5278 27.7135 2.4
      vertex 87.7446 27.8742 9.4
      vertex 87.5278 27.7135 9.4
    endloop
  endfacet
  facet normal 0.595485 -0.803367 0
    outer loop
      vertex 87.7446 27.8742 9.4
      vertex 87.5278 27.7135 2.4
      vertex 87.7446 27.8742 2.4
    endloop
  endfacet
  facet normal 0.803367 -0.595485 0
    outer loop
      vertex 88.1258 28.2554 9.4
      vertex 88.2865 28.4722 2.4
      vertex 88.2865 28.4722 9.4
    endloop
  endfacet
  facet normal 0.803367 -0.595485 0
    outer loop
      vertex 88.2865 28.4722 2.4
      vertex 88.1258 28.2554 9.4
      vertex 88.1258 28.2554 2.4
    endloop
  endfacet
  facet normal 0.857656 -0.514223 0
    outer loop
      vertex 88.2865 28.4722 9.4
      vertex 88.4253 28.7037 2.4
      vertex 88.4253 28.7037 9.4
    endloop
  endfacet
  facet normal 0.857656 -0.514223 0
    outer loop
      vertex 88.4253 28.7037 2.4
      vertex 88.2865 28.4722 9.4
      vertex 88.2865 28.4722 2.4
    endloop
  endfacet
  facet normal -0.14671 -0.98918 0
    outer loop
      vertex 85.4635 27.3028 2.4
      vertex 85.7305 27.2632 9.4
      vertex 85.4635 27.3028 9.4
    endloop
  endfacet
  facet normal -0.14671 -0.98918 -0
    outer loop
      vertex 85.7305 27.2632 9.4
      vertex 85.4635 27.3028 2.4
      vertex 85.7305 27.2632 2.4
    endloop
  endfacet
  facet normal -0.671805 -0.740728 0
    outer loop
      vertex 84.0555 28.0555 2.4
      vertex 84.2554 27.8742 9.4
      vertex 84.0555 28.0555 9.4
    endloop
  endfacet
  facet normal -0.671805 -0.740728 -0
    outer loop
      vertex 84.2554 27.8742 9.4
      vertex 84.0555 28.0555 2.4
      vertex 84.2554 27.8742 2.4
    endloop
  endfacet
  facet normal -0.427688 -0.903926 0
    outer loop
      vertex 84.7037 27.5747 2.4
      vertex 84.9476 27.4593 9.4
      vertex 84.7037 27.5747 9.4
    endloop
  endfacet
  facet normal -0.427688 -0.903926 -0
    outer loop
      vertex 84.9476 27.4593 9.4
      vertex 84.7037 27.5747 2.4
      vertex 84.9476 27.4593 2.4
    endloop
  endfacet
  facet normal -0.0489209 -0.998803 0
    outer loop
      vertex 85.7305 27.2632 2.4
      vertex 86 27.25 9.4
      vertex 85.7305 27.2632 9.4
    endloop
  endfacet
  facet normal -0.0489209 -0.998803 -0
    outer loop
      vertex 86 27.25 9.4
      vertex 85.7305 27.2632 2.4
      vertex 86 27.25 2.4
    endloop
  endfacet
  facet normal -0.595485 -0.803367 0
    outer loop
      vertex 84.2554 27.8742 2.4
      vertex 84.4722 27.7135 9.4
      vertex 84.2554 27.8742 9.4
    endloop
  endfacet
  facet normal -0.595485 -0.803367 -0
    outer loop
      vertex 84.4722 27.7135 9.4
      vertex 84.2554 27.8742 2.4
      vertex 84.4722 27.7135 2.4
    endloop
  endfacet
  facet normal -0.903926 -0.427688 0
    outer loop
      vertex 83.5747 28.7037 2.4
      vertex 83.4593 28.9476 9.4
      vertex 83.4593 28.9476 2.4
    endloop
  endfacet
  facet normal -0.903926 -0.427688 0
    outer loop
      vertex 83.4593 28.9476 9.4
      vertex 83.5747 28.7037 2.4
      vertex 83.5747 28.7037 9.4
    endloop
  endfacet
  facet normal -0.857656 -0.514223 0
    outer loop
      vertex 83.7135 28.4722 2.4
      vertex 83.5747 28.7037 9.4
      vertex 83.5747 28.7037 2.4
    endloop
  endfacet
  facet normal -0.857656 -0.514223 0
    outer loop
      vertex 83.5747 28.7037 9.4
      vertex 83.7135 28.4722 2.4
      vertex 83.7135 28.4722 9.4
    endloop
  endfacet
  facet normal -0.998803 -0.0489209 0
    outer loop
      vertex 83.2632 29.7305 2.4
      vertex 83.25 30 9.4
      vertex 83.25 30 2.4
    endloop
  endfacet
  facet normal -0.998803 -0.0489209 0
    outer loop
      vertex 83.25 30 9.4
      vertex 83.2632 29.7305 2.4
      vertex 83.2632 29.7305 9.4
    endloop
  endfacet
  facet normal 0 0 -1
    outer loop
      vertex 88.7368 29.7305 2.4
      vertex 88.7368 30.2695 2.4
      vertex 88.75 30 2.4
    endloop
  endfacet
  facet normal 0 0 -1
    outer loop
      vertex 88.6972 29.4635 2.4
      vertex 88.7368 30.2695 2.4
      vertex 88.7368 29.7305 2.4
    endloop
  endfacet
  facet normal 0 0 -1
    outer loop
      vertex 88.6972 29.4635 2.4
      vertex 88.6972 30.5365 2.4
      vertex 88.7368 30.2695 2.4
    endloop
  endfacet
  facet normal 0 0 -1
    outer loop
      vertex 88.6316 29.2017 2.4
      vertex 88.6972 30.5365 2.4
      vertex 88.6972 29.4635 2.4
    endloop
  endfacet
  facet normal 0 0 -1
    outer loop
      vertex 88.6316 29.2017 2.4
      vertex 88.6316 30.7983 2.4
      vertex 88.6972 30.5365 2.4
    endloop
  endfacet
  facet normal 0 0 -1
    outer loop
      vertex 88.5407 28.9476 2.4
      vertex 88.6316 30.7983 2.4
      vertex 88.6316 29.2017 2.4
    endloop
  endfacet
  facet normal 0 0 -1
    outer loop
      vertex 88.5407 28.9476 2.4
      vertex 88.5407 31.0524 2.4
      vertex 88.6316 30.7983 2.4
    endloop
  endfacet
  facet normal 0 0 -1
    outer loop
      vertex 88.4253 28.7037 2.4
      vertex 88.5407 31.0524 2.4
      vertex 88.5407 28.9476 2.4
    endloop
  endfacet
  facet normal 0 0 -1
    outer loop
      vertex 88.4253 28.7037 2.4
      vertex 88.4253 31.2963 2.4
      vertex 88.5407 31.0524 2.4
    endloop
  endfacet
  facet normal 0 0 -1
    outer loop
      vertex 88.2865 28.4722 2.4
      vertex 88.4253 31.2963 2.4
      vertex 88.4253 28.7037 2.4
    endloop
  endfacet
  facet normal 0 0 -1
    outer loop
      vertex 88.2865 28.4722 2.4
      vertex 88.2865 31.5278 2.4
      vertex 88.4253 31.2963 2.4
    endloop
  endfacet
  facet normal 0 0 -1
    outer loop
      vertex 88.1258 28.2554 2.4
      vertex 88.2865 31.5278 2.4
      vertex 88.2865 28.4722 2.4
    endloop
  endfacet
  facet normal 0 0 -1
    outer loop
      vertex 88.1258 28.2554 2.4
      vertex 88.1258 31.7446 2.4
      vertex 88.2865 31.5278 2.4
    endloop
  endfacet
  facet normal 0 0 -1
    outer loop
      vertex 87.9445 28.0555 2.4
      vertex 88.1258 31.7446 2.4
      vertex 88.1258 28.2554 2.4
    endloop
  endfacet
  facet normal 0 0 -1
    outer loop
      vertex 87.9445 28.0555 2.4
      vertex 87.9445 31.9445 2.4
      vertex 88.1258 31.7446 2.4
    endloop
  endfacet
  facet normal 0 0 -1
    outer loop
      vertex 87.7446 27.8742 2.4
      vertex 87.9445 31.9445 2.4
      vertex 87.9445 28.0555 2.4
    endloop
  endfacet
  facet normal 0 0 -1
    outer loop
      vertex 87.7446 27.8742 2.4
      vertex 87.7446 32.1258 2.4
      vertex 87.9445 31.9445 2.4
    endloop
  endfacet
  facet normal 0 0 -1
    outer loop
      vertex 87.5278 27.7135 2.4
      vertex 87.7446 32.1258 2.4
      vertex 87.7446 27.8742 2.4
    endloop
  endfacet
  facet normal 0 0 -1
    outer loop
      vertex 87.5278 27.7135 2.4
      vertex 87.5278 32.2865 2.4
      vertex 87.7446 32.1258 2.4
    endloop
  endfacet
  facet normal 0 0 -1
    outer loop
      vertex 87.2963 27.5747 2.4
      vertex 87.5278 32.2865 2.4
      vertex 87.5278 27.7135 2.4
    endloop
  endfacet
  facet normal 0 0 -1
    outer loop
      vertex 87.2963 27.5747 2.4
      vertex 87.2963 32.4253 2.4
      vertex 87.5278 32.2865 2.4
    endloop
  endfacet
  facet normal 0 0 -1
    outer loop
      vertex 87.0524 27.4593 2.4
      vertex 87.2963 32.4253 2.4
      vertex 87.2963 27.5747 2.4
    endloop
  endfacet
  facet normal 0 0 -1
    outer loop
      vertex 87.0524 27.4593 2.4
      vertex 87.0524 32.5407 2.4
      vertex 87.2963 32.4253 2.4
    endloop
  endfacet
  facet normal 0 0 -1
    outer loop
      vertex 86.7983 27.3684 2.4
      vertex 87.0524 32.5407 2.4
      vertex 87.0524 27.4593 2.4
    endloop
  endfacet
  facet normal 0 0 -1
    outer loop
      vertex 86.7983 27.3684 2.4
      vertex 86.7983 32.6316 2.4
      vertex 87.0524 32.5407 2.4
    endloop
  endfacet
  facet normal 0 0 -1
    outer loop
      vertex 86.5365 27.3028 2.4
      vertex 86.7983 32.6316 2.4
      vertex 86.7983 27.3684 2.4
    endloop
  endfacet
  facet normal 0 0 -1
    outer loop
      vertex 86.5365 27.3028 2.4
      vertex 86.5365 32.6972 2.4
      vertex 86.7983 32.6316 2.4
    endloop
  endfacet
  facet normal 0 0 -1
    outer loop
      vertex 86.2695 27.2632 2.4
      vertex 86.5365 32.6972 2.4
      vertex 86.5365 27.3028 2.4
    endloop
  endfacet
  facet normal 0 0 -1
    outer loop
      vertex 86.2695 27.2632 2.4
      vertex 86.2695 32.7368 2.4
      vertex 86.5365 32.6972 2.4
    endloop
  endfacet
  facet normal 0 0 -1
    outer loop
      vertex 86 27.25 2.4
      vertex 86.2695 32.7368 2.4
      vertex 86.2695 27.2632 2.4
    endloop
  endfacet
  facet normal 0 0 -1
    outer loop
      vertex 86 27.25 2.4
      vertex 86 32.75 2.4
      vertex 86.2695 32.7368 2.4
    endloop
  endfacet
  facet normal 0 0 -1
    outer loop
      vertex 85.7305 27.2632 2.4
      vertex 86 32.75 2.4
      vertex 86 27.25 2.4
    endloop
  endfacet
  facet normal 0 0 -1
    outer loop
      vertex 85.7305 27.2632 2.4
      vertex 85.7305 32.7368 2.4
      vertex 86 32.75 2.4
    endloop
  endfacet
  facet normal 0 0 -1
    outer loop
      vertex 85.4635 27.3028 2.4
      vertex 85.7305 32.7368 2.4
      vertex 85.7305 27.2632 2.4
    endloop
  endfacet
  facet normal 0 0 -1
    outer loop
      vertex 85.4635 27.3028 2.4
      vertex 85.4635 32.6972 2.4
      vertex 85.7305 32.7368 2.4
    endloop
  endfacet
  facet normal 0 0 -1
    outer loop
      vertex 85.2017 27.3684 2.4
      vertex 85.4635 32.6972 2.4
      vertex 85.4635 27.3028 2.4
    endloop
  endfacet
  facet normal 0 0 -1
    outer loop
      vertex 85.2017 27.3684 2.4
      vertex 85.2017 32.6316 2.4
      vertex 85.4635 32.6972 2.4
    endloop
  endfacet
  facet normal 0 0 -1
    outer loop
      vertex 84.9476 27.4593 2.4
      vertex 85.2017 32.6316 2.4
      vertex 85.2017 27.3684 2.4
    endloop
  endfacet
  facet normal 0 0 -1
    outer loop
      vertex 84.9476 27.4593 2.4
      vertex 84.9476 32.5407 2.4
      vertex 85.2017 32.6316 2.4
    endloop
  endfacet
  facet normal 0 0 -1
    outer loop
      vertex 84.7037 27.5747 2.4
      vertex 84.9476 32.5407 2.4
      vertex 84.9476 27.4593 2.4
    endloop
  endfacet
  facet normal 0 0 -1
    outer loop
      vertex 84.7037 27.5747 2.4
      vertex 84.7037 32.4253 2.4
      vertex 84.9476 32.5407 2.4
    endloop
  endfacet
  facet normal 0 0 -1
    outer loop
      vertex 84.4722 27.7135 2.4
      vertex 84.7037 32.4253 2.4
      vertex 84.7037 27.5747 2.4
    endloop
  endfacet
  facet normal 0 0 -1
    outer loop
      vertex 84.4722 27.7135 2.4
      vertex 84.4722 32.2865 2.4
      vertex 84.7037 32.4253 2.4
    endloop
  endfacet
  facet normal 0 0 -1
    outer loop
      vertex 84.2554 27.8742 2.4
      vertex 84.4722 32.2865 2.4
      vertex 84.4722 27.7135 2.4
    endloop
  endfacet
  facet normal 0 0 -1
    outer loop
      vertex 84.2554 27.8742 2.4
      vertex 84.2554 32.1258 2.4
      vertex 84.4722 32.2865 2.4
    endloop
  endfacet
  facet normal 0 0 -1
    outer loop
      vertex 84.0555 28.0555 2.4
      vertex 84.2554 32.1258 2.4
      vertex 84.2554 27.8742 2.4
    endloop
  endfacet
  facet normal 0 0 -1
    outer loop
      vertex 84.0555 28.0555 2.4
      vertex 84.0555 31.9445 2.4
      vertex 84.2554 32.1258 2.4
    endloop
  endfacet
  facet normal 0 0 -1
    outer loop
      vertex 83.8742 28.2554 2.4
      vertex 84.0555 31.9445 2.4
      vertex 84.0555 28.0555 2.4
    endloop
  endfacet
  facet normal 0 0 -1
    outer loop
      vertex 83.8742 28.2554 2.4
      vertex 83.8742 31.7446 2.4
      vertex 84.0555 31.9445 2.4
    endloop
  endfacet
  facet normal 0 0 -1
    outer loop
      vertex 83.7135 28.4722 2.4
      vertex 83.8742 31.7446 2.4
      vertex 83.8742 28.2554 2.4
    endloop
  endfacet
  facet normal 0 0 -1
    outer loop
      vertex 83.7135 28.4722 2.4
      vertex 83.7135 31.5278 2.4
      vertex 83.8742 31.7446 2.4
    endloop
  endfacet
  facet normal 0 0 -1
    outer loop
      vertex 83.5747 28.7037 2.4
      vertex 83.7135 31.5278 2.4
      vertex 83.7135 28.4722 2.4
    endloop
  endfacet
  facet normal 0 0 -1
    outer loop
      vertex 83.5747 28.7037 2.4
      vertex 83.5747 31.2963 2.4
      vertex 83.7135 31.5278 2.4
    endloop
  endfacet
  facet normal 0 0 -1
    outer loop
      vertex 83.4593 28.9476 2.4
      vertex 83.5747 31.2963 2.4
      vertex 83.5747 28.7037 2.4
    endloop
  endfacet
  facet normal 0 0 -1
    outer loop
      vertex 83.4593 28.9476 2.4
      vertex 83.4593 31.0524 2.4
      vertex 83.5747 31.2963 2.4
    endloop
  endfacet
  facet normal 0 0 -1
    outer loop
      vertex 83.3684 29.2017 2.4
      vertex 83.4593 31.0524 2.4
      vertex 83.4593 28.9476 2.4
    endloop
  endfacet
  facet normal 0 0 -1
    outer loop
      vertex 83.3684 29.2017 2.4
      vertex 83.3684 30.7983 2.4
      vertex 83.4593 31.0524 2.4
    endloop
  endfacet
  facet normal 0 0 -1
    outer loop
      vertex 83.3028 29.4635 2.4
      vertex 83.3684 30.7983 2.4
      vertex 83.3684 29.2017 2.4
    endloop
  endfacet
  facet normal 0 0 -1
    outer loop
      vertex 83.3028 29.4635 2.4
      vertex 83.3028 30.5365 2.4
      vertex 83.3684 30.7983 2.4
    endloop
  endfacet
  facet normal 0 0 -1
    outer loop
      vertex 83.2632 29.7305 2.4
      vertex 83.3028 30.5365 2.4
      vertex 83.3028 29.4635 2.4
    endloop
  endfacet
  facet normal 0 0 -1
    outer loop
      vertex 83.2632 29.7305 2.4
      vertex 83.2632 30.2695 2.4
      vertex 83.3028 30.5365 2.4
    endloop
  endfacet
  facet normal 0 -0 -1
    outer loop
      vertex 83.2632 30.2695 2.4
      vertex 83.2632 29.7305 2.4
      vertex 83.25 30 2.4
    endloop
  endfacet
  facet normal 0.98918 0.14671 0
    outer loop
      vertex 88.7368 30.2695 9.4
      vertex 88.6972 30.5365 2.4
      vertex 88.6972 30.5365 9.4
    endloop
  endfacet
  facet normal 0.98918 0.14671 0
    outer loop
      vertex 88.6972 30.5365 2.4
      vertex 88.7368 30.2695 9.4
      vertex 88.7368 30.2695 2.4
    endloop
  endfacet
  facet normal 0.740728 0.671805 0
    outer loop
      vertex 88.1258 31.7446 9.4
      vertex 87.9445 31.9445 2.4
      vertex 87.9445 31.9445 9.4
    endloop
  endfacet
  facet normal 0.740728 0.671805 0
    outer loop
      vertex 87.9445 31.9445 2.4
      vertex 88.1258 31.7446 9.4
      vertex 88.1258 31.7446 2.4
    endloop
  endfacet
  facet normal 0.14671 0.98918 -0
    outer loop
      vertex 86.5365 32.6972 2.4
      vertex 86.2695 32.7368 9.4
      vertex 86.5365 32.6972 9.4
    endloop
  endfacet
  facet normal 0.14671 0.98918 0
    outer loop
      vertex 86.2695 32.7368 9.4
      vertex 86.5365 32.6972 2.4
      vertex 86.2695 32.7368 2.4
    endloop
  endfacet
  facet normal 0.336829 0.941566 -0
    outer loop
      vertex 87.0524 32.5407 2.4
      vertex 86.7983 32.6316 9.4
      vertex 87.0524 32.5407 9.4
    endloop
  endfacet
  facet normal 0.336829 0.941566 0
    outer loop
      vertex 86.7983 32.6316 9.4
      vertex 87.0524 32.5407 2.4
      vertex 86.7983 32.6316 2.4
    endloop
  endfacet
  facet normal -0.740728 0.671805 0
    outer loop
      vertex 83.8742 31.7446 2.4
      vertex 84.0555 31.9445 9.4
      vertex 84.0555 31.9445 2.4
    endloop
  endfacet
  facet normal -0.740728 0.671805 0
    outer loop
      vertex 84.0555 31.9445 9.4
      vertex 83.8742 31.7446 2.4
      vertex 83.8742 31.7446 9.4
    endloop
  endfacet
  facet normal 0 0 1
    outer loop
      vertex 87.2 30 9.4
      vertex 88.75 30 9.4
      vertex 88.7368 30.2695 9.4
    endloop
  endfacet
  facet normal 0 0 1
    outer loop
      vertex 87.1942 30.1176 9.4
      vertex 88.7368 30.2695 9.4
      vertex 88.6972 30.5365 9.4
    endloop
  endfacet
  facet normal 0 0 1
    outer loop
      vertex 88.75 30 9.4
      vertex 87.2 30 9.4
      vertex 88.7368 29.7305 9.4
    endloop
  endfacet
  facet normal 0 0 1
    outer loop
      vertex 87.1769 30.2341 9.4
      vertex 88.6972 30.5365 9.4
      vertex 88.6316 30.7983 9.4
    endloop
  endfacet
  facet normal -0 0 1
    outer loop
      vertex 87.1942 29.8824 9.4
      vertex 88.7368 29.7305 9.4
      vertex 87.2 30 9.4
    endloop
  endfacet
  facet normal 0 0 1
    outer loop
      vertex 87.1483 30.3483 9.4
      vertex 88.6316 30.7983 9.4
      vertex 88.5407 31.0524 9.4
    endloop
  endfacet
  facet normal 0 0 1
    outer loop
      vertex 88.7368 29.7305 9.4
      vertex 87.1942 29.8824 9.4
      vertex 88.6972 29.4635 9.4
    endloop
  endfacet
  facet normal 0 0 1
    outer loop
      vertex 87.1087 30.4592 9.4
      vertex 88.5407 31.0524 9.4
      vertex 88.4253 31.2963 9.4
    endloop
  endfacet
  facet normal -0 0 1
    outer loop
      vertex 87.1769 29.7659 9.4
      vertex 88.6972 29.4635 9.4
      vertex 87.1942 29.8824 9.4
    endloop
  endfacet
  facet normal 0 0 1
    outer loop
      vertex 87.0583 30.5657 9.4
      vertex 88.4253 31.2963 9.4
      vertex 88.2865 31.5278 9.4
    endloop
  endfacet
  facet normal 0 0 1
    outer loop
      vertex 88.6972 29.4635 9.4
      vertex 87.1769 29.7659 9.4
      vertex 88.6316 29.2017 9.4
    endloop
  endfacet
  facet normal 0 0 1
    outer loop
      vertex 86.9978 30.6667 9.4
      vertex 88.2865 31.5278 9.4
      vertex 88.1258 31.7446 9.4
    endloop
  endfacet
  facet normal -0 0 1
    outer loop
      vertex 87.1483 29.6517 9.4
      vertex 88.6316 29.2017 9.4
      vertex 87.1769 29.7659 9.4
    endloop
  endfacet
  facet normal 0 0 1
    outer loop
      vertex 86.9276 30.7613 9.4
      vertex 88.1258 31.7446 9.4
      vertex 87.9445 31.9445 9.4
    endloop
  endfacet
  facet normal 0 0 1
    outer loop
      vertex 88.6316 29.2017 9.4
      vertex 87.1483 29.6517 9.4
      vertex 88.5407 28.9476 9.4
    endloop
  endfacet
  facet normal 0 0 1
    outer loop
      vertex 86.8485 30.8485 9.4
      vertex 87.9445 31.9445 9.4
      vertex 87.7446 32.1258 9.4
    endloop
  endfacet
  facet normal -0 0 1
    outer loop
      vertex 87.1087 29.5408 9.4
      vertex 88.5407 28.9476 9.4
      vertex 87.1483 29.6517 9.4
    endloop
  endfacet
  facet normal 0 0 1
    outer loop
      vertex 86.7613 30.9276 9.4
      vertex 87.7446 32.1258 9.4
      vertex 87.5278 32.2865 9.4
    endloop
  endfacet
  facet normal 0 0 1
    outer loop
      vertex 88.5407 28.9476 9.4
      vertex 87.1087 29.5408 9.4
      vertex 88.4253 28.7037 9.4
    endloop
  endfacet
  facet normal 0 0 1
    outer loop
      vertex 86.6667 30.9978 9.4
      vertex 87.5278 32.2865 9.4
      vertex 87.2963 32.4253 9.4
    endloop
  endfacet
  facet normal -0 0 1
    outer loop
      vertex 87.0583 29.4343 9.4
      vertex 88.4253 28.7037 9.4
      vertex 87.1087 29.5408 9.4
    endloop
  endfacet
  facet normal 0 0 1
    outer loop
      vertex 88.4253 28.7037 9.4
      vertex 87.0583 29.4343 9.4
      vertex 88.2865 28.4722 9.4
    endloop
  endfacet
  facet normal 0 0 1
    outer loop
      vertex 88.7368 30.2695 9.4
      vertex 87.1942 30.1176 9.4
      vertex 87.2 30 9.4
    endloop
  endfacet
  facet normal 0 0 1
    outer loop
      vertex 88.6972 30.5365 9.4
      vertex 87.1769 30.2341 9.4
      vertex 87.1942 30.1176 9.4
    endloop
  endfacet
  facet normal 0 0 1
    outer loop
      vertex 88.6316 30.7983 9.4
      vertex 87.1483 30.3483 9.4
      vertex 87.1769 30.2341 9.4
    endloop
  endfacet
  facet normal 0 0 1
    outer loop
      vertex 88.5407 31.0524 9.4
      vertex 87.1087 30.4592 9.4
      vertex 87.1483 30.3483 9.4
    endloop
  endfacet
  facet normal 0 0 1
    outer loop
      vertex 88.4253 31.2963 9.4
      vertex 87.0583 30.5657 9.4
      vertex 87.1087 30.4592 9.4
    endloop
  endfacet
  facet normal 0 0 1
    outer loop
      vertex 86.5657 31.0583 9.4
      vertex 87.2963 32.4253 9.4
      vertex 87.0524 32.5407 9.4
    endloop
  endfacet
  facet normal 0 0 1
    outer loop
      vertex 88.2865 31.5278 9.4
      vertex 86.9978 30.6667 9.4
      vertex 87.0583 30.5657 9.4
    endloop
  endfacet
  facet normal 0 0 1
    outer loop
      vertex 88.1258 31.7446 9.4
      vertex 86.9276 30.7613 9.4
      vertex 86.9978 30.6667 9.4
    endloop
  endfacet
  facet normal 0 0 1
    outer loop
      vertex 87.9445 31.9445 9.4
      vertex 86.8485 30.8485 9.4
      vertex 86.9276 30.7613 9.4
    endloop
  endfacet
  facet normal 0 0 1
    outer loop
      vertex 86.4592 31.1087 9.4
      vertex 87.0524 32.5407 9.4
      vertex 86.7983 32.6316 9.4
    endloop
  endfacet
  facet normal 0 0 1
    outer loop
      vertex 87.7446 32.1258 9.4
      vertex 86.7613 30.9276 9.4
      vertex 86.8485 30.8485 9.4
    endloop
  endfacet
  facet normal 0 0 1
    outer loop
      vertex 87.5278 32.2865 9.4
      vertex 86.6667 30.9978 9.4
      vertex 86.7613 30.9276 9.4
    endloop
  endfacet
  facet normal 0 0 1
    outer loop
      vertex 87.2963 32.4253 9.4
      vertex 86.5657 31.0583 9.4
      vertex 86.6667 30.9978 9.4
    endloop
  endfacet
  facet normal 0 0 1
    outer loop
      vertex 86.3483 31.1483 9.4
      vertex 86.7983 32.6316 9.4
      vertex 86.5365 32.6972 9.4
    endloop
  endfacet
  facet normal 0 0 1
    outer loop
      vertex 87.0524 32.5407 9.4
      vertex 86.4592 31.1087 9.4
      vertex 86.5657 31.0583 9.4
    endloop
  endfacet
  facet normal 0 0 1
    outer loop
      vertex 86.7983 32.6316 9.4
      vertex 86.3483 31.1483 9.4
      vertex 86.4592 31.1087 9.4
    endloop
  endfacet
  facet normal 0 0 1
    outer loop
      vertex 86.2341 31.1769 9.4
      vertex 86.5365 32.6972 9.4
      vertex 86.2695 32.7368 9.4
    endloop
  endfacet
  facet normal 0 0 1
    outer loop
      vertex 86.5365 32.6972 9.4
      vertex 86.2341 31.1769 9.4
      vertex 86.3483 31.1483 9.4
    endloop
  endfacet
  facet normal 0 0 1
    outer loop
      vertex 86.2695 32.7368 9.4
      vertex 86.1176 31.1942 9.4
      vertex 86.2341 31.1769 9.4
    endloop
  endfacet
  facet normal 0 0 1
    outer loop
      vertex 86 32.75 9.4
      vertex 86.1176 31.1942 9.4
      vertex 86.2695 32.7368 9.4
    endloop
  endfacet
  facet normal 0 0 1
    outer loop
      vertex 86 32.75 9.4
      vertex 86 31.2 9.4
      vertex 86.1176 31.1942 9.4
    endloop
  endfacet
  facet normal 0 0 1
    outer loop
      vertex 86 32.75 9.4
      vertex 85.8824 31.1942 9.4
      vertex 86 31.2 9.4
    endloop
  endfacet
  facet normal -0 0 1
    outer loop
      vertex 85.7305 32.7368 9.4
      vertex 85.8824 31.1942 9.4
      vertex 86 32.75 9.4
    endloop
  endfacet
  facet normal 0 0 1
    outer loop
      vertex 85.8824 31.1942 9.4
      vertex 85.7305 32.7368 9.4
      vertex 85.7659 31.1769 9.4
    endloop
  endfacet
  facet normal -0 0 1
    outer loop
      vertex 85.4635 32.6972 9.4
      vertex 85.7659 31.1769 9.4
      vertex 85.7305 32.7368 9.4
    endloop
  endfacet
  facet normal 0 0 1
    outer loop
      vertex 85.7659 31.1769 9.4
      vertex 85.4635 32.6972 9.4
      vertex 85.6517 31.1483 9.4
    endloop
  endfacet
  facet normal -0 0 1
    outer loop
      vertex 85.2017 32.6316 9.4
      vertex 85.6517 31.1483 9.4
      vertex 85.4635 32.6972 9.4
    endloop
  endfacet
  facet normal 0 0 1
    outer loop
      vertex 85.6517 31.1483 9.4
      vertex 85.2017 32.6316 9.4
      vertex 85.5408 31.1087 9.4
    endloop
  endfacet
  facet normal -0 0 1
    outer loop
      vertex 84.9476 32.5407 9.4
      vertex 85.5408 31.1087 9.4
      vertex 85.2017 32.6316 9.4
    endloop
  endfacet
  facet normal 0 0 1
    outer loop
      vertex 85.5408 31.1087 9.4
      vertex 84.9476 32.5407 9.4
      vertex 85.4343 31.0583 9.4
    endloop
  endfacet
  facet normal -0 0 1
    outer loop
      vertex 84.7037 32.4253 9.4
      vertex 85.4343 31.0583 9.4
      vertex 84.9476 32.5407 9.4
    endloop
  endfacet
  facet normal 0 0 1
    outer loop
      vertex 85.4343 31.0583 9.4
      vertex 84.7037 32.4253 9.4
      vertex 85.3333 30.9978 9.4
    endloop
  endfacet
  facet normal -0 0 1
    outer loop
      vertex 84.4722 32.2865 9.4
      vertex 85.3333 30.9978 9.4
      vertex 84.7037 32.4253 9.4
    endloop
  endfacet
  facet normal 0 0 1
    outer loop
      vertex 85.3333 30.9978 9.4
      vertex 84.4722 32.2865 9.4
      vertex 85.2387 30.9276 9.4
    endloop
  endfacet
  facet normal -0 0 1
    outer loop
      vertex 84.2554 32.1258 9.4
      vertex 85.2387 30.9276 9.4
      vertex 84.4722 32.2865 9.4
    endloop
  endfacet
  facet normal 0 0 1
    outer loop
      vertex 85.2387 30.9276 9.4
      vertex 84.2554 32.1258 9.4
      vertex 85.1515 30.8485 9.4
    endloop
  endfacet
  facet normal -0 0 1
    outer loop
      vertex 84.0555 31.9445 9.4
      vertex 85.1515 30.8485 9.4
      vertex 84.2554 32.1258 9.4
    endloop
  endfacet
  facet normal 0 0 1
    outer loop
      vertex 85.1515 30.8485 9.4
      vertex 84.0555 31.9445 9.4
      vertex 85.0724 30.7613 9.4
    endloop
  endfacet
  facet normal -0 0 1
    outer loop
      vertex 83.8742 31.7446 9.4
      vertex 85.0724 30.7613 9.4
      vertex 84.0555 31.9445 9.4
    endloop
  endfacet
  facet normal 0 0 1
    outer loop
      vertex 85.0724 30.7613 9.4
      vertex 83.8742 31.7446 9.4
      vertex 85.0022 30.6667 9.4
    endloop
  endfacet
  facet normal 0 0 1
    outer loop
      vertex 85.0022 30.6667 9.4
      vertex 83.7135 31.5278 9.4
      vertex 84.9417 30.5657 9.4
    endloop
  endfacet
  facet normal -0 0 1
    outer loop
      vertex 83.7135 31.5278 9.4
      vertex 85.0022 30.6667 9.4
      vertex 83.8742 31.7446 9.4
    endloop
  endfacet
  facet normal -0 0 1
    outer loop
      vertex 86.9978 29.3333 9.4
      vertex 88.2865 28.4722 9.4
      vertex 87.0583 29.4343 9.4
    endloop
  endfacet
  facet normal 0 0 1
    outer loop
      vertex 88.2865 28.4722 9.4
      vertex 86.9978 29.3333 9.4
      vertex 88.1258 28.2554 9.4
    endloop
  endfacet
  facet normal -0 0 1
    outer loop
      vertex 86.9276 29.2387 9.4
      vertex 88.1258 28.2554 9.4
      vertex 86.9978 29.3333 9.4
    endloop
  endfacet
  facet normal 0 0 1
    outer loop
      vertex 88.1258 28.2554 9.4
      vertex 86.9276 29.2387 9.4
      vertex 87.9445 28.0555 9.4
    endloop
  endfacet
  facet normal -0 0 1
    outer loop
      vertex 86.8485 29.1515 9.4
      vertex 87.9445 28.0555 9.4
      vertex 86.9276 29.2387 9.4
    endloop
  endfacet
  facet normal 0 0 1
    outer loop
      vertex 87.9445 28.0555 9.4
      vertex 86.8485 29.1515 9.4
      vertex 87.7446 27.8742 9.4
    endloop
  endfacet
  facet normal -0 0 1
    outer loop
      vertex 86.7613 29.0724 9.4
      vertex 87.7446 27.8742 9.4
      vertex 86.8485 29.1515 9.4
    endloop
  endfacet
  facet normal 0 0 1
    outer loop
      vertex 87.7446 27.8742 9.4
      vertex 86.7613 29.0724 9.4
      vertex 87.5278 27.7135 9.4
    endloop
  endfacet
  facet normal -0 0 1
    outer loop
      vertex 86.6667 29.0022 9.4
      vertex 87.5278 27.7135 9.4
      vertex 86.7613 29.0724 9.4
    endloop
  endfacet
  facet normal 0 0 1
    outer loop
      vertex 87.5278 27.7135 9.4
      vertex 86.6667 29.0022 9.4
      vertex 87.2963 27.5747 9.4
    endloop
  endfacet
  facet normal -0 0 1
    outer loop
      vertex 86.5657 28.9417 9.4
      vertex 87.2963 27.5747 9.4
      vertex 86.6667 29.0022 9.4
    endloop
  endfacet
  facet normal 0 0 1
    outer loop
      vertex 87.2963 27.5747 9.4
      vertex 86.5657 28.9417 9.4
      vertex 87.0524 27.4593 9.4
    endloop
  endfacet
  facet normal -0 0 1
    outer loop
      vertex 86.4592 28.8913 9.4
      vertex 87.0524 27.4593 9.4
      vertex 86.5657 28.9417 9.4
    endloop
  endfacet
  facet normal 0 0 1
    outer loop
      vertex 87.0524 27.4593 9.4
      vertex 86.4592 28.8913 9.4
      vertex 86.7983 27.3684 9.4
    endloop
  endfacet
  facet normal -0 0 1
    outer loop
      vertex 86.3483 28.8517 9.4
      vertex 86.7983 27.3684 9.4
      vertex 86.4592 28.8913 9.4
    endloop
  endfacet
  facet normal 0 0 1
    outer loop
      vertex 86.7983 27.3684 9.4
      vertex 86.3483 28.8517 9.4
      vertex 86.5365 27.3028 9.4
    endloop
  endfacet
  facet normal -0 0 1
    outer loop
      vertex 86.2341 28.8231 9.4
      vertex 86.5365 27.3028 9.4
      vertex 86.3483 28.8517 9.4
    endloop
  endfacet
  facet normal 0 0 1
    outer loop
      vertex 86.5365 27.3028 9.4
      vertex 86.2341 28.8231 9.4
      vertex 86.2695 27.2632 9.4
    endloop
  endfacet
  facet normal -0 0 1
    outer loop
      vertex 86.1176 28.8058 9.4
      vertex 86.2695 27.2632 9.4
      vertex 86.2341 28.8231 9.4
    endloop
  endfacet
  facet normal -0 0 1
    outer loop
      vertex 86 28.8 9.4
      vertex 86.2695 27.2632 9.4
      vertex 86.1176 28.8058 9.4
    endloop
  endfacet
  facet normal 0 0 1
    outer loop
      vertex 86 28.8 9.4
      vertex 86 27.25 9.4
      vertex 86.2695 27.2632 9.4
    endloop
  endfacet
  facet normal 0 0 1
    outer loop
      vertex 85.8824 28.8058 9.4
      vertex 86 27.25 9.4
      vertex 86 28.8 9.4
    endloop
  endfacet
  facet normal 0 0 1
    outer loop
      vertex 85.7305 27.2632 9.4
      vertex 85.8824 28.8058 9.4
      vertex 85.7659 28.8231 9.4
    endloop
  endfacet
  facet normal 0 0 1
    outer loop
      vertex 85.8824 28.8058 9.4
      vertex 85.7305 27.2632 9.4
      vertex 86 27.25 9.4
    endloop
  endfacet
  facet normal 0 0 1
    outer loop
      vertex 85.4635 27.3028 9.4
      vertex 85.7659 28.8231 9.4
      vertex 85.6517 28.8517 9.4
    endloop
  endfacet
  facet normal 0 0 1
    outer loop
      vertex 85.2017 27.3684 9.4
      vertex 85.6517 28.8517 9.4
      vertex 85.5408 28.8913 9.4
    endloop
  endfacet
  facet normal 0 0 1
    outer loop
      vertex 85.7659 28.8231 9.4
      vertex 85.4635 27.3028 9.4
      vertex 85.7305 27.2632 9.4
    endloop
  endfacet
  facet normal 0 0 1
    outer loop
      vertex 84.9476 27.4593 9.4
      vertex 85.5408 28.8913 9.4
      vertex 85.4343 28.9417 9.4
    endloop
  endfacet
  facet normal 0 0 1
    outer loop
      vertex 84.7037 27.5747 9.4
      vertex 85.4343 28.9417 9.4
      vertex 85.3333 29.0022 9.4
    endloop
  endfacet
  facet normal 0 0 1
    outer loop
      vertex 84.4722 27.7135 9.4
      vertex 85.3333 29.0022 9.4
      vertex 85.2387 29.0724 9.4
    endloop
  endfacet
  facet normal 0 0 1
    outer loop
      vertex 85.6517 28.8517 9.4
      vertex 85.2017 27.3684 9.4
      vertex 85.4635 27.3028 9.4
    endloop
  endfacet
  facet normal 0 0 1
    outer loop
      vertex 84.2554 27.8742 9.4
      vertex 85.2387 29.0724 9.4
      vertex 85.1515 29.1515 9.4
    endloop
  endfacet
  facet normal 0 0 1
    outer loop
      vertex 84.0555 28.0555 9.4
      vertex 85.1515 29.1515 9.4
      vertex 85.0724 29.2387 9.4
    endloop
  endfacet
  facet normal 0 0 1
    outer loop
      vertex 83.8742 28.2554 9.4
      vertex 85.0724 29.2387 9.4
      vertex 85.0022 29.3333 9.4
    endloop
  endfacet
  facet normal 0 0 1
    outer loop
      vertex 85.5408 28.8913 9.4
      vertex 84.9476 27.4593 9.4
      vertex 85.2017 27.3684 9.4
    endloop
  endfacet
  facet normal 0 0 1
    outer loop
      vertex 83.7135 28.4722 9.4
      vertex 85.0022 29.3333 9.4
      vertex 84.9417 29.4343 9.4
    endloop
  endfacet
  facet normal 0 0 1
    outer loop
      vertex 83.5747 28.7037 9.4
      vertex 84.9417 29.4343 9.4
      vertex 84.8913 29.5408 9.4
    endloop
  endfacet
  facet normal 0 0 1
    outer loop
      vertex 83.4593 28.9476 9.4
      vertex 84.8913 29.5408 9.4
      vertex 84.8517 29.6517 9.4
    endloop
  endfacet
  facet normal 0 0 1
    outer loop
      vertex 83.3684 29.2017 9.4
      vertex 84.8517 29.6517 9.4
      vertex 84.8231 29.7659 9.4
    endloop
  endfacet
  facet normal 0 0 1
    outer loop
      vertex 83.3028 29.4635 9.4
      vertex 84.8231 29.7659 9.4
      vertex 84.8058 29.8824 9.4
    endloop
  endfacet
  facet normal 0 0 1
    outer loop
      vertex 85.4343 28.9417 9.4
      vertex 84.7037 27.5747 9.4
      vertex 84.9476 27.4593 9.4
    endloop
  endfacet
  facet normal 0 0 1
    outer loop
      vertex 83.2632 29.7305 9.4
      vertex 84.8058 29.8824 9.4
      vertex 84.8 30 9.4
    endloop
  endfacet
  facet normal -0 0 1
    outer loop
      vertex 83.5747 31.2963 9.4
      vertex 84.9417 30.5657 9.4
      vertex 83.7135 31.5278 9.4
    endloop
  endfacet
  facet normal 0 0 1
    outer loop
      vertex 84.9417 30.5657 9.4
      vertex 83.5747 31.2963 9.4
      vertex 84.8913 30.4592 9.4
    endloop
  endfacet
  facet normal 0 0 1
    outer loop
      vertex 85.3333 29.0022 9.4
      vertex 84.4722 27.7135 9.4
      vertex 84.7037 27.5747 9.4
    endloop
  endfacet
  facet normal -0 0 1
    outer loop
      vertex 83.4593 31.0524 9.4
      vertex 84.8913 30.4592 9.4
      vertex 83.5747 31.2963 9.4
    endloop
  endfacet
  facet normal 0 0 1
    outer loop
      vertex 85.2387 29.0724 9.4
      vertex 84.2554 27.8742 9.4
      vertex 84.4722 27.7135 9.4
    endloop
  endfacet
  facet normal 0 0 1
    outer loop
      vertex 84.8913 30.4592 9.4
      vertex 83.4593 31.0524 9.4
      vertex 84.8517 30.3483 9.4
    endloop
  endfacet
  facet normal 0 0 1
    outer loop
      vertex 85.1515 29.1515 9.4
      vertex 84.0555 28.0555 9.4
      vertex 84.2554 27.8742 9.4
    endloop
  endfacet
  facet normal -0 0 1
    outer loop
      vertex 83.3684 30.7983 9.4
      vertex 84.8517 30.3483 9.4
      vertex 83.4593 31.0524 9.4
    endloop
  endfacet
  facet normal 0 0 1
    outer loop
      vertex 85.0724 29.2387 9.4
      vertex 83.8742 28.2554 9.4
      vertex 84.0555 28.0555 9.4
    endloop
  endfacet
  facet normal 0 0 1
    outer loop
      vertex 84.8517 30.3483 9.4
      vertex 83.3684 30.7983 9.4
      vertex 84.8231 30.2341 9.4
    endloop
  endfacet
  facet normal 0 0 1
    outer loop
      vertex 85.0022 29.3333 9.4
      vertex 83.7135 28.4722 9.4
      vertex 83.8742 28.2554 9.4
    endloop
  endfacet
  facet normal -0 0 1
    outer loop
      vertex 83.3028 30.5365 9.4
      vertex 84.8231 30.2341 9.4
      vertex 83.3684 30.7983 9.4
    endloop
  endfacet
  facet normal 0 0 1
    outer loop
      vertex 84.9417 29.4343 9.4
      vertex 83.5747 28.7037 9.4
      vertex 83.7135 28.4722 9.4
    endloop
  endfacet
  facet normal 0 0 1
    outer loop
      vertex 84.8231 30.2341 9.4
      vertex 83.3028 30.5365 9.4
      vertex 84.8058 30.1176 9.4
    endloop
  endfacet
  facet normal 0 0 1
    outer loop
      vertex 84.8913 29.5408 9.4
      vertex 83.4593 28.9476 9.4
      vertex 83.5747 28.7037 9.4
    endloop
  endfacet
  facet normal -0 0 1
    outer loop
      vertex 83.2632 30.2695 9.4
      vertex 84.8058 30.1176 9.4
      vertex 83.3028 30.5365 9.4
    endloop
  endfacet
  facet normal 0 0 1
    outer loop
      vertex 84.8517 29.6517 9.4
      vertex 83.3684 29.2017 9.4
      vertex 83.4593 28.9476 9.4
    endloop
  endfacet
  facet normal 0 0 1
    outer loop
      vertex 84.8058 30.1176 9.4
      vertex 83.2632 30.2695 9.4
      vertex 84.8 30 9.4
    endloop
  endfacet
  facet normal 0 0 1
    outer loop
      vertex 84.8231 29.7659 9.4
      vertex 83.3028 29.4635 9.4
      vertex 83.3684 29.2017 9.4
    endloop
  endfacet
  facet normal 0 0 1
    outer loop
      vertex 83.25 30 9.4
      vertex 84.8 30 9.4
      vertex 83.2632 30.2695 9.4
    endloop
  endfacet
  facet normal 0 0 1
    outer loop
      vertex 84.8058 29.8824 9.4
      vertex 83.2632 29.7305 9.4
      vertex 83.3028 29.4635 9.4
    endloop
  endfacet
  facet normal 0 0 1
    outer loop
      vertex 84.8 30 9.4
      vertex 83.25 30 9.4
      vertex 83.2632 29.7305 9.4
    endloop
  endfacet
  facet normal -0.98918 0.14671 0
    outer loop
      vertex 83.2632 30.2695 2.4
      vertex 83.3028 30.5365 9.4
      vertex 83.3028 30.5365 2.4
    endloop
  endfacet
  facet normal -0.98918 0.14671 0
    outer loop
      vertex 83.3028 30.5365 9.4
      vertex 83.2632 30.2695 2.4
      vertex 83.2632 30.2695 9.4
    endloop
  endfacet
  facet normal -0.941566 0.336829 0
    outer loop
      vertex 83.3684 30.7983 2.4
      vertex 83.4593 31.0524 9.4
      vertex 83.4593 31.0524 2.4
    endloop
  endfacet
  facet normal -0.941566 0.336829 0
    outer loop
      vertex 83.4593 31.0524 9.4
      vertex 83.3684 30.7983 2.4
      vertex 83.3684 30.7983 9.4
    endloop
  endfacet
  facet normal -0.595485 0.803367 0
    outer loop
      vertex 84.4722 32.2865 2.4
      vertex 84.2554 32.1258 9.4
      vertex 84.4722 32.2865 9.4
    endloop
  endfacet
  facet normal -0.595485 0.803367 0
    outer loop
      vertex 84.2554 32.1258 9.4
      vertex 84.4722 32.2865 2.4
      vertex 84.2554 32.1258 2.4
    endloop
  endfacet
  facet normal -0.427688 0.903926 0
    outer loop
      vertex 84.9476 32.5407 2.4
      vertex 84.7037 32.4253 9.4
      vertex 84.9476 32.5407 9.4
    endloop
  endfacet
  facet normal -0.427688 0.903926 0
    outer loop
      vertex 84.7037 32.4253 9.4
      vertex 84.9476 32.5407 2.4
      vertex 84.7037 32.4253 2.4
    endloop
  endfacet
  facet normal -0.243059 0.970012 0
    outer loop
      vertex 85.4635 32.6972 2.4
      vertex 85.2017 32.6316 9.4
      vertex 85.4635 32.6972 9.4
    endloop
  endfacet
  facet normal -0.243059 0.970012 0
    outer loop
      vertex 85.2017 32.6316 9.4
      vertex 85.4635 32.6972 2.4
      vertex 85.2017 32.6316 2.4
    endloop
  endfacet
  facet normal 0.427688 -0.903926 0
    outer loop
      vertex 87.0524 27.4593 2.4
      vertex 87.2963 27.5747 9.4
      vertex 87.0524 27.4593 9.4
    endloop
  endfacet
  facet normal 0.427688 -0.903926 0
    outer loop
      vertex 87.2963 27.5747 9.4
      vertex 87.0524 27.4593 2.4
      vertex 87.2963 27.5747 2.4
    endloop
  endfacet
  facet normal 0.336829 -0.941566 0
    outer loop
      vertex 86.7983 27.3684 2.4
      vertex 87.0524 27.4593 9.4
      vertex 86.7983 27.3684 9.4
    endloop
  endfacet
  facet normal 0.336829 -0.941566 0
    outer loop
      vertex 87.0524 27.4593 9.4
      vertex 86.7983 27.3684 2.4
      vertex 87.0524 27.4593 2.4
    endloop
  endfacet
  facet normal 0.941566 -0.336829 0
    outer loop
      vertex 88.5407 28.9476 9.4
      vertex 88.6316 29.2017 2.4
      vertex 88.6316 29.2017 9.4
    endloop
  endfacet
  facet normal 0.941566 -0.336829 0
    outer loop
      vertex 88.6316 29.2017 2.4
      vertex 88.5407 28.9476 9.4
      vertex 88.5407 28.9476 2.4
    endloop
  endfacet
  facet normal 0.98918 -0.14671 0
    outer loop
      vertex 88.6972 29.4635 9.4
      vertex 88.7368 29.7305 2.4
      vertex 88.7368 29.7305 9.4
    endloop
  endfacet
  facet normal 0.98918 -0.14671 0
    outer loop
      vertex 88.7368 29.7305 2.4
      vertex 88.6972 29.4635 9.4
      vertex 88.6972 29.4635 2.4
    endloop
  endfacet
  facet normal 0.998803 -0.0489209 0
    outer loop
      vertex 88.7368 29.7305 9.4
      vertex 88.75 30 2.4
      vertex 88.75 30 9.4
    endloop
  endfacet
  facet normal 0.998803 -0.0489209 0
    outer loop
      vertex 88.75 30 2.4
      vertex 88.7368 29.7305 9.4
      vertex 88.7368 29.7305 2.4
    endloop
  endfacet
  facet normal -0.243059 -0.970012 0
    outer loop
      vertex 85.2017 27.3684 2.4
      vertex 85.4635 27.3028 9.4
      vertex 85.2017 27.3684 9.4
    endloop
  endfacet
  facet normal -0.243059 -0.970012 -0
    outer loop
      vertex 85.4635 27.3028 9.4
      vertex 85.2017 27.3684 2.4
      vertex 85.4635 27.3028 2.4
    endloop
  endfacet
  facet normal -0.740728 -0.671805 0
    outer loop
      vertex 84.0555 28.0555 2.4
      vertex 83.8742 28.2554 9.4
      vertex 83.8742 28.2554 2.4
    endloop
  endfacet
  facet normal -0.740728 -0.671805 0
    outer loop
      vertex 83.8742 28.2554 9.4
      vertex 84.0555 28.0555 2.4
      vertex 84.0555 28.0555 9.4
    endloop
  endfacet
  facet normal -0.98918 -0.14671 0
    outer loop
      vertex 83.3028 29.4635 2.4
      vertex 83.2632 29.7305 9.4
      vertex 83.2632 29.7305 2.4
    endloop
  endfacet
  facet normal -0.98918 -0.14671 0
    outer loop
      vertex 83.2632 29.7305 9.4
      vertex 83.3028 29.4635 2.4
      vertex 83.3028 29.4635 9.4
    endloop
  endfacet
  facet normal -0.941566 -0.336829 0
    outer loop
      vertex 83.4593 28.9476 2.4
      vertex 83.3684 29.2017 9.4
      vertex 83.3684 29.2017 2.4
    endloop
  endfacet
  facet normal -0.941566 -0.336829 0
    outer loop
      vertex 83.3684 29.2017 9.4
      vertex 83.4593 28.9476 2.4
      vertex 83.4593 28.9476 9.4
    endloop
  endfacet
  facet normal -0.857867 -0.513871 0
    outer loop
      vertex 87.0583 30.5657 3.4
      vertex 86.9978 30.6667 9.4
      vertex 86.9978 30.6667 3.4
    endloop
  endfacet
  facet normal -0.857867 -0.513871 0
    outer loop
      vertex 86.9978 30.6667 9.4
      vertex 87.0583 30.5657 3.4
      vertex 87.0583 30.5657 9.4
    endloop
  endfacet
  facet normal -0.336283 -0.941761 0
    outer loop
      vertex 86.3483 31.1483 3.4
      vertex 86.4592 31.1087 9.4
      vertex 86.3483 31.1483 9.4
    endloop
  endfacet
  facet normal -0.336283 -0.941761 -0
    outer loop
      vertex 86.4592 31.1087 9.4
      vertex 86.3483 31.1483 3.4
      vertex 86.4592 31.1087 3.4
    endloop
  endfacet
  facet normal 0.336283 -0.941761 0
    outer loop
      vertex 85.5408 31.1087 3.4
      vertex 85.6517 31.1483 9.4
      vertex 85.5408 31.1087 9.4
    endloop
  endfacet
  facet normal 0.336283 -0.941761 0
    outer loop
      vertex 85.6517 31.1483 9.4
      vertex 85.5408 31.1087 3.4
      vertex 85.6517 31.1483 3.4
    endloop
  endfacet
  facet normal 0.903893 -0.427758 0
    outer loop
      vertex 84.8913 30.4592 9.4
      vertex 84.9417 30.5657 3.4
      vertex 84.9417 30.5657 9.4
    endloop
  endfacet
  facet normal 0.903893 -0.427758 0
    outer loop
      vertex 84.9417 30.5657 3.4
      vertex 84.8913 30.4592 9.4
      vertex 84.8913 30.4592 3.4
    endloop
  endfacet
  facet normal -0.998786 0.0492599 0
    outer loop
      vertex 87.1942 29.8824 3.4
      vertex 87.2 30 9.4
      vertex 87.2 30 3.4
    endloop
  endfacet
  facet normal -0.998786 0.0492599 0
    outer loop
      vertex 87.2 30 9.4
      vertex 87.1942 29.8824 3.4
      vertex 87.1942 29.8824 9.4
    endloop
  endfacet
  facet normal -0.0492599 -0.998786 0
    outer loop
      vertex 86 31.2 3.4
      vertex 86.1176 31.1942 9.4
      vertex 86 31.2 9.4
    endloop
  endfacet
  facet normal -0.0492599 -0.998786 -0
    outer loop
      vertex 86.1176 31.1942 9.4
      vertex 86 31.2 3.4
      vertex 86.1176 31.1942 3.4
    endloop
  endfacet
  facet normal -0.513871 -0.857867 0
    outer loop
      vertex 86.5657 31.0583 3.4
      vertex 86.6667 30.9978 9.4
      vertex 86.5657 31.0583 9.4
    endloop
  endfacet
  facet normal -0.513871 -0.857867 -0
    outer loop
      vertex 86.6667 30.9978 9.4
      vertex 86.5657 31.0583 3.4
      vertex 86.6667 30.9978 3.4
    endloop
  endfacet
  facet normal 0.989153 -0.146887 0
    outer loop
      vertex 84.8058 30.1176 9.4
      vertex 84.8231 30.2341 3.4
      vertex 84.8231 30.2341 9.4
    endloop
  endfacet
  facet normal 0.989153 -0.146887 0
    outer loop
      vertex 84.8231 30.2341 3.4
      vertex 84.8058 30.1176 9.4
      vertex 84.8058 30.1176 3.4
    endloop
  endfacet
  facet normal 0.74067 -0.671869 0
    outer loop
      vertex 85.0724 30.7613 9.4
      vertex 85.1515 30.8485 3.4
      vertex 85.1515 30.8485 9.4
    endloop
  endfacet
  facet normal 0.74067 -0.671869 0
    outer loop
      vertex 85.1515 30.8485 3.4
      vertex 85.0724 30.7613 9.4
      vertex 85.0724 30.7613 3.4
    endloop
  endfacet
  facet normal 0.146887 -0.989153 0
    outer loop
      vertex 85.7659 31.1769 3.4
      vertex 85.8824 31.1942 9.4
      vertex 85.7659 31.1769 9.4
    endloop
  endfacet
  facet normal 0.146887 -0.989153 0
    outer loop
      vertex 85.8824 31.1942 9.4
      vertex 85.7659 31.1769 3.4
      vertex 85.8824 31.1942 3.4
    endloop
  endfacet
  facet normal 0.671869 0.74067 -0
    outer loop
      vertex 85.2387 29.0724 3.4
      vertex 85.1515 29.1515 9.4
      vertex 85.2387 29.0724 9.4
    endloop
  endfacet
  facet normal 0.671869 0.74067 0
    outer loop
      vertex 85.1515 29.1515 9.4
      vertex 85.2387 29.0724 3.4
      vertex 85.1515 29.1515 3.4
    endloop
  endfacet
  facet normal 0.903893 0.427758 0
    outer loop
      vertex 84.9417 29.4343 9.4
      vertex 84.8913 29.5408 3.4
      vertex 84.8913 29.5408 9.4
    endloop
  endfacet
  facet normal 0.903893 0.427758 0
    outer loop
      vertex 84.8913 29.5408 3.4
      vertex 84.9417 29.4343 9.4
      vertex 84.9417 29.4343 3.4
    endloop
  endfacet
  facet normal -0.989153 -0.146887 0
    outer loop
      vertex 87.1942 30.1176 3.4
      vertex 87.1769 30.2341 9.4
      vertex 87.1769 30.2341 3.4
    endloop
  endfacet
  facet normal -0.989153 -0.146887 0
    outer loop
      vertex 87.1769 30.2341 9.4
      vertex 87.1942 30.1176 3.4
      vertex 87.1942 30.1176 9.4
    endloop
  endfacet
  facet normal -0.803046 -0.595918 0
    outer loop
      vertex 86.9978 30.6667 3.4
      vertex 86.9276 30.7613 9.4
      vertex 86.9276 30.7613 3.4
    endloop
  endfacet
  facet normal -0.803046 -0.595918 0
    outer loop
      vertex 86.9276 30.7613 9.4
      vertex 86.9978 30.6667 3.4
      vertex 86.9978 30.6667 9.4
    endloop
  endfacet
  facet normal -0.671869 -0.74067 0
    outer loop
      vertex 86.7613 30.9276 3.4
      vertex 86.8485 30.8485 9.4
      vertex 86.7613 30.9276 9.4
    endloop
  endfacet
  facet normal -0.671869 -0.74067 -0
    outer loop
      vertex 86.8485 30.8485 9.4
      vertex 86.7613 30.9276 3.4
      vertex 86.8485 30.8485 3.4
    endloop
  endfacet
  facet normal 0.0492599 -0.998786 0
    outer loop
      vertex 85.8824 31.1942 3.4
      vertex 86 31.2 9.4
      vertex 85.8824 31.1942 9.4
    endloop
  endfacet
  facet normal 0.0492599 -0.998786 0
    outer loop
      vertex 86 31.2 9.4
      vertex 85.8824 31.1942 3.4
      vertex 86 31.2 3.4
    endloop
  endfacet
  facet normal -0.242935 -0.970042 0
    outer loop
      vertex 86.2341 31.1769 3.4
      vertex 86.3483 31.1483 9.4
      vertex 86.2341 31.1769 9.4
    endloop
  endfacet
  facet normal -0.242935 -0.970042 -0
    outer loop
      vertex 86.3483 31.1483 9.4
      vertex 86.2341 31.1769 3.4
      vertex 86.3483 31.1483 3.4
    endloop
  endfacet
  facet normal -0.146887 -0.989153 0
    outer loop
      vertex 86.1176 31.1942 3.4
      vertex 86.2341 31.1769 9.4
      vertex 86.1176 31.1942 9.4
    endloop
  endfacet
  facet normal -0.146887 -0.989153 -0
    outer loop
      vertex 86.2341 31.1769 9.4
      vertex 86.1176 31.1942 3.4
      vertex 86.2341 31.1769 3.4
    endloop
  endfacet
  facet normal -0.427758 -0.903893 0
    outer loop
      vertex 86.4592 31.1087 3.4
      vertex 86.5657 31.0583 9.4
      vertex 86.4592 31.1087 9.4
    endloop
  endfacet
  facet normal -0.427758 -0.903893 -0
    outer loop
      vertex 86.5657 31.0583 9.4
      vertex 86.4592 31.1087 3.4
      vertex 86.5657 31.0583 3.4
    endloop
  endfacet
  facet normal -0.595918 -0.803046 0
    outer loop
      vertex 86.6667 30.9978 3.4
      vertex 86.7613 30.9276 9.4
      vertex 86.6667 30.9978 9.4
    endloop
  endfacet
  facet normal -0.595918 -0.803046 -0
    outer loop
      vertex 86.7613 30.9276 9.4
      vertex 86.6667 30.9978 3.4
      vertex 86.7613 30.9276 3.4
    endloop
  endfacet
  facet normal 0.998786 -0.0492599 0
    outer loop
      vertex 84.8 30 9.4
      vertex 84.8058 30.1176 3.4
      vertex 84.8058 30.1176 9.4
    endloop
  endfacet
  facet normal 0.998786 -0.0492599 0
    outer loop
      vertex 84.8058 30.1176 3.4
      vertex 84.8 30 9.4
      vertex 84.8 30 3.4
    endloop
  endfacet
  facet normal 0.941761 -0.336283 0
    outer loop
      vertex 84.8517 30.3483 9.4
      vertex 84.8913 30.4592 3.4
      vertex 84.8913 30.4592 9.4
    endloop
  endfacet
  facet normal 0.941761 -0.336283 0
    outer loop
      vertex 84.8913 30.4592 3.4
      vertex 84.8517 30.3483 9.4
      vertex 84.8517 30.3483 3.4
    endloop
  endfacet
  facet normal 0.970042 -0.242935 0
    outer loop
      vertex 84.8231 30.2341 9.4
      vertex 84.8517 30.3483 3.4
      vertex 84.8517 30.3483 9.4
    endloop
  endfacet
  facet normal 0.970042 -0.242935 0
    outer loop
      vertex 84.8517 30.3483 3.4
      vertex 84.8231 30.2341 9.4
      vertex 84.8231 30.2341 3.4
    endloop
  endfacet
  facet normal 0.857867 -0.513871 0
    outer loop
      vertex 84.9417 30.5657 9.4
      vertex 85.0022 30.6667 3.4
      vertex 85.0022 30.6667 9.4
    endloop
  endfacet
  facet normal 0.857867 -0.513871 0
    outer loop
      vertex 85.0022 30.6667 3.4
      vertex 84.9417 30.5657 9.4
      vertex 84.9417 30.5657 3.4
    endloop
  endfacet
  facet normal 0.803046 -0.595918 0
    outer loop
      vertex 85.0022 30.6667 9.4
      vertex 85.0724 30.7613 3.4
      vertex 85.0724 30.7613 9.4
    endloop
  endfacet
  facet normal 0.803046 -0.595918 0
    outer loop
      vertex 85.0724 30.7613 3.4
      vertex 85.0022 30.6667 9.4
      vertex 85.0022 30.6667 3.4
    endloop
  endfacet
  facet normal 0.242935 -0.970042 0
    outer loop
      vertex 85.6517 31.1483 3.4
      vertex 85.7659 31.1769 9.4
      vertex 85.6517 31.1483 9.4
    endloop
  endfacet
  facet normal 0.242935 -0.970042 0
    outer loop
      vertex 85.7659 31.1769 9.4
      vertex 85.6517 31.1483 3.4
      vertex 85.7659 31.1769 3.4
    endloop
  endfacet
  facet normal 0.513871 -0.857867 0
    outer loop
      vertex 85.3333 30.9978 3.4
      vertex 85.4343 31.0583 9.4
      vertex 85.3333 30.9978 9.4
    endloop
  endfacet
  facet normal 0.513871 -0.857867 0
    outer loop
      vertex 85.4343 31.0583 9.4
      vertex 85.3333 30.9978 3.4
      vertex 85.4343 31.0583 3.4
    endloop
  endfacet
  facet normal 0.595918 -0.803046 0
    outer loop
      vertex 85.2387 30.9276 3.4
      vertex 85.3333 30.9978 9.4
      vertex 85.2387 30.9276 9.4
    endloop
  endfacet
  facet normal 0.595918 -0.803046 0
    outer loop
      vertex 85.3333 30.9978 9.4
      vertex 85.2387 30.9276 3.4
      vertex 85.3333 30.9978 3.4
    endloop
  endfacet
  facet normal 0.427758 -0.903893 0
    outer loop
      vertex 85.4343 31.0583 3.4
      vertex 85.5408 31.1087 9.4
      vertex 85.4343 31.0583 9.4
    endloop
  endfacet
  facet normal 0.427758 -0.903893 0
    outer loop
      vertex 85.5408 31.1087 9.4
      vertex 85.4343 31.0583 3.4
      vertex 85.5408 31.1087 3.4
    endloop
  endfacet
  facet normal 0.671869 -0.74067 0
    outer loop
      vertex 85.1515 30.8485 3.4
      vertex 85.2387 30.9276 9.4
      vertex 85.1515 30.8485 9.4
    endloop
  endfacet
  facet normal 0.671869 -0.74067 0
    outer loop
      vertex 85.2387 30.9276 9.4
      vertex 85.1515 30.8485 3.4
      vertex 85.2387 30.9276 3.4
    endloop
  endfacet
  facet normal -0.998786 -0.0492599 0
    outer loop
      vertex 87.2 30 3.4
      vertex 87.1942 30.1176 9.4
      vertex 87.1942 30.1176 3.4
    endloop
  endfacet
  facet normal -0.998786 -0.0492599 0
    outer loop
      vertex 87.1942 30.1176 9.4
      vertex 87.2 30 3.4
      vertex 87.2 30 9.4
    endloop
  endfacet
  facet normal -0.970042 0.242935 0
    outer loop
      vertex 87.1483 29.6517 3.4
      vertex 87.1769 29.7659 9.4
      vertex 87.1769 29.7659 3.4
    endloop
  endfacet
  facet normal -0.970042 0.242935 0
    outer loop
      vertex 87.1769 29.7659 9.4
      vertex 87.1483 29.6517 3.4
      vertex 87.1483 29.6517 9.4
    endloop
  endfacet
  facet normal -0.0492599 0.998786 0
    outer loop
      vertex 86.1176 28.8058 3.4
      vertex 86 28.8 9.4
      vertex 86.1176 28.8058 9.4
    endloop
  endfacet
  facet normal -0.0492599 0.998786 0
    outer loop
      vertex 86 28.8 9.4
      vertex 86.1176 28.8058 3.4
      vertex 86 28.8 3.4
    endloop
  endfacet
  facet normal 0.970042 0.242935 0
    outer loop
      vertex 84.8517 29.6517 9.4
      vertex 84.8231 29.7659 3.4
      vertex 84.8231 29.7659 9.4
    endloop
  endfacet
  facet normal 0.970042 0.242935 0
    outer loop
      vertex 84.8231 29.7659 3.4
      vertex 84.8517 29.6517 9.4
      vertex 84.8517 29.6517 3.4
    endloop
  endfacet
  facet normal 0.803046 0.595918 0
    outer loop
      vertex 85.0724 29.2387 9.4
      vertex 85.0022 29.3333 3.4
      vertex 85.0022 29.3333 9.4
    endloop
  endfacet
  facet normal 0.803046 0.595918 0
    outer loop
      vertex 85.0022 29.3333 3.4
      vertex 85.0724 29.2387 9.4
      vertex 85.0724 29.2387 3.4
    endloop
  endfacet
  facet normal -0.146887 0.989153 0
    outer loop
      vertex 86.2341 28.8231 3.4
      vertex 86.1176 28.8058 9.4
      vertex 86.2341 28.8231 9.4
    endloop
  endfacet
  facet normal -0.146887 0.989153 0
    outer loop
      vertex 86.1176 28.8058 9.4
      vertex 86.2341 28.8231 3.4
      vertex 86.1176 28.8058 3.4
    endloop
  endfacet
  facet normal -0.903893 -0.427758 0
    outer loop
      vertex 87.1087 30.4592 3.4
      vertex 87.0583 30.5657 9.4
      vertex 87.0583 30.5657 3.4
    endloop
  endfacet
  facet normal -0.903893 -0.427758 0
    outer loop
      vertex 87.0583 30.5657 9.4
      vertex 87.1087 30.4592 3.4
      vertex 87.1087 30.4592 9.4
    endloop
  endfacet
  facet normal -0.941761 -0.336283 0
    outer loop
      vertex 87.1483 30.3483 3.4
      vertex 87.1087 30.4592 9.4
      vertex 87.1087 30.4592 3.4
    endloop
  endfacet
  facet normal -0.941761 -0.336283 0
    outer loop
      vertex 87.1087 30.4592 9.4
      vertex 87.1483 30.3483 3.4
      vertex 87.1483 30.3483 9.4
    endloop
  endfacet
  facet normal -0.970042 -0.242935 0
    outer loop
      vertex 87.1769 30.2341 3.4
      vertex 87.1483 30.3483 9.4
      vertex 87.1483 30.3483 3.4
    endloop
  endfacet
  facet normal -0.970042 -0.242935 0
    outer loop
      vertex 87.1483 30.3483 9.4
      vertex 87.1769 30.2341 3.4
      vertex 87.1769 30.2341 9.4
    endloop
  endfacet
  facet normal -0.74067 -0.671869 0
    outer loop
      vertex 86.9276 30.7613 3.4
      vertex 86.8485 30.8485 9.4
      vertex 86.8485 30.8485 3.4
    endloop
  endfacet
  facet normal -0.74067 -0.671869 0
    outer loop
      vertex 86.8485 30.8485 9.4
      vertex 86.9276 30.7613 3.4
      vertex 86.9276 30.7613 9.4
    endloop
  endfacet
  facet normal -0.74067 0.671869 0
    outer loop
      vertex 86.8485 29.1515 3.4
      vertex 86.9276 29.2387 9.4
      vertex 86.9276 29.2387 3.4
    endloop
  endfacet
  facet normal -0.74067 0.671869 0
    outer loop
      vertex 86.9276 29.2387 9.4
      vertex 86.8485 29.1515 3.4
      vertex 86.8485 29.1515 9.4
    endloop
  endfacet
  facet normal -0.803046 0.595918 0
    outer loop
      vertex 86.9276 29.2387 3.4
      vertex 86.9978 29.3333 9.4
      vertex 86.9978 29.3333 3.4
    endloop
  endfacet
  facet normal -0.803046 0.595918 0
    outer loop
      vertex 86.9978 29.3333 9.4
      vertex 86.9276 29.2387 3.4
      vertex 86.9276 29.2387 9.4
    endloop
  endfacet
  facet normal -0.903893 0.427758 0
    outer loop
      vertex 87.0583 29.4343 3.4
      vertex 87.1087 29.5408 9.4
      vertex 87.1087 29.5408 3.4
    endloop
  endfacet
  facet normal -0.903893 0.427758 0
    outer loop
      vertex 87.1087 29.5408 9.4
      vertex 87.0583 29.4343 3.4
      vertex 87.0583 29.4343 9.4
    endloop
  endfacet
  facet normal 0.336283 0.941761 -0
    outer loop
      vertex 85.6517 28.8517 3.4
      vertex 85.5408 28.8913 9.4
      vertex 85.6517 28.8517 9.4
    endloop
  endfacet
  facet normal 0.336283 0.941761 0
    outer loop
      vertex 85.5408 28.8913 9.4
      vertex 85.6517 28.8517 3.4
      vertex 85.5408 28.8913 3.4
    endloop
  endfacet
  facet normal 0 0 1
    outer loop
      vertex 87.1942 30.1176 3.4
      vertex 87.1942 29.8824 3.4
      vertex 87.2 30 3.4
    endloop
  endfacet
  facet normal 0 0 1
    outer loop
      vertex 87.1769 30.2341 3.4
      vertex 87.1942 29.8824 3.4
      vertex 87.1942 30.1176 3.4
    endloop
  endfacet
  facet normal 0 0 1
    outer loop
      vertex 87.1769 30.2341 3.4
      vertex 87.1769 29.7659 3.4
      vertex 87.1942 29.8824 3.4
    endloop
  endfacet
  facet normal 0 0 1
    outer loop
      vertex 87.1483 30.3483 3.4
      vertex 87.1769 29.7659 3.4
      vertex 87.1769 30.2341 3.4
    endloop
  endfacet
  facet normal 0 0 1
    outer loop
      vertex 87.1483 30.3483 3.4
      vertex 87.1483 29.6517 3.4
      vertex 87.1769 29.7659 3.4
    endloop
  endfacet
  facet normal 0 0 1
    outer loop
      vertex 87.1087 30.4592 3.4
      vertex 87.1483 29.6517 3.4
      vertex 87.1483 30.3483 3.4
    endloop
  endfacet
  facet normal 0 0 1
    outer loop
      vertex 87.1087 30.4592 3.4
      vertex 87.1087 29.5408 3.4
      vertex 87.1483 29.6517 3.4
    endloop
  endfacet
  facet normal 0 0 1
    outer loop
      vertex 87.0583 30.5657 3.4
      vertex 87.1087 29.5408 3.4
      vertex 87.1087 30.4592 3.4
    endloop
  endfacet
  facet normal 0 0 1
    outer loop
      vertex 87.0583 30.5657 3.4
      vertex 87.0583 29.4343 3.4
      vertex 87.1087 29.5408 3.4
    endloop
  endfacet
  facet normal 0 0 1
    outer loop
      vertex 86.9978 30.6667 3.4
      vertex 87.0583 29.4343 3.4
      vertex 87.0583 30.5657 3.4
    endloop
  endfacet
  facet normal 0 0 1
    outer loop
      vertex 86.9978 30.6667 3.4
      vertex 86.9978 29.3333 3.4
      vertex 87.0583 29.4343 3.4
    endloop
  endfacet
  facet normal 0 0 1
    outer loop
      vertex 86.9276 30.7613 3.4
      vertex 86.9978 29.3333 3.4
      vertex 86.9978 30.6667 3.4
    endloop
  endfacet
  facet normal 0 0 1
    outer loop
      vertex 86.9276 30.7613 3.4
      vertex 86.9276 29.2387 3.4
      vertex 86.9978 29.3333 3.4
    endloop
  endfacet
  facet normal 0 0 1
    outer loop
      vertex 86.8485 30.8485 3.4
      vertex 86.9276 29.2387 3.4
      vertex 86.9276 30.7613 3.4
    endloop
  endfacet
  facet normal 0 0 1
    outer loop
      vertex 86.8485 30.8485 3.4
      vertex 86.8485 29.1515 3.4
      vertex 86.9276 29.2387 3.4
    endloop
  endfacet
  facet normal 0 0 1
    outer loop
      vertex 86.7613 30.9276 3.4
      vertex 86.8485 29.1515 3.4
      vertex 86.8485 30.8485 3.4
    endloop
  endfacet
  facet normal 0 0 1
    outer loop
      vertex 86.7613 30.9276 3.4
      vertex 86.7613 29.0724 3.4
      vertex 86.8485 29.1515 3.4
    endloop
  endfacet
  facet normal 0 0 1
    outer loop
      vertex 86.6667 30.9978 3.4
      vertex 86.7613 29.0724 3.4
      vertex 86.7613 30.9276 3.4
    endloop
  endfacet
  facet normal 0 0 1
    outer loop
      vertex 86.6667 30.9978 3.4
      vertex 86.6667 29.0022 3.4
      vertex 86.7613 29.0724 3.4
    endloop
  endfacet
  facet normal 0 0 1
    outer loop
      vertex 86.5657 31.0583 3.4
      vertex 86.6667 29.0022 3.4
      vertex 86.6667 30.9978 3.4
    endloop
  endfacet
  facet normal 0 0 1
    outer loop
      vertex 86.5657 31.0583 3.4
      vertex 86.5657 28.9417 3.4
      vertex 86.6667 29.0022 3.4
    endloop
  endfacet
  facet normal 0 0 1
    outer loop
      vertex 86.4592 31.1087 3.4
      vertex 86.5657 28.9417 3.4
      vertex 86.5657 31.0583 3.4
    endloop
  endfacet
  facet normal 0 0 1
    outer loop
      vertex 86.4592 31.1087 3.4
      vertex 86.4592 28.8913 3.4
      vertex 86.5657 28.9417 3.4
    endloop
  endfacet
  facet normal 0 0 1
    outer loop
      vertex 86.3483 31.1483 3.4
      vertex 86.4592 28.8913 3.4
      vertex 86.4592 31.1087 3.4
    endloop
  endfacet
  facet normal 0 0 1
    outer loop
      vertex 86.3483 31.1483 3.4
      vertex 86.3483 28.8517 3.4
      vertex 86.4592 28.8913 3.4
    endloop
  endfacet
  facet normal 0 0 1
    outer loop
      vertex 86.2341 31.1769 3.4
      vertex 86.3483 28.8517 3.4
      vertex 86.3483 31.1483 3.4
    endloop
  endfacet
  facet normal 0 0 1
    outer loop
      vertex 86.2341 31.1769 3.4
      vertex 86.2341 28.8231 3.4
      vertex 86.3483 28.8517 3.4
    endloop
  endfacet
  facet normal 0 0 1
    outer loop
      vertex 86.1176 31.1942 3.4
      vertex 86.2341 28.8231 3.4
      vertex 86.2341 31.1769 3.4
    endloop
  endfacet
  facet normal 0 0 1
    outer loop
      vertex 86.1176 31.1942 3.4
      vertex 86.1176 28.8058 3.4
      vertex 86.2341 28.8231 3.4
    endloop
  endfacet
  facet normal 0 0 1
    outer loop
      vertex 86 31.2 3.4
      vertex 86.1176 28.8058 3.4
      vertex 86.1176 31.1942 3.4
    endloop
  endfacet
  facet normal 0 0 1
    outer loop
      vertex 86 31.2 3.4
      vertex 86 28.8 3.4
      vertex 86.1176 28.8058 3.4
    endloop
  endfacet
  facet normal -0 0 1
    outer loop
      vertex 85.8824 31.1942 3.4
      vertex 86 28.8 3.4
      vertex 86 31.2 3.4
    endloop
  endfacet
  facet normal 0 0 1
    outer loop
      vertex 85.8824 31.1942 3.4
      vertex 85.8824 28.8058 3.4
      vertex 86 28.8 3.4
    endloop
  endfacet
  facet normal -0 0 1
    outer loop
      vertex 85.7659 31.1769 3.4
      vertex 85.8824 28.8058 3.4
      vertex 85.8824 31.1942 3.4
    endloop
  endfacet
  facet normal 0 0 1
    outer loop
      vertex 85.7659 31.1769 3.4
      vertex 85.7659 28.8231 3.4
      vertex 85.8824 28.8058 3.4
    endloop
  endfacet
  facet normal -0 0 1
    outer loop
      vertex 85.6517 31.1483 3.4
      vertex 85.7659 28.8231 3.4
      vertex 85.7659 31.1769 3.4
    endloop
  endfacet
  facet normal 0 0 1
    outer loop
      vertex 85.6517 31.1483 3.4
      vertex 85.6517 28.8517 3.4
      vertex 85.7659 28.8231 3.4
    endloop
  endfacet
  facet normal -0 0 1
    outer loop
      vertex 85.5408 31.1087 3.4
      vertex 85.6517 28.8517 3.4
      vertex 85.6517 31.1483 3.4
    endloop
  endfacet
  facet normal 0 0 1
    outer loop
      vertex 85.5408 31.1087 3.4
      vertex 85.5408 28.8913 3.4
      vertex 85.6517 28.8517 3.4
    endloop
  endfacet
  facet normal -0 0 1
    outer loop
      vertex 85.4343 31.0583 3.4
      vertex 85.5408 28.8913 3.4
      vertex 85.5408 31.1087 3.4
    endloop
  endfacet
  facet normal 0 0 1
    outer loop
      vertex 85.4343 31.0583 3.4
      vertex 85.4343 28.9417 3.4
      vertex 85.5408 28.8913 3.4
    endloop
  endfacet
  facet normal -0 0 1
    outer loop
      vertex 85.3333 30.9978 3.4
      vertex 85.4343 28.9417 3.4
      vertex 85.4343 31.0583 3.4
    endloop
  endfacet
  facet normal 0 0 1
    outer loop
      vertex 85.3333 30.9978 3.4
      vertex 85.3333 29.0022 3.4
      vertex 85.4343 28.9417 3.4
    endloop
  endfacet
  facet normal -0 0 1
    outer loop
      vertex 85.2387 30.9276 3.4
      vertex 85.3333 29.0022 3.4
      vertex 85.3333 30.9978 3.4
    endloop
  endfacet
  facet normal 0 0 1
    outer loop
      vertex 85.2387 30.9276 3.4
      vertex 85.2387 29.0724 3.4
      vertex 85.3333 29.0022 3.4
    endloop
  endfacet
  facet normal -0 0 1
    outer loop
      vertex 85.1515 30.8485 3.4
      vertex 85.2387 29.0724 3.4
      vertex 85.2387 30.9276 3.4
    endloop
  endfacet
  facet normal 0 0 1
    outer loop
      vertex 85.1515 30.8485 3.4
      vertex 85.1515 29.1515 3.4
      vertex 85.2387 29.0724 3.4
    endloop
  endfacet
  facet normal -0 0 1
    outer loop
      vertex 85.0724 30.7613 3.4
      vertex 85.1515 29.1515 3.4
      vertex 85.1515 30.8485 3.4
    endloop
  endfacet
  facet normal 0 0 1
    outer loop
      vertex 85.0724 30.7613 3.4
      vertex 85.0724 29.2387 3.4
      vertex 85.1515 29.1515 3.4
    endloop
  endfacet
  facet normal -0 0 1
    outer loop
      vertex 85.0022 30.6667 3.4
      vertex 85.0724 29.2387 3.4
      vertex 85.0724 30.7613 3.4
    endloop
  endfacet
  facet normal 0 0 1
    outer loop
      vertex 85.0022 30.6667 3.4
      vertex 85.0022 29.3333 3.4
      vertex 85.0724 29.2387 3.4
    endloop
  endfacet
  facet normal -0 0 1
    outer loop
      vertex 84.9417 30.5657 3.4
      vertex 85.0022 29.3333 3.4
      vertex 85.0022 30.6667 3.4
    endloop
  endfacet
  facet normal 0 0 1
    outer loop
      vertex 84.9417 30.5657 3.4
      vertex 84.9417 29.4343 3.4
      vertex 85.0022 29.3333 3.4
    endloop
  endfacet
  facet normal -0 0 1
    outer loop
      vertex 84.8913 30.4592 3.4
      vertex 84.9417 29.4343 3.4
      vertex 84.9417 30.5657 3.4
    endloop
  endfacet
  facet normal 0 0 1
    outer loop
      vertex 84.8913 30.4592 3.4
      vertex 84.8913 29.5408 3.4
      vertex 84.9417 29.4343 3.4
    endloop
  endfacet
  facet normal -0 0 1
    outer loop
      vertex 84.8517 30.3483 3.4
      vertex 84.8913 29.5408 3.4
      vertex 84.8913 30.4592 3.4
    endloop
  endfacet
  facet normal 0 0 1
    outer loop
      vertex 84.8517 30.3483 3.4
      vertex 84.8517 29.6517 3.4
      vertex 84.8913 29.5408 3.4
    endloop
  endfacet
  facet normal -0 0 1
    outer loop
      vertex 84.8231 30.2341 3.4
      vertex 84.8517 29.6517 3.4
      vertex 84.8517 30.3483 3.4
    endloop
  endfacet
  facet normal 0 0 1
    outer loop
      vertex 84.8231 30.2341 3.4
      vertex 84.8231 29.7659 3.4
      vertex 84.8517 29.6517 3.4
    endloop
  endfacet
  facet normal -0 0 1
    outer loop
      vertex 84.8058 30.1176 3.4
      vertex 84.8231 29.7659 3.4
      vertex 84.8231 30.2341 3.4
    endloop
  endfacet
  facet normal 0 0 1
    outer loop
      vertex 84.8058 30.1176 3.4
      vertex 84.8058 29.8824 3.4
      vertex 84.8231 29.7659 3.4
    endloop
  endfacet
  facet normal 0 -0 1
    outer loop
      vertex 84.8058 29.8824 3.4
      vertex 84.8058 30.1176 3.4
      vertex 84.8 30 3.4
    endloop
  endfacet
  facet normal 0.74067 0.671869 0
    outer loop
      vertex 85.1515 29.1515 9.4
      vertex 85.0724 29.2387 3.4
      vertex 85.0724 29.2387 9.4
    endloop
  endfacet
  facet normal 0.74067 0.671869 0
    outer loop
      vertex 85.0724 29.2387 3.4
      vertex 85.1515 29.1515 9.4
      vertex 85.1515 29.1515 3.4
    endloop
  endfacet
  facet normal -0.242935 0.970042 0
    outer loop
      vertex 86.3483 28.8517 3.4
      vertex 86.2341 28.8231 9.4
      vertex 86.3483 28.8517 9.4
    endloop
  endfacet
  facet normal -0.242935 0.970042 0
    outer loop
      vertex 86.2341 28.8231 9.4
      vertex 86.3483 28.8517 3.4
      vertex 86.2341 28.8231 3.4
    endloop
  endfacet
  facet normal -0.427758 0.903893 0
    outer loop
      vertex 86.5657 28.9417 3.4
      vertex 86.4592 28.8913 9.4
      vertex 86.5657 28.9417 9.4
    endloop
  endfacet
  facet normal -0.427758 0.903893 0
    outer loop
      vertex 86.4592 28.8913 9.4
      vertex 86.5657 28.9417 3.4
      vertex 86.4592 28.8913 3.4
    endloop
  endfacet
  facet normal -0.989153 0.146887 0
    outer loop
      vertex 87.1769 29.7659 3.4
      vertex 87.1942 29.8824 9.4
      vertex 87.1942 29.8824 3.4
    endloop
  endfacet
  facet normal -0.989153 0.146887 0
    outer loop
      vertex 87.1942 29.8824 9.4
      vertex 87.1769 29.7659 3.4
      vertex 87.1769 29.7659 9.4
    endloop
  endfacet
  facet normal -0.671869 0.74067 0
    outer loop
      vertex 86.8485 29.1515 3.4
      vertex 86.7613 29.0724 9.4
      vertex 86.8485 29.1515 9.4
    endloop
  endfacet
  facet normal -0.671869 0.74067 0
    outer loop
      vertex 86.7613 29.0724 9.4
      vertex 86.8485 29.1515 3.4
      vertex 86.7613 29.0724 3.4
    endloop
  endfacet
  facet normal -0.941761 0.336283 0
    outer loop
      vertex 87.1087 29.5408 3.4
      vertex 87.1483 29.6517 9.4
      vertex 87.1483 29.6517 3.4
    endloop
  endfacet
  facet normal -0.941761 0.336283 0
    outer loop
      vertex 87.1483 29.6517 9.4
      vertex 87.1087 29.5408 3.4
      vertex 87.1087 29.5408 9.4
    endloop
  endfacet
  facet normal -0.857867 0.513871 0
    outer loop
      vertex 86.9978 29.3333 3.4
      vertex 87.0583 29.4343 9.4
      vertex 87.0583 29.4343 3.4
    endloop
  endfacet
  facet normal -0.857867 0.513871 0
    outer loop
      vertex 87.0583 29.4343 9.4
      vertex 86.9978 29.3333 3.4
      vertex 86.9978 29.3333 9.4
    endloop
  endfacet
  facet normal 0.513871 0.857867 -0
    outer loop
      vertex 85.4343 28.9417 3.4
      vertex 85.3333 29.0022 9.4
      vertex 85.4343 28.9417 9.4
    endloop
  endfacet
  facet normal 0.513871 0.857867 0
    outer loop
      vertex 85.3333 29.0022 9.4
      vertex 85.4343 28.9417 3.4
      vertex 85.3333 29.0022 3.4
    endloop
  endfacet
  facet normal 0.941761 0.336283 0
    outer loop
      vertex 84.8913 29.5408 9.4
      vertex 84.8517 29.6517 3.4
      vertex 84.8517 29.6517 9.4
    endloop
  endfacet
  facet normal 0.941761 0.336283 0
    outer loop
      vertex 84.8517 29.6517 3.4
      vertex 84.8913 29.5408 9.4
      vertex 84.8913 29.5408 3.4
    endloop
  endfacet
  facet normal 0.989153 0.146887 0
    outer loop
      vertex 84.8231 29.7659 9.4
      vertex 84.8058 29.8824 3.4
      vertex 84.8058 29.8824 9.4
    endloop
  endfacet
  facet normal 0.989153 0.146887 0
    outer loop
      vertex 84.8058 29.8824 3.4
      vertex 84.8231 29.7659 9.4
      vertex 84.8231 29.7659 3.4
    endloop
  endfacet
  facet normal 0.998786 0.0492599 0
    outer loop
      vertex 84.8058 29.8824 9.4
      vertex 84.8 30 3.4
      vertex 84.8 30 9.4
    endloop
  endfacet
  facet normal 0.998786 0.0492599 0
    outer loop
      vertex 84.8 30 3.4
      vertex 84.8058 29.8824 9.4
      vertex 84.8058 29.8824 3.4
    endloop
  endfacet
  facet normal 0.857867 0.513871 0
    outer loop
      vertex 85.0022 29.3333 9.4
      vertex 84.9417 29.4343 3.4
      vertex 84.9417 29.4343 9.4
    endloop
  endfacet
  facet normal 0.857867 0.513871 0
    outer loop
      vertex 84.9417 29.4343 3.4
      vertex 85.0022 29.3333 9.4
      vertex 85.0022 29.3333 3.4
    endloop
  endfacet
  facet normal -0.595918 0.803046 0
    outer loop
      vertex 86.7613 29.0724 3.4
      vertex 86.6667 29.0022 9.4
      vertex 86.7613 29.0724 9.4
    endloop
  endfacet
  facet normal -0.595918 0.803046 0
    outer loop
      vertex 86.6667 29.0022 9.4
      vertex 86.7613 29.0724 3.4
      vertex 86.6667 29.0022 3.4
    endloop
  endfacet
  facet normal -0.513871 0.857867 0
    outer loop
      vertex 86.6667 29.0022 3.4
      vertex 86.5657 28.9417 9.4
      vertex 86.6667 29.0022 9.4
    endloop
  endfacet
  facet normal -0.513871 0.857867 0
    outer loop
      vertex 86.5657 28.9417 9.4
      vertex 86.6667 29.0022 3.4
      vertex 86.5657 28.9417 3.4
    endloop
  endfacet
  facet normal 0.595918 0.803046 -0
    outer loop
      vertex 85.3333 29.0022 3.4
      vertex 85.2387 29.0724 9.4
      vertex 85.3333 29.0022 9.4
    endloop
  endfacet
  facet normal 0.595918 0.803046 0
    outer loop
      vertex 85.2387 29.0724 9.4
      vertex 85.3333 29.0022 3.4
      vertex 85.2387 29.0724 3.4
    endloop
  endfacet
  facet normal 0.427758 0.903893 -0
    outer loop
      vertex 85.5408 28.8913 3.4
      vertex 85.4343 28.9417 9.4
      vertex 85.5408 28.8913 9.4
    endloop
  endfacet
  facet normal 0.427758 0.903893 0
    outer loop
      vertex 85.4343 28.9417 9.4
      vertex 85.5408 28.8913 3.4
      vertex 85.4343 28.9417 3.4
    endloop
  endfacet
  facet normal 0.146887 0.989153 -0
    outer loop
      vertex 85.8824 28.8058 3.4
      vertex 85.7659 28.8231 9.4
      vertex 85.8824 28.8058 9.4
    endloop
  endfacet
  facet normal 0.146887 0.989153 0
    outer loop
      vertex 85.7659 28.8231 9.4
      vertex 85.8824 28.8058 3.4
      vertex 85.7659 28.8231 3.4
    endloop
  endfacet
  facet normal -0.336283 0.941761 0
    outer loop
      vertex 86.4592 28.8913 3.4
      vertex 86.3483 28.8517 9.4
      vertex 86.4592 28.8913 9.4
    endloop
  endfacet
  facet normal -0.336283 0.941761 0
    outer loop
      vertex 86.3483 28.8517 9.4
      vertex 86.4592 28.8913 3.4
      vertex 86.3483 28.8517 3.4
    endloop
  endfacet
  facet normal 0.0492599 0.998786 -0
    outer loop
      vertex 86 28.8 3.4
      vertex 85.8824 28.8058 9.4
      vertex 86 28.8 9.4
    endloop
  endfacet
  facet normal 0.0492599 0.998786 0
    outer loop
      vertex 85.8824 28.8058 9.4
      vertex 86 28.8 3.4
      vertex 85.8824 28.8058 3.4
    endloop
  endfacet
  facet normal 0.242935 0.970042 -0
    outer loop
      vertex 85.7659 28.8231 3.4
      vertex 85.6517 28.8517 9.4
      vertex 85.7659 28.8231 9.4
    endloop
  endfacet
  facet normal 0.242935 0.970042 0
    outer loop
      vertex 85.6517 28.8517 9.4
      vertex 85.7659 28.8231 3.4
      vertex 85.6517 28.8517 3.4
    endloop
  endfacet
endsolid OpenSCAD_Model
