solid OpenSCAD_Model
  facet normal -0 0 1
    outer loop
      vertex -5.85685 11.4137 1.2
      vertex -4.80001 11.2583 1.2
      vertex -4.81454 11.4802 1.2
    endloop
  endfacet
  facet normal 0 0 1
    outer loop
      vertex -4.80001 11.2583 1.2
      vertex -5.87727 11.3111 1.2
      vertex -4.81455 11.0364 1.2
    endloop
  endfacet
  facet normal -0 0 1
    outer loop
      vertex -5.85001 11.5181 1.2
      vertex -4.81454 11.4802 1.2
      vertex -4.85793 11.6983 1.2
    endloop
  endfacet
  facet normal -0 0 1
    outer loop
      vertex 7.44314 11.4137 1.2
      vertex 8.19998 11.2583 1.2
      vertex 8.18544 11.4802 1.2
    endloop
  endfacet
  facet normal -0 0 1
    outer loop
      vertex 7.44999 11.5181 1.2
      vertex 8.18544 11.4802 1.2
      vertex 8.14206 11.6983 1.2
    endloop
  endfacet
  facet normal 0 0 1
    outer loop
      vertex 8.19998 11.2583 1.2
      vertex 7.44314 11.4137 1.2
      vertex 7.42273 11.3111 1.2
    endloop
  endfacet
  facet normal -0 0 1
    outer loop
      vertex 7.3891 11.212 1.2
      vertex 8.18545 11.0364 1.2
      vertex 7.42273 11.3111 1.2
    endloop
  endfacet
  facet normal 0 0 1
    outer loop
      vertex 7.44314 11.6226 1.2
      vertex 8.14206 11.6983 1.2
      vertex 8.07058 11.9089 1.2
    endloop
  endfacet
  facet normal 0 0 1
    outer loop
      vertex 8.19998 11.2583 1.2
      vertex 7.42273 11.3111 1.2
      vertex 8.18545 11.0364 1.2
    endloop
  endfacet
  facet normal 0 0 1
    outer loop
      vertex 7.42273 11.7252 1.2
      vertex 8.07058 11.9089 1.2
      vertex 7.97223 12.1083 1.2
    endloop
  endfacet
  facet normal 0 0 1
    outer loop
      vertex 7.34281 11.9181 1.2
      vertex 7.97223 12.1083 1.2
      vertex 7.84869 12.2932 1.2
    endloop
  endfacet
  facet normal 0 0 1
    outer loop
      vertex 8.18545 11.0364 1.2
      vertex 7.3891 11.212 1.2
      vertex 8.14206 10.8183 1.2
    endloop
  endfacet
  facet normal 0 0 1
    outer loop
      vertex 7.28467 12.0051 1.2
      vertex 7.84869 12.2932 1.2
      vertex 7.70207 12.4604 1.2
    endloop
  endfacet
  facet normal 0 0 1
    outer loop
      vertex 8.18544 11.4802 1.2
      vertex 7.44999 11.5181 1.2
      vertex 7.44314 11.4137 1.2
    endloop
  endfacet
  facet normal 0 0 1
    outer loop
      vertex 7.21568 12.0838 1.2
      vertex 7.70207 12.4604 1.2
      vertex 7.53489 12.607 1.2
    endloop
  endfacet
  facet normal -0 0 1
    outer loop
      vertex 7.3428 11.1181 1.2
      vertex 8.14206 10.8183 1.2
      vertex 7.3891 11.212 1.2
    endloop
  endfacet
  facet normal 0 0 1
    outer loop
      vertex 8.14206 10.8183 1.2
      vertex 7.3428 11.1181 1.2
      vertex 8.07059 10.6078 1.2
    endloop
  endfacet
  facet normal 0 0 1
    outer loop
      vertex 8.14206 11.6983 1.2
      vertex 7.44314 11.6226 1.2
      vertex 7.44999 11.5181 1.2
    endloop
  endfacet
  facet normal 0 0 1
    outer loop
      vertex 8.07058 11.9089 1.2
      vertex 7.42273 11.7252 1.2
      vertex 7.44314 11.6226 1.2
    endloop
  endfacet
  facet normal 0 0 1
    outer loop
      vertex 7.97223 12.1083 1.2
      vertex 7.38909 11.8243 1.2
      vertex 7.42273 11.7252 1.2
    endloop
  endfacet
  facet normal 0 0 1
    outer loop
      vertex 7.137 12.1528 1.2
      vertex 7.53489 12.607 1.2
      vertex 7.35 12.7306 1.2
    endloop
  endfacet
  facet normal 0 0 1
    outer loop
      vertex 7.97223 12.1083 1.2
      vertex 7.34281 11.9181 1.2
      vertex 7.38909 11.8243 1.2
    endloop
  endfacet
  facet normal 0 0 1
    outer loop
      vertex 7.84869 12.2932 1.2
      vertex 7.28467 12.0051 1.2
      vertex 7.34281 11.9181 1.2
    endloop
  endfacet
  facet normal 0 0 1
    outer loop
      vertex 7.70207 12.4604 1.2
      vertex 7.21568 12.0838 1.2
      vertex 7.28467 12.0051 1.2
    endloop
  endfacet
  facet normal 0 0 1
    outer loop
      vertex 6.95615 12.2572 1.2
      vertex 7.35 12.7306 1.2
      vertex 7.15056 12.8289 1.2
    endloop
  endfacet
  facet normal 0 0 1
    outer loop
      vertex 7.53489 12.607 1.2
      vertex 7.137 12.1528 1.2
      vertex 7.21568 12.0838 1.2
    endloop
  endfacet
  facet normal 0 0 1
    outer loop
      vertex 7.35 12.7306 1.2
      vertex 7.05 12.2109 1.2
      vertex 7.137 12.1528 1.2
    endloop
  endfacet
  facet normal 0 0 1
    outer loop
      vertex 7.35 12.7306 1.2
      vertex 6.95615 12.2572 1.2
      vertex 7.05 12.2109 1.2
    endloop
  endfacet
  facet normal 0 0 1
    outer loop
      vertex 6.85706 12.2909 1.2
      vertex 7.15056 12.8289 1.2
      vertex 6.93999 12.9004 1.2
    endloop
  endfacet
  facet normal 0 0 1
    outer loop
      vertex 7.15056 12.8289 1.2
      vertex 6.85706 12.2909 1.2
      vertex 6.95615 12.2572 1.2
    endloop
  endfacet
  facet normal 0 0 1
    outer loop
      vertex 6.93999 12.9004 1.2
      vertex 6.75442 12.3113 1.2
      vertex 6.85706 12.2909 1.2
    endloop
  endfacet
  facet normal 0 0 1
    outer loop
      vertex 6.72189 12.9438 1.2
      vertex 6.75442 12.3113 1.2
      vertex 6.93999 12.9004 1.2
    endloop
  endfacet
  facet normal 0 0 1
    outer loop
      vertex 6.72189 12.9438 1.2
      vertex 6.65 12.3181 1.2
      vertex 6.75442 12.3113 1.2
    endloop
  endfacet
  facet normal 0 0 1
    outer loop
      vertex 6.5 12.9583 1.2
      vertex 6.65 12.3181 1.2
      vertex 6.72189 12.9438 1.2
    endloop
  endfacet
  facet normal 0 0 1
    outer loop
      vertex 6.65 12.3181 1.2
      vertex 6.5 12.9583 1.2
      vertex 6.54558 12.3113 1.2
    endloop
  endfacet
  facet normal 0 0 1
    outer loop
      vertex 6.5 12.9583 1.2
      vertex 6.44295 12.2909 1.2
      vertex 6.54558 12.3113 1.2
    endloop
  endfacet
  facet normal -0 0 1
    outer loop
      vertex 6.27811 12.9438 1.2
      vertex 6.44295 12.2909 1.2
      vertex 6.5 12.9583 1.2
    endloop
  endfacet
  facet normal 0 0 1
    outer loop
      vertex 6.44295 12.2909 1.2
      vertex 6.27811 12.9438 1.2
      vertex 6.34386 12.2572 1.2
    endloop
  endfacet
  facet normal -0 0 1
    outer loop
      vertex 6.06001 12.9004 1.2
      vertex 6.34386 12.2572 1.2
      vertex 6.27811 12.9438 1.2
    endloop
  endfacet
  facet normal 0 0 1
    outer loop
      vertex 6.34386 12.2572 1.2
      vertex 6.06001 12.9004 1.2
      vertex 6.25001 12.2109 1.2
    endloop
  endfacet
  facet normal -0 0 1
    outer loop
      vertex 5.84944 12.8289 1.2
      vertex 6.25001 12.2109 1.2
      vertex 6.06001 12.9004 1.2
    endloop
  endfacet
  facet normal 0 0 1
    outer loop
      vertex 6.25001 12.2109 1.2
      vertex 5.84944 12.8289 1.2
      vertex 6.163 12.1528 1.2
    endloop
  endfacet
  facet normal -0 0 1
    outer loop
      vertex 5.65001 12.7306 1.2
      vertex 6.163 12.1528 1.2
      vertex 5.84944 12.8289 1.2
    endloop
  endfacet
  facet normal 0 0 1
    outer loop
      vertex 6.163 12.1528 1.2
      vertex 5.65001 12.7306 1.2
      vertex 6.08432 12.0838 1.2
    endloop
  endfacet
  facet normal -0 0 1
    outer loop
      vertex 5.46511 12.607 1.2
      vertex 6.08432 12.0838 1.2
      vertex 5.65001 12.7306 1.2
    endloop
  endfacet
  facet normal 0 0 1
    outer loop
      vertex 6.08432 12.0838 1.2
      vertex 5.46511 12.607 1.2
      vertex 6.01532 12.0051 1.2
    endloop
  endfacet
  facet normal -0 0 1
    outer loop
      vertex 5.29793 12.4604 1.2
      vertex 6.01532 12.0051 1.2
      vertex 5.46511 12.607 1.2
    endloop
  endfacet
  facet normal -0 0 1
    outer loop
      vertex 5.1513 12.2932 1.2
      vertex 5.95718 11.9181 1.2
      vertex 5.29793 12.4604 1.2
    endloop
  endfacet
  facet normal 0 0 1
    outer loop
      vertex 6.01532 12.0051 1.2
      vertex 5.29793 12.4604 1.2
      vertex 5.95718 11.9181 1.2
    endloop
  endfacet
  facet normal -0 0 1
    outer loop
      vertex 7.28468 11.0311 1.2
      vertex 8.07059 10.6078 1.2
      vertex 7.3428 11.1181 1.2
    endloop
  endfacet
  facet normal 0 0 1
    outer loop
      vertex 8.07059 10.6078 1.2
      vertex 7.28468 11.0311 1.2
      vertex 7.97224 10.4083 1.2
    endloop
  endfacet
  facet normal -0 0 1
    outer loop
      vertex 7.21568 10.9525 1.2
      vertex 7.97224 10.4083 1.2
      vertex 7.28468 11.0311 1.2
    endloop
  endfacet
  facet normal 0 0 1
    outer loop
      vertex 7.97224 10.4083 1.2
      vertex 7.21568 10.9525 1.2
      vertex 7.84869 10.2234 1.2
    endloop
  endfacet
  facet normal -0 0 1
    outer loop
      vertex 7.137 10.8835 1.2
      vertex 7.84869 10.2234 1.2
      vertex 7.21568 10.9525 1.2
    endloop
  endfacet
  facet normal 0 0 1
    outer loop
      vertex 7.84869 10.2234 1.2
      vertex 7.137 10.8835 1.2
      vertex 7.70206 10.0562 1.2
    endloop
  endfacet
  facet normal -0 0 1
    outer loop
      vertex 7.04999 10.8253 1.2
      vertex 7.70206 10.0562 1.2
      vertex 7.137 10.8835 1.2
    endloop
  endfacet
  facet normal 0 0 1
    outer loop
      vertex 7.70206 10.0562 1.2
      vertex 7.04999 10.8253 1.2
      vertex 7.53488 9.90962 1.2
    endloop
  endfacet
  facet normal -0 0 1
    outer loop
      vertex 6.95614 10.779 1.2
      vertex 7.53488 9.90962 1.2
      vertex 7.04999 10.8253 1.2
    endloop
  endfacet
  facet normal 0 0 1
    outer loop
      vertex 7.53488 9.90962 1.2
      vertex 6.95614 10.779 1.2
      vertex 7.34998 9.78609 1.2
    endloop
  endfacet
  facet normal -0 0 1
    outer loop
      vertex 6.85704 10.7454 1.2
      vertex 7.34998 9.78609 1.2
      vertex 6.95614 10.779 1.2
    endloop
  endfacet
  facet normal -0 0 1
    outer loop
      vertex 3.42168 0.7 1.2
      vertex 8.95411 -0.7 1.2
      vertex 8.95411 0.7 1.2
    endloop
  endfacet
  facet normal 0 0 1
    outer loop
      vertex 3.42168 0.7 1.2
      vertex 3.42168 -0.7 1.2
      vertex 8.95411 -0.7 1.2
    endloop
  endfacet
  facet normal 0 0 1
    outer loop
      vertex 2.60758 0.7 1.2
      vertex 3.42168 0.7 1.2
      vertex 3.38074 0.905853 1.2
    endloop
  endfacet
  facet normal 0 0 1
    outer loop
      vertex 3.42168 0.7 1.2
      vertex 2.60758 0.7 1.2
      vertex 3.42168 -0.7 1.2
    endloop
  endfacet
  facet normal 0 0 1
    outer loop
      vertex 2.60758 0.7 1.2
      vertex 3.38074 0.905853 1.2
      vertex 3.23357 1.33939 1.2
    endloop
  endfacet
  facet normal 0 0 1
    outer loop
      vertex 2.60758 -0.7 1.2
      vertex 3.42168 -0.7 1.2
      vertex 2.60758 0.7 1.2
    endloop
  endfacet
  facet normal 0 0 1
    outer loop
      vertex 2.49446 1.03323 1.2
      vertex 3.23357 1.33939 1.2
      vertex 3.03108 1.75 1.2
    endloop
  endfacet
  facet normal 0 0 1
    outer loop
      vertex 3.42168 -0.7 1.2
      vertex 2.60758 -0.7 1.2
      vertex 3.38074 -0.905853 1.2
    endloop
  endfacet
  facet normal 0 0 1
    outer loop
      vertex 2.33826 1.34999 1.2
      vertex 3.03108 1.75 1.2
      vertex 2.77673 2.13066 1.2
    endloop
  endfacet
  facet normal 0 0 1
    outer loop
      vertex 3.38074 -0.905853 1.2
      vertex 2.60758 -0.7 1.2
      vertex 3.23357 -1.33939 1.2
    endloop
  endfacet
  facet normal -0 0 1
    outer loop
      vertex 2.49446 -1.03323 1.2
      vertex 3.23357 -1.33939 1.2
      vertex 2.60758 -0.7 1.2
    endloop
  endfacet
  facet normal 0 0 1
    outer loop
      vertex 3.23357 1.33939 1.2
      vertex 2.49446 1.03323 1.2
      vertex 2.60758 0.7 1.2
    endloop
  endfacet
  facet normal 0 0 1
    outer loop
      vertex 2.14204 1.64365 1.2
      vertex 2.77673 2.13066 1.2
      vertex 2.47487 2.47487 1.2
    endloop
  endfacet
  facet normal 0 0 1
    outer loop
      vertex 3.03108 1.75 1.2
      vertex 2.33826 1.34999 1.2
      vertex 2.49446 1.03323 1.2
    endloop
  endfacet
  facet normal 0 0 1
    outer loop
      vertex 2.77673 2.13066 1.2
      vertex 2.14204 1.64365 1.2
      vertex 2.33826 1.34999 1.2
    endloop
  endfacet
  facet normal 0 0 1
    outer loop
      vertex 1.90918 1.90918 1.2
      vertex 2.47487 2.47487 1.2
      vertex 2.13066 2.77673 1.2
    endloop
  endfacet
  facet normal 0 0 1
    outer loop
      vertex 2.47487 2.47487 1.2
      vertex 1.90918 1.90918 1.2
      vertex 2.14204 1.64365 1.2
    endloop
  endfacet
  facet normal 0 0 1
    outer loop
      vertex 1.64365 2.14204 1.2
      vertex 2.13066 2.77673 1.2
      vertex 1.75 3.03108 1.2
    endloop
  endfacet
  facet normal 0 0 1
    outer loop
      vertex 2.13066 2.77673 1.2
      vertex 1.64365 2.14204 1.2
      vertex 1.90918 1.90918 1.2
    endloop
  endfacet
  facet normal 0 0 1
    outer loop
      vertex 1.75 3.03108 1.2
      vertex 1.34999 2.33826 1.2
      vertex 1.64365 2.14204 1.2
    endloop
  endfacet
  facet normal 0 0 1
    outer loop
      vertex 1.33939 3.23357 1.2
      vertex 1.34999 2.33826 1.2
      vertex 1.75 3.03108 1.2
    endloop
  endfacet
  facet normal 0 0 1
    outer loop
      vertex 1.33939 3.23357 1.2
      vertex 1.03323 2.49446 1.2
      vertex 1.34999 2.33826 1.2
    endloop
  endfacet
  facet normal 0 0 1
    outer loop
      vertex 0.905853 3.38074 1.2
      vertex 1.03323 2.49446 1.2
      vertex 1.33939 3.23357 1.2
    endloop
  endfacet
  facet normal 0 0 1
    outer loop
      vertex 0.905853 3.38074 1.2
      vertex 0.698807 2.60799 1.2
      vertex 1.03323 2.49446 1.2
    endloop
  endfacet
  facet normal 0 0 1
    outer loop
      vertex 0.456833 3.47005 1.2
      vertex 0.698807 2.60799 1.2
      vertex 0.905853 3.38074 1.2
    endloop
  endfacet
  facet normal 0 0 1
    outer loop
      vertex 0.456833 3.47005 1.2
      vertex 0.352417 2.6769 1.2
      vertex 0.698807 2.60799 1.2
    endloop
  endfacet
  facet normal 0 0 1
    outer loop
      vertex 0 3.5 1.2
      vertex 0.352417 2.6769 1.2
      vertex 0.456833 3.47005 1.2
    endloop
  endfacet
  facet normal 0 0 1
    outer loop
      vertex 0 3.5 1.2
      vertex 0 2.7 1.2
      vertex 0.352417 2.6769 1.2
    endloop
  endfacet
  facet normal 0 0 1
    outer loop
      vertex 0 3.5 1.2
      vertex -0.352417 2.6769 1.2
      vertex 0 2.7 1.2
    endloop
  endfacet
  facet normal -0 0 1
    outer loop
      vertex -0.456833 3.47005 1.2
      vertex -0.352417 2.6769 1.2
      vertex 0 3.5 1.2
    endloop
  endfacet
  facet normal 0 0 1
    outer loop
      vertex -0.456833 3.47005 1.2
      vertex -0.697573 2.60823 1.2
      vertex -0.352417 2.6769 1.2
    endloop
  endfacet
  facet normal 0 0 1
    outer loop
      vertex 0.404145 -0.7 1.2
      vertex -0.80829 0 1.2
      vertex -0.697573 -2.60823 1.2
    endloop
  endfacet
  facet normal -0 0 1
    outer loop
      vertex -0.905853 3.38074 1.2
      vertex -0.697573 2.60823 1.2
      vertex -0.456833 3.47005 1.2
    endloop
  endfacet
  facet normal -0 0 1
    outer loop
      vertex -1.10462 3.31326 1.2
      vertex -0.697573 2.60823 1.2
      vertex -0.905853 3.38074 1.2
    endloop
  endfacet
  facet normal 0 0 1
    outer loop
      vertex -0.697573 2.60823 1.2
      vertex -1.10462 3.31326 1.2
      vertex -1.91001 1.90823 1.2
    endloop
  endfacet
  facet normal 0 0 1
    outer loop
      vertex -0.697573 2.60823 1.2
      vertex -1.91001 1.90823 1.2
      vertex -0.80829 0 1.2
    endloop
  endfacet
  facet normal -0 0 1
    outer loop
      vertex -2.31706 2.61327 1.2
      vertex -1.91001 1.90823 1.2
      vertex -1.10462 3.31326 1.2
    endloop
  endfacet
  facet normal -0 0 1
    outer loop
      vertex -2.47487 2.47487 1.2
      vertex -1.91001 1.90823 1.2
      vertex -2.31706 2.61327 1.2
    endloop
  endfacet
  facet normal 0 0 1
    outer loop
      vertex -3.87084 8.10449 1.2
      vertex -2.31706 2.61327 1.2
      vertex -1.10462 3.31326 1.2
    endloop
  endfacet
  facet normal 0 0 1
    outer loop
      vertex -3.44414 8.31491 1.2
      vertex -4.82768 10.9704 1.2
      vertex -3.87084 8.10449 1.2
    endloop
  endfacet
  facet normal 0 0 1
    outer loop
      vertex -5.08327 7.40449 1.2
      vertex -3.87084 8.10449 1.2
      vertex -4.82768 10.9704 1.2
    endloop
  endfacet
  facet normal 0 0 1
    outer loop
      vertex -5.85685 11.6225 1.2
      vertex -4.85793 11.6983 1.2
      vertex -4.9294 11.9089 1.2
    endloop
  endfacet
  facet normal 0 0 1
    outer loop
      vertex -5.87726 11.7252 1.2
      vertex -4.9294 11.9089 1.2
      vertex -5.02776 12.1083 1.2
    endloop
  endfacet
  facet normal 0 0 1
    outer loop
      vertex -3.87084 8.10449 1.2
      vertex -5.08327 7.40449 1.2
      vertex -2.31706 2.61327 1.2
    endloop
  endfacet
  facet normal 0 0 1
    outer loop
      vertex -4.81454 11.4802 1.2
      vertex -5.85001 11.5181 1.2
      vertex -5.85685 11.4137 1.2
    endloop
  endfacet
  facet normal 0 0 1
    outer loop
      vertex -5.9109 11.8243 1.2
      vertex -5.02776 12.1083 1.2
      vertex -5.1513 12.2932 1.2
    endloop
  endfacet
  facet normal 0 0 1
    outer loop
      vertex -5.95718 11.9181 1.2
      vertex -5.1513 12.2932 1.2
      vertex -5.29793 12.4604 1.2
    endloop
  endfacet
  facet normal 0 0 1
    outer loop
      vertex -6.01532 12.0051 1.2
      vertex -5.29793 12.4604 1.2
      vertex -5.46511 12.607 1.2
    endloop
  endfacet
  facet normal 0 0 1
    outer loop
      vertex -4.82768 10.9704 1.2
      vertex -5.87727 11.3111 1.2
      vertex -5.9109 11.212 1.2
    endloop
  endfacet
  facet normal 0 0 1
    outer loop
      vertex -6.08432 12.0838 1.2
      vertex -5.46511 12.607 1.2
      vertex -5.65001 12.7306 1.2
    endloop
  endfacet
  facet normal 0 0 1
    outer loop
      vertex -6.163 12.1528 1.2
      vertex -5.65001 12.7306 1.2
      vertex -5.84944 12.8289 1.2
    endloop
  endfacet
  facet normal 0 0 1
    outer loop
      vertex -4.80001 11.2583 1.2
      vertex -5.85685 11.4137 1.2
      vertex -5.87727 11.3111 1.2
    endloop
  endfacet
  facet normal 0 0 1
    outer loop
      vertex -4.81455 11.0364 1.2
      vertex -5.87727 11.3111 1.2
      vertex -4.82768 10.9704 1.2
    endloop
  endfacet
  facet normal 0 0 1
    outer loop
      vertex -4.82768 10.9704 1.2
      vertex -5.9109 11.212 1.2
      vertex -5.95718 11.1181 1.2
    endloop
  endfacet
  facet normal -0 0 1
    outer loop
      vertex -6.01532 11.0311 1.2
      vertex -4.82768 10.9704 1.2
      vertex -5.95718 11.1181 1.2
    endloop
  endfacet
  facet normal 0 0 1
    outer loop
      vertex -6.08432 10.9524 1.2
      vertex -4.82768 10.9704 1.2
      vertex -6.01532 11.0311 1.2
    endloop
  endfacet
  facet normal 0 0 1
    outer loop
      vertex -6.16299 10.8834 1.2
      vertex -4.82768 10.9704 1.2
      vertex -6.08432 10.9524 1.2
    endloop
  endfacet
  facet normal 0 0 1
    outer loop
      vertex -6.25 10.8253 1.2
      vertex -4.82768 10.9704 1.2
      vertex -6.16299 10.8834 1.2
    endloop
  endfacet
  facet normal 0 0 1
    outer loop
      vertex -7.08682 9.6661 1.2
      vertex -4.82768 10.9704 1.2
      vertex -6.25 10.8253 1.2
    endloop
  endfacet
  facet normal 0 0 1
    outer loop
      vertex -4.82768 10.9704 1.2
      vertex -7.08682 9.6661 1.2
      vertex -5.08327 7.40449 1.2
    endloop
  endfacet
  facet normal 0 0 1
    outer loop
      vertex -7.08682 9.6661 1.2
      vertex -6.25 10.8253 1.2
      vertex -6.34384 10.779 1.2
    endloop
  endfacet
  facet normal 0 0 1
    outer loop
      vertex -5.08327 7.40449 1.2
      vertex -7.08682 9.6661 1.2
      vertex -5.47885 7.14017 1.2
    endloop
  endfacet
  facet normal 0 0 1
    outer loop
      vertex -7.08682 9.6661 1.2
      vertex -6.34384 10.779 1.2
      vertex -6.44293 10.7454 1.2
    endloop
  endfacet
  facet normal 0 0 1
    outer loop
      vertex -7.08682 9.6661 1.2
      vertex -6.44293 10.7454 1.2
      vertex -6.54556 10.725 1.2
    endloop
  endfacet
  facet normal 0 0 1
    outer loop
      vertex -7.08682 9.6661 1.2
      vertex -6.54556 10.725 1.2
      vertex -6.64999 10.7181 1.2
    endloop
  endfacet
  facet normal 0 0 1
    outer loop
      vertex -7.08682 9.6661 1.2
      vertex -6.64999 10.7181 1.2
      vertex -6.75441 10.725 1.2
    endloop
  endfacet
  facet normal 0 0 1
    outer loop
      vertex -7.08682 9.6661 1.2
      vertex -6.75441 10.725 1.2
      vertex -6.85704 10.7454 1.2
    endloop
  endfacet
  facet normal 0 0 1
    outer loop
      vertex -7.34998 9.78609 1.2
      vertex -6.85704 10.7454 1.2
      vertex -6.95614 10.779 1.2
    endloop
  endfacet
  facet normal 0 0 1
    outer loop
      vertex -7.53488 9.90962 1.2
      vertex -6.95614 10.779 1.2
      vertex -7.04999 10.8253 1.2
    endloop
  endfacet
  facet normal -0 0 1
    outer loop
      vertex -7.30513 9.52023 1.2
      vertex -5.47885 7.14017 1.2
      vertex -7.08682 9.6661 1.2
    endloop
  endfacet
  facet normal 0 0 1
    outer loop
      vertex -5.47885 7.14017 1.2
      vertex -7.30513 9.52023 1.2
      vertex -6.36395 6.36395 1.2
    endloop
  endfacet
  facet normal -0 0 1
    outer loop
      vertex -8.48528 8.48528 1.2
      vertex -6.36395 6.36395 1.2
      vertex -7.30513 9.52023 1.2
    endloop
  endfacet
  facet normal 0 0 1
    outer loop
      vertex -6.36395 6.36395 1.2
      vertex -8.48528 8.48528 1.2
      vertex -7.14017 5.47885 1.2
    endloop
  endfacet
  facet normal -0 0 1
    outer loop
      vertex -9.52023 7.30513 1.2
      vertex -7.14017 5.47885 1.2
      vertex -8.48528 8.48528 1.2
    endloop
  endfacet
  facet normal 0 0 1
    outer loop
      vertex -7.14017 5.47885 1.2
      vertex -9.52023 7.30513 1.2
      vertex -7.79422 4.5 1.2
    endloop
  endfacet
  facet normal -0 0 1
    outer loop
      vertex -10.3923 6 1.2
      vertex -7.79422 4.5 1.2
      vertex -9.52023 7.30513 1.2
    endloop
  endfacet
  facet normal 0 0 1
    outer loop
      vertex -7.79422 4.5 1.2
      vertex -10.3923 6 1.2
      vertex -8.31491 3.44414 1.2
    endloop
  endfacet
  facet normal -0 0 1
    outer loop
      vertex -11.0865 4.59219 1.2
      vertex -8.31491 3.44414 1.2
      vertex -10.3923 6 1.2
    endloop
  endfacet
  facet normal 0 0 1
    outer loop
      vertex -8.31491 3.44414 1.2
      vertex -11.0865 4.59219 1.2
      vertex -8.69333 2.32936 1.2
    endloop
  endfacet
  facet normal 0 0 1
    outer loop
      vertex 11.5911 -3.10582 1.2
      vertex 8.69333 -2.32936 1.2
      vertex 11.0865 -4.59219 1.2
    endloop
  endfacet
  facet normal -0 0 1
    outer loop
      vertex 8.31491 -3.44414 1.2
      vertex 11.0865 -4.59219 1.2
      vertex 8.69333 -2.32936 1.2
    endloop
  endfacet
  facet normal 0 0 1
    outer loop
      vertex 11.0865 -4.59219 1.2
      vertex 8.31491 -3.44414 1.2
      vertex 10.3923 -6 1.2
    endloop
  endfacet
  facet normal -0 0 1
    outer loop
      vertex 7.79422 -4.5 1.2
      vertex 10.3923 -6 1.2
      vertex 8.31491 -3.44414 1.2
    endloop
  endfacet
  facet normal 0 0 1
    outer loop
      vertex 10.3923 -6 1.2
      vertex 7.79422 -4.5 1.2
      vertex 9.52023 -7.30513 1.2
    endloop
  endfacet
  facet normal -0 0 1
    outer loop
      vertex 7.14017 -5.47885 1.2
      vertex 9.52023 -7.30513 1.2
      vertex 7.79422 -4.5 1.2
    endloop
  endfacet
  facet normal 0 0 1
    outer loop
      vertex 9.52023 -7.30513 1.2
      vertex 7.14017 -5.47885 1.2
      vertex 8.48528 -8.48528 1.2
    endloop
  endfacet
  facet normal -0 0 1
    outer loop
      vertex 6.36395 -6.36395 1.2
      vertex 8.48528 -8.48528 1.2
      vertex 7.14017 -5.47885 1.2
    endloop
  endfacet
  facet normal 0 0 1
    outer loop
      vertex 8.48528 -8.48528 1.2
      vertex 6.36395 -6.36395 1.2
      vertex 7.30513 -9.52023 1.2
    endloop
  endfacet
  facet normal -0 0 1
    outer loop
      vertex 5.47885 -7.14017 1.2
      vertex 7.30513 -9.52023 1.2
      vertex 6.36395 -6.36395 1.2
    endloop
  endfacet
  facet normal 0 0 1
    outer loop
      vertex 7.30513 -9.52023 1.2
      vertex 5.47885 -7.14017 1.2
      vertex 7.08682 -9.6661 1.2
    endloop
  endfacet
  facet normal 0 0 1
    outer loop
      vertex 7.08682 -9.6661 1.2
      vertex 6.95614 -10.779 1.2
      vertex 7.04999 -10.8253 1.2
    endloop
  endfacet
  facet normal 0 0 1
    outer loop
      vertex 7.08682 -9.6661 1.2
      vertex 6.85704 -10.7454 1.2
      vertex 6.95614 -10.779 1.2
    endloop
  endfacet
  facet normal -0 0 1
    outer loop
      vertex 4.5 -7.79422 1.2
      vertex 7.08682 -9.6661 1.2
      vertex 5.47885 -7.14017 1.2
    endloop
  endfacet
  facet normal 0 0 1
    outer loop
      vertex 7.08682 -9.6661 1.2
      vertex 6.75441 -10.725 1.2
      vertex 6.85704 -10.7454 1.2
    endloop
  endfacet
  facet normal 0 0 1
    outer loop
      vertex 7.08682 -9.6661 1.2
      vertex 6.64999 -10.7181 1.2
      vertex 6.75441 -10.725 1.2
    endloop
  endfacet
  facet normal 0 0 1
    outer loop
      vertex 7.08682 -9.6661 1.2
      vertex 6.54556 -10.725 1.2
      vertex 6.64999 -10.7181 1.2
    endloop
  endfacet
  facet normal 0 0 1
    outer loop
      vertex 7.08682 -9.6661 1.2
      vertex 6.44293 -10.7454 1.2
      vertex 6.54556 -10.725 1.2
    endloop
  endfacet
  facet normal 0 -0 1
    outer loop
      vertex 6.25 -10.8253 1.2
      vertex 7.08682 -9.6661 1.2
      vertex 4.5 -7.79422 1.2
    endloop
  endfacet
  facet normal 0 0 1
    outer loop
      vertex 7.08682 -9.6661 1.2
      vertex 6.34384 -10.779 1.2
      vertex 6.44293 -10.7454 1.2
    endloop
  endfacet
  facet normal 0 0 1
    outer loop
      vertex 7.08682 -9.6661 1.2
      vertex 6.25 -10.8253 1.2
      vertex 6.34384 -10.779 1.2
    endloop
  endfacet
  facet normal 0 -0 1
    outer loop
      vertex 4.82768 -10.9704 1.2
      vertex 6.25 -10.8253 1.2
      vertex 4.5 -7.79422 1.2
    endloop
  endfacet
  facet normal 0 0 1
    outer loop
      vertex 6.25 -10.8253 1.2
      vertex 4.82768 -10.9704 1.2
      vertex 6.16299 -10.8834 1.2
    endloop
  endfacet
  facet normal 0 0 1
    outer loop
      vertex 6.16299 -10.8834 1.2
      vertex 4.82768 -10.9704 1.2
      vertex 6.08432 -10.9524 1.2
    endloop
  endfacet
  facet normal 0 0 1
    outer loop
      vertex 6.08432 -10.9524 1.2
      vertex 4.82768 -10.9704 1.2
      vertex 6.01532 -11.0311 1.2
    endloop
  endfacet
  facet normal 0 0 1
    outer loop
      vertex 6.01532 -11.0311 1.2
      vertex 4.82768 -10.9704 1.2
      vertex 5.95718 -11.1181 1.2
    endloop
  endfacet
  facet normal 0 0 1
    outer loop
      vertex 6.163 -12.1528 1.2
      vertex 5.65001 -12.7306 1.2
      vertex 5.84944 -12.8289 1.2
    endloop
  endfacet
  facet normal -0 0 1
    outer loop
      vertex 4.81454 -11.4802 1.2
      vertex 5.85001 -11.5181 1.2
      vertex 5.85685 -11.4137 1.2
    endloop
  endfacet
  facet normal 0 0 1
    outer loop
      vertex 5.95718 -11.1181 1.2
      vertex 4.82768 -10.9704 1.2
      vertex 5.9109 -11.212 1.2
    endloop
  endfacet
  facet normal -0 0 1
    outer loop
      vertex 4.81455 -11.0364 1.2
      vertex 5.87727 -11.3111 1.2
      vertex 4.82768 -10.9704 1.2
    endloop
  endfacet
  facet normal -0 0 1
    outer loop
      vertex 4.80001 -11.2583 1.2
      vertex 5.87727 -11.3111 1.2
      vertex 4.81455 -11.0364 1.2
    endloop
  endfacet
  facet normal 0 0 1
    outer loop
      vertex 5.85685 -11.6225 1.2
      vertex 5.46511 -12.607 1.2
      vertex 5.65001 -12.7306 1.2
    endloop
  endfacet
  facet normal 0 0 1
    outer loop
      vertex 5.85685 -11.6225 1.2
      vertex 5.29793 -12.4604 1.2
      vertex 5.46511 -12.607 1.2
    endloop
  endfacet
  facet normal 0 0 1
    outer loop
      vertex 5.85685 -11.6225 1.2
      vertex 5.1513 -12.2932 1.2
      vertex 5.29793 -12.4604 1.2
    endloop
  endfacet
  facet normal 0 0 1
    outer loop
      vertex 5.85685 -11.6225 1.2
      vertex 5.02776 -12.1083 1.2
      vertex 5.1513 -12.2932 1.2
    endloop
  endfacet
  facet normal 0 0 1
    outer loop
      vertex 5.85685 -11.6225 1.2
      vertex 4.9294 -11.9089 1.2
      vertex 5.02776 -12.1083 1.2
    endloop
  endfacet
  facet normal 0 0 1
    outer loop
      vertex 5.85685 -11.6225 1.2
      vertex 4.85793 -11.6983 1.2
      vertex 4.9294 -11.9089 1.2
    endloop
  endfacet
  facet normal 0 0 1
    outer loop
      vertex 5.9109 -11.212 1.2
      vertex 4.82768 -10.9704 1.2
      vertex 5.87727 -11.3111 1.2
    endloop
  endfacet
  facet normal -0 0 1
    outer loop
      vertex 3.44414 -8.31491 1.2
      vertex 4.82768 -10.9704 1.2
      vertex 4.5 -7.79422 1.2
    endloop
  endfacet
  facet normal 0 0 1
    outer loop
      vertex 4.82768 -10.9704 1.2
      vertex 3.44414 -8.31491 1.2
      vertex 4.59219 -11.0865 1.2
    endloop
  endfacet
  facet normal 0 0 1
    outer loop
      vertex 3.44414 -8.31491 1.2
      vertex 3.10582 -11.5911 1.2
      vertex 4.59219 -11.0865 1.2
    endloop
  endfacet
  facet normal -0 0 1
    outer loop
      vertex 2.32936 -8.69333 1.2
      vertex 3.10582 -11.5911 1.2
      vertex 3.44414 -8.31491 1.2
    endloop
  endfacet
  facet normal 0 0 1
    outer loop
      vertex 2.32936 -8.69333 1.2
      vertex 1.5663 -11.8973 1.2
      vertex 3.10582 -11.5911 1.2
    endloop
  endfacet
  facet normal -0 0 1
    outer loop
      vertex 1.17473 -8.92299 1.2
      vertex 1.5663 -11.8973 1.2
      vertex 2.32936 -8.69333 1.2
    endloop
  endfacet
  facet normal -0 0 1
    outer loop
      vertex 0 -9 1.2
      vertex 1.5663 -11.8973 1.2
      vertex 1.17473 -8.92299 1.2
    endloop
  endfacet
  facet normal 0 0 1
    outer loop
      vertex 0 -9 1.2
      vertex 0 -12 1.2
      vertex 1.5663 -11.8973 1.2
    endloop
  endfacet
  facet normal 0 0 1
    outer loop
      vertex -1.17473 -8.92299 1.2
      vertex 0 -12 1.2
      vertex 0 -9 1.2
    endloop
  endfacet
  facet normal 0 0 1
    outer loop
      vertex -1.17473 -8.92299 1.2
      vertex -1.5663 -11.8973 1.2
      vertex 0 -12 1.2
    endloop
  endfacet
  facet normal 0 0 1
    outer loop
      vertex -2.32936 -8.69333 1.2
      vertex -1.5663 -11.8973 1.2
      vertex -1.17473 -8.92299 1.2
    endloop
  endfacet
  facet normal 0 0 1
    outer loop
      vertex -2.32936 -8.69333 1.2
      vertex -3.10582 -11.5911 1.2
      vertex -1.5663 -11.8973 1.2
    endloop
  endfacet
  facet normal 0 0 1
    outer loop
      vertex -3.44414 -8.31491 1.2
      vertex -3.10582 -11.5911 1.2
      vertex -2.32936 -8.69333 1.2
    endloop
  endfacet
  facet normal 0 0 1
    outer loop
      vertex -4.82768 -10.9704 1.2
      vertex -3.44414 -8.31491 1.2
      vertex -3.87084 -8.10449 1.2
    endloop
  endfacet
  facet normal 0 0 1
    outer loop
      vertex -3.44414 -8.31491 1.2
      vertex -4.59219 -11.0865 1.2
      vertex -3.10582 -11.5911 1.2
    endloop
  endfacet
  facet normal -0 0 1
    outer loop
      vertex -12.6072 -0.399994 1.2
      vertex -11.9145 -1.30431 1.2
      vertex -12.5609 -0.306137 1.2
    endloop
  endfacet
  facet normal -0 0 1
    outer loop
      vertex -12.6653 -0.487 1.2
      vertex -11.9145 -1.30431 1.2
      vertex -12.6072 -0.399994 1.2
    endloop
  endfacet
  facet normal -0 0 1
    outer loop
      vertex -12.7343 -0.565674 1.2
      vertex -11.9145 -1.30431 1.2
      vertex -12.6653 -0.487 1.2
    endloop
  endfacet
  facet normal 0 0 1
    outer loop
      vertex -11.9145 -1.30431 1.2
      vertex -12.7343 -0.565674 1.2
      vertex -11.9651 -1.34869 1.2
    endloop
  endfacet
  facet normal 0 0 1
    outer loop
      vertex -11.9651 -1.34869 1.2
      vertex -12.7343 -0.565674 1.2
      vertex -12.15 -1.47223 1.2
    endloop
  endfacet
  facet normal -0 0 1
    outer loop
      vertex -12.813 -0.634674 1.2
      vertex -12.15 -1.47223 1.2
      vertex -12.7343 -0.565674 1.2
    endloop
  endfacet
  facet normal 0 0 1
    outer loop
      vertex -12.15 -1.47223 1.2
      vertex -12.813 -0.634674 1.2
      vertex -12.3494 -1.57059 1.2
    endloop
  endfacet
  facet normal -0 0 1
    outer loop
      vertex -12.9 -0.69281 1.2
      vertex -12.3494 -1.57059 1.2
      vertex -12.813 -0.634674 1.2
    endloop
  endfacet
  facet normal 0 0 1
    outer loop
      vertex -12.3494 -1.57059 1.2
      vertex -12.9 -0.69281 1.2
      vertex -12.56 -1.64206 1.2
    endloop
  endfacet
  facet normal -0 0 1
    outer loop
      vertex -12.9939 -0.73909 1.2
      vertex -12.56 -1.64206 1.2
      vertex -12.9 -0.69281 1.2
    endloop
  endfacet
  facet normal 0 0 1
    outer loop
      vertex -12.56 -1.64206 1.2
      vertex -12.9939 -0.73909 1.2
      vertex -12.7781 -1.68546 1.2
    endloop
  endfacet
  facet normal -0 0 1
    outer loop
      vertex -13.0929 -0.772736 1.2
      vertex -12.7781 -1.68546 1.2
      vertex -12.9939 -0.73909 1.2
    endloop
  endfacet
  facet normal 0 0 1
    outer loop
      vertex -12.7781 -1.68546 1.2
      vertex -13.0929 -0.772736 1.2
      vertex -13 -1.7 1.2
    endloop
  endfacet
  facet normal -0 0 1
    outer loop
      vertex -13.1956 -0.793152 1.2
      vertex -13 -1.7 1.2
      vertex -13.0929 -0.772736 1.2
    endloop
  endfacet
  facet normal 0 0 1
    outer loop
      vertex -13.1956 -0.793152 1.2
      vertex -13.2219 -1.68546 1.2
      vertex -13 -1.7 1.2
    endloop
  endfacet
  facet normal -0 0 1
    outer loop
      vertex -13.3 -0.799988 1.2
      vertex -13.2219 -1.68546 1.2
      vertex -13.1956 -0.793152 1.2
    endloop
  endfacet
  facet normal 0 0 1
    outer loop
      vertex -13.44 -1.64206 1.2
      vertex -13.3 -0.799988 1.2
      vertex -13.4044 -0.793152 1.2
    endloop
  endfacet
  facet normal 0 0 1
    outer loop
      vertex -13.3 -0.799988 1.2
      vertex -13.44 -1.64206 1.2
      vertex -13.2219 -1.68546 1.2
    endloop
  endfacet
  facet normal 0 0 1
    outer loop
      vertex -13.6506 -1.57059 1.2
      vertex -13.4044 -0.793152 1.2
      vertex -13.507 -0.772736 1.2
    endloop
  endfacet
  facet normal 0 0 1
    outer loop
      vertex -13.85 -1.47223 1.2
      vertex -13.507 -0.772736 1.2
      vertex -13.6061 -0.73909 1.2
    endloop
  endfacet
  facet normal 0 0 1
    outer loop
      vertex -13.4044 -0.793152 1.2
      vertex -13.6506 -1.57059 1.2
      vertex -13.44 -1.64206 1.2
    endloop
  endfacet
  facet normal 0 0 1
    outer loop
      vertex -14.0349 -1.34869 1.2
      vertex -13.6061 -0.73909 1.2
      vertex -13.7 -0.69281 1.2
    endloop
  endfacet
  facet normal 0 0 1
    outer loop
      vertex -14.2021 -1.20207 1.2
      vertex -13.7 -0.69281 1.2
      vertex -13.787 -0.634674 1.2
    endloop
  endfacet
  facet normal 0 0 1
    outer loop
      vertex -13.507 -0.772736 1.2
      vertex -13.85 -1.47223 1.2
      vertex -13.6506 -1.57059 1.2
    endloop
  endfacet
  facet normal 0 0 1
    outer loop
      vertex -14.3487 -1.03488 1.2
      vertex -13.787 -0.634674 1.2
      vertex -13.8657 -0.565674 1.2
    endloop
  endfacet
  facet normal 0 0 1
    outer loop
      vertex -14.4722 -0.849991 1.2
      vertex -13.8657 -0.565674 1.2
      vertex -13.9347 -0.487 1.2
    endloop
  endfacet
  facet normal 0 0 1
    outer loop
      vertex -14.4722 -0.849991 1.2
      vertex -13.9347 -0.487 1.2
      vertex -13.9928 -0.399994 1.2
    endloop
  endfacet
  facet normal 0 0 1
    outer loop
      vertex -13.6061 -0.73909 1.2
      vertex -14.0349 -1.34869 1.2
      vertex -13.85 -1.47223 1.2
    endloop
  endfacet
  facet normal 0 0 1
    outer loop
      vertex -14.5706 -0.650558 1.2
      vertex -13.9928 -0.399994 1.2
      vertex -14.0391 -0.306137 1.2
    endloop
  endfacet
  facet normal 0 0 1
    outer loop
      vertex -14.6421 -0.439987 1.2
      vertex -14.0391 -0.306137 1.2
      vertex -14.0727 -0.207047 1.2
    endloop
  endfacet
  facet normal 0 0 1
    outer loop
      vertex -14.6855 -0.221893 1.2
      vertex -14.0727 -0.207047 1.2
      vertex -14.0932 -0.104416 1.2
    endloop
  endfacet
  facet normal -0 0 1
    outer loop
      vertex -14.7 0 1.2
      vertex -14.0932 -0.104416 1.2
      vertex -14.1 0 1.2
    endloop
  endfacet
  facet normal -0 0 1
    outer loop
      vertex -14.6421 0.439987 1.2
      vertex -14.0391 0.306137 1.2
      vertex -14.5706 0.650558 1.2
    endloop
  endfacet
  facet normal 0 0 1
    outer loop
      vertex -13.7 -0.69281 1.2
      vertex -14.2021 -1.20207 1.2
      vertex -14.0349 -1.34869 1.2
    endloop
  endfacet
  facet normal 0 0 1
    outer loop
      vertex -14.0391 0.306137 1.2
      vertex -14.6421 0.439987 1.2
      vertex -14.0727 0.207047 1.2
    endloop
  endfacet
  facet normal 0 0 1
    outer loop
      vertex -13.787 -0.634674 1.2
      vertex -14.3487 -1.03488 1.2
      vertex -14.2021 -1.20207 1.2
    endloop
  endfacet
  facet normal -0 0 1
    outer loop
      vertex -14.6855 0.221893 1.2
      vertex -14.0727 0.207047 1.2
      vertex -14.6421 0.439987 1.2
    endloop
  endfacet
  facet normal 0 0 1
    outer loop
      vertex -13.8657 -0.565674 1.2
      vertex -14.4722 -0.849991 1.2
      vertex -14.3487 -1.03488 1.2
    endloop
  endfacet
  facet normal 0 0 1
    outer loop
      vertex -14.0727 0.207047 1.2
      vertex -14.6855 0.221893 1.2
      vertex -14.0932 0.104416 1.2
    endloop
  endfacet
  facet normal 0 0 1
    outer loop
      vertex -13.9928 -0.399994 1.2
      vertex -14.5706 -0.650558 1.2
      vertex -14.4722 -0.849991 1.2
    endloop
  endfacet
  facet normal 0 0 1
    outer loop
      vertex -14.7 0 1.2
      vertex -14.0932 0.104416 1.2
      vertex -14.6855 0.221893 1.2
    endloop
  endfacet
  facet normal 0 0 1
    outer loop
      vertex -14.0391 -0.306137 1.2
      vertex -14.6421 -0.439987 1.2
      vertex -14.5706 -0.650558 1.2
    endloop
  endfacet
  facet normal 0 0 1
    outer loop
      vertex -14.0932 0.104416 1.2
      vertex -14.7 0 1.2
      vertex -14.1 0 1.2
    endloop
  endfacet
  facet normal 0 0 1
    outer loop
      vertex -14.0727 -0.207047 1.2
      vertex -14.6855 -0.221893 1.2
      vertex -14.6421 -0.439987 1.2
    endloop
  endfacet
  facet normal 0 0 1
    outer loop
      vertex -14.0932 -0.104416 1.2
      vertex -14.7 0 1.2
      vertex -14.6855 -0.221893 1.2
    endloop
  endfacet
  facet normal 0 0 1
    outer loop
      vertex -7.70206 10.0562 1.2
      vertex -7.04999 10.8253 1.2
      vertex -7.137 10.8835 1.2
    endloop
  endfacet
  facet normal 0 0 1
    outer loop
      vertex -6.85704 10.7454 1.2
      vertex -7.15055 9.68774 1.2
      vertex -7.08682 9.6661 1.2
    endloop
  endfacet
  facet normal 0 0 1
    outer loop
      vertex -7.84869 10.2234 1.2
      vertex -7.137 10.8835 1.2
      vertex -7.21568 10.9525 1.2
    endloop
  endfacet
  facet normal 0 0 1
    outer loop
      vertex -7.97224 10.4083 1.2
      vertex -7.21568 10.9525 1.2
      vertex -7.28468 11.0311 1.2
    endloop
  endfacet
  facet normal 0 0 1
    outer loop
      vertex -8.07059 10.6078 1.2
      vertex -7.28468 11.0311 1.2
      vertex -7.3428 11.1181 1.2
    endloop
  endfacet
  facet normal 0 0 1
    outer loop
      vertex -6.85704 10.7454 1.2
      vertex -7.34998 9.78609 1.2
      vertex -7.15055 9.68774 1.2
    endloop
  endfacet
  facet normal 0 0 1
    outer loop
      vertex -8.14206 10.8183 1.2
      vertex -7.3428 11.1181 1.2
      vertex -7.3891 11.212 1.2
    endloop
  endfacet
  facet normal 0 0 1
    outer loop
      vertex -8.18545 11.0364 1.2
      vertex -7.3891 11.212 1.2
      vertex -7.42273 11.3111 1.2
    endloop
  endfacet
  facet normal 0 0 1
    outer loop
      vertex -8.19998 11.2583 1.2
      vertex -7.42273 11.3111 1.2
      vertex -7.44314 11.4137 1.2
    endloop
  endfacet
  facet normal -0 0 1
    outer loop
      vertex -8.18544 11.4802 1.2
      vertex -7.44314 11.4137 1.2
      vertex -7.44999 11.5181 1.2
    endloop
  endfacet
  facet normal 0 0 1
    outer loop
      vertex -6.95614 10.779 1.2
      vertex -7.53488 9.90962 1.2
      vertex -7.34998 9.78609 1.2
    endloop
  endfacet
  facet normal 0 0 1
    outer loop
      vertex -4.85793 11.6983 1.2
      vertex -5.85685 11.6225 1.2
      vertex -5.85001 11.5181 1.2
    endloop
  endfacet
  facet normal 0 0 1
    outer loop
      vertex -4.9294 11.9089 1.2
      vertex -5.87726 11.7252 1.2
      vertex -5.85685 11.6225 1.2
    endloop
  endfacet
  facet normal 0 0 1
    outer loop
      vertex -5.02776 12.1083 1.2
      vertex -5.9109 11.8243 1.2
      vertex -5.87726 11.7252 1.2
    endloop
  endfacet
  facet normal 0 0 1
    outer loop
      vertex -5.1513 12.2932 1.2
      vertex -5.95718 11.9181 1.2
      vertex -5.9109 11.8243 1.2
    endloop
  endfacet
  facet normal 0 0 1
    outer loop
      vertex -5.29793 12.4604 1.2
      vertex -6.01532 12.0051 1.2
      vertex -5.95718 11.9181 1.2
    endloop
  endfacet
  facet normal 0 0 1
    outer loop
      vertex -6.25001 12.2109 1.2
      vertex -5.84944 12.8289 1.2
      vertex -6.06001 12.9004 1.2
    endloop
  endfacet
  facet normal 0 0 1
    outer loop
      vertex -5.46511 12.607 1.2
      vertex -6.08432 12.0838 1.2
      vertex -6.01532 12.0051 1.2
    endloop
  endfacet
  facet normal 0 0 1
    outer loop
      vertex -5.65001 12.7306 1.2
      vertex -6.163 12.1528 1.2
      vertex -6.08432 12.0838 1.2
    endloop
  endfacet
  facet normal 0 0 1
    outer loop
      vertex -5.84944 12.8289 1.2
      vertex -6.25001 12.2109 1.2
      vertex -6.163 12.1528 1.2
    endloop
  endfacet
  facet normal 0 0 1
    outer loop
      vertex -6.34386 12.2572 1.2
      vertex -6.06001 12.9004 1.2
      vertex -6.27811 12.9438 1.2
    endloop
  endfacet
  facet normal 0 0 1
    outer loop
      vertex -6.06001 12.9004 1.2
      vertex -6.34386 12.2572 1.2
      vertex -6.25001 12.2109 1.2
    endloop
  endfacet
  facet normal 0 0 1
    outer loop
      vertex -6.27811 12.9438 1.2
      vertex -6.44295 12.2909 1.2
      vertex -6.34386 12.2572 1.2
    endloop
  endfacet
  facet normal 0 0 1
    outer loop
      vertex -6.5 12.9583 1.2
      vertex -6.44295 12.2909 1.2
      vertex -6.27811 12.9438 1.2
    endloop
  endfacet
  facet normal 0 0 1
    outer loop
      vertex -6.5 12.9583 1.2
      vertex -6.54558 12.3113 1.2
      vertex -6.44295 12.2909 1.2
    endloop
  endfacet
  facet normal 0 0 1
    outer loop
      vertex -6.5 12.9583 1.2
      vertex -6.65 12.3181 1.2
      vertex -6.54558 12.3113 1.2
    endloop
  endfacet
  facet normal -0 0 1
    outer loop
      vertex -6.72189 12.9438 1.2
      vertex -6.65 12.3181 1.2
      vertex -6.5 12.9583 1.2
    endloop
  endfacet
  facet normal 0 0 1
    outer loop
      vertex -6.72189 12.9438 1.2
      vertex -6.75442 12.3113 1.2
      vertex -6.65 12.3181 1.2
    endloop
  endfacet
  facet normal -0 0 1
    outer loop
      vertex -6.93999 12.9004 1.2
      vertex -6.75442 12.3113 1.2
      vertex -6.72189 12.9438 1.2
    endloop
  endfacet
  facet normal 0 0 1
    outer loop
      vertex -6.75442 12.3113 1.2
      vertex -6.93999 12.9004 1.2
      vertex -6.85706 12.2909 1.2
    endloop
  endfacet
  facet normal -0 0 1
    outer loop
      vertex -7.15056 12.8289 1.2
      vertex -6.85706 12.2909 1.2
      vertex -6.93999 12.9004 1.2
    endloop
  endfacet
  facet normal 0 0 1
    outer loop
      vertex -6.85706 12.2909 1.2
      vertex -7.15056 12.8289 1.2
      vertex -6.95615 12.2572 1.2
    endloop
  endfacet
  facet normal -0 0 1
    outer loop
      vertex -7.35 12.7306 1.2
      vertex -6.95615 12.2572 1.2
      vertex -7.15056 12.8289 1.2
    endloop
  endfacet
  facet normal 0 0 1
    outer loop
      vertex -6.95615 12.2572 1.2
      vertex -7.35 12.7306 1.2
      vertex -7.05 12.2109 1.2
    endloop
  endfacet
  facet normal 0 0 1
    outer loop
      vertex -7.05 12.2109 1.2
      vertex -7.35 12.7306 1.2
      vertex -7.137 12.1528 1.2
    endloop
  endfacet
  facet normal -0 0 1
    outer loop
      vertex -7.53489 12.607 1.2
      vertex -7.137 12.1528 1.2
      vertex -7.35 12.7306 1.2
    endloop
  endfacet
  facet normal 0 0 1
    outer loop
      vertex -7.137 12.1528 1.2
      vertex -7.53489 12.607 1.2
      vertex -7.21568 12.0838 1.2
    endloop
  endfacet
  facet normal -0 0 1
    outer loop
      vertex -7.70207 12.4604 1.2
      vertex -7.21568 12.0838 1.2
      vertex -7.53489 12.607 1.2
    endloop
  endfacet
  facet normal 0 0 1
    outer loop
      vertex -7.21568 12.0838 1.2
      vertex -7.70207 12.4604 1.2
      vertex -7.28467 12.0051 1.2
    endloop
  endfacet
  facet normal -0 0 1
    outer loop
      vertex -7.84869 12.2932 1.2
      vertex -7.28467 12.0051 1.2
      vertex -7.70207 12.4604 1.2
    endloop
  endfacet
  facet normal 0 0 1
    outer loop
      vertex -7.28467 12.0051 1.2
      vertex -7.84869 12.2932 1.2
      vertex -7.34281 11.9181 1.2
    endloop
  endfacet
  facet normal -0 0 1
    outer loop
      vertex -7.97223 12.1083 1.2
      vertex -7.34281 11.9181 1.2
      vertex -7.84869 12.2932 1.2
    endloop
  endfacet
  facet normal 0 0 1
    outer loop
      vertex -7.34281 11.9181 1.2
      vertex -7.97223 12.1083 1.2
      vertex -7.38909 11.8243 1.2
    endloop
  endfacet
  facet normal 0 0 1
    outer loop
      vertex -7.38909 11.8243 1.2
      vertex -7.97223 12.1083 1.2
      vertex -7.42273 11.7252 1.2
    endloop
  endfacet
  facet normal 0 0 1
    outer loop
      vertex -7.04999 10.8253 1.2
      vertex -7.70206 10.0562 1.2
      vertex -7.53488 9.90962 1.2
    endloop
  endfacet
  facet normal -0 0 1
    outer loop
      vertex -8.07058 11.9089 1.2
      vertex -7.42273 11.7252 1.2
      vertex -7.97223 12.1083 1.2
    endloop
  endfacet
  facet normal 0 0 1
    outer loop
      vertex -7.137 10.8835 1.2
      vertex -7.84869 10.2234 1.2
      vertex -7.70206 10.0562 1.2
    endloop
  endfacet
  facet normal 0 0 1
    outer loop
      vertex -7.42273 11.7252 1.2
      vertex -8.07058 11.9089 1.2
      vertex -7.44314 11.6226 1.2
    endloop
  endfacet
  facet normal -0 0 1
    outer loop
      vertex -8.14206 11.6983 1.2
      vertex -7.44314 11.6226 1.2
      vertex -8.07058 11.9089 1.2
    endloop
  endfacet
  facet normal 0 0 1
    outer loop
      vertex -7.21568 10.9525 1.2
      vertex -7.97224 10.4083 1.2
      vertex -7.84869 10.2234 1.2
    endloop
  endfacet
  facet normal 0 0 1
    outer loop
      vertex -7.44314 11.6226 1.2
      vertex -8.14206 11.6983 1.2
      vertex -7.44999 11.5181 1.2
    endloop
  endfacet
  facet normal 0 0 1
    outer loop
      vertex -7.28468 11.0311 1.2
      vertex -8.07059 10.6078 1.2
      vertex -7.97224 10.4083 1.2
    endloop
  endfacet
  facet normal 0 0 1
    outer loop
      vertex -7.3428 11.1181 1.2
      vertex -8.14206 10.8183 1.2
      vertex -8.07059 10.6078 1.2
    endloop
  endfacet
  facet normal 0 0 1
    outer loop
      vertex -8.18544 11.4802 1.2
      vertex -7.44999 11.5181 1.2
      vertex -8.14206 11.6983 1.2
    endloop
  endfacet
  facet normal 0 0 1
    outer loop
      vertex -7.44314 11.4137 1.2
      vertex -8.18544 11.4802 1.2
      vertex -8.19998 11.2583 1.2
    endloop
  endfacet
  facet normal 0 0 1
    outer loop
      vertex -7.3891 11.212 1.2
      vertex -8.18545 11.0364 1.2
      vertex -8.14206 10.8183 1.2
    endloop
  endfacet
  facet normal 0 0 1
    outer loop
      vertex -7.42273 11.3111 1.2
      vertex -8.19998 11.2583 1.2
      vertex -8.18545 11.0364 1.2
    endloop
  endfacet
  facet normal 0 0 1
    outer loop
      vertex -5.87727 -11.3111 1.2
      vertex -4.80001 -11.2583 1.2
      vertex -4.81455 -11.0364 1.2
    endloop
  endfacet
  facet normal 0 0 1
    outer loop
      vertex -5.87727 -11.3111 1.2
      vertex -4.81455 -11.0364 1.2
      vertex -4.82768 -10.9704 1.2
    endloop
  endfacet
  facet normal 0 -0 1
    outer loop
      vertex -5.85685 -11.4137 1.2
      vertex -4.80001 -11.2583 1.2
      vertex -5.87727 -11.3111 1.2
    endloop
  endfacet
  facet normal 0 0 1
    outer loop
      vertex -5.1513 -12.2932 1.2
      vertex -5.95718 -11.9181 1.2
      vertex -5.29793 -12.4604 1.2
    endloop
  endfacet
  facet normal -0 0 1
    outer loop
      vertex -6.01532 -12.0051 1.2
      vertex -5.29793 -12.4604 1.2
      vertex -5.95718 -11.9181 1.2
    endloop
  endfacet
  facet normal 0 0 1
    outer loop
      vertex -5.29793 -12.4604 1.2
      vertex -6.01532 -12.0051 1.2
      vertex -5.46511 -12.607 1.2
    endloop
  endfacet
  facet normal -0 0 1
    outer loop
      vertex -6.08432 -12.0838 1.2
      vertex -5.46511 -12.607 1.2
      vertex -6.01532 -12.0051 1.2
    endloop
  endfacet
  facet normal 0 0 1
    outer loop
      vertex -5.46511 -12.607 1.2
      vertex -6.08432 -12.0838 1.2
      vertex -5.65001 -12.7306 1.2
    endloop
  endfacet
  facet normal -0 0 1
    outer loop
      vertex -6.163 -12.1528 1.2
      vertex -5.65001 -12.7306 1.2
      vertex -6.08432 -12.0838 1.2
    endloop
  endfacet
  facet normal 0 0 1
    outer loop
      vertex -5.65001 -12.7306 1.2
      vertex -6.163 -12.1528 1.2
      vertex -5.84944 -12.8289 1.2
    endloop
  endfacet
  facet normal -0 0 1
    outer loop
      vertex -6.25001 -12.2109 1.2
      vertex -5.84944 -12.8289 1.2
      vertex -6.163 -12.1528 1.2
    endloop
  endfacet
  facet normal 0 0 1
    outer loop
      vertex -5.84944 -12.8289 1.2
      vertex -6.25001 -12.2109 1.2
      vertex -6.06001 -12.9004 1.2
    endloop
  endfacet
  facet normal -0 0 1
    outer loop
      vertex -6.34386 -12.2572 1.2
      vertex -6.06001 -12.9004 1.2
      vertex -6.25001 -12.2109 1.2
    endloop
  endfacet
  facet normal 0 0 1
    outer loop
      vertex -6.06001 -12.9004 1.2
      vertex -6.34386 -12.2572 1.2
      vertex -6.27811 -12.9438 1.2
    endloop
  endfacet
  facet normal -0 0 1
    outer loop
      vertex -6.44295 -12.2909 1.2
      vertex -6.27811 -12.9438 1.2
      vertex -6.34386 -12.2572 1.2
    endloop
  endfacet
  facet normal 0 0 1
    outer loop
      vertex -6.44295 -12.2909 1.2
      vertex -6.5 -12.9583 1.2
      vertex -6.27811 -12.9438 1.2
    endloop
  endfacet
  facet normal -0 0 1
    outer loop
      vertex -6.54558 -12.3113 1.2
      vertex -6.5 -12.9583 1.2
      vertex -6.44295 -12.2909 1.2
    endloop
  endfacet
  facet normal -0 0 1
    outer loop
      vertex -6.65 -12.3181 1.2
      vertex -6.5 -12.9583 1.2
      vertex -6.54558 -12.3113 1.2
    endloop
  endfacet
  facet normal 0 0 1
    outer loop
      vertex -6.65 -12.3181 1.2
      vertex -6.72189 -12.9438 1.2
      vertex -6.5 -12.9583 1.2
    endloop
  endfacet
  facet normal 0 0 1
    outer loop
      vertex -6.75442 -12.3113 1.2
      vertex -6.72189 -12.9438 1.2
      vertex -6.65 -12.3181 1.2
    endloop
  endfacet
  facet normal 0 0 1
    outer loop
      vertex -6.93999 -12.9004 1.2
      vertex -6.75442 -12.3113 1.2
      vertex -6.85706 -12.2909 1.2
    endloop
  endfacet
  facet normal 0 0 1
    outer loop
      vertex -6.75442 -12.3113 1.2
      vertex -6.93999 -12.9004 1.2
      vertex -6.72189 -12.9438 1.2
    endloop
  endfacet
  facet normal 0 0 1
    outer loop
      vertex -7.15056 -12.8289 1.2
      vertex -6.85706 -12.2909 1.2
      vertex -6.95615 -12.2572 1.2
    endloop
  endfacet
  facet normal 0 0 1
    outer loop
      vertex -7.35 -12.7306 1.2
      vertex -6.95615 -12.2572 1.2
      vertex -7.05 -12.2109 1.2
    endloop
  endfacet
  facet normal 0 0 1
    outer loop
      vertex -7.35 -12.7306 1.2
      vertex -7.05 -12.2109 1.2
      vertex -7.137 -12.1528 1.2
    endloop
  endfacet
  facet normal 0 0 1
    outer loop
      vertex -6.85706 -12.2909 1.2
      vertex -7.15056 -12.8289 1.2
      vertex -6.93999 -12.9004 1.2
    endloop
  endfacet
  facet normal 0 0 1
    outer loop
      vertex -7.53489 -12.607 1.2
      vertex -7.137 -12.1528 1.2
      vertex -7.21568 -12.0838 1.2
    endloop
  endfacet
  facet normal 0 0 1
    outer loop
      vertex -7.70207 -12.4604 1.2
      vertex -7.21568 -12.0838 1.2
      vertex -7.28467 -12.0051 1.2
    endloop
  endfacet
  facet normal 0 0 1
    outer loop
      vertex -7.84869 -12.2932 1.2
      vertex -7.28467 -12.0051 1.2
      vertex -7.34281 -11.9181 1.2
    endloop
  endfacet
  facet normal 0 0 1
    outer loop
      vertex -6.95615 -12.2572 1.2
      vertex -7.35 -12.7306 1.2
      vertex -7.15056 -12.8289 1.2
    endloop
  endfacet
  facet normal 0 0 1
    outer loop
      vertex -7.97223 -12.1083 1.2
      vertex -7.34281 -11.9181 1.2
      vertex -7.38909 -11.8243 1.2
    endloop
  endfacet
  facet normal 0 0 1
    outer loop
      vertex -7.97223 -12.1083 1.2
      vertex -7.38909 -11.8243 1.2
      vertex -7.42273 -11.7252 1.2
    endloop
  endfacet
  facet normal 0 0 1
    outer loop
      vertex -8.07058 -11.9089 1.2
      vertex -7.42273 -11.7252 1.2
      vertex -7.44314 -11.6226 1.2
    endloop
  endfacet
  facet normal 0 0 1
    outer loop
      vertex -7.137 -12.1528 1.2
      vertex -7.53489 -12.607 1.2
      vertex -7.35 -12.7306 1.2
    endloop
  endfacet
  facet normal 0 0 1
    outer loop
      vertex -8.14206 -11.6983 1.2
      vertex -7.44314 -11.6226 1.2
      vertex -7.44999 -11.5181 1.2
    endloop
  endfacet
  facet normal -0 0 1
    outer loop
      vertex -8.14206 -10.8183 1.2
      vertex -7.3428 -11.1181 1.2
      vertex -8.07059 -10.6078 1.2
    endloop
  endfacet
  facet normal 0 0 1
    outer loop
      vertex -7.3428 -11.1181 1.2
      vertex -8.14206 -10.8183 1.2
      vertex -7.3891 -11.212 1.2
    endloop
  endfacet
  facet normal 0 0 1
    outer loop
      vertex -7.21568 -12.0838 1.2
      vertex -7.70207 -12.4604 1.2
      vertex -7.53489 -12.607 1.2
    endloop
  endfacet
  facet normal -0 0 1
    outer loop
      vertex -8.18545 -11.0364 1.2
      vertex -7.3891 -11.212 1.2
      vertex -8.14206 -10.8183 1.2
    endloop
  endfacet
  facet normal 0 0 1
    outer loop
      vertex -7.28467 -12.0051 1.2
      vertex -7.84869 -12.2932 1.2
      vertex -7.70207 -12.4604 1.2
    endloop
  endfacet
  facet normal 0 0 1
    outer loop
      vertex -7.34281 -11.9181 1.2
      vertex -7.97223 -12.1083 1.2
      vertex -7.84869 -12.2932 1.2
    endloop
  endfacet
  facet normal 0 0 1
    outer loop
      vertex -7.3891 -11.212 1.2
      vertex -8.18545 -11.0364 1.2
      vertex -7.42273 -11.3111 1.2
    endloop
  endfacet
  facet normal 0 0 1
    outer loop
      vertex -7.42273 -11.7252 1.2
      vertex -8.07058 -11.9089 1.2
      vertex -7.97223 -12.1083 1.2
    endloop
  endfacet
  facet normal -0 0 1
    outer loop
      vertex -8.19998 -11.2583 1.2
      vertex -7.42273 -11.3111 1.2
      vertex -8.18545 -11.0364 1.2
    endloop
  endfacet
  facet normal 0 0 1
    outer loop
      vertex -7.42273 -11.3111 1.2
      vertex -8.19998 -11.2583 1.2
      vertex -7.44314 -11.4137 1.2
    endloop
  endfacet
  facet normal 0 0 1
    outer loop
      vertex -7.44314 -11.6226 1.2
      vertex -8.14206 -11.6983 1.2
      vertex -8.07058 -11.9089 1.2
    endloop
  endfacet
  facet normal 0 0 1
    outer loop
      vertex -7.44999 -11.5181 1.2
      vertex -8.18544 -11.4802 1.2
      vertex -8.14206 -11.6983 1.2
    endloop
  endfacet
  facet normal 0 -0 1
    outer loop
      vertex -8.18544 -11.4802 1.2
      vertex -7.44314 -11.4137 1.2
      vertex -8.19998 -11.2583 1.2
    endloop
  endfacet
  facet normal 0 0 1
    outer loop
      vertex -7.44314 -11.4137 1.2
      vertex -8.18544 -11.4802 1.2
      vertex -7.44999 -11.5181 1.2
    endloop
  endfacet
  facet normal 0 0 1
    outer loop
      vertex -6.85704 -10.7454 1.2
      vertex -7.34998 -9.78609 1.2
      vertex -6.95614 -10.779 1.2
    endloop
  endfacet
  facet normal -0 0 1
    outer loop
      vertex -7.53488 -9.90962 1.2
      vertex -6.95614 -10.779 1.2
      vertex -7.34998 -9.78609 1.2
    endloop
  endfacet
  facet normal 0 0 1
    outer loop
      vertex -6.95614 -10.779 1.2
      vertex -7.53488 -9.90962 1.2
      vertex -7.04999 -10.8253 1.2
    endloop
  endfacet
  facet normal -0 0 1
    outer loop
      vertex -7.70206 -10.0562 1.2
      vertex -7.04999 -10.8253 1.2
      vertex -7.53488 -9.90962 1.2
    endloop
  endfacet
  facet normal 0 0 1
    outer loop
      vertex -7.04999 -10.8253 1.2
      vertex -7.70206 -10.0562 1.2
      vertex -7.137 -10.8835 1.2
    endloop
  endfacet
  facet normal -0 0 1
    outer loop
      vertex -7.84869 -10.2234 1.2
      vertex -7.137 -10.8835 1.2
      vertex -7.70206 -10.0562 1.2
    endloop
  endfacet
  facet normal 0 0 1
    outer loop
      vertex -7.137 -10.8835 1.2
      vertex -7.84869 -10.2234 1.2
      vertex -7.21568 -10.9525 1.2
    endloop
  endfacet
  facet normal -0 0 1
    outer loop
      vertex -7.97224 -10.4083 1.2
      vertex -7.21568 -10.9525 1.2
      vertex -7.84869 -10.2234 1.2
    endloop
  endfacet
  facet normal 0 0 1
    outer loop
      vertex -7.21568 -10.9525 1.2
      vertex -7.97224 -10.4083 1.2
      vertex -7.28468 -11.0311 1.2
    endloop
  endfacet
  facet normal -0 0 1
    outer loop
      vertex -8.07059 -10.6078 1.2
      vertex -7.28468 -11.0311 1.2
      vertex -7.97224 -10.4083 1.2
    endloop
  endfacet
  facet normal 0 0 1
    outer loop
      vertex -7.28468 -11.0311 1.2
      vertex -8.07059 -10.6078 1.2
      vertex -7.3428 -11.1181 1.2
    endloop
  endfacet
  facet normal 0 0 1
    outer loop
      vertex -2.77673 -2.13066 1.2
      vertex -2.14204 -1.64365 1.2
      vertex -2.33826 -1.34999 1.2
    endloop
  endfacet
  facet normal 0 0 1
    outer loop
      vertex -2.14204 -1.64365 1.2
      vertex -2.47487 -2.47487 1.2
      vertex -2.31706 -2.61327 1.2
    endloop
  endfacet
  facet normal 0 0 1
    outer loop
      vertex -3.03108 -1.75 1.2
      vertex -2.33826 -1.34999 1.2
      vertex -2.49446 -1.03323 1.2
    endloop
  endfacet
  facet normal 0 0 1
    outer loop
      vertex -3.23357 -1.33939 1.2
      vertex -2.49446 -1.03323 1.2
      vertex -2.60799 -0.698807 1.2
    endloop
  endfacet
  facet normal 0 0 1
    outer loop
      vertex -3.38074 -0.905853 1.2
      vertex -2.60799 -0.698807 1.2
      vertex -2.6769 -0.352417 1.2
    endloop
  endfacet
  facet normal 0 0 1
    outer loop
      vertex -2.14204 -1.64365 1.2
      vertex -2.77673 -2.13066 1.2
      vertex -2.47487 -2.47487 1.2
    endloop
  endfacet
  facet normal 0 0 1
    outer loop
      vertex -3.47005 -0.456833 1.2
      vertex -2.6769 -0.352417 1.2
      vertex -2.7 0 1.2
    endloop
  endfacet
  facet normal -0 0 1
    outer loop
      vertex -3.38074 0.905853 1.2
      vertex -2.60799 0.698807 1.2
      vertex -3.23357 1.33939 1.2
    endloop
  endfacet
  facet normal 0 0 1
    outer loop
      vertex -2.60799 0.698807 1.2
      vertex -3.38074 0.905853 1.2
      vertex -2.6769 0.352417 1.2
    endloop
  endfacet
  facet normal 0 0 1
    outer loop
      vertex -2.33826 -1.34999 1.2
      vertex -3.03108 -1.75 1.2
      vertex -2.77673 -2.13066 1.2
    endloop
  endfacet
  facet normal -0 0 1
    outer loop
      vertex -3.47005 0.456833 1.2
      vertex -2.6769 0.352417 1.2
      vertex -3.38074 0.905853 1.2
    endloop
  endfacet
  facet normal 0 0 1
    outer loop
      vertex -2.49446 -1.03323 1.2
      vertex -3.23357 -1.33939 1.2
      vertex -3.03108 -1.75 1.2
    endloop
  endfacet
  facet normal 0 0 1
    outer loop
      vertex -2.6769 0.352417 1.2
      vertex -3.47005 0.456833 1.2
      vertex -2.7 0 1.2
    endloop
  endfacet
  facet normal 0 0 1
    outer loop
      vertex -2.60799 -0.698807 1.2
      vertex -3.38074 -0.905853 1.2
      vertex -3.23357 -1.33939 1.2
    endloop
  endfacet
  facet normal 0 0 1
    outer loop
      vertex -3.5 0 1.2
      vertex -2.7 0 1.2
      vertex -3.47005 0.456833 1.2
    endloop
  endfacet
  facet normal 0 0 1
    outer loop
      vertex -2.6769 -0.352417 1.2
      vertex -3.47005 -0.456833 1.2
      vertex -3.38074 -0.905853 1.2
    endloop
  endfacet
  facet normal 0 0 1
    outer loop
      vertex -2.7 0 1.2
      vertex -3.5 0 1.2
      vertex -3.47005 -0.456833 1.2
    endloop
  endfacet
  facet normal -0 0 1
    outer loop
      vertex 0.404145 0.7 1.2
      vertex 2.60758 -0.7 1.2
      vertex 2.60758 0.7 1.2
    endloop
  endfacet
  facet normal 0 0 1
    outer loop
      vertex 0.404145 0.7 1.2
      vertex 0.404145 -0.7 1.2
      vertex 2.60758 -0.7 1.2
    endloop
  endfacet
  facet normal 0 0 1
    outer loop
      vertex -0.80829 0 1.2
      vertex 0.404145 0.7 1.2
      vertex -0.697573 2.60823 1.2
    endloop
  endfacet
  facet normal 0 0 1
    outer loop
      vertex 0.404145 0.7 1.2
      vertex -0.80829 0 1.2
      vertex 0.404145 -0.7 1.2
    endloop
  endfacet
  facet normal 0 0 1
    outer loop
      vertex 5.87727 11.3111 1.2
      vertex 4.81455 11.0364 1.2
      vertex 4.82768 10.9704 1.2
    endloop
  endfacet
  facet normal 0 0 1
    outer loop
      vertex 4.80001 11.2583 1.2
      vertex 5.85685 11.4137 1.2
      vertex 4.81454 11.4802 1.2
    endloop
  endfacet
  facet normal 0 0 1
    outer loop
      vertex 5.85685 11.4137 1.2
      vertex 4.80001 11.2583 1.2
      vertex 4.81455 11.0364 1.2
    endloop
  endfacet
  facet normal 0 0 1
    outer loop
      vertex 5.87727 -11.3111 1.2
      vertex 4.80001 -11.2583 1.2
      vertex 5.85685 -11.4137 1.2
    endloop
  endfacet
  facet normal 0 0 1
    outer loop
      vertex 5.85001 -11.5181 1.2
      vertex 4.81454 -11.4802 1.2
      vertex 4.85793 -11.6983 1.2
    endloop
  endfacet
  facet normal 0 0 1
    outer loop
      vertex 5.85685 -11.4137 1.2
      vertex 4.80001 -11.2583 1.2
      vertex 4.81454 -11.4802 1.2
    endloop
  endfacet
  facet normal 0 0 1
    outer loop
      vertex 3.23357 -1.33939 1.2
      vertex 2.49446 -1.03323 1.2
      vertex 3.03108 -1.75 1.2
    endloop
  endfacet
  facet normal -0 0 1
    outer loop
      vertex 2.33826 -1.34999 1.2
      vertex 3.03108 -1.75 1.2
      vertex 2.49446 -1.03323 1.2
    endloop
  endfacet
  facet normal 0 0 1
    outer loop
      vertex 3.03108 -1.75 1.2
      vertex 2.33826 -1.34999 1.2
      vertex 2.77673 -2.13066 1.2
    endloop
  endfacet
  facet normal -0 0 1
    outer loop
      vertex 2.14204 -1.64365 1.2
      vertex 2.77673 -2.13066 1.2
      vertex 2.33826 -1.34999 1.2
    endloop
  endfacet
  facet normal 0 0 1
    outer loop
      vertex 2.77673 -2.13066 1.2
      vertex 2.14204 -1.64365 1.2
      vertex 2.47487 -2.47487 1.2
    endloop
  endfacet
  facet normal -0 0 1
    outer loop
      vertex 1.90918 -1.90918 1.2
      vertex 2.47487 -2.47487 1.2
      vertex 2.14204 -1.64365 1.2
    endloop
  endfacet
  facet normal 0 0 1
    outer loop
      vertex 2.47487 -2.47487 1.2
      vertex 1.90918 -1.90918 1.2
      vertex 2.13066 -2.77673 1.2
    endloop
  endfacet
  facet normal -0 0 1
    outer loop
      vertex 1.64365 -2.14204 1.2
      vertex 2.13066 -2.77673 1.2
      vertex 1.90918 -1.90918 1.2
    endloop
  endfacet
  facet normal 0 0 1
    outer loop
      vertex 2.13066 -2.77673 1.2
      vertex 1.64365 -2.14204 1.2
      vertex 1.75 -3.03108 1.2
    endloop
  endfacet
  facet normal -0 0 1
    outer loop
      vertex 1.34999 -2.33826 1.2
      vertex 1.75 -3.03108 1.2
      vertex 1.64365 -2.14204 1.2
    endloop
  endfacet
  facet normal 0 0 1
    outer loop
      vertex 1.34999 -2.33826 1.2
      vertex 1.33939 -3.23357 1.2
      vertex 1.75 -3.03108 1.2
    endloop
  endfacet
  facet normal -0 0 1
    outer loop
      vertex 1.03323 -2.49446 1.2
      vertex 1.33939 -3.23357 1.2
      vertex 1.34999 -2.33826 1.2
    endloop
  endfacet
  facet normal 0 0 1
    outer loop
      vertex 1.03323 -2.49446 1.2
      vertex 0.905853 -3.38074 1.2
      vertex 1.33939 -3.23357 1.2
    endloop
  endfacet
  facet normal -0 0 1
    outer loop
      vertex 0.698807 -2.60799 1.2
      vertex 0.905853 -3.38074 1.2
      vertex 1.03323 -2.49446 1.2
    endloop
  endfacet
  facet normal 0 0 1
    outer loop
      vertex 0.698807 -2.60799 1.2
      vertex 0.456833 -3.47005 1.2
      vertex 0.905853 -3.38074 1.2
    endloop
  endfacet
  facet normal -0 0 1
    outer loop
      vertex 0.352417 -2.6769 1.2
      vertex 0.456833 -3.47005 1.2
      vertex 0.698807 -2.60799 1.2
    endloop
  endfacet
  facet normal -0 0 1
    outer loop
      vertex 0 -2.7 1.2
      vertex 0.456833 -3.47005 1.2
      vertex 0.352417 -2.6769 1.2
    endloop
  endfacet
  facet normal 0 0 1
    outer loop
      vertex 0 -2.7 1.2
      vertex 0 -3.5 1.2
      vertex 0.456833 -3.47005 1.2
    endloop
  endfacet
  facet normal 0 0 1
    outer loop
      vertex -0.352417 -2.6769 1.2
      vertex 0 -3.5 1.2
      vertex 0 -2.7 1.2
    endloop
  endfacet
  facet normal 0 0 1
    outer loop
      vertex -0.352417 -2.6769 1.2
      vertex -0.456833 -3.47005 1.2
      vertex 0 -3.5 1.2
    endloop
  endfacet
  facet normal 0 0 1
    outer loop
      vertex -0.697573 -2.60823 1.2
      vertex -0.456833 -3.47005 1.2
      vertex -0.352417 -2.6769 1.2
    endloop
  endfacet
  facet normal 0 0 1
    outer loop
      vertex -0.697573 -2.60823 1.2
      vertex -0.905853 -3.38074 1.2
      vertex -0.456833 -3.47005 1.2
    endloop
  endfacet
  facet normal -0 0 1
    outer loop
      vertex -1.91001 -1.90823 1.2
      vertex -0.697573 -2.60823 1.2
      vertex -0.80829 0 1.2
    endloop
  endfacet
  facet normal 0 -0 1
    outer loop
      vertex -1.10462 -3.31326 1.2
      vertex -0.697573 -2.60823 1.2
      vertex -1.91001 -1.90823 1.2
    endloop
  endfacet
  facet normal 0 0 1
    outer loop
      vertex -0.697573 -2.60823 1.2
      vertex -1.10462 -3.31326 1.2
      vertex -0.905853 -3.38074 1.2
    endloop
  endfacet
  facet normal 0 0 1
    outer loop
      vertex -2.31706 -2.61327 1.2
      vertex -1.91001 -1.90823 1.2
      vertex -2.14204 -1.64365 1.2
    endloop
  endfacet
  facet normal 0 0 1
    outer loop
      vertex -1.91001 -1.90823 1.2
      vertex -2.31706 -2.61327 1.2
      vertex -1.10462 -3.31326 1.2
    endloop
  endfacet
  facet normal 0 0 1
    outer loop
      vertex -2.31706 -2.61327 1.2
      vertex -3.87084 -8.10449 1.2
      vertex -1.10462 -3.31326 1.2
    endloop
  endfacet
  facet normal 0 0 1
    outer loop
      vertex -3.44414 -8.31491 1.2
      vertex -4.82768 -10.9704 1.2
      vertex -4.59219 -11.0865 1.2
    endloop
  endfacet
  facet normal -0 0 1
    outer loop
      vertex -5.08327 -7.40449 1.2
      vertex -3.87084 -8.10449 1.2
      vertex -2.31706 -2.61327 1.2
    endloop
  endfacet
  facet normal 0 -0 1
    outer loop
      vertex -5.85001 -11.5181 1.2
      vertex -4.81454 -11.4802 1.2
      vertex -5.85685 -11.4137 1.2
    endloop
  endfacet
  facet normal 0 0 1
    outer loop
      vertex -4.81454 -11.4802 1.2
      vertex -5.85001 -11.5181 1.2
      vertex -4.85793 -11.6983 1.2
    endloop
  endfacet
  facet normal 0 0 1
    outer loop
      vertex -3.87084 -8.10449 1.2
      vertex -5.08327 -7.40449 1.2
      vertex -4.82768 -10.9704 1.2
    endloop
  endfacet
  facet normal -0 0 1
    outer loop
      vertex -7.08682 -9.6661 1.2
      vertex -4.82768 -10.9704 1.2
      vertex -5.08327 -7.40449 1.2
    endloop
  endfacet
  facet normal 0 -0 1
    outer loop
      vertex -5.9109 -11.212 1.2
      vertex -4.82768 -10.9704 1.2
      vertex -5.95718 -11.1181 1.2
    endloop
  endfacet
  facet normal 0 0 1
    outer loop
      vertex -4.80001 -11.2583 1.2
      vertex -5.85685 -11.4137 1.2
      vertex -4.81454 -11.4802 1.2
    endloop
  endfacet
  facet normal 0 0 1
    outer loop
      vertex -4.85793 -11.6983 1.2
      vertex -5.85685 -11.6225 1.2
      vertex -4.9294 -11.9089 1.2
    endloop
  endfacet
  facet normal 0 0 1
    outer loop
      vertex -7.08682 -9.6661 1.2
      vertex -5.08327 -7.40449 1.2
      vertex -5.47885 -7.14017 1.2
    endloop
  endfacet
  facet normal -0 0 1
    outer loop
      vertex -5.87726 -11.7252 1.2
      vertex -4.9294 -11.9089 1.2
      vertex -5.85685 -11.6225 1.2
    endloop
  endfacet
  facet normal -0 0 1
    outer loop
      vertex -5.9109 -11.8243 1.2
      vertex -5.02776 -12.1083 1.2
      vertex -5.87726 -11.7252 1.2
    endloop
  endfacet
  facet normal -0 0 1
    outer loop
      vertex -5.95718 -11.9181 1.2
      vertex -5.1513 -12.2932 1.2
      vertex -5.9109 -11.8243 1.2
    endloop
  endfacet
  facet normal 0 0 1
    outer loop
      vertex -5.02776 -12.1083 1.2
      vertex -5.9109 -11.8243 1.2
      vertex -5.1513 -12.2932 1.2
    endloop
  endfacet
  facet normal 0 0 1
    outer loop
      vertex -4.9294 -11.9089 1.2
      vertex -5.87726 -11.7252 1.2
      vertex -5.02776 -12.1083 1.2
    endloop
  endfacet
  facet normal -0 0 1
    outer loop
      vertex -5.85685 -11.6225 1.2
      vertex -4.85793 -11.6983 1.2
      vertex -5.85001 -11.5181 1.2
    endloop
  endfacet
  facet normal 0 -0 1
    outer loop
      vertex -5.87727 -11.3111 1.2
      vertex -4.82768 -10.9704 1.2
      vertex -5.9109 -11.212 1.2
    endloop
  endfacet
  facet normal 0 0 1
    outer loop
      vertex -4.82768 -10.9704 1.2
      vertex -6.01532 -11.0311 1.2
      vertex -5.95718 -11.1181 1.2
    endloop
  endfacet
  facet normal 0 0 1
    outer loop
      vertex -4.82768 -10.9704 1.2
      vertex -6.08432 -10.9524 1.2
      vertex -6.01532 -11.0311 1.2
    endloop
  endfacet
  facet normal 0 0 1
    outer loop
      vertex -4.82768 -10.9704 1.2
      vertex -6.16299 -10.8834 1.2
      vertex -6.08432 -10.9524 1.2
    endloop
  endfacet
  facet normal 0 0 1
    outer loop
      vertex -4.82768 -10.9704 1.2
      vertex -6.25 -10.8253 1.2
      vertex -6.16299 -10.8834 1.2
    endloop
  endfacet
  facet normal 0 0 1
    outer loop
      vertex -4.82768 -10.9704 1.2
      vertex -7.08682 -9.6661 1.2
      vertex -6.25 -10.8253 1.2
    endloop
  endfacet
  facet normal 0 0 1
    outer loop
      vertex -7.30513 -9.52023 1.2
      vertex -5.47885 -7.14017 1.2
      vertex -6.36395 -6.36395 1.2
    endloop
  endfacet
  facet normal 0 0 1
    outer loop
      vertex -6.25 -10.8253 1.2
      vertex -7.08682 -9.6661 1.2
      vertex -6.34384 -10.779 1.2
    endloop
  endfacet
  facet normal 0 0 1
    outer loop
      vertex -6.34384 -10.779 1.2
      vertex -7.08682 -9.6661 1.2
      vertex -6.44293 -10.7454 1.2
    endloop
  endfacet
  facet normal 0 0 1
    outer loop
      vertex -6.44293 -10.7454 1.2
      vertex -7.08682 -9.6661 1.2
      vertex -6.54556 -10.725 1.2
    endloop
  endfacet
  facet normal 0 0 1
    outer loop
      vertex -6.54556 -10.725 1.2
      vertex -7.08682 -9.6661 1.2
      vertex -6.64999 -10.7181 1.2
    endloop
  endfacet
  facet normal 0 0 1
    outer loop
      vertex -6.64999 -10.7181 1.2
      vertex -7.08682 -9.6661 1.2
      vertex -6.75441 -10.725 1.2
    endloop
  endfacet
  facet normal 0 0 1
    outer loop
      vertex -6.75441 -10.725 1.2
      vertex -7.08682 -9.6661 1.2
      vertex -6.85704 -10.7454 1.2
    endloop
  endfacet
  facet normal -0 0 1
    outer loop
      vertex -7.15055 -9.68774 1.2
      vertex -6.85704 -10.7454 1.2
      vertex -7.08682 -9.6661 1.2
    endloop
  endfacet
  facet normal -0 0 1
    outer loop
      vertex -7.34998 -9.78609 1.2
      vertex -6.85704 -10.7454 1.2
      vertex -7.15055 -9.68774 1.2
    endloop
  endfacet
  facet normal 0 0 1
    outer loop
      vertex -8.48528 -8.48528 1.2
      vertex -6.36395 -6.36395 1.2
      vertex -7.14017 -5.47885 1.2
    endloop
  endfacet
  facet normal 0 0 1
    outer loop
      vertex -5.47885 -7.14017 1.2
      vertex -7.30513 -9.52023 1.2
      vertex -7.08682 -9.6661 1.2
    endloop
  endfacet
  facet normal 0 0 1
    outer loop
      vertex -9.52023 -7.30513 1.2
      vertex -7.14017 -5.47885 1.2
      vertex -7.79422 -4.5 1.2
    endloop
  endfacet
  facet normal 0 0 1
    outer loop
      vertex -10.3923 -6 1.2
      vertex -7.79422 -4.5 1.2
      vertex -8.31491 -3.44414 1.2
    endloop
  endfacet
  facet normal 0 0 1
    outer loop
      vertex -6.36395 -6.36395 1.2
      vertex -8.48528 -8.48528 1.2
      vertex -7.30513 -9.52023 1.2
    endloop
  endfacet
  facet normal 0 0 1
    outer loop
      vertex -11.0865 -4.59219 1.2
      vertex -8.31491 -3.44414 1.2
      vertex -8.69333 -2.32936 1.2
    endloop
  endfacet
  facet normal 0 0 1
    outer loop
      vertex -11.5911 -3.10582 1.2
      vertex -8.69333 -2.32936 1.2
      vertex -8.92299 -1.17473 1.2
    endloop
  endfacet
  facet normal 0 0 1
    outer loop
      vertex -11.9145 -1.30431 1.2
      vertex -8.92299 -1.17473 1.2
      vertex -9 0 1.2
    endloop
  endfacet
  facet normal -0 0 1
    outer loop
      vertex -11.5911 3.10582 1.2
      vertex -8.69333 2.32936 1.2
      vertex -11.0865 4.59219 1.2
    endloop
  endfacet
  facet normal 0 0 1
    outer loop
      vertex -7.14017 -5.47885 1.2
      vertex -9.52023 -7.30513 1.2
      vertex -8.48528 -8.48528 1.2
    endloop
  endfacet
  facet normal 0 0 1
    outer loop
      vertex -8.69333 2.32936 1.2
      vertex -11.5911 3.10582 1.2
      vertex -8.92299 1.17473 1.2
    endloop
  endfacet
  facet normal 0 0 1
    outer loop
      vertex -7.79422 -4.5 1.2
      vertex -10.3923 -6 1.2
      vertex -9.52023 -7.30513 1.2
    endloop
  endfacet
  facet normal -0 0 1
    outer loop
      vertex -11.8973 1.5663 1.2
      vertex -8.92299 1.17473 1.2
      vertex -11.5911 3.10582 1.2
    endloop
  endfacet
  facet normal 0 0 1
    outer loop
      vertex -8.31491 -3.44414 1.2
      vertex -11.0865 -4.59219 1.2
      vertex -10.3923 -6 1.2
    endloop
  endfacet
  facet normal -0 0 1
    outer loop
      vertex -11.9145 1.30431 1.2
      vertex -8.92299 1.17473 1.2
      vertex -11.8973 1.5663 1.2
    endloop
  endfacet
  facet normal 0 0 1
    outer loop
      vertex -11.9145 -1.30431 1.2
      vertex -9 0 1.2
      vertex -11.9145 1.30431 1.2
    endloop
  endfacet
  facet normal 0 0 1
    outer loop
      vertex -8.92299 1.17473 1.2
      vertex -11.9145 1.30431 1.2
      vertex -9 0 1.2
    endloop
  endfacet
  facet normal 0 0 1
    outer loop
      vertex -8.92299 -1.17473 1.2
      vertex -11.9145 -1.30431 1.2
      vertex -11.8973 -1.5663 1.2
    endloop
  endfacet
  facet normal 0 0 1
    outer loop
      vertex -8.69333 -2.32936 1.2
      vertex -11.5911 -3.10582 1.2
      vertex -11.0865 -4.59219 1.2
    endloop
  endfacet
  facet normal 0 0 1
    outer loop
      vertex -8.92299 -1.17473 1.2
      vertex -11.8973 -1.5663 1.2
      vertex -11.5911 -3.10582 1.2
    endloop
  endfacet
  facet normal 0 0 1
    outer loop
      vertex -12.7343 0.565674 1.2
      vertex -11.9145 1.30431 1.2
      vertex -11.9651 1.34869 1.2
    endloop
  endfacet
  facet normal 0 0 1
    outer loop
      vertex -11.9145 1.30431 1.2
      vertex -12.5 0 1.2
      vertex -11.9145 -1.30431 1.2
    endloop
  endfacet
  facet normal 0 0 1
    outer loop
      vertex -12.7343 0.565674 1.2
      vertex -11.9651 1.34869 1.2
      vertex -12.15 1.47223 1.2
    endloop
  endfacet
  facet normal -0 0 1
    outer loop
      vertex -12.5068 -0.104416 1.2
      vertex -11.9145 -1.30431 1.2
      vertex -12.5 0 1.2
    endloop
  endfacet
  facet normal 0 0 1
    outer loop
      vertex -12.813 0.634674 1.2
      vertex -12.15 1.47223 1.2
      vertex -12.3494 1.57059 1.2
    endloop
  endfacet
  facet normal -0 0 1
    outer loop
      vertex -12.5273 -0.207047 1.2
      vertex -11.9145 -1.30431 1.2
      vertex -12.5068 -0.104416 1.2
    endloop
  endfacet
  facet normal -0 0 1
    outer loop
      vertex -12.5609 -0.306137 1.2
      vertex -11.9145 -1.30431 1.2
      vertex -12.5273 -0.207047 1.2
    endloop
  endfacet
  facet normal 0 0 1
    outer loop
      vertex -11.9145 1.30431 1.2
      vertex -12.5068 0.104416 1.2
      vertex -12.5 0 1.2
    endloop
  endfacet
  facet normal 0 0 1
    outer loop
      vertex -11.9145 1.30431 1.2
      vertex -12.5273 0.207047 1.2
      vertex -12.5068 0.104416 1.2
    endloop
  endfacet
  facet normal 0 0 1
    outer loop
      vertex -12.9 0.69281 1.2
      vertex -12.3494 1.57059 1.2
      vertex -12.56 1.64206 1.2
    endloop
  endfacet
  facet normal 0 0 1
    outer loop
      vertex -11.9145 1.30431 1.2
      vertex -12.5609 0.306137 1.2
      vertex -12.5273 0.207047 1.2
    endloop
  endfacet
  facet normal 0 0 1
    outer loop
      vertex -11.9145 1.30431 1.2
      vertex -12.6072 0.399994 1.2
      vertex -12.5609 0.306137 1.2
    endloop
  endfacet
  facet normal 0 0 1
    outer loop
      vertex -11.9145 1.30431 1.2
      vertex -12.6653 0.487 1.2
      vertex -12.6072 0.399994 1.2
    endloop
  endfacet
  facet normal 0 0 1
    outer loop
      vertex -11.9145 1.30431 1.2
      vertex -12.7343 0.565674 1.2
      vertex -12.6653 0.487 1.2
    endloop
  endfacet
  facet normal 0 0 1
    outer loop
      vertex -12.9939 0.73909 1.2
      vertex -12.56 1.64206 1.2
      vertex -12.7781 1.68546 1.2
    endloop
  endfacet
  facet normal 0 0 1
    outer loop
      vertex -12.15 1.47223 1.2
      vertex -12.813 0.634674 1.2
      vertex -12.7343 0.565674 1.2
    endloop
  endfacet
  facet normal 0 0 1
    outer loop
      vertex -12.3494 1.57059 1.2
      vertex -12.9 0.69281 1.2
      vertex -12.813 0.634674 1.2
    endloop
  endfacet
  facet normal 0 0 1
    outer loop
      vertex -12.56 1.64206 1.2
      vertex -12.9939 0.73909 1.2
      vertex -12.9 0.69281 1.2
    endloop
  endfacet
  facet normal 0 0 1
    outer loop
      vertex -13.0929 0.772736 1.2
      vertex -12.7781 1.68546 1.2
      vertex -13 1.7 1.2
    endloop
  endfacet
  facet normal 0 0 1
    outer loop
      vertex -12.7781 1.68546 1.2
      vertex -13.0929 0.772736 1.2
      vertex -12.9939 0.73909 1.2
    endloop
  endfacet
  facet normal 0 0 1
    outer loop
      vertex -13 1.7 1.2
      vertex -13.1956 0.793152 1.2
      vertex -13.0929 0.772736 1.2
    endloop
  endfacet
  facet normal -0 0 1
    outer loop
      vertex -13.2219 1.68546 1.2
      vertex -13.1956 0.793152 1.2
      vertex -13 1.7 1.2
    endloop
  endfacet
  facet normal 0 0 1
    outer loop
      vertex -13.2219 1.68546 1.2
      vertex -13.3 0.799988 1.2
      vertex -13.1956 0.793152 1.2
    endloop
  endfacet
  facet normal -0 0 1
    outer loop
      vertex -13.44 1.64206 1.2
      vertex -13.3 0.799988 1.2
      vertex -13.2219 1.68546 1.2
    endloop
  endfacet
  facet normal 0 0 1
    outer loop
      vertex -13.3 0.799988 1.2
      vertex -13.44 1.64206 1.2
      vertex -13.4044 0.793152 1.2
    endloop
  endfacet
  facet normal -0 0 1
    outer loop
      vertex -13.6506 1.57059 1.2
      vertex -13.4044 0.793152 1.2
      vertex -13.44 1.64206 1.2
    endloop
  endfacet
  facet normal 0 0 1
    outer loop
      vertex -13.4044 0.793152 1.2
      vertex -13.6506 1.57059 1.2
      vertex -13.507 0.772736 1.2
    endloop
  endfacet
  facet normal -0 0 1
    outer loop
      vertex -13.85 1.47223 1.2
      vertex -13.507 0.772736 1.2
      vertex -13.6506 1.57059 1.2
    endloop
  endfacet
  facet normal 0 0 1
    outer loop
      vertex -13.507 0.772736 1.2
      vertex -13.85 1.47223 1.2
      vertex -13.6061 0.73909 1.2
    endloop
  endfacet
  facet normal -0 0 1
    outer loop
      vertex -14.0349 1.34869 1.2
      vertex -13.6061 0.73909 1.2
      vertex -13.85 1.47223 1.2
    endloop
  endfacet
  facet normal 0 0 1
    outer loop
      vertex -13.6061 0.73909 1.2
      vertex -14.0349 1.34869 1.2
      vertex -13.7 0.69281 1.2
    endloop
  endfacet
  facet normal -0 0 1
    outer loop
      vertex -14.2021 1.20207 1.2
      vertex -13.7 0.69281 1.2
      vertex -14.0349 1.34869 1.2
    endloop
  endfacet
  facet normal 0 0 1
    outer loop
      vertex -13.7 0.69281 1.2
      vertex -14.2021 1.20207 1.2
      vertex -13.787 0.634674 1.2
    endloop
  endfacet
  facet normal -0 0 1
    outer loop
      vertex -14.3487 1.03488 1.2
      vertex -13.787 0.634674 1.2
      vertex -14.2021 1.20207 1.2
    endloop
  endfacet
  facet normal 0 0 1
    outer loop
      vertex -13.787 0.634674 1.2
      vertex -14.3487 1.03488 1.2
      vertex -13.8657 0.565674 1.2
    endloop
  endfacet
  facet normal -0 0 1
    outer loop
      vertex -14.4722 0.849991 1.2
      vertex -13.8657 0.565674 1.2
      vertex -14.3487 1.03488 1.2
    endloop
  endfacet
  facet normal 0 0 1
    outer loop
      vertex -13.8657 0.565674 1.2
      vertex -14.4722 0.849991 1.2
      vertex -13.9347 0.487 1.2
    endloop
  endfacet
  facet normal 0 0 1
    outer loop
      vertex -13.9347 0.487 1.2
      vertex -14.4722 0.849991 1.2
      vertex -13.9928 0.399994 1.2
    endloop
  endfacet
  facet normal -0 0 1
    outer loop
      vertex -14.5706 0.650558 1.2
      vertex -13.9928 0.399994 1.2
      vertex -14.4722 0.849991 1.2
    endloop
  endfacet
  facet normal 0 0 1
    outer loop
      vertex -13.9928 0.399994 1.2
      vertex -14.5706 0.650558 1.2
      vertex -14.0391 0.306137 1.2
    endloop
  endfacet
  facet normal 0 0 1
    outer loop
      vertex -1.91001 1.90823 1.2
      vertex -2.47487 2.47487 1.2
      vertex -2.14204 1.64365 1.2
    endloop
  endfacet
  facet normal -0 0 1
    outer loop
      vertex -2.77673 2.13066 1.2
      vertex -2.14204 1.64365 1.2
      vertex -2.47487 2.47487 1.2
    endloop
  endfacet
  facet normal 0 0 1
    outer loop
      vertex -2.14204 1.64365 1.2
      vertex -2.77673 2.13066 1.2
      vertex -2.33826 1.34999 1.2
    endloop
  endfacet
  facet normal -0 0 1
    outer loop
      vertex -3.03108 1.75 1.2
      vertex -2.33826 1.34999 1.2
      vertex -2.77673 2.13066 1.2
    endloop
  endfacet
  facet normal 0 0 1
    outer loop
      vertex -2.33826 1.34999 1.2
      vertex -3.03108 1.75 1.2
      vertex -2.49446 1.03323 1.2
    endloop
  endfacet
  facet normal 0 0 1
    outer loop
      vertex -2.49446 1.03323 1.2
      vertex -3.23357 1.33939 1.2
      vertex -2.60799 0.698807 1.2
    endloop
  endfacet
  facet normal -0 0 1
    outer loop
      vertex -3.23357 1.33939 1.2
      vertex -2.49446 1.03323 1.2
      vertex -3.03108 1.75 1.2
    endloop
  endfacet
  facet normal 0 0 1
    outer loop
      vertex 8.18544 -11.4802 1.2
      vertex 7.44314 -11.4137 1.2
      vertex 7.44999 -11.5181 1.2
    endloop
  endfacet
  facet normal 0 0 1
    outer loop
      vertex 7.70206 -10.0562 1.2
      vertex 7.42273 -11.3111 1.2
      vertex 7.44314 -11.4137 1.2
    endloop
  endfacet
  facet normal 0 0 1
    outer loop
      vertex 7.70206 -10.0562 1.2
      vertex 7.3891 -11.212 1.2
      vertex 7.42273 -11.3111 1.2
    endloop
  endfacet
  facet normal 0 0 1
    outer loop
      vertex 7.04999 -10.8253 1.2
      vertex 7.53488 -9.90962 1.2
      vertex 7.34998 -9.78609 1.2
    endloop
  endfacet
  facet normal 0 0 1
    outer loop
      vertex 7.70206 -10.0562 1.2
      vertex 7.3428 -11.1181 1.2
      vertex 7.3891 -11.212 1.2
    endloop
  endfacet
  facet normal 0 0 1
    outer loop
      vertex 7.70206 -10.0562 1.2
      vertex 7.28468 -11.0311 1.2
      vertex 7.3428 -11.1181 1.2
    endloop
  endfacet
  facet normal 0 0 1
    outer loop
      vertex 7.70206 -10.0562 1.2
      vertex 7.21568 -10.9525 1.2
      vertex 7.28468 -11.0311 1.2
    endloop
  endfacet
  facet normal 0 0 1
    outer loop
      vertex 7.04999 -10.8253 1.2
      vertex 7.34998 -9.78609 1.2
      vertex 7.15055 -9.68774 1.2
    endloop
  endfacet
  facet normal 0 0 1
    outer loop
      vertex 7.70206 -10.0562 1.2
      vertex 7.137 -10.8835 1.2
      vertex 7.21568 -10.9525 1.2
    endloop
  endfacet
  facet normal 0 0 1
    outer loop
      vertex 7.04999 -10.8253 1.2
      vertex 7.15055 -9.68774 1.2
      vertex 7.08682 -9.6661 1.2
    endloop
  endfacet
  facet normal 0 0 1
    outer loop
      vertex 7.70206 -10.0562 1.2
      vertex 7.04999 -10.8253 1.2
      vertex 7.137 -10.8835 1.2
    endloop
  endfacet
  facet normal 0 0 1
    outer loop
      vertex 7.44314 -11.4137 1.2
      vertex 8.19998 -11.2583 1.2
      vertex 8.18545 -11.0364 1.2
    endloop
  endfacet
  facet normal -0 0 1
    outer loop
      vertex 7.44314 -11.4137 1.2
      vertex 8.18544 -11.4802 1.2
      vertex 8.19998 -11.2583 1.2
    endloop
  endfacet
  facet normal 0 0 1
    outer loop
      vertex 7.44314 -11.4137 1.2
      vertex 8.18545 -11.0364 1.2
      vertex 8.14206 -10.8183 1.2
    endloop
  endfacet
  facet normal 0 0 1
    outer loop
      vertex 7.44314 -11.4137 1.2
      vertex 8.14206 -10.8183 1.2
      vertex 8.07059 -10.6078 1.2
    endloop
  endfacet
  facet normal 0 0 1
    outer loop
      vertex 8.18544 -11.4802 1.2
      vertex 7.44999 -11.5181 1.2
      vertex 8.14206 -11.6983 1.2
    endloop
  endfacet
  facet normal 0 0 1
    outer loop
      vertex 7.44314 -11.4137 1.2
      vertex 8.07059 -10.6078 1.2
      vertex 7.97224 -10.4083 1.2
    endloop
  endfacet
  facet normal -0 0 1
    outer loop
      vertex 7.44314 -11.6226 1.2
      vertex 8.14206 -11.6983 1.2
      vertex 7.44999 -11.5181 1.2
    endloop
  endfacet
  facet normal 0 0 1
    outer loop
      vertex 8.14206 -11.6983 1.2
      vertex 7.44314 -11.6226 1.2
      vertex 8.07058 -11.9089 1.2
    endloop
  endfacet
  facet normal 0 0 1
    outer loop
      vertex 7.44314 -11.4137 1.2
      vertex 7.97224 -10.4083 1.2
      vertex 7.84869 -10.2234 1.2
    endloop
  endfacet
  facet normal -0 0 1
    outer loop
      vertex 7.42273 -11.7252 1.2
      vertex 8.07058 -11.9089 1.2
      vertex 7.44314 -11.6226 1.2
    endloop
  endfacet
  facet normal 0 0 1
    outer loop
      vertex 7.44314 -11.4137 1.2
      vertex 7.84869 -10.2234 1.2
      vertex 7.70206 -10.0562 1.2
    endloop
  endfacet
  facet normal 0 0 1
    outer loop
      vertex 8.07058 -11.9089 1.2
      vertex 7.42273 -11.7252 1.2
      vertex 7.97223 -12.1083 1.2
    endloop
  endfacet
  facet normal 0 0 1
    outer loop
      vertex 7.04999 -10.8253 1.2
      vertex 7.70206 -10.0562 1.2
      vertex 7.53488 -9.90962 1.2
    endloop
  endfacet
  facet normal -0 0 1
    outer loop
      vertex 7.38909 -11.8243 1.2
      vertex 7.97223 -12.1083 1.2
      vertex 7.42273 -11.7252 1.2
    endloop
  endfacet
  facet normal -0 0 1
    outer loop
      vertex 7.34281 -11.9181 1.2
      vertex 7.97223 -12.1083 1.2
      vertex 7.38909 -11.8243 1.2
    endloop
  endfacet
  facet normal 0 0 1
    outer loop
      vertex 7.97223 -12.1083 1.2
      vertex 7.34281 -11.9181 1.2
      vertex 7.84869 -12.2932 1.2
    endloop
  endfacet
  facet normal -0 0 1
    outer loop
      vertex 7.28467 -12.0051 1.2
      vertex 7.84869 -12.2932 1.2
      vertex 7.34281 -11.9181 1.2
    endloop
  endfacet
  facet normal 0 0 1
    outer loop
      vertex 7.84869 -12.2932 1.2
      vertex 7.28467 -12.0051 1.2
      vertex 7.70207 -12.4604 1.2
    endloop
  endfacet
  facet normal -0 0 1
    outer loop
      vertex 7.21568 -12.0838 1.2
      vertex 7.70207 -12.4604 1.2
      vertex 7.28467 -12.0051 1.2
    endloop
  endfacet
  facet normal 0 0 1
    outer loop
      vertex 7.70207 -12.4604 1.2
      vertex 7.21568 -12.0838 1.2
      vertex 7.53489 -12.607 1.2
    endloop
  endfacet
  facet normal -0 0 1
    outer loop
      vertex 7.137 -12.1528 1.2
      vertex 7.53489 -12.607 1.2
      vertex 7.21568 -12.0838 1.2
    endloop
  endfacet
  facet normal 0 0 1
    outer loop
      vertex 7.53489 -12.607 1.2
      vertex 7.137 -12.1528 1.2
      vertex 7.35 -12.7306 1.2
    endloop
  endfacet
  facet normal -0 0 1
    outer loop
      vertex 7.05 -12.2109 1.2
      vertex 7.35 -12.7306 1.2
      vertex 7.137 -12.1528 1.2
    endloop
  endfacet
  facet normal -0 0 1
    outer loop
      vertex 6.95615 -12.2572 1.2
      vertex 7.35 -12.7306 1.2
      vertex 7.05 -12.2109 1.2
    endloop
  endfacet
  facet normal 0 0 1
    outer loop
      vertex 7.35 -12.7306 1.2
      vertex 6.95615 -12.2572 1.2
      vertex 7.15056 -12.8289 1.2
    endloop
  endfacet
  facet normal -0 0 1
    outer loop
      vertex 6.85706 -12.2909 1.2
      vertex 7.15056 -12.8289 1.2
      vertex 6.95615 -12.2572 1.2
    endloop
  endfacet
  facet normal 0 0 1
    outer loop
      vertex 7.15056 -12.8289 1.2
      vertex 6.85706 -12.2909 1.2
      vertex 6.93999 -12.9004 1.2
    endloop
  endfacet
  facet normal -0 0 1
    outer loop
      vertex 6.75442 -12.3113 1.2
      vertex 6.93999 -12.9004 1.2
      vertex 6.85706 -12.2909 1.2
    endloop
  endfacet
  facet normal 0 0 1
    outer loop
      vertex 6.75442 -12.3113 1.2
      vertex 6.72189 -12.9438 1.2
      vertex 6.93999 -12.9004 1.2
    endloop
  endfacet
  facet normal -0 0 1
    outer loop
      vertex 6.65 -12.3181 1.2
      vertex 6.72189 -12.9438 1.2
      vertex 6.75442 -12.3113 1.2
    endloop
  endfacet
  facet normal 0 0 1
    outer loop
      vertex 6.5 -12.9583 1.2
      vertex 6.65 -12.3181 1.2
      vertex 6.54558 -12.3113 1.2
    endloop
  endfacet
  facet normal 0 0 1
    outer loop
      vertex 6.65 -12.3181 1.2
      vertex 6.5 -12.9583 1.2
      vertex 6.72189 -12.9438 1.2
    endloop
  endfacet
  facet normal 0 0 1
    outer loop
      vertex 6.44295 -12.2909 1.2
      vertex 6.5 -12.9583 1.2
      vertex 6.54558 -12.3113 1.2
    endloop
  endfacet
  facet normal 0 0 1
    outer loop
      vertex 6.27811 -12.9438 1.2
      vertex 6.44295 -12.2909 1.2
      vertex 6.34386 -12.2572 1.2
    endloop
  endfacet
  facet normal 0 0 1
    outer loop
      vertex 6.44295 -12.2909 1.2
      vertex 6.27811 -12.9438 1.2
      vertex 6.5 -12.9583 1.2
    endloop
  endfacet
  facet normal 0 0 1
    outer loop
      vertex 6.06001 -12.9004 1.2
      vertex 6.34386 -12.2572 1.2
      vertex 6.25001 -12.2109 1.2
    endloop
  endfacet
  facet normal 0 0 1
    outer loop
      vertex 5.84944 -12.8289 1.2
      vertex 6.25001 -12.2109 1.2
      vertex 6.163 -12.1528 1.2
    endloop
  endfacet
  facet normal 0 0 1
    outer loop
      vertex 5.65001 -12.7306 1.2
      vertex 6.163 -12.1528 1.2
      vertex 6.08432 -12.0838 1.2
    endloop
  endfacet
  facet normal 0 0 1
    outer loop
      vertex 6.34386 -12.2572 1.2
      vertex 6.06001 -12.9004 1.2
      vertex 6.27811 -12.9438 1.2
    endloop
  endfacet
  facet normal 0 0 1
    outer loop
      vertex 5.65001 -12.7306 1.2
      vertex 6.08432 -12.0838 1.2
      vertex 6.01532 -12.0051 1.2
    endloop
  endfacet
  facet normal 0 0 1
    outer loop
      vertex 5.65001 -12.7306 1.2
      vertex 6.01532 -12.0051 1.2
      vertex 5.95718 -11.9181 1.2
    endloop
  endfacet
  facet normal 0 0 1
    outer loop
      vertex 5.65001 -12.7306 1.2
      vertex 5.95718 -11.9181 1.2
      vertex 5.9109 -11.8243 1.2
    endloop
  endfacet
  facet normal 0 0 1
    outer loop
      vertex 5.65001 -12.7306 1.2
      vertex 5.9109 -11.8243 1.2
      vertex 5.87726 -11.7252 1.2
    endloop
  endfacet
  facet normal 0 0 1
    outer loop
      vertex 5.65001 -12.7306 1.2
      vertex 5.87726 -11.7252 1.2
      vertex 5.85685 -11.6225 1.2
    endloop
  endfacet
  facet normal 0 0 1
    outer loop
      vertex 6.25001 -12.2109 1.2
      vertex 5.84944 -12.8289 1.2
      vertex 6.06001 -12.9004 1.2
    endloop
  endfacet
  facet normal 0 0 1
    outer loop
      vertex 4.85793 -11.6983 1.2
      vertex 5.85685 -11.6225 1.2
      vertex 5.85001 -11.5181 1.2
    endloop
  endfacet
  facet normal -0 0 1
    outer loop
      vertex 14.0932 0.104416 1.2
      vertex 14.7 0 1.2
      vertex 14.6855 0.221893 1.2
    endloop
  endfacet
  facet normal 0 0 1
    outer loop
      vertex 14.0727 0.207047 1.2
      vertex 14.6855 0.221893 1.2
      vertex 14.6421 0.439987 1.2
    endloop
  endfacet
  facet normal 0 0 1
    outer loop
      vertex 14.7 0 1.2
      vertex 14.0932 0.104416 1.2
      vertex 14.1 0 1.2
    endloop
  endfacet
  facet normal 0 0 1
    outer loop
      vertex 14.0391 0.306137 1.2
      vertex 14.6421 0.439987 1.2
      vertex 14.5706 0.650558 1.2
    endloop
  endfacet
  facet normal 0 0 1
    outer loop
      vertex 14.0932 -0.104416 1.2
      vertex 14.7 0 1.2
      vertex 14.1 0 1.2
    endloop
  endfacet
  facet normal 0 0 1
    outer loop
      vertex 13.9928 0.399994 1.2
      vertex 14.5706 0.650558 1.2
      vertex 14.4722 0.849991 1.2
    endloop
  endfacet
  facet normal 0 0 1
    outer loop
      vertex 14.7 0 1.2
      vertex 14.0932 -0.104416 1.2
      vertex 14.6855 -0.221893 1.2
    endloop
  endfacet
  facet normal 0 0 1
    outer loop
      vertex 13.8657 0.565674 1.2
      vertex 14.4722 0.849991 1.2
      vertex 14.3487 1.03488 1.2
    endloop
  endfacet
  facet normal -0 0 1
    outer loop
      vertex 14.0727 -0.207047 1.2
      vertex 14.6855 -0.221893 1.2
      vertex 14.0932 -0.104416 1.2
    endloop
  endfacet
  facet normal 0 0 1
    outer loop
      vertex 13.787 0.634674 1.2
      vertex 14.3487 1.03488 1.2
      vertex 14.2021 1.20207 1.2
    endloop
  endfacet
  facet normal -0 0 1
    outer loop
      vertex 14.0391 -0.306137 1.2
      vertex 14.6421 -0.439987 1.2
      vertex 14.0727 -0.207047 1.2
    endloop
  endfacet
  facet normal 0 0 1
    outer loop
      vertex 14.6421 -0.439987 1.2
      vertex 14.0391 -0.306137 1.2
      vertex 14.5706 -0.650558 1.2
    endloop
  endfacet
  facet normal 0 0 1
    outer loop
      vertex 14.6855 -0.221893 1.2
      vertex 14.0727 -0.207047 1.2
      vertex 14.6421 -0.439987 1.2
    endloop
  endfacet
  facet normal 0 0 1
    outer loop
      vertex 14.6855 0.221893 1.2
      vertex 14.0727 0.207047 1.2
      vertex 14.0932 0.104416 1.2
    endloop
  endfacet
  facet normal 0 0 1
    outer loop
      vertex 14.6421 0.439987 1.2
      vertex 14.0391 0.306137 1.2
      vertex 14.0727 0.207047 1.2
    endloop
  endfacet
  facet normal 0 0 1
    outer loop
      vertex 13.7 0.69281 1.2
      vertex 14.2021 1.20207 1.2
      vertex 14.0349 1.34869 1.2
    endloop
  endfacet
  facet normal 0 0 1
    outer loop
      vertex 14.5706 0.650558 1.2
      vertex 13.9928 0.399994 1.2
      vertex 14.0391 0.306137 1.2
    endloop
  endfacet
  facet normal 0 0 1
    outer loop
      vertex 14.4722 0.849991 1.2
      vertex 13.9347 0.487 1.2
      vertex 13.9928 0.399994 1.2
    endloop
  endfacet
  facet normal 0 0 1
    outer loop
      vertex 14.4722 0.849991 1.2
      vertex 13.8657 0.565674 1.2
      vertex 13.9347 0.487 1.2
    endloop
  endfacet
  facet normal 0 0 1
    outer loop
      vertex 13.6061 0.73909 1.2
      vertex 14.0349 1.34869 1.2
      vertex 13.85 1.47223 1.2
    endloop
  endfacet
  facet normal 0 0 1
    outer loop
      vertex 14.3487 1.03488 1.2
      vertex 13.787 0.634674 1.2
      vertex 13.8657 0.565674 1.2
    endloop
  endfacet
  facet normal 0 0 1
    outer loop
      vertex 14.2021 1.20207 1.2
      vertex 13.7 0.69281 1.2
      vertex 13.787 0.634674 1.2
    endloop
  endfacet
  facet normal 0 0 1
    outer loop
      vertex 13.507 0.772736 1.2
      vertex 13.85 1.47223 1.2
      vertex 13.6506 1.57059 1.2
    endloop
  endfacet
  facet normal 0 0 1
    outer loop
      vertex 14.0349 1.34869 1.2
      vertex 13.6061 0.73909 1.2
      vertex 13.7 0.69281 1.2
    endloop
  endfacet
  facet normal 0 0 1
    outer loop
      vertex 13.85 1.47223 1.2
      vertex 13.507 0.772736 1.2
      vertex 13.6061 0.73909 1.2
    endloop
  endfacet
  facet normal 0 0 1
    outer loop
      vertex 13.4044 0.793152 1.2
      vertex 13.6506 1.57059 1.2
      vertex 13.44 1.64206 1.2
    endloop
  endfacet
  facet normal 0 0 1
    outer loop
      vertex 13.6506 1.57059 1.2
      vertex 13.4044 0.793152 1.2
      vertex 13.507 0.772736 1.2
    endloop
  endfacet
  facet normal 0 0 1
    outer loop
      vertex 13.44 1.64206 1.2
      vertex 13.3 0.799988 1.2
      vertex 13.4044 0.793152 1.2
    endloop
  endfacet
  facet normal 0 0 1
    outer loop
      vertex 13.2219 1.68546 1.2
      vertex 13.3 0.799988 1.2
      vertex 13.44 1.64206 1.2
    endloop
  endfacet
  facet normal 0 0 1
    outer loop
      vertex 13.2219 1.68546 1.2
      vertex 13.1956 0.793152 1.2
      vertex 13.3 0.799988 1.2
    endloop
  endfacet
  facet normal 0 0 1
    outer loop
      vertex 13 1.7 1.2
      vertex 13.1956 0.793152 1.2
      vertex 13.2219 1.68546 1.2
    endloop
  endfacet
  facet normal 0 0 1
    outer loop
      vertex 13.1956 0.793152 1.2
      vertex 13 1.7 1.2
      vertex 13.0929 0.772736 1.2
    endloop
  endfacet
  facet normal -0 0 1
    outer loop
      vertex 12.7781 1.68546 1.2
      vertex 13.0929 0.772736 1.2
      vertex 13 1.7 1.2
    endloop
  endfacet
  facet normal 0 0 1
    outer loop
      vertex 13.0929 0.772736 1.2
      vertex 12.7781 1.68546 1.2
      vertex 12.9939 0.73909 1.2
    endloop
  endfacet
  facet normal -0 0 1
    outer loop
      vertex 12.56 1.64206 1.2
      vertex 12.9939 0.73909 1.2
      vertex 12.7781 1.68546 1.2
    endloop
  endfacet
  facet normal 0 0 1
    outer loop
      vertex 12.9939 0.73909 1.2
      vertex 12.56 1.64206 1.2
      vertex 12.9 0.69281 1.2
    endloop
  endfacet
  facet normal -0 0 1
    outer loop
      vertex 12.3494 1.57059 1.2
      vertex 12.9 0.69281 1.2
      vertex 12.56 1.64206 1.2
    endloop
  endfacet
  facet normal 0 0 1
    outer loop
      vertex 12.9 0.69281 1.2
      vertex 12.3494 1.57059 1.2
      vertex 12.813 0.634674 1.2
    endloop
  endfacet
  facet normal -0 0 1
    outer loop
      vertex 12.15 1.47223 1.2
      vertex 12.813 0.634674 1.2
      vertex 12.3494 1.57059 1.2
    endloop
  endfacet
  facet normal 0 0 1
    outer loop
      vertex 12.813 0.634674 1.2
      vertex 12.15 1.47223 1.2
      vertex 12.7343 0.565674 1.2
    endloop
  endfacet
  facet normal -0 0 1
    outer loop
      vertex 11.9651 1.34869 1.2
      vertex 12.7343 0.565674 1.2
      vertex 12.15 1.47223 1.2
    endloop
  endfacet
  facet normal -0 0 1
    outer loop
      vertex 11.9145 1.30431 1.2
      vertex 12.7343 0.565674 1.2
      vertex 11.9651 1.34869 1.2
    endloop
  endfacet
  facet normal 0 0 1
    outer loop
      vertex 12.7343 0.565674 1.2
      vertex 11.9145 1.30431 1.2
      vertex 12.6653 0.487 1.2
    endloop
  endfacet
  facet normal 0 0 1
    outer loop
      vertex 12.6653 0.487 1.2
      vertex 11.9145 1.30431 1.2
      vertex 12.6072 0.399994 1.2
    endloop
  endfacet
  facet normal 0 0 1
    outer loop
      vertex 12.6072 0.399994 1.2
      vertex 11.9145 1.30431 1.2
      vertex 12.5609 0.306137 1.2
    endloop
  endfacet
  facet normal -0 0 1
    outer loop
      vertex 13.9928 -0.399994 1.2
      vertex 14.5706 -0.650558 1.2
      vertex 14.0391 -0.306137 1.2
    endloop
  endfacet
  facet normal 0 0 1
    outer loop
      vertex 14.5706 -0.650558 1.2
      vertex 13.9928 -0.399994 1.2
      vertex 14.4722 -0.849991 1.2
    endloop
  endfacet
  facet normal -0 0 1
    outer loop
      vertex 13.9347 -0.487 1.2
      vertex 14.4722 -0.849991 1.2
      vertex 13.9928 -0.399994 1.2
    endloop
  endfacet
  facet normal -0 0 1
    outer loop
      vertex 13.8657 -0.565674 1.2
      vertex 14.4722 -0.849991 1.2
      vertex 13.9347 -0.487 1.2
    endloop
  endfacet
  facet normal 0 0 1
    outer loop
      vertex 14.4722 -0.849991 1.2
      vertex 13.8657 -0.565674 1.2
      vertex 14.3487 -1.03488 1.2
    endloop
  endfacet
  facet normal -0 0 1
    outer loop
      vertex 13.787 -0.634674 1.2
      vertex 14.3487 -1.03488 1.2
      vertex 13.8657 -0.565674 1.2
    endloop
  endfacet
  facet normal 0 0 1
    outer loop
      vertex 14.3487 -1.03488 1.2
      vertex 13.787 -0.634674 1.2
      vertex 14.2021 -1.20207 1.2
    endloop
  endfacet
  facet normal -0 0 1
    outer loop
      vertex 13.7 -0.69281 1.2
      vertex 14.2021 -1.20207 1.2
      vertex 13.787 -0.634674 1.2
    endloop
  endfacet
  facet normal 0 0 1
    outer loop
      vertex 14.2021 -1.20207 1.2
      vertex 13.7 -0.69281 1.2
      vertex 14.0349 -1.34869 1.2
    endloop
  endfacet
  facet normal -0 0 1
    outer loop
      vertex 13.6061 -0.73909 1.2
      vertex 14.0349 -1.34869 1.2
      vertex 13.7 -0.69281 1.2
    endloop
  endfacet
  facet normal 0 0 1
    outer loop
      vertex 14.0349 -1.34869 1.2
      vertex 13.6061 -0.73909 1.2
      vertex 13.85 -1.47223 1.2
    endloop
  endfacet
  facet normal -0 0 1
    outer loop
      vertex 13.507 -0.772736 1.2
      vertex 13.85 -1.47223 1.2
      vertex 13.6061 -0.73909 1.2
    endloop
  endfacet
  facet normal 0 0 1
    outer loop
      vertex 13.85 -1.47223 1.2
      vertex 13.507 -0.772736 1.2
      vertex 13.6506 -1.57059 1.2
    endloop
  endfacet
  facet normal -0 0 1
    outer loop
      vertex 13.4044 -0.793152 1.2
      vertex 13.6506 -1.57059 1.2
      vertex 13.507 -0.772736 1.2
    endloop
  endfacet
  facet normal 0 0 1
    outer loop
      vertex 13.6506 -1.57059 1.2
      vertex 13.4044 -0.793152 1.2
      vertex 13.44 -1.64206 1.2
    endloop
  endfacet
  facet normal -0 0 1
    outer loop
      vertex 13.3 -0.799988 1.2
      vertex 13.44 -1.64206 1.2
      vertex 13.4044 -0.793152 1.2
    endloop
  endfacet
  facet normal 0 0 1
    outer loop
      vertex 13.3 -0.799988 1.2
      vertex 13.2219 -1.68546 1.2
      vertex 13.44 -1.64206 1.2
    endloop
  endfacet
  facet normal 0 0 1
    outer loop
      vertex 13.1956 -0.793152 1.2
      vertex 13.2219 -1.68546 1.2
      vertex 13.3 -0.799988 1.2
    endloop
  endfacet
  facet normal 0 0 1
    outer loop
      vertex 13 -1.7 1.2
      vertex 13.1956 -0.793152 1.2
      vertex 13.0929 -0.772736 1.2
    endloop
  endfacet
  facet normal 0 0 1
    outer loop
      vertex 13.1956 -0.793152 1.2
      vertex 13 -1.7 1.2
      vertex 13.2219 -1.68546 1.2
    endloop
  endfacet
  facet normal 0 0 1
    outer loop
      vertex 12.7781 -1.68546 1.2
      vertex 13.0929 -0.772736 1.2
      vertex 12.9939 -0.73909 1.2
    endloop
  endfacet
  facet normal 0 0 1
    outer loop
      vertex 12.56 -1.64206 1.2
      vertex 12.9939 -0.73909 1.2
      vertex 12.9 -0.69281 1.2
    endloop
  endfacet
  facet normal 0 0 1
    outer loop
      vertex 12.3494 -1.57059 1.2
      vertex 12.9 -0.69281 1.2
      vertex 12.813 -0.634674 1.2
    endloop
  endfacet
  facet normal 0 0 1
    outer loop
      vertex 13.0929 -0.772736 1.2
      vertex 12.7781 -1.68546 1.2
      vertex 13 -1.7 1.2
    endloop
  endfacet
  facet normal 0 0 1
    outer loop
      vertex 12.15 -1.47223 1.2
      vertex 12.813 -0.634674 1.2
      vertex 12.7343 -0.565674 1.2
    endloop
  endfacet
  facet normal 0 0 1
    outer loop
      vertex 11.9145 -1.30431 1.2
      vertex 12.7343 -0.565674 1.2
      vertex 12.6653 -0.487 1.2
    endloop
  endfacet
  facet normal 0 0 1
    outer loop
      vertex 11.9145 -1.30431 1.2
      vertex 12.6653 -0.487 1.2
      vertex 12.6072 -0.399994 1.2
    endloop
  endfacet
  facet normal 0 0 1
    outer loop
      vertex 11.9145 -1.30431 1.2
      vertex 12.6072 -0.399994 1.2
      vertex 12.5609 -0.306137 1.2
    endloop
  endfacet
  facet normal 0 0 1
    outer loop
      vertex 12.9939 -0.73909 1.2
      vertex 12.56 -1.64206 1.2
      vertex 12.7781 -1.68546 1.2
    endloop
  endfacet
  facet normal 0 0 1
    outer loop
      vertex 11.9145 -1.30431 1.2
      vertex 12.5609 -0.306137 1.2
      vertex 12.5273 -0.207047 1.2
    endloop
  endfacet
  facet normal 0 0 1
    outer loop
      vertex 11.9145 -1.30431 1.2
      vertex 12.5273 -0.207047 1.2
      vertex 12.5068 -0.104416 1.2
    endloop
  endfacet
  facet normal 0 0 1
    outer loop
      vertex 11.9145 -1.30431 1.2
      vertex 12.5068 -0.104416 1.2
      vertex 12.5 0 1.2
    endloop
  endfacet
  facet normal 0 0 1
    outer loop
      vertex 12.5609 0.306137 1.2
      vertex 11.9145 1.30431 1.2
      vertex 12.5273 0.207047 1.2
    endloop
  endfacet
  facet normal 0 0 1
    outer loop
      vertex 12.9 -0.69281 1.2
      vertex 12.3494 -1.57059 1.2
      vertex 12.56 -1.64206 1.2
    endloop
  endfacet
  facet normal 0 0 1
    outer loop
      vertex 12.5273 0.207047 1.2
      vertex 11.9145 1.30431 1.2
      vertex 12.5068 0.104416 1.2
    endloop
  endfacet
  facet normal 0 0 1
    outer loop
      vertex 11.9145 -1.30431 1.2
      vertex 12.5 0 1.2
      vertex 11.9145 1.30431 1.2
    endloop
  endfacet
  facet normal 0 0 1
    outer loop
      vertex 12.5068 0.104416 1.2
      vertex 11.9145 1.30431 1.2
      vertex 12.5 0 1.2
    endloop
  endfacet
  facet normal 0 0 1
    outer loop
      vertex 12.7343 -0.565674 1.2
      vertex 11.9145 -1.30431 1.2
      vertex 11.9651 -1.34869 1.2
    endloop
  endfacet
  facet normal 0 0 1
    outer loop
      vertex 12.813 -0.634674 1.2
      vertex 12.15 -1.47223 1.2
      vertex 12.3494 -1.57059 1.2
    endloop
  endfacet
  facet normal 0 0 1
    outer loop
      vertex 12.7343 -0.565674 1.2
      vertex 11.9651 -1.34869 1.2
      vertex 12.15 -1.47223 1.2
    endloop
  endfacet
  facet normal 0 0 1
    outer loop
      vertex 8.92299 1.17473 1.2
      vertex 11.9145 1.30431 1.2
      vertex 11.8973 1.5663 1.2
    endloop
  endfacet
  facet normal 0 0 1
    outer loop
      vertex 11.9145 1.30431 1.2
      vertex 8.95411 0.7 1.2
      vertex 11.9145 -1.30431 1.2
    endloop
  endfacet
  facet normal 0 0 1
    outer loop
      vertex 8.92299 1.17473 1.2
      vertex 11.8973 1.5663 1.2
      vertex 11.5911 3.10582 1.2
    endloop
  endfacet
  facet normal -0 0 1
    outer loop
      vertex 8.95411 -0.7 1.2
      vertex 11.9145 -1.30431 1.2
      vertex 8.95411 0.7 1.2
    endloop
  endfacet
  facet normal 0 0 1
    outer loop
      vertex 8.69333 2.32936 1.2
      vertex 11.5911 3.10582 1.2
      vertex 11.0865 4.59219 1.2
    endloop
  endfacet
  facet normal -0 0 1
    outer loop
      vertex 8.92299 -1.17473 1.2
      vertex 11.9145 -1.30431 1.2
      vertex 8.95411 -0.7 1.2
    endloop
  endfacet
  facet normal 0 0 1
    outer loop
      vertex 8.31491 3.44414 1.2
      vertex 11.0865 4.59219 1.2
      vertex 10.3923 6 1.2
    endloop
  endfacet
  facet normal 0 0 1
    outer loop
      vertex 11.9145 -1.30431 1.2
      vertex 8.92299 -1.17473 1.2
      vertex 11.8973 -1.5663 1.2
    endloop
  endfacet
  facet normal 0 0 1
    outer loop
      vertex 7.79422 4.5 1.2
      vertex 10.3923 6 1.2
      vertex 9.52023 7.30513 1.2
    endloop
  endfacet
  facet normal 0 0 1
    outer loop
      vertex 11.8973 -1.5663 1.2
      vertex 8.92299 -1.17473 1.2
      vertex 11.5911 -3.10582 1.2
    endloop
  endfacet
  facet normal -0 0 1
    outer loop
      vertex 8.69333 -2.32936 1.2
      vertex 11.5911 -3.10582 1.2
      vertex 8.92299 -1.17473 1.2
    endloop
  endfacet
  facet normal 0 0 1
    outer loop
      vertex 11.9145 1.30431 1.2
      vertex 8.92299 1.17473 1.2
      vertex 8.95411 0.7 1.2
    endloop
  endfacet
  facet normal 0 0 1
    outer loop
      vertex 11.5911 3.10582 1.2
      vertex 8.69333 2.32936 1.2
      vertex 8.92299 1.17473 1.2
    endloop
  endfacet
  facet normal 0 0 1
    outer loop
      vertex 7.14017 5.47885 1.2
      vertex 9.52023 7.30513 1.2
      vertex 8.48528 8.48528 1.2
    endloop
  endfacet
  facet normal 0 0 1
    outer loop
      vertex 11.0865 4.59219 1.2
      vertex 8.31491 3.44414 1.2
      vertex 8.69333 2.32936 1.2
    endloop
  endfacet
  facet normal 0 0 1
    outer loop
      vertex 10.3923 6 1.2
      vertex 7.79422 4.5 1.2
      vertex 8.31491 3.44414 1.2
    endloop
  endfacet
  facet normal 0 0 1
    outer loop
      vertex 6.36395 6.36395 1.2
      vertex 8.48528 8.48528 1.2
      vertex 7.30513 9.52023 1.2
    endloop
  endfacet
  facet normal 0 0 1
    outer loop
      vertex 9.52023 7.30513 1.2
      vertex 7.14017 5.47885 1.2
      vertex 7.79422 4.5 1.2
    endloop
  endfacet
  facet normal 0 0 1
    outer loop
      vertex 5.47885 7.14017 1.2
      vertex 7.30513 9.52023 1.2
      vertex 7.08682 9.6661 1.2
    endloop
  endfacet
  facet normal 0 0 1
    outer loop
      vertex 7.34998 9.78609 1.2
      vertex 6.85704 10.7454 1.2
      vertex 7.15055 9.68774 1.2
    endloop
  endfacet
  facet normal 0 0 1
    outer loop
      vertex 7.15055 9.68774 1.2
      vertex 6.85704 10.7454 1.2
      vertex 7.08682 9.6661 1.2
    endloop
  endfacet
  facet normal -0 0 1
    outer loop
      vertex 6.75441 10.725 1.2
      vertex 7.08682 9.6661 1.2
      vertex 6.85704 10.7454 1.2
    endloop
  endfacet
  facet normal -0 0 1
    outer loop
      vertex 6.64999 10.7181 1.2
      vertex 7.08682 9.6661 1.2
      vertex 6.75441 10.725 1.2
    endloop
  endfacet
  facet normal 0 0 1
    outer loop
      vertex 6.54556 10.725 1.2
      vertex 7.08682 9.6661 1.2
      vertex 6.64999 10.7181 1.2
    endloop
  endfacet
  facet normal 0 0 1
    outer loop
      vertex 6.44293 10.7454 1.2
      vertex 7.08682 9.6661 1.2
      vertex 6.54556 10.725 1.2
    endloop
  endfacet
  facet normal 0 0 1
    outer loop
      vertex 6.34384 10.779 1.2
      vertex 7.08682 9.6661 1.2
      vertex 6.44293 10.7454 1.2
    endloop
  endfacet
  facet normal 0 0 1
    outer loop
      vertex 8.48528 8.48528 1.2
      vertex 6.36395 6.36395 1.2
      vertex 7.14017 5.47885 1.2
    endloop
  endfacet
  facet normal 0 0 1
    outer loop
      vertex 6.25 10.8253 1.2
      vertex 7.08682 9.6661 1.2
      vertex 6.34384 10.779 1.2
    endloop
  endfacet
  facet normal 0 0 1
    outer loop
      vertex 7.08682 9.6661 1.2
      vertex 6.25 10.8253 1.2
      vertex 4.5 7.79422 1.2
    endloop
  endfacet
  facet normal 0 0 1
    outer loop
      vertex 4.82768 10.9704 1.2
      vertex 6.25 10.8253 1.2
      vertex 6.16299 10.8834 1.2
    endloop
  endfacet
  facet normal 0 0 1
    outer loop
      vertex 4.82768 10.9704 1.2
      vertex 6.16299 10.8834 1.2
      vertex 6.08432 10.9524 1.2
    endloop
  endfacet
  facet normal -0 0 1
    outer loop
      vertex 4.82768 10.9704 1.2
      vertex 6.08432 10.9524 1.2
      vertex 6.01532 11.0311 1.2
    endloop
  endfacet
  facet normal 0 0 1
    outer loop
      vertex 4.82768 10.9704 1.2
      vertex 6.01532 11.0311 1.2
      vertex 5.95718 11.1181 1.2
    endloop
  endfacet
  facet normal 0 0 1
    outer loop
      vertex 4.82768 10.9704 1.2
      vertex 5.95718 11.1181 1.2
      vertex 5.9109 11.212 1.2
    endloop
  endfacet
  facet normal 0 0 1
    outer loop
      vertex 4.82768 10.9704 1.2
      vertex 5.9109 11.212 1.2
      vertex 5.87727 11.3111 1.2
    endloop
  endfacet
  facet normal 0 0 1
    outer loop
      vertex 4.81455 11.0364 1.2
      vertex 5.87727 11.3111 1.2
      vertex 5.85685 11.4137 1.2
    endloop
  endfacet
  facet normal 0 0 1
    outer loop
      vertex 5.95718 11.9181 1.2
      vertex 5.1513 12.2932 1.2
      vertex 5.9109 11.8243 1.2
    endloop
  endfacet
  facet normal -0 0 1
    outer loop
      vertex 5.02776 12.1083 1.2
      vertex 5.9109 11.8243 1.2
      vertex 5.1513 12.2932 1.2
    endloop
  endfacet
  facet normal 0 0 1
    outer loop
      vertex 5.9109 11.8243 1.2
      vertex 5.02776 12.1083 1.2
      vertex 5.87726 11.7252 1.2
    endloop
  endfacet
  facet normal 0 0 1
    outer loop
      vertex 6.25 10.8253 1.2
      vertex 4.82768 10.9704 1.2
      vertex 4.5 7.79422 1.2
    endloop
  endfacet
  facet normal -0 0 1
    outer loop
      vertex 4.9294 11.9089 1.2
      vertex 5.87726 11.7252 1.2
      vertex 5.02776 12.1083 1.2
    endloop
  endfacet
  facet normal 0 0 1
    outer loop
      vertex 5.87726 11.7252 1.2
      vertex 4.9294 11.9089 1.2
      vertex 5.85685 11.6225 1.2
    endloop
  endfacet
  facet normal -0 0 1
    outer loop
      vertex 4.85793 11.6983 1.2
      vertex 5.85685 11.6225 1.2
      vertex 4.9294 11.9089 1.2
    endloop
  endfacet
  facet normal 0 0 1
    outer loop
      vertex 5.85685 11.6225 1.2
      vertex 4.85793 11.6983 1.2
      vertex 5.85001 11.5181 1.2
    endloop
  endfacet
  facet normal 0 0 1
    outer loop
      vertex 4.81454 11.4802 1.2
      vertex 5.85001 11.5181 1.2
      vertex 4.85793 11.6983 1.2
    endloop
  endfacet
  facet normal 0 0 1
    outer loop
      vertex 5.85001 11.5181 1.2
      vertex 4.81454 11.4802 1.2
      vertex 5.85685 11.4137 1.2
    endloop
  endfacet
  facet normal 0 0 1
    outer loop
      vertex 7.30513 9.52023 1.2
      vertex 5.47885 7.14017 1.2
      vertex 6.36395 6.36395 1.2
    endloop
  endfacet
  facet normal 0 0 1
    outer loop
      vertex 3.44414 8.31491 1.2
      vertex 4.82768 10.9704 1.2
      vertex 4.59219 11.0865 1.2
    endloop
  endfacet
  facet normal 0 0 1
    outer loop
      vertex 7.08682 9.6661 1.2
      vertex 4.5 7.79422 1.2
      vertex 5.47885 7.14017 1.2
    endloop
  endfacet
  facet normal 0 0 1
    outer loop
      vertex 4.82768 10.9704 1.2
      vertex 3.44414 8.31491 1.2
      vertex 4.5 7.79422 1.2
    endloop
  endfacet
  facet normal 0 0 1
    outer loop
      vertex 3.10582 11.5911 1.2
      vertex 3.44414 8.31491 1.2
      vertex 4.59219 11.0865 1.2
    endloop
  endfacet
  facet normal 0 0 1
    outer loop
      vertex 3.10582 11.5911 1.2
      vertex 2.32936 8.69333 1.2
      vertex 3.44414 8.31491 1.2
    endloop
  endfacet
  facet normal 0 0 1
    outer loop
      vertex 1.5663 11.8973 1.2
      vertex 2.32936 8.69333 1.2
      vertex 3.10582 11.5911 1.2
    endloop
  endfacet
  facet normal 0 0 1
    outer loop
      vertex 1.5663 11.8973 1.2
      vertex 1.17473 8.92299 1.2
      vertex 2.32936 8.69333 1.2
    endloop
  endfacet
  facet normal 0 0 1
    outer loop
      vertex 0 12 1.2
      vertex 1.17473 8.92299 1.2
      vertex 1.5663 11.8973 1.2
    endloop
  endfacet
  facet normal 0 0 1
    outer loop
      vertex 0 12 1.2
      vertex 0 9 1.2
      vertex 1.17473 8.92299 1.2
    endloop
  endfacet
  facet normal 0 0 1
    outer loop
      vertex 0 12 1.2
      vertex -1.17473 8.92299 1.2
      vertex 0 9 1.2
    endloop
  endfacet
  facet normal -0 0 1
    outer loop
      vertex -1.5663 11.8973 1.2
      vertex -1.17473 8.92299 1.2
      vertex 0 12 1.2
    endloop
  endfacet
  facet normal 0 0 1
    outer loop
      vertex -1.5663 11.8973 1.2
      vertex -2.32936 8.69333 1.2
      vertex -1.17473 8.92299 1.2
    endloop
  endfacet
  facet normal -0 0 1
    outer loop
      vertex -3.10582 11.5911 1.2
      vertex -2.32936 8.69333 1.2
      vertex -1.5663 11.8973 1.2
    endloop
  endfacet
  facet normal 0 0 1
    outer loop
      vertex -3.10582 11.5911 1.2
      vertex -3.44414 8.31491 1.2
      vertex -2.32936 8.69333 1.2
    endloop
  endfacet
  facet normal -0 0 1
    outer loop
      vertex -4.59219 11.0865 1.2
      vertex -3.44414 8.31491 1.2
      vertex -3.10582 11.5911 1.2
    endloop
  endfacet
  facet normal -0 0 1
    outer loop
      vertex -4.82768 10.9704 1.2
      vertex -3.44414 8.31491 1.2
      vertex -4.59219 11.0865 1.2
    endloop
  endfacet
  facet normal 0 1 -0
    outer loop
      vertex 2.60758 0.7 0
      vertex 0.404145 0.7 1.2
      vertex 2.60758 0.7 1.2
    endloop
  endfacet
  facet normal 0 1 0
    outer loop
      vertex 0.404145 0.7 1.2
      vertex 2.60758 0.7 0
      vertex 0.404145 0.7 0
    endloop
  endfacet
  facet normal 0 1 -0
    outer loop
      vertex 8.95411 0.7 0
      vertex 3.42168 0.7 1.2
      vertex 8.95411 0.7 1.2
    endloop
  endfacet
  facet normal 0 1 0
    outer loop
      vertex 3.42168 0.7 1.2
      vertex 8.95411 0.7 0
      vertex 3.42168 0.7 0
    endloop
  endfacet
  facet normal 0 0 -1
    outer loop
      vertex -5.85685 -11.4137 0
      vertex -4.80001 -11.2583 0
      vertex -4.81454 -11.4802 0
    endloop
  endfacet
  facet normal -0 0 -1
    outer loop
      vertex -4.80001 -11.2583 0
      vertex -5.87727 -11.3111 0
      vertex -4.81455 -11.0364 0
    endloop
  endfacet
  facet normal 0 0 -1
    outer loop
      vertex -5.85001 -11.5181 0
      vertex -4.81454 -11.4802 0
      vertex -4.85793 -11.6983 0
    endloop
  endfacet
  facet normal 0 0 -1
    outer loop
      vertex 7.44314 -11.4137 0
      vertex 8.19998 -11.2583 0
      vertex 8.18544 -11.4802 0
    endloop
  endfacet
  facet normal 0 0 -1
    outer loop
      vertex 7.44999 -11.5181 0
      vertex 8.18544 -11.4802 0
      vertex 8.14206 -11.6983 0
    endloop
  endfacet
  facet normal 0 0 -1
    outer loop
      vertex 8.19998 -11.2583 0
      vertex 7.44314 -11.4137 0
      vertex 7.42273 -11.3111 0
    endloop
  endfacet
  facet normal 0 0 -1
    outer loop
      vertex 7.3891 -11.212 0
      vertex 8.18545 -11.0364 0
      vertex 7.42273 -11.3111 0
    endloop
  endfacet
  facet normal 0 0 -1
    outer loop
      vertex 7.44314 -11.6226 0
      vertex 8.14206 -11.6983 0
      vertex 8.07058 -11.9089 0
    endloop
  endfacet
  facet normal -0 0 -1
    outer loop
      vertex 8.19998 -11.2583 0
      vertex 7.42273 -11.3111 0
      vertex 8.18545 -11.0364 0
    endloop
  endfacet
  facet normal 0 0 -1
    outer loop
      vertex 7.42273 -11.7252 0
      vertex 8.07058 -11.9089 0
      vertex 7.97223 -12.1083 0
    endloop
  endfacet
  facet normal 0 0 -1
    outer loop
      vertex 7.34281 -11.9181 0
      vertex 7.97223 -12.1083 0
      vertex 7.84869 -12.2932 0
    endloop
  endfacet
  facet normal -0 0 -1
    outer loop
      vertex 8.18545 -11.0364 0
      vertex 7.3891 -11.212 0
      vertex 8.14206 -10.8183 0
    endloop
  endfacet
  facet normal 0 0 -1
    outer loop
      vertex 7.28467 -12.0051 0
      vertex 7.84869 -12.2932 0
      vertex 7.70207 -12.4604 0
    endloop
  endfacet
  facet normal -0 0 -1
    outer loop
      vertex 8.18544 -11.4802 0
      vertex 7.44999 -11.5181 0
      vertex 7.44314 -11.4137 0
    endloop
  endfacet
  facet normal 0 0 -1
    outer loop
      vertex 7.21568 -12.0838 0
      vertex 7.70207 -12.4604 0
      vertex 7.53489 -12.607 0
    endloop
  endfacet
  facet normal 0 0 -1
    outer loop
      vertex 7.3428 -11.1181 0
      vertex 8.14206 -10.8183 0
      vertex 7.3891 -11.212 0
    endloop
  endfacet
  facet normal -0 0 -1
    outer loop
      vertex 8.14206 -10.8183 0
      vertex 7.3428 -11.1181 0
      vertex 8.07059 -10.6078 0
    endloop
  endfacet
  facet normal 0 0 -1
    outer loop
      vertex 8.14206 -11.6983 0
      vertex 7.44314 -11.6226 0
      vertex 7.44999 -11.5181 0
    endloop
  endfacet
  facet normal 0 0 -1
    outer loop
      vertex 8.07058 -11.9089 0
      vertex 7.42273 -11.7252 0
      vertex 7.44314 -11.6226 0
    endloop
  endfacet
  facet normal 0 0 -1
    outer loop
      vertex 7.97223 -12.1083 0
      vertex 7.38909 -11.8243 0
      vertex 7.42273 -11.7252 0
    endloop
  endfacet
  facet normal 0 0 -1
    outer loop
      vertex 7.137 -12.1528 0
      vertex 7.53489 -12.607 0
      vertex 7.35 -12.7306 0
    endloop
  endfacet
  facet normal 0 0 -1
    outer loop
      vertex 7.97223 -12.1083 0
      vertex 7.34281 -11.9181 0
      vertex 7.38909 -11.8243 0
    endloop
  endfacet
  facet normal 0 0 -1
    outer loop
      vertex 7.84869 -12.2932 0
      vertex 7.28467 -12.0051 0
      vertex 7.34281 -11.9181 0
    endloop
  endfacet
  facet normal 0 0 -1
    outer loop
      vertex 7.70207 -12.4604 0
      vertex 7.21568 -12.0838 0
      vertex 7.28467 -12.0051 0
    endloop
  endfacet
  facet normal 0 0 -1
    outer loop
      vertex 6.95615 -12.2572 0
      vertex 7.35 -12.7306 0
      vertex 7.15056 -12.8289 0
    endloop
  endfacet
  facet normal 0 0 -1
    outer loop
      vertex 7.53489 -12.607 0
      vertex 7.137 -12.1528 0
      vertex 7.21568 -12.0838 0
    endloop
  endfacet
  facet normal 0 0 -1
    outer loop
      vertex 7.35 -12.7306 0
      vertex 7.05 -12.2109 0
      vertex 7.137 -12.1528 0
    endloop
  endfacet
  facet normal 0 0 -1
    outer loop
      vertex 7.35 -12.7306 0
      vertex 6.95615 -12.2572 0
      vertex 7.05 -12.2109 0
    endloop
  endfacet
  facet normal 0 0 -1
    outer loop
      vertex 6.85706 -12.2909 0
      vertex 7.15056 -12.8289 0
      vertex 6.93999 -12.9004 0
    endloop
  endfacet
  facet normal 0 0 -1
    outer loop
      vertex 7.15056 -12.8289 0
      vertex 6.85706 -12.2909 0
      vertex 6.95615 -12.2572 0
    endloop
  endfacet
  facet normal 0 0 -1
    outer loop
      vertex 6.93999 -12.9004 0
      vertex 6.75442 -12.3113 0
      vertex 6.85706 -12.2909 0
    endloop
  endfacet
  facet normal 0 0 -1
    outer loop
      vertex 6.72189 -12.9438 0
      vertex 6.75442 -12.3113 0
      vertex 6.93999 -12.9004 0
    endloop
  endfacet
  facet normal 0 0 -1
    outer loop
      vertex 6.72189 -12.9438 0
      vertex 6.65 -12.3181 0
      vertex 6.75442 -12.3113 0
    endloop
  endfacet
  facet normal 0 0 -1
    outer loop
      vertex 6.5 -12.9583 0
      vertex 6.65 -12.3181 0
      vertex 6.72189 -12.9438 0
    endloop
  endfacet
  facet normal -0 0 -1
    outer loop
      vertex 6.65 -12.3181 0
      vertex 6.5 -12.9583 0
      vertex 6.54558 -12.3113 0
    endloop
  endfacet
  facet normal 0 0 -1
    outer loop
      vertex 6.5 -12.9583 0
      vertex 6.44295 -12.2909 0
      vertex 6.54558 -12.3113 0
    endloop
  endfacet
  facet normal 0 0 -1
    outer loop
      vertex 6.27811 -12.9438 0
      vertex 6.44295 -12.2909 0
      vertex 6.5 -12.9583 0
    endloop
  endfacet
  facet normal -0 0 -1
    outer loop
      vertex 6.44295 -12.2909 0
      vertex 6.27811 -12.9438 0
      vertex 6.34386 -12.2572 0
    endloop
  endfacet
  facet normal 0 0 -1
    outer loop
      vertex 6.06001 -12.9004 0
      vertex 6.34386 -12.2572 0
      vertex 6.27811 -12.9438 0
    endloop
  endfacet
  facet normal -0 0 -1
    outer loop
      vertex 6.34386 -12.2572 0
      vertex 6.06001 -12.9004 0
      vertex 6.25001 -12.2109 0
    endloop
  endfacet
  facet normal 0 0 -1
    outer loop
      vertex 5.84944 -12.8289 0
      vertex 6.25001 -12.2109 0
      vertex 6.06001 -12.9004 0
    endloop
  endfacet
  facet normal -0 0 -1
    outer loop
      vertex 6.25001 -12.2109 0
      vertex 5.84944 -12.8289 0
      vertex 6.163 -12.1528 0
    endloop
  endfacet
  facet normal 0 0 -1
    outer loop
      vertex 5.65001 -12.7306 0
      vertex 6.163 -12.1528 0
      vertex 5.84944 -12.8289 0
    endloop
  endfacet
  facet normal -0 0 -1
    outer loop
      vertex 6.163 -12.1528 0
      vertex 5.65001 -12.7306 0
      vertex 6.08432 -12.0838 0
    endloop
  endfacet
  facet normal 0 0 -1
    outer loop
      vertex 5.46511 -12.607 0
      vertex 6.08432 -12.0838 0
      vertex 5.65001 -12.7306 0
    endloop
  endfacet
  facet normal -0 0 -1
    outer loop
      vertex 6.08432 -12.0838 0
      vertex 5.46511 -12.607 0
      vertex 6.01532 -12.0051 0
    endloop
  endfacet
  facet normal 0 0 -1
    outer loop
      vertex 5.29793 -12.4604 0
      vertex 6.01532 -12.0051 0
      vertex 5.46511 -12.607 0
    endloop
  endfacet
  facet normal 0 0 -1
    outer loop
      vertex 5.1513 -12.2932 0
      vertex 5.95718 -11.9181 0
      vertex 5.29793 -12.4604 0
    endloop
  endfacet
  facet normal -0 0 -1
    outer loop
      vertex 6.01532 -12.0051 0
      vertex 5.29793 -12.4604 0
      vertex 5.95718 -11.9181 0
    endloop
  endfacet
  facet normal 0 0 -1
    outer loop
      vertex 7.28468 -11.0311 0
      vertex 8.07059 -10.6078 0
      vertex 7.3428 -11.1181 0
    endloop
  endfacet
  facet normal -0 0 -1
    outer loop
      vertex 8.07059 -10.6078 0
      vertex 7.28468 -11.0311 0
      vertex 7.97224 -10.4083 0
    endloop
  endfacet
  facet normal 0 0 -1
    outer loop
      vertex 7.21568 -10.9525 0
      vertex 7.97224 -10.4083 0
      vertex 7.28468 -11.0311 0
    endloop
  endfacet
  facet normal -0 0 -1
    outer loop
      vertex 7.97224 -10.4083 0
      vertex 7.21568 -10.9525 0
      vertex 7.84869 -10.2234 0
    endloop
  endfacet
  facet normal 0 0 -1
    outer loop
      vertex 7.137 -10.8835 0
      vertex 7.84869 -10.2234 0
      vertex 7.21568 -10.9525 0
    endloop
  endfacet
  facet normal -0 0 -1
    outer loop
      vertex 7.84869 -10.2234 0
      vertex 7.137 -10.8835 0
      vertex 7.70206 -10.0562 0
    endloop
  endfacet
  facet normal 0 0 -1
    outer loop
      vertex 7.04999 -10.8253 0
      vertex 7.70206 -10.0562 0
      vertex 7.137 -10.8835 0
    endloop
  endfacet
  facet normal -0 0 -1
    outer loop
      vertex 7.70206 -10.0562 0
      vertex 7.04999 -10.8253 0
      vertex 7.53488 -9.90962 0
    endloop
  endfacet
  facet normal 0 0 -1
    outer loop
      vertex 6.95614 -10.779 0
      vertex 7.53488 -9.90962 0
      vertex 7.04999 -10.8253 0
    endloop
  endfacet
  facet normal -0 0 -1
    outer loop
      vertex 7.53488 -9.90962 0
      vertex 6.95614 -10.779 0
      vertex 7.34998 -9.78609 0
    endloop
  endfacet
  facet normal 0 0 -1
    outer loop
      vertex 6.85704 -10.7454 0
      vertex 7.34998 -9.78609 0
      vertex 6.95614 -10.779 0
    endloop
  endfacet
  facet normal 0 0 -1
    outer loop
      vertex 3.42168 -0.7 0
      vertex 8.95411 0.7 0
      vertex 8.95411 -0.7 0
    endloop
  endfacet
  facet normal 0 0 -1
    outer loop
      vertex 3.42168 -0.7 0
      vertex 3.42168 0.7 0
      vertex 8.95411 0.7 0
    endloop
  endfacet
  facet normal 0 0 -1
    outer loop
      vertex 2.60758 -0.7 0
      vertex 3.42168 -0.7 0
      vertex 3.38074 -0.905853 0
    endloop
  endfacet
  facet normal 0 0 -1
    outer loop
      vertex 3.42168 -0.7 0
      vertex 2.60758 -0.7 0
      vertex 3.42168 0.7 0
    endloop
  endfacet
  facet normal 0 0 -1
    outer loop
      vertex 2.60758 -0.7 0
      vertex 3.38074 -0.905853 0
      vertex 3.23357 -1.33939 0
    endloop
  endfacet
  facet normal 0 0 -1
    outer loop
      vertex 2.60758 0.7 0
      vertex 3.42168 0.7 0
      vertex 2.60758 -0.7 0
    endloop
  endfacet
  facet normal 0 0 -1
    outer loop
      vertex 2.49446 -1.03323 0
      vertex 3.23357 -1.33939 0
      vertex 3.03108 -1.75 0
    endloop
  endfacet
  facet normal 0 0 -1
    outer loop
      vertex 3.42168 0.7 0
      vertex 2.60758 0.7 0
      vertex 3.38074 0.905853 0
    endloop
  endfacet
  facet normal 0 0 -1
    outer loop
      vertex 2.33826 -1.34999 0
      vertex 3.03108 -1.75 0
      vertex 2.77673 -2.13066 0
    endloop
  endfacet
  facet normal -0 0 -1
    outer loop
      vertex 3.38074 0.905853 0
      vertex 2.60758 0.7 0
      vertex 3.23357 1.33939 0
    endloop
  endfacet
  facet normal 0 0 -1
    outer loop
      vertex 2.49446 1.03323 0
      vertex 3.23357 1.33939 0
      vertex 2.60758 0.7 0
    endloop
  endfacet
  facet normal 0 0 -1
    outer loop
      vertex 3.23357 -1.33939 0
      vertex 2.49446 -1.03323 0
      vertex 2.60758 -0.7 0
    endloop
  endfacet
  facet normal 0 0 -1
    outer loop
      vertex 2.14204 -1.64365 0
      vertex 2.77673 -2.13066 0
      vertex 2.47487 -2.47487 0
    endloop
  endfacet
  facet normal 0 0 -1
    outer loop
      vertex 3.03108 -1.75 0
      vertex 2.33826 -1.34999 0
      vertex 2.49446 -1.03323 0
    endloop
  endfacet
  facet normal 0 0 -1
    outer loop
      vertex 2.77673 -2.13066 0
      vertex 2.14204 -1.64365 0
      vertex 2.33826 -1.34999 0
    endloop
  endfacet
  facet normal 0 0 -1
    outer loop
      vertex 1.90918 -1.90918 0
      vertex 2.47487 -2.47487 0
      vertex 2.13066 -2.77673 0
    endloop
  endfacet
  facet normal 0 0 -1
    outer loop
      vertex 2.47487 -2.47487 0
      vertex 1.90918 -1.90918 0
      vertex 2.14204 -1.64365 0
    endloop
  endfacet
  facet normal 0 0 -1
    outer loop
      vertex 1.64365 -2.14204 0
      vertex 2.13066 -2.77673 0
      vertex 1.75 -3.03108 0
    endloop
  endfacet
  facet normal 0 0 -1
    outer loop
      vertex 2.13066 -2.77673 0
      vertex 1.64365 -2.14204 0
      vertex 1.90918 -1.90918 0
    endloop
  endfacet
  facet normal 0 0 -1
    outer loop
      vertex 1.75 -3.03108 0
      vertex 1.34999 -2.33826 0
      vertex 1.64365 -2.14204 0
    endloop
  endfacet
  facet normal 0 0 -1
    outer loop
      vertex 1.33939 -3.23357 0
      vertex 1.34999 -2.33826 0
      vertex 1.75 -3.03108 0
    endloop
  endfacet
  facet normal 0 0 -1
    outer loop
      vertex 1.33939 -3.23357 0
      vertex 1.03323 -2.49446 0
      vertex 1.34999 -2.33826 0
    endloop
  endfacet
  facet normal 0 0 -1
    outer loop
      vertex 0.905853 -3.38074 0
      vertex 1.03323 -2.49446 0
      vertex 1.33939 -3.23357 0
    endloop
  endfacet
  facet normal 0 0 -1
    outer loop
      vertex 0.905853 -3.38074 0
      vertex 0.698807 -2.60799 0
      vertex 1.03323 -2.49446 0
    endloop
  endfacet
  facet normal 0 0 -1
    outer loop
      vertex 0.456833 -3.47005 0
      vertex 0.698807 -2.60799 0
      vertex 0.905853 -3.38074 0
    endloop
  endfacet
  facet normal 0 0 -1
    outer loop
      vertex 0.456833 -3.47005 0
      vertex 0.352417 -2.6769 0
      vertex 0.698807 -2.60799 0
    endloop
  endfacet
  facet normal 0 0 -1
    outer loop
      vertex 0 -3.5 0
      vertex 0.352417 -2.6769 0
      vertex 0.456833 -3.47005 0
    endloop
  endfacet
  facet normal 0 0 -1
    outer loop
      vertex 0 -3.5 0
      vertex 0 -2.7 0
      vertex 0.352417 -2.6769 0
    endloop
  endfacet
  facet normal 0 0 -1
    outer loop
      vertex 0 -3.5 0
      vertex -0.352417 -2.6769 0
      vertex 0 -2.7 0
    endloop
  endfacet
  facet normal 0 0 -1
    outer loop
      vertex -0.456833 -3.47005 0
      vertex -0.352417 -2.6769 0
      vertex 0 -3.5 0
    endloop
  endfacet
  facet normal 0 0 -1
    outer loop
      vertex -0.456833 -3.47005 0
      vertex -0.697573 -2.60823 0
      vertex -0.352417 -2.6769 0
    endloop
  endfacet
  facet normal -0 0 -1
    outer loop
      vertex 0.404145 0.7 0
      vertex -0.80829 0 0
      vertex -0.697573 2.60823 0
    endloop
  endfacet
  facet normal 0 0 -1
    outer loop
      vertex -0.905853 -3.38074 0
      vertex -0.697573 -2.60823 0
      vertex -0.456833 -3.47005 0
    endloop
  endfacet
  facet normal 0 0 -1
    outer loop
      vertex -1.10462 -3.31326 0
      vertex -0.697573 -2.60823 0
      vertex -0.905853 -3.38074 0
    endloop
  endfacet
  facet normal -0 0 -1
    outer loop
      vertex -0.697573 -2.60823 0
      vertex -1.10462 -3.31326 0
      vertex -1.91001 -1.90823 0
    endloop
  endfacet
  facet normal 0 0 -1
    outer loop
      vertex -0.697573 -2.60823 0
      vertex -1.91001 -1.90823 0
      vertex -0.80829 0 0
    endloop
  endfacet
  facet normal 0 0 -1
    outer loop
      vertex -2.31706 -2.61327 0
      vertex -1.91001 -1.90823 0
      vertex -1.10462 -3.31326 0
    endloop
  endfacet
  facet normal 0 0 -1
    outer loop
      vertex -2.47487 -2.47487 0
      vertex -1.91001 -1.90823 0
      vertex -2.31706 -2.61327 0
    endloop
  endfacet
  facet normal 0 0 -1
    outer loop
      vertex -3.87084 -8.10449 0
      vertex -2.31706 -2.61327 0
      vertex -1.10462 -3.31326 0
    endloop
  endfacet
  facet normal -0 0 -1
    outer loop
      vertex -3.44414 -8.31491 0
      vertex -4.82768 -10.9704 0
      vertex -3.87084 -8.10449 0
    endloop
  endfacet
  facet normal 0 0 -1
    outer loop
      vertex -5.08327 -7.40449 0
      vertex -3.87084 -8.10449 0
      vertex -4.82768 -10.9704 0
    endloop
  endfacet
  facet normal 0 0 -1
    outer loop
      vertex -5.85685 -11.6225 0
      vertex -4.85793 -11.6983 0
      vertex -4.9294 -11.9089 0
    endloop
  endfacet
  facet normal 0 0 -1
    outer loop
      vertex -5.87726 -11.7252 0
      vertex -4.9294 -11.9089 0
      vertex -5.02776 -12.1083 0
    endloop
  endfacet
  facet normal 0 0 -1
    outer loop
      vertex -3.87084 -8.10449 0
      vertex -5.08327 -7.40449 0
      vertex -2.31706 -2.61327 0
    endloop
  endfacet
  facet normal -0 0 -1
    outer loop
      vertex -4.81454 -11.4802 0
      vertex -5.85001 -11.5181 0
      vertex -5.85685 -11.4137 0
    endloop
  endfacet
  facet normal 0 0 -1
    outer loop
      vertex -5.9109 -11.8243 0
      vertex -5.02776 -12.1083 0
      vertex -5.1513 -12.2932 0
    endloop
  endfacet
  facet normal 0 0 -1
    outer loop
      vertex -5.95718 -11.9181 0
      vertex -5.1513 -12.2932 0
      vertex -5.29793 -12.4604 0
    endloop
  endfacet
  facet normal 0 0 -1
    outer loop
      vertex -6.01532 -12.0051 0
      vertex -5.29793 -12.4604 0
      vertex -5.46511 -12.607 0
    endloop
  endfacet
  facet normal 0 0 -1
    outer loop
      vertex -4.82768 -10.9704 0
      vertex -5.87727 -11.3111 0
      vertex -5.9109 -11.212 0
    endloop
  endfacet
  facet normal 0 0 -1
    outer loop
      vertex -6.08432 -12.0838 0
      vertex -5.46511 -12.607 0
      vertex -5.65001 -12.7306 0
    endloop
  endfacet
  facet normal 0 0 -1
    outer loop
      vertex -6.163 -12.1528 0
      vertex -5.65001 -12.7306 0
      vertex -5.84944 -12.8289 0
    endloop
  endfacet
  facet normal 0 0 -1
    outer loop
      vertex -4.80001 -11.2583 0
      vertex -5.85685 -11.4137 0
      vertex -5.87727 -11.3111 0
    endloop
  endfacet
  facet normal -0 0 -1
    outer loop
      vertex -4.81455 -11.0364 0
      vertex -5.87727 -11.3111 0
      vertex -4.82768 -10.9704 0
    endloop
  endfacet
  facet normal 0 0 -1
    outer loop
      vertex -4.82768 -10.9704 0
      vertex -5.9109 -11.212 0
      vertex -5.95718 -11.1181 0
    endloop
  endfacet
  facet normal 0 0 -1
    outer loop
      vertex -6.01532 -11.0311 0
      vertex -4.82768 -10.9704 0
      vertex -5.95718 -11.1181 0
    endloop
  endfacet
  facet normal 0 0 -1
    outer loop
      vertex -6.08432 -10.9524 0
      vertex -4.82768 -10.9704 0
      vertex -6.01532 -11.0311 0
    endloop
  endfacet
  facet normal 0 0 -1
    outer loop
      vertex -6.16299 -10.8834 0
      vertex -4.82768 -10.9704 0
      vertex -6.08432 -10.9524 0
    endloop
  endfacet
  facet normal 0 0 -1
    outer loop
      vertex -6.25 -10.8253 0
      vertex -4.82768 -10.9704 0
      vertex -6.16299 -10.8834 0
    endloop
  endfacet
  facet normal 0 0 -1
    outer loop
      vertex -7.08682 -9.6661 0
      vertex -4.82768 -10.9704 0
      vertex -6.25 -10.8253 0
    endloop
  endfacet
  facet normal 0 0 -1
    outer loop
      vertex -4.82768 -10.9704 0
      vertex -7.08682 -9.6661 0
      vertex -5.08327 -7.40449 0
    endloop
  endfacet
  facet normal 0 0 -1
    outer loop
      vertex -7.08682 -9.6661 0
      vertex -6.25 -10.8253 0
      vertex -6.34384 -10.779 0
    endloop
  endfacet
  facet normal -0 0 -1
    outer loop
      vertex -5.08327 -7.40449 0
      vertex -7.08682 -9.6661 0
      vertex -5.47885 -7.14017 0
    endloop
  endfacet
  facet normal 0 0 -1
    outer loop
      vertex -7.08682 -9.6661 0
      vertex -6.34384 -10.779 0
      vertex -6.44293 -10.7454 0
    endloop
  endfacet
  facet normal 0 0 -1
    outer loop
      vertex -7.08682 -9.6661 0
      vertex -6.44293 -10.7454 0
      vertex -6.54556 -10.725 0
    endloop
  endfacet
  facet normal 0 0 -1
    outer loop
      vertex -7.08682 -9.6661 0
      vertex -6.54556 -10.725 0
      vertex -6.64999 -10.7181 0
    endloop
  endfacet
  facet normal 0 0 -1
    outer loop
      vertex -7.08682 -9.6661 0
      vertex -6.64999 -10.7181 0
      vertex -6.75441 -10.725 0
    endloop
  endfacet
  facet normal 0 0 -1
    outer loop
      vertex -7.08682 -9.6661 0
      vertex -6.75441 -10.725 0
      vertex -6.85704 -10.7454 0
    endloop
  endfacet
  facet normal 0 0 -1
    outer loop
      vertex -7.34998 -9.78609 0
      vertex -6.85704 -10.7454 0
      vertex -6.95614 -10.779 0
    endloop
  endfacet
  facet normal 0 0 -1
    outer loop
      vertex -7.53488 -9.90962 0
      vertex -6.95614 -10.779 0
      vertex -7.04999 -10.8253 0
    endloop
  endfacet
  facet normal 0 0 -1
    outer loop
      vertex -7.30513 -9.52023 0
      vertex -5.47885 -7.14017 0
      vertex -7.08682 -9.6661 0
    endloop
  endfacet
  facet normal -0 0 -1
    outer loop
      vertex -5.47885 -7.14017 0
      vertex -7.30513 -9.52023 0
      vertex -6.36395 -6.36395 0
    endloop
  endfacet
  facet normal 0 0 -1
    outer loop
      vertex -8.48528 -8.48528 0
      vertex -6.36395 -6.36395 0
      vertex -7.30513 -9.52023 0
    endloop
  endfacet
  facet normal -0 0 -1
    outer loop
      vertex -6.36395 -6.36395 0
      vertex -8.48528 -8.48528 0
      vertex -7.14017 -5.47885 0
    endloop
  endfacet
  facet normal 0 0 -1
    outer loop
      vertex -9.52023 -7.30513 0
      vertex -7.14017 -5.47885 0
      vertex -8.48528 -8.48528 0
    endloop
  endfacet
  facet normal -0 0 -1
    outer loop
      vertex -7.14017 -5.47885 0
      vertex -9.52023 -7.30513 0
      vertex -7.79422 -4.5 0
    endloop
  endfacet
  facet normal 0 0 -1
    outer loop
      vertex -10.3923 -6 0
      vertex -7.79422 -4.5 0
      vertex -9.52023 -7.30513 0
    endloop
  endfacet
  facet normal -0 0 -1
    outer loop
      vertex -7.79422 -4.5 0
      vertex -10.3923 -6 0
      vertex -8.31491 -3.44414 0
    endloop
  endfacet
  facet normal 0 0 -1
    outer loop
      vertex -11.0865 -4.59219 0
      vertex -8.31491 -3.44414 0
      vertex -10.3923 -6 0
    endloop
  endfacet
  facet normal -0 0 -1
    outer loop
      vertex -8.31491 -3.44414 0
      vertex -11.0865 -4.59219 0
      vertex -8.69333 -2.32936 0
    endloop
  endfacet
  facet normal -0 0 -1
    outer loop
      vertex 11.5911 3.10582 0
      vertex 8.69333 2.32936 0
      vertex 11.0865 4.59219 0
    endloop
  endfacet
  facet normal 0 0 -1
    outer loop
      vertex 8.31491 3.44414 0
      vertex 11.0865 4.59219 0
      vertex 8.69333 2.32936 0
    endloop
  endfacet
  facet normal -0 0 -1
    outer loop
      vertex 11.0865 4.59219 0
      vertex 8.31491 3.44414 0
      vertex 10.3923 6 0
    endloop
  endfacet
  facet normal 0 0 -1
    outer loop
      vertex 7.79422 4.5 0
      vertex 10.3923 6 0
      vertex 8.31491 3.44414 0
    endloop
  endfacet
  facet normal -0 0 -1
    outer loop
      vertex 10.3923 6 0
      vertex 7.79422 4.5 0
      vertex 9.52023 7.30513 0
    endloop
  endfacet
  facet normal 0 0 -1
    outer loop
      vertex 7.14017 5.47885 0
      vertex 9.52023 7.30513 0
      vertex 7.79422 4.5 0
    endloop
  endfacet
  facet normal -0 0 -1
    outer loop
      vertex 9.52023 7.30513 0
      vertex 7.14017 5.47885 0
      vertex 8.48528 8.48528 0
    endloop
  endfacet
  facet normal 0 0 -1
    outer loop
      vertex 6.36395 6.36395 0
      vertex 8.48528 8.48528 0
      vertex 7.14017 5.47885 0
    endloop
  endfacet
  facet normal -0 0 -1
    outer loop
      vertex 8.48528 8.48528 0
      vertex 6.36395 6.36395 0
      vertex 7.30513 9.52023 0
    endloop
  endfacet
  facet normal 0 0 -1
    outer loop
      vertex 5.47885 7.14017 0
      vertex 7.30513 9.52023 0
      vertex 6.36395 6.36395 0
    endloop
  endfacet
  facet normal -0 0 -1
    outer loop
      vertex 7.30513 9.52023 0
      vertex 5.47885 7.14017 0
      vertex 7.08682 9.6661 0
    endloop
  endfacet
  facet normal 0 0 -1
    outer loop
      vertex 7.08682 9.6661 0
      vertex 6.95614 10.779 0
      vertex 7.04999 10.8253 0
    endloop
  endfacet
  facet normal 0 0 -1
    outer loop
      vertex 7.08682 9.6661 0
      vertex 6.85704 10.7454 0
      vertex 6.95614 10.779 0
    endloop
  endfacet
  facet normal 0 0 -1
    outer loop
      vertex 4.5 7.79422 0
      vertex 7.08682 9.6661 0
      vertex 5.47885 7.14017 0
    endloop
  endfacet
  facet normal 0 0 -1
    outer loop
      vertex 7.08682 9.6661 0
      vertex 6.75441 10.725 0
      vertex 6.85704 10.7454 0
    endloop
  endfacet
  facet normal 0 0 -1
    outer loop
      vertex 7.08682 9.6661 0
      vertex 6.64999 10.7181 0
      vertex 6.75441 10.725 0
    endloop
  endfacet
  facet normal 0 0 -1
    outer loop
      vertex 7.08682 9.6661 0
      vertex 6.54556 10.725 0
      vertex 6.64999 10.7181 0
    endloop
  endfacet
  facet normal 0 0 -1
    outer loop
      vertex 7.08682 9.6661 0
      vertex 6.44293 10.7454 0
      vertex 6.54556 10.725 0
    endloop
  endfacet
  facet normal 0 -0 -1
    outer loop
      vertex 6.25 10.8253 0
      vertex 7.08682 9.6661 0
      vertex 4.5 7.79422 0
    endloop
  endfacet
  facet normal 0 0 -1
    outer loop
      vertex 7.08682 9.6661 0
      vertex 6.34384 10.779 0
      vertex 6.44293 10.7454 0
    endloop
  endfacet
  facet normal 0 0 -1
    outer loop
      vertex 7.08682 9.6661 0
      vertex 6.25 10.8253 0
      vertex 6.34384 10.779 0
    endloop
  endfacet
  facet normal 0 -0 -1
    outer loop
      vertex 4.82768 10.9704 0
      vertex 6.25 10.8253 0
      vertex 4.5 7.79422 0
    endloop
  endfacet
  facet normal 0 0 -1
    outer loop
      vertex 6.25 10.8253 0
      vertex 4.82768 10.9704 0
      vertex 6.16299 10.8834 0
    endloop
  endfacet
  facet normal 0 0 -1
    outer loop
      vertex 6.16299 10.8834 0
      vertex 4.82768 10.9704 0
      vertex 6.08432 10.9524 0
    endloop
  endfacet
  facet normal 0 0 -1
    outer loop
      vertex 6.08432 10.9524 0
      vertex 4.82768 10.9704 0
      vertex 6.01532 11.0311 0
    endloop
  endfacet
  facet normal -0 0 -1
    outer loop
      vertex 6.01532 11.0311 0
      vertex 4.82768 10.9704 0
      vertex 5.95718 11.1181 0
    endloop
  endfacet
  facet normal 0 0 -1
    outer loop
      vertex 6.163 12.1528 0
      vertex 5.65001 12.7306 0
      vertex 5.84944 12.8289 0
    endloop
  endfacet
  facet normal 0 0 -1
    outer loop
      vertex 4.81454 11.4802 0
      vertex 5.85001 11.5181 0
      vertex 5.85685 11.4137 0
    endloop
  endfacet
  facet normal -0 0 -1
    outer loop
      vertex 5.95718 11.1181 0
      vertex 4.82768 10.9704 0
      vertex 5.9109 11.212 0
    endloop
  endfacet
  facet normal 0 0 -1
    outer loop
      vertex 4.81455 11.0364 0
      vertex 5.87727 11.3111 0
      vertex 4.82768 10.9704 0
    endloop
  endfacet
  facet normal 0 0 -1
    outer loop
      vertex 4.80001 11.2583 0
      vertex 5.87727 11.3111 0
      vertex 4.81455 11.0364 0
    endloop
  endfacet
  facet normal 0 0 -1
    outer loop
      vertex 5.85685 11.6225 0
      vertex 5.46511 12.607 0
      vertex 5.65001 12.7306 0
    endloop
  endfacet
  facet normal 0 0 -1
    outer loop
      vertex 5.85685 11.6225 0
      vertex 5.29793 12.4604 0
      vertex 5.46511 12.607 0
    endloop
  endfacet
  facet normal 0 0 -1
    outer loop
      vertex 5.85685 11.6225 0
      vertex 5.1513 12.2932 0
      vertex 5.29793 12.4604 0
    endloop
  endfacet
  facet normal 0 0 -1
    outer loop
      vertex 5.85685 11.6225 0
      vertex 5.02776 12.1083 0
      vertex 5.1513 12.2932 0
    endloop
  endfacet
  facet normal 0 0 -1
    outer loop
      vertex 5.85685 11.6225 0
      vertex 4.9294 11.9089 0
      vertex 5.02776 12.1083 0
    endloop
  endfacet
  facet normal 0 0 -1
    outer loop
      vertex 5.85685 11.6225 0
      vertex 4.85793 11.6983 0
      vertex 4.9294 11.9089 0
    endloop
  endfacet
  facet normal -0 0 -1
    outer loop
      vertex 5.9109 11.212 0
      vertex 4.82768 10.9704 0
      vertex 5.87727 11.3111 0
    endloop
  endfacet
  facet normal 0 0 -1
    outer loop
      vertex 3.44414 8.31491 0
      vertex 4.82768 10.9704 0
      vertex 4.5 7.79422 0
    endloop
  endfacet
  facet normal -0 0 -1
    outer loop
      vertex 4.82768 10.9704 0
      vertex 3.44414 8.31491 0
      vertex 4.59219 11.0865 0
    endloop
  endfacet
  facet normal 0 0 -1
    outer loop
      vertex 3.44414 8.31491 0
      vertex 3.10582 11.5911 0
      vertex 4.59219 11.0865 0
    endloop
  endfacet
  facet normal 0 0 -1
    outer loop
      vertex 2.32936 8.69333 0
      vertex 3.10582 11.5911 0
      vertex 3.44414 8.31491 0
    endloop
  endfacet
  facet normal 0 0 -1
    outer loop
      vertex 2.32936 8.69333 0
      vertex 1.5663 11.8973 0
      vertex 3.10582 11.5911 0
    endloop
  endfacet
  facet normal 0 0 -1
    outer loop
      vertex 1.17473 8.92299 0
      vertex 1.5663 11.8973 0
      vertex 2.32936 8.69333 0
    endloop
  endfacet
  facet normal 0 0 -1
    outer loop
      vertex 0 9 0
      vertex 1.5663 11.8973 0
      vertex 1.17473 8.92299 0
    endloop
  endfacet
  facet normal 0 0 -1
    outer loop
      vertex 0 9 0
      vertex 0 12 0
      vertex 1.5663 11.8973 0
    endloop
  endfacet
  facet normal 0 0 -1
    outer loop
      vertex -1.17473 8.92299 0
      vertex 0 12 0
      vertex 0 9 0
    endloop
  endfacet
  facet normal 0 0 -1
    outer loop
      vertex -1.17473 8.92299 0
      vertex -1.5663 11.8973 0
      vertex 0 12 0
    endloop
  endfacet
  facet normal 0 0 -1
    outer loop
      vertex -2.32936 8.69333 0
      vertex -1.5663 11.8973 0
      vertex -1.17473 8.92299 0
    endloop
  endfacet
  facet normal 0 0 -1
    outer loop
      vertex -2.32936 8.69333 0
      vertex -3.10582 11.5911 0
      vertex -1.5663 11.8973 0
    endloop
  endfacet
  facet normal 0 0 -1
    outer loop
      vertex -3.44414 8.31491 0
      vertex -3.10582 11.5911 0
      vertex -2.32936 8.69333 0
    endloop
  endfacet
  facet normal 0 0 -1
    outer loop
      vertex -4.82768 10.9704 0
      vertex -3.44414 8.31491 0
      vertex -3.87084 8.10449 0
    endloop
  endfacet
  facet normal 0 0 -1
    outer loop
      vertex -3.44414 8.31491 0
      vertex -4.59219 11.0865 0
      vertex -3.10582 11.5911 0
    endloop
  endfacet
  facet normal 0 0 -1
    outer loop
      vertex -12.6072 0.399994 0
      vertex -11.9145 1.30431 0
      vertex -12.5609 0.306137 0
    endloop
  endfacet
  facet normal 0 0 -1
    outer loop
      vertex -12.6653 0.487 0
      vertex -11.9145 1.30431 0
      vertex -12.6072 0.399994 0
    endloop
  endfacet
  facet normal 0 0 -1
    outer loop
      vertex -12.7343 0.565674 0
      vertex -11.9145 1.30431 0
      vertex -12.6653 0.487 0
    endloop
  endfacet
  facet normal -0 0 -1
    outer loop
      vertex -11.9145 1.30431 0
      vertex -12.7343 0.565674 0
      vertex -11.9651 1.34869 0
    endloop
  endfacet
  facet normal -0 0 -1
    outer loop
      vertex -11.9651 1.34869 0
      vertex -12.7343 0.565674 0
      vertex -12.15 1.47223 0
    endloop
  endfacet
  facet normal 0 0 -1
    outer loop
      vertex -12.813 0.634674 0
      vertex -12.15 1.47223 0
      vertex -12.7343 0.565674 0
    endloop
  endfacet
  facet normal -0 0 -1
    outer loop
      vertex -12.15 1.47223 0
      vertex -12.813 0.634674 0
      vertex -12.3494 1.57059 0
    endloop
  endfacet
  facet normal 0 0 -1
    outer loop
      vertex -12.9 0.69281 0
      vertex -12.3494 1.57059 0
      vertex -12.813 0.634674 0
    endloop
  endfacet
  facet normal -0 0 -1
    outer loop
      vertex -12.3494 1.57059 0
      vertex -12.9 0.69281 0
      vertex -12.56 1.64206 0
    endloop
  endfacet
  facet normal 0 0 -1
    outer loop
      vertex -12.9939 0.73909 0
      vertex -12.56 1.64206 0
      vertex -12.9 0.69281 0
    endloop
  endfacet
  facet normal -0 0 -1
    outer loop
      vertex -12.56 1.64206 0
      vertex -12.9939 0.73909 0
      vertex -12.7781 1.68546 0
    endloop
  endfacet
  facet normal 0 0 -1
    outer loop
      vertex -13.0929 0.772736 0
      vertex -12.7781 1.68546 0
      vertex -12.9939 0.73909 0
    endloop
  endfacet
  facet normal -0 0 -1
    outer loop
      vertex -12.7781 1.68546 0
      vertex -13.0929 0.772736 0
      vertex -13 1.7 0
    endloop
  endfacet
  facet normal 0 0 -1
    outer loop
      vertex -13.1956 0.793152 0
      vertex -13 1.7 0
      vertex -13.0929 0.772736 0
    endloop
  endfacet
  facet normal 0 0 -1
    outer loop
      vertex -13.1956 0.793152 0
      vertex -13.2219 1.68546 0
      vertex -13 1.7 0
    endloop
  endfacet
  facet normal 0 0 -1
    outer loop
      vertex -13.3 0.799988 0
      vertex -13.2219 1.68546 0
      vertex -13.1956 0.793152 0
    endloop
  endfacet
  facet normal 0 0 -1
    outer loop
      vertex -13.44 1.64206 0
      vertex -13.3 0.799988 0
      vertex -13.4044 0.793152 0
    endloop
  endfacet
  facet normal 0 0 -1
    outer loop
      vertex -13.3 0.799988 0
      vertex -13.44 1.64206 0
      vertex -13.2219 1.68546 0
    endloop
  endfacet
  facet normal 0 0 -1
    outer loop
      vertex -13.6506 1.57059 0
      vertex -13.4044 0.793152 0
      vertex -13.507 0.772736 0
    endloop
  endfacet
  facet normal 0 0 -1
    outer loop
      vertex -13.85 1.47223 0
      vertex -13.507 0.772736 0
      vertex -13.6061 0.73909 0
    endloop
  endfacet
  facet normal 0 0 -1
    outer loop
      vertex -13.4044 0.793152 0
      vertex -13.6506 1.57059 0
      vertex -13.44 1.64206 0
    endloop
  endfacet
  facet normal 0 0 -1
    outer loop
      vertex -14.0349 1.34869 0
      vertex -13.6061 0.73909 0
      vertex -13.7 0.69281 0
    endloop
  endfacet
  facet normal 0 0 -1
    outer loop
      vertex -14.2021 1.20207 0
      vertex -13.7 0.69281 0
      vertex -13.787 0.634674 0
    endloop
  endfacet
  facet normal 0 0 -1
    outer loop
      vertex -13.507 0.772736 0
      vertex -13.85 1.47223 0
      vertex -13.6506 1.57059 0
    endloop
  endfacet
  facet normal 0 0 -1
    outer loop
      vertex -14.3487 1.03488 0
      vertex -13.787 0.634674 0
      vertex -13.8657 0.565674 0
    endloop
  endfacet
  facet normal 0 0 -1
    outer loop
      vertex -14.4722 0.849991 0
      vertex -13.8657 0.565674 0
      vertex -13.9347 0.487 0
    endloop
  endfacet
  facet normal 0 0 -1
    outer loop
      vertex -14.4722 0.849991 0
      vertex -13.9347 0.487 0
      vertex -13.9928 0.399994 0
    endloop
  endfacet
  facet normal 0 0 -1
    outer loop
      vertex -13.6061 0.73909 0
      vertex -14.0349 1.34869 0
      vertex -13.85 1.47223 0
    endloop
  endfacet
  facet normal 0 0 -1
    outer loop
      vertex -14.5706 0.650558 0
      vertex -13.9928 0.399994 0
      vertex -14.0391 0.306137 0
    endloop
  endfacet
  facet normal 0 0 -1
    outer loop
      vertex -14.6421 0.439987 0
      vertex -14.0391 0.306137 0
      vertex -14.0727 0.207047 0
    endloop
  endfacet
  facet normal 0 0 -1
    outer loop
      vertex -14.6855 0.221893 0
      vertex -14.0727 0.207047 0
      vertex -14.0932 0.104416 0
    endloop
  endfacet
  facet normal 0 0 -1
    outer loop
      vertex -14.7 0 0
      vertex -14.0932 0.104416 0
      vertex -14.1 0 0
    endloop
  endfacet
  facet normal 0 0 -1
    outer loop
      vertex -14.6421 -0.439987 0
      vertex -14.0391 -0.306137 0
      vertex -14.5706 -0.650558 0
    endloop
  endfacet
  facet normal 0 0 -1
    outer loop
      vertex -13.7 0.69281 0
      vertex -14.2021 1.20207 0
      vertex -14.0349 1.34869 0
    endloop
  endfacet
  facet normal -0 0 -1
    outer loop
      vertex -14.0391 -0.306137 0
      vertex -14.6421 -0.439987 0
      vertex -14.0727 -0.207047 0
    endloop
  endfacet
  facet normal 0 0 -1
    outer loop
      vertex -13.787 0.634674 0
      vertex -14.3487 1.03488 0
      vertex -14.2021 1.20207 0
    endloop
  endfacet
  facet normal 0 0 -1
    outer loop
      vertex -14.6855 -0.221893 0
      vertex -14.0727 -0.207047 0
      vertex -14.6421 -0.439987 0
    endloop
  endfacet
  facet normal 0 0 -1
    outer loop
      vertex -13.8657 0.565674 0
      vertex -14.4722 0.849991 0
      vertex -14.3487 1.03488 0
    endloop
  endfacet
  facet normal -0 0 -1
    outer loop
      vertex -14.0727 -0.207047 0
      vertex -14.6855 -0.221893 0
      vertex -14.0932 -0.104416 0
    endloop
  endfacet
  facet normal 0 0 -1
    outer loop
      vertex -13.9928 0.399994 0
      vertex -14.5706 0.650558 0
      vertex -14.4722 0.849991 0
    endloop
  endfacet
  facet normal 0 0 -1
    outer loop
      vertex -14.7 0 0
      vertex -14.0932 -0.104416 0
      vertex -14.6855 -0.221893 0
    endloop
  endfacet
  facet normal 0 0 -1
    outer loop
      vertex -14.0391 0.306137 0
      vertex -14.6421 0.439987 0
      vertex -14.5706 0.650558 0
    endloop
  endfacet
  facet normal 0 0 -1
    outer loop
      vertex -14.0932 -0.104416 0
      vertex -14.7 0 0
      vertex -14.1 0 0
    endloop
  endfacet
  facet normal 0 0 -1
    outer loop
      vertex -14.0727 0.207047 0
      vertex -14.6855 0.221893 0
      vertex -14.6421 0.439987 0
    endloop
  endfacet
  facet normal -0 0 -1
    outer loop
      vertex -14.0932 0.104416 0
      vertex -14.7 0 0
      vertex -14.6855 0.221893 0
    endloop
  endfacet
  facet normal 0 0 -1
    outer loop
      vertex -7.70206 -10.0562 0
      vertex -7.04999 -10.8253 0
      vertex -7.137 -10.8835 0
    endloop
  endfacet
  facet normal 0 0 -1
    outer loop
      vertex -6.85704 -10.7454 0
      vertex -7.15055 -9.68774 0
      vertex -7.08682 -9.6661 0
    endloop
  endfacet
  facet normal 0 0 -1
    outer loop
      vertex -7.84869 -10.2234 0
      vertex -7.137 -10.8835 0
      vertex -7.21568 -10.9525 0
    endloop
  endfacet
  facet normal 0 0 -1
    outer loop
      vertex -7.97224 -10.4083 0
      vertex -7.21568 -10.9525 0
      vertex -7.28468 -11.0311 0
    endloop
  endfacet
  facet normal 0 0 -1
    outer loop
      vertex -8.07059 -10.6078 0
      vertex -7.28468 -11.0311 0
      vertex -7.3428 -11.1181 0
    endloop
  endfacet
  facet normal 0 0 -1
    outer loop
      vertex -6.85704 -10.7454 0
      vertex -7.34998 -9.78609 0
      vertex -7.15055 -9.68774 0
    endloop
  endfacet
  facet normal 0 0 -1
    outer loop
      vertex -8.14206 -10.8183 0
      vertex -7.3428 -11.1181 0
      vertex -7.3891 -11.212 0
    endloop
  endfacet
  facet normal 0 0 -1
    outer loop
      vertex -8.18545 -11.0364 0
      vertex -7.3891 -11.212 0
      vertex -7.42273 -11.3111 0
    endloop
  endfacet
  facet normal 0 0 -1
    outer loop
      vertex -8.19998 -11.2583 0
      vertex -7.42273 -11.3111 0
      vertex -7.44314 -11.4137 0
    endloop
  endfacet
  facet normal 0 0 -1
    outer loop
      vertex -8.18544 -11.4802 0
      vertex -7.44314 -11.4137 0
      vertex -7.44999 -11.5181 0
    endloop
  endfacet
  facet normal 0 0 -1
    outer loop
      vertex -6.95614 -10.779 0
      vertex -7.53488 -9.90962 0
      vertex -7.34998 -9.78609 0
    endloop
  endfacet
  facet normal 0 0 -1
    outer loop
      vertex -4.85793 -11.6983 0
      vertex -5.85685 -11.6225 0
      vertex -5.85001 -11.5181 0
    endloop
  endfacet
  facet normal 0 0 -1
    outer loop
      vertex -4.9294 -11.9089 0
      vertex -5.87726 -11.7252 0
      vertex -5.85685 -11.6225 0
    endloop
  endfacet
  facet normal 0 0 -1
    outer loop
      vertex -5.02776 -12.1083 0
      vertex -5.9109 -11.8243 0
      vertex -5.87726 -11.7252 0
    endloop
  endfacet
  facet normal 0 0 -1
    outer loop
      vertex -5.1513 -12.2932 0
      vertex -5.95718 -11.9181 0
      vertex -5.9109 -11.8243 0
    endloop
  endfacet
  facet normal 0 0 -1
    outer loop
      vertex -5.29793 -12.4604 0
      vertex -6.01532 -12.0051 0
      vertex -5.95718 -11.9181 0
    endloop
  endfacet
  facet normal 0 0 -1
    outer loop
      vertex -6.25001 -12.2109 0
      vertex -5.84944 -12.8289 0
      vertex -6.06001 -12.9004 0
    endloop
  endfacet
  facet normal 0 0 -1
    outer loop
      vertex -5.46511 -12.607 0
      vertex -6.08432 -12.0838 0
      vertex -6.01532 -12.0051 0
    endloop
  endfacet
  facet normal 0 0 -1
    outer loop
      vertex -5.65001 -12.7306 0
      vertex -6.163 -12.1528 0
      vertex -6.08432 -12.0838 0
    endloop
  endfacet
  facet normal 0 0 -1
    outer loop
      vertex -5.84944 -12.8289 0
      vertex -6.25001 -12.2109 0
      vertex -6.163 -12.1528 0
    endloop
  endfacet
  facet normal 0 0 -1
    outer loop
      vertex -6.34386 -12.2572 0
      vertex -6.06001 -12.9004 0
      vertex -6.27811 -12.9438 0
    endloop
  endfacet
  facet normal 0 0 -1
    outer loop
      vertex -6.06001 -12.9004 0
      vertex -6.34386 -12.2572 0
      vertex -6.25001 -12.2109 0
    endloop
  endfacet
  facet normal 0 0 -1
    outer loop
      vertex -6.27811 -12.9438 0
      vertex -6.44295 -12.2909 0
      vertex -6.34386 -12.2572 0
    endloop
  endfacet
  facet normal 0 0 -1
    outer loop
      vertex -6.5 -12.9583 0
      vertex -6.44295 -12.2909 0
      vertex -6.27811 -12.9438 0
    endloop
  endfacet
  facet normal 0 0 -1
    outer loop
      vertex -6.5 -12.9583 0
      vertex -6.54558 -12.3113 0
      vertex -6.44295 -12.2909 0
    endloop
  endfacet
  facet normal 0 0 -1
    outer loop
      vertex -6.5 -12.9583 0
      vertex -6.65 -12.3181 0
      vertex -6.54558 -12.3113 0
    endloop
  endfacet
  facet normal 0 0 -1
    outer loop
      vertex -6.72189 -12.9438 0
      vertex -6.65 -12.3181 0
      vertex -6.5 -12.9583 0
    endloop
  endfacet
  facet normal 0 0 -1
    outer loop
      vertex -6.72189 -12.9438 0
      vertex -6.75442 -12.3113 0
      vertex -6.65 -12.3181 0
    endloop
  endfacet
  facet normal 0 0 -1
    outer loop
      vertex -6.93999 -12.9004 0
      vertex -6.75442 -12.3113 0
      vertex -6.72189 -12.9438 0
    endloop
  endfacet
  facet normal -0 0 -1
    outer loop
      vertex -6.75442 -12.3113 0
      vertex -6.93999 -12.9004 0
      vertex -6.85706 -12.2909 0
    endloop
  endfacet
  facet normal 0 0 -1
    outer loop
      vertex -7.15056 -12.8289 0
      vertex -6.85706 -12.2909 0
      vertex -6.93999 -12.9004 0
    endloop
  endfacet
  facet normal -0 0 -1
    outer loop
      vertex -6.85706 -12.2909 0
      vertex -7.15056 -12.8289 0
      vertex -6.95615 -12.2572 0
    endloop
  endfacet
  facet normal 0 0 -1
    outer loop
      vertex -7.35 -12.7306 0
      vertex -6.95615 -12.2572 0
      vertex -7.15056 -12.8289 0
    endloop
  endfacet
  facet normal -0 0 -1
    outer loop
      vertex -6.95615 -12.2572 0
      vertex -7.35 -12.7306 0
      vertex -7.05 -12.2109 0
    endloop
  endfacet
  facet normal -0 0 -1
    outer loop
      vertex -7.05 -12.2109 0
      vertex -7.35 -12.7306 0
      vertex -7.137 -12.1528 0
    endloop
  endfacet
  facet normal 0 0 -1
    outer loop
      vertex -7.53489 -12.607 0
      vertex -7.137 -12.1528 0
      vertex -7.35 -12.7306 0
    endloop
  endfacet
  facet normal -0 0 -1
    outer loop
      vertex -7.137 -12.1528 0
      vertex -7.53489 -12.607 0
      vertex -7.21568 -12.0838 0
    endloop
  endfacet
  facet normal 0 0 -1
    outer loop
      vertex -7.70207 -12.4604 0
      vertex -7.21568 -12.0838 0
      vertex -7.53489 -12.607 0
    endloop
  endfacet
  facet normal -0 0 -1
    outer loop
      vertex -7.21568 -12.0838 0
      vertex -7.70207 -12.4604 0
      vertex -7.28467 -12.0051 0
    endloop
  endfacet
  facet normal 0 0 -1
    outer loop
      vertex -7.84869 -12.2932 0
      vertex -7.28467 -12.0051 0
      vertex -7.70207 -12.4604 0
    endloop
  endfacet
  facet normal -0 0 -1
    outer loop
      vertex -7.28467 -12.0051 0
      vertex -7.84869 -12.2932 0
      vertex -7.34281 -11.9181 0
    endloop
  endfacet
  facet normal 0 0 -1
    outer loop
      vertex -7.97223 -12.1083 0
      vertex -7.34281 -11.9181 0
      vertex -7.84869 -12.2932 0
    endloop
  endfacet
  facet normal -0 0 -1
    outer loop
      vertex -7.34281 -11.9181 0
      vertex -7.97223 -12.1083 0
      vertex -7.38909 -11.8243 0
    endloop
  endfacet
  facet normal -0 0 -1
    outer loop
      vertex -7.38909 -11.8243 0
      vertex -7.97223 -12.1083 0
      vertex -7.42273 -11.7252 0
    endloop
  endfacet
  facet normal 0 0 -1
    outer loop
      vertex -7.04999 -10.8253 0
      vertex -7.70206 -10.0562 0
      vertex -7.53488 -9.90962 0
    endloop
  endfacet
  facet normal 0 0 -1
    outer loop
      vertex -8.07058 -11.9089 0
      vertex -7.42273 -11.7252 0
      vertex -7.97223 -12.1083 0
    endloop
  endfacet
  facet normal 0 0 -1
    outer loop
      vertex -7.137 -10.8835 0
      vertex -7.84869 -10.2234 0
      vertex -7.70206 -10.0562 0
    endloop
  endfacet
  facet normal -0 0 -1
    outer loop
      vertex -7.42273 -11.7252 0
      vertex -8.07058 -11.9089 0
      vertex -7.44314 -11.6226 0
    endloop
  endfacet
  facet normal 0 0 -1
    outer loop
      vertex -8.14206 -11.6983 0
      vertex -7.44314 -11.6226 0
      vertex -8.07058 -11.9089 0
    endloop
  endfacet
  facet normal 0 0 -1
    outer loop
      vertex -7.21568 -10.9525 0
      vertex -7.97224 -10.4083 0
      vertex -7.84869 -10.2234 0
    endloop
  endfacet
  facet normal -0 0 -1
    outer loop
      vertex -7.44314 -11.6226 0
      vertex -8.14206 -11.6983 0
      vertex -7.44999 -11.5181 0
    endloop
  endfacet
  facet normal 0 0 -1
    outer loop
      vertex -7.28468 -11.0311 0
      vertex -8.07059 -10.6078 0
      vertex -7.97224 -10.4083 0
    endloop
  endfacet
  facet normal 0 0 -1
    outer loop
      vertex -7.3428 -11.1181 0
      vertex -8.14206 -10.8183 0
      vertex -8.07059 -10.6078 0
    endloop
  endfacet
  facet normal 0 0 -1
    outer loop
      vertex -8.18544 -11.4802 0
      vertex -7.44999 -11.5181 0
      vertex -8.14206 -11.6983 0
    endloop
  endfacet
  facet normal -0 0 -1
    outer loop
      vertex -7.44314 -11.4137 0
      vertex -8.18544 -11.4802 0
      vertex -8.19998 -11.2583 0
    endloop
  endfacet
  facet normal 0 0 -1
    outer loop
      vertex -7.3891 -11.212 0
      vertex -8.18545 -11.0364 0
      vertex -8.14206 -10.8183 0
    endloop
  endfacet
  facet normal 0 0 -1
    outer loop
      vertex -7.42273 -11.3111 0
      vertex -8.19998 -11.2583 0
      vertex -8.18545 -11.0364 0
    endloop
  endfacet
  facet normal 0 0 -1
    outer loop
      vertex -5.87727 11.3111 0
      vertex -4.80001 11.2583 0
      vertex -4.81455 11.0364 0
    endloop
  endfacet
  facet normal 0 0 -1
    outer loop
      vertex -5.87727 11.3111 0
      vertex -4.81455 11.0364 0
      vertex -4.82768 10.9704 0
    endloop
  endfacet
  facet normal 0 -0 -1
    outer loop
      vertex -5.85685 11.4137 0
      vertex -4.80001 11.2583 0
      vertex -5.87727 11.3111 0
    endloop
  endfacet
  facet normal -0 0 -1
    outer loop
      vertex -5.1513 12.2932 0
      vertex -5.95718 11.9181 0
      vertex -5.29793 12.4604 0
    endloop
  endfacet
  facet normal 0 0 -1
    outer loop
      vertex -6.01532 12.0051 0
      vertex -5.29793 12.4604 0
      vertex -5.95718 11.9181 0
    endloop
  endfacet
  facet normal -0 0 -1
    outer loop
      vertex -5.29793 12.4604 0
      vertex -6.01532 12.0051 0
      vertex -5.46511 12.607 0
    endloop
  endfacet
  facet normal 0 0 -1
    outer loop
      vertex -6.08432 12.0838 0
      vertex -5.46511 12.607 0
      vertex -6.01532 12.0051 0
    endloop
  endfacet
  facet normal -0 0 -1
    outer loop
      vertex -5.46511 12.607 0
      vertex -6.08432 12.0838 0
      vertex -5.65001 12.7306 0
    endloop
  endfacet
  facet normal 0 0 -1
    outer loop
      vertex -6.163 12.1528 0
      vertex -5.65001 12.7306 0
      vertex -6.08432 12.0838 0
    endloop
  endfacet
  facet normal -0 0 -1
    outer loop
      vertex -5.65001 12.7306 0
      vertex -6.163 12.1528 0
      vertex -5.84944 12.8289 0
    endloop
  endfacet
  facet normal 0 0 -1
    outer loop
      vertex -6.25001 12.2109 0
      vertex -5.84944 12.8289 0
      vertex -6.163 12.1528 0
    endloop
  endfacet
  facet normal -0 0 -1
    outer loop
      vertex -5.84944 12.8289 0
      vertex -6.25001 12.2109 0
      vertex -6.06001 12.9004 0
    endloop
  endfacet
  facet normal 0 0 -1
    outer loop
      vertex -6.34386 12.2572 0
      vertex -6.06001 12.9004 0
      vertex -6.25001 12.2109 0
    endloop
  endfacet
  facet normal -0 0 -1
    outer loop
      vertex -6.06001 12.9004 0
      vertex -6.34386 12.2572 0
      vertex -6.27811 12.9438 0
    endloop
  endfacet
  facet normal 0 0 -1
    outer loop
      vertex -6.44295 12.2909 0
      vertex -6.27811 12.9438 0
      vertex -6.34386 12.2572 0
    endloop
  endfacet
  facet normal 0 0 -1
    outer loop
      vertex -6.44295 12.2909 0
      vertex -6.5 12.9583 0
      vertex -6.27811 12.9438 0
    endloop
  endfacet
  facet normal 0 0 -1
    outer loop
      vertex -6.54558 12.3113 0
      vertex -6.5 12.9583 0
      vertex -6.44295 12.2909 0
    endloop
  endfacet
  facet normal 0 0 -1
    outer loop
      vertex -6.65 12.3181 0
      vertex -6.5 12.9583 0
      vertex -6.54558 12.3113 0
    endloop
  endfacet
  facet normal 0 0 -1
    outer loop
      vertex -6.65 12.3181 0
      vertex -6.72189 12.9438 0
      vertex -6.5 12.9583 0
    endloop
  endfacet
  facet normal 0 0 -1
    outer loop
      vertex -6.75442 12.3113 0
      vertex -6.72189 12.9438 0
      vertex -6.65 12.3181 0
    endloop
  endfacet
  facet normal 0 0 -1
    outer loop
      vertex -6.93999 12.9004 0
      vertex -6.75442 12.3113 0
      vertex -6.85706 12.2909 0
    endloop
  endfacet
  facet normal 0 0 -1
    outer loop
      vertex -6.75442 12.3113 0
      vertex -6.93999 12.9004 0
      vertex -6.72189 12.9438 0
    endloop
  endfacet
  facet normal 0 0 -1
    outer loop
      vertex -7.15056 12.8289 0
      vertex -6.85706 12.2909 0
      vertex -6.95615 12.2572 0
    endloop
  endfacet
  facet normal 0 0 -1
    outer loop
      vertex -7.35 12.7306 0
      vertex -6.95615 12.2572 0
      vertex -7.05 12.2109 0
    endloop
  endfacet
  facet normal 0 0 -1
    outer loop
      vertex -7.35 12.7306 0
      vertex -7.05 12.2109 0
      vertex -7.137 12.1528 0
    endloop
  endfacet
  facet normal 0 0 -1
    outer loop
      vertex -6.85706 12.2909 0
      vertex -7.15056 12.8289 0
      vertex -6.93999 12.9004 0
    endloop
  endfacet
  facet normal 0 0 -1
    outer loop
      vertex -7.53489 12.607 0
      vertex -7.137 12.1528 0
      vertex -7.21568 12.0838 0
    endloop
  endfacet
  facet normal 0 0 -1
    outer loop
      vertex -7.70207 12.4604 0
      vertex -7.21568 12.0838 0
      vertex -7.28467 12.0051 0
    endloop
  endfacet
  facet normal 0 0 -1
    outer loop
      vertex -7.84869 12.2932 0
      vertex -7.28467 12.0051 0
      vertex -7.34281 11.9181 0
    endloop
  endfacet
  facet normal 0 0 -1
    outer loop
      vertex -6.95615 12.2572 0
      vertex -7.35 12.7306 0
      vertex -7.15056 12.8289 0
    endloop
  endfacet
  facet normal 0 0 -1
    outer loop
      vertex -7.97223 12.1083 0
      vertex -7.34281 11.9181 0
      vertex -7.38909 11.8243 0
    endloop
  endfacet
  facet normal 0 0 -1
    outer loop
      vertex -7.97223 12.1083 0
      vertex -7.38909 11.8243 0
      vertex -7.42273 11.7252 0
    endloop
  endfacet
  facet normal 0 0 -1
    outer loop
      vertex -8.07058 11.9089 0
      vertex -7.42273 11.7252 0
      vertex -7.44314 11.6226 0
    endloop
  endfacet
  facet normal 0 0 -1
    outer loop
      vertex -7.137 12.1528 0
      vertex -7.53489 12.607 0
      vertex -7.35 12.7306 0
    endloop
  endfacet
  facet normal 0 0 -1
    outer loop
      vertex -8.14206 11.6983 0
      vertex -7.44314 11.6226 0
      vertex -7.44999 11.5181 0
    endloop
  endfacet
  facet normal 0 0 -1
    outer loop
      vertex -8.14206 10.8183 0
      vertex -7.3428 11.1181 0
      vertex -8.07059 10.6078 0
    endloop
  endfacet
  facet normal -0 0 -1
    outer loop
      vertex -7.3428 11.1181 0
      vertex -8.14206 10.8183 0
      vertex -7.3891 11.212 0
    endloop
  endfacet
  facet normal 0 0 -1
    outer loop
      vertex -7.21568 12.0838 0
      vertex -7.70207 12.4604 0
      vertex -7.53489 12.607 0
    endloop
  endfacet
  facet normal 0 0 -1
    outer loop
      vertex -8.18545 11.0364 0
      vertex -7.3891 11.212 0
      vertex -8.14206 10.8183 0
    endloop
  endfacet
  facet normal 0 0 -1
    outer loop
      vertex -7.28467 12.0051 0
      vertex -7.84869 12.2932 0
      vertex -7.70207 12.4604 0
    endloop
  endfacet
  facet normal 0 0 -1
    outer loop
      vertex -7.34281 11.9181 0
      vertex -7.97223 12.1083 0
      vertex -7.84869 12.2932 0
    endloop
  endfacet
  facet normal -0 0 -1
    outer loop
      vertex -7.3891 11.212 0
      vertex -8.18545 11.0364 0
      vertex -7.42273 11.3111 0
    endloop
  endfacet
  facet normal 0 0 -1
    outer loop
      vertex -7.42273 11.7252 0
      vertex -8.07058 11.9089 0
      vertex -7.97223 12.1083 0
    endloop
  endfacet
  facet normal 0 0 -1
    outer loop
      vertex -8.19998 11.2583 0
      vertex -7.42273 11.3111 0
      vertex -8.18545 11.0364 0
    endloop
  endfacet
  facet normal -0 0 -1
    outer loop
      vertex -7.42273 11.3111 0
      vertex -8.19998 11.2583 0
      vertex -7.44314 11.4137 0
    endloop
  endfacet
  facet normal 0 0 -1
    outer loop
      vertex -7.44314 11.6226 0
      vertex -8.14206 11.6983 0
      vertex -8.07058 11.9089 0
    endloop
  endfacet
  facet normal -0 0 -1
    outer loop
      vertex -7.44999 11.5181 0
      vertex -8.18544 11.4802 0
      vertex -8.14206 11.6983 0
    endloop
  endfacet
  facet normal 0 -0 -1
    outer loop
      vertex -8.18544 11.4802 0
      vertex -7.44314 11.4137 0
      vertex -8.19998 11.2583 0
    endloop
  endfacet
  facet normal 0 0 -1
    outer loop
      vertex -7.44314 11.4137 0
      vertex -8.18544 11.4802 0
      vertex -7.44999 11.5181 0
    endloop
  endfacet
  facet normal -0 0 -1
    outer loop
      vertex -6.85704 10.7454 0
      vertex -7.34998 9.78609 0
      vertex -6.95614 10.779 0
    endloop
  endfacet
  facet normal 0 0 -1
    outer loop
      vertex -7.53488 9.90962 0
      vertex -6.95614 10.779 0
      vertex -7.34998 9.78609 0
    endloop
  endfacet
  facet normal -0 0 -1
    outer loop
      vertex -6.95614 10.779 0
      vertex -7.53488 9.90962 0
      vertex -7.04999 10.8253 0
    endloop
  endfacet
  facet normal 0 0 -1
    outer loop
      vertex -7.70206 10.0562 0
      vertex -7.04999 10.8253 0
      vertex -7.53488 9.90962 0
    endloop
  endfacet
  facet normal -0 0 -1
    outer loop
      vertex -7.04999 10.8253 0
      vertex -7.70206 10.0562 0
      vertex -7.137 10.8835 0
    endloop
  endfacet
  facet normal 0 0 -1
    outer loop
      vertex -7.84869 10.2234 0
      vertex -7.137 10.8835 0
      vertex -7.70206 10.0562 0
    endloop
  endfacet
  facet normal -0 0 -1
    outer loop
      vertex -7.137 10.8835 0
      vertex -7.84869 10.2234 0
      vertex -7.21568 10.9525 0
    endloop
  endfacet
  facet normal 0 0 -1
    outer loop
      vertex -7.97224 10.4083 0
      vertex -7.21568 10.9525 0
      vertex -7.84869 10.2234 0
    endloop
  endfacet
  facet normal -0 0 -1
    outer loop
      vertex -7.21568 10.9525 0
      vertex -7.97224 10.4083 0
      vertex -7.28468 11.0311 0
    endloop
  endfacet
  facet normal 0 0 -1
    outer loop
      vertex -8.07059 10.6078 0
      vertex -7.28468 11.0311 0
      vertex -7.97224 10.4083 0
    endloop
  endfacet
  facet normal -0 0 -1
    outer loop
      vertex -7.28468 11.0311 0
      vertex -8.07059 10.6078 0
      vertex -7.3428 11.1181 0
    endloop
  endfacet
  facet normal 0 0 -1
    outer loop
      vertex -2.77673 2.13066 0
      vertex -2.14204 1.64365 0
      vertex -2.33826 1.34999 0
    endloop
  endfacet
  facet normal 0 0 -1
    outer loop
      vertex -2.14204 1.64365 0
      vertex -2.47487 2.47487 0
      vertex -2.31706 2.61327 0
    endloop
  endfacet
  facet normal 0 0 -1
    outer loop
      vertex -3.03108 1.75 0
      vertex -2.33826 1.34999 0
      vertex -2.49446 1.03323 0
    endloop
  endfacet
  facet normal 0 0 -1
    outer loop
      vertex -3.23357 1.33939 0
      vertex -2.49446 1.03323 0
      vertex -2.60799 0.698807 0
    endloop
  endfacet
  facet normal 0 0 -1
    outer loop
      vertex -3.38074 0.905853 0
      vertex -2.60799 0.698807 0
      vertex -2.6769 0.352417 0
    endloop
  endfacet
  facet normal 0 0 -1
    outer loop
      vertex -2.14204 1.64365 0
      vertex -2.77673 2.13066 0
      vertex -2.47487 2.47487 0
    endloop
  endfacet
  facet normal 0 0 -1
    outer loop
      vertex -3.47005 0.456833 0
      vertex -2.6769 0.352417 0
      vertex -2.7 0 0
    endloop
  endfacet
  facet normal 0 0 -1
    outer loop
      vertex -3.38074 -0.905853 0
      vertex -2.60799 -0.698807 0
      vertex -3.23357 -1.33939 0
    endloop
  endfacet
  facet normal -0 0 -1
    outer loop
      vertex -2.60799 -0.698807 0
      vertex -3.38074 -0.905853 0
      vertex -2.6769 -0.352417 0
    endloop
  endfacet
  facet normal 0 0 -1
    outer loop
      vertex -2.33826 1.34999 0
      vertex -3.03108 1.75 0
      vertex -2.77673 2.13066 0
    endloop
  endfacet
  facet normal 0 0 -1
    outer loop
      vertex -3.47005 -0.456833 0
      vertex -2.6769 -0.352417 0
      vertex -3.38074 -0.905853 0
    endloop
  endfacet
  facet normal 0 0 -1
    outer loop
      vertex -2.49446 1.03323 0
      vertex -3.23357 1.33939 0
      vertex -3.03108 1.75 0
    endloop
  endfacet
  facet normal -0 0 -1
    outer loop
      vertex -2.6769 -0.352417 0
      vertex -3.47005 -0.456833 0
      vertex -2.7 0 0
    endloop
  endfacet
  facet normal 0 0 -1
    outer loop
      vertex -2.60799 0.698807 0
      vertex -3.38074 0.905853 0
      vertex -3.23357 1.33939 0
    endloop
  endfacet
  facet normal 0 0 -1
    outer loop
      vertex -3.5 0 0
      vertex -2.7 0 0
      vertex -3.47005 -0.456833 0
    endloop
  endfacet
  facet normal 0 0 -1
    outer loop
      vertex -2.6769 0.352417 0
      vertex -3.47005 0.456833 0
      vertex -3.38074 0.905853 0
    endloop
  endfacet
  facet normal 0 0 -1
    outer loop
      vertex -2.7 0 0
      vertex -3.5 0 0
      vertex -3.47005 0.456833 0
    endloop
  endfacet
  facet normal 0 0 -1
    outer loop
      vertex 0.404145 -0.7 0
      vertex 2.60758 0.7 0
      vertex 2.60758 -0.7 0
    endloop
  endfacet
  facet normal 0 0 -1
    outer loop
      vertex 0.404145 -0.7 0
      vertex 0.404145 0.7 0
      vertex 2.60758 0.7 0
    endloop
  endfacet
  facet normal 0 0 -1
    outer loop
      vertex -0.80829 0 0
      vertex 0.404145 -0.7 0
      vertex -0.697573 -2.60823 0
    endloop
  endfacet
  facet normal 0 0 -1
    outer loop
      vertex 0.404145 -0.7 0
      vertex -0.80829 0 0
      vertex 0.404145 0.7 0
    endloop
  endfacet
  facet normal 0 0 -1
    outer loop
      vertex 5.87727 -11.3111 0
      vertex 4.81455 -11.0364 0
      vertex 4.82768 -10.9704 0
    endloop
  endfacet
  facet normal 0 0 -1
    outer loop
      vertex 4.80001 -11.2583 0
      vertex 5.85685 -11.4137 0
      vertex 4.81454 -11.4802 0
    endloop
  endfacet
  facet normal 0 0 -1
    outer loop
      vertex 5.85685 -11.4137 0
      vertex 4.80001 -11.2583 0
      vertex 4.81455 -11.0364 0
    endloop
  endfacet
  facet normal -0 0 -1
    outer loop
      vertex 5.87727 11.3111 0
      vertex 4.80001 11.2583 0
      vertex 5.85685 11.4137 0
    endloop
  endfacet
  facet normal -0 0 -1
    outer loop
      vertex 5.85001 11.5181 0
      vertex 4.81454 11.4802 0
      vertex 4.85793 11.6983 0
    endloop
  endfacet
  facet normal -0 0 -1
    outer loop
      vertex 5.85685 11.4137 0
      vertex 4.80001 11.2583 0
      vertex 4.81454 11.4802 0
    endloop
  endfacet
  facet normal -0 0 -1
    outer loop
      vertex 3.23357 1.33939 0
      vertex 2.49446 1.03323 0
      vertex 3.03108 1.75 0
    endloop
  endfacet
  facet normal 0 0 -1
    outer loop
      vertex 2.33826 1.34999 0
      vertex 3.03108 1.75 0
      vertex 2.49446 1.03323 0
    endloop
  endfacet
  facet normal -0 0 -1
    outer loop
      vertex 3.03108 1.75 0
      vertex 2.33826 1.34999 0
      vertex 2.77673 2.13066 0
    endloop
  endfacet
  facet normal 0 0 -1
    outer loop
      vertex 2.14204 1.64365 0
      vertex 2.77673 2.13066 0
      vertex 2.33826 1.34999 0
    endloop
  endfacet
  facet normal -0 0 -1
    outer loop
      vertex 2.77673 2.13066 0
      vertex 2.14204 1.64365 0
      vertex 2.47487 2.47487 0
    endloop
  endfacet
  facet normal 0 0 -1
    outer loop
      vertex 1.90918 1.90918 0
      vertex 2.47487 2.47487 0
      vertex 2.14204 1.64365 0
    endloop
  endfacet
  facet normal -0 0 -1
    outer loop
      vertex 2.47487 2.47487 0
      vertex 1.90918 1.90918 0
      vertex 2.13066 2.77673 0
    endloop
  endfacet
  facet normal 0 0 -1
    outer loop
      vertex 1.64365 2.14204 0
      vertex 2.13066 2.77673 0
      vertex 1.90918 1.90918 0
    endloop
  endfacet
  facet normal -0 0 -1
    outer loop
      vertex 2.13066 2.77673 0
      vertex 1.64365 2.14204 0
      vertex 1.75 3.03108 0
    endloop
  endfacet
  facet normal 0 0 -1
    outer loop
      vertex 1.34999 2.33826 0
      vertex 1.75 3.03108 0
      vertex 1.64365 2.14204 0
    endloop
  endfacet
  facet normal 0 0 -1
    outer loop
      vertex 1.34999 2.33826 0
      vertex 1.33939 3.23357 0
      vertex 1.75 3.03108 0
    endloop
  endfacet
  facet normal 0 0 -1
    outer loop
      vertex 1.03323 2.49446 0
      vertex 1.33939 3.23357 0
      vertex 1.34999 2.33826 0
    endloop
  endfacet
  facet normal 0 0 -1
    outer loop
      vertex 1.03323 2.49446 0
      vertex 0.905853 3.38074 0
      vertex 1.33939 3.23357 0
    endloop
  endfacet
  facet normal 0 0 -1
    outer loop
      vertex 0.698807 2.60799 0
      vertex 0.905853 3.38074 0
      vertex 1.03323 2.49446 0
    endloop
  endfacet
  facet normal 0 0 -1
    outer loop
      vertex 0.698807 2.60799 0
      vertex 0.456833 3.47005 0
      vertex 0.905853 3.38074 0
    endloop
  endfacet
  facet normal 0 0 -1
    outer loop
      vertex 0.352417 2.6769 0
      vertex 0.456833 3.47005 0
      vertex 0.698807 2.60799 0
    endloop
  endfacet
  facet normal 0 0 -1
    outer loop
      vertex 0 2.7 0
      vertex 0.456833 3.47005 0
      vertex 0.352417 2.6769 0
    endloop
  endfacet
  facet normal 0 0 -1
    outer loop
      vertex 0 2.7 0
      vertex 0 3.5 0
      vertex 0.456833 3.47005 0
    endloop
  endfacet
  facet normal 0 0 -1
    outer loop
      vertex -0.352417 2.6769 0
      vertex 0 3.5 0
      vertex 0 2.7 0
    endloop
  endfacet
  facet normal 0 0 -1
    outer loop
      vertex -0.352417 2.6769 0
      vertex -0.456833 3.47005 0
      vertex 0 3.5 0
    endloop
  endfacet
  facet normal 0 0 -1
    outer loop
      vertex -0.697573 2.60823 0
      vertex -0.456833 3.47005 0
      vertex -0.352417 2.6769 0
    endloop
  endfacet
  facet normal 0 0 -1
    outer loop
      vertex -0.697573 2.60823 0
      vertex -0.905853 3.38074 0
      vertex -0.456833 3.47005 0
    endloop
  endfacet
  facet normal 0 0 -1
    outer loop
      vertex -1.91001 1.90823 0
      vertex -0.697573 2.60823 0
      vertex -0.80829 0 0
    endloop
  endfacet
  facet normal 0 -0 -1
    outer loop
      vertex -1.10462 3.31326 0
      vertex -0.697573 2.60823 0
      vertex -1.91001 1.90823 0
    endloop
  endfacet
  facet normal 0 0 -1
    outer loop
      vertex -0.697573 2.60823 0
      vertex -1.10462 3.31326 0
      vertex -0.905853 3.38074 0
    endloop
  endfacet
  facet normal 0 0 -1
    outer loop
      vertex -2.31706 2.61327 0
      vertex -1.91001 1.90823 0
      vertex -2.14204 1.64365 0
    endloop
  endfacet
  facet normal 0 0 -1
    outer loop
      vertex -1.91001 1.90823 0
      vertex -2.31706 2.61327 0
      vertex -1.10462 3.31326 0
    endloop
  endfacet
  facet normal 0 0 -1
    outer loop
      vertex -2.31706 2.61327 0
      vertex -3.87084 8.10449 0
      vertex -1.10462 3.31326 0
    endloop
  endfacet
  facet normal 0 0 -1
    outer loop
      vertex -3.44414 8.31491 0
      vertex -4.82768 10.9704 0
      vertex -4.59219 11.0865 0
    endloop
  endfacet
  facet normal 0 0 -1
    outer loop
      vertex -5.08327 7.40449 0
      vertex -3.87084 8.10449 0
      vertex -2.31706 2.61327 0
    endloop
  endfacet
  facet normal 0 -0 -1
    outer loop
      vertex -5.85001 11.5181 0
      vertex -4.81454 11.4802 0
      vertex -5.85685 11.4137 0
    endloop
  endfacet
  facet normal 0 0 -1
    outer loop
      vertex -4.81454 11.4802 0
      vertex -5.85001 11.5181 0
      vertex -4.85793 11.6983 0
    endloop
  endfacet
  facet normal -0 0 -1
    outer loop
      vertex -3.87084 8.10449 0
      vertex -5.08327 7.40449 0
      vertex -4.82768 10.9704 0
    endloop
  endfacet
  facet normal 0 0 -1
    outer loop
      vertex -7.08682 9.6661 0
      vertex -4.82768 10.9704 0
      vertex -5.08327 7.40449 0
    endloop
  endfacet
  facet normal 0 -0 -1
    outer loop
      vertex -5.9109 11.212 0
      vertex -4.82768 10.9704 0
      vertex -5.95718 11.1181 0
    endloop
  endfacet
  facet normal 0 0 -1
    outer loop
      vertex -4.80001 11.2583 0
      vertex -5.85685 11.4137 0
      vertex -4.81454 11.4802 0
    endloop
  endfacet
  facet normal -0 0 -1
    outer loop
      vertex -4.85793 11.6983 0
      vertex -5.85685 11.6225 0
      vertex -4.9294 11.9089 0
    endloop
  endfacet
  facet normal 0 0 -1
    outer loop
      vertex -7.08682 9.6661 0
      vertex -5.08327 7.40449 0
      vertex -5.47885 7.14017 0
    endloop
  endfacet
  facet normal 0 0 -1
    outer loop
      vertex -5.87726 11.7252 0
      vertex -4.9294 11.9089 0
      vertex -5.85685 11.6225 0
    endloop
  endfacet
  facet normal 0 0 -1
    outer loop
      vertex -5.9109 11.8243 0
      vertex -5.02776 12.1083 0
      vertex -5.87726 11.7252 0
    endloop
  endfacet
  facet normal 0 0 -1
    outer loop
      vertex -5.95718 11.9181 0
      vertex -5.1513 12.2932 0
      vertex -5.9109 11.8243 0
    endloop
  endfacet
  facet normal -0 0 -1
    outer loop
      vertex -5.02776 12.1083 0
      vertex -5.9109 11.8243 0
      vertex -5.1513 12.2932 0
    endloop
  endfacet
  facet normal -0 0 -1
    outer loop
      vertex -4.9294 11.9089 0
      vertex -5.87726 11.7252 0
      vertex -5.02776 12.1083 0
    endloop
  endfacet
  facet normal 0 0 -1
    outer loop
      vertex -5.85685 11.6225 0
      vertex -4.85793 11.6983 0
      vertex -5.85001 11.5181 0
    endloop
  endfacet
  facet normal 0 -0 -1
    outer loop
      vertex -5.87727 11.3111 0
      vertex -4.82768 10.9704 0
      vertex -5.9109 11.212 0
    endloop
  endfacet
  facet normal 0 0 -1
    outer loop
      vertex -4.82768 10.9704 0
      vertex -6.01532 11.0311 0
      vertex -5.95718 11.1181 0
    endloop
  endfacet
  facet normal -0 0 -1
    outer loop
      vertex -4.82768 10.9704 0
      vertex -6.08432 10.9524 0
      vertex -6.01532 11.0311 0
    endloop
  endfacet
  facet normal 0 0 -1
    outer loop
      vertex -4.82768 10.9704 0
      vertex -6.16299 10.8834 0
      vertex -6.08432 10.9524 0
    endloop
  endfacet
  facet normal 0 0 -1
    outer loop
      vertex -4.82768 10.9704 0
      vertex -6.25 10.8253 0
      vertex -6.16299 10.8834 0
    endloop
  endfacet
  facet normal 0 0 -1
    outer loop
      vertex -4.82768 10.9704 0
      vertex -7.08682 9.6661 0
      vertex -6.25 10.8253 0
    endloop
  endfacet
  facet normal 0 0 -1
    outer loop
      vertex -7.30513 9.52023 0
      vertex -5.47885 7.14017 0
      vertex -6.36395 6.36395 0
    endloop
  endfacet
  facet normal 0 0 -1
    outer loop
      vertex -6.25 10.8253 0
      vertex -7.08682 9.6661 0
      vertex -6.34384 10.779 0
    endloop
  endfacet
  facet normal 0 0 -1
    outer loop
      vertex -6.34384 10.779 0
      vertex -7.08682 9.6661 0
      vertex -6.44293 10.7454 0
    endloop
  endfacet
  facet normal 0 0 -1
    outer loop
      vertex -6.44293 10.7454 0
      vertex -7.08682 9.6661 0
      vertex -6.54556 10.725 0
    endloop
  endfacet
  facet normal 0 0 -1
    outer loop
      vertex -6.54556 10.725 0
      vertex -7.08682 9.6661 0
      vertex -6.64999 10.7181 0
    endloop
  endfacet
  facet normal -0 0 -1
    outer loop
      vertex -6.64999 10.7181 0
      vertex -7.08682 9.6661 0
      vertex -6.75441 10.725 0
    endloop
  endfacet
  facet normal -0 0 -1
    outer loop
      vertex -6.75441 10.725 0
      vertex -7.08682 9.6661 0
      vertex -6.85704 10.7454 0
    endloop
  endfacet
  facet normal 0 0 -1
    outer loop
      vertex -7.15055 9.68774 0
      vertex -6.85704 10.7454 0
      vertex -7.08682 9.6661 0
    endloop
  endfacet
  facet normal 0 0 -1
    outer loop
      vertex -7.34998 9.78609 0
      vertex -6.85704 10.7454 0
      vertex -7.15055 9.68774 0
    endloop
  endfacet
  facet normal 0 0 -1
    outer loop
      vertex -8.48528 8.48528 0
      vertex -6.36395 6.36395 0
      vertex -7.14017 5.47885 0
    endloop
  endfacet
  facet normal 0 0 -1
    outer loop
      vertex -5.47885 7.14017 0
      vertex -7.30513 9.52023 0
      vertex -7.08682 9.6661 0
    endloop
  endfacet
  facet normal 0 0 -1
    outer loop
      vertex -9.52023 7.30513 0
      vertex -7.14017 5.47885 0
      vertex -7.79422 4.5 0
    endloop
  endfacet
  facet normal 0 0 -1
    outer loop
      vertex -10.3923 6 0
      vertex -7.79422 4.5 0
      vertex -8.31491 3.44414 0
    endloop
  endfacet
  facet normal 0 0 -1
    outer loop
      vertex -6.36395 6.36395 0
      vertex -8.48528 8.48528 0
      vertex -7.30513 9.52023 0
    endloop
  endfacet
  facet normal 0 0 -1
    outer loop
      vertex -11.0865 4.59219 0
      vertex -8.31491 3.44414 0
      vertex -8.69333 2.32936 0
    endloop
  endfacet
  facet normal 0 0 -1
    outer loop
      vertex -11.5911 3.10582 0
      vertex -8.69333 2.32936 0
      vertex -8.92299 1.17473 0
    endloop
  endfacet
  facet normal 0 0 -1
    outer loop
      vertex -11.9145 1.30431 0
      vertex -8.92299 1.17473 0
      vertex -9 0 0
    endloop
  endfacet
  facet normal 0 0 -1
    outer loop
      vertex -11.5911 -3.10582 0
      vertex -8.69333 -2.32936 0
      vertex -11.0865 -4.59219 0
    endloop
  endfacet
  facet normal 0 0 -1
    outer loop
      vertex -7.14017 5.47885 0
      vertex -9.52023 7.30513 0
      vertex -8.48528 8.48528 0
    endloop
  endfacet
  facet normal -0 0 -1
    outer loop
      vertex -8.69333 -2.32936 0
      vertex -11.5911 -3.10582 0
      vertex -8.92299 -1.17473 0
    endloop
  endfacet
  facet normal 0 0 -1
    outer loop
      vertex -7.79422 4.5 0
      vertex -10.3923 6 0
      vertex -9.52023 7.30513 0
    endloop
  endfacet
  facet normal 0 0 -1
    outer loop
      vertex -11.8973 -1.5663 0
      vertex -8.92299 -1.17473 0
      vertex -11.5911 -3.10582 0
    endloop
  endfacet
  facet normal 0 0 -1
    outer loop
      vertex -8.31491 3.44414 0
      vertex -11.0865 4.59219 0
      vertex -10.3923 6 0
    endloop
  endfacet
  facet normal 0 0 -1
    outer loop
      vertex -11.9145 -1.30431 0
      vertex -8.92299 -1.17473 0
      vertex -11.8973 -1.5663 0
    endloop
  endfacet
  facet normal 0 0 -1
    outer loop
      vertex -11.9145 1.30431 0
      vertex -9 0 0
      vertex -11.9145 -1.30431 0
    endloop
  endfacet
  facet normal -0 0 -1
    outer loop
      vertex -8.92299 -1.17473 0
      vertex -11.9145 -1.30431 0
      vertex -9 0 0
    endloop
  endfacet
  facet normal 0 0 -1
    outer loop
      vertex -8.92299 1.17473 0
      vertex -11.9145 1.30431 0
      vertex -11.8973 1.5663 0
    endloop
  endfacet
  facet normal 0 0 -1
    outer loop
      vertex -8.69333 2.32936 0
      vertex -11.5911 3.10582 0
      vertex -11.0865 4.59219 0
    endloop
  endfacet
  facet normal 0 0 -1
    outer loop
      vertex -8.92299 1.17473 0
      vertex -11.8973 1.5663 0
      vertex -11.5911 3.10582 0
    endloop
  endfacet
  facet normal 0 0 -1
    outer loop
      vertex -12.7343 -0.565674 0
      vertex -11.9145 -1.30431 0
      vertex -11.9651 -1.34869 0
    endloop
  endfacet
  facet normal 0 0 -1
    outer loop
      vertex -11.9145 -1.30431 0
      vertex -12.5 0 0
      vertex -11.9145 1.30431 0
    endloop
  endfacet
  facet normal 0 0 -1
    outer loop
      vertex -12.7343 -0.565674 0
      vertex -11.9651 -1.34869 0
      vertex -12.15 -1.47223 0
    endloop
  endfacet
  facet normal 0 0 -1
    outer loop
      vertex -12.5068 0.104416 0
      vertex -11.9145 1.30431 0
      vertex -12.5 0 0
    endloop
  endfacet
  facet normal 0 0 -1
    outer loop
      vertex -12.813 -0.634674 0
      vertex -12.15 -1.47223 0
      vertex -12.3494 -1.57059 0
    endloop
  endfacet
  facet normal 0 0 -1
    outer loop
      vertex -12.5273 0.207047 0
      vertex -11.9145 1.30431 0
      vertex -12.5068 0.104416 0
    endloop
  endfacet
  facet normal 0 0 -1
    outer loop
      vertex -12.5609 0.306137 0
      vertex -11.9145 1.30431 0
      vertex -12.5273 0.207047 0
    endloop
  endfacet
  facet normal 0 0 -1
    outer loop
      vertex -11.9145 -1.30431 0
      vertex -12.5068 -0.104416 0
      vertex -12.5 0 0
    endloop
  endfacet
  facet normal 0 0 -1
    outer loop
      vertex -11.9145 -1.30431 0
      vertex -12.5273 -0.207047 0
      vertex -12.5068 -0.104416 0
    endloop
  endfacet
  facet normal 0 0 -1
    outer loop
      vertex -12.9 -0.69281 0
      vertex -12.3494 -1.57059 0
      vertex -12.56 -1.64206 0
    endloop
  endfacet
  facet normal 0 0 -1
    outer loop
      vertex -11.9145 -1.30431 0
      vertex -12.5609 -0.306137 0
      vertex -12.5273 -0.207047 0
    endloop
  endfacet
  facet normal 0 0 -1
    outer loop
      vertex -11.9145 -1.30431 0
      vertex -12.6072 -0.399994 0
      vertex -12.5609 -0.306137 0
    endloop
  endfacet
  facet normal 0 0 -1
    outer loop
      vertex -11.9145 -1.30431 0
      vertex -12.6653 -0.487 0
      vertex -12.6072 -0.399994 0
    endloop
  endfacet
  facet normal 0 0 -1
    outer loop
      vertex -11.9145 -1.30431 0
      vertex -12.7343 -0.565674 0
      vertex -12.6653 -0.487 0
    endloop
  endfacet
  facet normal 0 0 -1
    outer loop
      vertex -12.9939 -0.73909 0
      vertex -12.56 -1.64206 0
      vertex -12.7781 -1.68546 0
    endloop
  endfacet
  facet normal 0 0 -1
    outer loop
      vertex -12.15 -1.47223 0
      vertex -12.813 -0.634674 0
      vertex -12.7343 -0.565674 0
    endloop
  endfacet
  facet normal 0 0 -1
    outer loop
      vertex -12.3494 -1.57059 0
      vertex -12.9 -0.69281 0
      vertex -12.813 -0.634674 0
    endloop
  endfacet
  facet normal 0 0 -1
    outer loop
      vertex -12.56 -1.64206 0
      vertex -12.9939 -0.73909 0
      vertex -12.9 -0.69281 0
    endloop
  endfacet
  facet normal 0 0 -1
    outer loop
      vertex -13.0929 -0.772736 0
      vertex -12.7781 -1.68546 0
      vertex -13 -1.7 0
    endloop
  endfacet
  facet normal 0 0 -1
    outer loop
      vertex -12.7781 -1.68546 0
      vertex -13.0929 -0.772736 0
      vertex -12.9939 -0.73909 0
    endloop
  endfacet
  facet normal 0 0 -1
    outer loop
      vertex -13 -1.7 0
      vertex -13.1956 -0.793152 0
      vertex -13.0929 -0.772736 0
    endloop
  endfacet
  facet normal 0 0 -1
    outer loop
      vertex -13.2219 -1.68546 0
      vertex -13.1956 -0.793152 0
      vertex -13 -1.7 0
    endloop
  endfacet
  facet normal 0 0 -1
    outer loop
      vertex -13.2219 -1.68546 0
      vertex -13.3 -0.799988 0
      vertex -13.1956 -0.793152 0
    endloop
  endfacet
  facet normal 0 0 -1
    outer loop
      vertex -13.44 -1.64206 0
      vertex -13.3 -0.799988 0
      vertex -13.2219 -1.68546 0
    endloop
  endfacet
  facet normal -0 0 -1
    outer loop
      vertex -13.3 -0.799988 0
      vertex -13.44 -1.64206 0
      vertex -13.4044 -0.793152 0
    endloop
  endfacet
  facet normal 0 0 -1
    outer loop
      vertex -13.6506 -1.57059 0
      vertex -13.4044 -0.793152 0
      vertex -13.44 -1.64206 0
    endloop
  endfacet
  facet normal -0 0 -1
    outer loop
      vertex -13.4044 -0.793152 0
      vertex -13.6506 -1.57059 0
      vertex -13.507 -0.772736 0
    endloop
  endfacet
  facet normal 0 0 -1
    outer loop
      vertex -13.85 -1.47223 0
      vertex -13.507 -0.772736 0
      vertex -13.6506 -1.57059 0
    endloop
  endfacet
  facet normal -0 0 -1
    outer loop
      vertex -13.507 -0.772736 0
      vertex -13.85 -1.47223 0
      vertex -13.6061 -0.73909 0
    endloop
  endfacet
  facet normal 0 0 -1
    outer loop
      vertex -14.0349 -1.34869 0
      vertex -13.6061 -0.73909 0
      vertex -13.85 -1.47223 0
    endloop
  endfacet
  facet normal -0 0 -1
    outer loop
      vertex -13.6061 -0.73909 0
      vertex -14.0349 -1.34869 0
      vertex -13.7 -0.69281 0
    endloop
  endfacet
  facet normal 0 0 -1
    outer loop
      vertex -14.2021 -1.20207 0
      vertex -13.7 -0.69281 0
      vertex -14.0349 -1.34869 0
    endloop
  endfacet
  facet normal -0 0 -1
    outer loop
      vertex -13.7 -0.69281 0
      vertex -14.2021 -1.20207 0
      vertex -13.787 -0.634674 0
    endloop
  endfacet
  facet normal 0 0 -1
    outer loop
      vertex -14.3487 -1.03488 0
      vertex -13.787 -0.634674 0
      vertex -14.2021 -1.20207 0
    endloop
  endfacet
  facet normal -0 0 -1
    outer loop
      vertex -13.787 -0.634674 0
      vertex -14.3487 -1.03488 0
      vertex -13.8657 -0.565674 0
    endloop
  endfacet
  facet normal 0 0 -1
    outer loop
      vertex -14.4722 -0.849991 0
      vertex -13.8657 -0.565674 0
      vertex -14.3487 -1.03488 0
    endloop
  endfacet
  facet normal -0 0 -1
    outer loop
      vertex -13.8657 -0.565674 0
      vertex -14.4722 -0.849991 0
      vertex -13.9347 -0.487 0
    endloop
  endfacet
  facet normal -0 0 -1
    outer loop
      vertex -13.9347 -0.487 0
      vertex -14.4722 -0.849991 0
      vertex -13.9928 -0.399994 0
    endloop
  endfacet
  facet normal 0 0 -1
    outer loop
      vertex -14.5706 -0.650558 0
      vertex -13.9928 -0.399994 0
      vertex -14.4722 -0.849991 0
    endloop
  endfacet
  facet normal -0 0 -1
    outer loop
      vertex -13.9928 -0.399994 0
      vertex -14.5706 -0.650558 0
      vertex -14.0391 -0.306137 0
    endloop
  endfacet
  facet normal -0 0 -1
    outer loop
      vertex -1.91001 -1.90823 0
      vertex -2.47487 -2.47487 0
      vertex -2.14204 -1.64365 0
    endloop
  endfacet
  facet normal 0 0 -1
    outer loop
      vertex -2.77673 -2.13066 0
      vertex -2.14204 -1.64365 0
      vertex -2.47487 -2.47487 0
    endloop
  endfacet
  facet normal -0 0 -1
    outer loop
      vertex -2.14204 -1.64365 0
      vertex -2.77673 -2.13066 0
      vertex -2.33826 -1.34999 0
    endloop
  endfacet
  facet normal 0 0 -1
    outer loop
      vertex -3.03108 -1.75 0
      vertex -2.33826 -1.34999 0
      vertex -2.77673 -2.13066 0
    endloop
  endfacet
  facet normal -0 0 -1
    outer loop
      vertex -2.33826 -1.34999 0
      vertex -3.03108 -1.75 0
      vertex -2.49446 -1.03323 0
    endloop
  endfacet
  facet normal -0 0 -1
    outer loop
      vertex -2.49446 -1.03323 0
      vertex -3.23357 -1.33939 0
      vertex -2.60799 -0.698807 0
    endloop
  endfacet
  facet normal 0 0 -1
    outer loop
      vertex -3.23357 -1.33939 0
      vertex -2.49446 -1.03323 0
      vertex -3.03108 -1.75 0
    endloop
  endfacet
  facet normal -0 0 -1
    outer loop
      vertex 8.18544 11.4802 0
      vertex 7.44314 11.4137 0
      vertex 7.44999 11.5181 0
    endloop
  endfacet
  facet normal 0 0 -1
    outer loop
      vertex 7.70206 10.0562 0
      vertex 7.42273 11.3111 0
      vertex 7.44314 11.4137 0
    endloop
  endfacet
  facet normal 0 0 -1
    outer loop
      vertex 7.70206 10.0562 0
      vertex 7.3891 11.212 0
      vertex 7.42273 11.3111 0
    endloop
  endfacet
  facet normal 0 0 -1
    outer loop
      vertex 7.04999 10.8253 0
      vertex 7.53488 9.90962 0
      vertex 7.34998 9.78609 0
    endloop
  endfacet
  facet normal 0 0 -1
    outer loop
      vertex 7.70206 10.0562 0
      vertex 7.3428 11.1181 0
      vertex 7.3891 11.212 0
    endloop
  endfacet
  facet normal 0 0 -1
    outer loop
      vertex 7.70206 10.0562 0
      vertex 7.28468 11.0311 0
      vertex 7.3428 11.1181 0
    endloop
  endfacet
  facet normal 0 0 -1
    outer loop
      vertex 7.70206 10.0562 0
      vertex 7.21568 10.9525 0
      vertex 7.28468 11.0311 0
    endloop
  endfacet
  facet normal 0 0 -1
    outer loop
      vertex 7.04999 10.8253 0
      vertex 7.34998 9.78609 0
      vertex 7.15055 9.68774 0
    endloop
  endfacet
  facet normal 0 0 -1
    outer loop
      vertex 7.70206 10.0562 0
      vertex 7.137 10.8835 0
      vertex 7.21568 10.9525 0
    endloop
  endfacet
  facet normal 0 0 -1
    outer loop
      vertex 7.04999 10.8253 0
      vertex 7.15055 9.68774 0
      vertex 7.08682 9.6661 0
    endloop
  endfacet
  facet normal 0 0 -1
    outer loop
      vertex 7.70206 10.0562 0
      vertex 7.04999 10.8253 0
      vertex 7.137 10.8835 0
    endloop
  endfacet
  facet normal 0 0 -1
    outer loop
      vertex 7.44314 11.4137 0
      vertex 8.19998 11.2583 0
      vertex 8.18545 11.0364 0
    endloop
  endfacet
  facet normal 0 0 -1
    outer loop
      vertex 7.44314 11.4137 0
      vertex 8.18544 11.4802 0
      vertex 8.19998 11.2583 0
    endloop
  endfacet
  facet normal 0 0 -1
    outer loop
      vertex 7.44314 11.4137 0
      vertex 8.18545 11.0364 0
      vertex 8.14206 10.8183 0
    endloop
  endfacet
  facet normal 0 0 -1
    outer loop
      vertex 7.44314 11.4137 0
      vertex 8.14206 10.8183 0
      vertex 8.07059 10.6078 0
    endloop
  endfacet
  facet normal 0 0 -1
    outer loop
      vertex 8.18544 11.4802 0
      vertex 7.44999 11.5181 0
      vertex 8.14206 11.6983 0
    endloop
  endfacet
  facet normal 0 0 -1
    outer loop
      vertex 7.44314 11.4137 0
      vertex 8.07059 10.6078 0
      vertex 7.97224 10.4083 0
    endloop
  endfacet
  facet normal 0 0 -1
    outer loop
      vertex 7.44314 11.6226 0
      vertex 8.14206 11.6983 0
      vertex 7.44999 11.5181 0
    endloop
  endfacet
  facet normal -0 0 -1
    outer loop
      vertex 8.14206 11.6983 0
      vertex 7.44314 11.6226 0
      vertex 8.07058 11.9089 0
    endloop
  endfacet
  facet normal 0 0 -1
    outer loop
      vertex 7.44314 11.4137 0
      vertex 7.97224 10.4083 0
      vertex 7.84869 10.2234 0
    endloop
  endfacet
  facet normal 0 0 -1
    outer loop
      vertex 7.42273 11.7252 0
      vertex 8.07058 11.9089 0
      vertex 7.44314 11.6226 0
    endloop
  endfacet
  facet normal 0 0 -1
    outer loop
      vertex 7.44314 11.4137 0
      vertex 7.84869 10.2234 0
      vertex 7.70206 10.0562 0
    endloop
  endfacet
  facet normal -0 0 -1
    outer loop
      vertex 8.07058 11.9089 0
      vertex 7.42273 11.7252 0
      vertex 7.97223 12.1083 0
    endloop
  endfacet
  facet normal 0 0 -1
    outer loop
      vertex 7.04999 10.8253 0
      vertex 7.70206 10.0562 0
      vertex 7.53488 9.90962 0
    endloop
  endfacet
  facet normal 0 0 -1
    outer loop
      vertex 7.38909 11.8243 0
      vertex 7.97223 12.1083 0
      vertex 7.42273 11.7252 0
    endloop
  endfacet
  facet normal 0 0 -1
    outer loop
      vertex 7.34281 11.9181 0
      vertex 7.97223 12.1083 0
      vertex 7.38909 11.8243 0
    endloop
  endfacet
  facet normal -0 0 -1
    outer loop
      vertex 7.97223 12.1083 0
      vertex 7.34281 11.9181 0
      vertex 7.84869 12.2932 0
    endloop
  endfacet
  facet normal 0 0 -1
    outer loop
      vertex 7.28467 12.0051 0
      vertex 7.84869 12.2932 0
      vertex 7.34281 11.9181 0
    endloop
  endfacet
  facet normal -0 0 -1
    outer loop
      vertex 7.84869 12.2932 0
      vertex 7.28467 12.0051 0
      vertex 7.70207 12.4604 0
    endloop
  endfacet
  facet normal 0 0 -1
    outer loop
      vertex 7.21568 12.0838 0
      vertex 7.70207 12.4604 0
      vertex 7.28467 12.0051 0
    endloop
  endfacet
  facet normal -0 0 -1
    outer loop
      vertex 7.70207 12.4604 0
      vertex 7.21568 12.0838 0
      vertex 7.53489 12.607 0
    endloop
  endfacet
  facet normal 0 0 -1
    outer loop
      vertex 7.137 12.1528 0
      vertex 7.53489 12.607 0
      vertex 7.21568 12.0838 0
    endloop
  endfacet
  facet normal -0 0 -1
    outer loop
      vertex 7.53489 12.607 0
      vertex 7.137 12.1528 0
      vertex 7.35 12.7306 0
    endloop
  endfacet
  facet normal 0 0 -1
    outer loop
      vertex 7.05 12.2109 0
      vertex 7.35 12.7306 0
      vertex 7.137 12.1528 0
    endloop
  endfacet
  facet normal 0 0 -1
    outer loop
      vertex 6.95615 12.2572 0
      vertex 7.35 12.7306 0
      vertex 7.05 12.2109 0
    endloop
  endfacet
  facet normal -0 0 -1
    outer loop
      vertex 7.35 12.7306 0
      vertex 6.95615 12.2572 0
      vertex 7.15056 12.8289 0
    endloop
  endfacet
  facet normal 0 0 -1
    outer loop
      vertex 6.85706 12.2909 0
      vertex 7.15056 12.8289 0
      vertex 6.95615 12.2572 0
    endloop
  endfacet
  facet normal -0 0 -1
    outer loop
      vertex 7.15056 12.8289 0
      vertex 6.85706 12.2909 0
      vertex 6.93999 12.9004 0
    endloop
  endfacet
  facet normal 0 0 -1
    outer loop
      vertex 6.75442 12.3113 0
      vertex 6.93999 12.9004 0
      vertex 6.85706 12.2909 0
    endloop
  endfacet
  facet normal 0 0 -1
    outer loop
      vertex 6.75442 12.3113 0
      vertex 6.72189 12.9438 0
      vertex 6.93999 12.9004 0
    endloop
  endfacet
  facet normal 0 0 -1
    outer loop
      vertex 6.65 12.3181 0
      vertex 6.72189 12.9438 0
      vertex 6.75442 12.3113 0
    endloop
  endfacet
  facet normal 0 0 -1
    outer loop
      vertex 6.5 12.9583 0
      vertex 6.65 12.3181 0
      vertex 6.54558 12.3113 0
    endloop
  endfacet
  facet normal 0 0 -1
    outer loop
      vertex 6.65 12.3181 0
      vertex 6.5 12.9583 0
      vertex 6.72189 12.9438 0
    endloop
  endfacet
  facet normal 0 0 -1
    outer loop
      vertex 6.44295 12.2909 0
      vertex 6.5 12.9583 0
      vertex 6.54558 12.3113 0
    endloop
  endfacet
  facet normal 0 0 -1
    outer loop
      vertex 6.27811 12.9438 0
      vertex 6.44295 12.2909 0
      vertex 6.34386 12.2572 0
    endloop
  endfacet
  facet normal 0 0 -1
    outer loop
      vertex 6.44295 12.2909 0
      vertex 6.27811 12.9438 0
      vertex 6.5 12.9583 0
    endloop
  endfacet
  facet normal 0 0 -1
    outer loop
      vertex 6.06001 12.9004 0
      vertex 6.34386 12.2572 0
      vertex 6.25001 12.2109 0
    endloop
  endfacet
  facet normal 0 0 -1
    outer loop
      vertex 5.84944 12.8289 0
      vertex 6.25001 12.2109 0
      vertex 6.163 12.1528 0
    endloop
  endfacet
  facet normal 0 0 -1
    outer loop
      vertex 5.65001 12.7306 0
      vertex 6.163 12.1528 0
      vertex 6.08432 12.0838 0
    endloop
  endfacet
  facet normal 0 0 -1
    outer loop
      vertex 6.34386 12.2572 0
      vertex 6.06001 12.9004 0
      vertex 6.27811 12.9438 0
    endloop
  endfacet
  facet normal 0 0 -1
    outer loop
      vertex 5.65001 12.7306 0
      vertex 6.08432 12.0838 0
      vertex 6.01532 12.0051 0
    endloop
  endfacet
  facet normal 0 0 -1
    outer loop
      vertex 5.65001 12.7306 0
      vertex 6.01532 12.0051 0
      vertex 5.95718 11.9181 0
    endloop
  endfacet
  facet normal 0 0 -1
    outer loop
      vertex 5.65001 12.7306 0
      vertex 5.95718 11.9181 0
      vertex 5.9109 11.8243 0
    endloop
  endfacet
  facet normal 0 0 -1
    outer loop
      vertex 5.65001 12.7306 0
      vertex 5.9109 11.8243 0
      vertex 5.87726 11.7252 0
    endloop
  endfacet
  facet normal 0 0 -1
    outer loop
      vertex 5.65001 12.7306 0
      vertex 5.87726 11.7252 0
      vertex 5.85685 11.6225 0
    endloop
  endfacet
  facet normal 0 0 -1
    outer loop
      vertex 6.25001 12.2109 0
      vertex 5.84944 12.8289 0
      vertex 6.06001 12.9004 0
    endloop
  endfacet
  facet normal 0 0 -1
    outer loop
      vertex 4.85793 11.6983 0
      vertex 5.85685 11.6225 0
      vertex 5.85001 11.5181 0
    endloop
  endfacet
  facet normal 0 0 -1
    outer loop
      vertex 14.0932 -0.104416 0
      vertex 14.7 0 0
      vertex 14.6855 -0.221893 0
    endloop
  endfacet
  facet normal 0 0 -1
    outer loop
      vertex 14.0727 -0.207047 0
      vertex 14.6855 -0.221893 0
      vertex 14.6421 -0.439987 0
    endloop
  endfacet
  facet normal -0 0 -1
    outer loop
      vertex 14.7 0 0
      vertex 14.0932 -0.104416 0
      vertex 14.1 0 0
    endloop
  endfacet
  facet normal 0 0 -1
    outer loop
      vertex 14.0391 -0.306137 0
      vertex 14.6421 -0.439987 0
      vertex 14.5706 -0.650558 0
    endloop
  endfacet
  facet normal 0 0 -1
    outer loop
      vertex 14.0932 0.104416 0
      vertex 14.7 0 0
      vertex 14.1 0 0
    endloop
  endfacet
  facet normal 0 0 -1
    outer loop
      vertex 13.9928 -0.399994 0
      vertex 14.5706 -0.650558 0
      vertex 14.4722 -0.849991 0
    endloop
  endfacet
  facet normal 0 0 -1
    outer loop
      vertex 14.7 0 0
      vertex 14.0932 0.104416 0
      vertex 14.6855 0.221893 0
    endloop
  endfacet
  facet normal 0 0 -1
    outer loop
      vertex 13.8657 -0.565674 0
      vertex 14.4722 -0.849991 0
      vertex 14.3487 -1.03488 0
    endloop
  endfacet
  facet normal 0 0 -1
    outer loop
      vertex 14.0727 0.207047 0
      vertex 14.6855 0.221893 0
      vertex 14.0932 0.104416 0
    endloop
  endfacet
  facet normal 0 0 -1
    outer loop
      vertex 13.787 -0.634674 0
      vertex 14.3487 -1.03488 0
      vertex 14.2021 -1.20207 0
    endloop
  endfacet
  facet normal 0 0 -1
    outer loop
      vertex 14.0391 0.306137 0
      vertex 14.6421 0.439987 0
      vertex 14.0727 0.207047 0
    endloop
  endfacet
  facet normal -0 0 -1
    outer loop
      vertex 14.6421 0.439987 0
      vertex 14.0391 0.306137 0
      vertex 14.5706 0.650558 0
    endloop
  endfacet
  facet normal -0 0 -1
    outer loop
      vertex 14.6855 0.221893 0
      vertex 14.0727 0.207047 0
      vertex 14.6421 0.439987 0
    endloop
  endfacet
  facet normal 0 0 -1
    outer loop
      vertex 14.6855 -0.221893 0
      vertex 14.0727 -0.207047 0
      vertex 14.0932 -0.104416 0
    endloop
  endfacet
  facet normal 0 0 -1
    outer loop
      vertex 14.6421 -0.439987 0
      vertex 14.0391 -0.306137 0
      vertex 14.0727 -0.207047 0
    endloop
  endfacet
  facet normal 0 0 -1
    outer loop
      vertex 13.7 -0.69281 0
      vertex 14.2021 -1.20207 0
      vertex 14.0349 -1.34869 0
    endloop
  endfacet
  facet normal 0 0 -1
    outer loop
      vertex 14.5706 -0.650558 0
      vertex 13.9928 -0.399994 0
      vertex 14.0391 -0.306137 0
    endloop
  endfacet
  facet normal 0 0 -1
    outer loop
      vertex 14.4722 -0.849991 0
      vertex 13.9347 -0.487 0
      vertex 13.9928 -0.399994 0
    endloop
  endfacet
  facet normal 0 0 -1
    outer loop
      vertex 14.4722 -0.849991 0
      vertex 13.8657 -0.565674 0
      vertex 13.9347 -0.487 0
    endloop
  endfacet
  facet normal 0 0 -1
    outer loop
      vertex 13.6061 -0.73909 0
      vertex 14.0349 -1.34869 0
      vertex 13.85 -1.47223 0
    endloop
  endfacet
  facet normal 0 0 -1
    outer loop
      vertex 14.3487 -1.03488 0
      vertex 13.787 -0.634674 0
      vertex 13.8657 -0.565674 0
    endloop
  endfacet
  facet normal 0 0 -1
    outer loop
      vertex 14.2021 -1.20207 0
      vertex 13.7 -0.69281 0
      vertex 13.787 -0.634674 0
    endloop
  endfacet
  facet normal 0 0 -1
    outer loop
      vertex 13.507 -0.772736 0
      vertex 13.85 -1.47223 0
      vertex 13.6506 -1.57059 0
    endloop
  endfacet
  facet normal 0 0 -1
    outer loop
      vertex 14.0349 -1.34869 0
      vertex 13.6061 -0.73909 0
      vertex 13.7 -0.69281 0
    endloop
  endfacet
  facet normal 0 0 -1
    outer loop
      vertex 13.85 -1.47223 0
      vertex 13.507 -0.772736 0
      vertex 13.6061 -0.73909 0
    endloop
  endfacet
  facet normal 0 0 -1
    outer loop
      vertex 13.4044 -0.793152 0
      vertex 13.6506 -1.57059 0
      vertex 13.44 -1.64206 0
    endloop
  endfacet
  facet normal 0 0 -1
    outer loop
      vertex 13.6506 -1.57059 0
      vertex 13.4044 -0.793152 0
      vertex 13.507 -0.772736 0
    endloop
  endfacet
  facet normal 0 0 -1
    outer loop
      vertex 13.44 -1.64206 0
      vertex 13.3 -0.799988 0
      vertex 13.4044 -0.793152 0
    endloop
  endfacet
  facet normal 0 0 -1
    outer loop
      vertex 13.2219 -1.68546 0
      vertex 13.3 -0.799988 0
      vertex 13.44 -1.64206 0
    endloop
  endfacet
  facet normal 0 0 -1
    outer loop
      vertex 13.2219 -1.68546 0
      vertex 13.1956 -0.793152 0
      vertex 13.3 -0.799988 0
    endloop
  endfacet
  facet normal 0 0 -1
    outer loop
      vertex 13 -1.7 0
      vertex 13.1956 -0.793152 0
      vertex 13.2219 -1.68546 0
    endloop
  endfacet
  facet normal -0 0 -1
    outer loop
      vertex 13.1956 -0.793152 0
      vertex 13 -1.7 0
      vertex 13.0929 -0.772736 0
    endloop
  endfacet
  facet normal 0 0 -1
    outer loop
      vertex 12.7781 -1.68546 0
      vertex 13.0929 -0.772736 0
      vertex 13 -1.7 0
    endloop
  endfacet
  facet normal -0 0 -1
    outer loop
      vertex 13.0929 -0.772736 0
      vertex 12.7781 -1.68546 0
      vertex 12.9939 -0.73909 0
    endloop
  endfacet
  facet normal 0 0 -1
    outer loop
      vertex 12.56 -1.64206 0
      vertex 12.9939 -0.73909 0
      vertex 12.7781 -1.68546 0
    endloop
  endfacet
  facet normal -0 0 -1
    outer loop
      vertex 12.9939 -0.73909 0
      vertex 12.56 -1.64206 0
      vertex 12.9 -0.69281 0
    endloop
  endfacet
  facet normal 0 0 -1
    outer loop
      vertex 12.3494 -1.57059 0
      vertex 12.9 -0.69281 0
      vertex 12.56 -1.64206 0
    endloop
  endfacet
  facet normal -0 0 -1
    outer loop
      vertex 12.9 -0.69281 0
      vertex 12.3494 -1.57059 0
      vertex 12.813 -0.634674 0
    endloop
  endfacet
  facet normal 0 0 -1
    outer loop
      vertex 12.15 -1.47223 0
      vertex 12.813 -0.634674 0
      vertex 12.3494 -1.57059 0
    endloop
  endfacet
  facet normal -0 0 -1
    outer loop
      vertex 12.813 -0.634674 0
      vertex 12.15 -1.47223 0
      vertex 12.7343 -0.565674 0
    endloop
  endfacet
  facet normal 0 0 -1
    outer loop
      vertex 11.9651 -1.34869 0
      vertex 12.7343 -0.565674 0
      vertex 12.15 -1.47223 0
    endloop
  endfacet
  facet normal 0 0 -1
    outer loop
      vertex 11.9145 -1.30431 0
      vertex 12.7343 -0.565674 0
      vertex 11.9651 -1.34869 0
    endloop
  endfacet
  facet normal -0 0 -1
    outer loop
      vertex 12.7343 -0.565674 0
      vertex 11.9145 -1.30431 0
      vertex 12.6653 -0.487 0
    endloop
  endfacet
  facet normal -0 0 -1
    outer loop
      vertex 12.6653 -0.487 0
      vertex 11.9145 -1.30431 0
      vertex 12.6072 -0.399994 0
    endloop
  endfacet
  facet normal -0 0 -1
    outer loop
      vertex 12.6072 -0.399994 0
      vertex 11.9145 -1.30431 0
      vertex 12.5609 -0.306137 0
    endloop
  endfacet
  facet normal 0 0 -1
    outer loop
      vertex 13.9928 0.399994 0
      vertex 14.5706 0.650558 0
      vertex 14.0391 0.306137 0
    endloop
  endfacet
  facet normal -0 0 -1
    outer loop
      vertex 14.5706 0.650558 0
      vertex 13.9928 0.399994 0
      vertex 14.4722 0.849991 0
    endloop
  endfacet
  facet normal 0 0 -1
    outer loop
      vertex 13.9347 0.487 0
      vertex 14.4722 0.849991 0
      vertex 13.9928 0.399994 0
    endloop
  endfacet
  facet normal 0 0 -1
    outer loop
      vertex 13.8657 0.565674 0
      vertex 14.4722 0.849991 0
      vertex 13.9347 0.487 0
    endloop
  endfacet
  facet normal -0 0 -1
    outer loop
      vertex 14.4722 0.849991 0
      vertex 13.8657 0.565674 0
      vertex 14.3487 1.03488 0
    endloop
  endfacet
  facet normal 0 0 -1
    outer loop
      vertex 13.787 0.634674 0
      vertex 14.3487 1.03488 0
      vertex 13.8657 0.565674 0
    endloop
  endfacet
  facet normal -0 0 -1
    outer loop
      vertex 14.3487 1.03488 0
      vertex 13.787 0.634674 0
      vertex 14.2021 1.20207 0
    endloop
  endfacet
  facet normal 0 0 -1
    outer loop
      vertex 13.7 0.69281 0
      vertex 14.2021 1.20207 0
      vertex 13.787 0.634674 0
    endloop
  endfacet
  facet normal -0 0 -1
    outer loop
      vertex 14.2021 1.20207 0
      vertex 13.7 0.69281 0
      vertex 14.0349 1.34869 0
    endloop
  endfacet
  facet normal 0 0 -1
    outer loop
      vertex 13.6061 0.73909 0
      vertex 14.0349 1.34869 0
      vertex 13.7 0.69281 0
    endloop
  endfacet
  facet normal -0 0 -1
    outer loop
      vertex 14.0349 1.34869 0
      vertex 13.6061 0.73909 0
      vertex 13.85 1.47223 0
    endloop
  endfacet
  facet normal 0 0 -1
    outer loop
      vertex 13.507 0.772736 0
      vertex 13.85 1.47223 0
      vertex 13.6061 0.73909 0
    endloop
  endfacet
  facet normal -0 0 -1
    outer loop
      vertex 13.85 1.47223 0
      vertex 13.507 0.772736 0
      vertex 13.6506 1.57059 0
    endloop
  endfacet
  facet normal 0 0 -1
    outer loop
      vertex 13.4044 0.793152 0
      vertex 13.6506 1.57059 0
      vertex 13.507 0.772736 0
    endloop
  endfacet
  facet normal -0 0 -1
    outer loop
      vertex 13.6506 1.57059 0
      vertex 13.4044 0.793152 0
      vertex 13.44 1.64206 0
    endloop
  endfacet
  facet normal 0 0 -1
    outer loop
      vertex 13.3 0.799988 0
      vertex 13.44 1.64206 0
      vertex 13.4044 0.793152 0
    endloop
  endfacet
  facet normal 0 0 -1
    outer loop
      vertex 13.3 0.799988 0
      vertex 13.2219 1.68546 0
      vertex 13.44 1.64206 0
    endloop
  endfacet
  facet normal 0 0 -1
    outer loop
      vertex 13.1956 0.793152 0
      vertex 13.2219 1.68546 0
      vertex 13.3 0.799988 0
    endloop
  endfacet
  facet normal 0 0 -1
    outer loop
      vertex 13 1.7 0
      vertex 13.1956 0.793152 0
      vertex 13.0929 0.772736 0
    endloop
  endfacet
  facet normal 0 0 -1
    outer loop
      vertex 13.1956 0.793152 0
      vertex 13 1.7 0
      vertex 13.2219 1.68546 0
    endloop
  endfacet
  facet normal 0 0 -1
    outer loop
      vertex 12.7781 1.68546 0
      vertex 13.0929 0.772736 0
      vertex 12.9939 0.73909 0
    endloop
  endfacet
  facet normal 0 0 -1
    outer loop
      vertex 12.56 1.64206 0
      vertex 12.9939 0.73909 0
      vertex 12.9 0.69281 0
    endloop
  endfacet
  facet normal 0 0 -1
    outer loop
      vertex 12.3494 1.57059 0
      vertex 12.9 0.69281 0
      vertex 12.813 0.634674 0
    endloop
  endfacet
  facet normal 0 0 -1
    outer loop
      vertex 13.0929 0.772736 0
      vertex 12.7781 1.68546 0
      vertex 13 1.7 0
    endloop
  endfacet
  facet normal 0 0 -1
    outer loop
      vertex 12.15 1.47223 0
      vertex 12.813 0.634674 0
      vertex 12.7343 0.565674 0
    endloop
  endfacet
  facet normal 0 0 -1
    outer loop
      vertex 11.9145 1.30431 0
      vertex 12.7343 0.565674 0
      vertex 12.6653 0.487 0
    endloop
  endfacet
  facet normal 0 0 -1
    outer loop
      vertex 11.9145 1.30431 0
      vertex 12.6653 0.487 0
      vertex 12.6072 0.399994 0
    endloop
  endfacet
  facet normal 0 0 -1
    outer loop
      vertex 11.9145 1.30431 0
      vertex 12.6072 0.399994 0
      vertex 12.5609 0.306137 0
    endloop
  endfacet
  facet normal 0 0 -1
    outer loop
      vertex 12.9939 0.73909 0
      vertex 12.56 1.64206 0
      vertex 12.7781 1.68546 0
    endloop
  endfacet
  facet normal 0 0 -1
    outer loop
      vertex 11.9145 1.30431 0
      vertex 12.5609 0.306137 0
      vertex 12.5273 0.207047 0
    endloop
  endfacet
  facet normal 0 0 -1
    outer loop
      vertex 11.9145 1.30431 0
      vertex 12.5273 0.207047 0
      vertex 12.5068 0.104416 0
    endloop
  endfacet
  facet normal 0 0 -1
    outer loop
      vertex 11.9145 1.30431 0
      vertex 12.5068 0.104416 0
      vertex 12.5 0 0
    endloop
  endfacet
  facet normal -0 0 -1
    outer loop
      vertex 12.5609 -0.306137 0
      vertex 11.9145 -1.30431 0
      vertex 12.5273 -0.207047 0
    endloop
  endfacet
  facet normal 0 0 -1
    outer loop
      vertex 12.9 0.69281 0
      vertex 12.3494 1.57059 0
      vertex 12.56 1.64206 0
    endloop
  endfacet
  facet normal -0 0 -1
    outer loop
      vertex 12.5273 -0.207047 0
      vertex 11.9145 -1.30431 0
      vertex 12.5068 -0.104416 0
    endloop
  endfacet
  facet normal 0 0 -1
    outer loop
      vertex 11.9145 1.30431 0
      vertex 12.5 0 0
      vertex 11.9145 -1.30431 0
    endloop
  endfacet
  facet normal -0 0 -1
    outer loop
      vertex 12.5068 -0.104416 0
      vertex 11.9145 -1.30431 0
      vertex 12.5 0 0
    endloop
  endfacet
  facet normal 0 0 -1
    outer loop
      vertex 12.7343 0.565674 0
      vertex 11.9145 1.30431 0
      vertex 11.9651 1.34869 0
    endloop
  endfacet
  facet normal 0 0 -1
    outer loop
      vertex 12.813 0.634674 0
      vertex 12.15 1.47223 0
      vertex 12.3494 1.57059 0
    endloop
  endfacet
  facet normal 0 0 -1
    outer loop
      vertex 12.7343 0.565674 0
      vertex 11.9651 1.34869 0
      vertex 12.15 1.47223 0
    endloop
  endfacet
  facet normal 0 0 -1
    outer loop
      vertex 8.92299 -1.17473 0
      vertex 11.9145 -1.30431 0
      vertex 11.8973 -1.5663 0
    endloop
  endfacet
  facet normal 0 0 -1
    outer loop
      vertex 11.9145 -1.30431 0
      vertex 8.95411 -0.7 0
      vertex 11.9145 1.30431 0
    endloop
  endfacet
  facet normal 0 0 -1
    outer loop
      vertex 8.92299 -1.17473 0
      vertex 11.8973 -1.5663 0
      vertex 11.5911 -3.10582 0
    endloop
  endfacet
  facet normal 0 0 -1
    outer loop
      vertex 8.95411 0.7 0
      vertex 11.9145 1.30431 0
      vertex 8.95411 -0.7 0
    endloop
  endfacet
  facet normal 0 0 -1
    outer loop
      vertex 8.69333 -2.32936 0
      vertex 11.5911 -3.10582 0
      vertex 11.0865 -4.59219 0
    endloop
  endfacet
  facet normal 0 0 -1
    outer loop
      vertex 8.92299 1.17473 0
      vertex 11.9145 1.30431 0
      vertex 8.95411 0.7 0
    endloop
  endfacet
  facet normal 0 0 -1
    outer loop
      vertex 8.31491 -3.44414 0
      vertex 11.0865 -4.59219 0
      vertex 10.3923 -6 0
    endloop
  endfacet
  facet normal -0 0 -1
    outer loop
      vertex 11.9145 1.30431 0
      vertex 8.92299 1.17473 0
      vertex 11.8973 1.5663 0
    endloop
  endfacet
  facet normal 0 0 -1
    outer loop
      vertex 7.79422 -4.5 0
      vertex 10.3923 -6 0
      vertex 9.52023 -7.30513 0
    endloop
  endfacet
  facet normal -0 0 -1
    outer loop
      vertex 11.8973 1.5663 0
      vertex 8.92299 1.17473 0
      vertex 11.5911 3.10582 0
    endloop
  endfacet
  facet normal 0 0 -1
    outer loop
      vertex 8.69333 2.32936 0
      vertex 11.5911 3.10582 0
      vertex 8.92299 1.17473 0
    endloop
  endfacet
  facet normal 0 0 -1
    outer loop
      vertex 11.9145 -1.30431 0
      vertex 8.92299 -1.17473 0
      vertex 8.95411 -0.7 0
    endloop
  endfacet
  facet normal 0 0 -1
    outer loop
      vertex 11.5911 -3.10582 0
      vertex 8.69333 -2.32936 0
      vertex 8.92299 -1.17473 0
    endloop
  endfacet
  facet normal 0 0 -1
    outer loop
      vertex 7.14017 -5.47885 0
      vertex 9.52023 -7.30513 0
      vertex 8.48528 -8.48528 0
    endloop
  endfacet
  facet normal 0 0 -1
    outer loop
      vertex 11.0865 -4.59219 0
      vertex 8.31491 -3.44414 0
      vertex 8.69333 -2.32936 0
    endloop
  endfacet
  facet normal 0 0 -1
    outer loop
      vertex 10.3923 -6 0
      vertex 7.79422 -4.5 0
      vertex 8.31491 -3.44414 0
    endloop
  endfacet
  facet normal 0 0 -1
    outer loop
      vertex 6.36395 -6.36395 0
      vertex 8.48528 -8.48528 0
      vertex 7.30513 -9.52023 0
    endloop
  endfacet
  facet normal 0 0 -1
    outer loop
      vertex 9.52023 -7.30513 0
      vertex 7.14017 -5.47885 0
      vertex 7.79422 -4.5 0
    endloop
  endfacet
  facet normal 0 0 -1
    outer loop
      vertex 5.47885 -7.14017 0
      vertex 7.30513 -9.52023 0
      vertex 7.08682 -9.6661 0
    endloop
  endfacet
  facet normal -0 0 -1
    outer loop
      vertex 7.34998 -9.78609 0
      vertex 6.85704 -10.7454 0
      vertex 7.15055 -9.68774 0
    endloop
  endfacet
  facet normal -0 0 -1
    outer loop
      vertex 7.15055 -9.68774 0
      vertex 6.85704 -10.7454 0
      vertex 7.08682 -9.6661 0
    endloop
  endfacet
  facet normal 0 0 -1
    outer loop
      vertex 6.75441 -10.725 0
      vertex 7.08682 -9.6661 0
      vertex 6.85704 -10.7454 0
    endloop
  endfacet
  facet normal 0 0 -1
    outer loop
      vertex 6.64999 -10.7181 0
      vertex 7.08682 -9.6661 0
      vertex 6.75441 -10.725 0
    endloop
  endfacet
  facet normal 0 0 -1
    outer loop
      vertex 6.54556 -10.725 0
      vertex 7.08682 -9.6661 0
      vertex 6.64999 -10.7181 0
    endloop
  endfacet
  facet normal 0 0 -1
    outer loop
      vertex 6.44293 -10.7454 0
      vertex 7.08682 -9.6661 0
      vertex 6.54556 -10.725 0
    endloop
  endfacet
  facet normal 0 0 -1
    outer loop
      vertex 6.34384 -10.779 0
      vertex 7.08682 -9.6661 0
      vertex 6.44293 -10.7454 0
    endloop
  endfacet
  facet normal 0 0 -1
    outer loop
      vertex 8.48528 -8.48528 0
      vertex 6.36395 -6.36395 0
      vertex 7.14017 -5.47885 0
    endloop
  endfacet
  facet normal 0 0 -1
    outer loop
      vertex 6.25 -10.8253 0
      vertex 7.08682 -9.6661 0
      vertex 6.34384 -10.779 0
    endloop
  endfacet
  facet normal -0 0 -1
    outer loop
      vertex 7.08682 -9.6661 0
      vertex 6.25 -10.8253 0
      vertex 4.5 -7.79422 0
    endloop
  endfacet
  facet normal 0 0 -1
    outer loop
      vertex 4.82768 -10.9704 0
      vertex 6.25 -10.8253 0
      vertex 6.16299 -10.8834 0
    endloop
  endfacet
  facet normal 0 0 -1
    outer loop
      vertex 4.82768 -10.9704 0
      vertex 6.16299 -10.8834 0
      vertex 6.08432 -10.9524 0
    endloop
  endfacet
  facet normal 0 0 -1
    outer loop
      vertex 4.82768 -10.9704 0
      vertex 6.08432 -10.9524 0
      vertex 6.01532 -11.0311 0
    endloop
  endfacet
  facet normal 0 0 -1
    outer loop
      vertex 4.82768 -10.9704 0
      vertex 6.01532 -11.0311 0
      vertex 5.95718 -11.1181 0
    endloop
  endfacet
  facet normal 0 0 -1
    outer loop
      vertex 4.82768 -10.9704 0
      vertex 5.95718 -11.1181 0
      vertex 5.9109 -11.212 0
    endloop
  endfacet
  facet normal 0 0 -1
    outer loop
      vertex 4.82768 -10.9704 0
      vertex 5.9109 -11.212 0
      vertex 5.87727 -11.3111 0
    endloop
  endfacet
  facet normal 0 0 -1
    outer loop
      vertex 4.81455 -11.0364 0
      vertex 5.87727 -11.3111 0
      vertex 5.85685 -11.4137 0
    endloop
  endfacet
  facet normal -0 0 -1
    outer loop
      vertex 5.95718 -11.9181 0
      vertex 5.1513 -12.2932 0
      vertex 5.9109 -11.8243 0
    endloop
  endfacet
  facet normal 0 0 -1
    outer loop
      vertex 5.02776 -12.1083 0
      vertex 5.9109 -11.8243 0
      vertex 5.1513 -12.2932 0
    endloop
  endfacet
  facet normal -0 0 -1
    outer loop
      vertex 5.9109 -11.8243 0
      vertex 5.02776 -12.1083 0
      vertex 5.87726 -11.7252 0
    endloop
  endfacet
  facet normal -0 0 -1
    outer loop
      vertex 6.25 -10.8253 0
      vertex 4.82768 -10.9704 0
      vertex 4.5 -7.79422 0
    endloop
  endfacet
  facet normal 0 0 -1
    outer loop
      vertex 4.9294 -11.9089 0
      vertex 5.87726 -11.7252 0
      vertex 5.02776 -12.1083 0
    endloop
  endfacet
  facet normal -0 0 -1
    outer loop
      vertex 5.87726 -11.7252 0
      vertex 4.9294 -11.9089 0
      vertex 5.85685 -11.6225 0
    endloop
  endfacet
  facet normal 0 0 -1
    outer loop
      vertex 4.85793 -11.6983 0
      vertex 5.85685 -11.6225 0
      vertex 4.9294 -11.9089 0
    endloop
  endfacet
  facet normal -0 0 -1
    outer loop
      vertex 5.85685 -11.6225 0
      vertex 4.85793 -11.6983 0
      vertex 5.85001 -11.5181 0
    endloop
  endfacet
  facet normal 0 0 -1
    outer loop
      vertex 4.81454 -11.4802 0
      vertex 5.85001 -11.5181 0
      vertex 4.85793 -11.6983 0
    endloop
  endfacet
  facet normal 0 0 -1
    outer loop
      vertex 5.85001 -11.5181 0
      vertex 4.81454 -11.4802 0
      vertex 5.85685 -11.4137 0
    endloop
  endfacet
  facet normal 0 0 -1
    outer loop
      vertex 7.30513 -9.52023 0
      vertex 5.47885 -7.14017 0
      vertex 6.36395 -6.36395 0
    endloop
  endfacet
  facet normal 0 0 -1
    outer loop
      vertex 3.44414 -8.31491 0
      vertex 4.82768 -10.9704 0
      vertex 4.59219 -11.0865 0
    endloop
  endfacet
  facet normal 0 0 -1
    outer loop
      vertex 7.08682 -9.6661 0
      vertex 4.5 -7.79422 0
      vertex 5.47885 -7.14017 0
    endloop
  endfacet
  facet normal 0 0 -1
    outer loop
      vertex 4.82768 -10.9704 0
      vertex 3.44414 -8.31491 0
      vertex 4.5 -7.79422 0
    endloop
  endfacet
  facet normal 0 0 -1
    outer loop
      vertex 3.10582 -11.5911 0
      vertex 3.44414 -8.31491 0
      vertex 4.59219 -11.0865 0
    endloop
  endfacet
  facet normal 0 0 -1
    outer loop
      vertex 3.10582 -11.5911 0
      vertex 2.32936 -8.69333 0
      vertex 3.44414 -8.31491 0
    endloop
  endfacet
  facet normal 0 0 -1
    outer loop
      vertex 1.5663 -11.8973 0
      vertex 2.32936 -8.69333 0
      vertex 3.10582 -11.5911 0
    endloop
  endfacet
  facet normal 0 0 -1
    outer loop
      vertex 1.5663 -11.8973 0
      vertex 1.17473 -8.92299 0
      vertex 2.32936 -8.69333 0
    endloop
  endfacet
  facet normal 0 0 -1
    outer loop
      vertex 0 -12 0
      vertex 1.17473 -8.92299 0
      vertex 1.5663 -11.8973 0
    endloop
  endfacet
  facet normal 0 0 -1
    outer loop
      vertex 0 -12 0
      vertex 0 -9 0
      vertex 1.17473 -8.92299 0
    endloop
  endfacet
  facet normal 0 0 -1
    outer loop
      vertex 0 -12 0
      vertex -1.17473 -8.92299 0
      vertex 0 -9 0
    endloop
  endfacet
  facet normal 0 0 -1
    outer loop
      vertex -1.5663 -11.8973 0
      vertex -1.17473 -8.92299 0
      vertex 0 -12 0
    endloop
  endfacet
  facet normal 0 0 -1
    outer loop
      vertex -1.5663 -11.8973 0
      vertex -2.32936 -8.69333 0
      vertex -1.17473 -8.92299 0
    endloop
  endfacet
  facet normal 0 0 -1
    outer loop
      vertex -3.10582 -11.5911 0
      vertex -2.32936 -8.69333 0
      vertex -1.5663 -11.8973 0
    endloop
  endfacet
  facet normal 0 0 -1
    outer loop
      vertex -3.10582 -11.5911 0
      vertex -3.44414 -8.31491 0
      vertex -2.32936 -8.69333 0
    endloop
  endfacet
  facet normal 0 0 -1
    outer loop
      vertex -4.59219 -11.0865 0
      vertex -3.44414 -8.31491 0
      vertex -3.10582 -11.5911 0
    endloop
  endfacet
  facet normal 0 0 -1
    outer loop
      vertex -4.82768 -10.9704 0
      vertex -3.44414 -8.31491 0
      vertex -4.59219 -11.0865 0
    endloop
  endfacet
  facet normal 0 -1 0
    outer loop
      vertex 0.404145 -0.7 0
      vertex 2.60758 -0.7 1.2
      vertex 0.404145 -0.7 1.2
    endloop
  endfacet
  facet normal 0 -1 -0
    outer loop
      vertex 2.60758 -0.7 1.2
      vertex 0.404145 -0.7 0
      vertex 2.60758 -0.7 0
    endloop
  endfacet
  facet normal 0 -1 0
    outer loop
      vertex 3.42168 -0.7 0
      vertex 8.95411 -0.7 1.2
      vertex 3.42168 -0.7 1.2
    endloop
  endfacet
  facet normal 0 -1 -0
    outer loop
      vertex 8.95411 -0.7 1.2
      vertex 3.42168 -0.7 0
      vertex 8.95411 -0.7 0
    endloop
  endfacet
  facet normal 0.866025 0.5 0
    outer loop
      vertex 0.404145 0.7 1.2
      vertex -0.697573 2.60823 0
      vertex -0.697573 2.60823 1.2
    endloop
  endfacet
  facet normal 0.866025 0.5 0
    outer loop
      vertex -0.697573 2.60823 0
      vertex 0.404145 0.7 1.2
      vertex 0.404145 0.7 0
    endloop
  endfacet
  facet normal 0.866025 0.5 0
    outer loop
      vertex -1.10462 3.31326 1.2
      vertex -3.87084 8.10449 0
      vertex -3.87084 8.10449 1.2
    endloop
  endfacet
  facet normal 0.866025 0.5 0
    outer loop
      vertex -3.87084 8.10449 0
      vertex -1.10462 3.31326 1.2
      vertex -1.10462 3.31326 0
    endloop
  endfacet
  facet normal -0.866025 -0.500001 0
    outer loop
      vertex -0.80829 0 0
      vertex -1.91001 1.90823 1.2
      vertex -1.91001 1.90823 0
    endloop
  endfacet
  facet normal -0.866025 -0.500001 0
    outer loop
      vertex -1.91001 1.90823 1.2
      vertex -0.80829 0 0
      vertex -0.80829 0 1.2
    endloop
  endfacet
  facet normal -0.866026 -0.5 0
    outer loop
      vertex -2.31706 2.61327 0
      vertex -5.08327 7.40449 1.2
      vertex -5.08327 7.40449 0
    endloop
  endfacet
  facet normal -0.866026 -0.5 0
    outer loop
      vertex -5.08327 7.40449 1.2
      vertex -2.31706 2.61327 0
      vertex -2.31706 2.61327 1.2
    endloop
  endfacet
  facet normal -0.866025 0.500001 0
    outer loop
      vertex -1.91001 -1.90823 0
      vertex -0.80829 0 1.2
      vertex -0.80829 0 0
    endloop
  endfacet
  facet normal -0.866025 0.500001 0
    outer loop
      vertex -0.80829 0 1.2
      vertex -1.91001 -1.90823 0
      vertex -1.91001 -1.90823 1.2
    endloop
  endfacet
  facet normal -0.866026 0.5 0
    outer loop
      vertex -5.08327 -7.40449 0
      vertex -2.31706 -2.61327 1.2
      vertex -2.31706 -2.61327 0
    endloop
  endfacet
  facet normal -0.866026 0.5 0
    outer loop
      vertex -2.31706 -2.61327 1.2
      vertex -5.08327 -7.40449 0
      vertex -5.08327 -7.40449 1.2
    endloop
  endfacet
  facet normal 0.866025 -0.5 0
    outer loop
      vertex -0.697573 -2.60823 1.2
      vertex 0.404145 -0.7 0
      vertex 0.404145 -0.7 1.2
    endloop
  endfacet
  facet normal 0.866025 -0.5 0
    outer loop
      vertex 0.404145 -0.7 0
      vertex -0.697573 -2.60823 1.2
      vertex -0.697573 -2.60823 0
    endloop
  endfacet
  facet normal 0.866025 -0.5 0
    outer loop
      vertex -3.87084 -8.10449 1.2
      vertex -1.10462 -3.31326 0
      vertex -1.10462 -3.31326 1.2
    endloop
  endfacet
  facet normal 0.866025 -0.5 0
    outer loop
      vertex -1.10462 -3.31326 0
      vertex -3.87084 -8.10449 1.2
      vertex -3.87084 -8.10449 0
    endloop
  endfacet
  facet normal 0.195165 -0.98077 0
    outer loop
      vertex 13.2219 -1.68546 0
      vertex 13.44 -1.64206 1.2
      vertex 13.2219 -1.68546 1.2
    endloop
  endfacet
  facet normal 0.195165 -0.98077 0
    outer loop
      vertex 13.44 -1.64206 1.2
      vertex 13.2219 -1.68546 0
      vertex 13.44 -1.64206 0
    endloop
  endfacet
  facet normal 0.321363 -0.946956 0
    outer loop
      vertex 13.44 -1.64206 0
      vertex 13.6506 -1.57059 1.2
      vertex 13.44 -1.64206 1.2
    endloop
  endfacet
  facet normal 0.321363 -0.946956 0
    outer loop
      vertex 13.6506 -1.57059 1.2
      vertex 13.44 -1.64206 0
      vertex 13.6506 -1.57059 0
    endloop
  endfacet
  facet normal 0.442386 -0.896825 0
    outer loop
      vertex 13.6506 -1.57059 0
      vertex 13.85 -1.47223 1.2
      vertex 13.6506 -1.57059 1.2
    endloop
  endfacet
  facet normal 0.442386 -0.896825 0
    outer loop
      vertex 13.85 -1.47223 1.2
      vertex 13.6506 -1.57059 0
      vertex 13.85 -1.47223 0
    endloop
  endfacet
  facet normal 0.555551 -0.831483 0
    outer loop
      vertex 13.85 -1.47223 0
      vertex 14.0349 -1.34869 1.2
      vertex 13.85 -1.47223 1.2
    endloop
  endfacet
  facet normal 0.555551 -0.831483 0
    outer loop
      vertex 14.0349 -1.34869 1.2
      vertex 13.85 -1.47223 0
      vertex 14.0349 -1.34869 0
    endloop
  endfacet
  facet normal 0.659319 -0.751863 0
    outer loop
      vertex 14.0349 -1.34869 0
      vertex 14.2021 -1.20207 1.2
      vertex 14.0349 -1.34869 1.2
    endloop
  endfacet
  facet normal 0.659319 -0.751863 0
    outer loop
      vertex 14.2021 -1.20207 1.2
      vertex 14.0349 -1.34869 0
      vertex 14.2021 -1.20207 0
    endloop
  endfacet
  facet normal 0.751888 -0.659291 0
    outer loop
      vertex 14.2021 -1.20207 1.2
      vertex 14.3487 -1.03488 0
      vertex 14.3487 -1.03488 1.2
    endloop
  endfacet
  facet normal 0.751888 -0.659291 0
    outer loop
      vertex 14.3487 -1.03488 0
      vertex 14.2021 -1.20207 1.2
      vertex 14.2021 -1.20207 0
    endloop
  endfacet
  facet normal 0.83155 -0.555449 0
    outer loop
      vertex 14.3487 -1.03488 1.2
      vertex 14.4722 -0.849991 0
      vertex 14.4722 -0.849991 1.2
    endloop
  endfacet
  facet normal 0.83155 -0.555449 0
    outer loop
      vertex 14.4722 -0.849991 0
      vertex 14.3487 -1.03488 1.2
      vertex 14.3487 -1.03488 0
    endloop
  endfacet
  facet normal 0.896783 -0.442471 0
    outer loop
      vertex 14.4722 -0.849991 1.2
      vertex 14.5706 -0.650558 0
      vertex 14.5706 -0.650558 1.2
    endloop
  endfacet
  facet normal 0.896783 -0.442471 0
    outer loop
      vertex 14.5706 -0.650558 0
      vertex 14.4722 -0.849991 1.2
      vertex 14.4722 -0.849991 0
    endloop
  endfacet
  facet normal 0.946902 -0.321523 0
    outer loop
      vertex 14.5706 -0.650558 1.2
      vertex 14.6421 -0.439987 0
      vertex 14.6421 -0.439987 1.2
    endloop
  endfacet
  facet normal 0.946902 -0.321523 0
    outer loop
      vertex 14.6421 -0.439987 0
      vertex 14.5706 -0.650558 1.2
      vertex 14.5706 -0.650558 0
    endloop
  endfacet
  facet normal 0.980769 -0.19517 0
    outer loop
      vertex 14.6421 -0.439987 1.2
      vertex 14.6855 -0.221893 0
      vertex 14.6855 -0.221893 1.2
    endloop
  endfacet
  facet normal 0.980769 -0.19517 0
    outer loop
      vertex 14.6855 -0.221893 0
      vertex 14.6421 -0.439987 1.2
      vertex 14.6421 -0.439987 0
    endloop
  endfacet
  facet normal 0.997872 -0.0652077 0
    outer loop
      vertex 14.6855 -0.221893 1.2
      vertex 14.7 0 0
      vertex 14.7 0 1.2
    endloop
  endfacet
  facet normal 0.997872 -0.0652077 0
    outer loop
      vertex 14.7 0 0
      vertex 14.6855 -0.221893 1.2
      vertex 14.6855 -0.221893 0
    endloop
  endfacet
  facet normal 0.997872 0.0652077 0
    outer loop
      vertex 14.7 0 1.2
      vertex 14.6855 0.221893 0
      vertex 14.6855 0.221893 1.2
    endloop
  endfacet
  facet normal 0.997872 0.0652077 0
    outer loop
      vertex 14.6855 0.221893 0
      vertex 14.7 0 1.2
      vertex 14.7 0 0
    endloop
  endfacet
  facet normal 0.980769 0.19517 0
    outer loop
      vertex 14.6855 0.221893 1.2
      vertex 14.6421 0.439987 0
      vertex 14.6421 0.439987 1.2
    endloop
  endfacet
  facet normal 0.980769 0.19517 0
    outer loop
      vertex 14.6421 0.439987 0
      vertex 14.6855 0.221893 1.2
      vertex 14.6855 0.221893 0
    endloop
  endfacet
  facet normal 0.946902 0.321523 0
    outer loop
      vertex 14.6421 0.439987 1.2
      vertex 14.5706 0.650558 0
      vertex 14.5706 0.650558 1.2
    endloop
  endfacet
  facet normal 0.946902 0.321523 0
    outer loop
      vertex 14.5706 0.650558 0
      vertex 14.6421 0.439987 1.2
      vertex 14.6421 0.439987 0
    endloop
  endfacet
  facet normal 0.896783 0.442471 0
    outer loop
      vertex 14.5706 0.650558 1.2
      vertex 14.4722 0.849991 0
      vertex 14.4722 0.849991 1.2
    endloop
  endfacet
  facet normal 0.896783 0.442471 0
    outer loop
      vertex 14.4722 0.849991 0
      vertex 14.5706 0.650558 1.2
      vertex 14.5706 0.650558 0
    endloop
  endfacet
  facet normal 0.83155 0.555449 0
    outer loop
      vertex 14.4722 0.849991 1.2
      vertex 14.3487 1.03488 0
      vertex 14.3487 1.03488 1.2
    endloop
  endfacet
  facet normal 0.83155 0.555449 0
    outer loop
      vertex 14.3487 1.03488 0
      vertex 14.4722 0.849991 1.2
      vertex 14.4722 0.849991 0
    endloop
  endfacet
  facet normal 0.751888 0.659291 0
    outer loop
      vertex 14.3487 1.03488 1.2
      vertex 14.2021 1.20207 0
      vertex 14.2021 1.20207 1.2
    endloop
  endfacet
  facet normal 0.751888 0.659291 0
    outer loop
      vertex 14.2021 1.20207 0
      vertex 14.3487 1.03488 1.2
      vertex 14.3487 1.03488 0
    endloop
  endfacet
  facet normal 0.659319 0.751863 -0
    outer loop
      vertex 14.2021 1.20207 0
      vertex 14.0349 1.34869 1.2
      vertex 14.2021 1.20207 1.2
    endloop
  endfacet
  facet normal 0.659319 0.751863 0
    outer loop
      vertex 14.0349 1.34869 1.2
      vertex 14.2021 1.20207 0
      vertex 14.0349 1.34869 0
    endloop
  endfacet
  facet normal 0.555551 0.831483 -0
    outer loop
      vertex 14.0349 1.34869 0
      vertex 13.85 1.47223 1.2
      vertex 14.0349 1.34869 1.2
    endloop
  endfacet
  facet normal 0.555551 0.831483 0
    outer loop
      vertex 13.85 1.47223 1.2
      vertex 14.0349 1.34869 0
      vertex 13.85 1.47223 0
    endloop
  endfacet
  facet normal 0.442386 0.896825 -0
    outer loop
      vertex 13.85 1.47223 0
      vertex 13.6506 1.57059 1.2
      vertex 13.85 1.47223 1.2
    endloop
  endfacet
  facet normal 0.442386 0.896825 0
    outer loop
      vertex 13.6506 1.57059 1.2
      vertex 13.85 1.47223 0
      vertex 13.6506 1.57059 0
    endloop
  endfacet
  facet normal 0.321363 0.946956 -0
    outer loop
      vertex 13.6506 1.57059 0
      vertex 13.44 1.64206 1.2
      vertex 13.6506 1.57059 1.2
    endloop
  endfacet
  facet normal 0.321363 0.946956 0
    outer loop
      vertex 13.44 1.64206 1.2
      vertex 13.6506 1.57059 0
      vertex 13.44 1.64206 0
    endloop
  endfacet
  facet normal 0.195165 0.98077 -0
    outer loop
      vertex 13.44 1.64206 0
      vertex 13.2219 1.68546 1.2
      vertex 13.44 1.64206 1.2
    endloop
  endfacet
  facet normal 0.195165 0.98077 0
    outer loop
      vertex 13.2219 1.68546 1.2
      vertex 13.44 1.64206 0
      vertex 13.2219 1.68546 0
    endloop
  endfacet
  facet normal 0.0653848 0.99786 -0
    outer loop
      vertex 13.2219 1.68546 0
      vertex 13 1.7 1.2
      vertex 13.2219 1.68546 1.2
    endloop
  endfacet
  facet normal 0.0653848 0.99786 0
    outer loop
      vertex 13 1.7 1.2
      vertex 13.2219 1.68546 0
      vertex 13 1.7 0
    endloop
  endfacet
  facet normal -0.0653848 0.99786 0
    outer loop
      vertex 13 1.7 0
      vertex 12.7781 1.68546 1.2
      vertex 13 1.7 1.2
    endloop
  endfacet
  facet normal -0.0653848 0.99786 0
    outer loop
      vertex 12.7781 1.68546 1.2
      vertex 13 1.7 0
      vertex 12.7781 1.68546 0
    endloop
  endfacet
  facet normal -0.195165 0.98077 0
    outer loop
      vertex 12.7781 1.68546 0
      vertex 12.56 1.64206 1.2
      vertex 12.7781 1.68546 1.2
    endloop
  endfacet
  facet normal -0.195165 0.98077 0
    outer loop
      vertex 12.56 1.64206 1.2
      vertex 12.7781 1.68546 0
      vertex 12.56 1.64206 0
    endloop
  endfacet
  facet normal -0.321363 0.946956 0
    outer loop
      vertex 12.56 1.64206 0
      vertex 12.3494 1.57059 1.2
      vertex 12.56 1.64206 1.2
    endloop
  endfacet
  facet normal -0.321363 0.946956 0
    outer loop
      vertex 12.3494 1.57059 1.2
      vertex 12.56 1.64206 0
      vertex 12.3494 1.57059 0
    endloop
  endfacet
  facet normal -0.442386 0.896825 0
    outer loop
      vertex 12.3494 1.57059 0
      vertex 12.15 1.47223 1.2
      vertex 12.3494 1.57059 1.2
    endloop
  endfacet
  facet normal -0.442386 0.896825 0
    outer loop
      vertex 12.15 1.47223 1.2
      vertex 12.3494 1.57059 0
      vertex 12.15 1.47223 0
    endloop
  endfacet
  facet normal -0.555551 0.831483 0
    outer loop
      vertex 12.15 1.47223 0
      vertex 11.9651 1.34869 1.2
      vertex 12.15 1.47223 1.2
    endloop
  endfacet
  facet normal -0.555551 0.831483 0
    outer loop
      vertex 11.9651 1.34869 1.2
      vertex 12.15 1.47223 0
      vertex 11.9651 1.34869 0
    endloop
  endfacet
  facet normal -0.659388 0.751803 0
    outer loop
      vertex 11.9651 1.34869 0
      vertex 11.9145 1.30431 1.2
      vertex 11.9651 1.34869 1.2
    endloop
  endfacet
  facet normal -0.659388 0.751803 0
    outer loop
      vertex 11.9145 1.30431 1.2
      vertex 11.9651 1.34869 0
      vertex 11.9145 1.30431 0
    endloop
  endfacet
  facet normal -0.659388 -0.751803 0
    outer loop
      vertex 11.9145 -1.30431 0
      vertex 11.9651 -1.34869 1.2
      vertex 11.9145 -1.30431 1.2
    endloop
  endfacet
  facet normal -0.659388 -0.751803 -0
    outer loop
      vertex 11.9651 -1.34869 1.2
      vertex 11.9145 -1.30431 0
      vertex 11.9651 -1.34869 0
    endloop
  endfacet
  facet normal -0.555551 -0.831483 0
    outer loop
      vertex 11.9651 -1.34869 0
      vertex 12.15 -1.47223 1.2
      vertex 11.9651 -1.34869 1.2
    endloop
  endfacet
  facet normal -0.555551 -0.831483 -0
    outer loop
      vertex 12.15 -1.47223 1.2
      vertex 11.9651 -1.34869 0
      vertex 12.15 -1.47223 0
    endloop
  endfacet
  facet normal -0.442386 -0.896825 0
    outer loop
      vertex 12.15 -1.47223 0
      vertex 12.3494 -1.57059 1.2
      vertex 12.15 -1.47223 1.2
    endloop
  endfacet
  facet normal -0.442386 -0.896825 -0
    outer loop
      vertex 12.3494 -1.57059 1.2
      vertex 12.15 -1.47223 0
      vertex 12.3494 -1.57059 0
    endloop
  endfacet
  facet normal -0.321363 -0.946956 0
    outer loop
      vertex 12.3494 -1.57059 0
      vertex 12.56 -1.64206 1.2
      vertex 12.3494 -1.57059 1.2
    endloop
  endfacet
  facet normal -0.321363 -0.946956 -0
    outer loop
      vertex 12.56 -1.64206 1.2
      vertex 12.3494 -1.57059 0
      vertex 12.56 -1.64206 0
    endloop
  endfacet
  facet normal -0.195165 -0.98077 0
    outer loop
      vertex 12.56 -1.64206 0
      vertex 12.7781 -1.68546 1.2
      vertex 12.56 -1.64206 1.2
    endloop
  endfacet
  facet normal -0.195165 -0.98077 -0
    outer loop
      vertex 12.7781 -1.68546 1.2
      vertex 12.56 -1.64206 0
      vertex 12.7781 -1.68546 0
    endloop
  endfacet
  facet normal -0.0653848 -0.99786 0
    outer loop
      vertex 12.7781 -1.68546 0
      vertex 13 -1.7 1.2
      vertex 12.7781 -1.68546 1.2
    endloop
  endfacet
  facet normal -0.0653848 -0.99786 -0
    outer loop
      vertex 13 -1.7 1.2
      vertex 12.7781 -1.68546 0
      vertex 13 -1.7 0
    endloop
  endfacet
  facet normal 0.0653848 -0.99786 0
    outer loop
      vertex 13 -1.7 0
      vertex 13.2219 -1.68546 1.2
      vertex 13 -1.7 1.2
    endloop
  endfacet
  facet normal 0.0653848 -0.99786 0
    outer loop
      vertex 13.2219 -1.68546 1.2
      vertex 13 -1.7 0
      vertex 13.2219 -1.68546 0
    endloop
  endfacet
  facet normal 0.194977 0.980808 -0
    outer loop
      vertex 13.1956 -0.793152 0
      vertex 13.0929 -0.772736 1.2
      vertex 13.1956 -0.793152 1.2
    endloop
  endfacet
  facet normal 0.194977 0.980808 0
    outer loop
      vertex 13.0929 -0.772736 1.2
      vertex 13.1956 -0.793152 0
      vertex 13.0929 -0.772736 0
    endloop
  endfacet
  facet normal 0.321783 0.946814 -0
    outer loop
      vertex 13.0929 -0.772736 0
      vertex 12.9939 -0.73909 1.2
      vertex 13.0929 -0.772736 1.2
    endloop
  endfacet
  facet normal 0.321783 0.946814 0
    outer loop
      vertex 12.9939 -0.73909 1.2
      vertex 13.0929 -0.772736 0
      vertex 12.9939 -0.73909 0
    endloop
  endfacet
  facet normal 0.442086 0.896973 -0
    outer loop
      vertex 12.9939 -0.73909 0
      vertex 12.9 -0.69281 1.2
      vertex 12.9939 -0.73909 1.2
    endloop
  endfacet
  facet normal 0.442086 0.896973 0
    outer loop
      vertex 12.9 -0.69281 1.2
      vertex 12.9939 -0.73909 0
      vertex 12.9 -0.69281 0
    endloop
  endfacet
  facet normal 0.5556 0.83145 -0
    outer loop
      vertex 12.9 -0.69281 0
      vertex 12.813 -0.634674 1.2
      vertex 12.9 -0.69281 1.2
    endloop
  endfacet
  facet normal 0.5556 0.83145 0
    outer loop
      vertex 12.813 -0.634674 1.2
      vertex 12.9 -0.69281 0
      vertex 12.813 -0.634674 0
    endloop
  endfacet
  facet normal 0.659248 0.751925 -0
    outer loop
      vertex 12.813 -0.634674 0
      vertex 12.7343 -0.565674 1.2
      vertex 12.813 -0.634674 1.2
    endloop
  endfacet
  facet normal 0.659248 0.751925 0
    outer loop
      vertex 12.7343 -0.565674 1.2
      vertex 12.813 -0.634674 0
      vertex 12.7343 -0.565674 0
    endloop
  endfacet
  facet normal 0.751817 0.659371 0
    outer loop
      vertex 12.7343 -0.565674 1.2
      vertex 12.6653 -0.487 0
      vertex 12.6653 -0.487 1.2
    endloop
  endfacet
  facet normal 0.751817 0.659371 0
    outer loop
      vertex 12.6653 -0.487 0
      vertex 12.7343 -0.565674 1.2
      vertex 12.7343 -0.565674 0
    endloop
  endfacet
  facet normal 0.831627 0.555335 0
    outer loop
      vertex 12.6653 -0.487 1.2
      vertex 12.6072 -0.399994 0
      vertex 12.6072 -0.399994 1.2
    endloop
  endfacet
  facet normal 0.831627 0.555335 0
    outer loop
      vertex 12.6072 -0.399994 0
      vertex 12.6653 -0.487 1.2
      vertex 12.6653 -0.487 0
    endloop
  endfacet
  facet normal 0.896816 0.442403 0
    outer loop
      vertex 12.6072 -0.399994 1.2
      vertex 12.5609 -0.306137 0
      vertex 12.5609 -0.306137 1.2
    endloop
  endfacet
  facet normal 0.896816 0.442403 0
    outer loop
      vertex 12.5609 -0.306137 0
      vertex 12.6072 -0.399994 1.2
      vertex 12.6072 -0.399994 0
    endloop
  endfacet
  facet normal 0.947036 0.321126 0
    outer loop
      vertex 12.5609 -0.306137 1.2
      vertex 12.5273 -0.207047 0
      vertex 12.5273 -0.207047 1.2
    endloop
  endfacet
  facet normal 0.947036 0.321126 0
    outer loop
      vertex 12.5273 -0.207047 0
      vertex 12.5609 -0.306137 1.2
      vertex 12.5609 -0.306137 0
    endloop
  endfacet
  facet normal 0.980629 0.195875 0
    outer loop
      vertex 12.5273 -0.207047 1.2
      vertex 12.5068 -0.104416 0
      vertex 12.5068 -0.104416 1.2
    endloop
  endfacet
  facet normal 0.980629 0.195875 0
    outer loop
      vertex 12.5068 -0.104416 0
      vertex 12.5273 -0.207047 1.2
      vertex 12.5273 -0.207047 0
    endloop
  endfacet
  facet normal 0.997886 0.0649865 0
    outer loop
      vertex 12.5068 -0.104416 1.2
      vertex 12.5 0 0
      vertex 12.5 0 1.2
    endloop
  endfacet
  facet normal 0.997886 0.0649865 0
    outer loop
      vertex 12.5 0 0
      vertex 12.5068 -0.104416 1.2
      vertex 12.5068 -0.104416 0
    endloop
  endfacet
  facet normal 0.997886 -0.0649865 0
    outer loop
      vertex 12.5 0 1.2
      vertex 12.5068 0.104416 0
      vertex 12.5068 0.104416 1.2
    endloop
  endfacet
  facet normal 0.997886 -0.0649865 0
    outer loop
      vertex 12.5068 0.104416 0
      vertex 12.5 0 1.2
      vertex 12.5 0 0
    endloop
  endfacet
  facet normal 0.980629 -0.195875 0
    outer loop
      vertex 12.5068 0.104416 1.2
      vertex 12.5273 0.207047 0
      vertex 12.5273 0.207047 1.2
    endloop
  endfacet
  facet normal 0.980629 -0.195875 0
    outer loop
      vertex 12.5273 0.207047 0
      vertex 12.5068 0.104416 1.2
      vertex 12.5068 0.104416 0
    endloop
  endfacet
  facet normal 0.947036 -0.321126 0
    outer loop
      vertex 12.5273 0.207047 1.2
      vertex 12.5609 0.306137 0
      vertex 12.5609 0.306137 1.2
    endloop
  endfacet
  facet normal 0.947036 -0.321126 0
    outer loop
      vertex 12.5609 0.306137 0
      vertex 12.5273 0.207047 1.2
      vertex 12.5273 0.207047 0
    endloop
  endfacet
  facet normal 0.896816 -0.442403 0
    outer loop
      vertex 12.5609 0.306137 1.2
      vertex 12.6072 0.399994 0
      vertex 12.6072 0.399994 1.2
    endloop
  endfacet
  facet normal 0.896816 -0.442403 0
    outer loop
      vertex 12.6072 0.399994 0
      vertex 12.5609 0.306137 1.2
      vertex 12.5609 0.306137 0
    endloop
  endfacet
  facet normal 0.831627 -0.555335 0
    outer loop
      vertex 12.6072 0.399994 1.2
      vertex 12.6653 0.487 0
      vertex 12.6653 0.487 1.2
    endloop
  endfacet
  facet normal 0.831627 -0.555335 0
    outer loop
      vertex 12.6653 0.487 0
      vertex 12.6072 0.399994 1.2
      vertex 12.6072 0.399994 0
    endloop
  endfacet
  facet normal 0.751817 -0.659371 0
    outer loop
      vertex 12.6653 0.487 1.2
      vertex 12.7343 0.565674 0
      vertex 12.7343 0.565674 1.2
    endloop
  endfacet
  facet normal 0.751817 -0.659371 0
    outer loop
      vertex 12.7343 0.565674 0
      vertex 12.6653 0.487 1.2
      vertex 12.6653 0.487 0
    endloop
  endfacet
  facet normal 0.659248 -0.751925 0
    outer loop
      vertex 12.7343 0.565674 0
      vertex 12.813 0.634674 1.2
      vertex 12.7343 0.565674 1.2
    endloop
  endfacet
  facet normal 0.659248 -0.751925 0
    outer loop
      vertex 12.813 0.634674 1.2
      vertex 12.7343 0.565674 0
      vertex 12.813 0.634674 0
    endloop
  endfacet
  facet normal 0.5556 -0.83145 0
    outer loop
      vertex 12.813 0.634674 0
      vertex 12.9 0.69281 1.2
      vertex 12.813 0.634674 1.2
    endloop
  endfacet
  facet normal 0.5556 -0.83145 0
    outer loop
      vertex 12.9 0.69281 1.2
      vertex 12.813 0.634674 0
      vertex 12.9 0.69281 0
    endloop
  endfacet
  facet normal 0.442086 -0.896973 0
    outer loop
      vertex 12.9 0.69281 0
      vertex 12.9939 0.73909 1.2
      vertex 12.9 0.69281 1.2
    endloop
  endfacet
  facet normal 0.442086 -0.896973 0
    outer loop
      vertex 12.9939 0.73909 1.2
      vertex 12.9 0.69281 0
      vertex 12.9939 0.73909 0
    endloop
  endfacet
  facet normal 0.321783 -0.946814 0
    outer loop
      vertex 12.9939 0.73909 0
      vertex 13.0929 0.772736 1.2
      vertex 12.9939 0.73909 1.2
    endloop
  endfacet
  facet normal 0.321783 -0.946814 0
    outer loop
      vertex 13.0929 0.772736 1.2
      vertex 12.9939 0.73909 0
      vertex 13.0929 0.772736 0
    endloop
  endfacet
  facet normal 0.194977 -0.980808 0
    outer loop
      vertex 13.0929 0.772736 0
      vertex 13.1956 0.793152 1.2
      vertex 13.0929 0.772736 1.2
    endloop
  endfacet
  facet normal 0.194977 -0.980808 0
    outer loop
      vertex 13.1956 0.793152 1.2
      vertex 13.0929 0.772736 0
      vertex 13.1956 0.793152 0
    endloop
  endfacet
  facet normal 0.065339 -0.997863 0
    outer loop
      vertex 13.1956 0.793152 0
      vertex 13.3 0.799988 1.2
      vertex 13.1956 0.793152 1.2
    endloop
  endfacet
  facet normal 0.065339 -0.997863 0
    outer loop
      vertex 13.3 0.799988 1.2
      vertex 13.1956 0.793152 0
      vertex 13.3 0.799988 0
    endloop
  endfacet
  facet normal -0.065339 -0.997863 0
    outer loop
      vertex 13.3 0.799988 0
      vertex 13.4044 0.793152 1.2
      vertex 13.3 0.799988 1.2
    endloop
  endfacet
  facet normal -0.065339 -0.997863 -0
    outer loop
      vertex 13.4044 0.793152 1.2
      vertex 13.3 0.799988 0
      vertex 13.4044 0.793152 0
    endloop
  endfacet
  facet normal -0.19516 -0.980771 0
    outer loop
      vertex 13.4044 0.793152 0
      vertex 13.507 0.772736 1.2
      vertex 13.4044 0.793152 1.2
    endloop
  endfacet
  facet normal -0.19516 -0.980771 -0
    outer loop
      vertex 13.507 0.772736 1.2
      vertex 13.4044 0.793152 0
      vertex 13.507 0.772736 0
    endloop
  endfacet
  facet normal -0.321492 -0.946912 0
    outer loop
      vertex 13.507 0.772736 0
      vertex 13.6061 0.73909 1.2
      vertex 13.507 0.772736 1.2
    endloop
  endfacet
  facet normal -0.321492 -0.946912 -0
    outer loop
      vertex 13.6061 0.73909 1.2
      vertex 13.507 0.772736 0
      vertex 13.6061 0.73909 0
    endloop
  endfacet
  facet normal -0.442086 -0.896973 0
    outer loop
      vertex 13.6061 0.73909 0
      vertex 13.7 0.69281 1.2
      vertex 13.6061 0.73909 1.2
    endloop
  endfacet
  facet normal -0.442086 -0.896973 -0
    outer loop
      vertex 13.7 0.69281 1.2
      vertex 13.6061 0.73909 0
      vertex 13.7 0.69281 0
    endloop
  endfacet
  facet normal -0.5556 -0.83145 0
    outer loop
      vertex 13.7 0.69281 0
      vertex 13.787 0.634674 1.2
      vertex 13.7 0.69281 1.2
    endloop
  endfacet
  facet normal -0.5556 -0.83145 -0
    outer loop
      vertex 13.787 0.634674 1.2
      vertex 13.7 0.69281 0
      vertex 13.787 0.634674 0
    endloop
  endfacet
  facet normal -0.659248 -0.751925 0
    outer loop
      vertex 13.787 0.634674 0
      vertex 13.8657 0.565674 1.2
      vertex 13.787 0.634674 1.2
    endloop
  endfacet
  facet normal -0.659248 -0.751925 -0
    outer loop
      vertex 13.8657 0.565674 1.2
      vertex 13.787 0.634674 0
      vertex 13.8657 0.565674 0
    endloop
  endfacet
  facet normal -0.751817 -0.659371 0
    outer loop
      vertex 13.9347 0.487 0
      vertex 13.8657 0.565674 1.2
      vertex 13.8657 0.565674 0
    endloop
  endfacet
  facet normal -0.751817 -0.659371 0
    outer loop
      vertex 13.8657 0.565674 1.2
      vertex 13.9347 0.487 0
      vertex 13.9347 0.487 1.2
    endloop
  endfacet
  facet normal -0.831627 -0.555335 0
    outer loop
      vertex 13.9928 0.399994 0
      vertex 13.9347 0.487 1.2
      vertex 13.9347 0.487 0
    endloop
  endfacet
  facet normal -0.831627 -0.555335 0
    outer loop
      vertex 13.9347 0.487 1.2
      vertex 13.9928 0.399994 0
      vertex 13.9928 0.399994 1.2
    endloop
  endfacet
  facet normal -0.896816 -0.442403 0
    outer loop
      vertex 14.0391 0.306137 0
      vertex 13.9928 0.399994 1.2
      vertex 13.9928 0.399994 0
    endloop
  endfacet
  facet normal -0.896816 -0.442403 0
    outer loop
      vertex 13.9928 0.399994 1.2
      vertex 14.0391 0.306137 0
      vertex 14.0391 0.306137 1.2
    endloop
  endfacet
  facet normal -0.947036 -0.321126 0
    outer loop
      vertex 14.0727 0.207047 0
      vertex 14.0391 0.306137 1.2
      vertex 14.0391 0.306137 0
    endloop
  endfacet
  facet normal -0.947036 -0.321126 0
    outer loop
      vertex 14.0391 0.306137 1.2
      vertex 14.0727 0.207047 0
      vertex 14.0727 0.207047 1.2
    endloop
  endfacet
  facet normal -0.980629 -0.195875 0
    outer loop
      vertex 14.0932 0.104416 0
      vertex 14.0727 0.207047 1.2
      vertex 14.0727 0.207047 0
    endloop
  endfacet
  facet normal -0.980629 -0.195875 0
    outer loop
      vertex 14.0727 0.207047 1.2
      vertex 14.0932 0.104416 0
      vertex 14.0932 0.104416 1.2
    endloop
  endfacet
  facet normal -0.997886 -0.0649865 0
    outer loop
      vertex 14.1 0 0
      vertex 14.0932 0.104416 1.2
      vertex 14.0932 0.104416 0
    endloop
  endfacet
  facet normal -0.997886 -0.0649865 0
    outer loop
      vertex 14.0932 0.104416 1.2
      vertex 14.1 0 0
      vertex 14.1 0 1.2
    endloop
  endfacet
  facet normal -0.997886 0.0649865 0
    outer loop
      vertex 14.0932 -0.104416 0
      vertex 14.1 0 1.2
      vertex 14.1 0 0
    endloop
  endfacet
  facet normal -0.997886 0.0649865 0
    outer loop
      vertex 14.1 0 1.2
      vertex 14.0932 -0.104416 0
      vertex 14.0932 -0.104416 1.2
    endloop
  endfacet
  facet normal -0.980629 0.195875 0
    outer loop
      vertex 14.0727 -0.207047 0
      vertex 14.0932 -0.104416 1.2
      vertex 14.0932 -0.104416 0
    endloop
  endfacet
  facet normal -0.980629 0.195875 0
    outer loop
      vertex 14.0932 -0.104416 1.2
      vertex 14.0727 -0.207047 0
      vertex 14.0727 -0.207047 1.2
    endloop
  endfacet
  facet normal -0.947036 0.321126 0
    outer loop
      vertex 14.0391 -0.306137 0
      vertex 14.0727 -0.207047 1.2
      vertex 14.0727 -0.207047 0
    endloop
  endfacet
  facet normal -0.947036 0.321126 0
    outer loop
      vertex 14.0727 -0.207047 1.2
      vertex 14.0391 -0.306137 0
      vertex 14.0391 -0.306137 1.2
    endloop
  endfacet
  facet normal -0.896816 0.442403 0
    outer loop
      vertex 13.9928 -0.399994 0
      vertex 14.0391 -0.306137 1.2
      vertex 14.0391 -0.306137 0
    endloop
  endfacet
  facet normal -0.896816 0.442403 0
    outer loop
      vertex 14.0391 -0.306137 1.2
      vertex 13.9928 -0.399994 0
      vertex 13.9928 -0.399994 1.2
    endloop
  endfacet
  facet normal -0.831627 0.555335 0
    outer loop
      vertex 13.9347 -0.487 0
      vertex 13.9928 -0.399994 1.2
      vertex 13.9928 -0.399994 0
    endloop
  endfacet
  facet normal -0.831627 0.555335 0
    outer loop
      vertex 13.9928 -0.399994 1.2
      vertex 13.9347 -0.487 0
      vertex 13.9347 -0.487 1.2
    endloop
  endfacet
  facet normal -0.751817 0.659371 0
    outer loop
      vertex 13.8657 -0.565674 0
      vertex 13.9347 -0.487 1.2
      vertex 13.9347 -0.487 0
    endloop
  endfacet
  facet normal -0.751817 0.659371 0
    outer loop
      vertex 13.9347 -0.487 1.2
      vertex 13.8657 -0.565674 0
      vertex 13.8657 -0.565674 1.2
    endloop
  endfacet
  facet normal -0.659248 0.751925 0
    outer loop
      vertex 13.8657 -0.565674 0
      vertex 13.787 -0.634674 1.2
      vertex 13.8657 -0.565674 1.2
    endloop
  endfacet
  facet normal -0.659248 0.751925 0
    outer loop
      vertex 13.787 -0.634674 1.2
      vertex 13.8657 -0.565674 0
      vertex 13.787 -0.634674 0
    endloop
  endfacet
  facet normal -0.5556 0.83145 0
    outer loop
      vertex 13.787 -0.634674 0
      vertex 13.7 -0.69281 1.2
      vertex 13.787 -0.634674 1.2
    endloop
  endfacet
  facet normal -0.5556 0.83145 0
    outer loop
      vertex 13.7 -0.69281 1.2
      vertex 13.787 -0.634674 0
      vertex 13.7 -0.69281 0
    endloop
  endfacet
  facet normal -0.442086 0.896973 0
    outer loop
      vertex 13.7 -0.69281 0
      vertex 13.6061 -0.73909 1.2
      vertex 13.7 -0.69281 1.2
    endloop
  endfacet
  facet normal -0.442086 0.896973 0
    outer loop
      vertex 13.6061 -0.73909 1.2
      vertex 13.7 -0.69281 0
      vertex 13.6061 -0.73909 0
    endloop
  endfacet
  facet normal -0.321492 0.946912 0
    outer loop
      vertex 13.6061 -0.73909 0
      vertex 13.507 -0.772736 1.2
      vertex 13.6061 -0.73909 1.2
    endloop
  endfacet
  facet normal -0.321492 0.946912 0
    outer loop
      vertex 13.507 -0.772736 1.2
      vertex 13.6061 -0.73909 0
      vertex 13.507 -0.772736 0
    endloop
  endfacet
  facet normal -0.19516 0.980771 0
    outer loop
      vertex 13.507 -0.772736 0
      vertex 13.4044 -0.793152 1.2
      vertex 13.507 -0.772736 1.2
    endloop
  endfacet
  facet normal -0.19516 0.980771 0
    outer loop
      vertex 13.4044 -0.793152 1.2
      vertex 13.507 -0.772736 0
      vertex 13.4044 -0.793152 0
    endloop
  endfacet
  facet normal -0.065339 0.997863 0
    outer loop
      vertex 13.4044 -0.793152 0
      vertex 13.3 -0.799988 1.2
      vertex 13.4044 -0.793152 1.2
    endloop
  endfacet
  facet normal -0.065339 0.997863 0
    outer loop
      vertex 13.3 -0.799988 1.2
      vertex 13.4044 -0.793152 0
      vertex 13.3 -0.799988 0
    endloop
  endfacet
  facet normal 0.065339 0.997863 -0
    outer loop
      vertex 13.3 -0.799988 0
      vertex 13.1956 -0.793152 1.2
      vertex 13.3 -0.799988 1.2
    endloop
  endfacet
  facet normal 0.065339 0.997863 0
    outer loop
      vertex 13.1956 -0.793152 1.2
      vertex 13.3 -0.799988 0
      vertex 13.1956 -0.793152 0
    endloop
  endfacet
  facet normal 0.94691 -0.321499 0
    outer loop
      vertex 8.07059 10.6078 1.2
      vertex 8.14206 10.8183 0
      vertex 8.14206 10.8183 1.2
    endloop
  endfacet
  facet normal 0.94691 -0.321499 0
    outer loop
      vertex 8.14206 10.8183 0
      vertex 8.07059 10.6078 1.2
      vertex 8.07059 10.6078 0
    endloop
  endfacet
  facet normal 0.980779 -0.195122 0
    outer loop
      vertex 8.14206 10.8183 1.2
      vertex 8.18545 11.0364 0
      vertex 8.18545 11.0364 1.2
    endloop
  endfacet
  facet normal 0.980779 -0.195122 0
    outer loop
      vertex 8.18545 11.0364 0
      vertex 8.14206 10.8183 1.2
      vertex 8.14206 10.8183 0
    endloop
  endfacet
  facet normal 0.997863 -0.06534 0
    outer loop
      vertex 8.18545 11.0364 1.2
      vertex 8.19998 11.2583 0
      vertex 8.19998 11.2583 1.2
    endloop
  endfacet
  facet normal 0.997863 -0.06534 0
    outer loop
      vertex 8.19998 11.2583 0
      vertex 8.18545 11.0364 1.2
      vertex 8.18545 11.0364 0
    endloop
  endfacet
  facet normal 0.99786 0.0653848 0
    outer loop
      vertex 8.19998 11.2583 1.2
      vertex 8.18544 11.4802 0
      vertex 8.18544 11.4802 1.2
    endloop
  endfacet
  facet normal 0.99786 0.0653848 0
    outer loop
      vertex 8.18544 11.4802 0
      vertex 8.19998 11.2583 1.2
      vertex 8.19998 11.2583 0
    endloop
  endfacet
  facet normal 0.980788 0.195078 0
    outer loop
      vertex 8.18544 11.4802 1.2
      vertex 8.14206 11.6983 0
      vertex 8.14206 11.6983 1.2
    endloop
  endfacet
  facet normal 0.980788 0.195078 0
    outer loop
      vertex 8.14206 11.6983 0
      vertex 8.18544 11.4802 1.2
      vertex 8.18544 11.4802 0
    endloop
  endfacet
  facet normal 0.946943 0.321403 0
    outer loop
      vertex 8.14206 11.6983 1.2
      vertex 8.07058 11.9089 0
      vertex 8.07058 11.9089 1.2
    endloop
  endfacet
  facet normal 0.946943 0.321403 0
    outer loop
      vertex 8.07058 11.9089 0
      vertex 8.14206 11.6983 1.2
      vertex 8.14206 11.6983 0
    endloop
  endfacet
  facet normal 0.896843 0.442349 0
    outer loop
      vertex 8.07058 11.9089 1.2
      vertex 7.97223 12.1083 0
      vertex 7.97223 12.1083 1.2
    endloop
  endfacet
  facet normal 0.896843 0.442349 0
    outer loop
      vertex 7.97223 12.1083 0
      vertex 8.07058 11.9089 1.2
      vertex 8.07058 11.9089 0
    endloop
  endfacet
  facet normal 0.831483 0.555551 0
    outer loop
      vertex 7.97223 12.1083 1.2
      vertex 7.84869 12.2932 0
      vertex 7.84869 12.2932 1.2
    endloop
  endfacet
  facet normal 0.831483 0.555551 0
    outer loop
      vertex 7.84869 12.2932 0
      vertex 7.97223 12.1083 1.2
      vertex 7.97223 12.1083 0
    endloop
  endfacet
  facet normal 0.751863 0.659319 0
    outer loop
      vertex 7.84869 12.2932 1.2
      vertex 7.70207 12.4604 0
      vertex 7.70207 12.4604 1.2
    endloop
  endfacet
  facet normal 0.751863 0.659319 0
    outer loop
      vertex 7.70207 12.4604 0
      vertex 7.84869 12.2932 1.2
      vertex 7.84869 12.2932 0
    endloop
  endfacet
  facet normal 0.659313 0.751869 -0
    outer loop
      vertex 7.70207 12.4604 0
      vertex 7.53489 12.607 1.2
      vertex 7.70207 12.4604 1.2
    endloop
  endfacet
  facet normal 0.659313 0.751869 0
    outer loop
      vertex 7.53489 12.607 1.2
      vertex 7.70207 12.4604 0
      vertex 7.53489 12.607 0
    endloop
  endfacet
  facet normal 0.555758 0.831344 -0
    outer loop
      vertex 7.53489 12.607 0
      vertex 7.35 12.7306 1.2
      vertex 7.53489 12.607 1.2
    endloop
  endfacet
  facet normal 0.555758 0.831344 0
    outer loop
      vertex 7.35 12.7306 1.2
      vertex 7.53489 12.607 0
      vertex 7.35 12.7306 0
    endloop
  endfacet
  facet normal 0.442097 0.896967 -0
    outer loop
      vertex 7.35 12.7306 0
      vertex 7.15056 12.8289 1.2
      vertex 7.35 12.7306 1.2
    endloop
  endfacet
  facet normal 0.442097 0.896967 0
    outer loop
      vertex 7.15056 12.8289 1.2
      vertex 7.35 12.7306 0
      vertex 7.15056 12.8289 0
    endloop
  endfacet
  facet normal 0.321525 0.946901 -0
    outer loop
      vertex 7.15056 12.8289 0
      vertex 6.93999 12.9004 1.2
      vertex 7.15056 12.8289 1.2
    endloop
  endfacet
  facet normal 0.321525 0.946901 0
    outer loop
      vertex 6.93999 12.9004 1.2
      vertex 7.15056 12.8289 0
      vertex 6.93999 12.9004 0
    endloop
  endfacet
  facet normal 0.195165 0.98077 -0
    outer loop
      vertex 6.93999 12.9004 0
      vertex 6.72189 12.9438 1.2
      vertex 6.93999 12.9004 1.2
    endloop
  endfacet
  facet normal 0.195165 0.98077 0
    outer loop
      vertex 6.72189 12.9438 1.2
      vertex 6.93999 12.9004 0
      vertex 6.72189 12.9438 0
    endloop
  endfacet
  facet normal 0.0652086 0.997872 -0
    outer loop
      vertex 6.72189 12.9438 0
      vertex 6.5 12.9583 1.2
      vertex 6.72189 12.9438 1.2
    endloop
  endfacet
  facet normal 0.0652086 0.997872 0
    outer loop
      vertex 6.5 12.9583 1.2
      vertex 6.72189 12.9438 0
      vertex 6.5 12.9583 0
    endloop
  endfacet
  facet normal -0.0652086 0.997872 0
    outer loop
      vertex 6.5 12.9583 0
      vertex 6.27811 12.9438 1.2
      vertex 6.5 12.9583 1.2
    endloop
  endfacet
  facet normal -0.0652086 0.997872 0
    outer loop
      vertex 6.27811 12.9438 1.2
      vertex 6.5 12.9583 0
      vertex 6.27811 12.9438 0
    endloop
  endfacet
  facet normal -0.195165 0.98077 0
    outer loop
      vertex 6.27811 12.9438 0
      vertex 6.06001 12.9004 1.2
      vertex 6.27811 12.9438 1.2
    endloop
  endfacet
  facet normal -0.195165 0.98077 0
    outer loop
      vertex 6.06001 12.9004 1.2
      vertex 6.27811 12.9438 0
      vertex 6.06001 12.9004 0
    endloop
  endfacet
  facet normal -0.321525 0.946901 0
    outer loop
      vertex 6.06001 12.9004 0
      vertex 5.84944 12.8289 1.2
      vertex 6.06001 12.9004 1.2
    endloop
  endfacet
  facet normal -0.321525 0.946901 0
    outer loop
      vertex 5.84944 12.8289 1.2
      vertex 6.06001 12.9004 0
      vertex 5.84944 12.8289 0
    endloop
  endfacet
  facet normal -0.442115 0.896958 0
    outer loop
      vertex 5.84944 12.8289 0
      vertex 5.65001 12.7306 1.2
      vertex 5.84944 12.8289 1.2
    endloop
  endfacet
  facet normal -0.442115 0.896958 0
    outer loop
      vertex 5.65001 12.7306 1.2
      vertex 5.84944 12.8289 0
      vertex 5.65001 12.7306 0
    endloop
  endfacet
  facet normal -0.555737 0.831358 0
    outer loop
      vertex 5.65001 12.7306 0
      vertex 5.46511 12.607 1.2
      vertex 5.65001 12.7306 1.2
    endloop
  endfacet
  facet normal -0.555737 0.831358 0
    outer loop
      vertex 5.46511 12.607 1.2
      vertex 5.65001 12.7306 0
      vertex 5.46511 12.607 0
    endloop
  endfacet
  facet normal -0.659313 0.751869 0
    outer loop
      vertex 5.46511 12.607 0
      vertex 5.29793 12.4604 1.2
      vertex 5.46511 12.607 1.2
    endloop
  endfacet
  facet normal -0.659313 0.751869 0
    outer loop
      vertex 5.29793 12.4604 1.2
      vertex 5.46511 12.607 0
      vertex 5.29793 12.4604 0
    endloop
  endfacet
  facet normal -0.751841 0.659345 0
    outer loop
      vertex 5.1513 12.2932 0
      vertex 5.29793 12.4604 1.2
      vertex 5.29793 12.4604 0
    endloop
  endfacet
  facet normal -0.751841 0.659345 0
    outer loop
      vertex 5.29793 12.4604 1.2
      vertex 5.1513 12.2932 0
      vertex 5.1513 12.2932 1.2
    endloop
  endfacet
  facet normal -0.831483 0.555551 0
    outer loop
      vertex 5.02776 12.1083 0
      vertex 5.1513 12.2932 1.2
      vertex 5.1513 12.2932 0
    endloop
  endfacet
  facet normal -0.831483 0.555551 0
    outer loop
      vertex 5.1513 12.2932 1.2
      vertex 5.02776 12.1083 0
      vertex 5.02776 12.1083 1.2
    endloop
  endfacet
  facet normal -0.896825 0.442386 0
    outer loop
      vertex 4.9294 11.9089 0
      vertex 5.02776 12.1083 1.2
      vertex 5.02776 12.1083 0
    endloop
  endfacet
  facet normal -0.896825 0.442386 0
    outer loop
      vertex 5.02776 12.1083 1.2
      vertex 4.9294 11.9089 0
      vertex 4.9294 11.9089 1.2
    endloop
  endfacet
  facet normal -0.946956 0.321363 0
    outer loop
      vertex 4.85793 11.6983 0
      vertex 4.9294 11.9089 1.2
      vertex 4.9294 11.9089 0
    endloop
  endfacet
  facet normal -0.946956 0.321363 0
    outer loop
      vertex 4.9294 11.9089 1.2
      vertex 4.85793 11.6983 0
      vertex 4.85793 11.6983 1.2
    endloop
  endfacet
  facet normal -0.980779 0.195122 0
    outer loop
      vertex 4.81454 11.4802 0
      vertex 4.85793 11.6983 1.2
      vertex 4.85793 11.6983 0
    endloop
  endfacet
  facet normal -0.980779 0.195122 0
    outer loop
      vertex 4.85793 11.6983 1.2
      vertex 4.81454 11.4802 0
      vertex 4.81454 11.4802 1.2
    endloop
  endfacet
  facet normal -0.997863 0.06534 0
    outer loop
      vertex 4.80001 11.2583 0
      vertex 4.81454 11.4802 1.2
      vertex 4.81454 11.4802 0
    endloop
  endfacet
  facet normal -0.997863 0.06534 0
    outer loop
      vertex 4.81454 11.4802 1.2
      vertex 4.80001 11.2583 0
      vertex 4.80001 11.2583 1.2
    endloop
  endfacet
  facet normal -0.99786 -0.0653848 0
    outer loop
      vertex 4.81455 11.0364 0
      vertex 4.80001 11.2583 1.2
      vertex 4.80001 11.2583 0
    endloop
  endfacet
  facet normal -0.99786 -0.0653848 0
    outer loop
      vertex 4.80001 11.2583 1.2
      vertex 4.81455 11.0364 0
      vertex 4.81455 11.0364 1.2
    endloop
  endfacet
  facet normal -0.98078 -0.195116 0
    outer loop
      vertex 4.82768 10.9704 0
      vertex 4.81455 11.0364 1.2
      vertex 4.81455 11.0364 0
    endloop
  endfacet
  facet normal -0.98078 -0.195116 0
    outer loop
      vertex 4.81455 11.0364 1.2
      vertex 4.82768 10.9704 0
      vertex 4.82768 10.9704 1.2
    endloop
  endfacet
  facet normal 0.321527 -0.9469 0
    outer loop
      vertex 7.08682 9.6661 0
      vertex 7.15055 9.68774 1.2
      vertex 7.08682 9.6661 1.2
    endloop
  endfacet
  facet normal 0.321527 -0.9469 0
    outer loop
      vertex 7.15055 9.68774 1.2
      vertex 7.08682 9.6661 0
      vertex 7.15055 9.68774 0
    endloop
  endfacet
  facet normal 0.442296 -0.896869 0
    outer loop
      vertex 7.15055 9.68774 0
      vertex 7.34998 9.78609 1.2
      vertex 7.15055 9.68774 1.2
    endloop
  endfacet
  facet normal 0.442296 -0.896869 0
    outer loop
      vertex 7.34998 9.78609 1.2
      vertex 7.15055 9.68774 0
      vertex 7.34998 9.78609 0
    endloop
  endfacet
  facet normal 0.55552 -0.831503 0
    outer loop
      vertex 7.34998 9.78609 0
      vertex 7.53488 9.90962 1.2
      vertex 7.34998 9.78609 1.2
    endloop
  endfacet
  facet normal 0.55552 -0.831503 0
    outer loop
      vertex 7.53488 9.90962 1.2
      vertex 7.34998 9.78609 0
      vertex 7.53488 9.90962 0
    endloop
  endfacet
  facet normal 0.659262 -0.751913 0
    outer loop
      vertex 7.53488 9.90962 0
      vertex 7.70206 10.0562 1.2
      vertex 7.53488 9.90962 1.2
    endloop
  endfacet
  facet normal 0.659262 -0.751913 0
    outer loop
      vertex 7.70206 10.0562 1.2
      vertex 7.53488 9.90962 0
      vertex 7.70206 10.0562 0
    endloop
  endfacet
  facet normal 0.751841 -0.659345 0
    outer loop
      vertex 7.70206 10.0562 1.2
      vertex 7.84869 10.2234 0
      vertex 7.84869 10.2234 1.2
    endloop
  endfacet
  facet normal 0.751841 -0.659345 0
    outer loop
      vertex 7.84869 10.2234 0
      vertex 7.70206 10.0562 1.2
      vertex 7.70206 10.0562 0
    endloop
  endfacet
  facet normal 0.831462 -0.555582 0
    outer loop
      vertex 7.84869 10.2234 1.2
      vertex 7.97224 10.4083 0
      vertex 7.97224 10.4083 1.2
    endloop
  endfacet
  facet normal 0.831462 -0.555582 0
    outer loop
      vertex 7.97224 10.4083 0
      vertex 7.84869 10.2234 1.2
      vertex 7.84869 10.2234 0
    endloop
  endfacet
  facet normal 0.896931 -0.442171 0
    outer loop
      vertex 7.97224 10.4083 1.2
      vertex 8.07059 10.6078 0
      vertex 8.07059 10.6078 1.2
    endloop
  endfacet
  facet normal 0.896931 -0.442171 0
    outer loop
      vertex 8.07059 10.6078 0
      vertex 7.97224 10.4083 1.2
      vertex 7.97224 10.4083 0
    endloop
  endfacet
  facet normal -0.75151 0.659722 0
    outer loop
      vertex 7.21568 10.9525 0
      vertex 7.28468 11.0311 1.2
      vertex 7.28468 11.0311 0
    endloop
  endfacet
  facet normal -0.75151 0.659722 0
    outer loop
      vertex 7.28468 11.0311 1.2
      vertex 7.21568 10.9525 0
      vertex 7.21568 10.9525 1.2
    endloop
  endfacet
  facet normal -0.659343 0.751842 0
    outer loop
      vertex 7.21568 10.9525 0
      vertex 7.137 10.8835 1.2
      vertex 7.21568 10.9525 1.2
    endloop
  endfacet
  facet normal -0.659343 0.751842 0
    outer loop
      vertex 7.137 10.8835 1.2
      vertex 7.21568 10.9525 0
      vertex 7.137 10.8835 0
    endloop
  endfacet
  facet normal -0.555978 0.831197 0
    outer loop
      vertex 7.137 10.8835 0
      vertex 7.04999 10.8253 1.2
      vertex 7.137 10.8835 1.2
    endloop
  endfacet
  facet normal -0.555978 0.831197 0
    outer loop
      vertex 7.04999 10.8253 1.2
      vertex 7.137 10.8835 0
      vertex 7.04999 10.8253 0
    endloop
  endfacet
  facet normal -0.442429 0.896803 0
    outer loop
      vertex 7.04999 10.8253 0
      vertex 6.95614 10.779 1.2
      vertex 7.04999 10.8253 1.2
    endloop
  endfacet
  facet normal -0.442429 0.896803 0
    outer loop
      vertex 6.95614 10.779 1.2
      vertex 7.04999 10.8253 0
      vertex 6.95614 10.779 0
    endloop
  endfacet
  facet normal -0.321097 0.947046 0
    outer loop
      vertex 6.95614 10.779 0
      vertex 6.85704 10.7454 1.2
      vertex 6.95614 10.779 1.2
    endloop
  endfacet
  facet normal -0.321097 0.947046 0
    outer loop
      vertex 6.85704 10.7454 1.2
      vertex 6.95614 10.779 0
      vertex 6.85704 10.7454 0
    endloop
  endfacet
  facet normal -0.194958 0.980812 0
    outer loop
      vertex 6.85704 10.7454 0
      vertex 6.75441 10.725 1.2
      vertex 6.85704 10.7454 1.2
    endloop
  endfacet
  facet normal -0.194958 0.980812 0
    outer loop
      vertex 6.75441 10.725 1.2
      vertex 6.85704 10.7454 0
      vertex 6.75441 10.725 0
    endloop
  endfacet
  facet normal -0.0659355 0.997824 0
    outer loop
      vertex 6.75441 10.725 0
      vertex 6.64999 10.7181 1.2
      vertex 6.75441 10.725 1.2
    endloop
  endfacet
  facet normal -0.0659355 0.997824 0
    outer loop
      vertex 6.64999 10.7181 1.2
      vertex 6.75441 10.725 0
      vertex 6.64999 10.7181 0
    endloop
  endfacet
  facet normal 0.0659292 0.997824 -0
    outer loop
      vertex 6.64999 10.7181 0
      vertex 6.54556 10.725 1.2
      vertex 6.64999 10.7181 1.2
    endloop
  endfacet
  facet normal 0.0659292 0.997824 0
    outer loop
      vertex 6.54556 10.725 1.2
      vertex 6.64999 10.7181 0
      vertex 6.54556 10.725 0
    endloop
  endfacet
  facet normal 0.194958 0.980812 -0
    outer loop
      vertex 6.54556 10.725 0
      vertex 6.44293 10.7454 1.2
      vertex 6.54556 10.725 1.2
    endloop
  endfacet
  facet normal 0.194958 0.980812 0
    outer loop
      vertex 6.44293 10.7454 1.2
      vertex 6.54556 10.725 0
      vertex 6.44293 10.7454 0
    endloop
  endfacet
  facet normal 0.321126 0.947036 -0
    outer loop
      vertex 6.44293 10.7454 0
      vertex 6.34384 10.779 1.2
      vertex 6.44293 10.7454 1.2
    endloop
  endfacet
  facet normal 0.321126 0.947036 0
    outer loop
      vertex 6.34384 10.779 1.2
      vertex 6.44293 10.7454 0
      vertex 6.34384 10.779 0
    endloop
  endfacet
  facet normal 0.442467 0.896785 -0
    outer loop
      vertex 6.34384 10.779 0
      vertex 6.25 10.8253 1.2
      vertex 6.34384 10.779 1.2
    endloop
  endfacet
  facet normal 0.442467 0.896785 0
    outer loop
      vertex 6.25 10.8253 1.2
      vertex 6.34384 10.779 0
      vertex 6.25 10.8253 0
    endloop
  endfacet
  facet normal 0.555318 0.831638 -0
    outer loop
      vertex 6.25 10.8253 0
      vertex 6.16299 10.8834 1.2
      vertex 6.25 10.8253 1.2
    endloop
  endfacet
  facet normal 0.555318 0.831638 0
    outer loop
      vertex 6.16299 10.8834 1.2
      vertex 6.25 10.8253 0
      vertex 6.16299 10.8834 0
    endloop
  endfacet
  facet normal 0.65939 0.751801 -0
    outer loop
      vertex 6.16299 10.8834 0
      vertex 6.08432 10.9524 1.2
      vertex 6.16299 10.8834 1.2
    endloop
  endfacet
  facet normal 0.65939 0.751801 0
    outer loop
      vertex 6.08432 10.9524 1.2
      vertex 6.16299 10.8834 0
      vertex 6.08432 10.9524 0
    endloop
  endfacet
  facet normal 0.751925 0.659248 0
    outer loop
      vertex 6.08432 10.9524 1.2
      vertex 6.01532 11.0311 0
      vertex 6.01532 11.0311 1.2
    endloop
  endfacet
  facet normal 0.751925 0.659248 0
    outer loop
      vertex 6.01532 11.0311 0
      vertex 6.08432 10.9524 1.2
      vertex 6.08432 10.9524 0
    endloop
  endfacet
  facet normal 0.831432 0.555626 0
    outer loop
      vertex 6.01532 11.0311 1.2
      vertex 5.95718 11.1181 0
      vertex 5.95718 11.1181 1.2
    endloop
  endfacet
  facet normal 0.831432 0.555626 0
    outer loop
      vertex 5.95718 11.1181 0
      vertex 6.01532 11.0311 1.2
      vertex 6.01532 11.0311 0
    endloop
  endfacet
  facet normal 0.896973 0.442086 0
    outer loop
      vertex 5.95718 11.1181 1.2
      vertex 5.9109 11.212 0
      vertex 5.9109 11.212 1.2
    endloop
  endfacet
  facet normal 0.896973 0.442086 0
    outer loop
      vertex 5.9109 11.212 0
      vertex 5.95718 11.1181 1.2
      vertex 5.95718 11.1181 0
    endloop
  endfacet
  facet normal 0.946959 0.321354 0
    outer loop
      vertex 5.9109 11.212 1.2
      vertex 5.87727 11.3111 0
      vertex 5.87727 11.3111 1.2
    endloop
  endfacet
  facet normal 0.946959 0.321354 0
    outer loop
      vertex 5.87727 11.3111 0
      vertex 5.9109 11.212 1.2
      vertex 5.9109 11.212 0
    endloop
  endfacet
  facet normal 0.980764 0.195197 0
    outer loop
      vertex 5.87727 11.3111 1.2
      vertex 5.85685 11.4137 0
      vertex 5.85685 11.4137 1.2
    endloop
  endfacet
  facet normal 0.980764 0.195197 0
    outer loop
      vertex 5.85685 11.4137 0
      vertex 5.87727 11.3111 1.2
      vertex 5.87727 11.3111 0
    endloop
  endfacet
  facet normal 0.997861 0.0653771 0
    outer loop
      vertex 5.85685 11.4137 1.2
      vertex 5.85001 11.5181 0
      vertex 5.85001 11.5181 1.2
    endloop
  endfacet
  facet normal 0.997861 0.0653771 0
    outer loop
      vertex 5.85001 11.5181 0
      vertex 5.85685 11.4137 1.2
      vertex 5.85685 11.4137 0
    endloop
  endfacet
  facet normal 0.997861 -0.0653771 0
    outer loop
      vertex 5.85001 11.5181 1.2
      vertex 5.85685 11.6225 0
      vertex 5.85685 11.6225 1.2
    endloop
  endfacet
  facet normal 0.997861 -0.0653771 0
    outer loop
      vertex 5.85685 11.6225 0
      vertex 5.85001 11.5181 1.2
      vertex 5.85001 11.5181 0
    endloop
  endfacet
  facet normal 0.980819 -0.194922 0
    outer loop
      vertex 5.85685 11.6225 1.2
      vertex 5.87726 11.7252 0
      vertex 5.87726 11.7252 1.2
    endloop
  endfacet
  facet normal 0.980819 -0.194922 0
    outer loop
      vertex 5.87726 11.7252 0
      vertex 5.85685 11.6225 1.2
      vertex 5.85685 11.6225 0
    endloop
  endfacet
  facet normal 0.94693 -0.32144 0
    outer loop
      vertex 5.87726 11.7252 1.2
      vertex 5.9109 11.8243 0
      vertex 5.9109 11.8243 1.2
    endloop
  endfacet
  facet normal 0.94693 -0.32144 0
    outer loop
      vertex 5.9109 11.8243 0
      vertex 5.87726 11.7252 1.2
      vertex 5.87726 11.7252 0
    endloop
  endfacet
  facet normal 0.896786 -0.442465 0
    outer loop
      vertex 5.9109 11.8243 1.2
      vertex 5.95718 11.9181 0
      vertex 5.95718 11.9181 1.2
    endloop
  endfacet
  facet normal 0.896786 -0.442465 0
    outer loop
      vertex 5.95718 11.9181 0
      vertex 5.9109 11.8243 1.2
      vertex 5.9109 11.8243 0
    endloop
  endfacet
  facet normal 0.831432 -0.555626 0
    outer loop
      vertex 5.95718 11.9181 1.2
      vertex 6.01532 12.0051 0
      vertex 6.01532 12.0051 1.2
    endloop
  endfacet
  facet normal 0.831432 -0.555626 0
    outer loop
      vertex 6.01532 12.0051 0
      vertex 5.95718 11.9181 1.2
      vertex 5.95718 11.9181 0
    endloop
  endfacet
  facet normal 0.751925 -0.659248 0
    outer loop
      vertex 6.01532 12.0051 1.2
      vertex 6.08432 12.0838 0
      vertex 6.08432 12.0838 1.2
    endloop
  endfacet
  facet normal 0.751925 -0.659248 0
    outer loop
      vertex 6.08432 12.0838 0
      vertex 6.01532 12.0051 1.2
      vertex 6.01532 12.0051 0
    endloop
  endfacet
  facet normal 0.659343 -0.751842 0
    outer loop
      vertex 6.08432 12.0838 0
      vertex 6.163 12.1528 1.2
      vertex 6.08432 12.0838 1.2
    endloop
  endfacet
  facet normal 0.659343 -0.751842 0
    outer loop
      vertex 6.163 12.1528 1.2
      vertex 6.08432 12.0838 0
      vertex 6.163 12.1528 0
    endloop
  endfacet
  facet normal 0.555318 -0.831638 0
    outer loop
      vertex 6.163 12.1528 0
      vertex 6.25001 12.2109 1.2
      vertex 6.163 12.1528 1.2
    endloop
  endfacet
  facet normal 0.555318 -0.831638 0
    outer loop
      vertex 6.25001 12.2109 1.2
      vertex 6.163 12.1528 0
      vertex 6.25001 12.2109 0
    endloop
  endfacet
  facet normal 0.442429 -0.896803 0
    outer loop
      vertex 6.25001 12.2109 0
      vertex 6.34386 12.2572 1.2
      vertex 6.25001 12.2109 1.2
    endloop
  endfacet
  facet normal 0.442429 -0.896803 0
    outer loop
      vertex 6.34386 12.2572 1.2
      vertex 6.25001 12.2109 0
      vertex 6.34386 12.2572 0
    endloop
  endfacet
  facet normal 0.321983 -0.946745 0
    outer loop
      vertex 6.34386 12.2572 0
      vertex 6.44295 12.2909 1.2
      vertex 6.34386 12.2572 1.2
    endloop
  endfacet
  facet normal 0.321983 -0.946745 0
    outer loop
      vertex 6.44295 12.2909 1.2
      vertex 6.34386 12.2572 0
      vertex 6.44295 12.2909 0
    endloop
  endfacet
  facet normal 0.194958 -0.980812 0
    outer loop
      vertex 6.44295 12.2909 0
      vertex 6.54558 12.3113 1.2
      vertex 6.44295 12.2909 1.2
    endloop
  endfacet
  facet normal 0.194958 -0.980812 0
    outer loop
      vertex 6.54558 12.3113 1.2
      vertex 6.44295 12.2909 0
      vertex 6.54558 12.3113 0
    endloop
  endfacet
  facet normal 0.064984 -0.997886 0
    outer loop
      vertex 6.54558 12.3113 0
      vertex 6.65 12.3181 1.2
      vertex 6.54558 12.3113 1.2
    endloop
  endfacet
  facet normal 0.064984 -0.997886 0
    outer loop
      vertex 6.65 12.3181 1.2
      vertex 6.54558 12.3113 0
      vertex 6.65 12.3181 0
    endloop
  endfacet
  facet normal -0.064984 -0.997886 0
    outer loop
      vertex 6.65 12.3181 0
      vertex 6.75442 12.3113 1.2
      vertex 6.65 12.3181 1.2
    endloop
  endfacet
  facet normal -0.064984 -0.997886 -0
    outer loop
      vertex 6.75442 12.3113 1.2
      vertex 6.65 12.3181 0
      vertex 6.75442 12.3113 0
    endloop
  endfacet
  facet normal -0.19494 -0.980815 0
    outer loop
      vertex 6.75442 12.3113 0
      vertex 6.85706 12.2909 1.2
      vertex 6.75442 12.3113 1.2
    endloop
  endfacet
  facet normal -0.19494 -0.980815 -0
    outer loop
      vertex 6.85706 12.2909 1.2
      vertex 6.75442 12.3113 0
      vertex 6.85706 12.2909 0
    endloop
  endfacet
  facet normal -0.321983 -0.946745 0
    outer loop
      vertex 6.85706 12.2909 0
      vertex 6.95615 12.2572 1.2
      vertex 6.85706 12.2909 1.2
    endloop
  endfacet
  facet normal -0.321983 -0.946745 -0
    outer loop
      vertex 6.95615 12.2572 1.2
      vertex 6.85706 12.2909 0
      vertex 6.95615 12.2572 0
    endloop
  endfacet
  facet normal -0.442429 -0.896803 0
    outer loop
      vertex 6.95615 12.2572 0
      vertex 7.05 12.2109 1.2
      vertex 6.95615 12.2572 1.2
    endloop
  endfacet
  facet normal -0.442429 -0.896803 -0
    outer loop
      vertex 7.05 12.2109 1.2
      vertex 6.95615 12.2572 0
      vertex 7.05 12.2109 0
    endloop
  endfacet
  facet normal -0.555362 -0.831609 0
    outer loop
      vertex 7.05 12.2109 0
      vertex 7.137 12.1528 1.2
      vertex 7.05 12.2109 1.2
    endloop
  endfacet
  facet normal -0.555362 -0.831609 -0
    outer loop
      vertex 7.137 12.1528 1.2
      vertex 7.05 12.2109 0
      vertex 7.137 12.1528 0
    endloop
  endfacet
  facet normal -0.659343 -0.751842 0
    outer loop
      vertex 7.137 12.1528 0
      vertex 7.21568 12.0838 1.2
      vertex 7.137 12.1528 1.2
    endloop
  endfacet
  facet normal -0.659343 -0.751842 -0
    outer loop
      vertex 7.21568 12.0838 1.2
      vertex 7.137 12.1528 0
      vertex 7.21568 12.0838 0
    endloop
  endfacet
  facet normal -0.751973 -0.659194 0
    outer loop
      vertex 7.28467 12.0051 0
      vertex 7.21568 12.0838 1.2
      vertex 7.21568 12.0838 0
    endloop
  endfacet
  facet normal -0.751973 -0.659194 0
    outer loop
      vertex 7.21568 12.0838 1.2
      vertex 7.28467 12.0051 0
      vertex 7.28467 12.0051 1.2
    endloop
  endfacet
  facet normal -0.831432 -0.555626 0
    outer loop
      vertex 7.34281 11.9181 0
      vertex 7.28467 12.0051 1.2
      vertex 7.28467 12.0051 0
    endloop
  endfacet
  facet normal -0.831432 -0.555626 0
    outer loop
      vertex 7.28467 12.0051 1.2
      vertex 7.34281 11.9181 0
      vertex 7.34281 11.9181 1.2
    endloop
  endfacet
  facet normal -0.896786 -0.442465 0
    outer loop
      vertex 7.38909 11.8243 0
      vertex 7.34281 11.9181 1.2
      vertex 7.34281 11.9181 0
    endloop
  endfacet
  facet normal -0.896786 -0.442465 0
    outer loop
      vertex 7.34281 11.9181 1.2
      vertex 7.38909 11.8243 0
      vertex 7.38909 11.8243 1.2
    endloop
  endfacet
  facet normal -0.94693 -0.32144 0
    outer loop
      vertex 7.42273 11.7252 0
      vertex 7.38909 11.8243 1.2
      vertex 7.38909 11.8243 0
    endloop
  endfacet
  facet normal -0.94693 -0.32144 0
    outer loop
      vertex 7.38909 11.8243 1.2
      vertex 7.42273 11.7252 0
      vertex 7.42273 11.7252 1.2
    endloop
  endfacet
  facet normal -0.980782 -0.195105 0
    outer loop
      vertex 7.44314 11.6226 0
      vertex 7.42273 11.7252 1.2
      vertex 7.42273 11.7252 0
    endloop
  endfacet
  facet normal -0.980782 -0.195105 0
    outer loop
      vertex 7.42273 11.7252 1.2
      vertex 7.44314 11.6226 0
      vertex 7.44314 11.6226 1.2
    endloop
  endfacet
  facet normal -0.997858 -0.0654099 0
    outer loop
      vertex 7.44999 11.5181 0
      vertex 7.44314 11.6226 1.2
      vertex 7.44314 11.6226 0
    endloop
  endfacet
  facet normal -0.997858 -0.0654099 0
    outer loop
      vertex 7.44314 11.6226 1.2
      vertex 7.44999 11.5181 0
      vertex 7.44999 11.5181 1.2
    endloop
  endfacet
  facet normal -0.997854 0.0654722 0
    outer loop
      vertex 7.44314 11.4137 0
      vertex 7.44999 11.5181 1.2
      vertex 7.44999 11.5181 0
    endloop
  endfacet
  facet normal -0.997854 0.0654722 0
    outer loop
      vertex 7.44999 11.5181 1.2
      vertex 7.44314 11.4137 0
      vertex 7.44314 11.4137 1.2
    endloop
  endfacet
  facet normal -0.980782 0.195105 0
    outer loop
      vertex 7.42273 11.3111 0
      vertex 7.44314 11.4137 1.2
      vertex 7.44314 11.4137 0
    endloop
  endfacet
  facet normal -0.980782 0.195105 0
    outer loop
      vertex 7.44314 11.4137 1.2
      vertex 7.42273 11.3111 0
      vertex 7.42273 11.3111 1.2
    endloop
  endfacet
  facet normal -0.946959 0.321354 0
    outer loop
      vertex 7.3891 11.212 0
      vertex 7.42273 11.3111 1.2
      vertex 7.42273 11.3111 0
    endloop
  endfacet
  facet normal -0.946959 0.321354 0
    outer loop
      vertex 7.42273 11.3111 1.2
      vertex 7.3891 11.212 0
      vertex 7.3891 11.212 1.2
    endloop
  endfacet
  facet normal -0.896897 0.44224 0
    outer loop
      vertex 7.3428 11.1181 0
      vertex 7.3891 11.212 1.2
      vertex 7.3891 11.212 0
    endloop
  endfacet
  facet normal -0.896897 0.44224 0
    outer loop
      vertex 7.3891 11.212 1.2
      vertex 7.3428 11.1181 0
      vertex 7.3428 11.1181 1.2
    endloop
  endfacet
  facet normal -0.831521 0.555494 0
    outer loop
      vertex 7.28468 11.0311 0
      vertex 7.3428 11.1181 1.2
      vertex 7.3428 11.1181 0
    endloop
  endfacet
  facet normal -0.831521 0.555494 0
    outer loop
      vertex 7.3428 11.1181 1.2
      vertex 7.28468 11.0311 0
      vertex 7.28468 11.0311 1.2
    endloop
  endfacet
  facet normal 0.751841 0.659345 0
    outer loop
      vertex -5.1513 12.2932 1.2
      vertex -5.29793 12.4604 0
      vertex -5.29793 12.4604 1.2
    endloop
  endfacet
  facet normal 0.751841 0.659345 0
    outer loop
      vertex -5.29793 12.4604 0
      vertex -5.1513 12.2932 1.2
      vertex -5.1513 12.2932 0
    endloop
  endfacet
  facet normal 0.659313 0.751869 -0
    outer loop
      vertex -5.29793 12.4604 0
      vertex -5.46511 12.607 1.2
      vertex -5.29793 12.4604 1.2
    endloop
  endfacet
  facet normal 0.659313 0.751869 0
    outer loop
      vertex -5.46511 12.607 1.2
      vertex -5.29793 12.4604 0
      vertex -5.46511 12.607 0
    endloop
  endfacet
  facet normal 0.555737 0.831358 -0
    outer loop
      vertex -5.46511 12.607 0
      vertex -5.65001 12.7306 1.2
      vertex -5.46511 12.607 1.2
    endloop
  endfacet
  facet normal 0.555737 0.831358 0
    outer loop
      vertex -5.65001 12.7306 1.2
      vertex -5.46511 12.607 0
      vertex -5.65001 12.7306 0
    endloop
  endfacet
  facet normal 0.442115 0.896958 -0
    outer loop
      vertex -5.65001 12.7306 0
      vertex -5.84944 12.8289 1.2
      vertex -5.65001 12.7306 1.2
    endloop
  endfacet
  facet normal 0.442115 0.896958 0
    outer loop
      vertex -5.84944 12.8289 1.2
      vertex -5.65001 12.7306 0
      vertex -5.84944 12.8289 0
    endloop
  endfacet
  facet normal 0.321525 0.946901 -0
    outer loop
      vertex -5.84944 12.8289 0
      vertex -6.06001 12.9004 1.2
      vertex -5.84944 12.8289 1.2
    endloop
  endfacet
  facet normal 0.321525 0.946901 0
    outer loop
      vertex -6.06001 12.9004 1.2
      vertex -5.84944 12.8289 0
      vertex -6.06001 12.9004 0
    endloop
  endfacet
  facet normal 0.195165 0.98077 -0
    outer loop
      vertex -6.06001 12.9004 0
      vertex -6.27811 12.9438 1.2
      vertex -6.06001 12.9004 1.2
    endloop
  endfacet
  facet normal 0.195165 0.98077 0
    outer loop
      vertex -6.27811 12.9438 1.2
      vertex -6.06001 12.9004 0
      vertex -6.27811 12.9438 0
    endloop
  endfacet
  facet normal 0.0652086 0.997872 -0
    outer loop
      vertex -6.27811 12.9438 0
      vertex -6.5 12.9583 1.2
      vertex -6.27811 12.9438 1.2
    endloop
  endfacet
  facet normal 0.0652086 0.997872 0
    outer loop
      vertex -6.5 12.9583 1.2
      vertex -6.27811 12.9438 0
      vertex -6.5 12.9583 0
    endloop
  endfacet
  facet normal -0.0652086 0.997872 0
    outer loop
      vertex -6.5 12.9583 0
      vertex -6.72189 12.9438 1.2
      vertex -6.5 12.9583 1.2
    endloop
  endfacet
  facet normal -0.0652086 0.997872 0
    outer loop
      vertex -6.72189 12.9438 1.2
      vertex -6.5 12.9583 0
      vertex -6.72189 12.9438 0
    endloop
  endfacet
  facet normal -0.195165 0.98077 0
    outer loop
      vertex -6.72189 12.9438 0
      vertex -6.93999 12.9004 1.2
      vertex -6.72189 12.9438 1.2
    endloop
  endfacet
  facet normal -0.195165 0.98077 0
    outer loop
      vertex -6.93999 12.9004 1.2
      vertex -6.72189 12.9438 0
      vertex -6.93999 12.9004 0
    endloop
  endfacet
  facet normal -0.321525 0.946901 0
    outer loop
      vertex -6.93999 12.9004 0
      vertex -7.15056 12.8289 1.2
      vertex -6.93999 12.9004 1.2
    endloop
  endfacet
  facet normal -0.321525 0.946901 0
    outer loop
      vertex -7.15056 12.8289 1.2
      vertex -6.93999 12.9004 0
      vertex -7.15056 12.8289 0
    endloop
  endfacet
  facet normal -0.442097 0.896967 0
    outer loop
      vertex -7.15056 12.8289 0
      vertex -7.35 12.7306 1.2
      vertex -7.15056 12.8289 1.2
    endloop
  endfacet
  facet normal -0.442097 0.896967 0
    outer loop
      vertex -7.35 12.7306 1.2
      vertex -7.15056 12.8289 0
      vertex -7.35 12.7306 0
    endloop
  endfacet
  facet normal -0.555758 0.831344 0
    outer loop
      vertex -7.35 12.7306 0
      vertex -7.53489 12.607 1.2
      vertex -7.35 12.7306 1.2
    endloop
  endfacet
  facet normal -0.555758 0.831344 0
    outer loop
      vertex -7.53489 12.607 1.2
      vertex -7.35 12.7306 0
      vertex -7.53489 12.607 0
    endloop
  endfacet
  facet normal -0.659313 0.751869 0
    outer loop
      vertex -7.53489 12.607 0
      vertex -7.70207 12.4604 1.2
      vertex -7.53489 12.607 1.2
    endloop
  endfacet
  facet normal -0.659313 0.751869 0
    outer loop
      vertex -7.70207 12.4604 1.2
      vertex -7.53489 12.607 0
      vertex -7.70207 12.4604 0
    endloop
  endfacet
  facet normal -0.751863 0.659319 0
    outer loop
      vertex -7.84869 12.2932 0
      vertex -7.70207 12.4604 1.2
      vertex -7.70207 12.4604 0
    endloop
  endfacet
  facet normal -0.751863 0.659319 0
    outer loop
      vertex -7.70207 12.4604 1.2
      vertex -7.84869 12.2932 0
      vertex -7.84869 12.2932 1.2
    endloop
  endfacet
  facet normal -0.831483 0.555551 0
    outer loop
      vertex -7.97223 12.1083 0
      vertex -7.84869 12.2932 1.2
      vertex -7.84869 12.2932 0
    endloop
  endfacet
  facet normal -0.831483 0.555551 0
    outer loop
      vertex -7.84869 12.2932 1.2
      vertex -7.97223 12.1083 0
      vertex -7.97223 12.1083 1.2
    endloop
  endfacet
  facet normal -0.896843 0.442349 0
    outer loop
      vertex -8.07058 11.9089 0
      vertex -7.97223 12.1083 1.2
      vertex -7.97223 12.1083 0
    endloop
  endfacet
  facet normal -0.896843 0.442349 0
    outer loop
      vertex -7.97223 12.1083 1.2
      vertex -8.07058 11.9089 0
      vertex -8.07058 11.9089 1.2
    endloop
  endfacet
  facet normal -0.946943 0.321403 0
    outer loop
      vertex -8.14206 11.6983 0
      vertex -8.07058 11.9089 1.2
      vertex -8.07058 11.9089 0
    endloop
  endfacet
  facet normal -0.946943 0.321403 0
    outer loop
      vertex -8.07058 11.9089 1.2
      vertex -8.14206 11.6983 0
      vertex -8.14206 11.6983 1.2
    endloop
  endfacet
  facet normal -0.980788 0.195078 0
    outer loop
      vertex -8.18544 11.4802 0
      vertex -8.14206 11.6983 1.2
      vertex -8.14206 11.6983 0
    endloop
  endfacet
  facet normal -0.980788 0.195078 0
    outer loop
      vertex -8.14206 11.6983 1.2
      vertex -8.18544 11.4802 0
      vertex -8.18544 11.4802 1.2
    endloop
  endfacet
  facet normal -0.99786 0.0653848 0
    outer loop
      vertex -8.19998 11.2583 0
      vertex -8.18544 11.4802 1.2
      vertex -8.18544 11.4802 0
    endloop
  endfacet
  facet normal -0.99786 0.0653848 0
    outer loop
      vertex -8.18544 11.4802 1.2
      vertex -8.19998 11.2583 0
      vertex -8.19998 11.2583 1.2
    endloop
  endfacet
  facet normal -0.997863 -0.06534 0
    outer loop
      vertex -8.18545 11.0364 0
      vertex -8.19998 11.2583 1.2
      vertex -8.19998 11.2583 0
    endloop
  endfacet
  facet normal -0.997863 -0.06534 0
    outer loop
      vertex -8.19998 11.2583 1.2
      vertex -8.18545 11.0364 0
      vertex -8.18545 11.0364 1.2
    endloop
  endfacet
  facet normal -0.980779 -0.195122 0
    outer loop
      vertex -8.14206 10.8183 0
      vertex -8.18545 11.0364 1.2
      vertex -8.18545 11.0364 0
    endloop
  endfacet
  facet normal -0.980779 -0.195122 0
    outer loop
      vertex -8.18545 11.0364 1.2
      vertex -8.14206 10.8183 0
      vertex -8.14206 10.8183 1.2
    endloop
  endfacet
  facet normal -0.94691 -0.321499 0
    outer loop
      vertex -8.07059 10.6078 0
      vertex -8.14206 10.8183 1.2
      vertex -8.14206 10.8183 0
    endloop
  endfacet
  facet normal -0.94691 -0.321499 0
    outer loop
      vertex -8.14206 10.8183 1.2
      vertex -8.07059 10.6078 0
      vertex -8.07059 10.6078 1.2
    endloop
  endfacet
  facet normal -0.896931 -0.442171 0
    outer loop
      vertex -7.97224 10.4083 0
      vertex -8.07059 10.6078 1.2
      vertex -8.07059 10.6078 0
    endloop
  endfacet
  facet normal -0.896931 -0.442171 0
    outer loop
      vertex -8.07059 10.6078 1.2
      vertex -7.97224 10.4083 0
      vertex -7.97224 10.4083 1.2
    endloop
  endfacet
  facet normal -0.831462 -0.555582 0
    outer loop
      vertex -7.84869 10.2234 0
      vertex -7.97224 10.4083 1.2
      vertex -7.97224 10.4083 0
    endloop
  endfacet
  facet normal -0.831462 -0.555582 0
    outer loop
      vertex -7.97224 10.4083 1.2
      vertex -7.84869 10.2234 0
      vertex -7.84869 10.2234 1.2
    endloop
  endfacet
  facet normal -0.751841 -0.659345 0
    outer loop
      vertex -7.70206 10.0562 0
      vertex -7.84869 10.2234 1.2
      vertex -7.84869 10.2234 0
    endloop
  endfacet
  facet normal -0.751841 -0.659345 0
    outer loop
      vertex -7.84869 10.2234 1.2
      vertex -7.70206 10.0562 0
      vertex -7.70206 10.0562 1.2
    endloop
  endfacet
  facet normal -0.659262 -0.751913 0
    outer loop
      vertex -7.70206 10.0562 0
      vertex -7.53488 9.90962 1.2
      vertex -7.70206 10.0562 1.2
    endloop
  endfacet
  facet normal -0.659262 -0.751913 -0
    outer loop
      vertex -7.53488 9.90962 1.2
      vertex -7.70206 10.0562 0
      vertex -7.53488 9.90962 0
    endloop
  endfacet
  facet normal -0.55552 -0.831503 0
    outer loop
      vertex -7.53488 9.90962 0
      vertex -7.34998 9.78609 1.2
      vertex -7.53488 9.90962 1.2
    endloop
  endfacet
  facet normal -0.55552 -0.831503 -0
    outer loop
      vertex -7.34998 9.78609 1.2
      vertex -7.53488 9.90962 0
      vertex -7.34998 9.78609 0
    endloop
  endfacet
  facet normal -0.442296 -0.896869 0
    outer loop
      vertex -7.34998 9.78609 0
      vertex -7.15055 9.68774 1.2
      vertex -7.34998 9.78609 1.2
    endloop
  endfacet
  facet normal -0.442296 -0.896869 -0
    outer loop
      vertex -7.15055 9.68774 1.2
      vertex -7.34998 9.78609 0
      vertex -7.15055 9.68774 0
    endloop
  endfacet
  facet normal -0.321527 -0.9469 0
    outer loop
      vertex -7.15055 9.68774 0
      vertex -7.08682 9.6661 1.2
      vertex -7.15055 9.68774 1.2
    endloop
  endfacet
  facet normal -0.321527 -0.9469 -0
    outer loop
      vertex -7.08682 9.6661 1.2
      vertex -7.15055 9.68774 0
      vertex -7.08682 9.6661 0
    endloop
  endfacet
  facet normal 0.98078 -0.195116 0
    outer loop
      vertex -4.82768 10.9704 1.2
      vertex -4.81455 11.0364 0
      vertex -4.81455 11.0364 1.2
    endloop
  endfacet
  facet normal 0.98078 -0.195116 0
    outer loop
      vertex -4.81455 11.0364 0
      vertex -4.82768 10.9704 1.2
      vertex -4.82768 10.9704 0
    endloop
  endfacet
  facet normal 0.99786 -0.0653848 0
    outer loop
      vertex -4.81455 11.0364 1.2
      vertex -4.80001 11.2583 0
      vertex -4.80001 11.2583 1.2
    endloop
  endfacet
  facet normal 0.99786 -0.0653848 0
    outer loop
      vertex -4.80001 11.2583 0
      vertex -4.81455 11.0364 1.2
      vertex -4.81455 11.0364 0
    endloop
  endfacet
  facet normal 0.997863 0.06534 0
    outer loop
      vertex -4.80001 11.2583 1.2
      vertex -4.81454 11.4802 0
      vertex -4.81454 11.4802 1.2
    endloop
  endfacet
  facet normal 0.997863 0.06534 0
    outer loop
      vertex -4.81454 11.4802 0
      vertex -4.80001 11.2583 1.2
      vertex -4.80001 11.2583 0
    endloop
  endfacet
  facet normal 0.980779 0.195122 0
    outer loop
      vertex -4.81454 11.4802 1.2
      vertex -4.85793 11.6983 0
      vertex -4.85793 11.6983 1.2
    endloop
  endfacet
  facet normal 0.980779 0.195122 0
    outer loop
      vertex -4.85793 11.6983 0
      vertex -4.81454 11.4802 1.2
      vertex -4.81454 11.4802 0
    endloop
  endfacet
  facet normal 0.946956 0.321363 0
    outer loop
      vertex -4.85793 11.6983 1.2
      vertex -4.9294 11.9089 0
      vertex -4.9294 11.9089 1.2
    endloop
  endfacet
  facet normal 0.946956 0.321363 0
    outer loop
      vertex -4.9294 11.9089 0
      vertex -4.85793 11.6983 1.2
      vertex -4.85793 11.6983 0
    endloop
  endfacet
  facet normal 0.896825 0.442386 0
    outer loop
      vertex -4.9294 11.9089 1.2
      vertex -5.02776 12.1083 0
      vertex -5.02776 12.1083 1.2
    endloop
  endfacet
  facet normal 0.896825 0.442386 0
    outer loop
      vertex -5.02776 12.1083 0
      vertex -4.9294 11.9089 1.2
      vertex -4.9294 11.9089 0
    endloop
  endfacet
  facet normal 0.831483 0.555551 0
    outer loop
      vertex -5.02776 12.1083 1.2
      vertex -5.1513 12.2932 0
      vertex -5.1513 12.2932 1.2
    endloop
  endfacet
  facet normal 0.831483 0.555551 0
    outer loop
      vertex -5.1513 12.2932 0
      vertex -5.02776 12.1083 1.2
      vertex -5.02776 12.1083 0
    endloop
  endfacet
  facet normal -0.94693 -0.32144 0
    outer loop
      vertex -5.87726 11.7252 0
      vertex -5.9109 11.8243 1.2
      vertex -5.9109 11.8243 0
    endloop
  endfacet
  facet normal -0.94693 -0.32144 0
    outer loop
      vertex -5.9109 11.8243 1.2
      vertex -5.87726 11.7252 0
      vertex -5.87726 11.7252 1.2
    endloop
  endfacet
  facet normal -0.980819 -0.194922 0
    outer loop
      vertex -5.85685 11.6225 0
      vertex -5.87726 11.7252 1.2
      vertex -5.87726 11.7252 0
    endloop
  endfacet
  facet normal -0.980819 -0.194922 0
    outer loop
      vertex -5.87726 11.7252 1.2
      vertex -5.85685 11.6225 0
      vertex -5.85685 11.6225 1.2
    endloop
  endfacet
  facet normal -0.997861 -0.0653771 0
    outer loop
      vertex -5.85001 11.5181 0
      vertex -5.85685 11.6225 1.2
      vertex -5.85685 11.6225 0
    endloop
  endfacet
  facet normal -0.997861 -0.0653771 0
    outer loop
      vertex -5.85685 11.6225 1.2
      vertex -5.85001 11.5181 0
      vertex -5.85001 11.5181 1.2
    endloop
  endfacet
  facet normal -0.997861 0.0653771 0
    outer loop
      vertex -5.85685 11.4137 0
      vertex -5.85001 11.5181 1.2
      vertex -5.85001 11.5181 0
    endloop
  endfacet
  facet normal -0.997861 0.0653771 0
    outer loop
      vertex -5.85001 11.5181 1.2
      vertex -5.85685 11.4137 0
      vertex -5.85685 11.4137 1.2
    endloop
  endfacet
  facet normal -0.980764 0.195197 0
    outer loop
      vertex -5.87727 11.3111 0
      vertex -5.85685 11.4137 1.2
      vertex -5.85685 11.4137 0
    endloop
  endfacet
  facet normal -0.980764 0.195197 0
    outer loop
      vertex -5.85685 11.4137 1.2
      vertex -5.87727 11.3111 0
      vertex -5.87727 11.3111 1.2
    endloop
  endfacet
  facet normal -0.946959 0.321354 0
    outer loop
      vertex -5.9109 11.212 0
      vertex -5.87727 11.3111 1.2
      vertex -5.87727 11.3111 0
    endloop
  endfacet
  facet normal -0.946959 0.321354 0
    outer loop
      vertex -5.87727 11.3111 1.2
      vertex -5.9109 11.212 0
      vertex -5.9109 11.212 1.2
    endloop
  endfacet
  facet normal -0.896973 0.442086 0
    outer loop
      vertex -5.95718 11.1181 0
      vertex -5.9109 11.212 1.2
      vertex -5.9109 11.212 0
    endloop
  endfacet
  facet normal -0.896973 0.442086 0
    outer loop
      vertex -5.9109 11.212 1.2
      vertex -5.95718 11.1181 0
      vertex -5.95718 11.1181 1.2
    endloop
  endfacet
  facet normal -0.831432 0.555626 0
    outer loop
      vertex -6.01532 11.0311 0
      vertex -5.95718 11.1181 1.2
      vertex -5.95718 11.1181 0
    endloop
  endfacet
  facet normal -0.831432 0.555626 0
    outer loop
      vertex -5.95718 11.1181 1.2
      vertex -6.01532 11.0311 0
      vertex -6.01532 11.0311 1.2
    endloop
  endfacet
  facet normal -0.751925 0.659248 0
    outer loop
      vertex -6.08432 10.9524 0
      vertex -6.01532 11.0311 1.2
      vertex -6.01532 11.0311 0
    endloop
  endfacet
  facet normal -0.751925 0.659248 0
    outer loop
      vertex -6.01532 11.0311 1.2
      vertex -6.08432 10.9524 0
      vertex -6.08432 10.9524 1.2
    endloop
  endfacet
  facet normal -0.65939 0.751801 0
    outer loop
      vertex -6.08432 10.9524 0
      vertex -6.16299 10.8834 1.2
      vertex -6.08432 10.9524 1.2
    endloop
  endfacet
  facet normal -0.65939 0.751801 0
    outer loop
      vertex -6.16299 10.8834 1.2
      vertex -6.08432 10.9524 0
      vertex -6.16299 10.8834 0
    endloop
  endfacet
  facet normal -0.555318 0.831638 0
    outer loop
      vertex -6.16299 10.8834 0
      vertex -6.25 10.8253 1.2
      vertex -6.16299 10.8834 1.2
    endloop
  endfacet
  facet normal -0.555318 0.831638 0
    outer loop
      vertex -6.25 10.8253 1.2
      vertex -6.16299 10.8834 0
      vertex -6.25 10.8253 0
    endloop
  endfacet
  facet normal -0.442467 0.896785 0
    outer loop
      vertex -6.25 10.8253 0
      vertex -6.34384 10.779 1.2
      vertex -6.25 10.8253 1.2
    endloop
  endfacet
  facet normal -0.442467 0.896785 0
    outer loop
      vertex -6.34384 10.779 1.2
      vertex -6.25 10.8253 0
      vertex -6.34384 10.779 0
    endloop
  endfacet
  facet normal -0.321126 0.947036 0
    outer loop
      vertex -6.34384 10.779 0
      vertex -6.44293 10.7454 1.2
      vertex -6.34384 10.779 1.2
    endloop
  endfacet
  facet normal -0.321126 0.947036 0
    outer loop
      vertex -6.44293 10.7454 1.2
      vertex -6.34384 10.779 0
      vertex -6.44293 10.7454 0
    endloop
  endfacet
  facet normal -0.194958 0.980812 0
    outer loop
      vertex -6.44293 10.7454 0
      vertex -6.54556 10.725 1.2
      vertex -6.44293 10.7454 1.2
    endloop
  endfacet
  facet normal -0.194958 0.980812 0
    outer loop
      vertex -6.54556 10.725 1.2
      vertex -6.44293 10.7454 0
      vertex -6.54556 10.725 0
    endloop
  endfacet
  facet normal -0.0659292 0.997824 0
    outer loop
      vertex -6.54556 10.725 0
      vertex -6.64999 10.7181 1.2
      vertex -6.54556 10.725 1.2
    endloop
  endfacet
  facet normal -0.0659292 0.997824 0
    outer loop
      vertex -6.64999 10.7181 1.2
      vertex -6.54556 10.725 0
      vertex -6.64999 10.7181 0
    endloop
  endfacet
  facet normal 0.0659355 0.997824 -0
    outer loop
      vertex -6.64999 10.7181 0
      vertex -6.75441 10.725 1.2
      vertex -6.64999 10.7181 1.2
    endloop
  endfacet
  facet normal 0.0659355 0.997824 0
    outer loop
      vertex -6.75441 10.725 1.2
      vertex -6.64999 10.7181 0
      vertex -6.75441 10.725 0
    endloop
  endfacet
  facet normal 0.194958 0.980812 -0
    outer loop
      vertex -6.75441 10.725 0
      vertex -6.85704 10.7454 1.2
      vertex -6.75441 10.725 1.2
    endloop
  endfacet
  facet normal 0.194958 0.980812 0
    outer loop
      vertex -6.85704 10.7454 1.2
      vertex -6.75441 10.725 0
      vertex -6.85704 10.7454 0
    endloop
  endfacet
  facet normal 0.321097 0.947046 -0
    outer loop
      vertex -6.85704 10.7454 0
      vertex -6.95614 10.779 1.2
      vertex -6.85704 10.7454 1.2
    endloop
  endfacet
  facet normal 0.321097 0.947046 0
    outer loop
      vertex -6.95614 10.779 1.2
      vertex -6.85704 10.7454 0
      vertex -6.95614 10.779 0
    endloop
  endfacet
  facet normal 0.442429 0.896803 -0
    outer loop
      vertex -6.95614 10.779 0
      vertex -7.04999 10.8253 1.2
      vertex -6.95614 10.779 1.2
    endloop
  endfacet
  facet normal 0.442429 0.896803 0
    outer loop
      vertex -7.04999 10.8253 1.2
      vertex -6.95614 10.779 0
      vertex -7.04999 10.8253 0
    endloop
  endfacet
  facet normal 0.555978 0.831197 -0
    outer loop
      vertex -7.04999 10.8253 0
      vertex -7.137 10.8835 1.2
      vertex -7.04999 10.8253 1.2
    endloop
  endfacet
  facet normal 0.555978 0.831197 0
    outer loop
      vertex -7.137 10.8835 1.2
      vertex -7.04999 10.8253 0
      vertex -7.137 10.8835 0
    endloop
  endfacet
  facet normal 0.659343 0.751842 -0
    outer loop
      vertex -7.137 10.8835 0
      vertex -7.21568 10.9525 1.2
      vertex -7.137 10.8835 1.2
    endloop
  endfacet
  facet normal 0.659343 0.751842 0
    outer loop
      vertex -7.21568 10.9525 1.2
      vertex -7.137 10.8835 0
      vertex -7.21568 10.9525 0
    endloop
  endfacet
  facet normal 0.75151 0.659722 0
    outer loop
      vertex -7.21568 10.9525 1.2
      vertex -7.28468 11.0311 0
      vertex -7.28468 11.0311 1.2
    endloop
  endfacet
  facet normal 0.75151 0.659722 0
    outer loop
      vertex -7.28468 11.0311 0
      vertex -7.21568 10.9525 1.2
      vertex -7.21568 10.9525 0
    endloop
  endfacet
  facet normal 0.831521 0.555494 0
    outer loop
      vertex -7.28468 11.0311 1.2
      vertex -7.3428 11.1181 0
      vertex -7.3428 11.1181 1.2
    endloop
  endfacet
  facet normal 0.831521 0.555494 0
    outer loop
      vertex -7.3428 11.1181 0
      vertex -7.28468 11.0311 1.2
      vertex -7.28468 11.0311 0
    endloop
  endfacet
  facet normal 0.896897 0.44224 0
    outer loop
      vertex -7.3428 11.1181 1.2
      vertex -7.3891 11.212 0
      vertex -7.3891 11.212 1.2
    endloop
  endfacet
  facet normal 0.896897 0.44224 0
    outer loop
      vertex -7.3891 11.212 0
      vertex -7.3428 11.1181 1.2
      vertex -7.3428 11.1181 0
    endloop
  endfacet
  facet normal 0.946959 0.321354 0
    outer loop
      vertex -7.3891 11.212 1.2
      vertex -7.42273 11.3111 0
      vertex -7.42273 11.3111 1.2
    endloop
  endfacet
  facet normal 0.946959 0.321354 0
    outer loop
      vertex -7.42273 11.3111 0
      vertex -7.3891 11.212 1.2
      vertex -7.3891 11.212 0
    endloop
  endfacet
  facet normal 0.980782 0.195105 0
    outer loop
      vertex -7.42273 11.3111 1.2
      vertex -7.44314 11.4137 0
      vertex -7.44314 11.4137 1.2
    endloop
  endfacet
  facet normal 0.980782 0.195105 0
    outer loop
      vertex -7.44314 11.4137 0
      vertex -7.42273 11.3111 1.2
      vertex -7.42273 11.3111 0
    endloop
  endfacet
  facet normal 0.997854 0.0654722 0
    outer loop
      vertex -7.44314 11.4137 1.2
      vertex -7.44999 11.5181 0
      vertex -7.44999 11.5181 1.2
    endloop
  endfacet
  facet normal 0.997854 0.0654722 0
    outer loop
      vertex -7.44999 11.5181 0
      vertex -7.44314 11.4137 1.2
      vertex -7.44314 11.4137 0
    endloop
  endfacet
  facet normal 0.997858 -0.0654099 0
    outer loop
      vertex -7.44999 11.5181 1.2
      vertex -7.44314 11.6226 0
      vertex -7.44314 11.6226 1.2
    endloop
  endfacet
  facet normal 0.997858 -0.0654099 0
    outer loop
      vertex -7.44314 11.6226 0
      vertex -7.44999 11.5181 1.2
      vertex -7.44999 11.5181 0
    endloop
  endfacet
  facet normal 0.980782 -0.195105 0
    outer loop
      vertex -7.44314 11.6226 1.2
      vertex -7.42273 11.7252 0
      vertex -7.42273 11.7252 1.2
    endloop
  endfacet
  facet normal 0.980782 -0.195105 0
    outer loop
      vertex -7.42273 11.7252 0
      vertex -7.44314 11.6226 1.2
      vertex -7.44314 11.6226 0
    endloop
  endfacet
  facet normal 0.94693 -0.32144 0
    outer loop
      vertex -7.42273 11.7252 1.2
      vertex -7.38909 11.8243 0
      vertex -7.38909 11.8243 1.2
    endloop
  endfacet
  facet normal 0.94693 -0.32144 0
    outer loop
      vertex -7.38909 11.8243 0
      vertex -7.42273 11.7252 1.2
      vertex -7.42273 11.7252 0
    endloop
  endfacet
  facet normal 0.896786 -0.442465 0
    outer loop
      vertex -7.38909 11.8243 1.2
      vertex -7.34281 11.9181 0
      vertex -7.34281 11.9181 1.2
    endloop
  endfacet
  facet normal 0.896786 -0.442465 0
    outer loop
      vertex -7.34281 11.9181 0
      vertex -7.38909 11.8243 1.2
      vertex -7.38909 11.8243 0
    endloop
  endfacet
  facet normal 0.831432 -0.555626 0
    outer loop
      vertex -7.34281 11.9181 1.2
      vertex -7.28467 12.0051 0
      vertex -7.28467 12.0051 1.2
    endloop
  endfacet
  facet normal 0.831432 -0.555626 0
    outer loop
      vertex -7.28467 12.0051 0
      vertex -7.34281 11.9181 1.2
      vertex -7.34281 11.9181 0
    endloop
  endfacet
  facet normal 0.751973 -0.659194 0
    outer loop
      vertex -7.28467 12.0051 1.2
      vertex -7.21568 12.0838 0
      vertex -7.21568 12.0838 1.2
    endloop
  endfacet
  facet normal 0.751973 -0.659194 0
    outer loop
      vertex -7.21568 12.0838 0
      vertex -7.28467 12.0051 1.2
      vertex -7.28467 12.0051 0
    endloop
  endfacet
  facet normal 0.659343 -0.751842 0
    outer loop
      vertex -7.21568 12.0838 0
      vertex -7.137 12.1528 1.2
      vertex -7.21568 12.0838 1.2
    endloop
  endfacet
  facet normal 0.659343 -0.751842 0
    outer loop
      vertex -7.137 12.1528 1.2
      vertex -7.21568 12.0838 0
      vertex -7.137 12.1528 0
    endloop
  endfacet
  facet normal 0.555362 -0.831609 0
    outer loop
      vertex -7.137 12.1528 0
      vertex -7.05 12.2109 1.2
      vertex -7.137 12.1528 1.2
    endloop
  endfacet
  facet normal 0.555362 -0.831609 0
    outer loop
      vertex -7.05 12.2109 1.2
      vertex -7.137 12.1528 0
      vertex -7.05 12.2109 0
    endloop
  endfacet
  facet normal 0.442429 -0.896803 0
    outer loop
      vertex -7.05 12.2109 0
      vertex -6.95615 12.2572 1.2
      vertex -7.05 12.2109 1.2
    endloop
  endfacet
  facet normal 0.442429 -0.896803 0
    outer loop
      vertex -6.95615 12.2572 1.2
      vertex -7.05 12.2109 0
      vertex -6.95615 12.2572 0
    endloop
  endfacet
  facet normal 0.321983 -0.946745 0
    outer loop
      vertex -6.95615 12.2572 0
      vertex -6.85706 12.2909 1.2
      vertex -6.95615 12.2572 1.2
    endloop
  endfacet
  facet normal 0.321983 -0.946745 0
    outer loop
      vertex -6.85706 12.2909 1.2
      vertex -6.95615 12.2572 0
      vertex -6.85706 12.2909 0
    endloop
  endfacet
  facet normal 0.19494 -0.980815 0
    outer loop
      vertex -6.85706 12.2909 0
      vertex -6.75442 12.3113 1.2
      vertex -6.85706 12.2909 1.2
    endloop
  endfacet
  facet normal 0.19494 -0.980815 0
    outer loop
      vertex -6.75442 12.3113 1.2
      vertex -6.85706 12.2909 0
      vertex -6.75442 12.3113 0
    endloop
  endfacet
  facet normal 0.064984 -0.997886 0
    outer loop
      vertex -6.75442 12.3113 0
      vertex -6.65 12.3181 1.2
      vertex -6.75442 12.3113 1.2
    endloop
  endfacet
  facet normal 0.064984 -0.997886 0
    outer loop
      vertex -6.65 12.3181 1.2
      vertex -6.75442 12.3113 0
      vertex -6.65 12.3181 0
    endloop
  endfacet
  facet normal -0.064984 -0.997886 0
    outer loop
      vertex -6.65 12.3181 0
      vertex -6.54558 12.3113 1.2
      vertex -6.65 12.3181 1.2
    endloop
  endfacet
  facet normal -0.064984 -0.997886 -0
    outer loop
      vertex -6.54558 12.3113 1.2
      vertex -6.65 12.3181 0
      vertex -6.54558 12.3113 0
    endloop
  endfacet
  facet normal -0.194958 -0.980812 0
    outer loop
      vertex -6.54558 12.3113 0
      vertex -6.44295 12.2909 1.2
      vertex -6.54558 12.3113 1.2
    endloop
  endfacet
  facet normal -0.194958 -0.980812 -0
    outer loop
      vertex -6.44295 12.2909 1.2
      vertex -6.54558 12.3113 0
      vertex -6.44295 12.2909 0
    endloop
  endfacet
  facet normal -0.321983 -0.946745 0
    outer loop
      vertex -6.44295 12.2909 0
      vertex -6.34386 12.2572 1.2
      vertex -6.44295 12.2909 1.2
    endloop
  endfacet
  facet normal -0.321983 -0.946745 -0
    outer loop
      vertex -6.34386 12.2572 1.2
      vertex -6.44295 12.2909 0
      vertex -6.34386 12.2572 0
    endloop
  endfacet
  facet normal -0.442429 -0.896803 0
    outer loop
      vertex -6.34386 12.2572 0
      vertex -6.25001 12.2109 1.2
      vertex -6.34386 12.2572 1.2
    endloop
  endfacet
  facet normal -0.442429 -0.896803 -0
    outer loop
      vertex -6.25001 12.2109 1.2
      vertex -6.34386 12.2572 0
      vertex -6.25001 12.2109 0
    endloop
  endfacet
  facet normal -0.555318 -0.831638 0
    outer loop
      vertex -6.25001 12.2109 0
      vertex -6.163 12.1528 1.2
      vertex -6.25001 12.2109 1.2
    endloop
  endfacet
  facet normal -0.555318 -0.831638 -0
    outer loop
      vertex -6.163 12.1528 1.2
      vertex -6.25001 12.2109 0
      vertex -6.163 12.1528 0
    endloop
  endfacet
  facet normal -0.659343 -0.751842 0
    outer loop
      vertex -6.163 12.1528 0
      vertex -6.08432 12.0838 1.2
      vertex -6.163 12.1528 1.2
    endloop
  endfacet
  facet normal -0.659343 -0.751842 -0
    outer loop
      vertex -6.08432 12.0838 1.2
      vertex -6.163 12.1528 0
      vertex -6.08432 12.0838 0
    endloop
  endfacet
  facet normal -0.751925 -0.659248 0
    outer loop
      vertex -6.01532 12.0051 0
      vertex -6.08432 12.0838 1.2
      vertex -6.08432 12.0838 0
    endloop
  endfacet
  facet normal -0.751925 -0.659248 0
    outer loop
      vertex -6.08432 12.0838 1.2
      vertex -6.01532 12.0051 0
      vertex -6.01532 12.0051 1.2
    endloop
  endfacet
  facet normal -0.831432 -0.555626 0
    outer loop
      vertex -5.95718 11.9181 0
      vertex -6.01532 12.0051 1.2
      vertex -6.01532 12.0051 0
    endloop
  endfacet
  facet normal -0.831432 -0.555626 0
    outer loop
      vertex -6.01532 12.0051 1.2
      vertex -5.95718 11.9181 0
      vertex -5.95718 11.9181 1.2
    endloop
  endfacet
  facet normal -0.896786 -0.442465 0
    outer loop
      vertex -5.9109 11.8243 0
      vertex -5.95718 11.9181 1.2
      vertex -5.95718 11.9181 0
    endloop
  endfacet
  facet normal -0.896786 -0.442465 0
    outer loop
      vertex -5.95718 11.9181 1.2
      vertex -5.9109 11.8243 0
      vertex -5.9109 11.8243 1.2
    endloop
  endfacet
  facet normal -0.195165 0.98077 0
    outer loop
      vertex -13.2219 1.68546 0
      vertex -13.44 1.64206 1.2
      vertex -13.2219 1.68546 1.2
    endloop
  endfacet
  facet normal -0.195165 0.98077 0
    outer loop
      vertex -13.44 1.64206 1.2
      vertex -13.2219 1.68546 0
      vertex -13.44 1.64206 0
    endloop
  endfacet
  facet normal -0.321363 0.946956 0
    outer loop
      vertex -13.44 1.64206 0
      vertex -13.6506 1.57059 1.2
      vertex -13.44 1.64206 1.2
    endloop
  endfacet
  facet normal -0.321363 0.946956 0
    outer loop
      vertex -13.6506 1.57059 1.2
      vertex -13.44 1.64206 0
      vertex -13.6506 1.57059 0
    endloop
  endfacet
  facet normal -0.442386 0.896825 0
    outer loop
      vertex -13.6506 1.57059 0
      vertex -13.85 1.47223 1.2
      vertex -13.6506 1.57059 1.2
    endloop
  endfacet
  facet normal -0.442386 0.896825 0
    outer loop
      vertex -13.85 1.47223 1.2
      vertex -13.6506 1.57059 0
      vertex -13.85 1.47223 0
    endloop
  endfacet
  facet normal -0.555551 0.831483 0
    outer loop
      vertex -13.85 1.47223 0
      vertex -14.0349 1.34869 1.2
      vertex -13.85 1.47223 1.2
    endloop
  endfacet
  facet normal -0.555551 0.831483 0
    outer loop
      vertex -14.0349 1.34869 1.2
      vertex -13.85 1.47223 0
      vertex -14.0349 1.34869 0
    endloop
  endfacet
  facet normal -0.659319 0.751863 0
    outer loop
      vertex -14.0349 1.34869 0
      vertex -14.2021 1.20207 1.2
      vertex -14.0349 1.34869 1.2
    endloop
  endfacet
  facet normal -0.659319 0.751863 0
    outer loop
      vertex -14.2021 1.20207 1.2
      vertex -14.0349 1.34869 0
      vertex -14.2021 1.20207 0
    endloop
  endfacet
  facet normal -0.751888 0.659291 0
    outer loop
      vertex -14.3487 1.03488 0
      vertex -14.2021 1.20207 1.2
      vertex -14.2021 1.20207 0
    endloop
  endfacet
  facet normal -0.751888 0.659291 0
    outer loop
      vertex -14.2021 1.20207 1.2
      vertex -14.3487 1.03488 0
      vertex -14.3487 1.03488 1.2
    endloop
  endfacet
  facet normal -0.83155 0.555449 0
    outer loop
      vertex -14.4722 0.849991 0
      vertex -14.3487 1.03488 1.2
      vertex -14.3487 1.03488 0
    endloop
  endfacet
  facet normal -0.83155 0.555449 0
    outer loop
      vertex -14.3487 1.03488 1.2
      vertex -14.4722 0.849991 0
      vertex -14.4722 0.849991 1.2
    endloop
  endfacet
  facet normal -0.896783 0.442471 0
    outer loop
      vertex -14.5706 0.650558 0
      vertex -14.4722 0.849991 1.2
      vertex -14.4722 0.849991 0
    endloop
  endfacet
  facet normal -0.896783 0.442471 0
    outer loop
      vertex -14.4722 0.849991 1.2
      vertex -14.5706 0.650558 0
      vertex -14.5706 0.650558 1.2
    endloop
  endfacet
  facet normal -0.946902 0.321523 0
    outer loop
      vertex -14.6421 0.439987 0
      vertex -14.5706 0.650558 1.2
      vertex -14.5706 0.650558 0
    endloop
  endfacet
  facet normal -0.946902 0.321523 0
    outer loop
      vertex -14.5706 0.650558 1.2
      vertex -14.6421 0.439987 0
      vertex -14.6421 0.439987 1.2
    endloop
  endfacet
  facet normal -0.980769 0.19517 0
    outer loop
      vertex -14.6855 0.221893 0
      vertex -14.6421 0.439987 1.2
      vertex -14.6421 0.439987 0
    endloop
  endfacet
  facet normal -0.980769 0.19517 0
    outer loop
      vertex -14.6421 0.439987 1.2
      vertex -14.6855 0.221893 0
      vertex -14.6855 0.221893 1.2
    endloop
  endfacet
  facet normal -0.997872 0.0652077 0
    outer loop
      vertex -14.7 0 0
      vertex -14.6855 0.221893 1.2
      vertex -14.6855 0.221893 0
    endloop
  endfacet
  facet normal -0.997872 0.0652077 0
    outer loop
      vertex -14.6855 0.221893 1.2
      vertex -14.7 0 0
      vertex -14.7 0 1.2
    endloop
  endfacet
  facet normal -0.997872 -0.0652077 0
    outer loop
      vertex -14.6855 -0.221893 0
      vertex -14.7 0 1.2
      vertex -14.7 0 0
    endloop
  endfacet
  facet normal -0.997872 -0.0652077 0
    outer loop
      vertex -14.7 0 1.2
      vertex -14.6855 -0.221893 0
      vertex -14.6855 -0.221893 1.2
    endloop
  endfacet
  facet normal -0.980769 -0.19517 0
    outer loop
      vertex -14.6421 -0.439987 0
      vertex -14.6855 -0.221893 1.2
      vertex -14.6855 -0.221893 0
    endloop
  endfacet
  facet normal -0.980769 -0.19517 0
    outer loop
      vertex -14.6855 -0.221893 1.2
      vertex -14.6421 -0.439987 0
      vertex -14.6421 -0.439987 1.2
    endloop
  endfacet
  facet normal -0.946902 -0.321523 0
    outer loop
      vertex -14.5706 -0.650558 0
      vertex -14.6421 -0.439987 1.2
      vertex -14.6421 -0.439987 0
    endloop
  endfacet
  facet normal -0.946902 -0.321523 0
    outer loop
      vertex -14.6421 -0.439987 1.2
      vertex -14.5706 -0.650558 0
      vertex -14.5706 -0.650558 1.2
    endloop
  endfacet
  facet normal -0.896783 -0.442471 0
    outer loop
      vertex -14.4722 -0.849991 0
      vertex -14.5706 -0.650558 1.2
      vertex -14.5706 -0.650558 0
    endloop
  endfacet
  facet normal -0.896783 -0.442471 0
    outer loop
      vertex -14.5706 -0.650558 1.2
      vertex -14.4722 -0.849991 0
      vertex -14.4722 -0.849991 1.2
    endloop
  endfacet
  facet normal -0.83155 -0.555449 0
    outer loop
      vertex -14.3487 -1.03488 0
      vertex -14.4722 -0.849991 1.2
      vertex -14.4722 -0.849991 0
    endloop
  endfacet
  facet normal -0.83155 -0.555449 0
    outer loop
      vertex -14.4722 -0.849991 1.2
      vertex -14.3487 -1.03488 0
      vertex -14.3487 -1.03488 1.2
    endloop
  endfacet
  facet normal -0.751888 -0.659291 0
    outer loop
      vertex -14.2021 -1.20207 0
      vertex -14.3487 -1.03488 1.2
      vertex -14.3487 -1.03488 0
    endloop
  endfacet
  facet normal -0.751888 -0.659291 0
    outer loop
      vertex -14.3487 -1.03488 1.2
      vertex -14.2021 -1.20207 0
      vertex -14.2021 -1.20207 1.2
    endloop
  endfacet
  facet normal -0.659319 -0.751863 0
    outer loop
      vertex -14.2021 -1.20207 0
      vertex -14.0349 -1.34869 1.2
      vertex -14.2021 -1.20207 1.2
    endloop
  endfacet
  facet normal -0.659319 -0.751863 -0
    outer loop
      vertex -14.0349 -1.34869 1.2
      vertex -14.2021 -1.20207 0
      vertex -14.0349 -1.34869 0
    endloop
  endfacet
  facet normal -0.555551 -0.831483 0
    outer loop
      vertex -14.0349 -1.34869 0
      vertex -13.85 -1.47223 1.2
      vertex -14.0349 -1.34869 1.2
    endloop
  endfacet
  facet normal -0.555551 -0.831483 -0
    outer loop
      vertex -13.85 -1.47223 1.2
      vertex -14.0349 -1.34869 0
      vertex -13.85 -1.47223 0
    endloop
  endfacet
  facet normal -0.442386 -0.896825 0
    outer loop
      vertex -13.85 -1.47223 0
      vertex -13.6506 -1.57059 1.2
      vertex -13.85 -1.47223 1.2
    endloop
  endfacet
  facet normal -0.442386 -0.896825 -0
    outer loop
      vertex -13.6506 -1.57059 1.2
      vertex -13.85 -1.47223 0
      vertex -13.6506 -1.57059 0
    endloop
  endfacet
  facet normal -0.321363 -0.946956 0
    outer loop
      vertex -13.6506 -1.57059 0
      vertex -13.44 -1.64206 1.2
      vertex -13.6506 -1.57059 1.2
    endloop
  endfacet
  facet normal -0.321363 -0.946956 -0
    outer loop
      vertex -13.44 -1.64206 1.2
      vertex -13.6506 -1.57059 0
      vertex -13.44 -1.64206 0
    endloop
  endfacet
  facet normal -0.195165 -0.98077 0
    outer loop
      vertex -13.44 -1.64206 0
      vertex -13.2219 -1.68546 1.2
      vertex -13.44 -1.64206 1.2
    endloop
  endfacet
  facet normal -0.195165 -0.98077 -0
    outer loop
      vertex -13.2219 -1.68546 1.2
      vertex -13.44 -1.64206 0
      vertex -13.2219 -1.68546 0
    endloop
  endfacet
  facet normal -0.0653848 -0.99786 0
    outer loop
      vertex -13.2219 -1.68546 0
      vertex -13 -1.7 1.2
      vertex -13.2219 -1.68546 1.2
    endloop
  endfacet
  facet normal -0.0653848 -0.99786 -0
    outer loop
      vertex -13 -1.7 1.2
      vertex -13.2219 -1.68546 0
      vertex -13 -1.7 0
    endloop
  endfacet
  facet normal 0.0653848 -0.99786 0
    outer loop
      vertex -13 -1.7 0
      vertex -12.7781 -1.68546 1.2
      vertex -13 -1.7 1.2
    endloop
  endfacet
  facet normal 0.0653848 -0.99786 0
    outer loop
      vertex -12.7781 -1.68546 1.2
      vertex -13 -1.7 0
      vertex -12.7781 -1.68546 0
    endloop
  endfacet
  facet normal 0.195165 -0.98077 0
    outer loop
      vertex -12.7781 -1.68546 0
      vertex -12.56 -1.64206 1.2
      vertex -12.7781 -1.68546 1.2
    endloop
  endfacet
  facet normal 0.195165 -0.98077 0
    outer loop
      vertex -12.56 -1.64206 1.2
      vertex -12.7781 -1.68546 0
      vertex -12.56 -1.64206 0
    endloop
  endfacet
  facet normal 0.321363 -0.946956 0
    outer loop
      vertex -12.56 -1.64206 0
      vertex -12.3494 -1.57059 1.2
      vertex -12.56 -1.64206 1.2
    endloop
  endfacet
  facet normal 0.321363 -0.946956 0
    outer loop
      vertex -12.3494 -1.57059 1.2
      vertex -12.56 -1.64206 0
      vertex -12.3494 -1.57059 0
    endloop
  endfacet
  facet normal 0.442386 -0.896825 0
    outer loop
      vertex -12.3494 -1.57059 0
      vertex -12.15 -1.47223 1.2
      vertex -12.3494 -1.57059 1.2
    endloop
  endfacet
  facet normal 0.442386 -0.896825 0
    outer loop
      vertex -12.15 -1.47223 1.2
      vertex -12.3494 -1.57059 0
      vertex -12.15 -1.47223 0
    endloop
  endfacet
  facet normal 0.555551 -0.831483 0
    outer loop
      vertex -12.15 -1.47223 0
      vertex -11.9651 -1.34869 1.2
      vertex -12.15 -1.47223 1.2
    endloop
  endfacet
  facet normal 0.555551 -0.831483 0
    outer loop
      vertex -11.9651 -1.34869 1.2
      vertex -12.15 -1.47223 0
      vertex -11.9651 -1.34869 0
    endloop
  endfacet
  facet normal 0.659388 -0.751803 0
    outer loop
      vertex -11.9651 -1.34869 0
      vertex -11.9145 -1.30431 1.2
      vertex -11.9651 -1.34869 1.2
    endloop
  endfacet
  facet normal 0.659388 -0.751803 0
    outer loop
      vertex -11.9145 -1.30431 1.2
      vertex -11.9651 -1.34869 0
      vertex -11.9145 -1.30431 0
    endloop
  endfacet
  facet normal 0.659388 0.751803 -0
    outer loop
      vertex -11.9145 1.30431 0
      vertex -11.9651 1.34869 1.2
      vertex -11.9145 1.30431 1.2
    endloop
  endfacet
  facet normal 0.659388 0.751803 0
    outer loop
      vertex -11.9651 1.34869 1.2
      vertex -11.9145 1.30431 0
      vertex -11.9651 1.34869 0
    endloop
  endfacet
  facet normal 0.555551 0.831483 -0
    outer loop
      vertex -11.9651 1.34869 0
      vertex -12.15 1.47223 1.2
      vertex -11.9651 1.34869 1.2
    endloop
  endfacet
  facet normal 0.555551 0.831483 0
    outer loop
      vertex -12.15 1.47223 1.2
      vertex -11.9651 1.34869 0
      vertex -12.15 1.47223 0
    endloop
  endfacet
  facet normal 0.442386 0.896825 -0
    outer loop
      vertex -12.15 1.47223 0
      vertex -12.3494 1.57059 1.2
      vertex -12.15 1.47223 1.2
    endloop
  endfacet
  facet normal 0.442386 0.896825 0
    outer loop
      vertex -12.3494 1.57059 1.2
      vertex -12.15 1.47223 0
      vertex -12.3494 1.57059 0
    endloop
  endfacet
  facet normal 0.321363 0.946956 -0
    outer loop
      vertex -12.3494 1.57059 0
      vertex -12.56 1.64206 1.2
      vertex -12.3494 1.57059 1.2
    endloop
  endfacet
  facet normal 0.321363 0.946956 0
    outer loop
      vertex -12.56 1.64206 1.2
      vertex -12.3494 1.57059 0
      vertex -12.56 1.64206 0
    endloop
  endfacet
  facet normal 0.195165 0.98077 -0
    outer loop
      vertex -12.56 1.64206 0
      vertex -12.7781 1.68546 1.2
      vertex -12.56 1.64206 1.2
    endloop
  endfacet
  facet normal 0.195165 0.98077 0
    outer loop
      vertex -12.7781 1.68546 1.2
      vertex -12.56 1.64206 0
      vertex -12.7781 1.68546 0
    endloop
  endfacet
  facet normal 0.0653848 0.99786 -0
    outer loop
      vertex -12.7781 1.68546 0
      vertex -13 1.7 1.2
      vertex -12.7781 1.68546 1.2
    endloop
  endfacet
  facet normal 0.0653848 0.99786 0
    outer loop
      vertex -13 1.7 1.2
      vertex -12.7781 1.68546 0
      vertex -13 1.7 0
    endloop
  endfacet
  facet normal -0.0653848 0.99786 0
    outer loop
      vertex -13 1.7 0
      vertex -13.2219 1.68546 1.2
      vertex -13 1.7 1.2
    endloop
  endfacet
  facet normal -0.0653848 0.99786 0
    outer loop
      vertex -13.2219 1.68546 1.2
      vertex -13 1.7 0
      vertex -13.2219 1.68546 0
    endloop
  endfacet
  facet normal -0.194977 -0.980808 0
    outer loop
      vertex -13.1956 0.793152 0
      vertex -13.0929 0.772736 1.2
      vertex -13.1956 0.793152 1.2
    endloop
  endfacet
  facet normal -0.194977 -0.980808 -0
    outer loop
      vertex -13.0929 0.772736 1.2
      vertex -13.1956 0.793152 0
      vertex -13.0929 0.772736 0
    endloop
  endfacet
  facet normal -0.321783 -0.946814 0
    outer loop
      vertex -13.0929 0.772736 0
      vertex -12.9939 0.73909 1.2
      vertex -13.0929 0.772736 1.2
    endloop
  endfacet
  facet normal -0.321783 -0.946814 -0
    outer loop
      vertex -12.9939 0.73909 1.2
      vertex -13.0929 0.772736 0
      vertex -12.9939 0.73909 0
    endloop
  endfacet
  facet normal -0.442086 -0.896973 0
    outer loop
      vertex -12.9939 0.73909 0
      vertex -12.9 0.69281 1.2
      vertex -12.9939 0.73909 1.2
    endloop
  endfacet
  facet normal -0.442086 -0.896973 -0
    outer loop
      vertex -12.9 0.69281 1.2
      vertex -12.9939 0.73909 0
      vertex -12.9 0.69281 0
    endloop
  endfacet
  facet normal -0.5556 -0.83145 0
    outer loop
      vertex -12.9 0.69281 0
      vertex -12.813 0.634674 1.2
      vertex -12.9 0.69281 1.2
    endloop
  endfacet
  facet normal -0.5556 -0.83145 -0
    outer loop
      vertex -12.813 0.634674 1.2
      vertex -12.9 0.69281 0
      vertex -12.813 0.634674 0
    endloop
  endfacet
  facet normal -0.659248 -0.751925 0
    outer loop
      vertex -12.813 0.634674 0
      vertex -12.7343 0.565674 1.2
      vertex -12.813 0.634674 1.2
    endloop
  endfacet
  facet normal -0.659248 -0.751925 -0
    outer loop
      vertex -12.7343 0.565674 1.2
      vertex -12.813 0.634674 0
      vertex -12.7343 0.565674 0
    endloop
  endfacet
  facet normal -0.751817 -0.659371 0
    outer loop
      vertex -12.6653 0.487 0
      vertex -12.7343 0.565674 1.2
      vertex -12.7343 0.565674 0
    endloop
  endfacet
  facet normal -0.751817 -0.659371 0
    outer loop
      vertex -12.7343 0.565674 1.2
      vertex -12.6653 0.487 0
      vertex -12.6653 0.487 1.2
    endloop
  endfacet
  facet normal -0.831627 -0.555335 0
    outer loop
      vertex -12.6072 0.399994 0
      vertex -12.6653 0.487 1.2
      vertex -12.6653 0.487 0
    endloop
  endfacet
  facet normal -0.831627 -0.555335 0
    outer loop
      vertex -12.6653 0.487 1.2
      vertex -12.6072 0.399994 0
      vertex -12.6072 0.399994 1.2
    endloop
  endfacet
  facet normal -0.896816 -0.442403 0
    outer loop
      vertex -12.5609 0.306137 0
      vertex -12.6072 0.399994 1.2
      vertex -12.6072 0.399994 0
    endloop
  endfacet
  facet normal -0.896816 -0.442403 0
    outer loop
      vertex -12.6072 0.399994 1.2
      vertex -12.5609 0.306137 0
      vertex -12.5609 0.306137 1.2
    endloop
  endfacet
  facet normal -0.947036 -0.321126 0
    outer loop
      vertex -12.5273 0.207047 0
      vertex -12.5609 0.306137 1.2
      vertex -12.5609 0.306137 0
    endloop
  endfacet
  facet normal -0.947036 -0.321126 0
    outer loop
      vertex -12.5609 0.306137 1.2
      vertex -12.5273 0.207047 0
      vertex -12.5273 0.207047 1.2
    endloop
  endfacet
  facet normal -0.980629 -0.195875 0
    outer loop
      vertex -12.5068 0.104416 0
      vertex -12.5273 0.207047 1.2
      vertex -12.5273 0.207047 0
    endloop
  endfacet
  facet normal -0.980629 -0.195875 0
    outer loop
      vertex -12.5273 0.207047 1.2
      vertex -12.5068 0.104416 0
      vertex -12.5068 0.104416 1.2
    endloop
  endfacet
  facet normal -0.997886 -0.0649865 0
    outer loop
      vertex -12.5 0 0
      vertex -12.5068 0.104416 1.2
      vertex -12.5068 0.104416 0
    endloop
  endfacet
  facet normal -0.997886 -0.0649865 0
    outer loop
      vertex -12.5068 0.104416 1.2
      vertex -12.5 0 0
      vertex -12.5 0 1.2
    endloop
  endfacet
  facet normal -0.997886 0.0649865 0
    outer loop
      vertex -12.5068 -0.104416 0
      vertex -12.5 0 1.2
      vertex -12.5 0 0
    endloop
  endfacet
  facet normal -0.997886 0.0649865 0
    outer loop
      vertex -12.5 0 1.2
      vertex -12.5068 -0.104416 0
      vertex -12.5068 -0.104416 1.2
    endloop
  endfacet
  facet normal -0.980629 0.195875 0
    outer loop
      vertex -12.5273 -0.207047 0
      vertex -12.5068 -0.104416 1.2
      vertex -12.5068 -0.104416 0
    endloop
  endfacet
  facet normal -0.980629 0.195875 0
    outer loop
      vertex -12.5068 -0.104416 1.2
      vertex -12.5273 -0.207047 0
      vertex -12.5273 -0.207047 1.2
    endloop
  endfacet
  facet normal -0.947036 0.321126 0
    outer loop
      vertex -12.5609 -0.306137 0
      vertex -12.5273 -0.207047 1.2
      vertex -12.5273 -0.207047 0
    endloop
  endfacet
  facet normal -0.947036 0.321126 0
    outer loop
      vertex -12.5273 -0.207047 1.2
      vertex -12.5609 -0.306137 0
      vertex -12.5609 -0.306137 1.2
    endloop
  endfacet
  facet normal -0.896816 0.442403 0
    outer loop
      vertex -12.6072 -0.399994 0
      vertex -12.5609 -0.306137 1.2
      vertex -12.5609 -0.306137 0
    endloop
  endfacet
  facet normal -0.896816 0.442403 0
    outer loop
      vertex -12.5609 -0.306137 1.2
      vertex -12.6072 -0.399994 0
      vertex -12.6072 -0.399994 1.2
    endloop
  endfacet
  facet normal -0.831627 0.555335 0
    outer loop
      vertex -12.6653 -0.487 0
      vertex -12.6072 -0.399994 1.2
      vertex -12.6072 -0.399994 0
    endloop
  endfacet
  facet normal -0.831627 0.555335 0
    outer loop
      vertex -12.6072 -0.399994 1.2
      vertex -12.6653 -0.487 0
      vertex -12.6653 -0.487 1.2
    endloop
  endfacet
  facet normal -0.751817 0.659371 0
    outer loop
      vertex -12.7343 -0.565674 0
      vertex -12.6653 -0.487 1.2
      vertex -12.6653 -0.487 0
    endloop
  endfacet
  facet normal -0.751817 0.659371 0
    outer loop
      vertex -12.6653 -0.487 1.2
      vertex -12.7343 -0.565674 0
      vertex -12.7343 -0.565674 1.2
    endloop
  endfacet
  facet normal -0.659248 0.751925 0
    outer loop
      vertex -12.7343 -0.565674 0
      vertex -12.813 -0.634674 1.2
      vertex -12.7343 -0.565674 1.2
    endloop
  endfacet
  facet normal -0.659248 0.751925 0
    outer loop
      vertex -12.813 -0.634674 1.2
      vertex -12.7343 -0.565674 0
      vertex -12.813 -0.634674 0
    endloop
  endfacet
  facet normal -0.5556 0.83145 0
    outer loop
      vertex -12.813 -0.634674 0
      vertex -12.9 -0.69281 1.2
      vertex -12.813 -0.634674 1.2
    endloop
  endfacet
  facet normal -0.5556 0.83145 0
    outer loop
      vertex -12.9 -0.69281 1.2
      vertex -12.813 -0.634674 0
      vertex -12.9 -0.69281 0
    endloop
  endfacet
  facet normal -0.442086 0.896973 0
    outer loop
      vertex -12.9 -0.69281 0
      vertex -12.9939 -0.73909 1.2
      vertex -12.9 -0.69281 1.2
    endloop
  endfacet
  facet normal -0.442086 0.896973 0
    outer loop
      vertex -12.9939 -0.73909 1.2
      vertex -12.9 -0.69281 0
      vertex -12.9939 -0.73909 0
    endloop
  endfacet
  facet normal -0.321783 0.946814 0
    outer loop
      vertex -12.9939 -0.73909 0
      vertex -13.0929 -0.772736 1.2
      vertex -12.9939 -0.73909 1.2
    endloop
  endfacet
  facet normal -0.321783 0.946814 0
    outer loop
      vertex -13.0929 -0.772736 1.2
      vertex -12.9939 -0.73909 0
      vertex -13.0929 -0.772736 0
    endloop
  endfacet
  facet normal -0.194977 0.980808 0
    outer loop
      vertex -13.0929 -0.772736 0
      vertex -13.1956 -0.793152 1.2
      vertex -13.0929 -0.772736 1.2
    endloop
  endfacet
  facet normal -0.194977 0.980808 0
    outer loop
      vertex -13.1956 -0.793152 1.2
      vertex -13.0929 -0.772736 0
      vertex -13.1956 -0.793152 0
    endloop
  endfacet
  facet normal -0.065339 0.997863 0
    outer loop
      vertex -13.1956 -0.793152 0
      vertex -13.3 -0.799988 1.2
      vertex -13.1956 -0.793152 1.2
    endloop
  endfacet
  facet normal -0.065339 0.997863 0
    outer loop
      vertex -13.3 -0.799988 1.2
      vertex -13.1956 -0.793152 0
      vertex -13.3 -0.799988 0
    endloop
  endfacet
  facet normal 0.065339 0.997863 -0
    outer loop
      vertex -13.3 -0.799988 0
      vertex -13.4044 -0.793152 1.2
      vertex -13.3 -0.799988 1.2
    endloop
  endfacet
  facet normal 0.065339 0.997863 0
    outer loop
      vertex -13.4044 -0.793152 1.2
      vertex -13.3 -0.799988 0
      vertex -13.4044 -0.793152 0
    endloop
  endfacet
  facet normal 0.19516 0.980771 -0
    outer loop
      vertex -13.4044 -0.793152 0
      vertex -13.507 -0.772736 1.2
      vertex -13.4044 -0.793152 1.2
    endloop
  endfacet
  facet normal 0.19516 0.980771 0
    outer loop
      vertex -13.507 -0.772736 1.2
      vertex -13.4044 -0.793152 0
      vertex -13.507 -0.772736 0
    endloop
  endfacet
  facet normal 0.321492 0.946912 -0
    outer loop
      vertex -13.507 -0.772736 0
      vertex -13.6061 -0.73909 1.2
      vertex -13.507 -0.772736 1.2
    endloop
  endfacet
  facet normal 0.321492 0.946912 0
    outer loop
      vertex -13.6061 -0.73909 1.2
      vertex -13.507 -0.772736 0
      vertex -13.6061 -0.73909 0
    endloop
  endfacet
  facet normal 0.442086 0.896973 -0
    outer loop
      vertex -13.6061 -0.73909 0
      vertex -13.7 -0.69281 1.2
      vertex -13.6061 -0.73909 1.2
    endloop
  endfacet
  facet normal 0.442086 0.896973 0
    outer loop
      vertex -13.7 -0.69281 1.2
      vertex -13.6061 -0.73909 0
      vertex -13.7 -0.69281 0
    endloop
  endfacet
  facet normal 0.5556 0.83145 -0
    outer loop
      vertex -13.7 -0.69281 0
      vertex -13.787 -0.634674 1.2
      vertex -13.7 -0.69281 1.2
    endloop
  endfacet
  facet normal 0.5556 0.83145 0
    outer loop
      vertex -13.787 -0.634674 1.2
      vertex -13.7 -0.69281 0
      vertex -13.787 -0.634674 0
    endloop
  endfacet
  facet normal 0.659248 0.751925 -0
    outer loop
      vertex -13.787 -0.634674 0
      vertex -13.8657 -0.565674 1.2
      vertex -13.787 -0.634674 1.2
    endloop
  endfacet
  facet normal 0.659248 0.751925 0
    outer loop
      vertex -13.8657 -0.565674 1.2
      vertex -13.787 -0.634674 0
      vertex -13.8657 -0.565674 0
    endloop
  endfacet
  facet normal 0.751817 0.659371 0
    outer loop
      vertex -13.8657 -0.565674 1.2
      vertex -13.9347 -0.487 0
      vertex -13.9347 -0.487 1.2
    endloop
  endfacet
  facet normal 0.751817 0.659371 0
    outer loop
      vertex -13.9347 -0.487 0
      vertex -13.8657 -0.565674 1.2
      vertex -13.8657 -0.565674 0
    endloop
  endfacet
  facet normal 0.831627 0.555335 0
    outer loop
      vertex -13.9347 -0.487 1.2
      vertex -13.9928 -0.399994 0
      vertex -13.9928 -0.399994 1.2
    endloop
  endfacet
  facet normal 0.831627 0.555335 0
    outer loop
      vertex -13.9928 -0.399994 0
      vertex -13.9347 -0.487 1.2
      vertex -13.9347 -0.487 0
    endloop
  endfacet
  facet normal 0.896816 0.442403 0
    outer loop
      vertex -13.9928 -0.399994 1.2
      vertex -14.0391 -0.306137 0
      vertex -14.0391 -0.306137 1.2
    endloop
  endfacet
  facet normal 0.896816 0.442403 0
    outer loop
      vertex -14.0391 -0.306137 0
      vertex -13.9928 -0.399994 1.2
      vertex -13.9928 -0.399994 0
    endloop
  endfacet
  facet normal 0.947036 0.321126 0
    outer loop
      vertex -14.0391 -0.306137 1.2
      vertex -14.0727 -0.207047 0
      vertex -14.0727 -0.207047 1.2
    endloop
  endfacet
  facet normal 0.947036 0.321126 0
    outer loop
      vertex -14.0727 -0.207047 0
      vertex -14.0391 -0.306137 1.2
      vertex -14.0391 -0.306137 0
    endloop
  endfacet
  facet normal 0.980629 0.195875 0
    outer loop
      vertex -14.0727 -0.207047 1.2
      vertex -14.0932 -0.104416 0
      vertex -14.0932 -0.104416 1.2
    endloop
  endfacet
  facet normal 0.980629 0.195875 0
    outer loop
      vertex -14.0932 -0.104416 0
      vertex -14.0727 -0.207047 1.2
      vertex -14.0727 -0.207047 0
    endloop
  endfacet
  facet normal 0.997886 0.0649865 0
    outer loop
      vertex -14.0932 -0.104416 1.2
      vertex -14.1 0 0
      vertex -14.1 0 1.2
    endloop
  endfacet
  facet normal 0.997886 0.0649865 0
    outer loop
      vertex -14.1 0 0
      vertex -14.0932 -0.104416 1.2
      vertex -14.0932 -0.104416 0
    endloop
  endfacet
  facet normal 0.997886 -0.0649865 0
    outer loop
      vertex -14.1 0 1.2
      vertex -14.0932 0.104416 0
      vertex -14.0932 0.104416 1.2
    endloop
  endfacet
  facet normal 0.997886 -0.0649865 0
    outer loop
      vertex -14.0932 0.104416 0
      vertex -14.1 0 1.2
      vertex -14.1 0 0
    endloop
  endfacet
  facet normal 0.980629 -0.195875 0
    outer loop
      vertex -14.0932 0.104416 1.2
      vertex -14.0727 0.207047 0
      vertex -14.0727 0.207047 1.2
    endloop
  endfacet
  facet normal 0.980629 -0.195875 0
    outer loop
      vertex -14.0727 0.207047 0
      vertex -14.0932 0.104416 1.2
      vertex -14.0932 0.104416 0
    endloop
  endfacet
  facet normal 0.947036 -0.321126 0
    outer loop
      vertex -14.0727 0.207047 1.2
      vertex -14.0391 0.306137 0
      vertex -14.0391 0.306137 1.2
    endloop
  endfacet
  facet normal 0.947036 -0.321126 0
    outer loop
      vertex -14.0391 0.306137 0
      vertex -14.0727 0.207047 1.2
      vertex -14.0727 0.207047 0
    endloop
  endfacet
  facet normal 0.896816 -0.442403 0
    outer loop
      vertex -14.0391 0.306137 1.2
      vertex -13.9928 0.399994 0
      vertex -13.9928 0.399994 1.2
    endloop
  endfacet
  facet normal 0.896816 -0.442403 0
    outer loop
      vertex -13.9928 0.399994 0
      vertex -14.0391 0.306137 1.2
      vertex -14.0391 0.306137 0
    endloop
  endfacet
  facet normal 0.831627 -0.555335 0
    outer loop
      vertex -13.9928 0.399994 1.2
      vertex -13.9347 0.487 0
      vertex -13.9347 0.487 1.2
    endloop
  endfacet
  facet normal 0.831627 -0.555335 0
    outer loop
      vertex -13.9347 0.487 0
      vertex -13.9928 0.399994 1.2
      vertex -13.9928 0.399994 0
    endloop
  endfacet
  facet normal 0.751817 -0.659371 0
    outer loop
      vertex -13.9347 0.487 1.2
      vertex -13.8657 0.565674 0
      vertex -13.8657 0.565674 1.2
    endloop
  endfacet
  facet normal 0.751817 -0.659371 0
    outer loop
      vertex -13.8657 0.565674 0
      vertex -13.9347 0.487 1.2
      vertex -13.9347 0.487 0
    endloop
  endfacet
  facet normal 0.659248 -0.751925 0
    outer loop
      vertex -13.8657 0.565674 0
      vertex -13.787 0.634674 1.2
      vertex -13.8657 0.565674 1.2
    endloop
  endfacet
  facet normal 0.659248 -0.751925 0
    outer loop
      vertex -13.787 0.634674 1.2
      vertex -13.8657 0.565674 0
      vertex -13.787 0.634674 0
    endloop
  endfacet
  facet normal 0.5556 -0.83145 0
    outer loop
      vertex -13.787 0.634674 0
      vertex -13.7 0.69281 1.2
      vertex -13.787 0.634674 1.2
    endloop
  endfacet
  facet normal 0.5556 -0.83145 0
    outer loop
      vertex -13.7 0.69281 1.2
      vertex -13.787 0.634674 0
      vertex -13.7 0.69281 0
    endloop
  endfacet
  facet normal 0.442086 -0.896973 0
    outer loop
      vertex -13.7 0.69281 0
      vertex -13.6061 0.73909 1.2
      vertex -13.7 0.69281 1.2
    endloop
  endfacet
  facet normal 0.442086 -0.896973 0
    outer loop
      vertex -13.6061 0.73909 1.2
      vertex -13.7 0.69281 0
      vertex -13.6061 0.73909 0
    endloop
  endfacet
  facet normal 0.321492 -0.946912 0
    outer loop
      vertex -13.6061 0.73909 0
      vertex -13.507 0.772736 1.2
      vertex -13.6061 0.73909 1.2
    endloop
  endfacet
  facet normal 0.321492 -0.946912 0
    outer loop
      vertex -13.507 0.772736 1.2
      vertex -13.6061 0.73909 0
      vertex -13.507 0.772736 0
    endloop
  endfacet
  facet normal 0.19516 -0.980771 0
    outer loop
      vertex -13.507 0.772736 0
      vertex -13.4044 0.793152 1.2
      vertex -13.507 0.772736 1.2
    endloop
  endfacet
  facet normal 0.19516 -0.980771 0
    outer loop
      vertex -13.4044 0.793152 1.2
      vertex -13.507 0.772736 0
      vertex -13.4044 0.793152 0
    endloop
  endfacet
  facet normal 0.065339 -0.997863 0
    outer loop
      vertex -13.4044 0.793152 0
      vertex -13.3 0.799988 1.2
      vertex -13.4044 0.793152 1.2
    endloop
  endfacet
  facet normal 0.065339 -0.997863 0
    outer loop
      vertex -13.3 0.799988 1.2
      vertex -13.4044 0.793152 0
      vertex -13.3 0.799988 0
    endloop
  endfacet
  facet normal -0.065339 -0.997863 0
    outer loop
      vertex -13.3 0.799988 0
      vertex -13.1956 0.793152 1.2
      vertex -13.3 0.799988 1.2
    endloop
  endfacet
  facet normal -0.065339 -0.997863 -0
    outer loop
      vertex -13.1956 0.793152 1.2
      vertex -13.3 0.799988 0
      vertex -13.1956 0.793152 0
    endloop
  endfacet
  facet normal -0.94691 0.321499 0
    outer loop
      vertex -8.14206 -10.8183 0
      vertex -8.07059 -10.6078 1.2
      vertex -8.07059 -10.6078 0
    endloop
  endfacet
  facet normal -0.94691 0.321499 0
    outer loop
      vertex -8.07059 -10.6078 1.2
      vertex -8.14206 -10.8183 0
      vertex -8.14206 -10.8183 1.2
    endloop
  endfacet
  facet normal -0.980779 0.195122 0
    outer loop
      vertex -8.18545 -11.0364 0
      vertex -8.14206 -10.8183 1.2
      vertex -8.14206 -10.8183 0
    endloop
  endfacet
  facet normal -0.980779 0.195122 0
    outer loop
      vertex -8.14206 -10.8183 1.2
      vertex -8.18545 -11.0364 0
      vertex -8.18545 -11.0364 1.2
    endloop
  endfacet
  facet normal -0.997863 0.06534 0
    outer loop
      vertex -8.19998 -11.2583 0
      vertex -8.18545 -11.0364 1.2
      vertex -8.18545 -11.0364 0
    endloop
  endfacet
  facet normal -0.997863 0.06534 0
    outer loop
      vertex -8.18545 -11.0364 1.2
      vertex -8.19998 -11.2583 0
      vertex -8.19998 -11.2583 1.2
    endloop
  endfacet
  facet normal -0.99786 -0.0653848 0
    outer loop
      vertex -8.18544 -11.4802 0
      vertex -8.19998 -11.2583 1.2
      vertex -8.19998 -11.2583 0
    endloop
  endfacet
  facet normal -0.99786 -0.0653848 0
    outer loop
      vertex -8.19998 -11.2583 1.2
      vertex -8.18544 -11.4802 0
      vertex -8.18544 -11.4802 1.2
    endloop
  endfacet
  facet normal -0.980788 -0.195078 0
    outer loop
      vertex -8.14206 -11.6983 0
      vertex -8.18544 -11.4802 1.2
      vertex -8.18544 -11.4802 0
    endloop
  endfacet
  facet normal -0.980788 -0.195078 0
    outer loop
      vertex -8.18544 -11.4802 1.2
      vertex -8.14206 -11.6983 0
      vertex -8.14206 -11.6983 1.2
    endloop
  endfacet
  facet normal -0.946943 -0.321403 0
    outer loop
      vertex -8.07058 -11.9089 0
      vertex -8.14206 -11.6983 1.2
      vertex -8.14206 -11.6983 0
    endloop
  endfacet
  facet normal -0.946943 -0.321403 0
    outer loop
      vertex -8.14206 -11.6983 1.2
      vertex -8.07058 -11.9089 0
      vertex -8.07058 -11.9089 1.2
    endloop
  endfacet
  facet normal -0.896843 -0.442349 0
    outer loop
      vertex -7.97223 -12.1083 0
      vertex -8.07058 -11.9089 1.2
      vertex -8.07058 -11.9089 0
    endloop
  endfacet
  facet normal -0.896843 -0.442349 0
    outer loop
      vertex -8.07058 -11.9089 1.2
      vertex -7.97223 -12.1083 0
      vertex -7.97223 -12.1083 1.2
    endloop
  endfacet
  facet normal -0.831483 -0.555551 0
    outer loop
      vertex -7.84869 -12.2932 0
      vertex -7.97223 -12.1083 1.2
      vertex -7.97223 -12.1083 0
    endloop
  endfacet
  facet normal -0.831483 -0.555551 0
    outer loop
      vertex -7.97223 -12.1083 1.2
      vertex -7.84869 -12.2932 0
      vertex -7.84869 -12.2932 1.2
    endloop
  endfacet
  facet normal -0.751863 -0.659319 0
    outer loop
      vertex -7.70207 -12.4604 0
      vertex -7.84869 -12.2932 1.2
      vertex -7.84869 -12.2932 0
    endloop
  endfacet
  facet normal -0.751863 -0.659319 0
    outer loop
      vertex -7.84869 -12.2932 1.2
      vertex -7.70207 -12.4604 0
      vertex -7.70207 -12.4604 1.2
    endloop
  endfacet
  facet normal -0.659313 -0.751869 0
    outer loop
      vertex -7.70207 -12.4604 0
      vertex -7.53489 -12.607 1.2
      vertex -7.70207 -12.4604 1.2
    endloop
  endfacet
  facet normal -0.659313 -0.751869 -0
    outer loop
      vertex -7.53489 -12.607 1.2
      vertex -7.70207 -12.4604 0
      vertex -7.53489 -12.607 0
    endloop
  endfacet
  facet normal -0.555758 -0.831344 0
    outer loop
      vertex -7.53489 -12.607 0
      vertex -7.35 -12.7306 1.2
      vertex -7.53489 -12.607 1.2
    endloop
  endfacet
  facet normal -0.555758 -0.831344 -0
    outer loop
      vertex -7.35 -12.7306 1.2
      vertex -7.53489 -12.607 0
      vertex -7.35 -12.7306 0
    endloop
  endfacet
  facet normal -0.442097 -0.896967 0
    outer loop
      vertex -7.35 -12.7306 0
      vertex -7.15056 -12.8289 1.2
      vertex -7.35 -12.7306 1.2
    endloop
  endfacet
  facet normal -0.442097 -0.896967 -0
    outer loop
      vertex -7.15056 -12.8289 1.2
      vertex -7.35 -12.7306 0
      vertex -7.15056 -12.8289 0
    endloop
  endfacet
  facet normal -0.321525 -0.946901 0
    outer loop
      vertex -7.15056 -12.8289 0
      vertex -6.93999 -12.9004 1.2
      vertex -7.15056 -12.8289 1.2
    endloop
  endfacet
  facet normal -0.321525 -0.946901 -0
    outer loop
      vertex -6.93999 -12.9004 1.2
      vertex -7.15056 -12.8289 0
      vertex -6.93999 -12.9004 0
    endloop
  endfacet
  facet normal -0.195165 -0.98077 0
    outer loop
      vertex -6.93999 -12.9004 0
      vertex -6.72189 -12.9438 1.2
      vertex -6.93999 -12.9004 1.2
    endloop
  endfacet
  facet normal -0.195165 -0.98077 -0
    outer loop
      vertex -6.72189 -12.9438 1.2
      vertex -6.93999 -12.9004 0
      vertex -6.72189 -12.9438 0
    endloop
  endfacet
  facet normal -0.0652086 -0.997872 0
    outer loop
      vertex -6.72189 -12.9438 0
      vertex -6.5 -12.9583 1.2
      vertex -6.72189 -12.9438 1.2
    endloop
  endfacet
  facet normal -0.0652086 -0.997872 -0
    outer loop
      vertex -6.5 -12.9583 1.2
      vertex -6.72189 -12.9438 0
      vertex -6.5 -12.9583 0
    endloop
  endfacet
  facet normal 0.0652086 -0.997872 0
    outer loop
      vertex -6.5 -12.9583 0
      vertex -6.27811 -12.9438 1.2
      vertex -6.5 -12.9583 1.2
    endloop
  endfacet
  facet normal 0.0652086 -0.997872 0
    outer loop
      vertex -6.27811 -12.9438 1.2
      vertex -6.5 -12.9583 0
      vertex -6.27811 -12.9438 0
    endloop
  endfacet
  facet normal 0.195165 -0.98077 0
    outer loop
      vertex -6.27811 -12.9438 0
      vertex -6.06001 -12.9004 1.2
      vertex -6.27811 -12.9438 1.2
    endloop
  endfacet
  facet normal 0.195165 -0.98077 0
    outer loop
      vertex -6.06001 -12.9004 1.2
      vertex -6.27811 -12.9438 0
      vertex -6.06001 -12.9004 0
    endloop
  endfacet
  facet normal 0.321525 -0.946901 0
    outer loop
      vertex -6.06001 -12.9004 0
      vertex -5.84944 -12.8289 1.2
      vertex -6.06001 -12.9004 1.2
    endloop
  endfacet
  facet normal 0.321525 -0.946901 0
    outer loop
      vertex -5.84944 -12.8289 1.2
      vertex -6.06001 -12.9004 0
      vertex -5.84944 -12.8289 0
    endloop
  endfacet
  facet normal 0.442115 -0.896958 0
    outer loop
      vertex -5.84944 -12.8289 0
      vertex -5.65001 -12.7306 1.2
      vertex -5.84944 -12.8289 1.2
    endloop
  endfacet
  facet normal 0.442115 -0.896958 0
    outer loop
      vertex -5.65001 -12.7306 1.2
      vertex -5.84944 -12.8289 0
      vertex -5.65001 -12.7306 0
    endloop
  endfacet
  facet normal 0.555737 -0.831358 0
    outer loop
      vertex -5.65001 -12.7306 0
      vertex -5.46511 -12.607 1.2
      vertex -5.65001 -12.7306 1.2
    endloop
  endfacet
  facet normal 0.555737 -0.831358 0
    outer loop
      vertex -5.46511 -12.607 1.2
      vertex -5.65001 -12.7306 0
      vertex -5.46511 -12.607 0
    endloop
  endfacet
  facet normal 0.659313 -0.751869 0
    outer loop
      vertex -5.46511 -12.607 0
      vertex -5.29793 -12.4604 1.2
      vertex -5.46511 -12.607 1.2
    endloop
  endfacet
  facet normal 0.659313 -0.751869 0
    outer loop
      vertex -5.29793 -12.4604 1.2
      vertex -5.46511 -12.607 0
      vertex -5.29793 -12.4604 0
    endloop
  endfacet
  facet normal 0.751841 -0.659345 0
    outer loop
      vertex -5.29793 -12.4604 1.2
      vertex -5.1513 -12.2932 0
      vertex -5.1513 -12.2932 1.2
    endloop
  endfacet
  facet normal 0.751841 -0.659345 0
    outer loop
      vertex -5.1513 -12.2932 0
      vertex -5.29793 -12.4604 1.2
      vertex -5.29793 -12.4604 0
    endloop
  endfacet
  facet normal 0.831483 -0.555551 0
    outer loop
      vertex -5.1513 -12.2932 1.2
      vertex -5.02776 -12.1083 0
      vertex -5.02776 -12.1083 1.2
    endloop
  endfacet
  facet normal 0.831483 -0.555551 0
    outer loop
      vertex -5.02776 -12.1083 0
      vertex -5.1513 -12.2932 1.2
      vertex -5.1513 -12.2932 0
    endloop
  endfacet
  facet normal 0.896825 -0.442386 0
    outer loop
      vertex -5.02776 -12.1083 1.2
      vertex -4.9294 -11.9089 0
      vertex -4.9294 -11.9089 1.2
    endloop
  endfacet
  facet normal 0.896825 -0.442386 0
    outer loop
      vertex -4.9294 -11.9089 0
      vertex -5.02776 -12.1083 1.2
      vertex -5.02776 -12.1083 0
    endloop
  endfacet
  facet normal 0.946956 -0.321363 0
    outer loop
      vertex -4.9294 -11.9089 1.2
      vertex -4.85793 -11.6983 0
      vertex -4.85793 -11.6983 1.2
    endloop
  endfacet
  facet normal 0.946956 -0.321363 0
    outer loop
      vertex -4.85793 -11.6983 0
      vertex -4.9294 -11.9089 1.2
      vertex -4.9294 -11.9089 0
    endloop
  endfacet
  facet normal 0.980779 -0.195122 0
    outer loop
      vertex -4.85793 -11.6983 1.2
      vertex -4.81454 -11.4802 0
      vertex -4.81454 -11.4802 1.2
    endloop
  endfacet
  facet normal 0.980779 -0.195122 0
    outer loop
      vertex -4.81454 -11.4802 0
      vertex -4.85793 -11.6983 1.2
      vertex -4.85793 -11.6983 0
    endloop
  endfacet
  facet normal 0.997863 -0.06534 0
    outer loop
      vertex -4.81454 -11.4802 1.2
      vertex -4.80001 -11.2583 0
      vertex -4.80001 -11.2583 1.2
    endloop
  endfacet
  facet normal 0.997863 -0.06534 0
    outer loop
      vertex -4.80001 -11.2583 0
      vertex -4.81454 -11.4802 1.2
      vertex -4.81454 -11.4802 0
    endloop
  endfacet
  facet normal 0.99786 0.0653848 0
    outer loop
      vertex -4.80001 -11.2583 1.2
      vertex -4.81455 -11.0364 0
      vertex -4.81455 -11.0364 1.2
    endloop
  endfacet
  facet normal 0.99786 0.0653848 0
    outer loop
      vertex -4.81455 -11.0364 0
      vertex -4.80001 -11.2583 1.2
      vertex -4.80001 -11.2583 0
    endloop
  endfacet
  facet normal 0.98078 0.195116 0
    outer loop
      vertex -4.81455 -11.0364 1.2
      vertex -4.82768 -10.9704 0
      vertex -4.82768 -10.9704 1.2
    endloop
  endfacet
  facet normal 0.98078 0.195116 0
    outer loop
      vertex -4.82768 -10.9704 0
      vertex -4.81455 -11.0364 1.2
      vertex -4.81455 -11.0364 0
    endloop
  endfacet
  facet normal -0.321527 0.9469 0
    outer loop
      vertex -7.08682 -9.6661 0
      vertex -7.15055 -9.68774 1.2
      vertex -7.08682 -9.6661 1.2
    endloop
  endfacet
  facet normal -0.321527 0.9469 0
    outer loop
      vertex -7.15055 -9.68774 1.2
      vertex -7.08682 -9.6661 0
      vertex -7.15055 -9.68774 0
    endloop
  endfacet
  facet normal -0.442296 0.896869 0
    outer loop
      vertex -7.15055 -9.68774 0
      vertex -7.34998 -9.78609 1.2
      vertex -7.15055 -9.68774 1.2
    endloop
  endfacet
  facet normal -0.442296 0.896869 0
    outer loop
      vertex -7.34998 -9.78609 1.2
      vertex -7.15055 -9.68774 0
      vertex -7.34998 -9.78609 0
    endloop
  endfacet
  facet normal -0.55552 0.831503 0
    outer loop
      vertex -7.34998 -9.78609 0
      vertex -7.53488 -9.90962 1.2
      vertex -7.34998 -9.78609 1.2
    endloop
  endfacet
  facet normal -0.55552 0.831503 0
    outer loop
      vertex -7.53488 -9.90962 1.2
      vertex -7.34998 -9.78609 0
      vertex -7.53488 -9.90962 0
    endloop
  endfacet
  facet normal -0.659262 0.751913 0
    outer loop
      vertex -7.53488 -9.90962 0
      vertex -7.70206 -10.0562 1.2
      vertex -7.53488 -9.90962 1.2
    endloop
  endfacet
  facet normal -0.659262 0.751913 0
    outer loop
      vertex -7.70206 -10.0562 1.2
      vertex -7.53488 -9.90962 0
      vertex -7.70206 -10.0562 0
    endloop
  endfacet
  facet normal -0.751841 0.659345 0
    outer loop
      vertex -7.84869 -10.2234 0
      vertex -7.70206 -10.0562 1.2
      vertex -7.70206 -10.0562 0
    endloop
  endfacet
  facet normal -0.751841 0.659345 0
    outer loop
      vertex -7.70206 -10.0562 1.2
      vertex -7.84869 -10.2234 0
      vertex -7.84869 -10.2234 1.2
    endloop
  endfacet
  facet normal -0.831462 0.555582 0
    outer loop
      vertex -7.97224 -10.4083 0
      vertex -7.84869 -10.2234 1.2
      vertex -7.84869 -10.2234 0
    endloop
  endfacet
  facet normal -0.831462 0.555582 0
    outer loop
      vertex -7.84869 -10.2234 1.2
      vertex -7.97224 -10.4083 0
      vertex -7.97224 -10.4083 1.2
    endloop
  endfacet
  facet normal -0.896931 0.442171 0
    outer loop
      vertex -8.07059 -10.6078 0
      vertex -7.97224 -10.4083 1.2
      vertex -7.97224 -10.4083 0
    endloop
  endfacet
  facet normal -0.896931 0.442171 0
    outer loop
      vertex -7.97224 -10.4083 1.2
      vertex -8.07059 -10.6078 0
      vertex -8.07059 -10.6078 1.2
    endloop
  endfacet
  facet normal 0.75151 -0.659722 0
    outer loop
      vertex -7.28468 -11.0311 1.2
      vertex -7.21568 -10.9525 0
      vertex -7.21568 -10.9525 1.2
    endloop
  endfacet
  facet normal 0.75151 -0.659722 0
    outer loop
      vertex -7.21568 -10.9525 0
      vertex -7.28468 -11.0311 1.2
      vertex -7.28468 -11.0311 0
    endloop
  endfacet
  facet normal 0.659343 -0.751842 0
    outer loop
      vertex -7.21568 -10.9525 0
      vertex -7.137 -10.8835 1.2
      vertex -7.21568 -10.9525 1.2
    endloop
  endfacet
  facet normal 0.659343 -0.751842 0
    outer loop
      vertex -7.137 -10.8835 1.2
      vertex -7.21568 -10.9525 0
      vertex -7.137 -10.8835 0
    endloop
  endfacet
  facet normal 0.555978 -0.831197 0
    outer loop
      vertex -7.137 -10.8835 0
      vertex -7.04999 -10.8253 1.2
      vertex -7.137 -10.8835 1.2
    endloop
  endfacet
  facet normal 0.555978 -0.831197 0
    outer loop
      vertex -7.04999 -10.8253 1.2
      vertex -7.137 -10.8835 0
      vertex -7.04999 -10.8253 0
    endloop
  endfacet
  facet normal 0.442429 -0.896803 0
    outer loop
      vertex -7.04999 -10.8253 0
      vertex -6.95614 -10.779 1.2
      vertex -7.04999 -10.8253 1.2
    endloop
  endfacet
  facet normal 0.442429 -0.896803 0
    outer loop
      vertex -6.95614 -10.779 1.2
      vertex -7.04999 -10.8253 0
      vertex -6.95614 -10.779 0
    endloop
  endfacet
  facet normal 0.321097 -0.947046 0
    outer loop
      vertex -6.95614 -10.779 0
      vertex -6.85704 -10.7454 1.2
      vertex -6.95614 -10.779 1.2
    endloop
  endfacet
  facet normal 0.321097 -0.947046 0
    outer loop
      vertex -6.85704 -10.7454 1.2
      vertex -6.95614 -10.779 0
      vertex -6.85704 -10.7454 0
    endloop
  endfacet
  facet normal 0.194958 -0.980812 0
    outer loop
      vertex -6.85704 -10.7454 0
      vertex -6.75441 -10.725 1.2
      vertex -6.85704 -10.7454 1.2
    endloop
  endfacet
  facet normal 0.194958 -0.980812 0
    outer loop
      vertex -6.75441 -10.725 1.2
      vertex -6.85704 -10.7454 0
      vertex -6.75441 -10.725 0
    endloop
  endfacet
  facet normal 0.0659355 -0.997824 0
    outer loop
      vertex -6.75441 -10.725 0
      vertex -6.64999 -10.7181 1.2
      vertex -6.75441 -10.725 1.2
    endloop
  endfacet
  facet normal 0.0659355 -0.997824 0
    outer loop
      vertex -6.64999 -10.7181 1.2
      vertex -6.75441 -10.725 0
      vertex -6.64999 -10.7181 0
    endloop
  endfacet
  facet normal -0.0659292 -0.997824 0
    outer loop
      vertex -6.64999 -10.7181 0
      vertex -6.54556 -10.725 1.2
      vertex -6.64999 -10.7181 1.2
    endloop
  endfacet
  facet normal -0.0659292 -0.997824 -0
    outer loop
      vertex -6.54556 -10.725 1.2
      vertex -6.64999 -10.7181 0
      vertex -6.54556 -10.725 0
    endloop
  endfacet
  facet normal -0.194958 -0.980812 0
    outer loop
      vertex -6.54556 -10.725 0
      vertex -6.44293 -10.7454 1.2
      vertex -6.54556 -10.725 1.2
    endloop
  endfacet
  facet normal -0.194958 -0.980812 -0
    outer loop
      vertex -6.44293 -10.7454 1.2
      vertex -6.54556 -10.725 0
      vertex -6.44293 -10.7454 0
    endloop
  endfacet
  facet normal -0.321126 -0.947036 0
    outer loop
      vertex -6.44293 -10.7454 0
      vertex -6.34384 -10.779 1.2
      vertex -6.44293 -10.7454 1.2
    endloop
  endfacet
  facet normal -0.321126 -0.947036 -0
    outer loop
      vertex -6.34384 -10.779 1.2
      vertex -6.44293 -10.7454 0
      vertex -6.34384 -10.779 0
    endloop
  endfacet
  facet normal -0.442467 -0.896785 0
    outer loop
      vertex -6.34384 -10.779 0
      vertex -6.25 -10.8253 1.2
      vertex -6.34384 -10.779 1.2
    endloop
  endfacet
  facet normal -0.442467 -0.896785 -0
    outer loop
      vertex -6.25 -10.8253 1.2
      vertex -6.34384 -10.779 0
      vertex -6.25 -10.8253 0
    endloop
  endfacet
  facet normal -0.555318 -0.831638 0
    outer loop
      vertex -6.25 -10.8253 0
      vertex -6.16299 -10.8834 1.2
      vertex -6.25 -10.8253 1.2
    endloop
  endfacet
  facet normal -0.555318 -0.831638 -0
    outer loop
      vertex -6.16299 -10.8834 1.2
      vertex -6.25 -10.8253 0
      vertex -6.16299 -10.8834 0
    endloop
  endfacet
  facet normal -0.65939 -0.751801 0
    outer loop
      vertex -6.16299 -10.8834 0
      vertex -6.08432 -10.9524 1.2
      vertex -6.16299 -10.8834 1.2
    endloop
  endfacet
  facet normal -0.65939 -0.751801 -0
    outer loop
      vertex -6.08432 -10.9524 1.2
      vertex -6.16299 -10.8834 0
      vertex -6.08432 -10.9524 0
    endloop
  endfacet
  facet normal -0.751925 -0.659248 0
    outer loop
      vertex -6.01532 -11.0311 0
      vertex -6.08432 -10.9524 1.2
      vertex -6.08432 -10.9524 0
    endloop
  endfacet
  facet normal -0.751925 -0.659248 0
    outer loop
      vertex -6.08432 -10.9524 1.2
      vertex -6.01532 -11.0311 0
      vertex -6.01532 -11.0311 1.2
    endloop
  endfacet
  facet normal -0.831432 -0.555626 0
    outer loop
      vertex -5.95718 -11.1181 0
      vertex -6.01532 -11.0311 1.2
      vertex -6.01532 -11.0311 0
    endloop
  endfacet
  facet normal -0.831432 -0.555626 0
    outer loop
      vertex -6.01532 -11.0311 1.2
      vertex -5.95718 -11.1181 0
      vertex -5.95718 -11.1181 1.2
    endloop
  endfacet
  facet normal -0.896973 -0.442086 0
    outer loop
      vertex -5.9109 -11.212 0
      vertex -5.95718 -11.1181 1.2
      vertex -5.95718 -11.1181 0
    endloop
  endfacet
  facet normal -0.896973 -0.442086 0
    outer loop
      vertex -5.95718 -11.1181 1.2
      vertex -5.9109 -11.212 0
      vertex -5.9109 -11.212 1.2
    endloop
  endfacet
  facet normal -0.946959 -0.321354 0
    outer loop
      vertex -5.87727 -11.3111 0
      vertex -5.9109 -11.212 1.2
      vertex -5.9109 -11.212 0
    endloop
  endfacet
  facet normal -0.946959 -0.321354 0
    outer loop
      vertex -5.9109 -11.212 1.2
      vertex -5.87727 -11.3111 0
      vertex -5.87727 -11.3111 1.2
    endloop
  endfacet
  facet normal -0.980764 -0.195197 0
    outer loop
      vertex -5.85685 -11.4137 0
      vertex -5.87727 -11.3111 1.2
      vertex -5.87727 -11.3111 0
    endloop
  endfacet
  facet normal -0.980764 -0.195197 0
    outer loop
      vertex -5.87727 -11.3111 1.2
      vertex -5.85685 -11.4137 0
      vertex -5.85685 -11.4137 1.2
    endloop
  endfacet
  facet normal -0.997861 -0.0653771 0
    outer loop
      vertex -5.85001 -11.5181 0
      vertex -5.85685 -11.4137 1.2
      vertex -5.85685 -11.4137 0
    endloop
  endfacet
  facet normal -0.997861 -0.0653771 0
    outer loop
      vertex -5.85685 -11.4137 1.2
      vertex -5.85001 -11.5181 0
      vertex -5.85001 -11.5181 1.2
    endloop
  endfacet
  facet normal -0.997861 0.0653771 0
    outer loop
      vertex -5.85685 -11.6225 0
      vertex -5.85001 -11.5181 1.2
      vertex -5.85001 -11.5181 0
    endloop
  endfacet
  facet normal -0.997861 0.0653771 0
    outer loop
      vertex -5.85001 -11.5181 1.2
      vertex -5.85685 -11.6225 0
      vertex -5.85685 -11.6225 1.2
    endloop
  endfacet
  facet normal -0.980819 0.194922 0
    outer loop
      vertex -5.87726 -11.7252 0
      vertex -5.85685 -11.6225 1.2
      vertex -5.85685 -11.6225 0
    endloop
  endfacet
  facet normal -0.980819 0.194922 0
    outer loop
      vertex -5.85685 -11.6225 1.2
      vertex -5.87726 -11.7252 0
      vertex -5.87726 -11.7252 1.2
    endloop
  endfacet
  facet normal -0.94693 0.32144 0
    outer loop
      vertex -5.9109 -11.8243 0
      vertex -5.87726 -11.7252 1.2
      vertex -5.87726 -11.7252 0
    endloop
  endfacet
  facet normal -0.94693 0.32144 0
    outer loop
      vertex -5.87726 -11.7252 1.2
      vertex -5.9109 -11.8243 0
      vertex -5.9109 -11.8243 1.2
    endloop
  endfacet
  facet normal -0.896786 0.442465 0
    outer loop
      vertex -5.95718 -11.9181 0
      vertex -5.9109 -11.8243 1.2
      vertex -5.9109 -11.8243 0
    endloop
  endfacet
  facet normal -0.896786 0.442465 0
    outer loop
      vertex -5.9109 -11.8243 1.2
      vertex -5.95718 -11.9181 0
      vertex -5.95718 -11.9181 1.2
    endloop
  endfacet
  facet normal -0.831432 0.555626 0
    outer loop
      vertex -6.01532 -12.0051 0
      vertex -5.95718 -11.9181 1.2
      vertex -5.95718 -11.9181 0
    endloop
  endfacet
  facet normal -0.831432 0.555626 0
    outer loop
      vertex -5.95718 -11.9181 1.2
      vertex -6.01532 -12.0051 0
      vertex -6.01532 -12.0051 1.2
    endloop
  endfacet
  facet normal -0.751925 0.659248 0
    outer loop
      vertex -6.08432 -12.0838 0
      vertex -6.01532 -12.0051 1.2
      vertex -6.01532 -12.0051 0
    endloop
  endfacet
  facet normal -0.751925 0.659248 0
    outer loop
      vertex -6.01532 -12.0051 1.2
      vertex -6.08432 -12.0838 0
      vertex -6.08432 -12.0838 1.2
    endloop
  endfacet
  facet normal -0.659343 0.751842 0
    outer loop
      vertex -6.08432 -12.0838 0
      vertex -6.163 -12.1528 1.2
      vertex -6.08432 -12.0838 1.2
    endloop
  endfacet
  facet normal -0.659343 0.751842 0
    outer loop
      vertex -6.163 -12.1528 1.2
      vertex -6.08432 -12.0838 0
      vertex -6.163 -12.1528 0
    endloop
  endfacet
  facet normal -0.555318 0.831638 0
    outer loop
      vertex -6.163 -12.1528 0
      vertex -6.25001 -12.2109 1.2
      vertex -6.163 -12.1528 1.2
    endloop
  endfacet
  facet normal -0.555318 0.831638 0
    outer loop
      vertex -6.25001 -12.2109 1.2
      vertex -6.163 -12.1528 0
      vertex -6.25001 -12.2109 0
    endloop
  endfacet
  facet normal -0.442429 0.896803 0
    outer loop
      vertex -6.25001 -12.2109 0
      vertex -6.34386 -12.2572 1.2
      vertex -6.25001 -12.2109 1.2
    endloop
  endfacet
  facet normal -0.442429 0.896803 0
    outer loop
      vertex -6.34386 -12.2572 1.2
      vertex -6.25001 -12.2109 0
      vertex -6.34386 -12.2572 0
    endloop
  endfacet
  facet normal -0.321983 0.946745 0
    outer loop
      vertex -6.34386 -12.2572 0
      vertex -6.44295 -12.2909 1.2
      vertex -6.34386 -12.2572 1.2
    endloop
  endfacet
  facet normal -0.321983 0.946745 0
    outer loop
      vertex -6.44295 -12.2909 1.2
      vertex -6.34386 -12.2572 0
      vertex -6.44295 -12.2909 0
    endloop
  endfacet
  facet normal -0.194958 0.980812 0
    outer loop
      vertex -6.44295 -12.2909 0
      vertex -6.54558 -12.3113 1.2
      vertex -6.44295 -12.2909 1.2
    endloop
  endfacet
  facet normal -0.194958 0.980812 0
    outer loop
      vertex -6.54558 -12.3113 1.2
      vertex -6.44295 -12.2909 0
      vertex -6.54558 -12.3113 0
    endloop
  endfacet
  facet normal -0.064984 0.997886 0
    outer loop
      vertex -6.54558 -12.3113 0
      vertex -6.65 -12.3181 1.2
      vertex -6.54558 -12.3113 1.2
    endloop
  endfacet
  facet normal -0.064984 0.997886 0
    outer loop
      vertex -6.65 -12.3181 1.2
      vertex -6.54558 -12.3113 0
      vertex -6.65 -12.3181 0
    endloop
  endfacet
  facet normal 0.064984 0.997886 -0
    outer loop
      vertex -6.65 -12.3181 0
      vertex -6.75442 -12.3113 1.2
      vertex -6.65 -12.3181 1.2
    endloop
  endfacet
  facet normal 0.064984 0.997886 0
    outer loop
      vertex -6.75442 -12.3113 1.2
      vertex -6.65 -12.3181 0
      vertex -6.75442 -12.3113 0
    endloop
  endfacet
  facet normal 0.19494 0.980815 -0
    outer loop
      vertex -6.75442 -12.3113 0
      vertex -6.85706 -12.2909 1.2
      vertex -6.75442 -12.3113 1.2
    endloop
  endfacet
  facet normal 0.19494 0.980815 0
    outer loop
      vertex -6.85706 -12.2909 1.2
      vertex -6.75442 -12.3113 0
      vertex -6.85706 -12.2909 0
    endloop
  endfacet
  facet normal 0.321983 0.946745 -0
    outer loop
      vertex -6.85706 -12.2909 0
      vertex -6.95615 -12.2572 1.2
      vertex -6.85706 -12.2909 1.2
    endloop
  endfacet
  facet normal 0.321983 0.946745 0
    outer loop
      vertex -6.95615 -12.2572 1.2
      vertex -6.85706 -12.2909 0
      vertex -6.95615 -12.2572 0
    endloop
  endfacet
  facet normal 0.442429 0.896803 -0
    outer loop
      vertex -6.95615 -12.2572 0
      vertex -7.05 -12.2109 1.2
      vertex -6.95615 -12.2572 1.2
    endloop
  endfacet
  facet normal 0.442429 0.896803 0
    outer loop
      vertex -7.05 -12.2109 1.2
      vertex -6.95615 -12.2572 0
      vertex -7.05 -12.2109 0
    endloop
  endfacet
  facet normal 0.555362 0.831609 -0
    outer loop
      vertex -7.05 -12.2109 0
      vertex -7.137 -12.1528 1.2
      vertex -7.05 -12.2109 1.2
    endloop
  endfacet
  facet normal 0.555362 0.831609 0
    outer loop
      vertex -7.137 -12.1528 1.2
      vertex -7.05 -12.2109 0
      vertex -7.137 -12.1528 0
    endloop
  endfacet
  facet normal 0.659343 0.751842 -0
    outer loop
      vertex -7.137 -12.1528 0
      vertex -7.21568 -12.0838 1.2
      vertex -7.137 -12.1528 1.2
    endloop
  endfacet
  facet normal 0.659343 0.751842 0
    outer loop
      vertex -7.21568 -12.0838 1.2
      vertex -7.137 -12.1528 0
      vertex -7.21568 -12.0838 0
    endloop
  endfacet
  facet normal 0.751973 0.659194 0
    outer loop
      vertex -7.21568 -12.0838 1.2
      vertex -7.28467 -12.0051 0
      vertex -7.28467 -12.0051 1.2
    endloop
  endfacet
  facet normal 0.751973 0.659194 0
    outer loop
      vertex -7.28467 -12.0051 0
      vertex -7.21568 -12.0838 1.2
      vertex -7.21568 -12.0838 0
    endloop
  endfacet
  facet normal 0.831432 0.555626 0
    outer loop
      vertex -7.28467 -12.0051 1.2
      vertex -7.34281 -11.9181 0
      vertex -7.34281 -11.9181 1.2
    endloop
  endfacet
  facet normal 0.831432 0.555626 0
    outer loop
      vertex -7.34281 -11.9181 0
      vertex -7.28467 -12.0051 1.2
      vertex -7.28467 -12.0051 0
    endloop
  endfacet
  facet normal 0.896786 0.442465 0
    outer loop
      vertex -7.34281 -11.9181 1.2
      vertex -7.38909 -11.8243 0
      vertex -7.38909 -11.8243 1.2
    endloop
  endfacet
  facet normal 0.896786 0.442465 0
    outer loop
      vertex -7.38909 -11.8243 0
      vertex -7.34281 -11.9181 1.2
      vertex -7.34281 -11.9181 0
    endloop
  endfacet
  facet normal 0.94693 0.32144 0
    outer loop
      vertex -7.38909 -11.8243 1.2
      vertex -7.42273 -11.7252 0
      vertex -7.42273 -11.7252 1.2
    endloop
  endfacet
  facet normal 0.94693 0.32144 0
    outer loop
      vertex -7.42273 -11.7252 0
      vertex -7.38909 -11.8243 1.2
      vertex -7.38909 -11.8243 0
    endloop
  endfacet
  facet normal 0.980782 0.195105 0
    outer loop
      vertex -7.42273 -11.7252 1.2
      vertex -7.44314 -11.6226 0
      vertex -7.44314 -11.6226 1.2
    endloop
  endfacet
  facet normal 0.980782 0.195105 0
    outer loop
      vertex -7.44314 -11.6226 0
      vertex -7.42273 -11.7252 1.2
      vertex -7.42273 -11.7252 0
    endloop
  endfacet
  facet normal 0.997858 0.0654099 0
    outer loop
      vertex -7.44314 -11.6226 1.2
      vertex -7.44999 -11.5181 0
      vertex -7.44999 -11.5181 1.2
    endloop
  endfacet
  facet normal 0.997858 0.0654099 0
    outer loop
      vertex -7.44999 -11.5181 0
      vertex -7.44314 -11.6226 1.2
      vertex -7.44314 -11.6226 0
    endloop
  endfacet
  facet normal 0.997854 -0.0654722 0
    outer loop
      vertex -7.44999 -11.5181 1.2
      vertex -7.44314 -11.4137 0
      vertex -7.44314 -11.4137 1.2
    endloop
  endfacet
  facet normal 0.997854 -0.0654722 0
    outer loop
      vertex -7.44314 -11.4137 0
      vertex -7.44999 -11.5181 1.2
      vertex -7.44999 -11.5181 0
    endloop
  endfacet
  facet normal 0.980782 -0.195105 0
    outer loop
      vertex -7.44314 -11.4137 1.2
      vertex -7.42273 -11.3111 0
      vertex -7.42273 -11.3111 1.2
    endloop
  endfacet
  facet normal 0.980782 -0.195105 0
    outer loop
      vertex -7.42273 -11.3111 0
      vertex -7.44314 -11.4137 1.2
      vertex -7.44314 -11.4137 0
    endloop
  endfacet
  facet normal 0.946959 -0.321354 0
    outer loop
      vertex -7.42273 -11.3111 1.2
      vertex -7.3891 -11.212 0
      vertex -7.3891 -11.212 1.2
    endloop
  endfacet
  facet normal 0.946959 -0.321354 0
    outer loop
      vertex -7.3891 -11.212 0
      vertex -7.42273 -11.3111 1.2
      vertex -7.42273 -11.3111 0
    endloop
  endfacet
  facet normal 0.896897 -0.44224 0
    outer loop
      vertex -7.3891 -11.212 1.2
      vertex -7.3428 -11.1181 0
      vertex -7.3428 -11.1181 1.2
    endloop
  endfacet
  facet normal 0.896897 -0.44224 0
    outer loop
      vertex -7.3428 -11.1181 0
      vertex -7.3891 -11.212 1.2
      vertex -7.3891 -11.212 0
    endloop
  endfacet
  facet normal 0.831521 -0.555494 0
    outer loop
      vertex -7.3428 -11.1181 1.2
      vertex -7.28468 -11.0311 0
      vertex -7.28468 -11.0311 1.2
    endloop
  endfacet
  facet normal 0.831521 -0.555494 0
    outer loop
      vertex -7.28468 -11.0311 0
      vertex -7.3428 -11.1181 1.2
      vertex -7.3428 -11.1181 0
    endloop
  endfacet
  facet normal -0.751841 -0.659345 0
    outer loop
      vertex 5.29793 -12.4604 0
      vertex 5.1513 -12.2932 1.2
      vertex 5.1513 -12.2932 0
    endloop
  endfacet
  facet normal -0.751841 -0.659345 0
    outer loop
      vertex 5.1513 -12.2932 1.2
      vertex 5.29793 -12.4604 0
      vertex 5.29793 -12.4604 1.2
    endloop
  endfacet
  facet normal -0.659313 -0.751869 0
    outer loop
      vertex 5.29793 -12.4604 0
      vertex 5.46511 -12.607 1.2
      vertex 5.29793 -12.4604 1.2
    endloop
  endfacet
  facet normal -0.659313 -0.751869 -0
    outer loop
      vertex 5.46511 -12.607 1.2
      vertex 5.29793 -12.4604 0
      vertex 5.46511 -12.607 0
    endloop
  endfacet
  facet normal -0.555737 -0.831358 0
    outer loop
      vertex 5.46511 -12.607 0
      vertex 5.65001 -12.7306 1.2
      vertex 5.46511 -12.607 1.2
    endloop
  endfacet
  facet normal -0.555737 -0.831358 -0
    outer loop
      vertex 5.65001 -12.7306 1.2
      vertex 5.46511 -12.607 0
      vertex 5.65001 -12.7306 0
    endloop
  endfacet
  facet normal -0.442115 -0.896958 0
    outer loop
      vertex 5.65001 -12.7306 0
      vertex 5.84944 -12.8289 1.2
      vertex 5.65001 -12.7306 1.2
    endloop
  endfacet
  facet normal -0.442115 -0.896958 -0
    outer loop
      vertex 5.84944 -12.8289 1.2
      vertex 5.65001 -12.7306 0
      vertex 5.84944 -12.8289 0
    endloop
  endfacet
  facet normal -0.321525 -0.946901 0
    outer loop
      vertex 5.84944 -12.8289 0
      vertex 6.06001 -12.9004 1.2
      vertex 5.84944 -12.8289 1.2
    endloop
  endfacet
  facet normal -0.321525 -0.946901 -0
    outer loop
      vertex 6.06001 -12.9004 1.2
      vertex 5.84944 -12.8289 0
      vertex 6.06001 -12.9004 0
    endloop
  endfacet
  facet normal -0.195165 -0.98077 0
    outer loop
      vertex 6.06001 -12.9004 0
      vertex 6.27811 -12.9438 1.2
      vertex 6.06001 -12.9004 1.2
    endloop
  endfacet
  facet normal -0.195165 -0.98077 -0
    outer loop
      vertex 6.27811 -12.9438 1.2
      vertex 6.06001 -12.9004 0
      vertex 6.27811 -12.9438 0
    endloop
  endfacet
  facet normal -0.0652086 -0.997872 0
    outer loop
      vertex 6.27811 -12.9438 0
      vertex 6.5 -12.9583 1.2
      vertex 6.27811 -12.9438 1.2
    endloop
  endfacet
  facet normal -0.0652086 -0.997872 -0
    outer loop
      vertex 6.5 -12.9583 1.2
      vertex 6.27811 -12.9438 0
      vertex 6.5 -12.9583 0
    endloop
  endfacet
  facet normal 0.0652086 -0.997872 0
    outer loop
      vertex 6.5 -12.9583 0
      vertex 6.72189 -12.9438 1.2
      vertex 6.5 -12.9583 1.2
    endloop
  endfacet
  facet normal 0.0652086 -0.997872 0
    outer loop
      vertex 6.72189 -12.9438 1.2
      vertex 6.5 -12.9583 0
      vertex 6.72189 -12.9438 0
    endloop
  endfacet
  facet normal 0.195165 -0.98077 0
    outer loop
      vertex 6.72189 -12.9438 0
      vertex 6.93999 -12.9004 1.2
      vertex 6.72189 -12.9438 1.2
    endloop
  endfacet
  facet normal 0.195165 -0.98077 0
    outer loop
      vertex 6.93999 -12.9004 1.2
      vertex 6.72189 -12.9438 0
      vertex 6.93999 -12.9004 0
    endloop
  endfacet
  facet normal 0.321525 -0.946901 0
    outer loop
      vertex 6.93999 -12.9004 0
      vertex 7.15056 -12.8289 1.2
      vertex 6.93999 -12.9004 1.2
    endloop
  endfacet
  facet normal 0.321525 -0.946901 0
    outer loop
      vertex 7.15056 -12.8289 1.2
      vertex 6.93999 -12.9004 0
      vertex 7.15056 -12.8289 0
    endloop
  endfacet
  facet normal 0.442097 -0.896967 0
    outer loop
      vertex 7.15056 -12.8289 0
      vertex 7.35 -12.7306 1.2
      vertex 7.15056 -12.8289 1.2
    endloop
  endfacet
  facet normal 0.442097 -0.896967 0
    outer loop
      vertex 7.35 -12.7306 1.2
      vertex 7.15056 -12.8289 0
      vertex 7.35 -12.7306 0
    endloop
  endfacet
  facet normal 0.555758 -0.831344 0
    outer loop
      vertex 7.35 -12.7306 0
      vertex 7.53489 -12.607 1.2
      vertex 7.35 -12.7306 1.2
    endloop
  endfacet
  facet normal 0.555758 -0.831344 0
    outer loop
      vertex 7.53489 -12.607 1.2
      vertex 7.35 -12.7306 0
      vertex 7.53489 -12.607 0
    endloop
  endfacet
  facet normal 0.659313 -0.751869 0
    outer loop
      vertex 7.53489 -12.607 0
      vertex 7.70207 -12.4604 1.2
      vertex 7.53489 -12.607 1.2
    endloop
  endfacet
  facet normal 0.659313 -0.751869 0
    outer loop
      vertex 7.70207 -12.4604 1.2
      vertex 7.53489 -12.607 0
      vertex 7.70207 -12.4604 0
    endloop
  endfacet
  facet normal 0.751863 -0.659319 0
    outer loop
      vertex 7.70207 -12.4604 1.2
      vertex 7.84869 -12.2932 0
      vertex 7.84869 -12.2932 1.2
    endloop
  endfacet
  facet normal 0.751863 -0.659319 0
    outer loop
      vertex 7.84869 -12.2932 0
      vertex 7.70207 -12.4604 1.2
      vertex 7.70207 -12.4604 0
    endloop
  endfacet
  facet normal 0.831483 -0.555551 0
    outer loop
      vertex 7.84869 -12.2932 1.2
      vertex 7.97223 -12.1083 0
      vertex 7.97223 -12.1083 1.2
    endloop
  endfacet
  facet normal 0.831483 -0.555551 0
    outer loop
      vertex 7.97223 -12.1083 0
      vertex 7.84869 -12.2932 1.2
      vertex 7.84869 -12.2932 0
    endloop
  endfacet
  facet normal 0.896843 -0.442349 0
    outer loop
      vertex 7.97223 -12.1083 1.2
      vertex 8.07058 -11.9089 0
      vertex 8.07058 -11.9089 1.2
    endloop
  endfacet
  facet normal 0.896843 -0.442349 0
    outer loop
      vertex 8.07058 -11.9089 0
      vertex 7.97223 -12.1083 1.2
      vertex 7.97223 -12.1083 0
    endloop
  endfacet
  facet normal 0.946943 -0.321403 0
    outer loop
      vertex 8.07058 -11.9089 1.2
      vertex 8.14206 -11.6983 0
      vertex 8.14206 -11.6983 1.2
    endloop
  endfacet
  facet normal 0.946943 -0.321403 0
    outer loop
      vertex 8.14206 -11.6983 0
      vertex 8.07058 -11.9089 1.2
      vertex 8.07058 -11.9089 0
    endloop
  endfacet
  facet normal 0.980788 -0.195078 0
    outer loop
      vertex 8.14206 -11.6983 1.2
      vertex 8.18544 -11.4802 0
      vertex 8.18544 -11.4802 1.2
    endloop
  endfacet
  facet normal 0.980788 -0.195078 0
    outer loop
      vertex 8.18544 -11.4802 0
      vertex 8.14206 -11.6983 1.2
      vertex 8.14206 -11.6983 0
    endloop
  endfacet
  facet normal 0.99786 -0.0653848 0
    outer loop
      vertex 8.18544 -11.4802 1.2
      vertex 8.19998 -11.2583 0
      vertex 8.19998 -11.2583 1.2
    endloop
  endfacet
  facet normal 0.99786 -0.0653848 0
    outer loop
      vertex 8.19998 -11.2583 0
      vertex 8.18544 -11.4802 1.2
      vertex 8.18544 -11.4802 0
    endloop
  endfacet
  facet normal 0.997863 0.06534 0
    outer loop
      vertex 8.19998 -11.2583 1.2
      vertex 8.18545 -11.0364 0
      vertex 8.18545 -11.0364 1.2
    endloop
  endfacet
  facet normal 0.997863 0.06534 0
    outer loop
      vertex 8.18545 -11.0364 0
      vertex 8.19998 -11.2583 1.2
      vertex 8.19998 -11.2583 0
    endloop
  endfacet
  facet normal 0.980779 0.195122 0
    outer loop
      vertex 8.18545 -11.0364 1.2
      vertex 8.14206 -10.8183 0
      vertex 8.14206 -10.8183 1.2
    endloop
  endfacet
  facet normal 0.980779 0.195122 0
    outer loop
      vertex 8.14206 -10.8183 0
      vertex 8.18545 -11.0364 1.2
      vertex 8.18545 -11.0364 0
    endloop
  endfacet
  facet normal 0.94691 0.321499 0
    outer loop
      vertex 8.14206 -10.8183 1.2
      vertex 8.07059 -10.6078 0
      vertex 8.07059 -10.6078 1.2
    endloop
  endfacet
  facet normal 0.94691 0.321499 0
    outer loop
      vertex 8.07059 -10.6078 0
      vertex 8.14206 -10.8183 1.2
      vertex 8.14206 -10.8183 0
    endloop
  endfacet
  facet normal 0.896931 0.442171 0
    outer loop
      vertex 8.07059 -10.6078 1.2
      vertex 7.97224 -10.4083 0
      vertex 7.97224 -10.4083 1.2
    endloop
  endfacet
  facet normal 0.896931 0.442171 0
    outer loop
      vertex 7.97224 -10.4083 0
      vertex 8.07059 -10.6078 1.2
      vertex 8.07059 -10.6078 0
    endloop
  endfacet
  facet normal 0.831462 0.555582 0
    outer loop
      vertex 7.97224 -10.4083 1.2
      vertex 7.84869 -10.2234 0
      vertex 7.84869 -10.2234 1.2
    endloop
  endfacet
  facet normal 0.831462 0.555582 0
    outer loop
      vertex 7.84869 -10.2234 0
      vertex 7.97224 -10.4083 1.2
      vertex 7.97224 -10.4083 0
    endloop
  endfacet
  facet normal 0.751841 0.659345 0
    outer loop
      vertex 7.84869 -10.2234 1.2
      vertex 7.70206 -10.0562 0
      vertex 7.70206 -10.0562 1.2
    endloop
  endfacet
  facet normal 0.751841 0.659345 0
    outer loop
      vertex 7.70206 -10.0562 0
      vertex 7.84869 -10.2234 1.2
      vertex 7.84869 -10.2234 0
    endloop
  endfacet
  facet normal 0.659262 0.751913 -0
    outer loop
      vertex 7.70206 -10.0562 0
      vertex 7.53488 -9.90962 1.2
      vertex 7.70206 -10.0562 1.2
    endloop
  endfacet
  facet normal 0.659262 0.751913 0
    outer loop
      vertex 7.53488 -9.90962 1.2
      vertex 7.70206 -10.0562 0
      vertex 7.53488 -9.90962 0
    endloop
  endfacet
  facet normal 0.55552 0.831503 -0
    outer loop
      vertex 7.53488 -9.90962 0
      vertex 7.34998 -9.78609 1.2
      vertex 7.53488 -9.90962 1.2
    endloop
  endfacet
  facet normal 0.55552 0.831503 0
    outer loop
      vertex 7.34998 -9.78609 1.2
      vertex 7.53488 -9.90962 0
      vertex 7.34998 -9.78609 0
    endloop
  endfacet
  facet normal 0.442296 0.896869 -0
    outer loop
      vertex 7.34998 -9.78609 0
      vertex 7.15055 -9.68774 1.2
      vertex 7.34998 -9.78609 1.2
    endloop
  endfacet
  facet normal 0.442296 0.896869 0
    outer loop
      vertex 7.15055 -9.68774 1.2
      vertex 7.34998 -9.78609 0
      vertex 7.15055 -9.68774 0
    endloop
  endfacet
  facet normal 0.321527 0.9469 -0
    outer loop
      vertex 7.15055 -9.68774 0
      vertex 7.08682 -9.6661 1.2
      vertex 7.15055 -9.68774 1.2
    endloop
  endfacet
  facet normal 0.321527 0.9469 0
    outer loop
      vertex 7.08682 -9.6661 1.2
      vertex 7.15055 -9.68774 0
      vertex 7.08682 -9.6661 0
    endloop
  endfacet
  facet normal -0.98078 0.195116 0
    outer loop
      vertex 4.81455 -11.0364 0
      vertex 4.82768 -10.9704 1.2
      vertex 4.82768 -10.9704 0
    endloop
  endfacet
  facet normal -0.98078 0.195116 0
    outer loop
      vertex 4.82768 -10.9704 1.2
      vertex 4.81455 -11.0364 0
      vertex 4.81455 -11.0364 1.2
    endloop
  endfacet
  facet normal -0.99786 0.0653848 0
    outer loop
      vertex 4.80001 -11.2583 0
      vertex 4.81455 -11.0364 1.2
      vertex 4.81455 -11.0364 0
    endloop
  endfacet
  facet normal -0.99786 0.0653848 0
    outer loop
      vertex 4.81455 -11.0364 1.2
      vertex 4.80001 -11.2583 0
      vertex 4.80001 -11.2583 1.2
    endloop
  endfacet
  facet normal -0.997863 -0.06534 0
    outer loop
      vertex 4.81454 -11.4802 0
      vertex 4.80001 -11.2583 1.2
      vertex 4.80001 -11.2583 0
    endloop
  endfacet
  facet normal -0.997863 -0.06534 0
    outer loop
      vertex 4.80001 -11.2583 1.2
      vertex 4.81454 -11.4802 0
      vertex 4.81454 -11.4802 1.2
    endloop
  endfacet
  facet normal -0.980779 -0.195122 0
    outer loop
      vertex 4.85793 -11.6983 0
      vertex 4.81454 -11.4802 1.2
      vertex 4.81454 -11.4802 0
    endloop
  endfacet
  facet normal -0.980779 -0.195122 0
    outer loop
      vertex 4.81454 -11.4802 1.2
      vertex 4.85793 -11.6983 0
      vertex 4.85793 -11.6983 1.2
    endloop
  endfacet
  facet normal -0.946956 -0.321363 0
    outer loop
      vertex 4.9294 -11.9089 0
      vertex 4.85793 -11.6983 1.2
      vertex 4.85793 -11.6983 0
    endloop
  endfacet
  facet normal -0.946956 -0.321363 0
    outer loop
      vertex 4.85793 -11.6983 1.2
      vertex 4.9294 -11.9089 0
      vertex 4.9294 -11.9089 1.2
    endloop
  endfacet
  facet normal -0.896825 -0.442386 0
    outer loop
      vertex 5.02776 -12.1083 0
      vertex 4.9294 -11.9089 1.2
      vertex 4.9294 -11.9089 0
    endloop
  endfacet
  facet normal -0.896825 -0.442386 0
    outer loop
      vertex 4.9294 -11.9089 1.2
      vertex 5.02776 -12.1083 0
      vertex 5.02776 -12.1083 1.2
    endloop
  endfacet
  facet normal -0.831483 -0.555551 0
    outer loop
      vertex 5.1513 -12.2932 0
      vertex 5.02776 -12.1083 1.2
      vertex 5.02776 -12.1083 0
    endloop
  endfacet
  facet normal -0.831483 -0.555551 0
    outer loop
      vertex 5.02776 -12.1083 1.2
      vertex 5.1513 -12.2932 0
      vertex 5.1513 -12.2932 1.2
    endloop
  endfacet
  facet normal 0.94693 0.32144 0
    outer loop
      vertex 5.9109 -11.8243 1.2
      vertex 5.87726 -11.7252 0
      vertex 5.87726 -11.7252 1.2
    endloop
  endfacet
  facet normal 0.94693 0.32144 0
    outer loop
      vertex 5.87726 -11.7252 0
      vertex 5.9109 -11.8243 1.2
      vertex 5.9109 -11.8243 0
    endloop
  endfacet
  facet normal 0.980819 0.194922 0
    outer loop
      vertex 5.87726 -11.7252 1.2
      vertex 5.85685 -11.6225 0
      vertex 5.85685 -11.6225 1.2
    endloop
  endfacet
  facet normal 0.980819 0.194922 0
    outer loop
      vertex 5.85685 -11.6225 0
      vertex 5.87726 -11.7252 1.2
      vertex 5.87726 -11.7252 0
    endloop
  endfacet
  facet normal 0.997861 0.0653771 0
    outer loop
      vertex 5.85685 -11.6225 1.2
      vertex 5.85001 -11.5181 0
      vertex 5.85001 -11.5181 1.2
    endloop
  endfacet
  facet normal 0.997861 0.0653771 0
    outer loop
      vertex 5.85001 -11.5181 0
      vertex 5.85685 -11.6225 1.2
      vertex 5.85685 -11.6225 0
    endloop
  endfacet
  facet normal 0.997861 -0.0653771 0
    outer loop
      vertex 5.85001 -11.5181 1.2
      vertex 5.85685 -11.4137 0
      vertex 5.85685 -11.4137 1.2
    endloop
  endfacet
  facet normal 0.997861 -0.0653771 0
    outer loop
      vertex 5.85685 -11.4137 0
      vertex 5.85001 -11.5181 1.2
      vertex 5.85001 -11.5181 0
    endloop
  endfacet
  facet normal 0.980764 -0.195197 0
    outer loop
      vertex 5.85685 -11.4137 1.2
      vertex 5.87727 -11.3111 0
      vertex 5.87727 -11.3111 1.2
    endloop
  endfacet
  facet normal 0.980764 -0.195197 0
    outer loop
      vertex 5.87727 -11.3111 0
      vertex 5.85685 -11.4137 1.2
      vertex 5.85685 -11.4137 0
    endloop
  endfacet
  facet normal 0.946959 -0.321354 0
    outer loop
      vertex 5.87727 -11.3111 1.2
      vertex 5.9109 -11.212 0
      vertex 5.9109 -11.212 1.2
    endloop
  endfacet
  facet normal 0.946959 -0.321354 0
    outer loop
      vertex 5.9109 -11.212 0
      vertex 5.87727 -11.3111 1.2
      vertex 5.87727 -11.3111 0
    endloop
  endfacet
  facet normal 0.896973 -0.442086 0
    outer loop
      vertex 5.9109 -11.212 1.2
      vertex 5.95718 -11.1181 0
      vertex 5.95718 -11.1181 1.2
    endloop
  endfacet
  facet normal 0.896973 -0.442086 0
    outer loop
      vertex 5.95718 -11.1181 0
      vertex 5.9109 -11.212 1.2
      vertex 5.9109 -11.212 0
    endloop
  endfacet
  facet normal 0.831432 -0.555626 0
    outer loop
      vertex 5.95718 -11.1181 1.2
      vertex 6.01532 -11.0311 0
      vertex 6.01532 -11.0311 1.2
    endloop
  endfacet
  facet normal 0.831432 -0.555626 0
    outer loop
      vertex 6.01532 -11.0311 0
      vertex 5.95718 -11.1181 1.2
      vertex 5.95718 -11.1181 0
    endloop
  endfacet
  facet normal 0.751925 -0.659248 0
    outer loop
      vertex 6.01532 -11.0311 1.2
      vertex 6.08432 -10.9524 0
      vertex 6.08432 -10.9524 1.2
    endloop
  endfacet
  facet normal 0.751925 -0.659248 0
    outer loop
      vertex 6.08432 -10.9524 0
      vertex 6.01532 -11.0311 1.2
      vertex 6.01532 -11.0311 0
    endloop
  endfacet
  facet normal 0.65939 -0.751801 0
    outer loop
      vertex 6.08432 -10.9524 0
      vertex 6.16299 -10.8834 1.2
      vertex 6.08432 -10.9524 1.2
    endloop
  endfacet
  facet normal 0.65939 -0.751801 0
    outer loop
      vertex 6.16299 -10.8834 1.2
      vertex 6.08432 -10.9524 0
      vertex 6.16299 -10.8834 0
    endloop
  endfacet
  facet normal 0.555318 -0.831638 0
    outer loop
      vertex 6.16299 -10.8834 0
      vertex 6.25 -10.8253 1.2
      vertex 6.16299 -10.8834 1.2
    endloop
  endfacet
  facet normal 0.555318 -0.831638 0
    outer loop
      vertex 6.25 -10.8253 1.2
      vertex 6.16299 -10.8834 0
      vertex 6.25 -10.8253 0
    endloop
  endfacet
  facet normal 0.442467 -0.896785 0
    outer loop
      vertex 6.25 -10.8253 0
      vertex 6.34384 -10.779 1.2
      vertex 6.25 -10.8253 1.2
    endloop
  endfacet
  facet normal 0.442467 -0.896785 0
    outer loop
      vertex 6.34384 -10.779 1.2
      vertex 6.25 -10.8253 0
      vertex 6.34384 -10.779 0
    endloop
  endfacet
  facet normal 0.321126 -0.947036 0
    outer loop
      vertex 6.34384 -10.779 0
      vertex 6.44293 -10.7454 1.2
      vertex 6.34384 -10.779 1.2
    endloop
  endfacet
  facet normal 0.321126 -0.947036 0
    outer loop
      vertex 6.44293 -10.7454 1.2
      vertex 6.34384 -10.779 0
      vertex 6.44293 -10.7454 0
    endloop
  endfacet
  facet normal 0.194958 -0.980812 0
    outer loop
      vertex 6.44293 -10.7454 0
      vertex 6.54556 -10.725 1.2
      vertex 6.44293 -10.7454 1.2
    endloop
  endfacet
  facet normal 0.194958 -0.980812 0
    outer loop
      vertex 6.54556 -10.725 1.2
      vertex 6.44293 -10.7454 0
      vertex 6.54556 -10.725 0
    endloop
  endfacet
  facet normal 0.0659292 -0.997824 0
    outer loop
      vertex 6.54556 -10.725 0
      vertex 6.64999 -10.7181 1.2
      vertex 6.54556 -10.725 1.2
    endloop
  endfacet
  facet normal 0.0659292 -0.997824 0
    outer loop
      vertex 6.64999 -10.7181 1.2
      vertex 6.54556 -10.725 0
      vertex 6.64999 -10.7181 0
    endloop
  endfacet
  facet normal -0.0659355 -0.997824 0
    outer loop
      vertex 6.64999 -10.7181 0
      vertex 6.75441 -10.725 1.2
      vertex 6.64999 -10.7181 1.2
    endloop
  endfacet
  facet normal -0.0659355 -0.997824 -0
    outer loop
      vertex 6.75441 -10.725 1.2
      vertex 6.64999 -10.7181 0
      vertex 6.75441 -10.725 0
    endloop
  endfacet
  facet normal -0.194958 -0.980812 0
    outer loop
      vertex 6.75441 -10.725 0
      vertex 6.85704 -10.7454 1.2
      vertex 6.75441 -10.725 1.2
    endloop
  endfacet
  facet normal -0.194958 -0.980812 -0
    outer loop
      vertex 6.85704 -10.7454 1.2
      vertex 6.75441 -10.725 0
      vertex 6.85704 -10.7454 0
    endloop
  endfacet
  facet normal -0.321097 -0.947046 0
    outer loop
      vertex 6.85704 -10.7454 0
      vertex 6.95614 -10.779 1.2
      vertex 6.85704 -10.7454 1.2
    endloop
  endfacet
  facet normal -0.321097 -0.947046 -0
    outer loop
      vertex 6.95614 -10.779 1.2
      vertex 6.85704 -10.7454 0
      vertex 6.95614 -10.779 0
    endloop
  endfacet
  facet normal -0.442429 -0.896803 0
    outer loop
      vertex 6.95614 -10.779 0
      vertex 7.04999 -10.8253 1.2
      vertex 6.95614 -10.779 1.2
    endloop
  endfacet
  facet normal -0.442429 -0.896803 -0
    outer loop
      vertex 7.04999 -10.8253 1.2
      vertex 6.95614 -10.779 0
      vertex 7.04999 -10.8253 0
    endloop
  endfacet
  facet normal -0.555978 -0.831197 0
    outer loop
      vertex 7.04999 -10.8253 0
      vertex 7.137 -10.8835 1.2
      vertex 7.04999 -10.8253 1.2
    endloop
  endfacet
  facet normal -0.555978 -0.831197 -0
    outer loop
      vertex 7.137 -10.8835 1.2
      vertex 7.04999 -10.8253 0
      vertex 7.137 -10.8835 0
    endloop
  endfacet
  facet normal -0.659343 -0.751842 0
    outer loop
      vertex 7.137 -10.8835 0
      vertex 7.21568 -10.9525 1.2
      vertex 7.137 -10.8835 1.2
    endloop
  endfacet
  facet normal -0.659343 -0.751842 -0
    outer loop
      vertex 7.21568 -10.9525 1.2
      vertex 7.137 -10.8835 0
      vertex 7.21568 -10.9525 0
    endloop
  endfacet
  facet normal -0.75151 -0.659722 0
    outer loop
      vertex 7.28468 -11.0311 0
      vertex 7.21568 -10.9525 1.2
      vertex 7.21568 -10.9525 0
    endloop
  endfacet
  facet normal -0.75151 -0.659722 0
    outer loop
      vertex 7.21568 -10.9525 1.2
      vertex 7.28468 -11.0311 0
      vertex 7.28468 -11.0311 1.2
    endloop
  endfacet
  facet normal -0.831521 -0.555494 0
    outer loop
      vertex 7.3428 -11.1181 0
      vertex 7.28468 -11.0311 1.2
      vertex 7.28468 -11.0311 0
    endloop
  endfacet
  facet normal -0.831521 -0.555494 0
    outer loop
      vertex 7.28468 -11.0311 1.2
      vertex 7.3428 -11.1181 0
      vertex 7.3428 -11.1181 1.2
    endloop
  endfacet
  facet normal -0.896897 -0.44224 0
    outer loop
      vertex 7.3891 -11.212 0
      vertex 7.3428 -11.1181 1.2
      vertex 7.3428 -11.1181 0
    endloop
  endfacet
  facet normal -0.896897 -0.44224 0
    outer loop
      vertex 7.3428 -11.1181 1.2
      vertex 7.3891 -11.212 0
      vertex 7.3891 -11.212 1.2
    endloop
  endfacet
  facet normal -0.946959 -0.321354 0
    outer loop
      vertex 7.42273 -11.3111 0
      vertex 7.3891 -11.212 1.2
      vertex 7.3891 -11.212 0
    endloop
  endfacet
  facet normal -0.946959 -0.321354 0
    outer loop
      vertex 7.3891 -11.212 1.2
      vertex 7.42273 -11.3111 0
      vertex 7.42273 -11.3111 1.2
    endloop
  endfacet
  facet normal -0.980782 -0.195105 0
    outer loop
      vertex 7.44314 -11.4137 0
      vertex 7.42273 -11.3111 1.2
      vertex 7.42273 -11.3111 0
    endloop
  endfacet
  facet normal -0.980782 -0.195105 0
    outer loop
      vertex 7.42273 -11.3111 1.2
      vertex 7.44314 -11.4137 0
      vertex 7.44314 -11.4137 1.2
    endloop
  endfacet
  facet normal -0.997854 -0.0654722 0
    outer loop
      vertex 7.44999 -11.5181 0
      vertex 7.44314 -11.4137 1.2
      vertex 7.44314 -11.4137 0
    endloop
  endfacet
  facet normal -0.997854 -0.0654722 0
    outer loop
      vertex 7.44314 -11.4137 1.2
      vertex 7.44999 -11.5181 0
      vertex 7.44999 -11.5181 1.2
    endloop
  endfacet
  facet normal -0.997858 0.0654099 0
    outer loop
      vertex 7.44314 -11.6226 0
      vertex 7.44999 -11.5181 1.2
      vertex 7.44999 -11.5181 0
    endloop
  endfacet
  facet normal -0.997858 0.0654099 0
    outer loop
      vertex 7.44999 -11.5181 1.2
      vertex 7.44314 -11.6226 0
      vertex 7.44314 -11.6226 1.2
    endloop
  endfacet
  facet normal -0.980782 0.195105 0
    outer loop
      vertex 7.42273 -11.7252 0
      vertex 7.44314 -11.6226 1.2
      vertex 7.44314 -11.6226 0
    endloop
  endfacet
  facet normal -0.980782 0.195105 0
    outer loop
      vertex 7.44314 -11.6226 1.2
      vertex 7.42273 -11.7252 0
      vertex 7.42273 -11.7252 1.2
    endloop
  endfacet
  facet normal -0.94693 0.32144 0
    outer loop
      vertex 7.38909 -11.8243 0
      vertex 7.42273 -11.7252 1.2
      vertex 7.42273 -11.7252 0
    endloop
  endfacet
  facet normal -0.94693 0.32144 0
    outer loop
      vertex 7.42273 -11.7252 1.2
      vertex 7.38909 -11.8243 0
      vertex 7.38909 -11.8243 1.2
    endloop
  endfacet
  facet normal -0.896786 0.442465 0
    outer loop
      vertex 7.34281 -11.9181 0
      vertex 7.38909 -11.8243 1.2
      vertex 7.38909 -11.8243 0
    endloop
  endfacet
  facet normal -0.896786 0.442465 0
    outer loop
      vertex 7.38909 -11.8243 1.2
      vertex 7.34281 -11.9181 0
      vertex 7.34281 -11.9181 1.2
    endloop
  endfacet
  facet normal -0.831432 0.555626 0
    outer loop
      vertex 7.28467 -12.0051 0
      vertex 7.34281 -11.9181 1.2
      vertex 7.34281 -11.9181 0
    endloop
  endfacet
  facet normal -0.831432 0.555626 0
    outer loop
      vertex 7.34281 -11.9181 1.2
      vertex 7.28467 -12.0051 0
      vertex 7.28467 -12.0051 1.2
    endloop
  endfacet
  facet normal -0.751973 0.659194 0
    outer loop
      vertex 7.21568 -12.0838 0
      vertex 7.28467 -12.0051 1.2
      vertex 7.28467 -12.0051 0
    endloop
  endfacet
  facet normal -0.751973 0.659194 0
    outer loop
      vertex 7.28467 -12.0051 1.2
      vertex 7.21568 -12.0838 0
      vertex 7.21568 -12.0838 1.2
    endloop
  endfacet
  facet normal -0.659343 0.751842 0
    outer loop
      vertex 7.21568 -12.0838 0
      vertex 7.137 -12.1528 1.2
      vertex 7.21568 -12.0838 1.2
    endloop
  endfacet
  facet normal -0.659343 0.751842 0
    outer loop
      vertex 7.137 -12.1528 1.2
      vertex 7.21568 -12.0838 0
      vertex 7.137 -12.1528 0
    endloop
  endfacet
  facet normal -0.555362 0.831609 0
    outer loop
      vertex 7.137 -12.1528 0
      vertex 7.05 -12.2109 1.2
      vertex 7.137 -12.1528 1.2
    endloop
  endfacet
  facet normal -0.555362 0.831609 0
    outer loop
      vertex 7.05 -12.2109 1.2
      vertex 7.137 -12.1528 0
      vertex 7.05 -12.2109 0
    endloop
  endfacet
  facet normal -0.442429 0.896803 0
    outer loop
      vertex 7.05 -12.2109 0
      vertex 6.95615 -12.2572 1.2
      vertex 7.05 -12.2109 1.2
    endloop
  endfacet
  facet normal -0.442429 0.896803 0
    outer loop
      vertex 6.95615 -12.2572 1.2
      vertex 7.05 -12.2109 0
      vertex 6.95615 -12.2572 0
    endloop
  endfacet
  facet normal -0.321983 0.946745 0
    outer loop
      vertex 6.95615 -12.2572 0
      vertex 6.85706 -12.2909 1.2
      vertex 6.95615 -12.2572 1.2
    endloop
  endfacet
  facet normal -0.321983 0.946745 0
    outer loop
      vertex 6.85706 -12.2909 1.2
      vertex 6.95615 -12.2572 0
      vertex 6.85706 -12.2909 0
    endloop
  endfacet
  facet normal -0.19494 0.980815 0
    outer loop
      vertex 6.85706 -12.2909 0
      vertex 6.75442 -12.3113 1.2
      vertex 6.85706 -12.2909 1.2
    endloop
  endfacet
  facet normal -0.19494 0.980815 0
    outer loop
      vertex 6.75442 -12.3113 1.2
      vertex 6.85706 -12.2909 0
      vertex 6.75442 -12.3113 0
    endloop
  endfacet
  facet normal -0.064984 0.997886 0
    outer loop
      vertex 6.75442 -12.3113 0
      vertex 6.65 -12.3181 1.2
      vertex 6.75442 -12.3113 1.2
    endloop
  endfacet
  facet normal -0.064984 0.997886 0
    outer loop
      vertex 6.65 -12.3181 1.2
      vertex 6.75442 -12.3113 0
      vertex 6.65 -12.3181 0
    endloop
  endfacet
  facet normal 0.064984 0.997886 -0
    outer loop
      vertex 6.65 -12.3181 0
      vertex 6.54558 -12.3113 1.2
      vertex 6.65 -12.3181 1.2
    endloop
  endfacet
  facet normal 0.064984 0.997886 0
    outer loop
      vertex 6.54558 -12.3113 1.2
      vertex 6.65 -12.3181 0
      vertex 6.54558 -12.3113 0
    endloop
  endfacet
  facet normal 0.194958 0.980812 -0
    outer loop
      vertex 6.54558 -12.3113 0
      vertex 6.44295 -12.2909 1.2
      vertex 6.54558 -12.3113 1.2
    endloop
  endfacet
  facet normal 0.194958 0.980812 0
    outer loop
      vertex 6.44295 -12.2909 1.2
      vertex 6.54558 -12.3113 0
      vertex 6.44295 -12.2909 0
    endloop
  endfacet
  facet normal 0.321983 0.946745 -0
    outer loop
      vertex 6.44295 -12.2909 0
      vertex 6.34386 -12.2572 1.2
      vertex 6.44295 -12.2909 1.2
    endloop
  endfacet
  facet normal 0.321983 0.946745 0
    outer loop
      vertex 6.34386 -12.2572 1.2
      vertex 6.44295 -12.2909 0
      vertex 6.34386 -12.2572 0
    endloop
  endfacet
  facet normal 0.442429 0.896803 -0
    outer loop
      vertex 6.34386 -12.2572 0
      vertex 6.25001 -12.2109 1.2
      vertex 6.34386 -12.2572 1.2
    endloop
  endfacet
  facet normal 0.442429 0.896803 0
    outer loop
      vertex 6.25001 -12.2109 1.2
      vertex 6.34386 -12.2572 0
      vertex 6.25001 -12.2109 0
    endloop
  endfacet
  facet normal 0.555318 0.831638 -0
    outer loop
      vertex 6.25001 -12.2109 0
      vertex 6.163 -12.1528 1.2
      vertex 6.25001 -12.2109 1.2
    endloop
  endfacet
  facet normal 0.555318 0.831638 0
    outer loop
      vertex 6.163 -12.1528 1.2
      vertex 6.25001 -12.2109 0
      vertex 6.163 -12.1528 0
    endloop
  endfacet
  facet normal 0.659343 0.751842 -0
    outer loop
      vertex 6.163 -12.1528 0
      vertex 6.08432 -12.0838 1.2
      vertex 6.163 -12.1528 1.2
    endloop
  endfacet
  facet normal 0.659343 0.751842 0
    outer loop
      vertex 6.08432 -12.0838 1.2
      vertex 6.163 -12.1528 0
      vertex 6.08432 -12.0838 0
    endloop
  endfacet
  facet normal 0.751925 0.659248 0
    outer loop
      vertex 6.08432 -12.0838 1.2
      vertex 6.01532 -12.0051 0
      vertex 6.01532 -12.0051 1.2
    endloop
  endfacet
  facet normal 0.751925 0.659248 0
    outer loop
      vertex 6.01532 -12.0051 0
      vertex 6.08432 -12.0838 1.2
      vertex 6.08432 -12.0838 0
    endloop
  endfacet
  facet normal 0.831432 0.555626 0
    outer loop
      vertex 6.01532 -12.0051 1.2
      vertex 5.95718 -11.9181 0
      vertex 5.95718 -11.9181 1.2
    endloop
  endfacet
  facet normal 0.831432 0.555626 0
    outer loop
      vertex 5.95718 -11.9181 0
      vertex 6.01532 -12.0051 1.2
      vertex 6.01532 -12.0051 0
    endloop
  endfacet
  facet normal 0.896786 0.442465 0
    outer loop
      vertex 5.95718 -11.9181 1.2
      vertex 5.9109 -11.8243 0
      vertex 5.9109 -11.8243 1.2
    endloop
  endfacet
  facet normal 0.896786 0.442465 0
    outer loop
      vertex 5.9109 -11.8243 0
      vertex 5.95718 -11.9181 1.2
      vertex 5.95718 -11.9181 0
    endloop
  endfacet
  facet normal 0.195072 -0.980789 0
    outer loop
      vertex 1.5663 -11.8973 0
      vertex 3.10582 -11.5911 1.2
      vertex 1.5663 -11.8973 1.2
    endloop
  endfacet
  facet normal 0.195072 -0.980789 0
    outer loop
      vertex 3.10582 -11.5911 1.2
      vertex 1.5663 -11.8973 0
      vertex 3.10582 -11.5911 0
    endloop
  endfacet
  facet normal 0.321465 -0.946921 0
    outer loop
      vertex 3.10582 -11.5911 0
      vertex 4.59219 -11.0865 1.2
      vertex 3.10582 -11.5911 1.2
    endloop
  endfacet
  facet normal 0.321465 -0.946921 0
    outer loop
      vertex 4.59219 -11.0865 1.2
      vertex 3.10582 -11.5911 0
      vertex 4.59219 -11.0865 0
    endloop
  endfacet
  facet normal 0.442194 -0.896919 0
    outer loop
      vertex 4.59219 -11.0865 0
      vertex 4.82768 -10.9704 1.2
      vertex 4.59219 -11.0865 1.2
    endloop
  endfacet
  facet normal 0.442194 -0.896919 0
    outer loop
      vertex 4.82768 -10.9704 1.2
      vertex 4.59219 -11.0865 0
      vertex 4.82768 -10.9704 0
    endloop
  endfacet
  facet normal 0.55557 -0.83147 0
    outer loop
      vertex 7.08682 -9.6661 0
      vertex 7.30513 -9.52023 1.2
      vertex 7.08682 -9.6661 1.2
    endloop
  endfacet
  facet normal 0.55557 -0.83147 0
    outer loop
      vertex 7.30513 -9.52023 1.2
      vertex 7.08682 -9.6661 0
      vertex 7.30513 -9.52023 0
    endloop
  endfacet
  facet normal 0.659341 -0.751844 0
    outer loop
      vertex 7.30513 -9.52023 0
      vertex 8.48528 -8.48528 1.2
      vertex 7.30513 -9.52023 1.2
    endloop
  endfacet
  facet normal 0.659341 -0.751844 0
    outer loop
      vertex 8.48528 -8.48528 1.2
      vertex 7.30513 -9.52023 0
      vertex 8.48528 -8.48528 0
    endloop
  endfacet
  facet normal 0.751844 -0.659341 0
    outer loop
      vertex 8.48528 -8.48528 1.2
      vertex 9.52023 -7.30513 0
      vertex 9.52023 -7.30513 1.2
    endloop
  endfacet
  facet normal 0.751844 -0.659341 0
    outer loop
      vertex 9.52023 -7.30513 0
      vertex 8.48528 -8.48528 1.2
      vertex 8.48528 -8.48528 0
    endloop
  endfacet
  facet normal 0.831467 -0.555575 0
    outer loop
      vertex 9.52023 -7.30513 1.2
      vertex 10.3923 -6 0
      vertex 10.3923 -6 1.2
    endloop
  endfacet
  facet normal 0.831467 -0.555575 0
    outer loop
      vertex 10.3923 -6 0
      vertex 9.52023 -7.30513 1.2
      vertex 9.52023 -7.30513 0
    endloop
  endfacet
  facet normal 0.896887 -0.44226 0
    outer loop
      vertex 10.3923 -6 1.2
      vertex 11.0865 -4.59219 0
      vertex 11.0865 -4.59219 1.2
    endloop
  endfacet
  facet normal 0.896887 -0.44226 0
    outer loop
      vertex 11.0865 -4.59219 0
      vertex 10.3923 -6 1.2
      vertex 10.3923 -6 0
    endloop
  endfacet
  facet normal 0.946921 -0.321465 0
    outer loop
      vertex 11.0865 -4.59219 1.2
      vertex 11.5911 -3.10582 0
      vertex 11.5911 -3.10582 1.2
    endloop
  endfacet
  facet normal 0.946921 -0.321465 0
    outer loop
      vertex 11.5911 -3.10582 0
      vertex 11.0865 -4.59219 1.2
      vertex 11.0865 -4.59219 0
    endloop
  endfacet
  facet normal 0.980789 -0.195072 0
    outer loop
      vertex 11.5911 -3.10582 1.2
      vertex 11.8973 -1.5663 0
      vertex 11.8973 -1.5663 1.2
    endloop
  endfacet
  facet normal 0.980789 -0.195072 0
    outer loop
      vertex 11.8973 -1.5663 0
      vertex 11.5911 -3.10582 1.2
      vertex 11.5911 -3.10582 0
    endloop
  endfacet
  facet normal 0.997852 -0.0655103 0
    outer loop
      vertex 11.8973 -1.5663 1.2
      vertex 11.9145 -1.30431 0
      vertex 11.9145 -1.30431 1.2
    endloop
  endfacet
  facet normal 0.997852 -0.0655103 0
    outer loop
      vertex 11.9145 -1.30431 0
      vertex 11.8973 -1.5663 1.2
      vertex 11.8973 -1.5663 0
    endloop
  endfacet
  facet normal 0.997852 0.0655103 0
    outer loop
      vertex 11.9145 1.30431 1.2
      vertex 11.8973 1.5663 0
      vertex 11.8973 1.5663 1.2
    endloop
  endfacet
  facet normal 0.997852 0.0655103 0
    outer loop
      vertex 11.8973 1.5663 0
      vertex 11.9145 1.30431 1.2
      vertex 11.9145 1.30431 0
    endloop
  endfacet
  facet normal 0.980789 0.195072 0
    outer loop
      vertex 11.8973 1.5663 1.2
      vertex 11.5911 3.10582 0
      vertex 11.5911 3.10582 1.2
    endloop
  endfacet
  facet normal 0.980789 0.195072 0
    outer loop
      vertex 11.5911 3.10582 0
      vertex 11.8973 1.5663 1.2
      vertex 11.8973 1.5663 0
    endloop
  endfacet
  facet normal 0.946921 0.321465 0
    outer loop
      vertex 11.5911 3.10582 1.2
      vertex 11.0865 4.59219 0
      vertex 11.0865 4.59219 1.2
    endloop
  endfacet
  facet normal 0.946921 0.321465 0
    outer loop
      vertex 11.0865 4.59219 0
      vertex 11.5911 3.10582 1.2
      vertex 11.5911 3.10582 0
    endloop
  endfacet
  facet normal 0.896887 0.44226 0
    outer loop
      vertex 11.0865 4.59219 1.2
      vertex 10.3923 6 0
      vertex 10.3923 6 1.2
    endloop
  endfacet
  facet normal 0.896887 0.44226 0
    outer loop
      vertex 10.3923 6 0
      vertex 11.0865 4.59219 1.2
      vertex 11.0865 4.59219 0
    endloop
  endfacet
  facet normal 0.831467 0.555575 0
    outer loop
      vertex 10.3923 6 1.2
      vertex 9.52023 7.30513 0
      vertex 9.52023 7.30513 1.2
    endloop
  endfacet
  facet normal 0.831467 0.555575 0
    outer loop
      vertex 9.52023 7.30513 0
      vertex 10.3923 6 1.2
      vertex 10.3923 6 0
    endloop
  endfacet
  facet normal 0.751844 0.659341 0
    outer loop
      vertex 9.52023 7.30513 1.2
      vertex 8.48528 8.48528 0
      vertex 8.48528 8.48528 1.2
    endloop
  endfacet
  facet normal 0.751844 0.659341 0
    outer loop
      vertex 8.48528 8.48528 0
      vertex 9.52023 7.30513 1.2
      vertex 9.52023 7.30513 0
    endloop
  endfacet
  facet normal 0.659341 0.751844 -0
    outer loop
      vertex 8.48528 8.48528 0
      vertex 7.30513 9.52023 1.2
      vertex 8.48528 8.48528 1.2
    endloop
  endfacet
  facet normal 0.659341 0.751844 0
    outer loop
      vertex 7.30513 9.52023 1.2
      vertex 8.48528 8.48528 0
      vertex 7.30513 9.52023 0
    endloop
  endfacet
  facet normal 0.55557 0.83147 -0
    outer loop
      vertex 7.30513 9.52023 0
      vertex 7.08682 9.6661 1.2
      vertex 7.30513 9.52023 1.2
    endloop
  endfacet
  facet normal 0.55557 0.83147 0
    outer loop
      vertex 7.08682 9.6661 1.2
      vertex 7.30513 9.52023 0
      vertex 7.08682 9.6661 0
    endloop
  endfacet
  facet normal 0.442194 0.896919 -0
    outer loop
      vertex 4.82768 10.9704 0
      vertex 4.59219 11.0865 1.2
      vertex 4.82768 10.9704 1.2
    endloop
  endfacet
  facet normal 0.442194 0.896919 0
    outer loop
      vertex 4.59219 11.0865 1.2
      vertex 4.82768 10.9704 0
      vertex 4.59219 11.0865 0
    endloop
  endfacet
  facet normal 0.321465 0.946921 -0
    outer loop
      vertex 4.59219 11.0865 0
      vertex 3.10582 11.5911 1.2
      vertex 4.59219 11.0865 1.2
    endloop
  endfacet
  facet normal 0.321465 0.946921 0
    outer loop
      vertex 3.10582 11.5911 1.2
      vertex 4.59219 11.0865 0
      vertex 3.10582 11.5911 0
    endloop
  endfacet
  facet normal 0.195072 0.980789 -0
    outer loop
      vertex 3.10582 11.5911 0
      vertex 1.5663 11.8973 1.2
      vertex 3.10582 11.5911 1.2
    endloop
  endfacet
  facet normal 0.195072 0.980789 0
    outer loop
      vertex 1.5663 11.8973 1.2
      vertex 3.10582 11.5911 0
      vertex 1.5663 11.8973 0
    endloop
  endfacet
  facet normal 0.065428 0.997857 -0
    outer loop
      vertex 1.5663 11.8973 0
      vertex 0 12 1.2
      vertex 1.5663 11.8973 1.2
    endloop
  endfacet
  facet normal 0.065428 0.997857 0
    outer loop
      vertex 0 12 1.2
      vertex 1.5663 11.8973 0
      vertex 0 12 0
    endloop
  endfacet
  facet normal -0.065428 0.997857 0
    outer loop
      vertex 0 12 0
      vertex -1.5663 11.8973 1.2
      vertex 0 12 1.2
    endloop
  endfacet
  facet normal -0.065428 0.997857 0
    outer loop
      vertex -1.5663 11.8973 1.2
      vertex 0 12 0
      vertex -1.5663 11.8973 0
    endloop
  endfacet
  facet normal -0.195072 0.980789 0
    outer loop
      vertex -1.5663 11.8973 0
      vertex -3.10582 11.5911 1.2
      vertex -1.5663 11.8973 1.2
    endloop
  endfacet
  facet normal -0.195072 0.980789 0
    outer loop
      vertex -3.10582 11.5911 1.2
      vertex -1.5663 11.8973 0
      vertex -3.10582 11.5911 0
    endloop
  endfacet
  facet normal -0.321465 0.946921 0
    outer loop
      vertex -3.10582 11.5911 0
      vertex -4.59219 11.0865 1.2
      vertex -3.10582 11.5911 1.2
    endloop
  endfacet
  facet normal -0.321465 0.946921 0
    outer loop
      vertex -4.59219 11.0865 1.2
      vertex -3.10582 11.5911 0
      vertex -4.59219 11.0865 0
    endloop
  endfacet
  facet normal -0.442194 0.896919 0
    outer loop
      vertex -4.59219 11.0865 0
      vertex -4.82768 10.9704 1.2
      vertex -4.59219 11.0865 1.2
    endloop
  endfacet
  facet normal -0.442194 0.896919 0
    outer loop
      vertex -4.82768 10.9704 1.2
      vertex -4.59219 11.0865 0
      vertex -4.82768 10.9704 0
    endloop
  endfacet
  facet normal -0.55557 0.83147 0
    outer loop
      vertex -7.08682 9.6661 0
      vertex -7.30513 9.52023 1.2
      vertex -7.08682 9.6661 1.2
    endloop
  endfacet
  facet normal -0.55557 0.83147 0
    outer loop
      vertex -7.30513 9.52023 1.2
      vertex -7.08682 9.6661 0
      vertex -7.30513 9.52023 0
    endloop
  endfacet
  facet normal -0.659341 0.751844 0
    outer loop
      vertex -7.30513 9.52023 0
      vertex -8.48528 8.48528 1.2
      vertex -7.30513 9.52023 1.2
    endloop
  endfacet
  facet normal -0.659341 0.751844 0
    outer loop
      vertex -8.48528 8.48528 1.2
      vertex -7.30513 9.52023 0
      vertex -8.48528 8.48528 0
    endloop
  endfacet
  facet normal -0.751844 0.659341 0
    outer loop
      vertex -9.52023 7.30513 0
      vertex -8.48528 8.48528 1.2
      vertex -8.48528 8.48528 0
    endloop
  endfacet
  facet normal -0.751844 0.659341 0
    outer loop
      vertex -8.48528 8.48528 1.2
      vertex -9.52023 7.30513 0
      vertex -9.52023 7.30513 1.2
    endloop
  endfacet
  facet normal -0.831467 0.555575 0
    outer loop
      vertex -10.3923 6 0
      vertex -9.52023 7.30513 1.2
      vertex -9.52023 7.30513 0
    endloop
  endfacet
  facet normal -0.831467 0.555575 0
    outer loop
      vertex -9.52023 7.30513 1.2
      vertex -10.3923 6 0
      vertex -10.3923 6 1.2
    endloop
  endfacet
  facet normal -0.896887 0.44226 0
    outer loop
      vertex -11.0865 4.59219 0
      vertex -10.3923 6 1.2
      vertex -10.3923 6 0
    endloop
  endfacet
  facet normal -0.896887 0.44226 0
    outer loop
      vertex -10.3923 6 1.2
      vertex -11.0865 4.59219 0
      vertex -11.0865 4.59219 1.2
    endloop
  endfacet
  facet normal -0.946921 0.321465 0
    outer loop
      vertex -11.5911 3.10582 0
      vertex -11.0865 4.59219 1.2
      vertex -11.0865 4.59219 0
    endloop
  endfacet
  facet normal -0.946921 0.321465 0
    outer loop
      vertex -11.0865 4.59219 1.2
      vertex -11.5911 3.10582 0
      vertex -11.5911 3.10582 1.2
    endloop
  endfacet
  facet normal -0.980789 0.195072 0
    outer loop
      vertex -11.8973 1.5663 0
      vertex -11.5911 3.10582 1.2
      vertex -11.5911 3.10582 0
    endloop
  endfacet
  facet normal -0.980789 0.195072 0
    outer loop
      vertex -11.5911 3.10582 1.2
      vertex -11.8973 1.5663 0
      vertex -11.8973 1.5663 1.2
    endloop
  endfacet
  facet normal -0.997852 0.0655103 0
    outer loop
      vertex -11.9145 1.30431 0
      vertex -11.8973 1.5663 1.2
      vertex -11.8973 1.5663 0
    endloop
  endfacet
  facet normal -0.997852 0.0655103 0
    outer loop
      vertex -11.8973 1.5663 1.2
      vertex -11.9145 1.30431 0
      vertex -11.9145 1.30431 1.2
    endloop
  endfacet
  facet normal -0.997852 -0.0655103 0
    outer loop
      vertex -11.8973 -1.5663 0
      vertex -11.9145 -1.30431 1.2
      vertex -11.9145 -1.30431 0
    endloop
  endfacet
  facet normal -0.997852 -0.0655103 0
    outer loop
      vertex -11.9145 -1.30431 1.2
      vertex -11.8973 -1.5663 0
      vertex -11.8973 -1.5663 1.2
    endloop
  endfacet
  facet normal -0.980789 -0.195072 0
    outer loop
      vertex -11.5911 -3.10582 0
      vertex -11.8973 -1.5663 1.2
      vertex -11.8973 -1.5663 0
    endloop
  endfacet
  facet normal -0.980789 -0.195072 0
    outer loop
      vertex -11.8973 -1.5663 1.2
      vertex -11.5911 -3.10582 0
      vertex -11.5911 -3.10582 1.2
    endloop
  endfacet
  facet normal -0.946921 -0.321465 0
    outer loop
      vertex -11.0865 -4.59219 0
      vertex -11.5911 -3.10582 1.2
      vertex -11.5911 -3.10582 0
    endloop
  endfacet
  facet normal -0.946921 -0.321465 0
    outer loop
      vertex -11.5911 -3.10582 1.2
      vertex -11.0865 -4.59219 0
      vertex -11.0865 -4.59219 1.2
    endloop
  endfacet
  facet normal -0.896887 -0.44226 0
    outer loop
      vertex -10.3923 -6 0
      vertex -11.0865 -4.59219 1.2
      vertex -11.0865 -4.59219 0
    endloop
  endfacet
  facet normal -0.896887 -0.44226 0
    outer loop
      vertex -11.0865 -4.59219 1.2
      vertex -10.3923 -6 0
      vertex -10.3923 -6 1.2
    endloop
  endfacet
  facet normal -0.831467 -0.555575 0
    outer loop
      vertex -9.52023 -7.30513 0
      vertex -10.3923 -6 1.2
      vertex -10.3923 -6 0
    endloop
  endfacet
  facet normal -0.831467 -0.555575 0
    outer loop
      vertex -10.3923 -6 1.2
      vertex -9.52023 -7.30513 0
      vertex -9.52023 -7.30513 1.2
    endloop
  endfacet
  facet normal -0.751844 -0.659341 0
    outer loop
      vertex -8.48528 -8.48528 0
      vertex -9.52023 -7.30513 1.2
      vertex -9.52023 -7.30513 0
    endloop
  endfacet
  facet normal -0.751844 -0.659341 0
    outer loop
      vertex -9.52023 -7.30513 1.2
      vertex -8.48528 -8.48528 0
      vertex -8.48528 -8.48528 1.2
    endloop
  endfacet
  facet normal -0.659341 -0.751844 0
    outer loop
      vertex -8.48528 -8.48528 0
      vertex -7.30513 -9.52023 1.2
      vertex -8.48528 -8.48528 1.2
    endloop
  endfacet
  facet normal -0.659341 -0.751844 -0
    outer loop
      vertex -7.30513 -9.52023 1.2
      vertex -8.48528 -8.48528 0
      vertex -7.30513 -9.52023 0
    endloop
  endfacet
  facet normal -0.55557 -0.83147 0
    outer loop
      vertex -7.30513 -9.52023 0
      vertex -7.08682 -9.6661 1.2
      vertex -7.30513 -9.52023 1.2
    endloop
  endfacet
  facet normal -0.55557 -0.83147 -0
    outer loop
      vertex -7.08682 -9.6661 1.2
      vertex -7.30513 -9.52023 0
      vertex -7.08682 -9.6661 0
    endloop
  endfacet
  facet normal -0.442194 -0.896919 0
    outer loop
      vertex -4.82768 -10.9704 0
      vertex -4.59219 -11.0865 1.2
      vertex -4.82768 -10.9704 1.2
    endloop
  endfacet
  facet normal -0.442194 -0.896919 -0
    outer loop
      vertex -4.59219 -11.0865 1.2
      vertex -4.82768 -10.9704 0
      vertex -4.59219 -11.0865 0
    endloop
  endfacet
  facet normal -0.321465 -0.946921 0
    outer loop
      vertex -4.59219 -11.0865 0
      vertex -3.10582 -11.5911 1.2
      vertex -4.59219 -11.0865 1.2
    endloop
  endfacet
  facet normal -0.321465 -0.946921 -0
    outer loop
      vertex -3.10582 -11.5911 1.2
      vertex -4.59219 -11.0865 0
      vertex -3.10582 -11.5911 0
    endloop
  endfacet
  facet normal -0.195072 -0.980789 0
    outer loop
      vertex -3.10582 -11.5911 0
      vertex -1.5663 -11.8973 1.2
      vertex -3.10582 -11.5911 1.2
    endloop
  endfacet
  facet normal -0.195072 -0.980789 -0
    outer loop
      vertex -1.5663 -11.8973 1.2
      vertex -3.10582 -11.5911 0
      vertex -1.5663 -11.8973 0
    endloop
  endfacet
  facet normal -0.065428 -0.997857 0
    outer loop
      vertex -1.5663 -11.8973 0
      vertex 0 -12 1.2
      vertex -1.5663 -11.8973 1.2
    endloop
  endfacet
  facet normal -0.065428 -0.997857 -0
    outer loop
      vertex 0 -12 1.2
      vertex -1.5663 -11.8973 0
      vertex 0 -12 0
    endloop
  endfacet
  facet normal 0.065428 -0.997857 0
    outer loop
      vertex 0 -12 0
      vertex 1.5663 -11.8973 1.2
      vertex 0 -12 1.2
    endloop
  endfacet
  facet normal 0.065428 -0.997857 0
    outer loop
      vertex 1.5663 -11.8973 1.2
      vertex 0 -12 0
      vertex 1.5663 -11.8973 0
    endloop
  endfacet
  facet normal 0.195082 0.980787 -0
    outer loop
      vertex -1.17473 -8.92299 0
      vertex -2.32936 -8.69333 1.2
      vertex -1.17473 -8.92299 1.2
    endloop
  endfacet
  facet normal 0.195082 0.980787 0
    outer loop
      vertex -2.32936 -8.69333 1.2
      vertex -1.17473 -8.92299 0
      vertex -2.32936 -8.69333 0
    endloop
  endfacet
  facet normal 0.321442 0.946929 -0
    outer loop
      vertex -2.32936 -8.69333 0
      vertex -3.44414 -8.31491 1.2
      vertex -2.32936 -8.69333 1.2
    endloop
  endfacet
  facet normal 0.321442 0.946929 0
    outer loop
      vertex -3.44414 -8.31491 1.2
      vertex -2.32936 -8.69333 0
      vertex -3.44414 -8.31491 0
    endloop
  endfacet
  facet normal 0.44228 0.896877 -0
    outer loop
      vertex -3.44414 -8.31491 0
      vertex -3.87084 -8.10449 1.2
      vertex -3.44414 -8.31491 1.2
    endloop
  endfacet
  facet normal 0.44228 0.896877 0
    outer loop
      vertex -3.87084 -8.10449 1.2
      vertex -3.44414 -8.31491 0
      vertex -3.87084 -8.10449 0
    endloop
  endfacet
  facet normal 0.555573 0.831468 -0
    outer loop
      vertex -5.08327 -7.40449 0
      vertex -5.47885 -7.14017 1.2
      vertex -5.08327 -7.40449 1.2
    endloop
  endfacet
  facet normal 0.555573 0.831468 0
    outer loop
      vertex -5.47885 -7.14017 1.2
      vertex -5.08327 -7.40449 0
      vertex -5.47885 -7.14017 0
    endloop
  endfacet
  facet normal 0.65935 0.751836 -0
    outer loop
      vertex -5.47885 -7.14017 0
      vertex -6.36395 -6.36395 1.2
      vertex -5.47885 -7.14017 1.2
    endloop
  endfacet
  facet normal 0.65935 0.751836 0
    outer loop
      vertex -6.36395 -6.36395 1.2
      vertex -5.47885 -7.14017 0
      vertex -6.36395 -6.36395 0
    endloop
  endfacet
  facet normal 0.751836 0.65935 0
    outer loop
      vertex -6.36395 -6.36395 1.2
      vertex -7.14017 -5.47885 0
      vertex -7.14017 -5.47885 1.2
    endloop
  endfacet
  facet normal 0.751836 0.65935 0
    outer loop
      vertex -7.14017 -5.47885 0
      vertex -6.36395 -6.36395 1.2
      vertex -6.36395 -6.36395 0
    endloop
  endfacet
  facet normal 0.831468 0.555572 0
    outer loop
      vertex -7.14017 -5.47885 1.2
      vertex -7.79422 -4.5 0
      vertex -7.79422 -4.5 1.2
    endloop
  endfacet
  facet normal 0.831468 0.555572 0
    outer loop
      vertex -7.79422 -4.5 0
      vertex -7.14017 -5.47885 1.2
      vertex -7.14017 -5.47885 0
    endloop
  endfacet
  facet normal 0.896874 0.442287 0
    outer loop
      vertex -7.79422 -4.5 1.2
      vertex -8.31491 -3.44414 0
      vertex -8.31491 -3.44414 1.2
    endloop
  endfacet
  facet normal 0.896874 0.442287 0
    outer loop
      vertex -8.31491 -3.44414 0
      vertex -7.79422 -4.5 1.2
      vertex -7.79422 -4.5 0
    endloop
  endfacet
  facet normal 0.946929 0.321442 0
    outer loop
      vertex -8.31491 -3.44414 1.2
      vertex -8.69333 -2.32936 0
      vertex -8.69333 -2.32936 1.2
    endloop
  endfacet
  facet normal 0.946929 0.321442 0
    outer loop
      vertex -8.69333 -2.32936 0
      vertex -8.31491 -3.44414 1.2
      vertex -8.31491 -3.44414 0
    endloop
  endfacet
  facet normal 0.980787 0.195082 0
    outer loop
      vertex -8.69333 -2.32936 1.2
      vertex -8.92299 -1.17473 0
      vertex -8.92299 -1.17473 1.2
    endloop
  endfacet
  facet normal 0.980787 0.195082 0
    outer loop
      vertex -8.92299 -1.17473 0
      vertex -8.69333 -2.32936 1.2
      vertex -8.69333 -2.32936 0
    endloop
  endfacet
  facet normal 0.997858 0.0654151 0
    outer loop
      vertex -8.92299 -1.17473 1.2
      vertex -9 0 0
      vertex -9 0 1.2
    endloop
  endfacet
  facet normal 0.997858 0.0654151 0
    outer loop
      vertex -9 0 0
      vertex -8.92299 -1.17473 1.2
      vertex -8.92299 -1.17473 0
    endloop
  endfacet
  facet normal 0.997858 -0.0654151 0
    outer loop
      vertex -9 0 1.2
      vertex -8.92299 1.17473 0
      vertex -8.92299 1.17473 1.2
    endloop
  endfacet
  facet normal 0.997858 -0.0654151 0
    outer loop
      vertex -8.92299 1.17473 0
      vertex -9 0 1.2
      vertex -9 0 0
    endloop
  endfacet
  facet normal 0.980787 -0.195082 0
    outer loop
      vertex -8.92299 1.17473 1.2
      vertex -8.69333 2.32936 0
      vertex -8.69333 2.32936 1.2
    endloop
  endfacet
  facet normal 0.980787 -0.195082 0
    outer loop
      vertex -8.69333 2.32936 0
      vertex -8.92299 1.17473 1.2
      vertex -8.92299 1.17473 0
    endloop
  endfacet
  facet normal 0.946929 -0.321442 0
    outer loop
      vertex -8.69333 2.32936 1.2
      vertex -8.31491 3.44414 0
      vertex -8.31491 3.44414 1.2
    endloop
  endfacet
  facet normal 0.946929 -0.321442 0
    outer loop
      vertex -8.31491 3.44414 0
      vertex -8.69333 2.32936 1.2
      vertex -8.69333 2.32936 0
    endloop
  endfacet
  facet normal 0.896874 -0.442287 0
    outer loop
      vertex -8.31491 3.44414 1.2
      vertex -7.79422 4.5 0
      vertex -7.79422 4.5 1.2
    endloop
  endfacet
  facet normal 0.896874 -0.442287 0
    outer loop
      vertex -7.79422 4.5 0
      vertex -8.31491 3.44414 1.2
      vertex -8.31491 3.44414 0
    endloop
  endfacet
  facet normal 0.831468 -0.555572 0
    outer loop
      vertex -7.79422 4.5 1.2
      vertex -7.14017 5.47885 0
      vertex -7.14017 5.47885 1.2
    endloop
  endfacet
  facet normal 0.831468 -0.555572 0
    outer loop
      vertex -7.14017 5.47885 0
      vertex -7.79422 4.5 1.2
      vertex -7.79422 4.5 0
    endloop
  endfacet
  facet normal 0.751836 -0.65935 0
    outer loop
      vertex -7.14017 5.47885 1.2
      vertex -6.36395 6.36395 0
      vertex -6.36395 6.36395 1.2
    endloop
  endfacet
  facet normal 0.751836 -0.65935 0
    outer loop
      vertex -6.36395 6.36395 0
      vertex -7.14017 5.47885 1.2
      vertex -7.14017 5.47885 0
    endloop
  endfacet
  facet normal 0.65935 -0.751836 0
    outer loop
      vertex -6.36395 6.36395 0
      vertex -5.47885 7.14017 1.2
      vertex -6.36395 6.36395 1.2
    endloop
  endfacet
  facet normal 0.65935 -0.751836 0
    outer loop
      vertex -5.47885 7.14017 1.2
      vertex -6.36395 6.36395 0
      vertex -5.47885 7.14017 0
    endloop
  endfacet
  facet normal 0.555573 -0.831468 0
    outer loop
      vertex -5.47885 7.14017 0
      vertex -5.08327 7.40449 1.2
      vertex -5.47885 7.14017 1.2
    endloop
  endfacet
  facet normal 0.555573 -0.831468 0
    outer loop
      vertex -5.08327 7.40449 1.2
      vertex -5.47885 7.14017 0
      vertex -5.08327 7.40449 0
    endloop
  endfacet
  facet normal 0.44228 -0.896877 0
    outer loop
      vertex -3.87084 8.10449 0
      vertex -3.44414 8.31491 1.2
      vertex -3.87084 8.10449 1.2
    endloop
  endfacet
  facet normal 0.44228 -0.896877 0
    outer loop
      vertex -3.44414 8.31491 1.2
      vertex -3.87084 8.10449 0
      vertex -3.44414 8.31491 0
    endloop
  endfacet
  facet normal 0.321442 -0.946929 0
    outer loop
      vertex -3.44414 8.31491 0
      vertex -2.32936 8.69333 1.2
      vertex -3.44414 8.31491 1.2
    endloop
  endfacet
  facet normal 0.321442 -0.946929 0
    outer loop
      vertex -2.32936 8.69333 1.2
      vertex -3.44414 8.31491 0
      vertex -2.32936 8.69333 0
    endloop
  endfacet
  facet normal 0.195082 -0.980787 0
    outer loop
      vertex -2.32936 8.69333 0
      vertex -1.17473 8.92299 1.2
      vertex -2.32936 8.69333 1.2
    endloop
  endfacet
  facet normal 0.195082 -0.980787 0
    outer loop
      vertex -1.17473 8.92299 1.2
      vertex -2.32936 8.69333 0
      vertex -1.17473 8.92299 0
    endloop
  endfacet
  facet normal 0.0654151 -0.997858 0
    outer loop
      vertex -1.17473 8.92299 0
      vertex 0 9 1.2
      vertex -1.17473 8.92299 1.2
    endloop
  endfacet
  facet normal 0.0654151 -0.997858 0
    outer loop
      vertex 0 9 1.2
      vertex -1.17473 8.92299 0
      vertex 0 9 0
    endloop
  endfacet
  facet normal -0.0654151 -0.997858 0
    outer loop
      vertex 0 9 0
      vertex 1.17473 8.92299 1.2
      vertex 0 9 1.2
    endloop
  endfacet
  facet normal -0.0654151 -0.997858 -0
    outer loop
      vertex 1.17473 8.92299 1.2
      vertex 0 9 0
      vertex 1.17473 8.92299 0
    endloop
  endfacet
  facet normal -0.195082 -0.980787 0
    outer loop
      vertex 1.17473 8.92299 0
      vertex 2.32936 8.69333 1.2
      vertex 1.17473 8.92299 1.2
    endloop
  endfacet
  facet normal -0.195082 -0.980787 -0
    outer loop
      vertex 2.32936 8.69333 1.2
      vertex 1.17473 8.92299 0
      vertex 2.32936 8.69333 0
    endloop
  endfacet
  facet normal -0.321442 -0.946929 0
    outer loop
      vertex 2.32936 8.69333 0
      vertex 3.44414 8.31491 1.2
      vertex 2.32936 8.69333 1.2
    endloop
  endfacet
  facet normal -0.321442 -0.946929 -0
    outer loop
      vertex 3.44414 8.31491 1.2
      vertex 2.32936 8.69333 0
      vertex 3.44414 8.31491 0
    endloop
  endfacet
  facet normal -0.442287 -0.896874 0
    outer loop
      vertex 3.44414 8.31491 0
      vertex 4.5 7.79422 1.2
      vertex 3.44414 8.31491 1.2
    endloop
  endfacet
  facet normal -0.442287 -0.896874 -0
    outer loop
      vertex 4.5 7.79422 1.2
      vertex 3.44414 8.31491 0
      vertex 4.5 7.79422 0
    endloop
  endfacet
  facet normal -0.555572 -0.831468 0
    outer loop
      vertex 4.5 7.79422 0
      vertex 5.47885 7.14017 1.2
      vertex 4.5 7.79422 1.2
    endloop
  endfacet
  facet normal -0.555572 -0.831468 -0
    outer loop
      vertex 5.47885 7.14017 1.2
      vertex 4.5 7.79422 0
      vertex 5.47885 7.14017 0
    endloop
  endfacet
  facet normal -0.65935 -0.751836 0
    outer loop
      vertex 5.47885 7.14017 0
      vertex 6.36395 6.36395 1.2
      vertex 5.47885 7.14017 1.2
    endloop
  endfacet
  facet normal -0.65935 -0.751836 -0
    outer loop
      vertex 6.36395 6.36395 1.2
      vertex 5.47885 7.14017 0
      vertex 6.36395 6.36395 0
    endloop
  endfacet
  facet normal -0.751836 -0.65935 0
    outer loop
      vertex 7.14017 5.47885 0
      vertex 6.36395 6.36395 1.2
      vertex 6.36395 6.36395 0
    endloop
  endfacet
  facet normal -0.751836 -0.65935 0
    outer loop
      vertex 6.36395 6.36395 1.2
      vertex 7.14017 5.47885 0
      vertex 7.14017 5.47885 1.2
    endloop
  endfacet
  facet normal -0.831468 -0.555572 0
    outer loop
      vertex 7.79422 4.5 0
      vertex 7.14017 5.47885 1.2
      vertex 7.14017 5.47885 0
    endloop
  endfacet
  facet normal -0.831468 -0.555572 0
    outer loop
      vertex 7.14017 5.47885 1.2
      vertex 7.79422 4.5 0
      vertex 7.79422 4.5 1.2
    endloop
  endfacet
  facet normal -0.896874 -0.442287 0
    outer loop
      vertex 8.31491 3.44414 0
      vertex 7.79422 4.5 1.2
      vertex 7.79422 4.5 0
    endloop
  endfacet
  facet normal -0.896874 -0.442287 0
    outer loop
      vertex 7.79422 4.5 1.2
      vertex 8.31491 3.44414 0
      vertex 8.31491 3.44414 1.2
    endloop
  endfacet
  facet normal -0.946929 -0.321442 0
    outer loop
      vertex 8.69333 2.32936 0
      vertex 8.31491 3.44414 1.2
      vertex 8.31491 3.44414 0
    endloop
  endfacet
  facet normal -0.946929 -0.321442 0
    outer loop
      vertex 8.31491 3.44414 1.2
      vertex 8.69333 2.32936 0
      vertex 8.69333 2.32936 1.2
    endloop
  endfacet
  facet normal -0.980787 -0.195082 0
    outer loop
      vertex 8.92299 1.17473 0
      vertex 8.69333 2.32936 1.2
      vertex 8.69333 2.32936 0
    endloop
  endfacet
  facet normal -0.980787 -0.195082 0
    outer loop
      vertex 8.69333 2.32936 1.2
      vertex 8.92299 1.17473 0
      vertex 8.92299 1.17473 1.2
    endloop
  endfacet
  facet normal -0.997858 -0.0654127 0
    outer loop
      vertex 8.95411 0.7 0
      vertex 8.92299 1.17473 1.2
      vertex 8.92299 1.17473 0
    endloop
  endfacet
  facet normal -0.997858 -0.0654127 0
    outer loop
      vertex 8.92299 1.17473 1.2
      vertex 8.95411 0.7 0
      vertex 8.95411 0.7 1.2
    endloop
  endfacet
  facet normal -0.997858 0.0654127 0
    outer loop
      vertex 8.92299 -1.17473 0
      vertex 8.95411 -0.7 1.2
      vertex 8.95411 -0.7 0
    endloop
  endfacet
  facet normal -0.997858 0.0654127 0
    outer loop
      vertex 8.95411 -0.7 1.2
      vertex 8.92299 -1.17473 0
      vertex 8.92299 -1.17473 1.2
    endloop
  endfacet
  facet normal -0.980787 0.195082 0
    outer loop
      vertex 8.69333 -2.32936 0
      vertex 8.92299 -1.17473 1.2
      vertex 8.92299 -1.17473 0
    endloop
  endfacet
  facet normal -0.980787 0.195082 0
    outer loop
      vertex 8.92299 -1.17473 1.2
      vertex 8.69333 -2.32936 0
      vertex 8.69333 -2.32936 1.2
    endloop
  endfacet
  facet normal -0.946929 0.321442 0
    outer loop
      vertex 8.31491 -3.44414 0
      vertex 8.69333 -2.32936 1.2
      vertex 8.69333 -2.32936 0
    endloop
  endfacet
  facet normal -0.946929 0.321442 0
    outer loop
      vertex 8.69333 -2.32936 1.2
      vertex 8.31491 -3.44414 0
      vertex 8.31491 -3.44414 1.2
    endloop
  endfacet
  facet normal -0.896874 0.442287 0
    outer loop
      vertex 7.79422 -4.5 0
      vertex 8.31491 -3.44414 1.2
      vertex 8.31491 -3.44414 0
    endloop
  endfacet
  facet normal -0.896874 0.442287 0
    outer loop
      vertex 8.31491 -3.44414 1.2
      vertex 7.79422 -4.5 0
      vertex 7.79422 -4.5 1.2
    endloop
  endfacet
  facet normal -0.831468 0.555572 0
    outer loop
      vertex 7.14017 -5.47885 0
      vertex 7.79422 -4.5 1.2
      vertex 7.79422 -4.5 0
    endloop
  endfacet
  facet normal -0.831468 0.555572 0
    outer loop
      vertex 7.79422 -4.5 1.2
      vertex 7.14017 -5.47885 0
      vertex 7.14017 -5.47885 1.2
    endloop
  endfacet
  facet normal -0.751836 0.65935 0
    outer loop
      vertex 6.36395 -6.36395 0
      vertex 7.14017 -5.47885 1.2
      vertex 7.14017 -5.47885 0
    endloop
  endfacet
  facet normal -0.751836 0.65935 0
    outer loop
      vertex 7.14017 -5.47885 1.2
      vertex 6.36395 -6.36395 0
      vertex 6.36395 -6.36395 1.2
    endloop
  endfacet
  facet normal -0.65935 0.751836 0
    outer loop
      vertex 6.36395 -6.36395 0
      vertex 5.47885 -7.14017 1.2
      vertex 6.36395 -6.36395 1.2
    endloop
  endfacet
  facet normal -0.65935 0.751836 0
    outer loop
      vertex 5.47885 -7.14017 1.2
      vertex 6.36395 -6.36395 0
      vertex 5.47885 -7.14017 0
    endloop
  endfacet
  facet normal -0.555572 0.831468 0
    outer loop
      vertex 5.47885 -7.14017 0
      vertex 4.5 -7.79422 1.2
      vertex 5.47885 -7.14017 1.2
    endloop
  endfacet
  facet normal -0.555572 0.831468 0
    outer loop
      vertex 4.5 -7.79422 1.2
      vertex 5.47885 -7.14017 0
      vertex 4.5 -7.79422 0
    endloop
  endfacet
  facet normal -0.442287 0.896874 0
    outer loop
      vertex 4.5 -7.79422 0
      vertex 3.44414 -8.31491 1.2
      vertex 4.5 -7.79422 1.2
    endloop
  endfacet
  facet normal -0.442287 0.896874 0
    outer loop
      vertex 3.44414 -8.31491 1.2
      vertex 4.5 -7.79422 0
      vertex 3.44414 -8.31491 0
    endloop
  endfacet
  facet normal -0.321442 0.946929 0
    outer loop
      vertex 3.44414 -8.31491 0
      vertex 2.32936 -8.69333 1.2
      vertex 3.44414 -8.31491 1.2
    endloop
  endfacet
  facet normal -0.321442 0.946929 0
    outer loop
      vertex 2.32936 -8.69333 1.2
      vertex 3.44414 -8.31491 0
      vertex 2.32936 -8.69333 0
    endloop
  endfacet
  facet normal -0.195082 0.980787 0
    outer loop
      vertex 2.32936 -8.69333 0
      vertex 1.17473 -8.92299 1.2
      vertex 2.32936 -8.69333 1.2
    endloop
  endfacet
  facet normal -0.195082 0.980787 0
    outer loop
      vertex 1.17473 -8.92299 1.2
      vertex 2.32936 -8.69333 0
      vertex 1.17473 -8.92299 0
    endloop
  endfacet
  facet normal -0.0654151 0.997858 0
    outer loop
      vertex 1.17473 -8.92299 0
      vertex 0 -9 1.2
      vertex 1.17473 -8.92299 1.2
    endloop
  endfacet
  facet normal -0.0654151 0.997858 0
    outer loop
      vertex 0 -9 1.2
      vertex 1.17473 -8.92299 0
      vertex 0 -9 0
    endloop
  endfacet
  facet normal 0.0654151 0.997858 -0
    outer loop
      vertex 0 -9 0
      vertex -1.17473 -8.92299 1.2
      vertex 0 -9 1.2
    endloop
  endfacet
  facet normal 0.0654151 0.997858 0
    outer loop
      vertex -1.17473 -8.92299 1.2
      vertex 0 -9 0
      vertex -1.17473 -8.92299 0
    endloop
  endfacet
  facet normal 0.195078 -0.980788 0
    outer loop
      vertex 0.456833 -3.47005 0
      vertex 0.905853 -3.38074 1.2
      vertex 0.456833 -3.47005 1.2
    endloop
  endfacet
  facet normal 0.195078 -0.980788 0
    outer loop
      vertex 0.905853 -3.38074 1.2
      vertex 0.456833 -3.47005 0
      vertex 0.905853 -3.38074 0
    endloop
  endfacet
  facet normal 0.321447 -0.946927 0
    outer loop
      vertex 0.905853 -3.38074 0
      vertex 1.33939 -3.23357 1.2
      vertex 0.905853 -3.38074 1.2
    endloop
  endfacet
  facet normal 0.321447 -0.946927 0
    outer loop
      vertex 1.33939 -3.23357 1.2
      vertex 0.905853 -3.38074 0
      vertex 1.33939 -3.23357 0
    endloop
  endfacet
  facet normal 0.442288 -0.896873 0
    outer loop
      vertex 1.33939 -3.23357 0
      vertex 1.75 -3.03108 1.2
      vertex 1.33939 -3.23357 1.2
    endloop
  endfacet
  facet normal 0.442288 -0.896873 0
    outer loop
      vertex 1.75 -3.03108 1.2
      vertex 1.33939 -3.23357 0
      vertex 1.75 -3.03108 0
    endloop
  endfacet
  facet normal 0.555572 -0.831468 0
    outer loop
      vertex 1.75 -3.03108 0
      vertex 2.13066 -2.77673 1.2
      vertex 1.75 -3.03108 1.2
    endloop
  endfacet
  facet normal 0.555572 -0.831468 0
    outer loop
      vertex 2.13066 -2.77673 1.2
      vertex 1.75 -3.03108 0
      vertex 2.13066 -2.77673 0
    endloop
  endfacet
  facet normal 0.659341 -0.751844 0
    outer loop
      vertex 2.13066 -2.77673 0
      vertex 2.47487 -2.47487 1.2
      vertex 2.13066 -2.77673 1.2
    endloop
  endfacet
  facet normal 0.659341 -0.751844 0
    outer loop
      vertex 2.47487 -2.47487 1.2
      vertex 2.13066 -2.77673 0
      vertex 2.47487 -2.47487 0
    endloop
  endfacet
  facet normal 0.751844 -0.659341 0
    outer loop
      vertex 2.47487 -2.47487 1.2
      vertex 2.77673 -2.13066 0
      vertex 2.77673 -2.13066 1.2
    endloop
  endfacet
  facet normal 0.751844 -0.659341 0
    outer loop
      vertex 2.77673 -2.13066 0
      vertex 2.47487 -2.47487 1.2
      vertex 2.47487 -2.47487 0
    endloop
  endfacet
  facet normal 0.831468 -0.555572 0
    outer loop
      vertex 2.77673 -2.13066 1.2
      vertex 3.03108 -1.75 0
      vertex 3.03108 -1.75 1.2
    endloop
  endfacet
  facet normal 0.831468 -0.555572 0
    outer loop
      vertex 3.03108 -1.75 0
      vertex 2.77673 -2.13066 1.2
      vertex 2.77673 -2.13066 0
    endloop
  endfacet
  facet normal 0.896873 -0.442288 0
    outer loop
      vertex 3.03108 -1.75 1.2
      vertex 3.23357 -1.33939 0
      vertex 3.23357 -1.33939 1.2
    endloop
  endfacet
  facet normal 0.896873 -0.442288 0
    outer loop
      vertex 3.23357 -1.33939 0
      vertex 3.03108 -1.75 1.2
      vertex 3.03108 -1.75 0
    endloop
  endfacet
  facet normal 0.946927 -0.321447 0
    outer loop
      vertex 3.23357 -1.33939 1.2
      vertex 3.38074 -0.905853 0
      vertex 3.38074 -0.905853 1.2
    endloop
  endfacet
  facet normal 0.946927 -0.321447 0
    outer loop
      vertex 3.38074 -0.905853 0
      vertex 3.23357 -1.33939 1.2
      vertex 3.23357 -1.33939 0
    endloop
  endfacet
  facet normal 0.980791 -0.19506 0
    outer loop
      vertex 3.38074 -0.905853 1.2
      vertex 3.42168 -0.7 0
      vertex 3.42168 -0.7 1.2
    endloop
  endfacet
  facet normal 0.980791 -0.19506 0
    outer loop
      vertex 3.42168 -0.7 0
      vertex 3.38074 -0.905853 1.2
      vertex 3.38074 -0.905853 0
    endloop
  endfacet
  facet normal 0.980791 0.19506 0
    outer loop
      vertex 3.42168 0.7 1.2
      vertex 3.38074 0.905853 0
      vertex 3.38074 0.905853 1.2
    endloop
  endfacet
  facet normal 0.980791 0.19506 0
    outer loop
      vertex 3.38074 0.905853 0
      vertex 3.42168 0.7 1.2
      vertex 3.42168 0.7 0
    endloop
  endfacet
  facet normal 0.946927 0.321447 0
    outer loop
      vertex 3.38074 0.905853 1.2
      vertex 3.23357 1.33939 0
      vertex 3.23357 1.33939 1.2
    endloop
  endfacet
  facet normal 0.946927 0.321447 0
    outer loop
      vertex 3.23357 1.33939 0
      vertex 3.38074 0.905853 1.2
      vertex 3.38074 0.905853 0
    endloop
  endfacet
  facet normal 0.896873 0.442288 0
    outer loop
      vertex 3.23357 1.33939 1.2
      vertex 3.03108 1.75 0
      vertex 3.03108 1.75 1.2
    endloop
  endfacet
  facet normal 0.896873 0.442288 0
    outer loop
      vertex 3.03108 1.75 0
      vertex 3.23357 1.33939 1.2
      vertex 3.23357 1.33939 0
    endloop
  endfacet
  facet normal 0.831468 0.555572 0
    outer loop
      vertex 3.03108 1.75 1.2
      vertex 2.77673 2.13066 0
      vertex 2.77673 2.13066 1.2
    endloop
  endfacet
  facet normal 0.831468 0.555572 0
    outer loop
      vertex 2.77673 2.13066 0
      vertex 3.03108 1.75 1.2
      vertex 3.03108 1.75 0
    endloop
  endfacet
  facet normal 0.751844 0.659341 0
    outer loop
      vertex 2.77673 2.13066 1.2
      vertex 2.47487 2.47487 0
      vertex 2.47487 2.47487 1.2
    endloop
  endfacet
  facet normal 0.751844 0.659341 0
    outer loop
      vertex 2.47487 2.47487 0
      vertex 2.77673 2.13066 1.2
      vertex 2.77673 2.13066 0
    endloop
  endfacet
  facet normal 0.659341 0.751844 -0
    outer loop
      vertex 2.47487 2.47487 0
      vertex 2.13066 2.77673 1.2
      vertex 2.47487 2.47487 1.2
    endloop
  endfacet
  facet normal 0.659341 0.751844 0
    outer loop
      vertex 2.13066 2.77673 1.2
      vertex 2.47487 2.47487 0
      vertex 2.13066 2.77673 0
    endloop
  endfacet
  facet normal 0.555572 0.831468 -0
    outer loop
      vertex 2.13066 2.77673 0
      vertex 1.75 3.03108 1.2
      vertex 2.13066 2.77673 1.2
    endloop
  endfacet
  facet normal 0.555572 0.831468 0
    outer loop
      vertex 1.75 3.03108 1.2
      vertex 2.13066 2.77673 0
      vertex 1.75 3.03108 0
    endloop
  endfacet
  facet normal 0.442288 0.896873 -0
    outer loop
      vertex 1.75 3.03108 0
      vertex 1.33939 3.23357 1.2
      vertex 1.75 3.03108 1.2
    endloop
  endfacet
  facet normal 0.442288 0.896873 0
    outer loop
      vertex 1.33939 3.23357 1.2
      vertex 1.75 3.03108 0
      vertex 1.33939 3.23357 0
    endloop
  endfacet
  facet normal 0.321447 0.946927 -0
    outer loop
      vertex 1.33939 3.23357 0
      vertex 0.905853 3.38074 1.2
      vertex 1.33939 3.23357 1.2
    endloop
  endfacet
  facet normal 0.321447 0.946927 0
    outer loop
      vertex 0.905853 3.38074 1.2
      vertex 1.33939 3.23357 0
      vertex 0.905853 3.38074 0
    endloop
  endfacet
  facet normal 0.195078 0.980788 -0
    outer loop
      vertex 0.905853 3.38074 0
      vertex 0.456833 3.47005 1.2
      vertex 0.905853 3.38074 1.2
    endloop
  endfacet
  facet normal 0.195078 0.980788 0
    outer loop
      vertex 0.456833 3.47005 1.2
      vertex 0.905853 3.38074 0
      vertex 0.456833 3.47005 0
    endloop
  endfacet
  facet normal 0.0654196 0.997858 -0
    outer loop
      vertex 0.456833 3.47005 0
      vertex 0 3.5 1.2
      vertex 0.456833 3.47005 1.2
    endloop
  endfacet
  facet normal 0.0654196 0.997858 0
    outer loop
      vertex 0 3.5 1.2
      vertex 0.456833 3.47005 0
      vertex 0 3.5 0
    endloop
  endfacet
  facet normal -0.0654196 0.997858 0
    outer loop
      vertex 0 3.5 0
      vertex -0.456833 3.47005 1.2
      vertex 0 3.5 1.2
    endloop
  endfacet
  facet normal -0.0654196 0.997858 0
    outer loop
      vertex -0.456833 3.47005 1.2
      vertex 0 3.5 0
      vertex -0.456833 3.47005 0
    endloop
  endfacet
  facet normal -0.195078 0.980788 0
    outer loop
      vertex -0.456833 3.47005 0
      vertex -0.905853 3.38074 1.2
      vertex -0.456833 3.47005 1.2
    endloop
  endfacet
  facet normal -0.195078 0.980788 0
    outer loop
      vertex -0.905853 3.38074 1.2
      vertex -0.456833 3.47005 0
      vertex -0.905853 3.38074 0
    endloop
  endfacet
  facet normal -0.321472 0.946919 0
    outer loop
      vertex -0.905853 3.38074 0
      vertex -1.10462 3.31326 1.2
      vertex -0.905853 3.38074 1.2
    endloop
  endfacet
  facet normal -0.321472 0.946919 0
    outer loop
      vertex -1.10462 3.31326 1.2
      vertex -0.905853 3.38074 0
      vertex -1.10462 3.31326 0
    endloop
  endfacet
  facet normal -0.659358 0.75183 0
    outer loop
      vertex -2.31706 2.61327 0
      vertex -2.47487 2.47487 1.2
      vertex -2.31706 2.61327 1.2
    endloop
  endfacet
  facet normal -0.659358 0.75183 0
    outer loop
      vertex -2.47487 2.47487 1.2
      vertex -2.31706 2.61327 0
      vertex -2.47487 2.47487 0
    endloop
  endfacet
  facet normal -0.751844 0.659341 0
    outer loop
      vertex -2.77673 2.13066 0
      vertex -2.47487 2.47487 1.2
      vertex -2.47487 2.47487 0
    endloop
  endfacet
  facet normal -0.751844 0.659341 0
    outer loop
      vertex -2.47487 2.47487 1.2
      vertex -2.77673 2.13066 0
      vertex -2.77673 2.13066 1.2
    endloop
  endfacet
  facet normal -0.831468 0.555572 0
    outer loop
      vertex -3.03108 1.75 0
      vertex -2.77673 2.13066 1.2
      vertex -2.77673 2.13066 0
    endloop
  endfacet
  facet normal -0.831468 0.555572 0
    outer loop
      vertex -2.77673 2.13066 1.2
      vertex -3.03108 1.75 0
      vertex -3.03108 1.75 1.2
    endloop
  endfacet
  facet normal -0.896873 0.442288 0
    outer loop
      vertex -3.23357 1.33939 0
      vertex -3.03108 1.75 1.2
      vertex -3.03108 1.75 0
    endloop
  endfacet
  facet normal -0.896873 0.442288 0
    outer loop
      vertex -3.03108 1.75 1.2
      vertex -3.23357 1.33939 0
      vertex -3.23357 1.33939 1.2
    endloop
  endfacet
  facet normal -0.946927 0.321447 0
    outer loop
      vertex -3.38074 0.905853 0
      vertex -3.23357 1.33939 1.2
      vertex -3.23357 1.33939 0
    endloop
  endfacet
  facet normal -0.946927 0.321447 0
    outer loop
      vertex -3.23357 1.33939 1.2
      vertex -3.38074 0.905853 0
      vertex -3.38074 0.905853 1.2
    endloop
  endfacet
  facet normal -0.980788 0.195078 0
    outer loop
      vertex -3.47005 0.456833 0
      vertex -3.38074 0.905853 1.2
      vertex -3.38074 0.905853 0
    endloop
  endfacet
  facet normal -0.980788 0.195078 0
    outer loop
      vertex -3.38074 0.905853 1.2
      vertex -3.47005 0.456833 0
      vertex -3.47005 0.456833 1.2
    endloop
  endfacet
  facet normal -0.997858 0.0654196 0
    outer loop
      vertex -3.5 0 0
      vertex -3.47005 0.456833 1.2
      vertex -3.47005 0.456833 0
    endloop
  endfacet
  facet normal -0.997858 0.0654196 0
    outer loop
      vertex -3.47005 0.456833 1.2
      vertex -3.5 0 0
      vertex -3.5 0 1.2
    endloop
  endfacet
  facet normal -0.997858 -0.0654196 0
    outer loop
      vertex -3.47005 -0.456833 0
      vertex -3.5 0 1.2
      vertex -3.5 0 0
    endloop
  endfacet
  facet normal -0.997858 -0.0654196 0
    outer loop
      vertex -3.5 0 1.2
      vertex -3.47005 -0.456833 0
      vertex -3.47005 -0.456833 1.2
    endloop
  endfacet
  facet normal -0.980788 -0.195078 0
    outer loop
      vertex -3.38074 -0.905853 0
      vertex -3.47005 -0.456833 1.2
      vertex -3.47005 -0.456833 0
    endloop
  endfacet
  facet normal -0.980788 -0.195078 0
    outer loop
      vertex -3.47005 -0.456833 1.2
      vertex -3.38074 -0.905853 0
      vertex -3.38074 -0.905853 1.2
    endloop
  endfacet
  facet normal -0.946927 -0.321447 0
    outer loop
      vertex -3.23357 -1.33939 0
      vertex -3.38074 -0.905853 1.2
      vertex -3.38074 -0.905853 0
    endloop
  endfacet
  facet normal -0.946927 -0.321447 0
    outer loop
      vertex -3.38074 -0.905853 1.2
      vertex -3.23357 -1.33939 0
      vertex -3.23357 -1.33939 1.2
    endloop
  endfacet
  facet normal -0.896873 -0.442288 0
    outer loop
      vertex -3.03108 -1.75 0
      vertex -3.23357 -1.33939 1.2
      vertex -3.23357 -1.33939 0
    endloop
  endfacet
  facet normal -0.896873 -0.442288 0
    outer loop
      vertex -3.23357 -1.33939 1.2
      vertex -3.03108 -1.75 0
      vertex -3.03108 -1.75 1.2
    endloop
  endfacet
  facet normal -0.831468 -0.555572 0
    outer loop
      vertex -2.77673 -2.13066 0
      vertex -3.03108 -1.75 1.2
      vertex -3.03108 -1.75 0
    endloop
  endfacet
  facet normal -0.831468 -0.555572 0
    outer loop
      vertex -3.03108 -1.75 1.2
      vertex -2.77673 -2.13066 0
      vertex -2.77673 -2.13066 1.2
    endloop
  endfacet
  facet normal -0.751844 -0.659341 0
    outer loop
      vertex -2.47487 -2.47487 0
      vertex -2.77673 -2.13066 1.2
      vertex -2.77673 -2.13066 0
    endloop
  endfacet
  facet normal -0.751844 -0.659341 0
    outer loop
      vertex -2.77673 -2.13066 1.2
      vertex -2.47487 -2.47487 0
      vertex -2.47487 -2.47487 1.2
    endloop
  endfacet
  facet normal -0.659358 -0.75183 0
    outer loop
      vertex -2.47487 -2.47487 0
      vertex -2.31706 -2.61327 1.2
      vertex -2.47487 -2.47487 1.2
    endloop
  endfacet
  facet normal -0.659358 -0.75183 -0
    outer loop
      vertex -2.31706 -2.61327 1.2
      vertex -2.47487 -2.47487 0
      vertex -2.31706 -2.61327 0
    endloop
  endfacet
  facet normal -0.321472 -0.946919 0
    outer loop
      vertex -1.10462 -3.31326 0
      vertex -0.905853 -3.38074 1.2
      vertex -1.10462 -3.31326 1.2
    endloop
  endfacet
  facet normal -0.321472 -0.946919 -0
    outer loop
      vertex -0.905853 -3.38074 1.2
      vertex -1.10462 -3.31326 0
      vertex -0.905853 -3.38074 0
    endloop
  endfacet
  facet normal -0.195078 -0.980788 0
    outer loop
      vertex -0.905853 -3.38074 0
      vertex -0.456833 -3.47005 1.2
      vertex -0.905853 -3.38074 1.2
    endloop
  endfacet
  facet normal -0.195078 -0.980788 -0
    outer loop
      vertex -0.456833 -3.47005 1.2
      vertex -0.905853 -3.38074 0
      vertex -0.456833 -3.47005 0
    endloop
  endfacet
  facet normal -0.0654196 -0.997858 0
    outer loop
      vertex -0.456833 -3.47005 0
      vertex 0 -3.5 1.2
      vertex -0.456833 -3.47005 1.2
    endloop
  endfacet
  facet normal -0.0654196 -0.997858 -0
    outer loop
      vertex 0 -3.5 1.2
      vertex -0.456833 -3.47005 0
      vertex 0 -3.5 0
    endloop
  endfacet
  facet normal 0.0654196 -0.997858 0
    outer loop
      vertex 0 -3.5 0
      vertex 0.456833 -3.47005 1.2
      vertex 0 -3.5 1.2
    endloop
  endfacet
  facet normal 0.0654196 -0.997858 0
    outer loop
      vertex 0.456833 -3.47005 1.2
      vertex 0 -3.5 0
      vertex 0.456833 -3.47005 0
    endloop
  endfacet
  facet normal 0.195129 0.980778 -0
    outer loop
      vertex -0.352417 -2.6769 0
      vertex -0.697573 -2.60823 1.2
      vertex -0.352417 -2.6769 1.2
    endloop
  endfacet
  facet normal 0.195129 0.980778 0
    outer loop
      vertex -0.697573 -2.60823 1.2
      vertex -0.352417 -2.6769 0
      vertex -0.697573 -2.60823 0
    endloop
  endfacet
  facet normal 0.75184 0.659345 0
    outer loop
      vertex -1.91001 -1.90823 1.2
      vertex -2.14204 -1.64365 0
      vertex -2.14204 -1.64365 1.2
    endloop
  endfacet
  facet normal 0.75184 0.659345 0
    outer loop
      vertex -2.14204 -1.64365 0
      vertex -1.91001 -1.90823 1.2
      vertex -1.91001 -1.90823 0
    endloop
  endfacet
  facet normal 0.831466 0.555575 0
    outer loop
      vertex -2.14204 -1.64365 1.2
      vertex -2.33826 -1.34999 0
      vertex -2.33826 -1.34999 1.2
    endloop
  endfacet
  facet normal 0.831466 0.555575 0
    outer loop
      vertex -2.33826 -1.34999 0
      vertex -2.14204 -1.64365 1.2
      vertex -2.14204 -1.64365 0
    endloop
  endfacet
  facet normal 0.896883 0.442269 0
    outer loop
      vertex -2.33826 -1.34999 1.2
      vertex -2.49446 -1.03323 0
      vertex -2.49446 -1.03323 1.2
    endloop
  endfacet
  facet normal 0.896883 0.442269 0
    outer loop
      vertex -2.49446 -1.03323 0
      vertex -2.33826 -1.34999 1.2
      vertex -2.33826 -1.34999 0
    endloop
  endfacet
  facet normal 0.946923 0.321462 0
    outer loop
      vertex -2.49446 -1.03323 1.2
      vertex -2.60799 -0.698807 0
      vertex -2.60799 -0.698807 1.2
    endloop
  endfacet
  facet normal 0.946923 0.321462 0
    outer loop
      vertex -2.60799 -0.698807 0
      vertex -2.49446 -1.03323 1.2
      vertex -2.49446 -1.03323 0
    endloop
  endfacet
  facet normal 0.980781 0.195114 0
    outer loop
      vertex -2.60799 -0.698807 1.2
      vertex -2.6769 -0.352417 0
      vertex -2.6769 -0.352417 1.2
    endloop
  endfacet
  facet normal 0.980781 0.195114 0
    outer loop
      vertex -2.6769 -0.352417 0
      vertex -2.60799 -0.698807 1.2
      vertex -2.60799 -0.698807 0
    endloop
  endfacet
  facet normal 0.997859 0.065407 0
    outer loop
      vertex -2.6769 -0.352417 1.2
      vertex -2.7 0 0
      vertex -2.7 0 1.2
    endloop
  endfacet
  facet normal 0.997859 0.065407 0
    outer loop
      vertex -2.7 0 0
      vertex -2.6769 -0.352417 1.2
      vertex -2.6769 -0.352417 0
    endloop
  endfacet
  facet normal 0.997859 -0.065407 0
    outer loop
      vertex -2.7 0 1.2
      vertex -2.6769 0.352417 0
      vertex -2.6769 0.352417 1.2
    endloop
  endfacet
  facet normal 0.997859 -0.065407 0
    outer loop
      vertex -2.6769 0.352417 0
      vertex -2.7 0 1.2
      vertex -2.7 0 0
    endloop
  endfacet
  facet normal 0.980781 -0.195114 0
    outer loop
      vertex -2.6769 0.352417 1.2
      vertex -2.60799 0.698807 0
      vertex -2.60799 0.698807 1.2
    endloop
  endfacet
  facet normal 0.980781 -0.195114 0
    outer loop
      vertex -2.60799 0.698807 0
      vertex -2.6769 0.352417 1.2
      vertex -2.6769 0.352417 0
    endloop
  endfacet
  facet normal 0.946923 -0.321462 0
    outer loop
      vertex -2.60799 0.698807 1.2
      vertex -2.49446 1.03323 0
      vertex -2.49446 1.03323 1.2
    endloop
  endfacet
  facet normal 0.946923 -0.321462 0
    outer loop
      vertex -2.49446 1.03323 0
      vertex -2.60799 0.698807 1.2
      vertex -2.60799 0.698807 0
    endloop
  endfacet
  facet normal 0.896883 -0.442269 0
    outer loop
      vertex -2.49446 1.03323 1.2
      vertex -2.33826 1.34999 0
      vertex -2.33826 1.34999 1.2
    endloop
  endfacet
  facet normal 0.896883 -0.442269 0
    outer loop
      vertex -2.33826 1.34999 0
      vertex -2.49446 1.03323 1.2
      vertex -2.49446 1.03323 0
    endloop
  endfacet
  facet normal 0.831466 -0.555575 0
    outer loop
      vertex -2.33826 1.34999 1.2
      vertex -2.14204 1.64365 0
      vertex -2.14204 1.64365 1.2
    endloop
  endfacet
  facet normal 0.831466 -0.555575 0
    outer loop
      vertex -2.14204 1.64365 0
      vertex -2.33826 1.34999 1.2
      vertex -2.33826 1.34999 0
    endloop
  endfacet
  facet normal 0.75184 -0.659345 0
    outer loop
      vertex -2.14204 1.64365 1.2
      vertex -1.91001 1.90823 0
      vertex -1.91001 1.90823 1.2
    endloop
  endfacet
  facet normal 0.75184 -0.659345 0
    outer loop
      vertex -1.91001 1.90823 0
      vertex -2.14204 1.64365 1.2
      vertex -2.14204 1.64365 0
    endloop
  endfacet
  facet normal 0.195129 -0.980778 0
    outer loop
      vertex -0.697573 2.60823 0
      vertex -0.352417 2.6769 1.2
      vertex -0.697573 2.60823 1.2
    endloop
  endfacet
  facet normal 0.195129 -0.980778 0
    outer loop
      vertex -0.352417 2.6769 1.2
      vertex -0.697573 2.60823 0
      vertex -0.352417 2.6769 0
    endloop
  endfacet
  facet normal 0.065407 -0.997859 0
    outer loop
      vertex -0.352417 2.6769 0
      vertex 0 2.7 1.2
      vertex -0.352417 2.6769 1.2
    endloop
  endfacet
  facet normal 0.065407 -0.997859 0
    outer loop
      vertex 0 2.7 1.2
      vertex -0.352417 2.6769 0
      vertex 0 2.7 0
    endloop
  endfacet
  facet normal -0.065407 -0.997859 0
    outer loop
      vertex 0 2.7 0
      vertex 0.352417 2.6769 1.2
      vertex 0 2.7 1.2
    endloop
  endfacet
  facet normal -0.065407 -0.997859 -0
    outer loop
      vertex 0.352417 2.6769 1.2
      vertex 0 2.7 0
      vertex 0.352417 2.6769 0
    endloop
  endfacet
  facet normal -0.195114 -0.980781 0
    outer loop
      vertex 0.352417 2.6769 0
      vertex 0.698807 2.60799 1.2
      vertex 0.352417 2.6769 1.2
    endloop
  endfacet
  facet normal -0.195114 -0.980781 -0
    outer loop
      vertex 0.698807 2.60799 1.2
      vertex 0.352417 2.6769 0
      vertex 0.698807 2.60799 0
    endloop
  endfacet
  facet normal -0.321462 -0.946923 0
    outer loop
      vertex 0.698807 2.60799 0
      vertex 1.03323 2.49446 1.2
      vertex 0.698807 2.60799 1.2
    endloop
  endfacet
  facet normal -0.321462 -0.946923 -0
    outer loop
      vertex 1.03323 2.49446 1.2
      vertex 0.698807 2.60799 0
      vertex 1.03323 2.49446 0
    endloop
  endfacet
  facet normal -0.442269 -0.896883 0
    outer loop
      vertex 1.03323 2.49446 0
      vertex 1.34999 2.33826 1.2
      vertex 1.03323 2.49446 1.2
    endloop
  endfacet
  facet normal -0.442269 -0.896883 -0
    outer loop
      vertex 1.34999 2.33826 1.2
      vertex 1.03323 2.49446 0
      vertex 1.34999 2.33826 0
    endloop
  endfacet
  facet normal -0.555575 -0.831466 0
    outer loop
      vertex 1.34999 2.33826 0
      vertex 1.64365 2.14204 1.2
      vertex 1.34999 2.33826 1.2
    endloop
  endfacet
  facet normal -0.555575 -0.831466 -0
    outer loop
      vertex 1.64365 2.14204 1.2
      vertex 1.34999 2.33826 0
      vertex 1.64365 2.14204 0
    endloop
  endfacet
  facet normal -0.65934 -0.751845 0
    outer loop
      vertex 1.64365 2.14204 0
      vertex 1.90918 1.90918 1.2
      vertex 1.64365 2.14204 1.2
    endloop
  endfacet
  facet normal -0.65934 -0.751845 -0
    outer loop
      vertex 1.90918 1.90918 1.2
      vertex 1.64365 2.14204 0
      vertex 1.90918 1.90918 0
    endloop
  endfacet
  facet normal -0.751845 -0.65934 0
    outer loop
      vertex 2.14204 1.64365 0
      vertex 1.90918 1.90918 1.2
      vertex 1.90918 1.90918 0
    endloop
  endfacet
  facet normal -0.751845 -0.65934 0
    outer loop
      vertex 1.90918 1.90918 1.2
      vertex 2.14204 1.64365 0
      vertex 2.14204 1.64365 1.2
    endloop
  endfacet
  facet normal -0.831466 -0.555575 0
    outer loop
      vertex 2.33826 1.34999 0
      vertex 2.14204 1.64365 1.2
      vertex 2.14204 1.64365 0
    endloop
  endfacet
  facet normal -0.831466 -0.555575 0
    outer loop
      vertex 2.14204 1.64365 1.2
      vertex 2.33826 1.34999 0
      vertex 2.33826 1.34999 1.2
    endloop
  endfacet
  facet normal -0.896883 -0.442269 0
    outer loop
      vertex 2.49446 1.03323 0
      vertex 2.33826 1.34999 1.2
      vertex 2.33826 1.34999 0
    endloop
  endfacet
  facet normal -0.896883 -0.442269 0
    outer loop
      vertex 2.33826 1.34999 1.2
      vertex 2.49446 1.03323 0
      vertex 2.49446 1.03323 1.2
    endloop
  endfacet
  facet normal -0.946927 -0.321449 0
    outer loop
      vertex 2.60758 0.7 0
      vertex 2.49446 1.03323 1.2
      vertex 2.49446 1.03323 0
    endloop
  endfacet
  facet normal -0.946927 -0.321449 0
    outer loop
      vertex 2.49446 1.03323 1.2
      vertex 2.60758 0.7 0
      vertex 2.60758 0.7 1.2
    endloop
  endfacet
  facet normal -0.946927 0.321449 0
    outer loop
      vertex 2.49446 -1.03323 0
      vertex 2.60758 -0.7 1.2
      vertex 2.60758 -0.7 0
    endloop
  endfacet
  facet normal -0.946927 0.321449 0
    outer loop
      vertex 2.60758 -0.7 1.2
      vertex 2.49446 -1.03323 0
      vertex 2.49446 -1.03323 1.2
    endloop
  endfacet
  facet normal -0.896883 0.442269 0
    outer loop
      vertex 2.33826 -1.34999 0
      vertex 2.49446 -1.03323 1.2
      vertex 2.49446 -1.03323 0
    endloop
  endfacet
  facet normal -0.896883 0.442269 0
    outer loop
      vertex 2.49446 -1.03323 1.2
      vertex 2.33826 -1.34999 0
      vertex 2.33826 -1.34999 1.2
    endloop
  endfacet
  facet normal -0.831466 0.555575 0
    outer loop
      vertex 2.14204 -1.64365 0
      vertex 2.33826 -1.34999 1.2
      vertex 2.33826 -1.34999 0
    endloop
  endfacet
  facet normal -0.831466 0.555575 0
    outer loop
      vertex 2.33826 -1.34999 1.2
      vertex 2.14204 -1.64365 0
      vertex 2.14204 -1.64365 1.2
    endloop
  endfacet
  facet normal -0.751845 0.65934 0
    outer loop
      vertex 1.90918 -1.90918 0
      vertex 2.14204 -1.64365 1.2
      vertex 2.14204 -1.64365 0
    endloop
  endfacet
  facet normal -0.751845 0.65934 0
    outer loop
      vertex 2.14204 -1.64365 1.2
      vertex 1.90918 -1.90918 0
      vertex 1.90918 -1.90918 1.2
    endloop
  endfacet
  facet normal -0.65934 0.751845 0
    outer loop
      vertex 1.90918 -1.90918 0
      vertex 1.64365 -2.14204 1.2
      vertex 1.90918 -1.90918 1.2
    endloop
  endfacet
  facet normal -0.65934 0.751845 0
    outer loop
      vertex 1.64365 -2.14204 1.2
      vertex 1.90918 -1.90918 0
      vertex 1.64365 -2.14204 0
    endloop
  endfacet
  facet normal -0.555575 0.831466 0
    outer loop
      vertex 1.64365 -2.14204 0
      vertex 1.34999 -2.33826 1.2
      vertex 1.64365 -2.14204 1.2
    endloop
  endfacet
  facet normal -0.555575 0.831466 0
    outer loop
      vertex 1.34999 -2.33826 1.2
      vertex 1.64365 -2.14204 0
      vertex 1.34999 -2.33826 0
    endloop
  endfacet
  facet normal -0.442269 0.896883 0
    outer loop
      vertex 1.34999 -2.33826 0
      vertex 1.03323 -2.49446 1.2
      vertex 1.34999 -2.33826 1.2
    endloop
  endfacet
  facet normal -0.442269 0.896883 0
    outer loop
      vertex 1.03323 -2.49446 1.2
      vertex 1.34999 -2.33826 0
      vertex 1.03323 -2.49446 0
    endloop
  endfacet
  facet normal -0.321462 0.946923 0
    outer loop
      vertex 1.03323 -2.49446 0
      vertex 0.698807 -2.60799 1.2
      vertex 1.03323 -2.49446 1.2
    endloop
  endfacet
  facet normal -0.321462 0.946923 0
    outer loop
      vertex 0.698807 -2.60799 1.2
      vertex 1.03323 -2.49446 0
      vertex 0.698807 -2.60799 0
    endloop
  endfacet
  facet normal -0.195114 0.980781 0
    outer loop
      vertex 0.698807 -2.60799 0
      vertex 0.352417 -2.6769 1.2
      vertex 0.698807 -2.60799 1.2
    endloop
  endfacet
  facet normal -0.195114 0.980781 0
    outer loop
      vertex 0.352417 -2.6769 1.2
      vertex 0.698807 -2.60799 0
      vertex 0.352417 -2.6769 0
    endloop
  endfacet
  facet normal -0.065407 0.997859 0
    outer loop
      vertex 0.352417 -2.6769 0
      vertex 0 -2.7 1.2
      vertex 0.352417 -2.6769 1.2
    endloop
  endfacet
  facet normal -0.065407 0.997859 0
    outer loop
      vertex 0 -2.7 1.2
      vertex 0.352417 -2.6769 0
      vertex 0 -2.7 0
    endloop
  endfacet
  facet normal 0.065407 0.997859 -0
    outer loop
      vertex 0 -2.7 0
      vertex -0.352417 -2.6769 1.2
      vertex 0 -2.7 1.2
    endloop
  endfacet
  facet normal 0.065407 0.997859 0
    outer loop
      vertex -0.352417 -2.6769 1.2
      vertex 0 -2.7 0
      vertex -0.352417 -2.6769 0
    endloop
  endfacet
endsolid OpenSCAD_Model
