solid OpenSCAD_Model
  facet normal -0.998794 -0.0490916 0
    outer loop
      vertex 7.7 6 0
      vertex 7.69181 6.16663 6
      vertex 7.69181 6.16663 0
    endloop
  endfacet
  facet normal -0.998794 -0.0490916 0
    outer loop
      vertex 7.69181 6.16663 6
      vertex 7.7 6 0
      vertex 7.7 6 6
    endloop
  endfacet
  facet normal 0.0490916 -0.998794 0
    outer loop
      vertex 5.83337 7.69181 0
      vertex 6 7.7 6
      vertex 5.83337 7.69181 6
    endloop
  endfacet
  facet normal 0.0490916 -0.998794 0
    outer loop
      vertex 6 7.7 6
      vertex 5.83337 7.69181 0
      vertex 6 7.7 0
    endloop
  endfacet
  facet normal -0.0490916 0.998794 0
    outer loop
      vertex 6.16663 4.30819 0
      vertex 6 4.3 6
      vertex 6.16663 4.30819 6
    endloop
  endfacet
  facet normal -0.0490916 0.998794 0
    outer loop
      vertex 6 4.3 6
      vertex 6.16663 4.30819 0
      vertex 6 4.3 0
    endloop
  endfacet
  facet normal -0.67158 -0.740932 0
    outer loop
      vertex 7.07847 7.31412 0
      vertex 7.20208 7.20208 6
      vertex 7.07847 7.31412 6
    endloop
  endfacet
  facet normal -0.67158 -0.740932 -0
    outer loop
      vertex 7.20208 7.20208 6
      vertex 7.07847 7.31412 0
      vertex 7.20208 7.20208 0
    endloop
  endfacet
  facet normal 0.740932 -0.67158 0
    outer loop
      vertex 4.68588 7.07847 6
      vertex 4.79792 7.20208 0
      vertex 4.79792 7.20208 6
    endloop
  endfacet
  facet normal 0.740932 -0.67158 0
    outer loop
      vertex 4.79792 7.20208 0
      vertex 4.68588 7.07847 6
      vertex 4.68588 7.07847 0
    endloop
  endfacet
  facet normal 0.427494 -0.904018 0
    outer loop
      vertex 5.19862 7.49927 0
      vertex 5.34944 7.57059 6
      vertex 5.19862 7.49927 6
    endloop
  endfacet
  facet normal 0.427494 -0.904018 0
    outer loop
      vertex 5.34944 7.57059 6
      vertex 5.19862 7.49927 0
      vertex 5.34944 7.57059 0
    endloop
  endfacet
  facet normal -0.904007 -0.427517 0
    outer loop
      vertex 7.57059 6.65056 0
      vertex 7.49927 6.80137 6
      vertex 7.49927 6.80137 0
    endloop
  endfacet
  facet normal -0.904007 -0.427517 0
    outer loop
      vertex 7.49927 6.80137 6
      vertex 7.57059 6.65056 0
      vertex 7.57059 6.65056 6
    endloop
  endfacet
  facet normal -0.336921 -0.941533 0
    outer loop
      vertex 6.49348 7.6268 0
      vertex 6.65056 7.57059 6
      vertex 6.49348 7.6268 6
    endloop
  endfacet
  facet normal -0.336921 -0.941533 -0
    outer loop
      vertex 6.65056 7.57059 6
      vertex 6.49348 7.6268 0
      vertex 6.65056 7.57059 0
    endloop
  endfacet
  facet normal -0.514099 -0.857731 0
    outer loop
      vertex 6.80137 7.49927 0
      vertex 6.94447 7.4135 6
      vertex 6.80137 7.49927 6
    endloop
  endfacet
  facet normal -0.514099 -0.857731 -0
    outer loop
      vertex 6.94447 7.4135 6
      vertex 6.80137 7.49927 0
      vertex 6.94447 7.4135 0
    endloop
  endfacet
  facet normal 0.941552 -0.336868 0
    outer loop
      vertex 4.3732 6.49348 6
      vertex 4.4294 6.65056 0
      vertex 4.4294 6.65056 6
    endloop
  endfacet
  facet normal 0.941552 -0.336868 0
    outer loop
      vertex 4.4294 6.65056 0
      vertex 4.3732 6.49348 6
      vertex 4.3732 6.49348 0
    endloop
  endfacet
  facet normal 0.242945 -0.97004 0
    outer loop
      vertex 5.50652 7.6268 0
      vertex 5.66835 7.66733 6
      vertex 5.50652 7.6268 6
    endloop
  endfacet
  facet normal 0.242945 -0.97004 0
    outer loop
      vertex 5.66835 7.66733 6
      vertex 5.50652 7.6268 0
      vertex 5.66835 7.66733 0
    endloop
  endfacet
  facet normal -0.146681 0.989184 0
    outer loop
      vertex 6.33165 4.33266 0
      vertex 6.16663 4.30819 6
      vertex 6.33165 4.33266 6
    endloop
  endfacet
  facet normal -0.146681 0.989184 0
    outer loop
      vertex 6.16663 4.30819 6
      vertex 6.33165 4.33266 0
      vertex 6.16663 4.30819 0
    endloop
  endfacet
  facet normal -0.97004 -0.242945 0
    outer loop
      vertex 7.66733 6.33165 0
      vertex 7.6268 6.49348 6
      vertex 7.6268 6.49348 0
    endloop
  endfacet
  facet normal -0.97004 -0.242945 0
    outer loop
      vertex 7.6268 6.49348 6
      vertex 7.66733 6.33165 0
      vertex 7.66733 6.33165 6
    endloop
  endfacet
  facet normal -0.989175 -0.14674 0
    outer loop
      vertex 7.69181 6.16663 0
      vertex 7.66733 6.33165 6
      vertex 7.66733 6.33165 0
    endloop
  endfacet
  facet normal -0.989175 -0.14674 0
    outer loop
      vertex 7.66733 6.33165 6
      vertex 7.69181 6.16663 0
      vertex 7.69181 6.16663 6
    endloop
  endfacet
  facet normal -0.941533 -0.336921 0
    outer loop
      vertex 7.6268 6.49348 0
      vertex 7.57059 6.65056 6
      vertex 7.57059 6.65056 0
    endloop
  endfacet
  facet normal -0.941533 -0.336921 0
    outer loop
      vertex 7.57059 6.65056 6
      vertex 7.6268 6.49348 0
      vertex 7.6268 6.49348 6
    endloop
  endfacet
  facet normal -0.803211 -0.595695 0
    outer loop
      vertex 7.4135 6.94447 0
      vertex 7.31412 7.07847 6
      vertex 7.31412 7.07847 0
    endloop
  endfacet
  facet normal -0.803211 -0.595695 0
    outer loop
      vertex 7.31412 7.07847 6
      vertex 7.4135 6.94447 0
      vertex 7.4135 6.94447 6
    endloop
  endfacet
  facet normal -0.740932 -0.67158 0
    outer loop
      vertex 7.31412 7.07847 0
      vertex 7.20208 7.20208 6
      vertex 7.20208 7.20208 0
    endloop
  endfacet
  facet normal -0.740932 -0.67158 0
    outer loop
      vertex 7.20208 7.20208 6
      vertex 7.31412 7.07847 0
      vertex 7.31412 7.07847 6
    endloop
  endfacet
  facet normal -0.857731 -0.514099 0
    outer loop
      vertex 7.49927 6.80137 0
      vertex 7.4135 6.94447 6
      vertex 7.4135 6.94447 0
    endloop
  endfacet
  facet normal -0.857731 -0.514099 0
    outer loop
      vertex 7.4135 6.94447 6
      vertex 7.49927 6.80137 0
      vertex 7.49927 6.80137 6
    endloop
  endfacet
  facet normal -0.14674 -0.989175 0
    outer loop
      vertex 6.16663 7.69181 0
      vertex 6.33165 7.66733 6
      vertex 6.16663 7.69181 6
    endloop
  endfacet
  facet normal -0.14674 -0.989175 -0
    outer loop
      vertex 6.33165 7.66733 6
      vertex 6.16663 7.69181 0
      vertex 6.33165 7.66733 0
    endloop
  endfacet
  facet normal -0.242945 -0.97004 0
    outer loop
      vertex 6.33165 7.66733 0
      vertex 6.49348 7.6268 6
      vertex 6.33165 7.66733 6
    endloop
  endfacet
  facet normal -0.242945 -0.97004 -0
    outer loop
      vertex 6.49348 7.6268 6
      vertex 6.33165 7.66733 0
      vertex 6.49348 7.6268 0
    endloop
  endfacet
  facet normal -0.0490916 -0.998794 0
    outer loop
      vertex 6 7.7 0
      vertex 6.16663 7.69181 6
      vertex 6 7.7 6
    endloop
  endfacet
  facet normal -0.0490916 -0.998794 -0
    outer loop
      vertex 6.16663 7.69181 6
      vertex 6 7.7 0
      vertex 6.16663 7.69181 0
    endloop
  endfacet
  facet normal -0.427517 -0.904007 0
    outer loop
      vertex 6.65056 7.57059 0
      vertex 6.80137 7.49927 6
      vertex 6.65056 7.57059 6
    endloop
  endfacet
  facet normal -0.427517 -0.904007 -0
    outer loop
      vertex 6.80137 7.49927 6
      vertex 6.65056 7.57059 0
      vertex 6.80137 7.49927 0
    endloop
  endfacet
  facet normal -0.595695 -0.803211 0
    outer loop
      vertex 6.94447 7.4135 0
      vertex 7.07847 7.31412 6
      vertex 6.94447 7.4135 6
    endloop
  endfacet
  facet normal -0.595695 -0.803211 -0
    outer loop
      vertex 7.07847 7.31412 6
      vertex 6.94447 7.4135 0
      vertex 7.07847 7.31412 0
    endloop
  endfacet
  facet normal 0.989184 -0.146681 0
    outer loop
      vertex 4.30819 6.16663 6
      vertex 4.33266 6.33165 0
      vertex 4.33266 6.33165 6
    endloop
  endfacet
  facet normal 0.989184 -0.146681 0
    outer loop
      vertex 4.33266 6.33165 0
      vertex 4.30819 6.16663 6
      vertex 4.30819 6.16663 0
    endloop
  endfacet
  facet normal 0.857731 -0.514099 0
    outer loop
      vertex 4.50073 6.80137 6
      vertex 4.5865 6.94447 0
      vertex 4.5865 6.94447 6
    endloop
  endfacet
  facet normal 0.857731 -0.514099 0
    outer loop
      vertex 4.5865 6.94447 0
      vertex 4.50073 6.80137 6
      vertex 4.50073 6.80137 0
    endloop
  endfacet
  facet normal 0.803211 -0.595695 0
    outer loop
      vertex 4.5865 6.94447 6
      vertex 4.68588 7.07847 0
      vertex 4.68588 7.07847 6
    endloop
  endfacet
  facet normal 0.803211 -0.595695 0
    outer loop
      vertex 4.68588 7.07847 0
      vertex 4.5865 6.94447 6
      vertex 4.5865 6.94447 0
    endloop
  endfacet
  facet normal 0.903984 -0.427566 0
    outer loop
      vertex 4.4294 6.65056 6
      vertex 4.50073 6.80137 0
      vertex 4.50073 6.80137 6
    endloop
  endfacet
  facet normal 0.903984 -0.427566 0
    outer loop
      vertex 4.50073 6.80137 0
      vertex 4.4294 6.65056 6
      vertex 4.4294 6.65056 0
    endloop
  endfacet
  facet normal 0.970026 -0.243001 0
    outer loop
      vertex 4.33266 6.33165 6
      vertex 4.3732 6.49348 0
      vertex 4.3732 6.49348 6
    endloop
  endfacet
  facet normal 0.970026 -0.243001 0
    outer loop
      vertex 4.3732 6.49348 0
      vertex 4.33266 6.33165 6
      vertex 4.33266 6.33165 0
    endloop
  endfacet
  facet normal 0.998794 -0.0490916 0
    outer loop
      vertex 4.3 6 6
      vertex 4.30819 6.16663 0
      vertex 4.30819 6.16663 6
    endloop
  endfacet
  facet normal 0.998794 -0.0490916 0
    outer loop
      vertex 4.30819 6.16663 0
      vertex 4.3 6 6
      vertex 4.3 6 0
    endloop
  endfacet
  facet normal 0.595695 -0.803211 0
    outer loop
      vertex 4.92153 7.31412 0
      vertex 5.05553 7.4135 6
      vertex 4.92153 7.31412 6
    endloop
  endfacet
  facet normal 0.595695 -0.803211 0
    outer loop
      vertex 5.05553 7.4135 6
      vertex 4.92153 7.31412 0
      vertex 5.05553 7.4135 0
    endloop
  endfacet
  facet normal 0.514125 -0.857715 0
    outer loop
      vertex 5.05553 7.4135 0
      vertex 5.19862 7.49927 6
      vertex 5.05553 7.4135 6
    endloop
  endfacet
  facet normal 0.514125 -0.857715 0
    outer loop
      vertex 5.19862 7.49927 6
      vertex 5.05553 7.4135 0
      vertex 5.19862 7.49927 0
    endloop
  endfacet
  facet normal 0.67158 -0.740932 0
    outer loop
      vertex 4.79792 7.20208 0
      vertex 4.92153 7.31412 6
      vertex 4.79792 7.20208 6
    endloop
  endfacet
  facet normal 0.67158 -0.740932 0
    outer loop
      vertex 4.92153 7.31412 6
      vertex 4.79792 7.20208 0
      vertex 4.92153 7.31412 0
    endloop
  endfacet
  facet normal 0.336921 -0.941533 0
    outer loop
      vertex 5.34944 7.57059 0
      vertex 5.50652 7.6268 6
      vertex 5.34944 7.57059 6
    endloop
  endfacet
  facet normal 0.336921 -0.941533 0
    outer loop
      vertex 5.50652 7.6268 6
      vertex 5.34944 7.57059 0
      vertex 5.50652 7.6268 0
    endloop
  endfacet
  facet normal 0.14674 -0.989175 0
    outer loop
      vertex 5.66835 7.66733 0
      vertex 5.83337 7.69181 6
      vertex 5.66835 7.66733 6
    endloop
  endfacet
  facet normal 0.14674 -0.989175 0
    outer loop
      vertex 5.83337 7.69181 6
      vertex 5.66835 7.66733 0
      vertex 5.83337 7.69181 0
    endloop
  endfacet
  facet normal -0.998794 0.0490916 0
    outer loop
      vertex 7.69181 5.83337 0
      vertex 7.7 6 6
      vertex 7.7 6 0
    endloop
  endfacet
  facet normal -0.998794 0.0490916 0
    outer loop
      vertex 7.7 6 6
      vertex 7.69181 5.83337 0
      vertex 7.69181 5.83337 6
    endloop
  endfacet
  facet normal -0.740932 0.67158 0
    outer loop
      vertex 7.20208 4.79792 0
      vertex 7.31412 4.92153 6
      vertex 7.31412 4.92153 0
    endloop
  endfacet
  facet normal -0.740932 0.67158 0
    outer loop
      vertex 7.31412 4.92153 6
      vertex 7.20208 4.79792 0
      vertex 7.20208 4.79792 6
    endloop
  endfacet
  facet normal 0.595695 0.803211 -0
    outer loop
      vertex 5.05553 4.5865 0
      vertex 4.92153 4.68588 6
      vertex 5.05553 4.5865 6
    endloop
  endfacet
  facet normal 0.595695 0.803211 0
    outer loop
      vertex 4.92153 4.68588 6
      vertex 5.05553 4.5865 0
      vertex 4.92153 4.68588 0
    endloop
  endfacet
  facet normal 0.857715 0.514125 0
    outer loop
      vertex 4.5865 5.05553 6
      vertex 4.50073 5.19862 0
      vertex 4.50073 5.19862 6
    endloop
  endfacet
  facet normal 0.857715 0.514125 0
    outer loop
      vertex 4.50073 5.19862 0
      vertex 4.5865 5.05553 6
      vertex 4.5865 5.05553 0
    endloop
  endfacet
  facet normal 0.740932 0.67158 0
    outer loop
      vertex 4.79792 4.79792 6
      vertex 4.68588 4.92153 0
      vertex 4.68588 4.92153 6
    endloop
  endfacet
  facet normal 0.740932 0.67158 0
    outer loop
      vertex 4.68588 4.92153 0
      vertex 4.79792 4.79792 6
      vertex 4.79792 4.79792 0
    endloop
  endfacet
  facet normal 0.998794 0.0490916 0
    outer loop
      vertex 4.30819 5.83337 6
      vertex 4.3 6 0
      vertex 4.3 6 6
    endloop
  endfacet
  facet normal 0.998794 0.0490916 0
    outer loop
      vertex 4.3 6 0
      vertex 4.30819 5.83337 6
      vertex 4.30819 5.83337 0
    endloop
  endfacet
  facet normal -0.97004 0.242945 0
    outer loop
      vertex 7.6268 5.50652 0
      vertex 7.66733 5.66835 6
      vertex 7.66733 5.66835 0
    endloop
  endfacet
  facet normal -0.97004 0.242945 0
    outer loop
      vertex 7.66733 5.66835 6
      vertex 7.6268 5.50652 0
      vertex 7.6268 5.50652 6
    endloop
  endfacet
  facet normal -0.514099 0.857731 0
    outer loop
      vertex 6.94447 4.5865 0
      vertex 6.80137 4.50073 6
      vertex 6.94447 4.5865 6
    endloop
  endfacet
  facet normal -0.514099 0.857731 0
    outer loop
      vertex 6.80137 4.50073 6
      vertex 6.94447 4.5865 0
      vertex 6.80137 4.50073 0
    endloop
  endfacet
  facet normal -0.67158 0.740932 0
    outer loop
      vertex 7.20208 4.79792 0
      vertex 7.07847 4.68588 6
      vertex 7.20208 4.79792 6
    endloop
  endfacet
  facet normal -0.67158 0.740932 0
    outer loop
      vertex 7.07847 4.68588 6
      vertex 7.20208 4.79792 0
      vertex 7.07847 4.68588 0
    endloop
  endfacet
  facet normal -0.904018 0.427494 0
    outer loop
      vertex 7.49927 5.19862 0
      vertex 7.57059 5.34944 6
      vertex 7.57059 5.34944 0
    endloop
  endfacet
  facet normal -0.904018 0.427494 0
    outer loop
      vertex 7.57059 5.34944 6
      vertex 7.49927 5.19862 0
      vertex 7.49927 5.19862 6
    endloop
  endfacet
  facet normal -0.803211 0.595695 0
    outer loop
      vertex 7.31412 4.92153 0
      vertex 7.4135 5.05553 6
      vertex 7.4135 5.05553 0
    endloop
  endfacet
  facet normal -0.803211 0.595695 0
    outer loop
      vertex 7.4135 5.05553 6
      vertex 7.31412 4.92153 0
      vertex 7.31412 4.92153 6
    endloop
  endfacet
  facet normal 0.243001 0.970026 -0
    outer loop
      vertex 5.66835 4.33266 0
      vertex 5.50652 4.3732 6
      vertex 5.66835 4.33266 6
    endloop
  endfacet
  facet normal 0.243001 0.970026 0
    outer loop
      vertex 5.50652 4.3732 6
      vertex 5.66835 4.33266 0
      vertex 5.50652 4.3732 0
    endloop
  endfacet
  facet normal 0.67158 0.740932 -0
    outer loop
      vertex 4.92153 4.68588 0
      vertex 4.79792 4.79792 6
      vertex 4.92153 4.68588 6
    endloop
  endfacet
  facet normal 0.67158 0.740932 0
    outer loop
      vertex 4.79792 4.79792 6
      vertex 4.92153 4.68588 0
      vertex 4.79792 4.79792 0
    endloop
  endfacet
  facet normal 0.941552 0.336868 0
    outer loop
      vertex 4.4294 5.34944 6
      vertex 4.3732 5.50652 0
      vertex 4.3732 5.50652 6
    endloop
  endfacet
  facet normal 0.941552 0.336868 0
    outer loop
      vertex 4.3732 5.50652 0
      vertex 4.4294 5.34944 6
      vertex 4.4294 5.34944 0
    endloop
  endfacet
  facet normal 0.903995 0.427543 0
    outer loop
      vertex 4.50073 5.19862 6
      vertex 4.4294 5.34944 0
      vertex 4.4294 5.34944 6
    endloop
  endfacet
  facet normal 0.903995 0.427543 0
    outer loop
      vertex 4.4294 5.34944 0
      vertex 4.50073 5.19862 6
      vertex 4.50073 5.19862 0
    endloop
  endfacet
  facet normal -0.243001 0.970026 0
    outer loop
      vertex 6.49348 4.3732 0
      vertex 6.33165 4.33266 6
      vertex 6.49348 4.3732 6
    endloop
  endfacet
  facet normal -0.243001 0.970026 0
    outer loop
      vertex 6.33165 4.33266 6
      vertex 6.49348 4.3732 0
      vertex 6.33165 4.33266 0
    endloop
  endfacet
  facet normal -0.427566 0.903984 0
    outer loop
      vertex 6.80137 4.50073 0
      vertex 6.65056 4.4294 6
      vertex 6.80137 4.50073 6
    endloop
  endfacet
  facet normal -0.427566 0.903984 0
    outer loop
      vertex 6.65056 4.4294 6
      vertex 6.80137 4.50073 0
      vertex 6.65056 4.4294 0
    endloop
  endfacet
  facet normal -0.336868 0.941552 0
    outer loop
      vertex 6.65056 4.4294 0
      vertex 6.49348 4.3732 6
      vertex 6.65056 4.4294 6
    endloop
  endfacet
  facet normal -0.336868 0.941552 0
    outer loop
      vertex 6.49348 4.3732 6
      vertex 6.65056 4.4294 0
      vertex 6.49348 4.3732 0
    endloop
  endfacet
  facet normal -0.989175 0.14674 0
    outer loop
      vertex 7.66733 5.66835 0
      vertex 7.69181 5.83337 6
      vertex 7.69181 5.83337 0
    endloop
  endfacet
  facet normal -0.989175 0.14674 0
    outer loop
      vertex 7.69181 5.83337 6
      vertex 7.66733 5.66835 0
      vertex 7.66733 5.66835 6
    endloop
  endfacet
  facet normal -0.941533 0.336921 0
    outer loop
      vertex 7.57059 5.34944 0
      vertex 7.6268 5.50652 6
      vertex 7.6268 5.50652 0
    endloop
  endfacet
  facet normal -0.941533 0.336921 0
    outer loop
      vertex 7.6268 5.50652 6
      vertex 7.57059 5.34944 0
      vertex 7.57059 5.34944 6
    endloop
  endfacet
  facet normal -0.857715 0.514125 0
    outer loop
      vertex 7.4135 5.05553 0
      vertex 7.49927 5.19862 6
      vertex 7.49927 5.19862 0
    endloop
  endfacet
  facet normal -0.857715 0.514125 0
    outer loop
      vertex 7.49927 5.19862 6
      vertex 7.4135 5.05553 0
      vertex 7.4135 5.05553 6
    endloop
  endfacet
  facet normal 0.0490916 0.998794 -0
    outer loop
      vertex 6 4.3 0
      vertex 5.83337 4.30819 6
      vertex 6 4.3 6
    endloop
  endfacet
  facet normal 0.0490916 0.998794 0
    outer loop
      vertex 5.83337 4.30819 6
      vertex 6 4.3 0
      vertex 5.83337 4.30819 0
    endloop
  endfacet
  facet normal 0.336868 0.941552 -0
    outer loop
      vertex 5.50652 4.3732 0
      vertex 5.34944 4.4294 6
      vertex 5.50652 4.3732 6
    endloop
  endfacet
  facet normal 0.336868 0.941552 0
    outer loop
      vertex 5.34944 4.4294 6
      vertex 5.50652 4.3732 0
      vertex 5.34944 4.4294 0
    endloop
  endfacet
  facet normal 0.803211 0.595695 0
    outer loop
      vertex 4.68588 4.92153 6
      vertex 4.5865 5.05553 0
      vertex 4.5865 5.05553 6
    endloop
  endfacet
  facet normal 0.803211 0.595695 0
    outer loop
      vertex 4.5865 5.05553 0
      vertex 4.68588 4.92153 6
      vertex 4.68588 4.92153 0
    endloop
  endfacet
  facet normal 0.970026 0.243001 0
    outer loop
      vertex 4.3732 5.50652 6
      vertex 4.33266 5.66835 0
      vertex 4.33266 5.66835 6
    endloop
  endfacet
  facet normal 0.970026 0.243001 0
    outer loop
      vertex 4.33266 5.66835 0
      vertex 4.3732 5.50652 6
      vertex 4.3732 5.50652 0
    endloop
  endfacet
  facet normal 0.989184 0.146681 0
    outer loop
      vertex 4.33266 5.66835 6
      vertex 4.30819 5.83337 0
      vertex 4.30819 5.83337 6
    endloop
  endfacet
  facet normal 0.989184 0.146681 0
    outer loop
      vertex 4.30819 5.83337 0
      vertex 4.33266 5.66835 6
      vertex 4.33266 5.66835 0
    endloop
  endfacet
  facet normal -0.595695 0.803211 0
    outer loop
      vertex 7.07847 4.68588 0
      vertex 6.94447 4.5865 6
      vertex 7.07847 4.68588 6
    endloop
  endfacet
  facet normal -0.595695 0.803211 0
    outer loop
      vertex 6.94447 4.5865 6
      vertex 7.07847 4.68588 0
      vertex 6.94447 4.5865 0
    endloop
  endfacet
  facet normal 0.427543 0.903995 -0
    outer loop
      vertex 5.34944 4.4294 0
      vertex 5.19862 4.50073 6
      vertex 5.34944 4.4294 6
    endloop
  endfacet
  facet normal 0.427543 0.903995 0
    outer loop
      vertex 5.19862 4.50073 6
      vertex 5.34944 4.4294 0
      vertex 5.19862 4.50073 0
    endloop
  endfacet
  facet normal 0.146681 0.989184 -0
    outer loop
      vertex 5.83337 4.30819 0
      vertex 5.66835 4.33266 6
      vertex 5.83337 4.30819 6
    endloop
  endfacet
  facet normal 0.146681 0.989184 0
    outer loop
      vertex 5.66835 4.33266 6
      vertex 5.83337 4.30819 0
      vertex 5.66835 4.33266 0
    endloop
  endfacet
  facet normal 0.514125 0.857715 -0
    outer loop
      vertex 5.19862 4.50073 0
      vertex 5.05553 4.5865 6
      vertex 5.19862 4.50073 6
    endloop
  endfacet
  facet normal 0.514125 0.857715 0
    outer loop
      vertex 5.05553 4.5865 6
      vertex 5.19862 4.50073 0
      vertex 5.05553 4.5865 0
    endloop
  endfacet
  facet normal -0.998794 -0.0491004 0
    outer loop
      vertex 7.7 34 0
      vertex 7.69181 34.1666 6
      vertex 7.69181 34.1666 0
    endloop
  endfacet
  facet normal -0.998794 -0.0491004 0
    outer loop
      vertex 7.69181 34.1666 6
      vertex 7.7 34 0
      vertex 7.7 34 6
    endloop
  endfacet
  facet normal 0.0491513 -0.998791 0
    outer loop
      vertex 5.83337 35.6918 0
      vertex 6 35.7 6
      vertex 5.83337 35.6918 6
    endloop
  endfacet
  facet normal 0.0491513 -0.998791 0
    outer loop
      vertex 6 35.7 6
      vertex 5.83337 35.6918 0
      vertex 6 35.7 0
    endloop
  endfacet
  facet normal -0.0491513 0.998791 0
    outer loop
      vertex 6.16663 32.3082 0
      vertex 6 32.3 6
      vertex 6.16663 32.3082 6
    endloop
  endfacet
  facet normal -0.0491513 0.998791 0
    outer loop
      vertex 6 32.3 6
      vertex 6.16663 32.3082 0
      vertex 6 32.3 0
    endloop
  endfacet
  facet normal -0.671448 -0.741051 0
    outer loop
      vertex 7.07847 35.3141 0
      vertex 7.20208 35.2021 6
      vertex 7.07847 35.3141 6
    endloop
  endfacet
  facet normal -0.671448 -0.741051 -0
    outer loop
      vertex 7.20208 35.2021 6
      vertex 7.07847 35.3141 0
      vertex 7.20208 35.2021 0
    endloop
  endfacet
  facet normal 0.740905 -0.67161 0
    outer loop
      vertex 4.68588 35.0785 6
      vertex 4.79792 35.2021 0
      vertex 4.79792 35.2021 6
    endloop
  endfacet
  facet normal 0.740905 -0.67161 0
    outer loop
      vertex 4.79792 35.2021 0
      vertex 4.68588 35.0785 6
      vertex 4.68588 35.0785 0
    endloop
  endfacet
  facet normal 0.427396 -0.904065 0
    outer loop
      vertex 5.19862 35.4993 0
      vertex 5.34944 35.5706 6
      vertex 5.19862 35.4993 6
    endloop
  endfacet
  facet normal 0.427396 -0.904065 0
    outer loop
      vertex 5.34944 35.5706 6
      vertex 5.19862 35.4993 0
      vertex 5.34944 35.5706 0
    endloop
  endfacet
  facet normal -0.903996 -0.42754 0
    outer loop
      vertex 7.57059 34.6506 0
      vertex 7.49927 34.8014 6
      vertex 7.49927 34.8014 0
    endloop
  endfacet
  facet normal -0.903996 -0.42754 0
    outer loop
      vertex 7.49927 34.8014 6
      vertex 7.57059 34.6506 0
      vertex 7.57059 34.6506 6
    endloop
  endfacet
  facet normal -0.336868 -0.941552 0
    outer loop
      vertex 6.49348 35.6268 0
      vertex 6.65056 35.5706 6
      vertex 6.49348 35.6268 6
    endloop
  endfacet
  facet normal -0.336868 -0.941552 -0
    outer loop
      vertex 6.65056 35.5706 6
      vertex 6.49348 35.6268 0
      vertex 6.65056 35.5706 0
    endloop
  endfacet
  facet normal -0.514231 -0.857652 0
    outer loop
      vertex 6.80137 35.4993 0
      vertex 6.94447 35.4135 6
      vertex 6.80137 35.4993 6
    endloop
  endfacet
  facet normal -0.514231 -0.857652 -0
    outer loop
      vertex 6.94447 35.4135 6
      vertex 6.80137 35.4993 0
      vertex 6.94447 35.4135 0
    endloop
  endfacet
  facet normal 0.903973 -0.427589 0
    outer loop
      vertex 4.4294 34.6506 6
      vertex 4.50073 34.8014 0
      vertex 4.50073 34.8014 6
    endloop
  endfacet
  facet normal 0.903973 -0.427589 0
    outer loop
      vertex 4.50073 34.8014 0
      vertex 4.4294 34.6506 6
      vertex 4.4294 34.6506 0
    endloop
  endfacet
  facet normal 0.857731 -0.514099 0
    outer loop
      vertex 4.50073 34.8014 6
      vertex 4.5865 34.9445 0
      vertex 4.5865 34.9445 6
    endloop
  endfacet
  facet normal 0.857731 -0.514099 0
    outer loop
      vertex 4.5865 34.9445 0
      vertex 4.50073 34.8014 6
      vertex 4.50073 34.8014 0
    endloop
  endfacet
  facet normal 0.242775 -0.970083 0
    outer loop
      vertex 5.50652 35.6268 0
      vertex 5.66835 35.6673 6
      vertex 5.50652 35.6268 6
    endloop
  endfacet
  facet normal 0.242775 -0.970083 0
    outer loop
      vertex 5.66835 35.6673 6
      vertex 5.50652 35.6268 0
      vertex 5.66835 35.6673 0
    endloop
  endfacet
  facet normal -0.146857 0.989158 0
    outer loop
      vertex 6.33165 32.3327 0
      vertex 6.16663 32.3082 6
      vertex 6.33165 32.3327 6
    endloop
  endfacet
  facet normal -0.146857 0.989158 0
    outer loop
      vertex 6.16663 32.3082 6
      vertex 6.33165 32.3327 0
      vertex 6.16663 32.3082 0
    endloop
  endfacet
  facet normal -0.97003 -0.242987 0
    outer loop
      vertex 7.66733 34.3317 0
      vertex 7.6268 34.4935 6
      vertex 7.6268 34.4935 0
    endloop
  endfacet
  facet normal -0.97003 -0.242987 0
    outer loop
      vertex 7.6268 34.4935 6
      vertex 7.66733 34.3317 0
      vertex 7.66733 34.3317 6
    endloop
  endfacet
  facet normal -0.989185 -0.14667 0
    outer loop
      vertex 7.69181 34.1666 0
      vertex 7.66733 34.3317 6
      vertex 7.66733 34.3317 0
    endloop
  endfacet
  facet normal -0.989185 -0.14667 0
    outer loop
      vertex 7.66733 34.3317 6
      vertex 7.69181 34.1666 0
      vertex 7.69181 34.1666 6
    endloop
  endfacet
  facet normal -0.941546 -0.336883 0
    outer loop
      vertex 7.6268 34.4935 0
      vertex 7.57059 34.6506 6
      vertex 7.57059 34.6506 0
    endloop
  endfacet
  facet normal -0.941546 -0.336883 0
    outer loop
      vertex 7.57059 34.6506 6
      vertex 7.6268 34.4935 0
      vertex 7.6268 34.4935 6
    endloop
  endfacet
  facet normal -0.803211 -0.595695 0
    outer loop
      vertex 7.4135 34.9445 0
      vertex 7.31412 35.0785 6
      vertex 7.31412 35.0785 0
    endloop
  endfacet
  facet normal -0.803211 -0.595695 0
    outer loop
      vertex 7.31412 35.0785 6
      vertex 7.4135 34.9445 0
      vertex 7.4135 34.9445 6
    endloop
  endfacet
  facet normal -0.740905 -0.67161 0
    outer loop
      vertex 7.31412 35.0785 0
      vertex 7.20208 35.2021 6
      vertex 7.20208 35.2021 0
    endloop
  endfacet
  facet normal -0.740905 -0.67161 0
    outer loop
      vertex 7.20208 35.2021 6
      vertex 7.31412 35.0785 0
      vertex 7.31412 35.0785 6
    endloop
  endfacet
  facet normal -0.146857 -0.989158 0
    outer loop
      vertex 6.16663 35.6918 0
      vertex 6.33165 35.6673 6
      vertex 6.16663 35.6918 6
    endloop
  endfacet
  facet normal -0.146857 -0.989158 -0
    outer loop
      vertex 6.33165 35.6673 6
      vertex 6.16663 35.6918 0
      vertex 6.33165 35.6673 0
    endloop
  endfacet
  facet normal -0.0491513 -0.998791 0
    outer loop
      vertex 6 35.7 0
      vertex 6.16663 35.6918 6
      vertex 6 35.7 6
    endloop
  endfacet
  facet normal -0.0491513 -0.998791 -0
    outer loop
      vertex 6.16663 35.6918 6
      vertex 6 35.7 0
      vertex 6.16663 35.6918 0
    endloop
  endfacet
  facet normal -0.595772 -0.803154 0
    outer loop
      vertex 6.94447 35.4135 0
      vertex 7.07847 35.3141 6
      vertex 6.94447 35.4135 6
    endloop
  endfacet
  facet normal -0.595772 -0.803154 -0
    outer loop
      vertex 7.07847 35.3141 6
      vertex 6.94447 35.4135 0
      vertex 7.07847 35.3141 0
    endloop
  endfacet
  facet normal 0.989194 -0.146612 0
    outer loop
      vertex 4.30819 34.1666 6
      vertex 4.33266 34.3317 0
      vertex 4.33266 34.3317 6
    endloop
  endfacet
  facet normal 0.989194 -0.146612 0
    outer loop
      vertex 4.33266 34.3317 0
      vertex 4.30819 34.1666 6
      vertex 4.30819 34.1666 0
    endloop
  endfacet
  facet normal 0.941566 -0.33683 0
    outer loop
      vertex 4.3732 34.4935 6
      vertex 4.4294 34.6506 0
      vertex 4.4294 34.6506 6
    endloop
  endfacet
  facet normal 0.941566 -0.33683 0
    outer loop
      vertex 4.4294 34.6506 0
      vertex 4.3732 34.4935 6
      vertex 4.3732 34.4935 0
    endloop
  endfacet
  facet normal 0.970015 -0.243043 0
    outer loop
      vertex 4.33266 34.3317 6
      vertex 4.3732 34.4935 0
      vertex 4.3732 34.4935 6
    endloop
  endfacet
  facet normal 0.970015 -0.243043 0
    outer loop
      vertex 4.3732 34.4935 0
      vertex 4.33266 34.3317 6
      vertex 4.33266 34.3317 0
    endloop
  endfacet
  facet normal 0.998794 -0.0491004 0
    outer loop
      vertex 4.3 34 6
      vertex 4.30819 34.1666 0
      vertex 4.30819 34.1666 6
    endloop
  endfacet
  facet normal 0.998794 -0.0491004 0
    outer loop
      vertex 4.30819 34.1666 0
      vertex 4.3 34 6
      vertex 4.3 34 0
    endloop
  endfacet
  facet normal 0.514258 -0.857636 0
    outer loop
      vertex 5.05553 35.4135 0
      vertex 5.19862 35.4993 6
      vertex 5.05553 35.4135 6
    endloop
  endfacet
  facet normal 0.514258 -0.857636 0
    outer loop
      vertex 5.19862 35.4993 6
      vertex 5.05553 35.4135 0
      vertex 5.19862 35.4993 0
    endloop
  endfacet
  facet normal 0.595772 -0.803154 0
    outer loop
      vertex 4.92153 35.3141 0
      vertex 5.05553 35.4135 6
      vertex 4.92153 35.3141 6
    endloop
  endfacet
  facet normal 0.595772 -0.803154 0
    outer loop
      vertex 5.05553 35.4135 6
      vertex 4.92153 35.3141 0
      vertex 5.05553 35.4135 0
    endloop
  endfacet
  facet normal 0.671448 -0.741051 0
    outer loop
      vertex 4.79792 35.2021 0
      vertex 4.92153 35.3141 6
      vertex 4.79792 35.2021 6
    endloop
  endfacet
  facet normal 0.671448 -0.741051 0
    outer loop
      vertex 4.92153 35.3141 6
      vertex 4.79792 35.2021 0
      vertex 4.92153 35.3141 0
    endloop
  endfacet
  facet normal 0.336868 -0.941552 0
    outer loop
      vertex 5.34944 35.5706 0
      vertex 5.50652 35.6268 6
      vertex 5.34944 35.5706 6
    endloop
  endfacet
  facet normal 0.336868 -0.941552 0
    outer loop
      vertex 5.50652 35.6268 6
      vertex 5.34944 35.5706 0
      vertex 5.50652 35.6268 0
    endloop
  endfacet
  facet normal 0.146857 -0.989158 0
    outer loop
      vertex 5.66835 35.6673 0
      vertex 5.83337 35.6918 6
      vertex 5.66835 35.6673 6
    endloop
  endfacet
  facet normal 0.146857 -0.989158 0
    outer loop
      vertex 5.83337 35.6918 6
      vertex 5.66835 35.6673 0
      vertex 5.83337 35.6918 0
    endloop
  endfacet
  facet normal -0.998794 0.0491004 0
    outer loop
      vertex 7.69181 33.8334 0
      vertex 7.7 34 6
      vertex 7.7 34 0
    endloop
  endfacet
  facet normal -0.998794 0.0491004 0
    outer loop
      vertex 7.7 34 6
      vertex 7.69181 33.8334 0
      vertex 7.69181 33.8334 6
    endloop
  endfacet
  facet normal -0.989185 0.14667 0
    outer loop
      vertex 7.66733 33.6683 0
      vertex 7.69181 33.8334 6
      vertex 7.69181 33.8334 0
    endloop
  endfacet
  facet normal -0.989185 0.14667 0
    outer loop
      vertex 7.69181 33.8334 6
      vertex 7.66733 33.6683 0
      vertex 7.66733 33.6683 6
    endloop
  endfacet
  facet normal -0.740905 0.67161 0
    outer loop
      vertex 7.20208 32.7979 0
      vertex 7.31412 32.9215 6
      vertex 7.31412 32.9215 0
    endloop
  endfacet
  facet normal -0.740905 0.67161 0
    outer loop
      vertex 7.31412 32.9215 6
      vertex 7.20208 32.7979 0
      vertex 7.20208 32.7979 6
    endloop
  endfacet
  facet normal -0.427419 0.904054 0
    outer loop
      vertex 6.80137 32.5007 0
      vertex 6.65056 32.4294 6
      vertex 6.80137 32.5007 6
    endloop
  endfacet
  facet normal -0.427419 0.904054 0
    outer loop
      vertex 6.65056 32.4294 6
      vertex 6.80137 32.5007 0
      vertex 6.65056 32.4294 0
    endloop
  endfacet
  facet normal -0.857731 -0.514099 0
    outer loop
      vertex 7.49927 34.8014 0
      vertex 7.4135 34.9445 6
      vertex 7.4135 34.9445 0
    endloop
  endfacet
  facet normal -0.857731 -0.514099 0
    outer loop
      vertex 7.4135 34.9445 6
      vertex 7.49927 34.8014 0
      vertex 7.49927 34.8014 6
    endloop
  endfacet
  facet normal -0.242775 -0.970083 0
    outer loop
      vertex 6.33165 35.6673 0
      vertex 6.49348 35.6268 6
      vertex 6.33165 35.6673 6
    endloop
  endfacet
  facet normal -0.242775 -0.970083 -0
    outer loop
      vertex 6.49348 35.6268 6
      vertex 6.33165 35.6673 0
      vertex 6.49348 35.6268 0
    endloop
  endfacet
  facet normal -0.427419 -0.904054 0
    outer loop
      vertex 6.65056 35.5706 0
      vertex 6.80137 35.4993 6
      vertex 6.65056 35.5706 6
    endloop
  endfacet
  facet normal -0.427419 -0.904054 -0
    outer loop
      vertex 6.80137 35.4993 6
      vertex 6.65056 35.5706 0
      vertex 6.80137 35.4993 0
    endloop
  endfacet
  facet normal 0.803211 -0.595695 0
    outer loop
      vertex 4.5865 34.9445 6
      vertex 4.68588 35.0785 0
      vertex 4.68588 35.0785 6
    endloop
  endfacet
  facet normal 0.803211 -0.595695 0
    outer loop
      vertex 4.68588 35.0785 0
      vertex 4.5865 34.9445 6
      vertex 4.5865 34.9445 0
    endloop
  endfacet
  facet normal 0.998794 0.0491004 0
    outer loop
      vertex 4.30819 33.8334 6
      vertex 4.3 34 0
      vertex 4.3 34 6
    endloop
  endfacet
  facet normal 0.998794 0.0491004 0
    outer loop
      vertex 4.3 34 0
      vertex 4.30819 33.8334 6
      vertex 4.30819 33.8334 0
    endloop
  endfacet
  facet normal -0.97003 0.242987 0
    outer loop
      vertex 7.6268 33.5065 0
      vertex 7.66733 33.6683 6
      vertex 7.66733 33.6683 0
    endloop
  endfacet
  facet normal -0.97003 0.242987 0
    outer loop
      vertex 7.66733 33.6683 6
      vertex 7.6268 33.5065 0
      vertex 7.6268 33.5065 6
    endloop
  endfacet
  facet normal -0.671448 0.741051 0
    outer loop
      vertex 7.20208 32.7979 0
      vertex 7.07847 32.6859 6
      vertex 7.20208 32.7979 6
    endloop
  endfacet
  facet normal -0.671448 0.741051 0
    outer loop
      vertex 7.07847 32.6859 6
      vertex 7.20208 32.7979 0
      vertex 7.07847 32.6859 0
    endloop
  endfacet
  facet normal -0.941546 0.336883 0
    outer loop
      vertex 7.57059 33.3494 0
      vertex 7.6268 33.5065 6
      vertex 7.6268 33.5065 0
    endloop
  endfacet
  facet normal -0.941546 0.336883 0
    outer loop
      vertex 7.6268 33.5065 6
      vertex 7.57059 33.3494 0
      vertex 7.57059 33.3494 6
    endloop
  endfacet
  facet normal -0.903996 0.42754 0
    outer loop
      vertex 7.49927 33.1986 0
      vertex 7.57059 33.3494 6
      vertex 7.57059 33.3494 0
    endloop
  endfacet
  facet normal -0.903996 0.42754 0
    outer loop
      vertex 7.57059 33.3494 6
      vertex 7.49927 33.1986 0
      vertex 7.49927 33.1986 6
    endloop
  endfacet
  facet normal -0.803211 0.595695 0
    outer loop
      vertex 7.31412 32.9215 0
      vertex 7.4135 33.0555 6
      vertex 7.4135 33.0555 0
    endloop
  endfacet
  facet normal -0.803211 0.595695 0
    outer loop
      vertex 7.4135 33.0555 6
      vertex 7.31412 32.9215 0
      vertex 7.31412 32.9215 6
    endloop
  endfacet
  facet normal 0.740905 0.67161 0
    outer loop
      vertex 4.79792 32.7979 6
      vertex 4.68588 32.9215 0
      vertex 4.68588 32.9215 6
    endloop
  endfacet
  facet normal 0.740905 0.67161 0
    outer loop
      vertex 4.68588 32.9215 0
      vertex 4.79792 32.7979 6
      vertex 4.79792 32.7979 0
    endloop
  endfacet
  facet normal 0.857731 0.514099 0
    outer loop
      vertex 4.5865 33.0555 6
      vertex 4.50073 33.1986 0
      vertex 4.50073 33.1986 6
    endloop
  endfacet
  facet normal 0.857731 0.514099 0
    outer loop
      vertex 4.50073 33.1986 0
      vertex 4.5865 33.0555 6
      vertex 4.5865 33.0555 0
    endloop
  endfacet
  facet normal 0.803211 0.595695 0
    outer loop
      vertex 4.68588 32.9215 6
      vertex 4.5865 33.0555 0
      vertex 4.5865 33.0555 6
    endloop
  endfacet
  facet normal 0.803211 0.595695 0
    outer loop
      vertex 4.5865 33.0555 0
      vertex 4.68588 32.9215 6
      vertex 4.68588 32.9215 0
    endloop
  endfacet
  facet normal 0.941566 0.33683 0
    outer loop
      vertex 4.4294 33.3494 6
      vertex 4.3732 33.5065 0
      vertex 4.3732 33.5065 6
    endloop
  endfacet
  facet normal 0.941566 0.33683 0
    outer loop
      vertex 4.3732 33.5065 0
      vertex 4.4294 33.3494 6
      vertex 4.4294 33.3494 0
    endloop
  endfacet
  facet normal 0.989194 0.146612 0
    outer loop
      vertex 4.33266 33.6683 6
      vertex 4.30819 33.8334 0
      vertex 4.30819 33.8334 6
    endloop
  endfacet
  facet normal 0.989194 0.146612 0
    outer loop
      vertex 4.30819 33.8334 0
      vertex 4.33266 33.6683 6
      vertex 4.33266 33.6683 0
    endloop
  endfacet
  facet normal -0.242775 0.970083 0
    outer loop
      vertex 6.49348 32.3732 0
      vertex 6.33165 32.3327 6
      vertex 6.49348 32.3732 6
    endloop
  endfacet
  facet normal -0.242775 0.970083 0
    outer loop
      vertex 6.33165 32.3327 6
      vertex 6.49348 32.3732 0
      vertex 6.33165 32.3327 0
    endloop
  endfacet
  facet normal -0.514231 0.857652 0
    outer loop
      vertex 6.94447 32.5865 0
      vertex 6.80137 32.5007 6
      vertex 6.94447 32.5865 6
    endloop
  endfacet
  facet normal -0.514231 0.857652 0
    outer loop
      vertex 6.80137 32.5007 6
      vertex 6.94447 32.5865 0
      vertex 6.80137 32.5007 0
    endloop
  endfacet
  facet normal -0.595772 0.803154 0
    outer loop
      vertex 7.07847 32.6859 0
      vertex 6.94447 32.5865 6
      vertex 7.07847 32.6859 6
    endloop
  endfacet
  facet normal -0.595772 0.803154 0
    outer loop
      vertex 6.94447 32.5865 6
      vertex 7.07847 32.6859 0
      vertex 6.94447 32.5865 0
    endloop
  endfacet
  facet normal -0.857731 0.514099 0
    outer loop
      vertex 7.4135 33.0555 0
      vertex 7.49927 33.1986 6
      vertex 7.49927 33.1986 0
    endloop
  endfacet
  facet normal -0.857731 0.514099 0
    outer loop
      vertex 7.49927 33.1986 6
      vertex 7.4135 33.0555 0
      vertex 7.4135 33.0555 6
    endloop
  endfacet
  facet normal 0.427396 0.904065 -0
    outer loop
      vertex 5.34944 32.4294 0
      vertex 5.19862 32.5007 6
      vertex 5.34944 32.4294 6
    endloop
  endfacet
  facet normal 0.427396 0.904065 0
    outer loop
      vertex 5.19862 32.5007 6
      vertex 5.34944 32.4294 0
      vertex 5.19862 32.5007 0
    endloop
  endfacet
  facet normal 0.146857 0.989158 -0
    outer loop
      vertex 5.83337 32.3082 0
      vertex 5.66835 32.3327 6
      vertex 5.83337 32.3082 6
    endloop
  endfacet
  facet normal 0.146857 0.989158 0
    outer loop
      vertex 5.66835 32.3327 6
      vertex 5.83337 32.3082 0
      vertex 5.66835 32.3327 0
    endloop
  endfacet
  facet normal 0.671448 0.741051 -0
    outer loop
      vertex 4.92153 32.6859 0
      vertex 4.79792 32.7979 6
      vertex 4.92153 32.6859 6
    endloop
  endfacet
  facet normal 0.671448 0.741051 0
    outer loop
      vertex 4.79792 32.7979 6
      vertex 4.92153 32.6859 0
      vertex 4.79792 32.7979 0
    endloop
  endfacet
  facet normal 0.903973 0.427589 0
    outer loop
      vertex 4.50073 33.1986 6
      vertex 4.4294 33.3494 0
      vertex 4.4294 33.3494 6
    endloop
  endfacet
  facet normal 0.903973 0.427589 0
    outer loop
      vertex 4.4294 33.3494 0
      vertex 4.50073 33.1986 6
      vertex 4.50073 33.1986 0
    endloop
  endfacet
  facet normal 0.970015 0.243043 0
    outer loop
      vertex 4.3732 33.5065 6
      vertex 4.33266 33.6683 0
      vertex 4.33266 33.6683 6
    endloop
  endfacet
  facet normal 0.970015 0.243043 0
    outer loop
      vertex 4.33266 33.6683 0
      vertex 4.3732 33.5065 6
      vertex 4.3732 33.5065 0
    endloop
  endfacet
  facet normal 0.595772 0.803154 -0
    outer loop
      vertex 5.05553 32.5865 0
      vertex 4.92153 32.6859 6
      vertex 5.05553 32.5865 6
    endloop
  endfacet
  facet normal 0.595772 0.803154 0
    outer loop
      vertex 4.92153 32.6859 6
      vertex 5.05553 32.5865 0
      vertex 4.92153 32.6859 0
    endloop
  endfacet
  facet normal 0.242775 0.970083 -0
    outer loop
      vertex 5.66835 32.3327 0
      vertex 5.50652 32.3732 6
      vertex 5.66835 32.3327 6
    endloop
  endfacet
  facet normal 0.242775 0.970083 0
    outer loop
      vertex 5.50652 32.3732 6
      vertex 5.66835 32.3327 0
      vertex 5.50652 32.3732 0
    endloop
  endfacet
  facet normal 0.0491513 0.998791 -0
    outer loop
      vertex 6 32.3 0
      vertex 5.83337 32.3082 6
      vertex 6 32.3 6
    endloop
  endfacet
  facet normal 0.0491513 0.998791 0
    outer loop
      vertex 5.83337 32.3082 6
      vertex 6 32.3 0
      vertex 5.83337 32.3082 0
    endloop
  endfacet
  facet normal -0.336868 0.941552 0
    outer loop
      vertex 6.65056 32.4294 0
      vertex 6.49348 32.3732 6
      vertex 6.65056 32.4294 6
    endloop
  endfacet
  facet normal -0.336868 0.941552 0
    outer loop
      vertex 6.49348 32.3732 6
      vertex 6.65056 32.4294 0
      vertex 6.49348 32.3732 0
    endloop
  endfacet
  facet normal 0.514258 0.857636 -0
    outer loop
      vertex 5.19862 32.5007 0
      vertex 5.05553 32.5865 6
      vertex 5.19862 32.5007 6
    endloop
  endfacet
  facet normal 0.514258 0.857636 0
    outer loop
      vertex 5.05553 32.5865 6
      vertex 5.19862 32.5007 0
      vertex 5.05553 32.5865 0
    endloop
  endfacet
  facet normal 0.336868 0.941552 -0
    outer loop
      vertex 5.50652 32.3732 0
      vertex 5.34944 32.4294 6
      vertex 5.50652 32.3732 6
    endloop
  endfacet
  facet normal 0.336868 0.941552 0
    outer loop
      vertex 5.34944 32.4294 6
      vertex 5.50652 32.3732 0
      vertex 5.34944 32.4294 0
    endloop
  endfacet
  facet normal -0.857123 -0.515112 0
    outer loop
      vertex 105.499 6.80137 0
      vertex 105.413 6.94447 6
      vertex 105.413 6.94447 0
    endloop
  endfacet
  facet normal -0.857123 -0.515112 0
    outer loop
      vertex 105.413 6.94447 6
      vertex 105.499 6.80137 0
      vertex 105.499 6.80137 6
    endloop
  endfacet
  facet normal -0.33518 -0.942154 0
    outer loop
      vertex 104.493 7.6268 0
      vertex 104.651 7.57059 6
      vertex 104.493 7.6268 6
    endloop
  endfacet
  facet normal -0.33518 -0.942154 -0
    outer loop
      vertex 104.651 7.57059 6
      vertex 104.493 7.6268 0
      vertex 104.651 7.57059 0
    endloop
  endfacet
  facet normal 0.429401 -0.903114 0
    outer loop
      vertex 103.199 7.49927 0
      vertex 103.349 7.57059 6
      vertex 103.199 7.49927 6
    endloop
  endfacet
  facet normal 0.429401 -0.903114 0
    outer loop
      vertex 103.349 7.57059 6
      vertex 103.199 7.49927 0
      vertex 103.349 7.57059 0
    endloop
  endfacet
  facet normal 0.941932 -0.335805 0
    outer loop
      vertex 102.373 6.49348 6
      vertex 102.429 6.65056 0
      vertex 102.429 6.65056 6
    endloop
  endfacet
  facet normal 0.941932 -0.335805 0
    outer loop
      vertex 102.429 6.65056 0
      vertex 102.373 6.49348 6
      vertex 102.373 6.49348 0
    endloop
  endfacet
  facet normal -0.998849 0.0479553 0
    outer loop
      vertex 105.692 5.83337 0
      vertex 105.7 6 6
      vertex 105.7 6 0
    endloop
  endfacet
  facet normal -0.998849 0.0479553 0
    outer loop
      vertex 105.7 6 6
      vertex 105.692 5.83337 0
      vertex 105.692 5.83337 6
    endloop
  endfacet
  facet normal -0.42945 0.903091 0
    outer loop
      vertex 104.801 4.50073 0
      vertex 104.651 4.4294 6
      vertex 104.801 4.50073 6
    endloop
  endfacet
  facet normal -0.42945 0.903091 0
    outer loop
      vertex 104.651 4.4294 6
      vertex 104.801 4.50073 0
      vertex 104.651 4.4294 0
    endloop
  endfacet
  facet normal 0.998849 0.0479553 0
    outer loop
      vertex 102.308 5.83337 6
      vertex 102.3 6 0
      vertex 102.3 6 6
    endloop
  endfacet
  facet normal 0.998849 0.0479553 0
    outer loop
      vertex 102.3 6 0
      vertex 102.308 5.83337 6
      vertex 102.308 5.83337 0
    endloop
  endfacet
  facet normal 0.670418 -0.741984 0
    outer loop
      vertex 102.798 7.20208 0
      vertex 102.922 7.31412 6
      vertex 102.798 7.20208 6
    endloop
  endfacet
  facet normal 0.670418 -0.741984 0
    outer loop
      vertex 102.922 7.31412 6
      vertex 102.798 7.20208 0
      vertex 102.922 7.31412 0
    endloop
  endfacet
  facet normal -0.941932 0.335805 0
    outer loop
      vertex 105.571 5.34944 0
      vertex 105.627 5.50652 6
      vertex 105.627 5.50652 0
    endloop
  endfacet
  facet normal -0.941932 0.335805 0
    outer loop
      vertex 105.627 5.50652 6
      vertex 105.571 5.34944 0
      vertex 105.571 5.34944 6
    endloop
  endfacet
  facet normal 0.048983 0.9988 -0
    outer loop
      vertex 104 4.3 0
      vertex 103.833 4.30819 6
      vertex 104 4.3 6
    endloop
  endfacet
  facet normal 0.048983 0.9988 0
    outer loop
      vertex 103.833 4.30819 6
      vertex 104 4.3 0
      vertex 103.833 4.30819 0
    endloop
  endfacet
  facet normal -0.988718 -0.149788 0
    outer loop
      vertex 105.692 6.16663 0
      vertex 105.667 6.33165 6
      vertex 105.667 6.33165 0
    endloop
  endfacet
  facet normal -0.988718 -0.149788 0
    outer loop
      vertex 105.667 6.33165 6
      vertex 105.692 6.16663 0
      vertex 105.692 6.16663 6
    endloop
  endfacet
  facet normal -0.804301 -0.594222 0
    outer loop
      vertex 105.413 6.94447 0
      vertex 105.314 7.07847 6
      vertex 105.314 7.07847 0
    endloop
  endfacet
  facet normal -0.804301 -0.594222 0
    outer loop
      vertex 105.314 7.07847 6
      vertex 105.413 6.94447 0
      vertex 105.413 6.94447 6
    endloop
  endfacet
  facet normal -0.670418 -0.741984 0
    outer loop
      vertex 105.078 7.31412 0
      vertex 105.202 7.20208 6
      vertex 105.078 7.31412 6
    endloop
  endfacet
  facet normal -0.670418 -0.741984 -0
    outer loop
      vertex 105.202 7.20208 6
      vertex 105.078 7.31412 0
      vertex 105.202 7.20208 0
    endloop
  endfacet
  facet normal -0.741051 -0.671448 0
    outer loop
      vertex 105.314 7.07847 0
      vertex 105.202 7.20208 6
      vertex 105.202 7.20208 0
    endloop
  endfacet
  facet normal -0.741051 -0.671448 0
    outer loop
      vertex 105.202 7.20208 6
      vertex 105.314 7.07847 0
      vertex 105.314 7.07847 6
    endloop
  endfacet
  facet normal 0.048983 -0.9988 0
    outer loop
      vertex 103.833 7.69181 0
      vertex 104 7.7 6
      vertex 103.833 7.69181 6
    endloop
  endfacet
  facet normal 0.048983 -0.9988 0
    outer loop
      vertex 104 7.7 6
      vertex 103.833 7.69181 0
      vertex 104 7.7 0
    endloop
  endfacet
  facet normal -0.244123 -0.969744 0
    outer loop
      vertex 104.332 7.66733 0
      vertex 104.493 7.6268 6
      vertex 104.332 7.66733 6
    endloop
  endfacet
  facet normal -0.244123 -0.969744 -0
    outer loop
      vertex 104.493 7.6268 6
      vertex 104.332 7.66733 0
      vertex 104.493 7.6268 0
    endloop
  endfacet
  facet normal -0.146757 -0.989173 0
    outer loop
      vertex 104.167 7.69181 0
      vertex 104.332 7.66733 6
      vertex 104.167 7.69181 6
    endloop
  endfacet
  facet normal -0.146757 -0.989173 -0
    outer loop
      vertex 104.332 7.66733 6
      vertex 104.167 7.69181 0
      vertex 104.332 7.66733 0
    endloop
  endfacet
  facet normal -0.595695 -0.803211 0
    outer loop
      vertex 104.944 7.4135 0
      vertex 105.078 7.31412 6
      vertex 104.944 7.4135 6
    endloop
  endfacet
  facet normal -0.595695 -0.803211 -0
    outer loop
      vertex 105.078 7.31412 6
      vertex 104.944 7.4135 0
      vertex 105.078 7.31412 0
    endloop
  endfacet
  facet normal -0.514363 -0.857572 0
    outer loop
      vertex 104.801 7.49927 0
      vertex 104.944 7.4135 6
      vertex 104.801 7.49927 6
    endloop
  endfacet
  facet normal -0.514363 -0.857572 -0
    outer loop
      vertex 104.944 7.4135 6
      vertex 104.801 7.49927 0
      vertex 104.944 7.4135 0
    endloop
  endfacet
  facet normal 0.970785 -0.239952 0
    outer loop
      vertex 102.333 6.33165 6
      vertex 102.373 6.49348 0
      vertex 102.373 6.49348 6
    endloop
  endfacet
  facet normal 0.970785 -0.239952 0
    outer loop
      vertex 102.373 6.49348 0
      vertex 102.333 6.33165 6
      vertex 102.333 6.33165 0
    endloop
  endfacet
  facet normal 0.988718 -0.149788 0
    outer loop
      vertex 102.308 6.16663 6
      vertex 102.333 6.33165 0
      vertex 102.333 6.33165 6
    endloop
  endfacet
  facet normal 0.988718 -0.149788 0
    outer loop
      vertex 102.333 6.33165 0
      vertex 102.308 6.16663 6
      vertex 102.308 6.16663 0
    endloop
  endfacet
  facet normal 0.804301 -0.594222 0
    outer loop
      vertex 102.587 6.94447 6
      vertex 102.686 7.07847 0
      vertex 102.686 7.07847 6
    endloop
  endfacet
  facet normal 0.804301 -0.594222 0
    outer loop
      vertex 102.686 7.07847 0
      vertex 102.587 6.94447 6
      vertex 102.587 6.94447 0
    endloop
  endfacet
  facet normal 0.857123 -0.515112 0
    outer loop
      vertex 102.501 6.80137 6
      vertex 102.587 6.94447 0
      vertex 102.587 6.94447 6
    endloop
  endfacet
  facet normal 0.857123 -0.515112 0
    outer loop
      vertex 102.587 6.94447 0
      vertex 102.501 6.80137 6
      vertex 102.501 6.80137 0
    endloop
  endfacet
  facet normal 0.146757 -0.989173 0
    outer loop
      vertex 103.668 7.66733 0
      vertex 103.833 7.69181 6
      vertex 103.668 7.66733 6
    endloop
  endfacet
  facet normal 0.146757 -0.989173 0
    outer loop
      vertex 103.833 7.69181 6
      vertex 103.668 7.66733 0
      vertex 103.833 7.69181 0
    endloop
  endfacet
  facet normal 0.244123 -0.969744 0
    outer loop
      vertex 103.507 7.6268 0
      vertex 103.668 7.66733 6
      vertex 103.507 7.6268 6
    endloop
  endfacet
  facet normal 0.244123 -0.969744 0
    outer loop
      vertex 103.668 7.66733 6
      vertex 103.507 7.6268 0
      vertex 103.668 7.66733 0
    endloop
  endfacet
  facet normal 0.514363 -0.857572 0
    outer loop
      vertex 103.056 7.4135 0
      vertex 103.199 7.49927 6
      vertex 103.056 7.4135 6
    endloop
  endfacet
  facet normal 0.514363 -0.857572 0
    outer loop
      vertex 103.199 7.49927 6
      vertex 103.056 7.4135 0
      vertex 103.199 7.49927 0
    endloop
  endfacet
  facet normal 0.595695 -0.803211 0
    outer loop
      vertex 102.922 7.31412 0
      vertex 103.056 7.4135 6
      vertex 102.922 7.31412 6
    endloop
  endfacet
  facet normal 0.595695 -0.803211 0
    outer loop
      vertex 103.056 7.4135 6
      vertex 102.922 7.31412 0
      vertex 103.056 7.4135 0
    endloop
  endfacet
  facet normal 0.741051 -0.671448 0
    outer loop
      vertex 102.686 7.07847 6
      vertex 102.798 7.20208 0
      vertex 102.798 7.20208 6
    endloop
  endfacet
  facet normal 0.741051 -0.671448 0
    outer loop
      vertex 102.798 7.20208 0
      vertex 102.686 7.07847 6
      vertex 102.686 7.07847 0
    endloop
  endfacet
  facet normal -0.998849 -0.0479553 0
    outer loop
      vertex 105.7 6 0
      vertex 105.692 6.16663 6
      vertex 105.692 6.16663 0
    endloop
  endfacet
  facet normal -0.998849 -0.0479553 0
    outer loop
      vertex 105.692 6.16663 6
      vertex 105.7 6 0
      vertex 105.7 6 6
    endloop
  endfacet
  facet normal -0.857107 0.515139 0
    outer loop
      vertex 105.413 5.05553 0
      vertex 105.499 5.19862 6
      vertex 105.499 5.19862 0
    endloop
  endfacet
  facet normal -0.857107 0.515139 0
    outer loop
      vertex 105.499 5.19862 6
      vertex 105.413 5.05553 0
      vertex 105.413 5.05553 6
    endloop
  endfacet
  facet normal 0.741051 0.671448 0
    outer loop
      vertex 102.798 4.79792 6
      vertex 102.686 4.92153 0
      vertex 102.686 4.92153 6
    endloop
  endfacet
  facet normal 0.741051 0.671448 0
    outer loop
      vertex 102.686 4.92153 0
      vertex 102.798 4.79792 6
      vertex 102.798 4.79792 0
    endloop
  endfacet
  facet normal 0.941932 0.335805 0
    outer loop
      vertex 102.429 5.34944 6
      vertex 102.373 5.50652 0
      vertex 102.373 5.50652 6
    endloop
  endfacet
  facet normal 0.941932 0.335805 0
    outer loop
      vertex 102.373 5.50652 0
      vertex 102.429 5.34944 6
      vertex 102.429 5.34944 0
    endloop
  endfacet
  facet normal -0.146699 0.989181 0
    outer loop
      vertex 104.332 4.33266 0
      vertex 104.167 4.30819 6
      vertex 104.332 4.33266 6
    endloop
  endfacet
  facet normal -0.146699 0.989181 0
    outer loop
      vertex 104.167 4.30819 6
      vertex 104.332 4.33266 0
      vertex 104.167 4.30819 0
    endloop
  endfacet
  facet normal -0.902429 -0.430839 0
    outer loop
      vertex 105.571 6.65056 0
      vertex 105.499 6.80137 6
      vertex 105.499 6.80137 0
    endloop
  endfacet
  facet normal -0.902429 -0.430839 0
    outer loop
      vertex 105.499 6.80137 6
      vertex 105.571 6.65056 0
      vertex 105.571 6.65056 6
    endloop
  endfacet
  facet normal -0.941932 -0.335805 0
    outer loop
      vertex 105.627 6.49348 0
      vertex 105.571 6.65056 6
      vertex 105.571 6.65056 0
    endloop
  endfacet
  facet normal -0.941932 -0.335805 0
    outer loop
      vertex 105.571 6.65056 6
      vertex 105.627 6.49348 0
      vertex 105.627 6.49348 6
    endloop
  endfacet
  facet normal -0.970785 -0.239952 0
    outer loop
      vertex 105.667 6.33165 0
      vertex 105.627 6.49348 6
      vertex 105.627 6.49348 0
    endloop
  endfacet
  facet normal -0.970785 -0.239952 0
    outer loop
      vertex 105.627 6.49348 6
      vertex 105.667 6.33165 0
      vertex 105.667 6.33165 6
    endloop
  endfacet
  facet normal -0.048983 -0.9988 0
    outer loop
      vertex 104 7.7 0
      vertex 104.167 7.69181 6
      vertex 104 7.7 6
    endloop
  endfacet
  facet normal -0.048983 -0.9988 -0
    outer loop
      vertex 104.167 7.69181 6
      vertex 104 7.7 0
      vertex 104.167 7.69181 0
    endloop
  endfacet
  facet normal -0.429401 -0.903114 0
    outer loop
      vertex 104.651 7.57059 0
      vertex 104.801 7.49927 6
      vertex 104.651 7.57059 6
    endloop
  endfacet
  facet normal -0.429401 -0.903114 -0
    outer loop
      vertex 104.801 7.49927 6
      vertex 104.651 7.57059 0
      vertex 104.801 7.49927 0
    endloop
  endfacet
  facet normal 0.998849 -0.0479553 0
    outer loop
      vertex 102.3 6 6
      vertex 102.308 6.16663 0
      vertex 102.308 6.16663 6
    endloop
  endfacet
  facet normal 0.998849 -0.0479553 0
    outer loop
      vertex 102.308 6.16663 0
      vertex 102.3 6 6
      vertex 102.3 6 0
    endloop
  endfacet
  facet normal 0.902429 -0.430839 0
    outer loop
      vertex 102.429 6.65056 6
      vertex 102.501 6.80137 0
      vertex 102.501 6.80137 6
    endloop
  endfacet
  facet normal 0.902429 -0.430839 0
    outer loop
      vertex 102.501 6.80137 0
      vertex 102.429 6.65056 6
      vertex 102.429 6.65056 0
    endloop
  endfacet
  facet normal 0.33518 -0.942154 0
    outer loop
      vertex 103.349 7.57059 0
      vertex 103.507 7.6268 6
      vertex 103.349 7.57059 6
    endloop
  endfacet
  facet normal 0.33518 -0.942154 0
    outer loop
      vertex 103.507 7.6268 6
      vertex 103.349 7.57059 0
      vertex 103.507 7.6268 0
    endloop
  endfacet
  facet normal -0.970785 0.239952 0
    outer loop
      vertex 105.627 5.50652 0
      vertex 105.667 5.66835 6
      vertex 105.667 5.66835 0
    endloop
  endfacet
  facet normal -0.970785 0.239952 0
    outer loop
      vertex 105.667 5.66835 6
      vertex 105.627 5.50652 0
      vertex 105.627 5.50652 6
    endloop
  endfacet
  facet normal -0.670418 0.741984 0
    outer loop
      vertex 105.202 4.79792 0
      vertex 105.078 4.68588 6
      vertex 105.202 4.79792 6
    endloop
  endfacet
  facet normal -0.670418 0.741984 0
    outer loop
      vertex 105.078 4.68588 6
      vertex 105.202 4.79792 0
      vertex 105.078 4.68588 0
    endloop
  endfacet
  facet normal -0.90244 0.430816 0
    outer loop
      vertex 105.499 5.19862 0
      vertex 105.571 5.34944 6
      vertex 105.571 5.34944 0
    endloop
  endfacet
  facet normal -0.90244 0.430816 0
    outer loop
      vertex 105.571 5.34944 6
      vertex 105.499 5.19862 0
      vertex 105.499 5.19862 6
    endloop
  endfacet
  facet normal -0.804301 0.594222 0
    outer loop
      vertex 105.314 4.92153 0
      vertex 105.413 5.05553 6
      vertex 105.413 5.05553 0
    endloop
  endfacet
  facet normal -0.804301 0.594222 0
    outer loop
      vertex 105.413 5.05553 6
      vertex 105.314 4.92153 0
      vertex 105.314 4.92153 6
    endloop
  endfacet
  facet normal 0.595695 0.803211 -0
    outer loop
      vertex 103.056 4.5865 0
      vertex 102.922 4.68588 6
      vertex 103.056 4.5865 6
    endloop
  endfacet
  facet normal 0.595695 0.803211 0
    outer loop
      vertex 102.922 4.68588 6
      vertex 103.056 4.5865 0
      vertex 102.922 4.68588 0
    endloop
  endfacet
  facet normal 0.988718 0.149788 0
    outer loop
      vertex 102.333 5.66835 6
      vertex 102.308 5.83337 0
      vertex 102.308 5.83337 6
    endloop
  endfacet
  facet normal 0.988718 0.149788 0
    outer loop
      vertex 102.308 5.83337 0
      vertex 102.333 5.66835 6
      vertex 102.333 5.66835 0
    endloop
  endfacet
  facet normal 0.90244 0.430816 0
    outer loop
      vertex 102.501 5.19862 6
      vertex 102.429 5.34944 0
      vertex 102.429 5.34944 6
    endloop
  endfacet
  facet normal 0.90244 0.430816 0
    outer loop
      vertex 102.429 5.34944 0
      vertex 102.501 5.19862 6
      vertex 102.501 5.19862 0
    endloop
  endfacet
  facet normal 0.670418 0.741984 -0
    outer loop
      vertex 102.922 4.68588 0
      vertex 102.798 4.79792 6
      vertex 102.922 4.68588 6
    endloop
  endfacet
  facet normal 0.670418 0.741984 0
    outer loop
      vertex 102.798 4.79792 6
      vertex 102.922 4.68588 0
      vertex 102.798 4.79792 0
    endloop
  endfacet
  facet normal 0.857107 0.515139 0
    outer loop
      vertex 102.587 5.05553 6
      vertex 102.501 5.19862 0
      vertex 102.501 5.19862 6
    endloop
  endfacet
  facet normal 0.857107 0.515139 0
    outer loop
      vertex 102.501 5.19862 0
      vertex 102.587 5.05553 6
      vertex 102.587 5.05553 0
    endloop
  endfacet
  facet normal -0.988718 0.149788 0
    outer loop
      vertex 105.667 5.66835 0
      vertex 105.692 5.83337 6
      vertex 105.692 5.83337 0
    endloop
  endfacet
  facet normal -0.988718 0.149788 0
    outer loop
      vertex 105.692 5.83337 6
      vertex 105.667 5.66835 0
      vertex 105.667 5.66835 6
    endloop
  endfacet
  facet normal -0.048983 0.9988 0
    outer loop
      vertex 104.167 4.30819 0
      vertex 104 4.3 6
      vertex 104.167 4.30819 6
    endloop
  endfacet
  facet normal -0.048983 0.9988 0
    outer loop
      vertex 104 4.3 6
      vertex 104.167 4.30819 0
      vertex 104 4.3 0
    endloop
  endfacet
  facet normal 0.244179 0.96973 -0
    outer loop
      vertex 103.668 4.33266 0
      vertex 103.507 4.3732 6
      vertex 103.668 4.33266 6
    endloop
  endfacet
  facet normal 0.244179 0.96973 0
    outer loop
      vertex 103.507 4.3732 6
      vertex 103.668 4.33266 0
      vertex 103.507 4.3732 0
    endloop
  endfacet
  facet normal 0.42945 0.903091 -0
    outer loop
      vertex 103.349 4.4294 0
      vertex 103.199 4.50073 6
      vertex 103.349 4.4294 6
    endloop
  endfacet
  facet normal 0.42945 0.903091 0
    outer loop
      vertex 103.199 4.50073 6
      vertex 103.349 4.4294 0
      vertex 103.199 4.50073 0
    endloop
  endfacet
  facet normal 0.970785 0.239952 0
    outer loop
      vertex 102.373 5.50652 6
      vertex 102.333 5.66835 0
      vertex 102.333 5.66835 6
    endloop
  endfacet
  facet normal 0.970785 0.239952 0
    outer loop
      vertex 102.333 5.66835 0
      vertex 102.373 5.50652 6
      vertex 102.373 5.50652 0
    endloop
  endfacet
  facet normal 0.804301 0.594222 0
    outer loop
      vertex 102.686 4.92153 6
      vertex 102.587 5.05553 0
      vertex 102.587 5.05553 6
    endloop
  endfacet
  facet normal 0.804301 0.594222 0
    outer loop
      vertex 102.587 5.05553 0
      vertex 102.686 4.92153 6
      vertex 102.686 4.92153 0
    endloop
  endfacet
  facet normal -0.244179 0.96973 0
    outer loop
      vertex 104.493 4.3732 0
      vertex 104.332 4.33266 6
      vertex 104.493 4.3732 6
    endloop
  endfacet
  facet normal -0.244179 0.96973 0
    outer loop
      vertex 104.332 4.33266 6
      vertex 104.493 4.3732 0
      vertex 104.332 4.33266 0
    endloop
  endfacet
  facet normal -0.335127 0.942173 0
    outer loop
      vertex 104.651 4.4294 0
      vertex 104.493 4.3732 6
      vertex 104.651 4.4294 6
    endloop
  endfacet
  facet normal -0.335127 0.942173 0
    outer loop
      vertex 104.493 4.3732 6
      vertex 104.651 4.4294 0
      vertex 104.493 4.3732 0
    endloop
  endfacet
  facet normal -0.595695 0.803211 0
    outer loop
      vertex 105.078 4.68588 0
      vertex 104.944 4.5865 6
      vertex 105.078 4.68588 6
    endloop
  endfacet
  facet normal -0.595695 0.803211 0
    outer loop
      vertex 104.944 4.5865 6
      vertex 105.078 4.68588 0
      vertex 104.944 4.5865 0
    endloop
  endfacet
  facet normal -0.514363 0.857572 0
    outer loop
      vertex 104.944 4.5865 0
      vertex 104.801 4.50073 6
      vertex 104.944 4.5865 6
    endloop
  endfacet
  facet normal -0.514363 0.857572 0
    outer loop
      vertex 104.801 4.50073 6
      vertex 104.944 4.5865 0
      vertex 104.801 4.50073 0
    endloop
  endfacet
  facet normal -0.741051 0.671448 0
    outer loop
      vertex 105.202 4.79792 0
      vertex 105.314 4.92153 6
      vertex 105.314 4.92153 0
    endloop
  endfacet
  facet normal -0.741051 0.671448 0
    outer loop
      vertex 105.314 4.92153 6
      vertex 105.202 4.79792 0
      vertex 105.202 4.79792 6
    endloop
  endfacet
  facet normal 0.146699 0.989181 -0
    outer loop
      vertex 103.833 4.30819 0
      vertex 103.668 4.33266 6
      vertex 103.833 4.30819 6
    endloop
  endfacet
  facet normal 0.146699 0.989181 0
    outer loop
      vertex 103.668 4.33266 6
      vertex 103.833 4.30819 0
      vertex 103.668 4.33266 0
    endloop
  endfacet
  facet normal 0.514363 0.857572 -0
    outer loop
      vertex 103.199 4.50073 0
      vertex 103.056 4.5865 6
      vertex 103.199 4.50073 6
    endloop
  endfacet
  facet normal 0.514363 0.857572 0
    outer loop
      vertex 103.056 4.5865 6
      vertex 103.199 4.50073 0
      vertex 103.056 4.5865 0
    endloop
  endfacet
  facet normal 0.335127 0.942173 -0
    outer loop
      vertex 103.507 4.3732 0
      vertex 103.349 4.4294 6
      vertex 103.507 4.3732 6
    endloop
  endfacet
  facet normal 0.335127 0.942173 0
    outer loop
      vertex 103.349 4.4294 6
      vertex 103.507 4.3732 0
      vertex 103.349 4.4294 0
    endloop
  endfacet
  facet normal -0.857123 -0.515112 0
    outer loop
      vertex 105.499 34.8014 0
      vertex 105.413 34.9445 6
      vertex 105.413 34.9445 0
    endloop
  endfacet
  facet normal -0.857123 -0.515112 0
    outer loop
      vertex 105.413 34.9445 6
      vertex 105.499 34.8014 0
      vertex 105.499 34.8014 6
    endloop
  endfacet
  facet normal -0.335127 -0.942173 0
    outer loop
      vertex 104.493 35.6268 0
      vertex 104.651 35.5706 6
      vertex 104.493 35.6268 6
    endloop
  endfacet
  facet normal -0.335127 -0.942173 -0
    outer loop
      vertex 104.651 35.5706 6
      vertex 104.493 35.6268 0
      vertex 104.651 35.5706 0
    endloop
  endfacet
  facet normal 0.429302 -0.903161 0
    outer loop
      vertex 103.199 35.4993 0
      vertex 103.349 35.5706 6
      vertex 103.199 35.4993 6
    endloop
  endfacet
  facet normal 0.429302 -0.903161 0
    outer loop
      vertex 103.349 35.5706 6
      vertex 103.199 35.4993 0
      vertex 103.349 35.5706 0
    endloop
  endfacet
  facet normal 0.941945 -0.335767 0
    outer loop
      vertex 102.373 34.4935 6
      vertex 102.429 34.6506 0
      vertex 102.429 34.6506 6
    endloop
  endfacet
  facet normal 0.941945 -0.335767 0
    outer loop
      vertex 102.429 34.6506 0
      vertex 102.373 34.4935 6
      vertex 102.373 34.4935 0
    endloop
  endfacet
  facet normal -0.998849 0.0479639 0
    outer loop
      vertex 105.692 33.8334 0
      vertex 105.7 34 6
      vertex 105.7 34 0
    endloop
  endfacet
  facet normal -0.998849 0.0479639 0
    outer loop
      vertex 105.7 34 6
      vertex 105.692 33.8334 0
      vertex 105.692 33.8334 6
    endloop
  endfacet
  facet normal -0.0490427 -0.998797 0
    outer loop
      vertex 104 35.7 0
      vertex 104.167 35.6918 6
      vertex 104 35.7 6
    endloop
  endfacet
  facet normal -0.0490427 -0.998797 -0
    outer loop
      vertex 104.167 35.6918 6
      vertex 104 35.7 0
      vertex 104.167 35.6918 0
    endloop
  endfacet
  facet normal -0.514496 -0.857493 0
    outer loop
      vertex 104.801 35.4993 0
      vertex 104.944 35.4135 6
      vertex 104.801 35.4993 6
    endloop
  endfacet
  facet normal -0.514496 -0.857493 -0
    outer loop
      vertex 104.944 35.4135 6
      vertex 104.801 35.4993 0
      vertex 104.944 35.4135 0
    endloop
  endfacet
  facet normal 0.998849 -0.0479639 0
    outer loop
      vertex 102.3 34 6
      vertex 102.308 34.1666 0
      vertex 102.308 34.1666 6
    endloop
  endfacet
  facet normal 0.998849 -0.0479639 0
    outer loop
      vertex 102.308 34.1666 0
      vertex 102.3 34 6
      vertex 102.3 34 0
    endloop
  endfacet
  facet normal 0.804301 -0.594222 0
    outer loop
      vertex 102.587 34.9445 6
      vertex 102.686 35.0785 0
      vertex 102.686 35.0785 6
    endloop
  endfacet
  facet normal 0.804301 -0.594222 0
    outer loop
      vertex 102.686 35.0785 0
      vertex 102.587 34.9445 6
      vertex 102.587 34.9445 0
    endloop
  endfacet
  facet normal 0.243953 -0.969787 0
    outer loop
      vertex 103.507 35.6268 0
      vertex 103.668 35.6673 6
      vertex 103.507 35.6268 6
    endloop
  endfacet
  facet normal 0.243953 -0.969787 0
    outer loop
      vertex 103.668 35.6673 6
      vertex 103.507 35.6268 0
      vertex 103.668 35.6673 0
    endloop
  endfacet
  facet normal -0.514496 0.857493 0
    outer loop
      vertex 104.944 32.5865 0
      vertex 104.801 32.5007 6
      vertex 104.944 32.5865 6
    endloop
  endfacet
  facet normal -0.514496 0.857493 0
    outer loop
      vertex 104.801 32.5007 6
      vertex 104.944 32.5865 0
      vertex 104.801 32.5007 0
    endloop
  endfacet
  facet normal 0.595772 0.803154 -0
    outer loop
      vertex 103.056 32.5865 0
      vertex 102.922 32.6859 6
      vertex 103.056 32.5865 6
    endloop
  endfacet
  facet normal 0.595772 0.803154 0
    outer loop
      vertex 102.922 32.6859 6
      vertex 103.056 32.5865 0
      vertex 102.922 32.6859 0
    endloop
  endfacet
  facet normal 0.857123 0.515112 0
    outer loop
      vertex 102.587 33.0555 6
      vertex 102.501 33.1986 0
      vertex 102.501 33.1986 6
    endloop
  endfacet
  facet normal 0.857123 0.515112 0
    outer loop
      vertex 102.501 33.1986 0
      vertex 102.587 33.0555 6
      vertex 102.587 33.0555 0
    endloop
  endfacet
  facet normal -0.988729 -0.149717 0
    outer loop
      vertex 105.692 34.1666 0
      vertex 105.667 34.3317 6
      vertex 105.667 34.3317 0
    endloop
  endfacet
  facet normal -0.988729 -0.149717 0
    outer loop
      vertex 105.667 34.3317 6
      vertex 105.692 34.1666 0
      vertex 105.692 34.1666 6
    endloop
  endfacet
  facet normal -0.804301 -0.594222 0
    outer loop
      vertex 105.413 34.9445 0
      vertex 105.314 35.0785 6
      vertex 105.314 35.0785 0
    endloop
  endfacet
  facet normal -0.804301 -0.594222 0
    outer loop
      vertex 105.314 35.0785 6
      vertex 105.413 34.9445 0
      vertex 105.413 34.9445 6
    endloop
  endfacet
  facet normal -0.670286 -0.742103 0
    outer loop
      vertex 105.078 35.3141 0
      vertex 105.202 35.2021 6
      vertex 105.078 35.3141 6
    endloop
  endfacet
  facet normal -0.670286 -0.742103 -0
    outer loop
      vertex 105.202 35.2021 6
      vertex 105.078 35.3141 0
      vertex 105.202 35.2021 0
    endloop
  endfacet
  facet normal 0.0490427 -0.998797 0
    outer loop
      vertex 103.833 35.6918 0
      vertex 104 35.7 6
      vertex 103.833 35.6918 6
    endloop
  endfacet
  facet normal 0.0490427 -0.998797 0
    outer loop
      vertex 104 35.7 6
      vertex 103.833 35.6918 0
      vertex 104 35.7 0
    endloop
  endfacet
  facet normal -0.243953 -0.969787 0
    outer loop
      vertex 104.332 35.6673 0
      vertex 104.493 35.6268 6
      vertex 104.332 35.6673 6
    endloop
  endfacet
  facet normal -0.243953 -0.969787 -0
    outer loop
      vertex 104.493 35.6268 6
      vertex 104.332 35.6673 0
      vertex 104.493 35.6268 0
    endloop
  endfacet
  facet normal -0.146875 -0.989155 0
    outer loop
      vertex 104.167 35.6918 0
      vertex 104.332 35.6673 6
      vertex 104.167 35.6918 6
    endloop
  endfacet
  facet normal -0.146875 -0.989155 -0
    outer loop
      vertex 104.332 35.6673 6
      vertex 104.167 35.6918 0
      vertex 104.332 35.6673 0
    endloop
  endfacet
  facet normal -0.429302 -0.903161 0
    outer loop
      vertex 104.651 35.5706 0
      vertex 104.801 35.4993 6
      vertex 104.651 35.5706 6
    endloop
  endfacet
  facet normal -0.429302 -0.903161 -0
    outer loop
      vertex 104.801 35.4993 6
      vertex 104.651 35.5706 0
      vertex 104.801 35.4993 0
    endloop
  endfacet
  facet normal -0.595772 -0.803154 0
    outer loop
      vertex 104.944 35.4135 0
      vertex 105.078 35.3141 6
      vertex 104.944 35.4135 6
    endloop
  endfacet
  facet normal -0.595772 -0.803154 -0
    outer loop
      vertex 105.078 35.3141 6
      vertex 104.944 35.4135 0
      vertex 105.078 35.3141 0
    endloop
  endfacet
  facet normal 0.970774 -0.239994 0
    outer loop
      vertex 102.333 34.3317 6
      vertex 102.373 34.4935 0
      vertex 102.373 34.4935 6
    endloop
  endfacet
  facet normal 0.970774 -0.239994 0
    outer loop
      vertex 102.373 34.4935 0
      vertex 102.333 34.3317 6
      vertex 102.333 34.3317 0
    endloop
  endfacet
  facet normal 0.988729 -0.149717 0
    outer loop
      vertex 102.308 34.1666 6
      vertex 102.333 34.3317 0
      vertex 102.333 34.3317 6
    endloop
  endfacet
  facet normal 0.988729 -0.149717 0
    outer loop
      vertex 102.333 34.3317 0
      vertex 102.308 34.1666 6
      vertex 102.308 34.1666 0
    endloop
  endfacet
  facet normal 0.902418 -0.430863 0
    outer loop
      vertex 102.429 34.6506 6
      vertex 102.501 34.8014 0
      vertex 102.501 34.8014 6
    endloop
  endfacet
  facet normal 0.902418 -0.430863 0
    outer loop
      vertex 102.501 34.8014 0
      vertex 102.429 34.6506 6
      vertex 102.429 34.6506 0
    endloop
  endfacet
  facet normal 0.857123 -0.515112 0
    outer loop
      vertex 102.501 34.8014 6
      vertex 102.587 34.9445 0
      vertex 102.587 34.9445 6
    endloop
  endfacet
  facet normal 0.857123 -0.515112 0
    outer loop
      vertex 102.587 34.9445 0
      vertex 102.501 34.8014 6
      vertex 102.501 34.8014 0
    endloop
  endfacet
  facet normal 0.335127 -0.942173 0
    outer loop
      vertex 103.349 35.5706 0
      vertex 103.507 35.6268 6
      vertex 103.349 35.5706 6
    endloop
  endfacet
  facet normal 0.335127 -0.942173 0
    outer loop
      vertex 103.507 35.6268 6
      vertex 103.349 35.5706 0
      vertex 103.507 35.6268 0
    endloop
  endfacet
  facet normal 0.146875 -0.989155 0
    outer loop
      vertex 103.668 35.6673 0
      vertex 103.833 35.6918 6
      vertex 103.668 35.6673 6
    endloop
  endfacet
  facet normal 0.146875 -0.989155 0
    outer loop
      vertex 103.833 35.6918 6
      vertex 103.668 35.6673 0
      vertex 103.833 35.6918 0
    endloop
  endfacet
  facet normal 0.595772 -0.803154 0
    outer loop
      vertex 102.922 35.3141 0
      vertex 103.056 35.4135 6
      vertex 102.922 35.3141 6
    endloop
  endfacet
  facet normal 0.595772 -0.803154 0
    outer loop
      vertex 103.056 35.4135 6
      vertex 102.922 35.3141 0
      vertex 103.056 35.4135 0
    endloop
  endfacet
  facet normal 0.670286 -0.742103 0
    outer loop
      vertex 102.798 35.2021 0
      vertex 102.922 35.3141 6
      vertex 102.798 35.2021 6
    endloop
  endfacet
  facet normal 0.670286 -0.742103 0
    outer loop
      vertex 102.922 35.3141 6
      vertex 102.798 35.2021 0
      vertex 102.922 35.3141 0
    endloop
  endfacet
  facet normal 0.514496 -0.857493 0
    outer loop
      vertex 103.056 35.4135 0
      vertex 103.199 35.4993 6
      vertex 103.056 35.4135 6
    endloop
  endfacet
  facet normal 0.514496 -0.857493 0
    outer loop
      vertex 103.199 35.4993 6
      vertex 103.056 35.4135 0
      vertex 103.199 35.4993 0
    endloop
  endfacet
  facet normal 0.741024 -0.671478 0
    outer loop
      vertex 102.686 35.0785 6
      vertex 102.798 35.2021 0
      vertex 102.798 35.2021 6
    endloop
  endfacet
  facet normal 0.741024 -0.671478 0
    outer loop
      vertex 102.798 35.2021 0
      vertex 102.686 35.0785 6
      vertex 102.686 35.0785 0
    endloop
  endfacet
  facet normal -0.998849 -0.0479639 0
    outer loop
      vertex 105.7 34 0
      vertex 105.692 34.1666 6
      vertex 105.692 34.1666 0
    endloop
  endfacet
  facet normal -0.998849 -0.0479639 0
    outer loop
      vertex 105.692 34.1666 6
      vertex 105.7 34 0
      vertex 105.7 34 6
    endloop
  endfacet
  facet normal -0.970774 0.239994 0
    outer loop
      vertex 105.627 33.5065 0
      vertex 105.667 33.6683 6
      vertex 105.667 33.6683 0
    endloop
  endfacet
  facet normal -0.970774 0.239994 0
    outer loop
      vertex 105.667 33.6683 6
      vertex 105.627 33.5065 0
      vertex 105.627 33.5065 6
    endloop
  endfacet
  facet normal -0.0490427 0.998797 0
    outer loop
      vertex 104.167 32.3082 0
      vertex 104 32.3 6
      vertex 104.167 32.3082 6
    endloop
  endfacet
  facet normal -0.0490427 0.998797 0
    outer loop
      vertex 104 32.3 6
      vertex 104.167 32.3082 0
      vertex 104 32.3 0
    endloop
  endfacet
  facet normal 0.941945 0.335767 0
    outer loop
      vertex 102.429 33.3494 6
      vertex 102.373 33.5065 0
      vertex 102.373 33.5065 6
    endloop
  endfacet
  facet normal 0.941945 0.335767 0
    outer loop
      vertex 102.373 33.5065 0
      vertex 102.429 33.3494 6
      vertex 102.429 33.3494 0
    endloop
  endfacet
  facet normal 0.741024 0.671478 0
    outer loop
      vertex 102.798 32.7979 6
      vertex 102.686 32.9215 0
      vertex 102.686 32.9215 6
    endloop
  endfacet
  facet normal 0.741024 0.671478 0
    outer loop
      vertex 102.686 32.9215 0
      vertex 102.798 32.7979 6
      vertex 102.798 32.7979 0
    endloop
  endfacet
  facet normal -0.146875 0.989155 0
    outer loop
      vertex 104.332 32.3327 0
      vertex 104.167 32.3082 6
      vertex 104.332 32.3327 6
    endloop
  endfacet
  facet normal -0.146875 0.989155 0
    outer loop
      vertex 104.167 32.3082 6
      vertex 104.332 32.3327 0
      vertex 104.167 32.3082 0
    endloop
  endfacet
  facet normal -0.902418 -0.430863 0
    outer loop
      vertex 105.571 34.6506 0
      vertex 105.499 34.8014 6
      vertex 105.499 34.8014 0
    endloop
  endfacet
  facet normal -0.902418 -0.430863 0
    outer loop
      vertex 105.499 34.8014 6
      vertex 105.571 34.6506 0
      vertex 105.571 34.6506 6
    endloop
  endfacet
  facet normal -0.941945 -0.335767 0
    outer loop
      vertex 105.627 34.4935 0
      vertex 105.571 34.6506 6
      vertex 105.571 34.6506 0
    endloop
  endfacet
  facet normal -0.941945 -0.335767 0
    outer loop
      vertex 105.571 34.6506 6
      vertex 105.627 34.4935 0
      vertex 105.627 34.4935 6
    endloop
  endfacet
  facet normal -0.970774 -0.239994 0
    outer loop
      vertex 105.667 34.3317 0
      vertex 105.627 34.4935 6
      vertex 105.627 34.4935 0
    endloop
  endfacet
  facet normal -0.970774 -0.239994 0
    outer loop
      vertex 105.627 34.4935 6
      vertex 105.667 34.3317 0
      vertex 105.667 34.3317 6
    endloop
  endfacet
  facet normal -0.741024 -0.671478 0
    outer loop
      vertex 105.314 35.0785 0
      vertex 105.202 35.2021 6
      vertex 105.202 35.2021 0
    endloop
  endfacet
  facet normal -0.741024 -0.671478 0
    outer loop
      vertex 105.202 35.2021 6
      vertex 105.314 35.0785 0
      vertex 105.314 35.0785 6
    endloop
  endfacet
  facet normal 0.998849 0.0479639 0
    outer loop
      vertex 102.308 33.8334 6
      vertex 102.3 34 0
      vertex 102.3 34 6
    endloop
  endfacet
  facet normal 0.998849 0.0479639 0
    outer loop
      vertex 102.3 34 0
      vertex 102.308 33.8334 6
      vertex 102.308 33.8334 0
    endloop
  endfacet
  facet normal -0.988729 0.149717 0
    outer loop
      vertex 105.667 33.6683 0
      vertex 105.692 33.8334 6
      vertex 105.692 33.8334 0
    endloop
  endfacet
  facet normal -0.988729 0.149717 0
    outer loop
      vertex 105.692 33.8334 6
      vertex 105.667 33.6683 0
      vertex 105.667 33.6683 6
    endloop
  endfacet
  facet normal -0.741024 0.671478 0
    outer loop
      vertex 105.202 32.7979 0
      vertex 105.314 32.9215 6
      vertex 105.314 32.9215 0
    endloop
  endfacet
  facet normal -0.741024 0.671478 0
    outer loop
      vertex 105.314 32.9215 6
      vertex 105.202 32.7979 0
      vertex 105.202 32.7979 6
    endloop
  endfacet
  facet normal -0.804301 0.594222 0
    outer loop
      vertex 105.314 32.9215 0
      vertex 105.413 33.0555 6
      vertex 105.413 33.0555 0
    endloop
  endfacet
  facet normal -0.804301 0.594222 0
    outer loop
      vertex 105.413 33.0555 6
      vertex 105.314 32.9215 0
      vertex 105.314 32.9215 6
    endloop
  endfacet
  facet normal -0.902418 0.430863 0
    outer loop
      vertex 105.499 33.1986 0
      vertex 105.571 33.3494 6
      vertex 105.571 33.3494 0
    endloop
  endfacet
  facet normal -0.902418 0.430863 0
    outer loop
      vertex 105.571 33.3494 6
      vertex 105.499 33.1986 0
      vertex 105.499 33.1986 6
    endloop
  endfacet
  facet normal -0.857123 0.515112 0
    outer loop
      vertex 105.413 33.0555 0
      vertex 105.499 33.1986 6
      vertex 105.499 33.1986 0
    endloop
  endfacet
  facet normal -0.857123 0.515112 0
    outer loop
      vertex 105.499 33.1986 6
      vertex 105.413 33.0555 0
      vertex 105.413 33.0555 6
    endloop
  endfacet
  facet normal 0.243953 0.969787 -0
    outer loop
      vertex 103.668 32.3327 0
      vertex 103.507 32.3732 6
      vertex 103.668 32.3327 6
    endloop
  endfacet
  facet normal 0.243953 0.969787 0
    outer loop
      vertex 103.507 32.3732 6
      vertex 103.668 32.3327 0
      vertex 103.507 32.3732 0
    endloop
  endfacet
  facet normal 0.902418 0.430863 0
    outer loop
      vertex 102.501 33.1986 6
      vertex 102.429 33.3494 0
      vertex 102.429 33.3494 6
    endloop
  endfacet
  facet normal 0.902418 0.430863 0
    outer loop
      vertex 102.429 33.3494 0
      vertex 102.501 33.1986 6
      vertex 102.501 33.1986 0
    endloop
  endfacet
  facet normal 0.670286 0.742103 -0
    outer loop
      vertex 102.922 32.6859 0
      vertex 102.798 32.7979 6
      vertex 102.922 32.6859 6
    endloop
  endfacet
  facet normal 0.670286 0.742103 0
    outer loop
      vertex 102.798 32.7979 6
      vertex 102.922 32.6859 0
      vertex 102.798 32.7979 0
    endloop
  endfacet
  facet normal -0.243953 0.969787 0
    outer loop
      vertex 104.493 32.3732 0
      vertex 104.332 32.3327 6
      vertex 104.493 32.3732 6
    endloop
  endfacet
  facet normal -0.243953 0.969787 0
    outer loop
      vertex 104.332 32.3327 6
      vertex 104.493 32.3732 0
      vertex 104.332 32.3327 0
    endloop
  endfacet
  facet normal -0.429302 0.903161 0
    outer loop
      vertex 104.801 32.5007 0
      vertex 104.651 32.4294 6
      vertex 104.801 32.5007 6
    endloop
  endfacet
  facet normal -0.429302 0.903161 0
    outer loop
      vertex 104.651 32.4294 6
      vertex 104.801 32.5007 0
      vertex 104.651 32.4294 0
    endloop
  endfacet
  facet normal -0.335127 0.942173 0
    outer loop
      vertex 104.651 32.4294 0
      vertex 104.493 32.3732 6
      vertex 104.651 32.4294 6
    endloop
  endfacet
  facet normal -0.335127 0.942173 0
    outer loop
      vertex 104.493 32.3732 6
      vertex 104.651 32.4294 0
      vertex 104.493 32.3732 0
    endloop
  endfacet
  facet normal -0.670286 0.742103 0
    outer loop
      vertex 105.202 32.7979 0
      vertex 105.078 32.6859 6
      vertex 105.202 32.7979 6
    endloop
  endfacet
  facet normal -0.670286 0.742103 0
    outer loop
      vertex 105.078 32.6859 6
      vertex 105.202 32.7979 0
      vertex 105.078 32.6859 0
    endloop
  endfacet
  facet normal -0.941945 0.335767 0
    outer loop
      vertex 105.571 33.3494 0
      vertex 105.627 33.5065 6
      vertex 105.627 33.5065 0
    endloop
  endfacet
  facet normal -0.941945 0.335767 0
    outer loop
      vertex 105.627 33.5065 6
      vertex 105.571 33.3494 0
      vertex 105.571 33.3494 6
    endloop
  endfacet
  facet normal 0.0490427 0.998797 -0
    outer loop
      vertex 104 32.3 0
      vertex 103.833 32.3082 6
      vertex 104 32.3 6
    endloop
  endfacet
  facet normal 0.0490427 0.998797 0
    outer loop
      vertex 103.833 32.3082 6
      vertex 104 32.3 0
      vertex 103.833 32.3082 0
    endloop
  endfacet
  facet normal 0.429302 0.903161 -0
    outer loop
      vertex 103.349 32.4294 0
      vertex 103.199 32.5007 6
      vertex 103.349 32.4294 6
    endloop
  endfacet
  facet normal 0.429302 0.903161 0
    outer loop
      vertex 103.199 32.5007 6
      vertex 103.349 32.4294 0
      vertex 103.199 32.5007 0
    endloop
  endfacet
  facet normal 0.970774 0.239994 0
    outer loop
      vertex 102.373 33.5065 6
      vertex 102.333 33.6683 0
      vertex 102.333 33.6683 6
    endloop
  endfacet
  facet normal 0.970774 0.239994 0
    outer loop
      vertex 102.333 33.6683 0
      vertex 102.373 33.5065 6
      vertex 102.373 33.5065 0
    endloop
  endfacet
  facet normal 0.988729 0.149717 0
    outer loop
      vertex 102.333 33.6683 6
      vertex 102.308 33.8334 0
      vertex 102.308 33.8334 6
    endloop
  endfacet
  facet normal 0.988729 0.149717 0
    outer loop
      vertex 102.308 33.8334 0
      vertex 102.333 33.6683 6
      vertex 102.333 33.6683 0
    endloop
  endfacet
  facet normal 0.804301 0.594222 0
    outer loop
      vertex 102.686 32.9215 6
      vertex 102.587 33.0555 0
      vertex 102.587 33.0555 6
    endloop
  endfacet
  facet normal 0.804301 0.594222 0
    outer loop
      vertex 102.587 33.0555 0
      vertex 102.686 32.9215 6
      vertex 102.686 32.9215 0
    endloop
  endfacet
  facet normal -0.595772 0.803154 0
    outer loop
      vertex 105.078 32.6859 0
      vertex 104.944 32.5865 6
      vertex 105.078 32.6859 6
    endloop
  endfacet
  facet normal -0.595772 0.803154 0
    outer loop
      vertex 104.944 32.5865 6
      vertex 105.078 32.6859 0
      vertex 104.944 32.5865 0
    endloop
  endfacet
  facet normal 0.514496 0.857493 -0
    outer loop
      vertex 103.199 32.5007 0
      vertex 103.056 32.5865 6
      vertex 103.199 32.5007 6
    endloop
  endfacet
  facet normal 0.514496 0.857493 0
    outer loop
      vertex 103.056 32.5865 6
      vertex 103.199 32.5007 0
      vertex 103.056 32.5865 0
    endloop
  endfacet
  facet normal 0.335127 0.942173 -0
    outer loop
      vertex 103.507 32.3732 0
      vertex 103.349 32.4294 6
      vertex 103.507 32.3732 6
    endloop
  endfacet
  facet normal 0.335127 0.942173 0
    outer loop
      vertex 103.349 32.4294 6
      vertex 103.507 32.3732 0
      vertex 103.349 32.4294 0
    endloop
  endfacet
  facet normal 0.146875 0.989155 -0
    outer loop
      vertex 103.833 32.3082 0
      vertex 103.668 32.3327 6
      vertex 103.833 32.3082 6
    endloop
  endfacet
  facet normal 0.146875 0.989155 0
    outer loop
      vertex 103.668 32.3327 6
      vertex 103.833 32.3082 0
      vertex 103.668 32.3327 0
    endloop
  endfacet
  facet normal 0.242982 -0.970031 0
    outer loop
      vertex 105.975 0.0960693 0
      vertex 106.451 0.215302 6
      vertex 105.975 0.0960693 6
    endloop
  endfacet
  facet normal 0.242982 -0.970031 0
    outer loop
      vertex 106.451 0.215302 6
      vertex 105.975 0.0960693 0
      vertex 106.451 0.215302 0
    endloop
  endfacet
  facet normal 0.146826 -0.989162 0
    outer loop
      vertex 105.49 0.0240784 0
      vertex 105.975 0.0960693 6
      vertex 105.49 0.0240784 6
    endloop
  endfacet
  facet normal 0.146826 -0.989162 0
    outer loop
      vertex 105.975 0.0960693 6
      vertex 105.49 0.0240784 0
      vertex 105.975 0.0960693 0
    endloop
  endfacet
  facet normal -1 0 0
    outer loop
      vertex 0 5 0
      vertex 0 35 6
      vertex 0 35 0
    endloop
  endfacet
  facet normal -1 -0 0
    outer loop
      vertex 0 35 6
      vertex 0 5 0
      vertex 0 5 6
    endloop
  endfacet
  facet normal 0.0490804 -0.998795 0
    outer loop
      vertex 105 0 0
      vertex 105.49 0.0240784 6
      vertex 105 0 6
    endloop
  endfacet
  facet normal 0.0490804 -0.998795 0
    outer loop
      vertex 105.49 0.0240784 6
      vertex 105 0 0
      vertex 105.49 0.0240784 0
    endloop
  endfacet
  facet normal 0.336879 0.941548 -0
    outer loop
      vertex 106.913 39.6194 0
      vertex 106.451 39.7847 6
      vertex 106.913 39.6194 6
    endloop
  endfacet
  facet normal 0.336879 0.941548 0
    outer loop
      vertex 106.451 39.7847 6
      vertex 106.913 39.6194 0
      vertex 106.451 39.7847 0
    endloop
  endfacet
  facet normal 0 -1 0
    outer loop
      vertex 5 0 0
      vertex 105 0 6
      vertex 5 0 6
    endloop
  endfacet
  facet normal 0 -1 -0
    outer loop
      vertex 105 0 6
      vertex 5 0 0
      vertex 105 0 0
    endloop
  endfacet
  facet normal -0.0491163 0.998793 0
    outer loop
      vertex 5 40 0
      vertex 4.50992 39.9759 6
      vertex 5 40 6
    endloop
  endfacet
  facet normal -0.0491163 0.998793 0
    outer loop
      vertex 4.50992 39.9759 6
      vertex 5 40 0
      vertex 4.50992 39.9759 0
    endloop
  endfacet
  facet normal 0.989173 0.146755 0
    outer loop
      vertex 109.976 35.4901 6
      vertex 109.904 35.9754 0
      vertex 109.904 35.9754 6
    endloop
  endfacet
  facet normal 0.989173 0.146755 0
    outer loop
      vertex 109.904 35.9754 0
      vertex 109.976 35.4901 6
      vertex 109.976 35.4901 0
    endloop
  endfacet
  facet normal -0.595569 0.803304 0
    outer loop
      vertex 2.22215 39.1573 0
      vertex 1.82803 38.8651 6
      vertex 2.22215 39.1573 6
    endloop
  endfacet
  facet normal -0.595569 0.803304 0
    outer loop
      vertex 1.82803 38.8651 6
      vertex 2.22215 39.1573 0
      vertex 1.82803 38.8651 0
    endloop
  endfacet
  facet normal 0 0 -1
    outer loop
      vertex 7.6268 6.49348 0
      vertex 102.373 6.49348 0
      vertex 7.66733 6.33165 0
    endloop
  endfacet
  facet normal 0 0 -1
    outer loop
      vertex 102.373 33.5065 0
      vertex 7.69181 33.8334 0
      vertex 7.7 34 0
    endloop
  endfacet
  facet normal 0 0 -1
    outer loop
      vertex 102.373 6.49348 0
      vertex 7.6268 6.49348 0
      vertex 102.373 33.5065 0
    endloop
  endfacet
  facet normal 0 0 -1
    outer loop
      vertex 102.373 33.5065 0
      vertex 7.66733 33.6683 0
      vertex 7.69181 33.8334 0
    endloop
  endfacet
  facet normal 0 0 -1
    outer loop
      vertex 7.6268 33.5065 0
      vertex 102.373 33.5065 0
      vertex 7.6268 6.49348 0
    endloop
  endfacet
  facet normal 0 0 -1
    outer loop
      vertex 102.373 33.5065 0
      vertex 7.6268 33.5065 0
      vertex 7.66733 33.6683 0
    endloop
  endfacet
  facet normal 0 0 -1
    outer loop
      vertex 7.57059 6.65056 0
      vertex 7.6268 33.5065 0
      vertex 7.6268 6.49348 0
    endloop
  endfacet
  facet normal 0 0 -1
    outer loop
      vertex 7.57059 6.65056 0
      vertex 7.57059 33.3494 0
      vertex 7.6268 33.5065 0
    endloop
  endfacet
  facet normal 0 0 -1
    outer loop
      vertex 7.49927 6.80137 0
      vertex 7.57059 33.3494 0
      vertex 7.57059 6.65056 0
    endloop
  endfacet
  facet normal 0 0 -1
    outer loop
      vertex 7.49927 6.80137 0
      vertex 7.49927 33.1986 0
      vertex 7.57059 33.3494 0
    endloop
  endfacet
  facet normal 0 0 -1
    outer loop
      vertex 7.4135 6.94447 0
      vertex 7.49927 33.1986 0
      vertex 7.49927 6.80137 0
    endloop
  endfacet
  facet normal 0 0 -1
    outer loop
      vertex 7.4135 6.94447 0
      vertex 7.4135 33.0555 0
      vertex 7.49927 33.1986 0
    endloop
  endfacet
  facet normal 0 0 -1
    outer loop
      vertex 7.31412 7.07847 0
      vertex 7.4135 33.0555 0
      vertex 7.4135 6.94447 0
    endloop
  endfacet
  facet normal 0 0 -1
    outer loop
      vertex 7.31412 7.07847 0
      vertex 7.31412 32.9215 0
      vertex 7.4135 33.0555 0
    endloop
  endfacet
  facet normal 0 0 -1
    outer loop
      vertex 7.20208 7.20208 0
      vertex 7.31412 32.9215 0
      vertex 7.31412 7.07847 0
    endloop
  endfacet
  facet normal 0 0 -1
    outer loop
      vertex 7.20208 7.20208 0
      vertex 7.20208 32.7979 0
      vertex 7.31412 32.9215 0
    endloop
  endfacet
  facet normal 0 0 -1
    outer loop
      vertex 7.07847 7.31412 0
      vertex 7.20208 32.7979 0
      vertex 7.20208 7.20208 0
    endloop
  endfacet
  facet normal 0 0 -1
    outer loop
      vertex 7.07847 7.31412 0
      vertex 7.07847 32.6859 0
      vertex 7.20208 32.7979 0
    endloop
  endfacet
  facet normal 0 0 -1
    outer loop
      vertex 6.94447 7.4135 0
      vertex 7.07847 32.6859 0
      vertex 7.07847 7.31412 0
    endloop
  endfacet
  facet normal 0 0 -1
    outer loop
      vertex 6.94447 7.4135 0
      vertex 6.94447 32.5865 0
      vertex 7.07847 32.6859 0
    endloop
  endfacet
  facet normal 0 0 -1
    outer loop
      vertex 6.80137 7.49927 0
      vertex 6.94447 32.5865 0
      vertex 6.94447 7.4135 0
    endloop
  endfacet
  facet normal 0 0 -1
    outer loop
      vertex 6.80137 7.49927 0
      vertex 6.80137 32.5007 0
      vertex 6.94447 32.5865 0
    endloop
  endfacet
  facet normal 0 0 -1
    outer loop
      vertex 6.65056 7.57059 0
      vertex 6.80137 32.5007 0
      vertex 6.80137 7.49927 0
    endloop
  endfacet
  facet normal 0 0 -1
    outer loop
      vertex 6.65056 7.57059 0
      vertex 6.65056 32.4294 0
      vertex 6.80137 32.5007 0
    endloop
  endfacet
  facet normal 0 0 -1
    outer loop
      vertex 6.49348 7.6268 0
      vertex 6.65056 32.4294 0
      vertex 6.65056 7.57059 0
    endloop
  endfacet
  facet normal 0 0 -1
    outer loop
      vertex 6.49348 7.6268 0
      vertex 6.49348 32.3732 0
      vertex 6.65056 32.4294 0
    endloop
  endfacet
  facet normal 0 0 -1
    outer loop
      vertex 6.33165 7.66733 0
      vertex 6.49348 32.3732 0
      vertex 6.49348 7.6268 0
    endloop
  endfacet
  facet normal 0 0 -1
    outer loop
      vertex 6.33165 7.66733 0
      vertex 6.33165 32.3327 0
      vertex 6.49348 32.3732 0
    endloop
  endfacet
  facet normal 0 0 -1
    outer loop
      vertex 6.16663 7.69181 0
      vertex 6.33165 32.3327 0
      vertex 6.33165 7.66733 0
    endloop
  endfacet
  facet normal 0 0 -1
    outer loop
      vertex 6.16663 7.69181 0
      vertex 6.16663 32.3082 0
      vertex 6.33165 32.3327 0
    endloop
  endfacet
  facet normal 0 0 -1
    outer loop
      vertex 6 7.7 0
      vertex 6.16663 32.3082 0
      vertex 6.16663 7.69181 0
    endloop
  endfacet
  facet normal 0 0 -1
    outer loop
      vertex 6 7.7 0
      vertex 6 32.3 0
      vertex 6.16663 32.3082 0
    endloop
  endfacet
  facet normal 0 0 -1
    outer loop
      vertex 5.83337 7.69181 0
      vertex 6 32.3 0
      vertex 6 7.7 0
    endloop
  endfacet
  facet normal 0 0 -1
    outer loop
      vertex 5.83337 7.69181 0
      vertex 5.83337 32.3082 0
      vertex 6 32.3 0
    endloop
  endfacet
  facet normal 0 0 -1
    outer loop
      vertex 5.66835 7.66733 0
      vertex 5.83337 32.3082 0
      vertex 5.83337 7.69181 0
    endloop
  endfacet
  facet normal 0 0 -1
    outer loop
      vertex 5.66835 7.66733 0
      vertex 5.66835 32.3327 0
      vertex 5.83337 32.3082 0
    endloop
  endfacet
  facet normal 0 0 -1
    outer loop
      vertex 5.50652 7.6268 0
      vertex 5.66835 32.3327 0
      vertex 5.66835 7.66733 0
    endloop
  endfacet
  facet normal 0 0 -1
    outer loop
      vertex 5.50652 7.6268 0
      vertex 5.50652 32.3732 0
      vertex 5.66835 32.3327 0
    endloop
  endfacet
  facet normal 0 0 -1
    outer loop
      vertex 5.34944 7.57059 0
      vertex 5.50652 32.3732 0
      vertex 5.50652 7.6268 0
    endloop
  endfacet
  facet normal 0 0 -1
    outer loop
      vertex 5.34944 7.57059 0
      vertex 5.34944 32.4294 0
      vertex 5.50652 32.3732 0
    endloop
  endfacet
  facet normal 0 0 -1
    outer loop
      vertex 5.19862 7.49927 0
      vertex 5.34944 32.4294 0
      vertex 5.34944 7.57059 0
    endloop
  endfacet
  facet normal 0 0 -1
    outer loop
      vertex 5.19862 7.49927 0
      vertex 5.19862 32.5007 0
      vertex 5.34944 32.4294 0
    endloop
  endfacet
  facet normal 0 0 -1
    outer loop
      vertex 5.05553 7.4135 0
      vertex 5.19862 32.5007 0
      vertex 5.19862 7.49927 0
    endloop
  endfacet
  facet normal 0 0 -1
    outer loop
      vertex 5.05553 7.4135 0
      vertex 5.05553 32.5865 0
      vertex 5.19862 32.5007 0
    endloop
  endfacet
  facet normal 0 0 -1
    outer loop
      vertex 0 5 0
      vertex 5.05553 7.4135 0
      vertex 4.92153 7.31412 0
    endloop
  endfacet
  facet normal -0 0 -1
    outer loop
      vertex 5.05553 7.4135 0
      vertex 0 5 0
      vertex 5.05553 32.5865 0
    endloop
  endfacet
  facet normal 0 0 -1
    outer loop
      vertex 0 5 0
      vertex 4.92153 7.31412 0
      vertex 4.79792 7.20208 0
    endloop
  endfacet
  facet normal 0 0 -1
    outer loop
      vertex 0 35 0
      vertex 5.05553 32.5865 0
      vertex 0 5 0
    endloop
  endfacet
  facet normal 0 0 -1
    outer loop
      vertex 0 5 0
      vertex 4.79792 7.20208 0
      vertex 4.68588 7.07847 0
    endloop
  endfacet
  facet normal 0 0 -1
    outer loop
      vertex 5.05553 32.5865 0
      vertex 0 35 0
      vertex 4.92153 32.6859 0
    endloop
  endfacet
  facet normal 0 0 -1
    outer loop
      vertex 0 5 0
      vertex 4.68588 7.07847 0
      vertex 4.5865 6.94447 0
    endloop
  endfacet
  facet normal 0 0 -1
    outer loop
      vertex 4.92153 32.6859 0
      vertex 0 35 0
      vertex 4.79792 32.7979 0
    endloop
  endfacet
  facet normal 0 0 -1
    outer loop
      vertex 0 5 0
      vertex 4.5865 6.94447 0
      vertex 4.50073 6.80137 0
    endloop
  endfacet
  facet normal 0 0 -1
    outer loop
      vertex 4.79792 32.7979 0
      vertex 0 35 0
      vertex 4.68588 32.9215 0
    endloop
  endfacet
  facet normal 0 0 -1
    outer loop
      vertex 0 5 0
      vertex 4.50073 6.80137 0
      vertex 4.4294 6.65056 0
    endloop
  endfacet
  facet normal 0 0 -1
    outer loop
      vertex 4.68588 32.9215 0
      vertex 0 35 0
      vertex 4.5865 33.0555 0
    endloop
  endfacet
  facet normal 0 0 -1
    outer loop
      vertex 0 5 0
      vertex 4.4294 6.65056 0
      vertex 4.3732 6.49348 0
    endloop
  endfacet
  facet normal 0 0 -1
    outer loop
      vertex 4.5865 33.0555 0
      vertex 0 35 0
      vertex 4.50073 33.1986 0
    endloop
  endfacet
  facet normal 0 0 -1
    outer loop
      vertex 0 5 0
      vertex 4.3732 6.49348 0
      vertex 4.33266 6.33165 0
    endloop
  endfacet
  facet normal 0 0 -1
    outer loop
      vertex 4.50073 33.1986 0
      vertex 0 35 0
      vertex 4.4294 33.3494 0
    endloop
  endfacet
  facet normal 0 0 -1
    outer loop
      vertex 0 5 0
      vertex 4.33266 6.33165 0
      vertex 4.30819 6.16663 0
    endloop
  endfacet
  facet normal 0 0 -1
    outer loop
      vertex 4.4294 33.3494 0
      vertex 0 35 0
      vertex 4.3732 33.5065 0
    endloop
  endfacet
  facet normal 0 0 -1
    outer loop
      vertex 0 5 0
      vertex 4.30819 6.16663 0
      vertex 4.3 6 0
    endloop
  endfacet
  facet normal 0 0 -1
    outer loop
      vertex 4.3732 33.5065 0
      vertex 0 35 0
      vertex 4.33266 33.6683 0
    endloop
  endfacet
  facet normal 0 0 -1
    outer loop
      vertex 105.627 6.49348 0
      vertex 110 5 0
      vertex 105.667 6.33165 0
    endloop
  endfacet
  facet normal 0 0 -1
    outer loop
      vertex 110 35 0
      vertex 105.692 33.8334 0
      vertex 105.7 34 0
    endloop
  endfacet
  facet normal 0 0 -1
    outer loop
      vertex 105.571 6.65056 0
      vertex 110 5 0
      vertex 105.627 6.49348 0
    endloop
  endfacet
  facet normal 0 0 -1
    outer loop
      vertex 110 35 0
      vertex 105.667 33.6683 0
      vertex 105.692 33.8334 0
    endloop
  endfacet
  facet normal 0 0 -1
    outer loop
      vertex 105.499 6.80137 0
      vertex 110 5 0
      vertex 105.571 6.65056 0
    endloop
  endfacet
  facet normal 0 0 -1
    outer loop
      vertex 110 35 0
      vertex 105.627 33.5065 0
      vertex 105.667 33.6683 0
    endloop
  endfacet
  facet normal 0 0 -1
    outer loop
      vertex 105.413 6.94447 0
      vertex 110 5 0
      vertex 105.499 6.80137 0
    endloop
  endfacet
  facet normal 0 0 -1
    outer loop
      vertex 110 35 0
      vertex 105.571 33.3494 0
      vertex 105.627 33.5065 0
    endloop
  endfacet
  facet normal 0 0 -1
    outer loop
      vertex 105.314 7.07847 0
      vertex 110 5 0
      vertex 105.413 6.94447 0
    endloop
  endfacet
  facet normal 0 0 -1
    outer loop
      vertex 110 35 0
      vertex 105.499 33.1986 0
      vertex 105.571 33.3494 0
    endloop
  endfacet
  facet normal 0 0 -1
    outer loop
      vertex 105.202 7.20208 0
      vertex 110 5 0
      vertex 105.314 7.07847 0
    endloop
  endfacet
  facet normal 0 0 -1
    outer loop
      vertex 110 35 0
      vertex 105.413 33.0555 0
      vertex 105.499 33.1986 0
    endloop
  endfacet
  facet normal 0 0 -1
    outer loop
      vertex 105.078 7.31412 0
      vertex 110 5 0
      vertex 105.202 7.20208 0
    endloop
  endfacet
  facet normal 0 0 -1
    outer loop
      vertex 110 35 0
      vertex 105.314 32.9215 0
      vertex 105.413 33.0555 0
    endloop
  endfacet
  facet normal 0 0 -1
    outer loop
      vertex 104.944 7.4135 0
      vertex 110 5 0
      vertex 105.078 7.31412 0
    endloop
  endfacet
  facet normal 0 0 -1
    outer loop
      vertex 110 35 0
      vertex 105.202 32.7979 0
      vertex 105.314 32.9215 0
    endloop
  endfacet
  facet normal 0 0 -1
    outer loop
      vertex 110 5 0
      vertex 104.944 7.4135 0
      vertex 110 35 0
    endloop
  endfacet
  facet normal 0 0 -1
    outer loop
      vertex 110 35 0
      vertex 105.078 32.6859 0
      vertex 105.202 32.7979 0
    endloop
  endfacet
  facet normal 0 0 -1
    outer loop
      vertex 104.944 32.5865 0
      vertex 110 35 0
      vertex 104.944 7.4135 0
    endloop
  endfacet
  facet normal 0 0 -1
    outer loop
      vertex 110 35 0
      vertex 104.944 32.5865 0
      vertex 105.078 32.6859 0
    endloop
  endfacet
  facet normal 0 0 -1
    outer loop
      vertex 104.801 7.49927 0
      vertex 104.944 32.5865 0
      vertex 104.944 7.4135 0
    endloop
  endfacet
  facet normal 0 0 -1
    outer loop
      vertex 104.801 7.49927 0
      vertex 104.801 32.5007 0
      vertex 104.944 32.5865 0
    endloop
  endfacet
  facet normal 0 0 -1
    outer loop
      vertex 104.651 7.57059 0
      vertex 104.801 32.5007 0
      vertex 104.801 7.49927 0
    endloop
  endfacet
  facet normal 0 0 -1
    outer loop
      vertex 104.651 7.57059 0
      vertex 104.651 32.4294 0
      vertex 104.801 32.5007 0
    endloop
  endfacet
  facet normal 0 0 -1
    outer loop
      vertex 104.493 7.6268 0
      vertex 104.651 32.4294 0
      vertex 104.651 7.57059 0
    endloop
  endfacet
  facet normal 0 0 -1
    outer loop
      vertex 104.493 7.6268 0
      vertex 104.493 32.3732 0
      vertex 104.651 32.4294 0
    endloop
  endfacet
  facet normal 0 0 -1
    outer loop
      vertex 104.332 7.66733 0
      vertex 104.493 32.3732 0
      vertex 104.493 7.6268 0
    endloop
  endfacet
  facet normal 0 0 -1
    outer loop
      vertex 104.332 7.66733 0
      vertex 104.332 32.3327 0
      vertex 104.493 32.3732 0
    endloop
  endfacet
  facet normal 0 0 -1
    outer loop
      vertex 104.167 7.69181 0
      vertex 104.332 32.3327 0
      vertex 104.332 7.66733 0
    endloop
  endfacet
  facet normal 0 0 -1
    outer loop
      vertex 104.167 7.69181 0
      vertex 104.167 32.3082 0
      vertex 104.332 32.3327 0
    endloop
  endfacet
  facet normal 0 0 -1
    outer loop
      vertex 104 7.7 0
      vertex 104.167 32.3082 0
      vertex 104.167 7.69181 0
    endloop
  endfacet
  facet normal 0 0 -1
    outer loop
      vertex 104 7.7 0
      vertex 104 32.3 0
      vertex 104.167 32.3082 0
    endloop
  endfacet
  facet normal 0 0 -1
    outer loop
      vertex 103.833 7.69181 0
      vertex 104 32.3 0
      vertex 104 7.7 0
    endloop
  endfacet
  facet normal 0 0 -1
    outer loop
      vertex 103.833 7.69181 0
      vertex 103.833 32.3082 0
      vertex 104 32.3 0
    endloop
  endfacet
  facet normal 0 0 -1
    outer loop
      vertex 103.668 7.66733 0
      vertex 103.833 32.3082 0
      vertex 103.833 7.69181 0
    endloop
  endfacet
  facet normal 0 0 -1
    outer loop
      vertex 103.668 7.66733 0
      vertex 103.668 32.3327 0
      vertex 103.833 32.3082 0
    endloop
  endfacet
  facet normal 0 0 -1
    outer loop
      vertex 103.507 7.6268 0
      vertex 103.668 32.3327 0
      vertex 103.668 7.66733 0
    endloop
  endfacet
  facet normal 0 0 -1
    outer loop
      vertex 103.507 7.6268 0
      vertex 103.507 32.3732 0
      vertex 103.668 32.3327 0
    endloop
  endfacet
  facet normal 0 0 -1
    outer loop
      vertex 103.349 7.57059 0
      vertex 103.507 32.3732 0
      vertex 103.507 7.6268 0
    endloop
  endfacet
  facet normal 0 0 -1
    outer loop
      vertex 103.349 7.57059 0
      vertex 103.349 32.4294 0
      vertex 103.507 32.3732 0
    endloop
  endfacet
  facet normal 0 0 -1
    outer loop
      vertex 103.199 7.49927 0
      vertex 103.349 32.4294 0
      vertex 103.349 7.57059 0
    endloop
  endfacet
  facet normal 0 0 -1
    outer loop
      vertex 103.199 7.49927 0
      vertex 103.199 32.5007 0
      vertex 103.349 32.4294 0
    endloop
  endfacet
  facet normal 0 0 -1
    outer loop
      vertex 103.056 7.4135 0
      vertex 103.199 32.5007 0
      vertex 103.199 7.49927 0
    endloop
  endfacet
  facet normal 0 0 -1
    outer loop
      vertex 103.056 7.4135 0
      vertex 103.056 32.5865 0
      vertex 103.199 32.5007 0
    endloop
  endfacet
  facet normal 0 0 -1
    outer loop
      vertex 102.922 7.31412 0
      vertex 103.056 32.5865 0
      vertex 103.056 7.4135 0
    endloop
  endfacet
  facet normal 0 0 -1
    outer loop
      vertex 102.922 7.31412 0
      vertex 102.922 32.6859 0
      vertex 103.056 32.5865 0
    endloop
  endfacet
  facet normal 0 0 -1
    outer loop
      vertex 102.798 7.20208 0
      vertex 102.922 32.6859 0
      vertex 102.922 7.31412 0
    endloop
  endfacet
  facet normal 0 0 -1
    outer loop
      vertex 102.798 7.20208 0
      vertex 102.798 32.7979 0
      vertex 102.922 32.6859 0
    endloop
  endfacet
  facet normal 0 0 -1
    outer loop
      vertex 102.686 7.07847 0
      vertex 102.798 32.7979 0
      vertex 102.798 7.20208 0
    endloop
  endfacet
  facet normal 0 0 -1
    outer loop
      vertex 102.686 7.07847 0
      vertex 102.686 32.9215 0
      vertex 102.798 32.7979 0
    endloop
  endfacet
  facet normal 0 0 -1
    outer loop
      vertex 102.587 6.94447 0
      vertex 102.686 32.9215 0
      vertex 102.686 7.07847 0
    endloop
  endfacet
  facet normal 0 0 -1
    outer loop
      vertex 102.587 6.94447 0
      vertex 102.587 33.0555 0
      vertex 102.686 32.9215 0
    endloop
  endfacet
  facet normal 0 0 -1
    outer loop
      vertex 102.501 6.80137 0
      vertex 102.587 33.0555 0
      vertex 102.587 6.94447 0
    endloop
  endfacet
  facet normal 0 0 -1
    outer loop
      vertex 102.501 6.80137 0
      vertex 102.501 33.1986 0
      vertex 102.587 33.0555 0
    endloop
  endfacet
  facet normal 0 0 -1
    outer loop
      vertex 102.429 6.65056 0
      vertex 102.501 33.1986 0
      vertex 102.501 6.80137 0
    endloop
  endfacet
  facet normal 0 0 -1
    outer loop
      vertex 102.429 6.65056 0
      vertex 102.429 33.3494 0
      vertex 102.501 33.1986 0
    endloop
  endfacet
  facet normal 0 0 -1
    outer loop
      vertex 102.373 6.49348 0
      vertex 102.429 33.3494 0
      vertex 102.429 6.65056 0
    endloop
  endfacet
  facet normal 0 0 -1
    outer loop
      vertex 102.373 6.49348 0
      vertex 102.373 33.5065 0
      vertex 102.429 33.3494 0
    endloop
  endfacet
  facet normal 0 0 -1
    outer loop
      vertex 102.308 6.16663 0
      vertex 7.69181 6.16663 0
      vertex 102.333 6.33165 0
    endloop
  endfacet
  facet normal 0 0 -1
    outer loop
      vertex 7.66733 6.33165 0
      vertex 102.333 6.33165 0
      vertex 7.69181 6.16663 0
    endloop
  endfacet
  facet normal 0 0 -1
    outer loop
      vertex 7.69181 6.16663 0
      vertex 102.308 6.16663 0
      vertex 7.7 6 0
    endloop
  endfacet
  facet normal 0 0 -1
    outer loop
      vertex 102.333 6.33165 0
      vertex 7.66733 6.33165 0
      vertex 102.373 6.49348 0
    endloop
  endfacet
  facet normal 0 0 -1
    outer loop
      vertex 7.7 6 0
      vertex 102.308 6.16663 0
      vertex 102.3 6 0
    endloop
  endfacet
  facet normal 0 0 -1
    outer loop
      vertex 102.373 33.5065 0
      vertex 7.7 34 0
      vertex 102.333 33.6683 0
    endloop
  endfacet
  facet normal 0 0 -1
    outer loop
      vertex 105.627 5.50652 0
      vertex 110 5 0
      vertex 109.976 4.50992 0
    endloop
  endfacet
  facet normal 0 0 -1
    outer loop
      vertex 105.692 6.16663 0
      vertex 110 5 0
      vertex 105.7 6 0
    endloop
  endfacet
  facet normal 0 0 -1
    outer loop
      vertex 105.571 5.34944 0
      vertex 109.976 4.50992 0
      vertex 109.904 4.02455 0
    endloop
  endfacet
  facet normal 0 0 -1
    outer loop
      vertex 105.667 6.33165 0
      vertex 110 5 0
      vertex 105.692 6.16663 0
    endloop
  endfacet
  facet normal 0 0 -1
    outer loop
      vertex 105.571 5.34944 0
      vertex 109.904 4.02455 0
      vertex 109.785 3.54858 0
    endloop
  endfacet
  facet normal 0 0 -1
    outer loop
      vertex 105.692 34.1666 0
      vertex 110 35 0
      vertex 105.7 34 0
    endloop
  endfacet
  facet normal 0 0 -1
    outer loop
      vertex 105.499 5.19862 0
      vertex 109.785 3.54858 0
      vertex 109.619 3.08658 0
    endloop
  endfacet
  facet normal 0 0 -1
    outer loop
      vertex 105.667 34.3317 0
      vertex 110 35 0
      vertex 105.692 34.1666 0
    endloop
  endfacet
  facet normal 0 0 -1
    outer loop
      vertex 105.413 5.05553 0
      vertex 109.619 3.08658 0
      vertex 109.41 2.64302 0
    endloop
  endfacet
  facet normal 0 0 -1
    outer loop
      vertex 105.627 34.4935 0
      vertex 110 35 0
      vertex 105.667 34.3317 0
    endloop
  endfacet
  facet normal 0 0 -1
    outer loop
      vertex 105.413 5.05553 0
      vertex 109.41 2.64302 0
      vertex 109.157 2.22215 0
    endloop
  endfacet
  facet normal -0 0 -1
    outer loop
      vertex 110 35 0
      vertex 105.627 34.4935 0
      vertex 109.976 35.4901 0
    endloop
  endfacet
  facet normal 0 0 -1
    outer loop
      vertex 105.314 4.92153 0
      vertex 109.157 2.22215 0
      vertex 108.865 1.82803 0
    endloop
  endfacet
  facet normal 0 0 -1
    outer loop
      vertex 105.571 34.6506 0
      vertex 109.976 35.4901 0
      vertex 105.627 34.4935 0
    endloop
  endfacet
  facet normal 0 0 -1
    outer loop
      vertex 105.202 4.79792 0
      vertex 108.865 1.82803 0
      vertex 108.536 1.46446 0
    endloop
  endfacet
  facet normal -0 0 -1
    outer loop
      vertex 109.976 35.4901 0
      vertex 105.571 34.6506 0
      vertex 109.904 35.9754 0
    endloop
  endfacet
  facet normal 0 0 -1
    outer loop
      vertex 105.202 4.79792 0
      vertex 108.536 1.46446 0
      vertex 108.172 1.13495 0
    endloop
  endfacet
  facet normal -0 0 -1
    outer loop
      vertex 109.904 35.9754 0
      vertex 105.571 34.6506 0
      vertex 109.785 36.4514 0
    endloop
  endfacet
  facet normal 0 0 -1
    outer loop
      vertex 105.078 4.68588 0
      vertex 108.172 1.13495 0
      vertex 107.778 0.842651 0
    endloop
  endfacet
  facet normal 0 0 -1
    outer loop
      vertex 105.499 34.8014 0
      vertex 109.785 36.4514 0
      vertex 105.571 34.6506 0
    endloop
  endfacet
  facet normal 0 0 -1
    outer loop
      vertex 104.944 4.5865 0
      vertex 107.778 0.842651 0
      vertex 107.357 0.590393 0
    endloop
  endfacet
  facet normal -0 0 -1
    outer loop
      vertex 109.785 36.4514 0
      vertex 105.499 34.8014 0
      vertex 109.619 36.9134 0
    endloop
  endfacet
  facet normal 0 0 -1
    outer loop
      vertex 104.944 4.5865 0
      vertex 107.357 0.590393 0
      vertex 106.913 0.3806 0
    endloop
  endfacet
  facet normal 0 0 -1
    outer loop
      vertex 105.413 34.9445 0
      vertex 109.619 36.9134 0
      vertex 105.499 34.8014 0
    endloop
  endfacet
  facet normal 0 0 -1
    outer loop
      vertex 104.801 4.50073 0
      vertex 106.913 0.3806 0
      vertex 106.451 0.215302 0
    endloop
  endfacet
  facet normal -0 0 -1
    outer loop
      vertex 109.619 36.9134 0
      vertex 105.413 34.9445 0
      vertex 109.41 37.357 0
    endloop
  endfacet
  facet normal 0 0 -1
    outer loop
      vertex 104.651 4.4294 0
      vertex 106.451 0.215302 0
      vertex 105.975 0.0960693 0
    endloop
  endfacet
  facet normal -0 0 -1
    outer loop
      vertex 109.41 37.357 0
      vertex 105.413 34.9445 0
      vertex 109.157 37.7778 0
    endloop
  endfacet
  facet normal 0 0 -1
    outer loop
      vertex 105.314 35.0785 0
      vertex 109.157 37.7778 0
      vertex 105.413 34.9445 0
    endloop
  endfacet
  facet normal 0 0 -1
    outer loop
      vertex 110 5 0
      vertex 105.692 5.83337 0
      vertex 105.7 6 0
    endloop
  endfacet
  facet normal 0 0 -1
    outer loop
      vertex 110 5 0
      vertex 105.667 5.66835 0
      vertex 105.692 5.83337 0
    endloop
  endfacet
  facet normal 0 0 -1
    outer loop
      vertex 110 5 0
      vertex 105.627 5.50652 0
      vertex 105.667 5.66835 0
    endloop
  endfacet
  facet normal 0 0 -1
    outer loop
      vertex 109.976 4.50992 0
      vertex 105.571 5.34944 0
      vertex 105.627 5.50652 0
    endloop
  endfacet
  facet normal 0 0 -1
    outer loop
      vertex 109.785 3.54858 0
      vertex 105.499 5.19862 0
      vertex 105.571 5.34944 0
    endloop
  endfacet
  facet normal 0 0 -1
    outer loop
      vertex 104.651 4.4294 0
      vertex 105.975 0.0960693 0
      vertex 105.49 0.0240784 0
    endloop
  endfacet
  facet normal 0 0 -1
    outer loop
      vertex 109.619 3.08658 0
      vertex 105.413 5.05553 0
      vertex 105.499 5.19862 0
    endloop
  endfacet
  facet normal 0 0 -1
    outer loop
      vertex 109.157 2.22215 0
      vertex 105.314 4.92153 0
      vertex 105.413 5.05553 0
    endloop
  endfacet
  facet normal 0 0 -1
    outer loop
      vertex 108.865 1.82803 0
      vertex 105.202 4.79792 0
      vertex 105.314 4.92153 0
    endloop
  endfacet
  facet normal 0 0 -1
    outer loop
      vertex 108.172 1.13495 0
      vertex 105.078 4.68588 0
      vertex 105.202 4.79792 0
    endloop
  endfacet
  facet normal 0 0 -1
    outer loop
      vertex 104.493 4.3732 0
      vertex 105.49 0.0240784 0
      vertex 105 0 0
    endloop
  endfacet
  facet normal 0 0 -1
    outer loop
      vertex 107.778 0.842651 0
      vertex 104.944 4.5865 0
      vertex 105.078 4.68588 0
    endloop
  endfacet
  facet normal 0 0 -1
    outer loop
      vertex 106.913 0.3806 0
      vertex 104.801 4.50073 0
      vertex 104.944 4.5865 0
    endloop
  endfacet
  facet normal 0 0 -1
    outer loop
      vertex 106.451 0.215302 0
      vertex 104.651 4.4294 0
      vertex 104.801 4.50073 0
    endloop
  endfacet
  facet normal 0 0 -1
    outer loop
      vertex 105.49 0.0240784 0
      vertex 104.493 4.3732 0
      vertex 104.651 4.4294 0
    endloop
  endfacet
  facet normal 0 0 -1
    outer loop
      vertex 105 0 0
      vertex 104.332 4.33266 0
      vertex 104.493 4.3732 0
    endloop
  endfacet
  facet normal 0 0 -1
    outer loop
      vertex 105 0 0
      vertex 104.167 4.30819 0
      vertex 104.332 4.33266 0
    endloop
  endfacet
  facet normal 0 0 -1
    outer loop
      vertex 105 0 0
      vertex 104 4.3 0
      vertex 104.167 4.30819 0
    endloop
  endfacet
  facet normal 0 0 -1
    outer loop
      vertex 105 0 0
      vertex 103.833 4.30819 0
      vertex 104 4.3 0
    endloop
  endfacet
  facet normal 0 0 -1
    outer loop
      vertex 105 0 0
      vertex 103.668 4.33266 0
      vertex 103.833 4.30819 0
    endloop
  endfacet
  facet normal 0 0 -1
    outer loop
      vertex 105 0 0
      vertex 103.507 4.3732 0
      vertex 103.668 4.33266 0
    endloop
  endfacet
  facet normal 0 0 -1
    outer loop
      vertex 105 0 0
      vertex 103.349 4.4294 0
      vertex 103.507 4.3732 0
    endloop
  endfacet
  facet normal 0 0 -1
    outer loop
      vertex 105 0 0
      vertex 103.199 4.50073 0
      vertex 103.349 4.4294 0
    endloop
  endfacet
  facet normal 0 0 -1
    outer loop
      vertex 105 0 0
      vertex 103.056 4.5865 0
      vertex 103.199 4.50073 0
    endloop
  endfacet
  facet normal 0 0 -1
    outer loop
      vertex 105 0 0
      vertex 102.922 4.68588 0
      vertex 103.056 4.5865 0
    endloop
  endfacet
  facet normal 0 0 -1
    outer loop
      vertex 105 0 0
      vertex 102.798 4.79792 0
      vertex 102.922 4.68588 0
    endloop
  endfacet
  facet normal 0 0 -1
    outer loop
      vertex 105 0 0
      vertex 102.686 4.92153 0
      vertex 102.798 4.79792 0
    endloop
  endfacet
  facet normal 0 0 -1
    outer loop
      vertex 105 0 0
      vertex 102.587 5.05553 0
      vertex 102.686 4.92153 0
    endloop
  endfacet
  facet normal 0 0 -1
    outer loop
      vertex 105 0 0
      vertex 102.501 5.19862 0
      vertex 102.587 5.05553 0
    endloop
  endfacet
  facet normal 0 0 -1
    outer loop
      vertex 102.333 33.6683 0
      vertex 7.7 34 0
      vertex 102.308 33.8334 0
    endloop
  endfacet
  facet normal 0 0 -1
    outer loop
      vertex 102.308 5.83337 0
      vertex 7.7 6 0
      vertex 102.3 6 0
    endloop
  endfacet
  facet normal 0 0 -1
    outer loop
      vertex 7.69181 5.83337 0
      vertex 102.308 5.83337 0
      vertex 102.333 5.66835 0
    endloop
  endfacet
  facet normal 0 0 -1
    outer loop
      vertex 7.66733 5.66835 0
      vertex 102.333 5.66835 0
      vertex 102.373 5.50652 0
    endloop
  endfacet
  facet normal 0 0 -1
    outer loop
      vertex 7.6268 5.50652 0
      vertex 102.373 5.50652 0
      vertex 102.429 5.34944 0
    endloop
  endfacet
  facet normal 0 0 -1
    outer loop
      vertex 7.57059 5.34944 0
      vertex 102.429 5.34944 0
      vertex 102.501 5.19862 0
    endloop
  endfacet
  facet normal 0 0 -1
    outer loop
      vertex 7.49927 5.19862 0
      vertex 102.501 5.19862 0
      vertex 105 0 0
    endloop
  endfacet
  facet normal 0 0 -1
    outer loop
      vertex 102.308 5.83337 0
      vertex 7.69181 5.83337 0
      vertex 7.7 6 0
    endloop
  endfacet
  facet normal 0 0 -1
    outer loop
      vertex 102.333 5.66835 0
      vertex 7.66733 5.66835 0
      vertex 7.69181 5.83337 0
    endloop
  endfacet
  facet normal 0 0 -1
    outer loop
      vertex 102.373 5.50652 0
      vertex 7.6268 5.50652 0
      vertex 7.66733 5.66835 0
    endloop
  endfacet
  facet normal 0 0 -1
    outer loop
      vertex 102.429 5.34944 0
      vertex 7.57059 5.34944 0
      vertex 7.6268 5.50652 0
    endloop
  endfacet
  facet normal 0 0 -1
    outer loop
      vertex 102.501 5.19862 0
      vertex 7.49927 5.19862 0
      vertex 7.57059 5.34944 0
    endloop
  endfacet
  facet normal 0 0 -1
    outer loop
      vertex 5 0 0
      vertex 7.49927 5.19862 0
      vertex 105 0 0
    endloop
  endfacet
  facet normal 0 0 -1
    outer loop
      vertex 7.49927 5.19862 0
      vertex 5 0 0
      vertex 7.4135 5.05553 0
    endloop
  endfacet
  facet normal 0 0 -1
    outer loop
      vertex 7.4135 5.05553 0
      vertex 5 0 0
      vertex 7.31412 4.92153 0
    endloop
  endfacet
  facet normal 0 0 -1
    outer loop
      vertex 7.31412 4.92153 0
      vertex 5 0 0
      vertex 7.20208 4.79792 0
    endloop
  endfacet
  facet normal 0 0 -1
    outer loop
      vertex 7.20208 4.79792 0
      vertex 5 0 0
      vertex 7.07847 4.68588 0
    endloop
  endfacet
  facet normal 0 0 -1
    outer loop
      vertex 7.07847 4.68588 0
      vertex 5 0 0
      vertex 6.94447 4.5865 0
    endloop
  endfacet
  facet normal 0 0 -1
    outer loop
      vertex 6.94447 4.5865 0
      vertex 5 0 0
      vertex 6.80137 4.50073 0
    endloop
  endfacet
  facet normal 0 0 -1
    outer loop
      vertex 6.80137 4.50073 0
      vertex 5 0 0
      vertex 6.65056 4.4294 0
    endloop
  endfacet
  facet normal 0 0 -1
    outer loop
      vertex 6.65056 4.4294 0
      vertex 5 0 0
      vertex 6.49348 4.3732 0
    endloop
  endfacet
  facet normal 0 0 -1
    outer loop
      vertex 6.49348 4.3732 0
      vertex 5 0 0
      vertex 6.33165 4.33266 0
    endloop
  endfacet
  facet normal 0 0 -1
    outer loop
      vertex 6.33165 4.33266 0
      vertex 5 0 0
      vertex 6.16663 4.30819 0
    endloop
  endfacet
  facet normal 0 0 -1
    outer loop
      vertex 6.16663 4.30819 0
      vertex 5 0 0
      vertex 6 4.3 0
    endloop
  endfacet
  facet normal 0 0 -1
    outer loop
      vertex 5 0 0
      vertex 5.83337 4.30819 0
      vertex 6 4.3 0
    endloop
  endfacet
  facet normal 0 0 -1
    outer loop
      vertex 5 0 0
      vertex 5.66835 4.33266 0
      vertex 5.83337 4.30819 0
    endloop
  endfacet
  facet normal 0 0 -1
    outer loop
      vertex 5 0 0
      vertex 5.50652 4.3732 0
      vertex 5.66835 4.33266 0
    endloop
  endfacet
  facet normal 0 0 -1
    outer loop
      vertex 4.50992 0.0240784 0
      vertex 5.50652 4.3732 0
      vertex 5 0 0
    endloop
  endfacet
  facet normal -0 0 -1
    outer loop
      vertex 5.50652 4.3732 0
      vertex 4.50992 0.0240784 0
      vertex 5.34944 4.4294 0
    endloop
  endfacet
  facet normal 0 0 -1
    outer loop
      vertex 4.02455 0.0960693 0
      vertex 5.34944 4.4294 0
      vertex 4.50992 0.0240784 0
    endloop
  endfacet
  facet normal 0 0 -1
    outer loop
      vertex 3.54858 0.215302 0
      vertex 5.34944 4.4294 0
      vertex 4.02455 0.0960693 0
    endloop
  endfacet
  facet normal -0 0 -1
    outer loop
      vertex 5.34944 4.4294 0
      vertex 3.54858 0.215302 0
      vertex 5.19862 4.50073 0
    endloop
  endfacet
  facet normal 0 0 -1
    outer loop
      vertex 3.08658 0.3806 0
      vertex 5.19862 4.50073 0
      vertex 3.54858 0.215302 0
    endloop
  endfacet
  facet normal -0 0 -1
    outer loop
      vertex 5.19862 4.50073 0
      vertex 3.08658 0.3806 0
      vertex 5.05553 4.5865 0
    endloop
  endfacet
  facet normal 0 0 -1
    outer loop
      vertex 2.64302 0.590393 0
      vertex 5.05553 4.5865 0
      vertex 3.08658 0.3806 0
    endloop
  endfacet
  facet normal 0 0 -1
    outer loop
      vertex 2.22215 0.842651 0
      vertex 5.05553 4.5865 0
      vertex 2.64302 0.590393 0
    endloop
  endfacet
  facet normal -0 0 -1
    outer loop
      vertex 5.05553 4.5865 0
      vertex 2.22215 0.842651 0
      vertex 4.92153 4.68588 0
    endloop
  endfacet
  facet normal 0 0 -1
    outer loop
      vertex 1.82803 1.13495 0
      vertex 4.92153 4.68588 0
      vertex 2.22215 0.842651 0
    endloop
  endfacet
  facet normal -0 0 -1
    outer loop
      vertex 4.92153 4.68588 0
      vertex 1.82803 1.13495 0
      vertex 4.79792 4.79792 0
    endloop
  endfacet
  facet normal 0 0 -1
    outer loop
      vertex 1.46446 1.46446 0
      vertex 4.79792 4.79792 0
      vertex 1.82803 1.13495 0
    endloop
  endfacet
  facet normal 0 0 -1
    outer loop
      vertex 1.13495 1.82803 0
      vertex 4.79792 4.79792 0
      vertex 1.46446 1.46446 0
    endloop
  endfacet
  facet normal 0 0 -1
    outer loop
      vertex 0.842651 2.22215 0
      vertex 4.68588 4.92153 0
      vertex 1.13495 1.82803 0
    endloop
  endfacet
  facet normal -0 0 -1
    outer loop
      vertex 4.79792 4.79792 0
      vertex 1.13495 1.82803 0
      vertex 4.68588 4.92153 0
    endloop
  endfacet
  facet normal -0 0 -1
    outer loop
      vertex 109.157 37.7778 0
      vertex 105.314 35.0785 0
      vertex 108.865 38.172 0
    endloop
  endfacet
  facet normal 0 0 -1
    outer loop
      vertex 105.202 35.2021 0
      vertex 108.865 38.172 0
      vertex 105.314 35.0785 0
    endloop
  endfacet
  facet normal -0 0 -1
    outer loop
      vertex 108.865 38.172 0
      vertex 105.202 35.2021 0
      vertex 108.536 38.5355 0
    endloop
  endfacet
  facet normal -0 0 -1
    outer loop
      vertex 108.536 38.5355 0
      vertex 105.202 35.2021 0
      vertex 108.172 38.8651 0
    endloop
  endfacet
  facet normal 0 0 -1
    outer loop
      vertex 105.078 35.3141 0
      vertex 108.172 38.8651 0
      vertex 105.202 35.2021 0
    endloop
  endfacet
  facet normal -0 0 -1
    outer loop
      vertex 108.172 38.8651 0
      vertex 105.078 35.3141 0
      vertex 107.778 39.1573 0
    endloop
  endfacet
  facet normal 0 0 -1
    outer loop
      vertex 104.944 35.4135 0
      vertex 107.778 39.1573 0
      vertex 105.078 35.3141 0
    endloop
  endfacet
  facet normal -0 0 -1
    outer loop
      vertex 107.778 39.1573 0
      vertex 104.944 35.4135 0
      vertex 107.357 39.4096 0
    endloop
  endfacet
  facet normal -0 0 -1
    outer loop
      vertex 107.357 39.4096 0
      vertex 104.944 35.4135 0
      vertex 106.913 39.6194 0
    endloop
  endfacet
  facet normal 0 0 -1
    outer loop
      vertex 104.801 35.4993 0
      vertex 106.913 39.6194 0
      vertex 104.944 35.4135 0
    endloop
  endfacet
  facet normal -0 0 -1
    outer loop
      vertex 106.913 39.6194 0
      vertex 104.801 35.4993 0
      vertex 106.451 39.7847 0
    endloop
  endfacet
  facet normal 0 0 -1
    outer loop
      vertex 104.651 35.5706 0
      vertex 106.451 39.7847 0
      vertex 104.801 35.4993 0
    endloop
  endfacet
  facet normal -0 0 -1
    outer loop
      vertex 106.451 39.7847 0
      vertex 104.651 35.5706 0
      vertex 105.975 39.9039 0
    endloop
  endfacet
  facet normal -0 0 -1
    outer loop
      vertex 105.975 39.9039 0
      vertex 104.651 35.5706 0
      vertex 105.49 39.9759 0
    endloop
  endfacet
  facet normal 0 0 -1
    outer loop
      vertex 104.493 35.6268 0
      vertex 105.49 39.9759 0
      vertex 104.651 35.5706 0
    endloop
  endfacet
  facet normal -0 0 -1
    outer loop
      vertex 105.49 39.9759 0
      vertex 104.493 35.6268 0
      vertex 105 40 0
    endloop
  endfacet
  facet normal 0 0 -1
    outer loop
      vertex 104.332 35.6673 0
      vertex 105 40 0
      vertex 104.493 35.6268 0
    endloop
  endfacet
  facet normal 0 0 -1
    outer loop
      vertex 104.167 35.6918 0
      vertex 105 40 0
      vertex 104.332 35.6673 0
    endloop
  endfacet
  facet normal 0 0 -1
    outer loop
      vertex 104 35.7 0
      vertex 105 40 0
      vertex 104.167 35.6918 0
    endloop
  endfacet
  facet normal 0 0 -1
    outer loop
      vertex 103.833 35.6918 0
      vertex 105 40 0
      vertex 104 35.7 0
    endloop
  endfacet
  facet normal 0 0 -1
    outer loop
      vertex 103.668 35.6673 0
      vertex 105 40 0
      vertex 103.833 35.6918 0
    endloop
  endfacet
  facet normal 0 0 -1
    outer loop
      vertex 103.507 35.6268 0
      vertex 105 40 0
      vertex 103.668 35.6673 0
    endloop
  endfacet
  facet normal 0 0 -1
    outer loop
      vertex 103.349 35.5706 0
      vertex 105 40 0
      vertex 103.507 35.6268 0
    endloop
  endfacet
  facet normal 0 0 -1
    outer loop
      vertex 103.199 35.4993 0
      vertex 105 40 0
      vertex 103.349 35.5706 0
    endloop
  endfacet
  facet normal 0 0 -1
    outer loop
      vertex 103.056 35.4135 0
      vertex 105 40 0
      vertex 103.199 35.4993 0
    endloop
  endfacet
  facet normal 0 0 -1
    outer loop
      vertex 102.922 35.3141 0
      vertex 105 40 0
      vertex 103.056 35.4135 0
    endloop
  endfacet
  facet normal 0 0 -1
    outer loop
      vertex 102.798 35.2021 0
      vertex 105 40 0
      vertex 102.922 35.3141 0
    endloop
  endfacet
  facet normal 0 0 -1
    outer loop
      vertex 102.686 35.0785 0
      vertex 105 40 0
      vertex 102.798 35.2021 0
    endloop
  endfacet
  facet normal 0 0 -1
    outer loop
      vertex 102.587 34.9445 0
      vertex 105 40 0
      vertex 102.686 35.0785 0
    endloop
  endfacet
  facet normal 0 0 -1
    outer loop
      vertex 102.501 34.8014 0
      vertex 105 40 0
      vertex 102.587 34.9445 0
    endloop
  endfacet
  facet normal 0 0 -1
    outer loop
      vertex 102.308 33.8334 0
      vertex 7.7 34 0
      vertex 102.3 34 0
    endloop
  endfacet
  facet normal 0 0 -1
    outer loop
      vertex 102.3 34 0
      vertex 7.7 34 0
      vertex 102.308 34.1666 0
    endloop
  endfacet
  facet normal 0 0 -1
    outer loop
      vertex 7.69181 34.1666 0
      vertex 102.308 34.1666 0
      vertex 7.7 34 0
    endloop
  endfacet
  facet normal 0 0 -1
    outer loop
      vertex 102.308 34.1666 0
      vertex 7.69181 34.1666 0
      vertex 102.333 34.3317 0
    endloop
  endfacet
  facet normal 0 0 -1
    outer loop
      vertex 7.66733 34.3317 0
      vertex 102.333 34.3317 0
      vertex 7.69181 34.1666 0
    endloop
  endfacet
  facet normal 0 0 -1
    outer loop
      vertex 102.333 34.3317 0
      vertex 7.66733 34.3317 0
      vertex 102.373 34.4935 0
    endloop
  endfacet
  facet normal 0 0 -1
    outer loop
      vertex 7.6268 34.4935 0
      vertex 102.373 34.4935 0
      vertex 7.66733 34.3317 0
    endloop
  endfacet
  facet normal 0 0 -1
    outer loop
      vertex 102.373 34.4935 0
      vertex 7.6268 34.4935 0
      vertex 102.429 34.6506 0
    endloop
  endfacet
  facet normal 0 0 -1
    outer loop
      vertex 7.57059 34.6506 0
      vertex 102.429 34.6506 0
      vertex 7.6268 34.4935 0
    endloop
  endfacet
  facet normal 0 0 -1
    outer loop
      vertex 102.429 34.6506 0
      vertex 7.57059 34.6506 0
      vertex 102.501 34.8014 0
    endloop
  endfacet
  facet normal 0 0 -1
    outer loop
      vertex 7.49927 34.8014 0
      vertex 102.501 34.8014 0
      vertex 7.57059 34.6506 0
    endloop
  endfacet
  facet normal 0 0 -1
    outer loop
      vertex 102.501 34.8014 0
      vertex 7.49927 34.8014 0
      vertex 105 40 0
    endloop
  endfacet
  facet normal 0 0 -1
    outer loop
      vertex 5 40 0
      vertex 7.49927 34.8014 0
      vertex 7.4135 34.9445 0
    endloop
  endfacet
  facet normal 0 0 -1
    outer loop
      vertex 5 40 0
      vertex 7.4135 34.9445 0
      vertex 7.31412 35.0785 0
    endloop
  endfacet
  facet normal 0 0 -1
    outer loop
      vertex 5 40 0
      vertex 7.31412 35.0785 0
      vertex 7.20208 35.2021 0
    endloop
  endfacet
  facet normal 0 0 -1
    outer loop
      vertex 5 40 0
      vertex 7.20208 35.2021 0
      vertex 7.07847 35.3141 0
    endloop
  endfacet
  facet normal 0 0 -1
    outer loop
      vertex 5 40 0
      vertex 7.07847 35.3141 0
      vertex 6.94447 35.4135 0
    endloop
  endfacet
  facet normal 0 0 -1
    outer loop
      vertex 5 40 0
      vertex 6.94447 35.4135 0
      vertex 6.80137 35.4993 0
    endloop
  endfacet
  facet normal 0 0 -1
    outer loop
      vertex 5 40 0
      vertex 6.80137 35.4993 0
      vertex 6.65056 35.5706 0
    endloop
  endfacet
  facet normal 0 0 -1
    outer loop
      vertex 5 40 0
      vertex 6.65056 35.5706 0
      vertex 6.49348 35.6268 0
    endloop
  endfacet
  facet normal 0 0 -1
    outer loop
      vertex 5 40 0
      vertex 6.49348 35.6268 0
      vertex 6.33165 35.6673 0
    endloop
  endfacet
  facet normal 0 0 -1
    outer loop
      vertex 5 40 0
      vertex 6.33165 35.6673 0
      vertex 6.16663 35.6918 0
    endloop
  endfacet
  facet normal 0 0 -1
    outer loop
      vertex 5 40 0
      vertex 6.16663 35.6918 0
      vertex 6 35.7 0
    endloop
  endfacet
  facet normal 0 0 -1
    outer loop
      vertex 7.49927 34.8014 0
      vertex 5 40 0
      vertex 105 40 0
    endloop
  endfacet
  facet normal 0 0 -1
    outer loop
      vertex 5.83337 35.6918 0
      vertex 5 40 0
      vertex 6 35.7 0
    endloop
  endfacet
  facet normal 0 0 -1
    outer loop
      vertex 5.66835 35.6673 0
      vertex 5 40 0
      vertex 5.83337 35.6918 0
    endloop
  endfacet
  facet normal 0 0 -1
    outer loop
      vertex 5.50652 35.6268 0
      vertex 5 40 0
      vertex 5.66835 35.6673 0
    endloop
  endfacet
  facet normal 0 0 -1
    outer loop
      vertex 4.50992 39.9759 0
      vertex 5.50652 35.6268 0
      vertex 5.34944 35.5706 0
    endloop
  endfacet
  facet normal 0 0 -1
    outer loop
      vertex 3.54858 39.7847 0
      vertex 5.34944 35.5706 0
      vertex 5.19862 35.4993 0
    endloop
  endfacet
  facet normal 0 0 -1
    outer loop
      vertex 3.08658 39.6194 0
      vertex 5.19862 35.4993 0
      vertex 5.05553 35.4135 0
    endloop
  endfacet
  facet normal 0 0 -1
    outer loop
      vertex 2.22215 39.1573 0
      vertex 5.05553 35.4135 0
      vertex 4.92153 35.3141 0
    endloop
  endfacet
  facet normal 0 0 -1
    outer loop
      vertex 1.82803 38.8651 0
      vertex 4.92153 35.3141 0
      vertex 4.79792 35.2021 0
    endloop
  endfacet
  facet normal 0 0 -1
    outer loop
      vertex 1.13495 38.172 0
      vertex 4.79792 35.2021 0
      vertex 4.68588 35.0785 0
    endloop
  endfacet
  facet normal 0 0 -1
    outer loop
      vertex 0.842651 37.7778 0
      vertex 4.68588 35.0785 0
      vertex 4.5865 34.9445 0
    endloop
  endfacet
  facet normal 0 0 -1
    outer loop
      vertex 5.50652 35.6268 0
      vertex 4.50992 39.9759 0
      vertex 5 40 0
    endloop
  endfacet
  facet normal 0 0 -1
    outer loop
      vertex 0.3806 36.9134 0
      vertex 4.5865 34.9445 0
      vertex 4.50073 34.8014 0
    endloop
  endfacet
  facet normal 0 0 -1
    outer loop
      vertex 0.215302 36.4514 0
      vertex 4.50073 34.8014 0
      vertex 4.4294 34.6506 0
    endloop
  endfacet
  facet normal 0 0 -1
    outer loop
      vertex 0.0240784 35.4901 0
      vertex 4.4294 34.6506 0
      vertex 4.3732 34.4935 0
    endloop
  endfacet
  facet normal 0 0 -1
    outer loop
      vertex 0 35 0
      vertex 4.3732 34.4935 0
      vertex 4.33266 34.3317 0
    endloop
  endfacet
  facet normal 0 0 -1
    outer loop
      vertex 0 35 0
      vertex 4.33266 34.3317 0
      vertex 4.30819 34.1666 0
    endloop
  endfacet
  facet normal 0 0 -1
    outer loop
      vertex 0 35 0
      vertex 4.30819 34.1666 0
      vertex 4.3 34 0
    endloop
  endfacet
  facet normal 0 0 -1
    outer loop
      vertex 5.34944 35.5706 0
      vertex 4.02455 39.9039 0
      vertex 4.50992 39.9759 0
    endloop
  endfacet
  facet normal 0 0 -1
    outer loop
      vertex 4.33266 33.6683 0
      vertex 0 35 0
      vertex 4.30819 33.8334 0
    endloop
  endfacet
  facet normal -0 0 -1
    outer loop
      vertex 4.68588 4.92153 0
      vertex 0.842651 2.22215 0
      vertex 4.5865 5.05553 0
    endloop
  endfacet
  facet normal 0 0 -1
    outer loop
      vertex 4.30819 33.8334 0
      vertex 0 35 0
      vertex 4.3 34 0
    endloop
  endfacet
  facet normal 0 0 -1
    outer loop
      vertex 0.590393 2.64302 0
      vertex 4.5865 5.05553 0
      vertex 0.842651 2.22215 0
    endloop
  endfacet
  facet normal 0 0 -1
    outer loop
      vertex 4.3732 34.4935 0
      vertex 0 35 0
      vertex 0.0240784 35.4901 0
    endloop
  endfacet
  facet normal 0 0 -1
    outer loop
      vertex 0.3806 3.08658 0
      vertex 4.5865 5.05553 0
      vertex 0.590393 2.64302 0
    endloop
  endfacet
  facet normal 0 0 -1
    outer loop
      vertex 5.34944 35.5706 0
      vertex 3.54858 39.7847 0
      vertex 4.02455 39.9039 0
    endloop
  endfacet
  facet normal -0 0 -1
    outer loop
      vertex 4.5865 5.05553 0
      vertex 0.3806 3.08658 0
      vertex 4.50073 5.19862 0
    endloop
  endfacet
  facet normal 0 0 -1
    outer loop
      vertex 5.19862 35.4993 0
      vertex 3.08658 39.6194 0
      vertex 3.54858 39.7847 0
    endloop
  endfacet
  facet normal 0 0 -1
    outer loop
      vertex 0.215302 3.54858 0
      vertex 4.50073 5.19862 0
      vertex 0.3806 3.08658 0
    endloop
  endfacet
  facet normal 0 0 -1
    outer loop
      vertex 5.05553 35.4135 0
      vertex 2.64302 39.4096 0
      vertex 3.08658 39.6194 0
    endloop
  endfacet
  facet normal -0 0 -1
    outer loop
      vertex 4.50073 5.19862 0
      vertex 0.215302 3.54858 0
      vertex 4.4294 5.34944 0
    endloop
  endfacet
  facet normal 0 0 -1
    outer loop
      vertex 5.05553 35.4135 0
      vertex 2.22215 39.1573 0
      vertex 2.64302 39.4096 0
    endloop
  endfacet
  facet normal 0 0 -1
    outer loop
      vertex 0.0960693 4.02455 0
      vertex 4.4294 5.34944 0
      vertex 0.215302 3.54858 0
    endloop
  endfacet
  facet normal 0 0 -1
    outer loop
      vertex 4.92153 35.3141 0
      vertex 1.82803 38.8651 0
      vertex 2.22215 39.1573 0
    endloop
  endfacet
  facet normal 0 0 -1
    outer loop
      vertex 0.0240784 4.50992 0
      vertex 4.4294 5.34944 0
      vertex 0.0960693 4.02455 0
    endloop
  endfacet
  facet normal 0 0 -1
    outer loop
      vertex 4.79792 35.2021 0
      vertex 1.46446 38.5355 0
      vertex 1.82803 38.8651 0
    endloop
  endfacet
  facet normal -0 0 -1
    outer loop
      vertex 4.4294 5.34944 0
      vertex 0.0240784 4.50992 0
      vertex 4.3732 5.50652 0
    endloop
  endfacet
  facet normal 0 0 -1
    outer loop
      vertex 4.79792 35.2021 0
      vertex 1.13495 38.172 0
      vertex 1.46446 38.5355 0
    endloop
  endfacet
  facet normal 0 0 -1
    outer loop
      vertex 0 5 0
      vertex 4.3732 5.50652 0
      vertex 0.0240784 4.50992 0
    endloop
  endfacet
  facet normal 0 0 -1
    outer loop
      vertex 4.68588 35.0785 0
      vertex 0.842651 37.7778 0
      vertex 1.13495 38.172 0
    endloop
  endfacet
  facet normal -0 0 -1
    outer loop
      vertex 4.3732 5.50652 0
      vertex 0 5 0
      vertex 4.33266 5.66835 0
    endloop
  endfacet
  facet normal 0 0 -1
    outer loop
      vertex 4.5865 34.9445 0
      vertex 0.590393 37.357 0
      vertex 0.842651 37.7778 0
    endloop
  endfacet
  facet normal -0 0 -1
    outer loop
      vertex 4.33266 5.66835 0
      vertex 0 5 0
      vertex 4.30819 5.83337 0
    endloop
  endfacet
  facet normal 0 0 -1
    outer loop
      vertex 4.5865 34.9445 0
      vertex 0.3806 36.9134 0
      vertex 0.590393 37.357 0
    endloop
  endfacet
  facet normal -0 0 -1
    outer loop
      vertex 4.30819 5.83337 0
      vertex 0 5 0
      vertex 4.3 6 0
    endloop
  endfacet
  facet normal 0 0 -1
    outer loop
      vertex 4.50073 34.8014 0
      vertex 0.215302 36.4514 0
      vertex 0.3806 36.9134 0
    endloop
  endfacet
  facet normal 0 0 -1
    outer loop
      vertex 4.4294 34.6506 0
      vertex 0.0960693 35.9754 0
      vertex 0.215302 36.4514 0
    endloop
  endfacet
  facet normal 0 0 -1
    outer loop
      vertex 4.4294 34.6506 0
      vertex 0.0240784 35.4901 0
      vertex 0.0960693 35.9754 0
    endloop
  endfacet
  facet normal -0.595699 -0.803208 0
    outer loop
      vertex 1.82803 1.13495 0
      vertex 2.22215 0.842651 6
      vertex 1.82803 1.13495 6
    endloop
  endfacet
  facet normal -0.595699 -0.803208 -0
    outer loop
      vertex 2.22215 0.842651 6
      vertex 1.82803 1.13495 0
      vertex 2.22215 0.842651 0
    endloop
  endfacet
  facet normal -0.336875 -0.941549 0
    outer loop
      vertex 3.08658 0.3806 0
      vertex 3.54858 0.215302 6
      vertex 3.08658 0.3806 6
    endloop
  endfacet
  facet normal -0.336875 -0.941549 -0
    outer loop
      vertex 3.54858 0.215302 6
      vertex 3.08658 0.3806 0
      vertex 3.54858 0.215302 0
    endloop
  endfacet
  facet normal -0.242996 -0.970027 0
    outer loop
      vertex 3.54858 0.215302 0
      vertex 4.02455 0.0960693 6
      vertex 3.54858 0.215302 6
    endloop
  endfacet
  facet normal -0.242996 -0.970027 -0
    outer loop
      vertex 4.02455 0.0960693 6
      vertex 3.54858 0.215302 0
      vertex 4.02455 0.0960693 0
    endloop
  endfacet
  facet normal -0.146717 -0.989179 0
    outer loop
      vertex 4.02455 0.0960693 0
      vertex 4.50992 0.0240784 6
      vertex 4.02455 0.0960693 6
    endloop
  endfacet
  facet normal -0.146717 -0.989179 -0
    outer loop
      vertex 4.50992 0.0240784 6
      vertex 4.02455 0.0960693 0
      vertex 4.50992 0.0240784 0
    endloop
  endfacet
  facet normal -0.146735 0.989176 0
    outer loop
      vertex 4.50992 39.9759 0
      vertex 4.02455 39.9039 6
      vertex 4.50992 39.9759 6
    endloop
  endfacet
  facet normal -0.146735 0.989176 0
    outer loop
      vertex 4.02455 39.9039 6
      vertex 4.50992 39.9759 0
      vertex 4.02455 39.9039 0
    endloop
  endfacet
  facet normal 0.242919 0.970047 -0
    outer loop
      vertex 106.451 39.7847 0
      vertex 105.975 39.9039 6
      vertex 106.451 39.7847 6
    endloop
  endfacet
  facet normal 0.242919 0.970047 0
    outer loop
      vertex 105.975 39.9039 6
      vertex 106.451 39.7847 0
      vertex 105.975 39.9039 0
    endloop
  endfacet
  facet normal 0.0491243 0.998793 -0
    outer loop
      vertex 105.49 39.9759 0
      vertex 105 40 6
      vertex 105.49 39.9759 6
    endloop
  endfacet
  facet normal 0.0491243 0.998793 0
    outer loop
      vertex 105 40 6
      vertex 105.49 39.9759 0
      vertex 105 40 0
    endloop
  endfacet
  facet normal 0.146844 0.98916 -0
    outer loop
      vertex 105.975 39.9039 0
      vertex 105.49 39.9759 6
      vertex 105.975 39.9039 6
    endloop
  endfacet
  facet normal 0.146844 0.98916 0
    outer loop
      vertex 105.49 39.9759 6
      vertex 105.975 39.9039 0
      vertex 105.49 39.9759 0
    endloop
  endfacet
  facet normal 0 1 -0
    outer loop
      vertex 105 40 0
      vertex 5 40 6
      vertex 105 40 6
    endloop
  endfacet
  facet normal 0 1 0
    outer loop
      vertex 5 40 6
      vertex 105 40 0
      vertex 5 40 0
    endloop
  endfacet
  facet normal 0.989176 -0.146735 0
    outer loop
      vertex 109.904 4.02455 6
      vertex 109.976 4.50992 0
      vertex 109.976 4.50992 6
    endloop
  endfacet
  facet normal 0.989176 -0.146735 0
    outer loop
      vertex 109.976 4.50992 0
      vertex 109.904 4.02455 6
      vertex 109.904 4.02455 0
    endloop
  endfacet
  facet normal 0.513983 -0.8578 0
    outer loop
      vertex 107.357 0.590393 0
      vertex 107.778 0.842651 6
      vertex 107.357 0.590393 6
    endloop
  endfacet
  facet normal 0.513983 -0.8578 0
    outer loop
      vertex 107.778 0.842651 6
      vertex 107.357 0.590393 0
      vertex 107.778 0.842651 0
    endloop
  endfacet
  facet normal 1 -0 0
    outer loop
      vertex 110 5 6
      vertex 110 35 0
      vertex 110 35 6
    endloop
  endfacet
  facet normal 1 0 0
    outer loop
      vertex 110 35 0
      vertex 110 5 6
      vertex 110 5 0
    endloop
  endfacet
  facet normal 0.998803 0.048911 0
    outer loop
      vertex 110 35 6
      vertex 109.976 35.4901 0
      vertex 109.976 35.4901 6
    endloop
  endfacet
  facet normal 0.998803 0.048911 0
    outer loop
      vertex 109.976 35.4901 0
      vertex 110 35 6
      vertex 110 35 0
    endloop
  endfacet
  facet normal -0.904 0.427531 0
    outer loop
      vertex 0.3806 36.9134 0
      vertex 0.590393 37.357 6
      vertex 0.590393 37.357 0
    endloop
  endfacet
  facet normal -0.904 0.427531 0
    outer loop
      vertex 0.590393 37.357 6
      vertex 0.3806 36.9134 0
      vertex 0.3806 36.9134 6
    endloop
  endfacet
  facet normal -0.998795 -0.0490724 0
    outer loop
      vertex 0.0240784 4.50992 0
      vertex 0 5 6
      vertex 0 5 0
    endloop
  endfacet
  facet normal -0.998795 -0.0490724 0
    outer loop
      vertex 0 5 6
      vertex 0.0240784 4.50992 0
      vertex 0.0240784 4.50992 6
    endloop
  endfacet
  facet normal 0 0 1
    outer loop
      vertex 10.5858 28.1642 6
      vertex 6.94447 32.5865 6
      vertex 10.454 28.0188 6
    endloop
  endfacet
  facet normal 0 0 1
    outer loop
      vertex 10 13.25 6
      vertex 7.69181 6.16663 6
      vertex 7.7 6 6
    endloop
  endfacet
  facet normal -0 0 1
    outer loop
      vertex 6.80137 32.5007 6
      vertex 10.454 28.0188 6
      vertex 6.94447 32.5865 6
    endloop
  endfacet
  facet normal 0 0 1
    outer loop
      vertex 10 13.25 6
      vertex 7.66733 6.33165 6
      vertex 7.69181 6.16663 6
    endloop
  endfacet
  facet normal -0 0 1
    outer loop
      vertex 6.65056 32.4294 6
      vertex 10.454 28.0188 6
      vertex 6.80137 32.5007 6
    endloop
  endfacet
  facet normal 0 0 1
    outer loop
      vertex 10 13.25 6
      vertex 7.6268 6.49348 6
      vertex 7.66733 6.33165 6
    endloop
  endfacet
  facet normal 0 0 1
    outer loop
      vertex 10.454 28.0188 6
      vertex 6.65056 32.4294 6
      vertex 10.3371 27.8611 6
    endloop
  endfacet
  facet normal 0 0 1
    outer loop
      vertex 10 13.25 6
      vertex 7.57059 6.65056 6
      vertex 7.6268 6.49348 6
    endloop
  endfacet
  facet normal -0 0 1
    outer loop
      vertex 6.49348 32.3732 6
      vertex 10.3371 27.8611 6
      vertex 6.65056 32.4294 6
    endloop
  endfacet
  facet normal 0 0 1
    outer loop
      vertex 10 13.25 6
      vertex 7.49927 6.80137 6
      vertex 7.57059 6.65056 6
    endloop
  endfacet
  facet normal 0 0 1
    outer loop
      vertex 10.3371 27.8611 6
      vertex 6.49348 32.3732 6
      vertex 10.2362 27.6928 6
    endloop
  endfacet
  facet normal 0 0 1
    outer loop
      vertex 10 13.25 6
      vertex 7.4135 6.94447 6
      vertex 7.49927 6.80137 6
    endloop
  endfacet
  facet normal -0 0 1
    outer loop
      vertex 6.33165 32.3327 6
      vertex 10.2362 27.6928 6
      vertex 6.49348 32.3732 6
    endloop
  endfacet
  facet normal 0 0 1
    outer loop
      vertex 10 13.25 6
      vertex 7.31412 7.07847 6
      vertex 7.4135 6.94447 6
    endloop
  endfacet
  facet normal 0 0 1
    outer loop
      vertex 10.2362 27.6928 6
      vertex 6.33165 32.3327 6
      vertex 10.1522 27.5154 6
    endloop
  endfacet
  facet normal 0 0 1
    outer loop
      vertex 10 13.25 6
      vertex 7.20208 7.20208 6
      vertex 7.31412 7.07847 6
    endloop
  endfacet
  facet normal -0 0 1
    outer loop
      vertex 6.16663 32.3082 6
      vertex 10.1522 27.5154 6
      vertex 6.33165 32.3327 6
    endloop
  endfacet
  facet normal 0 0 1
    outer loop
      vertex 10 13.25 6
      vertex 7.07847 7.31412 6
      vertex 7.20208 7.20208 6
    endloop
  endfacet
  facet normal 0 0 1
    outer loop
      vertex 10.1522 27.5154 6
      vertex 6.16663 32.3082 6
      vertex 10.0861 27.3306 6
    endloop
  endfacet
  facet normal 0 0 1
    outer loop
      vertex 10 13.25 6
      vertex 6.94447 7.4135 6
      vertex 7.07847 7.31412 6
    endloop
  endfacet
  facet normal -0 0 1
    outer loop
      vertex 6 32.3 6
      vertex 10.0861 27.3306 6
      vertex 6.16663 32.3082 6
    endloop
  endfacet
  facet normal 0 0 1
    outer loop
      vertex 10 13.25 6
      vertex 6.80137 7.49927 6
      vertex 6.94447 7.4135 6
    endloop
  endfacet
  facet normal 0 0 1
    outer loop
      vertex 10.0861 27.3306 6
      vertex 6 32.3 6
      vertex 10.0384 27.1402 6
    endloop
  endfacet
  facet normal 0 0 1
    outer loop
      vertex 10 13.25 6
      vertex 6.65056 7.57059 6
      vertex 6.80137 7.49927 6
    endloop
  endfacet
  facet normal 0 0 1
    outer loop
      vertex 5.83337 32.3082 6
      vertex 10.0384 27.1402 6
      vertex 6 32.3 6
    endloop
  endfacet
  facet normal 0 0 1
    outer loop
      vertex 10 13.25 6
      vertex 6.49348 7.6268 6
      vertex 6.65056 7.57059 6
    endloop
  endfacet
  facet normal 0 0 1
    outer loop
      vertex 10.0384 27.1402 6
      vertex 5.83337 32.3082 6
      vertex 10.0096 26.946 6
    endloop
  endfacet
  facet normal 0 0 1
    outer loop
      vertex 10 13.25 6
      vertex 6.33165 7.66733 6
      vertex 6.49348 7.6268 6
    endloop
  endfacet
  facet normal 0 0 1
    outer loop
      vertex 5.66835 32.3327 6
      vertex 10.0096 26.946 6
      vertex 5.83337 32.3082 6
    endloop
  endfacet
  facet normal 0 0 1
    outer loop
      vertex 10 13.25 6
      vertex 6.16663 7.69181 6
      vertex 6.33165 7.66733 6
    endloop
  endfacet
  facet normal 0 0 1
    outer loop
      vertex 10.0096 26.946 6
      vertex 5.66835 32.3327 6
      vertex 10 26.75 6
    endloop
  endfacet
  facet normal 0 0 1
    outer loop
      vertex 10 13.25 6
      vertex 6 7.7 6
      vertex 6.16663 7.69181 6
    endloop
  endfacet
  facet normal 0 0 1
    outer loop
      vertex 5.50652 32.3732 6
      vertex 10 26.75 6
      vertex 5.66835 32.3327 6
    endloop
  endfacet
  facet normal 0 0 1
    outer loop
      vertex 10 13.25 6
      vertex 5.83337 7.69181 6
      vertex 6 7.7 6
    endloop
  endfacet
  facet normal 0 0 1
    outer loop
      vertex 5.34944 32.4294 6
      vertex 10 26.75 6
      vertex 5.50652 32.3732 6
    endloop
  endfacet
  facet normal 0 0 1
    outer loop
      vertex 10 13.25 6
      vertex 5.66835 7.66733 6
      vertex 5.83337 7.69181 6
    endloop
  endfacet
  facet normal 0 0 1
    outer loop
      vertex 5.19862 32.5007 6
      vertex 10 26.75 6
      vertex 5.34944 32.4294 6
    endloop
  endfacet
  facet normal 0 0 1
    outer loop
      vertex 10 13.25 6
      vertex 5.50652 7.6268 6
      vertex 5.66835 7.66733 6
    endloop
  endfacet
  facet normal 0 0 1
    outer loop
      vertex 5.05553 32.5865 6
      vertex 10 26.75 6
      vertex 5.19862 32.5007 6
    endloop
  endfacet
  facet normal 0 0 1
    outer loop
      vertex 10 13.25 6
      vertex 5.34944 7.57059 6
      vertex 5.50652 7.6268 6
    endloop
  endfacet
  facet normal 0 0 1
    outer loop
      vertex 10 26.75 6
      vertex 5.05553 32.5865 6
      vertex 10 13.25 6
    endloop
  endfacet
  facet normal 0 0 1
    outer loop
      vertex 10 13.25 6
      vertex 5.19862 7.49927 6
      vertex 5.34944 7.57059 6
    endloop
  endfacet
  facet normal 0 0 1
    outer loop
      vertex 5.05553 7.4135 6
      vertex 10 13.25 6
      vertex 5.05553 32.5865 6
    endloop
  endfacet
  facet normal 0 0 1
    outer loop
      vertex 10 13.25 6
      vertex 5.05553 7.4135 6
      vertex 5.19862 7.49927 6
    endloop
  endfacet
  facet normal 0 0 1
    outer loop
      vertex 0 35 6
      vertex 5.05553 32.5865 6
      vertex 4.92153 32.6859 6
    endloop
  endfacet
  facet normal 0 0 1
    outer loop
      vertex 5.05553 32.5865 6
      vertex 0 35 6
      vertex 5.05553 7.4135 6
    endloop
  endfacet
  facet normal 0 0 1
    outer loop
      vertex 0 35 6
      vertex 4.92153 32.6859 6
      vertex 4.79792 32.7979 6
    endloop
  endfacet
  facet normal 0 0 1
    outer loop
      vertex 0 5 6
      vertex 5.05553 7.4135 6
      vertex 0 35 6
    endloop
  endfacet
  facet normal 0 0 1
    outer loop
      vertex 0 35 6
      vertex 4.79792 32.7979 6
      vertex 4.68588 32.9215 6
    endloop
  endfacet
  facet normal 0 0 1
    outer loop
      vertex 5.05553 7.4135 6
      vertex 0 5 6
      vertex 4.92153 7.31412 6
    endloop
  endfacet
  facet normal 0 0 1
    outer loop
      vertex 0 35 6
      vertex 4.68588 32.9215 6
      vertex 4.5865 33.0555 6
    endloop
  endfacet
  facet normal 0 0 1
    outer loop
      vertex 4.92153 7.31412 6
      vertex 0 5 6
      vertex 4.79792 7.20208 6
    endloop
  endfacet
  facet normal 0 0 1
    outer loop
      vertex 0 35 6
      vertex 4.5865 33.0555 6
      vertex 4.50073 33.1986 6
    endloop
  endfacet
  facet normal 0 0 1
    outer loop
      vertex 4.79792 7.20208 6
      vertex 0 5 6
      vertex 4.68588 7.07847 6
    endloop
  endfacet
  facet normal 0 0 1
    outer loop
      vertex 0 35 6
      vertex 4.50073 33.1986 6
      vertex 4.4294 33.3494 6
    endloop
  endfacet
  facet normal 0 0 1
    outer loop
      vertex 4.68588 7.07847 6
      vertex 0 5 6
      vertex 4.5865 6.94447 6
    endloop
  endfacet
  facet normal 0 0 1
    outer loop
      vertex 0 35 6
      vertex 4.4294 33.3494 6
      vertex 4.3732 33.5065 6
    endloop
  endfacet
  facet normal 0 0 1
    outer loop
      vertex 4.5865 6.94447 6
      vertex 0 5 6
      vertex 4.50073 6.80137 6
    endloop
  endfacet
  facet normal 0 0 1
    outer loop
      vertex 0 35 6
      vertex 4.3732 33.5065 6
      vertex 4.33266 33.6683 6
    endloop
  endfacet
  facet normal 0 0 1
    outer loop
      vertex 4.50073 6.80137 6
      vertex 0 5 6
      vertex 4.4294 6.65056 6
    endloop
  endfacet
  facet normal 0 0 1
    outer loop
      vertex 0 35 6
      vertex 4.33266 33.6683 6
      vertex 4.30819 33.8334 6
    endloop
  endfacet
  facet normal 0 0 1
    outer loop
      vertex 4.4294 6.65056 6
      vertex 0 5 6
      vertex 4.3732 6.49348 6
    endloop
  endfacet
  facet normal 0 0 1
    outer loop
      vertex 0 35 6
      vertex 4.30819 33.8334 6
      vertex 4.3 34 6
    endloop
  endfacet
  facet normal 0 0 1
    outer loop
      vertex 4.3732 6.49348 6
      vertex 0 5 6
      vertex 4.33266 6.33165 6
    endloop
  endfacet
  facet normal 0 0 1
    outer loop
      vertex 105.627 33.5065 6
      vertex 110 35 6
      vertex 105.667 33.6683 6
    endloop
  endfacet
  facet normal 0 0 1
    outer loop
      vertex 110 5 6
      vertex 105.692 6.16663 6
      vertex 105.7 6 6
    endloop
  endfacet
  facet normal 0 0 1
    outer loop
      vertex 105.571 33.3494 6
      vertex 110 35 6
      vertex 105.627 33.5065 6
    endloop
  endfacet
  facet normal 0 0 1
    outer loop
      vertex 110 5 6
      vertex 105.667 6.33165 6
      vertex 105.692 6.16663 6
    endloop
  endfacet
  facet normal 0 0 1
    outer loop
      vertex 105.499 33.1986 6
      vertex 110 35 6
      vertex 105.571 33.3494 6
    endloop
  endfacet
  facet normal 0 0 1
    outer loop
      vertex 110 5 6
      vertex 105.627 6.49348 6
      vertex 105.667 6.33165 6
    endloop
  endfacet
  facet normal 0 0 1
    outer loop
      vertex 105.413 33.0555 6
      vertex 110 35 6
      vertex 105.499 33.1986 6
    endloop
  endfacet
  facet normal 0 0 1
    outer loop
      vertex 110 5 6
      vertex 105.571 6.65056 6
      vertex 105.627 6.49348 6
    endloop
  endfacet
  facet normal 0 0 1
    outer loop
      vertex 105.314 32.9215 6
      vertex 110 35 6
      vertex 105.413 33.0555 6
    endloop
  endfacet
  facet normal 0 0 1
    outer loop
      vertex 110 5 6
      vertex 105.499 6.80137 6
      vertex 105.571 6.65056 6
    endloop
  endfacet
  facet normal 0 0 1
    outer loop
      vertex 105.202 32.7979 6
      vertex 110 35 6
      vertex 105.314 32.9215 6
    endloop
  endfacet
  facet normal 0 0 1
    outer loop
      vertex 110 5 6
      vertex 105.413 6.94447 6
      vertex 105.499 6.80137 6
    endloop
  endfacet
  facet normal 0 0 1
    outer loop
      vertex 105.078 32.6859 6
      vertex 110 35 6
      vertex 105.202 32.7979 6
    endloop
  endfacet
  facet normal 0 0 1
    outer loop
      vertex 110 5 6
      vertex 105.314 7.07847 6
      vertex 105.413 6.94447 6
    endloop
  endfacet
  facet normal 0 0 1
    outer loop
      vertex 104.944 32.5865 6
      vertex 110 35 6
      vertex 105.078 32.6859 6
    endloop
  endfacet
  facet normal 0 0 1
    outer loop
      vertex 110 5 6
      vertex 105.202 7.20208 6
      vertex 105.314 7.07847 6
    endloop
  endfacet
  facet normal 0 0 1
    outer loop
      vertex 110 35 6
      vertex 104.944 32.5865 6
      vertex 110 5 6
    endloop
  endfacet
  facet normal 0 0 1
    outer loop
      vertex 110 5 6
      vertex 105.078 7.31412 6
      vertex 105.202 7.20208 6
    endloop
  endfacet
  facet normal -0 0 1
    outer loop
      vertex 104.944 7.4135 6
      vertex 110 5 6
      vertex 104.944 32.5865 6
    endloop
  endfacet
  facet normal 0 0 1
    outer loop
      vertex 110 5 6
      vertex 104.944 7.4135 6
      vertex 105.078 7.31412 6
    endloop
  endfacet
  facet normal -0 0 1
    outer loop
      vertex 104.801 32.5007 6
      vertex 104.944 7.4135 6
      vertex 104.944 32.5865 6
    endloop
  endfacet
  facet normal 0 0 1
    outer loop
      vertex 104.801 32.5007 6
      vertex 104.801 7.49927 6
      vertex 104.944 7.4135 6
    endloop
  endfacet
  facet normal -0 0 1
    outer loop
      vertex 104.651 32.4294 6
      vertex 104.801 7.49927 6
      vertex 104.801 32.5007 6
    endloop
  endfacet
  facet normal 0 0 1
    outer loop
      vertex 104.651 32.4294 6
      vertex 104.651 7.57059 6
      vertex 104.801 7.49927 6
    endloop
  endfacet
  facet normal -0 0 1
    outer loop
      vertex 104.493 32.3732 6
      vertex 104.651 7.57059 6
      vertex 104.651 32.4294 6
    endloop
  endfacet
  facet normal 0 0 1
    outer loop
      vertex 104.493 32.3732 6
      vertex 104.493 7.6268 6
      vertex 104.651 7.57059 6
    endloop
  endfacet
  facet normal -0 0 1
    outer loop
      vertex 104.332 32.3327 6
      vertex 104.493 7.6268 6
      vertex 104.493 32.3732 6
    endloop
  endfacet
  facet normal 0 0 1
    outer loop
      vertex 104.332 32.3327 6
      vertex 104.332 7.66733 6
      vertex 104.493 7.6268 6
    endloop
  endfacet
  facet normal -0 0 1
    outer loop
      vertex 104.167 32.3082 6
      vertex 104.332 7.66733 6
      vertex 104.332 32.3327 6
    endloop
  endfacet
  facet normal 0 0 1
    outer loop
      vertex 104.167 32.3082 6
      vertex 104.167 7.69181 6
      vertex 104.332 7.66733 6
    endloop
  endfacet
  facet normal -0 0 1
    outer loop
      vertex 104 32.3 6
      vertex 104.167 7.69181 6
      vertex 104.167 32.3082 6
    endloop
  endfacet
  facet normal 0 0 1
    outer loop
      vertex 104 32.3 6
      vertex 104 7.7 6
      vertex 104.167 7.69181 6
    endloop
  endfacet
  facet normal 0 0 1
    outer loop
      vertex 103.833 32.3082 6
      vertex 104 7.7 6
      vertex 104 32.3 6
    endloop
  endfacet
  facet normal 0 0 1
    outer loop
      vertex 103.833 32.3082 6
      vertex 103.833 7.69181 6
      vertex 104 7.7 6
    endloop
  endfacet
  facet normal 0 0 1
    outer loop
      vertex 103.668 32.3327 6
      vertex 103.833 7.69181 6
      vertex 103.833 32.3082 6
    endloop
  endfacet
  facet normal 0 0 1
    outer loop
      vertex 103.668 32.3327 6
      vertex 103.668 7.66733 6
      vertex 103.833 7.69181 6
    endloop
  endfacet
  facet normal 0 0 1
    outer loop
      vertex 103.507 32.3732 6
      vertex 103.668 7.66733 6
      vertex 103.668 32.3327 6
    endloop
  endfacet
  facet normal 0 0 1
    outer loop
      vertex 103.507 32.3732 6
      vertex 103.507 7.6268 6
      vertex 103.668 7.66733 6
    endloop
  endfacet
  facet normal 0 0 1
    outer loop
      vertex 103.349 32.4294 6
      vertex 103.507 7.6268 6
      vertex 103.507 32.3732 6
    endloop
  endfacet
  facet normal 0 0 1
    outer loop
      vertex 103.349 32.4294 6
      vertex 103.349 7.57059 6
      vertex 103.507 7.6268 6
    endloop
  endfacet
  facet normal 0 0 1
    outer loop
      vertex 103.199 32.5007 6
      vertex 103.349 7.57059 6
      vertex 103.349 32.4294 6
    endloop
  endfacet
  facet normal 0 0 1
    outer loop
      vertex 103.199 32.5007 6
      vertex 103.199 7.49927 6
      vertex 103.349 7.57059 6
    endloop
  endfacet
  facet normal 0 0 1
    outer loop
      vertex 103.056 32.5865 6
      vertex 103.199 7.49927 6
      vertex 103.199 32.5007 6
    endloop
  endfacet
  facet normal 0 0 1
    outer loop
      vertex 103.056 32.5865 6
      vertex 103.056 7.4135 6
      vertex 103.199 7.49927 6
    endloop
  endfacet
  facet normal 0 0 1
    outer loop
      vertex 102.922 32.6859 6
      vertex 103.056 7.4135 6
      vertex 103.056 32.5865 6
    endloop
  endfacet
  facet normal 0 0 1
    outer loop
      vertex 102.922 32.6859 6
      vertex 102.922 7.31412 6
      vertex 103.056 7.4135 6
    endloop
  endfacet
  facet normal 0 0 1
    outer loop
      vertex 102.798 32.7979 6
      vertex 102.922 7.31412 6
      vertex 102.922 32.6859 6
    endloop
  endfacet
  facet normal 0 0 1
    outer loop
      vertex 102.798 32.7979 6
      vertex 102.798 7.20208 6
      vertex 102.922 7.31412 6
    endloop
  endfacet
  facet normal 0 0 1
    outer loop
      vertex 102.686 32.9215 6
      vertex 102.798 7.20208 6
      vertex 102.798 32.7979 6
    endloop
  endfacet
  facet normal 0 0 1
    outer loop
      vertex 102.686 32.9215 6
      vertex 102.686 7.07847 6
      vertex 102.798 7.20208 6
    endloop
  endfacet
  facet normal 0 0 1
    outer loop
      vertex 102.587 33.0555 6
      vertex 102.686 7.07847 6
      vertex 102.686 32.9215 6
    endloop
  endfacet
  facet normal 0 0 1
    outer loop
      vertex 102.587 33.0555 6
      vertex 102.587 6.94447 6
      vertex 102.686 7.07847 6
    endloop
  endfacet
  facet normal 0 0 1
    outer loop
      vertex 102.501 33.1986 6
      vertex 102.587 6.94447 6
      vertex 102.587 33.0555 6
    endloop
  endfacet
  facet normal 0 0 1
    outer loop
      vertex 102.501 33.1986 6
      vertex 102.501 6.80137 6
      vertex 102.587 6.94447 6
    endloop
  endfacet
  facet normal 0 0 1
    outer loop
      vertex 102.429 33.3494 6
      vertex 102.501 6.80137 6
      vertex 102.501 33.1986 6
    endloop
  endfacet
  facet normal 0 0 1
    outer loop
      vertex 102.429 33.3494 6
      vertex 102.429 6.65056 6
      vertex 102.501 6.80137 6
    endloop
  endfacet
  facet normal 0 0 1
    outer loop
      vertex 34 26.75 6
      vertex 102.429 33.3494 6
      vertex 102.373 33.5065 6
    endloop
  endfacet
  facet normal 0 0 1
    outer loop
      vertex 102.429 33.3494 6
      vertex 34 26.75 6
      vertex 102.429 6.65056 6
    endloop
  endfacet
  facet normal 0 0 1
    outer loop
      vertex 34 26.75 6
      vertex 102.373 33.5065 6
      vertex 102.333 33.6683 6
    endloop
  endfacet
  facet normal -0 0 1
    outer loop
      vertex 34 13.25 6
      vertex 102.429 6.65056 6
      vertex 34 26.75 6
    endloop
  endfacet
  facet normal 0 0 1
    outer loop
      vertex 34 26.75 6
      vertex 102.333 33.6683 6
      vertex 102.308 33.8334 6
    endloop
  endfacet
  facet normal 0 0 1
    outer loop
      vertex 102.429 6.65056 6
      vertex 34 13.25 6
      vertex 102.373 6.49348 6
    endloop
  endfacet
  facet normal 0 0 1
    outer loop
      vertex 33.9904 26.946 6
      vertex 102.308 33.8334 6
      vertex 102.3 34 6
    endloop
  endfacet
  facet normal 0 0 1
    outer loop
      vertex 102.373 6.49348 6
      vertex 34 13.25 6
      vertex 102.333 6.33165 6
    endloop
  endfacet
  facet normal 0 0 1
    outer loop
      vertex 105.627 34.4935 6
      vertex 110 35 6
      vertex 109.976 35.4901 6
    endloop
  endfacet
  facet normal 0 0 1
    outer loop
      vertex 105.692 33.8334 6
      vertex 110 35 6
      vertex 105.7 34 6
    endloop
  endfacet
  facet normal 0 0 1
    outer loop
      vertex 105.571 34.6506 6
      vertex 109.976 35.4901 6
      vertex 109.904 35.9754 6
    endloop
  endfacet
  facet normal 0 0 1
    outer loop
      vertex 105.667 33.6683 6
      vertex 110 35 6
      vertex 105.692 33.8334 6
    endloop
  endfacet
  facet normal 0 0 1
    outer loop
      vertex 105.571 34.6506 6
      vertex 109.904 35.9754 6
      vertex 109.785 36.4514 6
    endloop
  endfacet
  facet normal -0 0 1
    outer loop
      vertex 105.692 5.83337 6
      vertex 110 5 6
      vertex 105.7 6 6
    endloop
  endfacet
  facet normal 0 0 1
    outer loop
      vertex 105.499 34.8014 6
      vertex 109.785 36.4514 6
      vertex 109.619 36.9134 6
    endloop
  endfacet
  facet normal -0 0 1
    outer loop
      vertex 105.667 5.66835 6
      vertex 110 5 6
      vertex 105.692 5.83337 6
    endloop
  endfacet
  facet normal 0 0 1
    outer loop
      vertex 105.413 34.9445 6
      vertex 109.619 36.9134 6
      vertex 109.41 37.357 6
    endloop
  endfacet
  facet normal -0 0 1
    outer loop
      vertex 105.627 5.50652 6
      vertex 110 5 6
      vertex 105.667 5.66835 6
    endloop
  endfacet
  facet normal 0 0 1
    outer loop
      vertex 105.413 34.9445 6
      vertex 109.41 37.357 6
      vertex 109.157 37.7778 6
    endloop
  endfacet
  facet normal 0 0 1
    outer loop
      vertex 110 5 6
      vertex 105.627 5.50652 6
      vertex 109.976 4.50992 6
    endloop
  endfacet
  facet normal 0 0 1
    outer loop
      vertex 105.314 35.0785 6
      vertex 109.157 37.7778 6
      vertex 108.865 38.172 6
    endloop
  endfacet
  facet normal -0 0 1
    outer loop
      vertex 105.571 5.34944 6
      vertex 109.976 4.50992 6
      vertex 105.627 5.50652 6
    endloop
  endfacet
  facet normal 0 0 1
    outer loop
      vertex 105.202 35.2021 6
      vertex 108.865 38.172 6
      vertex 108.536 38.5355 6
    endloop
  endfacet
  facet normal 0 0 1
    outer loop
      vertex 109.976 4.50992 6
      vertex 105.571 5.34944 6
      vertex 109.904 4.02455 6
    endloop
  endfacet
  facet normal 0 0 1
    outer loop
      vertex 105.202 35.2021 6
      vertex 108.536 38.5355 6
      vertex 108.172 38.8651 6
    endloop
  endfacet
  facet normal 0 0 1
    outer loop
      vertex 109.904 4.02455 6
      vertex 105.571 5.34944 6
      vertex 109.785 3.54858 6
    endloop
  endfacet
  facet normal 0 0 1
    outer loop
      vertex 105.078 35.3141 6
      vertex 108.172 38.8651 6
      vertex 107.778 39.1573 6
    endloop
  endfacet
  facet normal -0 0 1
    outer loop
      vertex 105.499 5.19862 6
      vertex 109.785 3.54858 6
      vertex 105.571 5.34944 6
    endloop
  endfacet
  facet normal 0 0 1
    outer loop
      vertex 104.944 35.4135 6
      vertex 107.778 39.1573 6
      vertex 107.357 39.4096 6
    endloop
  endfacet
  facet normal 0 0 1
    outer loop
      vertex 109.785 3.54858 6
      vertex 105.499 5.19862 6
      vertex 109.619 3.08658 6
    endloop
  endfacet
  facet normal 0 0 1
    outer loop
      vertex 104.944 35.4135 6
      vertex 107.357 39.4096 6
      vertex 106.913 39.6194 6
    endloop
  endfacet
  facet normal -0 0 1
    outer loop
      vertex 105.413 5.05553 6
      vertex 109.619 3.08658 6
      vertex 105.499 5.19862 6
    endloop
  endfacet
  facet normal 0 0 1
    outer loop
      vertex 104.801 35.4993 6
      vertex 106.913 39.6194 6
      vertex 106.451 39.7847 6
    endloop
  endfacet
  facet normal 0 0 1
    outer loop
      vertex 109.619 3.08658 6
      vertex 105.413 5.05553 6
      vertex 109.41 2.64302 6
    endloop
  endfacet
  facet normal 0 0 1
    outer loop
      vertex 104.651 35.5706 6
      vertex 106.451 39.7847 6
      vertex 105.975 39.9039 6
    endloop
  endfacet
  facet normal 0 0 1
    outer loop
      vertex 109.41 2.64302 6
      vertex 105.413 5.05553 6
      vertex 109.157 2.22215 6
    endloop
  endfacet
  facet normal -0 0 1
    outer loop
      vertex 105.314 4.92153 6
      vertex 109.157 2.22215 6
      vertex 105.413 5.05553 6
    endloop
  endfacet
  facet normal 0 0 1
    outer loop
      vertex 110 35 6
      vertex 105.692 34.1666 6
      vertex 105.7 34 6
    endloop
  endfacet
  facet normal 0 0 1
    outer loop
      vertex 110 35 6
      vertex 105.667 34.3317 6
      vertex 105.692 34.1666 6
    endloop
  endfacet
  facet normal 0 0 1
    outer loop
      vertex 110 35 6
      vertex 105.627 34.4935 6
      vertex 105.667 34.3317 6
    endloop
  endfacet
  facet normal 0 0 1
    outer loop
      vertex 109.976 35.4901 6
      vertex 105.571 34.6506 6
      vertex 105.627 34.4935 6
    endloop
  endfacet
  facet normal 0 0 1
    outer loop
      vertex 109.785 36.4514 6
      vertex 105.499 34.8014 6
      vertex 105.571 34.6506 6
    endloop
  endfacet
  facet normal 0 0 1
    outer loop
      vertex 104.651 35.5706 6
      vertex 105.975 39.9039 6
      vertex 105.49 39.9759 6
    endloop
  endfacet
  facet normal 0 0 1
    outer loop
      vertex 109.619 36.9134 6
      vertex 105.413 34.9445 6
      vertex 105.499 34.8014 6
    endloop
  endfacet
  facet normal 0 0 1
    outer loop
      vertex 109.157 37.7778 6
      vertex 105.314 35.0785 6
      vertex 105.413 34.9445 6
    endloop
  endfacet
  facet normal 0 0 1
    outer loop
      vertex 108.865 38.172 6
      vertex 105.202 35.2021 6
      vertex 105.314 35.0785 6
    endloop
  endfacet
  facet normal 0 0 1
    outer loop
      vertex 108.172 38.8651 6
      vertex 105.078 35.3141 6
      vertex 105.202 35.2021 6
    endloop
  endfacet
  facet normal 0 0 1
    outer loop
      vertex 104.493 35.6268 6
      vertex 105.49 39.9759 6
      vertex 105 40 6
    endloop
  endfacet
  facet normal 0 0 1
    outer loop
      vertex 107.778 39.1573 6
      vertex 104.944 35.4135 6
      vertex 105.078 35.3141 6
    endloop
  endfacet
  facet normal 0 0 1
    outer loop
      vertex 106.913 39.6194 6
      vertex 104.801 35.4993 6
      vertex 104.944 35.4135 6
    endloop
  endfacet
  facet normal 0 0 1
    outer loop
      vertex 106.451 39.7847 6
      vertex 104.651 35.5706 6
      vertex 104.801 35.4993 6
    endloop
  endfacet
  facet normal 0 0 1
    outer loop
      vertex 105.49 39.9759 6
      vertex 104.493 35.6268 6
      vertex 104.651 35.5706 6
    endloop
  endfacet
  facet normal 0 0 1
    outer loop
      vertex 105 40 6
      vertex 104.332 35.6673 6
      vertex 104.493 35.6268 6
    endloop
  endfacet
  facet normal 0 0 1
    outer loop
      vertex 105 40 6
      vertex 104.167 35.6918 6
      vertex 104.332 35.6673 6
    endloop
  endfacet
  facet normal 0 0 1
    outer loop
      vertex 105 40 6
      vertex 104 35.7 6
      vertex 104.167 35.6918 6
    endloop
  endfacet
  facet normal 0 0 1
    outer loop
      vertex 105 40 6
      vertex 103.833 35.6918 6
      vertex 104 35.7 6
    endloop
  endfacet
  facet normal 0 0 1
    outer loop
      vertex 105 40 6
      vertex 103.668 35.6673 6
      vertex 103.833 35.6918 6
    endloop
  endfacet
  facet normal 0 0 1
    outer loop
      vertex 105 40 6
      vertex 103.507 35.6268 6
      vertex 103.668 35.6673 6
    endloop
  endfacet
  facet normal 0 0 1
    outer loop
      vertex 105 40 6
      vertex 103.349 35.5706 6
      vertex 103.507 35.6268 6
    endloop
  endfacet
  facet normal 0 0 1
    outer loop
      vertex 105 40 6
      vertex 103.199 35.4993 6
      vertex 103.349 35.5706 6
    endloop
  endfacet
  facet normal 0 0 1
    outer loop
      vertex 105 40 6
      vertex 103.056 35.4135 6
      vertex 103.199 35.4993 6
    endloop
  endfacet
  facet normal 0 0 1
    outer loop
      vertex 105 40 6
      vertex 102.922 35.3141 6
      vertex 103.056 35.4135 6
    endloop
  endfacet
  facet normal 0 0 1
    outer loop
      vertex 105 40 6
      vertex 102.798 35.2021 6
      vertex 102.922 35.3141 6
    endloop
  endfacet
  facet normal 0 0 1
    outer loop
      vertex 105 40 6
      vertex 102.686 35.0785 6
      vertex 102.798 35.2021 6
    endloop
  endfacet
  facet normal 0 0 1
    outer loop
      vertex 105 40 6
      vertex 102.587 34.9445 6
      vertex 102.686 35.0785 6
    endloop
  endfacet
  facet normal 0 0 1
    outer loop
      vertex 105 40 6
      vertex 102.501 34.8014 6
      vertex 102.587 34.9445 6
    endloop
  endfacet
  facet normal 0 0 1
    outer loop
      vertex 102.333 6.33165 6
      vertex 34 13.25 6
      vertex 102.308 6.16663 6
    endloop
  endfacet
  facet normal 0 0 1
    outer loop
      vertex 33.9616 27.1402 6
      vertex 102.3 34 6
      vertex 102.308 34.1666 6
    endloop
  endfacet
  facet normal 0 0 1
    outer loop
      vertex 33.9139 27.3306 6
      vertex 102.308 34.1666 6
      vertex 102.333 34.3317 6
    endloop
  endfacet
  facet normal 0 0 1
    outer loop
      vertex 33.8478 27.5154 6
      vertex 102.333 34.3317 6
      vertex 102.373 34.4935 6
    endloop
  endfacet
  facet normal 0 0 1
    outer loop
      vertex 33.7638 27.6928 6
      vertex 102.373 34.4935 6
      vertex 102.429 34.6506 6
    endloop
  endfacet
  facet normal 0 0 1
    outer loop
      vertex 33.6629 27.8611 6
      vertex 102.429 34.6506 6
      vertex 102.501 34.8014 6
    endloop
  endfacet
  facet normal 0 0 1
    outer loop
      vertex 33.546 28.0188 6
      vertex 102.501 34.8014 6
      vertex 105 40 6
    endloop
  endfacet
  facet normal 0 0 1
    outer loop
      vertex 102.308 33.8334 6
      vertex 33.9904 26.946 6
      vertex 34 26.75 6
    endloop
  endfacet
  facet normal 0 0 1
    outer loop
      vertex 102.3 34 6
      vertex 33.9616 27.1402 6
      vertex 33.9904 26.946 6
    endloop
  endfacet
  facet normal 0 0 1
    outer loop
      vertex 102.308 34.1666 6
      vertex 33.9139 27.3306 6
      vertex 33.9616 27.1402 6
    endloop
  endfacet
  facet normal 0 0 1
    outer loop
      vertex 102.333 34.3317 6
      vertex 33.8478 27.5154 6
      vertex 33.9139 27.3306 6
    endloop
  endfacet
  facet normal 0 0 1
    outer loop
      vertex 102.373 34.4935 6
      vertex 33.7638 27.6928 6
      vertex 33.8478 27.5154 6
    endloop
  endfacet
  facet normal 0 0 1
    outer loop
      vertex 102.429 34.6506 6
      vertex 33.6629 27.8611 6
      vertex 33.7638 27.6928 6
    endloop
  endfacet
  facet normal 0 0 1
    outer loop
      vertex 102.501 34.8014 6
      vertex 33.546 28.0188 6
      vertex 33.6629 27.8611 6
    endloop
  endfacet
  facet normal 0 0 1
    outer loop
      vertex 105 40 6
      vertex 33.4142 28.1642 6
      vertex 33.546 28.0188 6
    endloop
  endfacet
  facet normal 0 0 1
    outer loop
      vertex 105 40 6
      vertex 33.2688 28.296 6
      vertex 33.4142 28.1642 6
    endloop
  endfacet
  facet normal 0 0 1
    outer loop
      vertex 105 40 6
      vertex 33.1111 28.4129 6
      vertex 33.2688 28.296 6
    endloop
  endfacet
  facet normal 0 0 1
    outer loop
      vertex 105 40 6
      vertex 32.9428 28.5138 6
      vertex 33.1111 28.4129 6
    endloop
  endfacet
  facet normal 0 0 1
    outer loop
      vertex 105 40 6
      vertex 32.7654 28.5978 6
      vertex 32.9428 28.5138 6
    endloop
  endfacet
  facet normal 0 0 1
    outer loop
      vertex 105 40 6
      vertex 32.5806 28.6639 6
      vertex 32.7654 28.5978 6
    endloop
  endfacet
  facet normal 0 0 1
    outer loop
      vertex 105 40 6
      vertex 32.3902 28.7116 6
      vertex 32.5806 28.6639 6
    endloop
  endfacet
  facet normal -0 0 1
    outer loop
      vertex 5 40 6
      vertex 32.3902 28.7116 6
      vertex 105 40 6
    endloop
  endfacet
  facet normal 0 0 1
    outer loop
      vertex 32.3902 28.7116 6
      vertex 5 40 6
      vertex 32.196 28.7404 6
    endloop
  endfacet
  facet normal 0 0 1
    outer loop
      vertex 32.196 28.7404 6
      vertex 5 40 6
      vertex 32 28.75 6
    endloop
  endfacet
  facet normal -0 -0 1
    outer loop
      vertex 7.4135 34.9445 6
      vertex 32 28.75 6
      vertex 5 40 6
    endloop
  endfacet
  facet normal 0 0 1
    outer loop
      vertex 10.7312 28.296 6
      vertex 7.07847 32.6859 6
      vertex 10.5858 28.1642 6
    endloop
  endfacet
  facet normal -0 0 1
    outer loop
      vertex 7.07847 32.6859 6
      vertex 10.7312 28.296 6
      vertex 7.20208 32.7979 6
    endloop
  endfacet
  facet normal 0 0 1
    outer loop
      vertex 10.8889 28.4129 6
      vertex 7.20208 32.7979 6
      vertex 10.7312 28.296 6
    endloop
  endfacet
  facet normal -0 0 1
    outer loop
      vertex 7.20208 32.7979 6
      vertex 10.8889 28.4129 6
      vertex 7.31412 32.9215 6
    endloop
  endfacet
  facet normal 0 0 1
    outer loop
      vertex 11.0572 28.5138 6
      vertex 7.31412 32.9215 6
      vertex 10.8889 28.4129 6
    endloop
  endfacet
  facet normal -0 0 1
    outer loop
      vertex 7.31412 32.9215 6
      vertex 11.0572 28.5138 6
      vertex 7.4135 33.0555 6
    endloop
  endfacet
  facet normal 0 0 1
    outer loop
      vertex 11.2346 28.5978 6
      vertex 7.4135 33.0555 6
      vertex 11.0572 28.5138 6
    endloop
  endfacet
  facet normal -0 0 1
    outer loop
      vertex 7.4135 33.0555 6
      vertex 11.2346 28.5978 6
      vertex 7.49927 33.1986 6
    endloop
  endfacet
  facet normal 0 0 1
    outer loop
      vertex 11.4194 28.6639 6
      vertex 7.49927 33.1986 6
      vertex 11.2346 28.5978 6
    endloop
  endfacet
  facet normal -0 0 1
    outer loop
      vertex 7.49927 33.1986 6
      vertex 11.4194 28.6639 6
      vertex 7.57059 33.3494 6
    endloop
  endfacet
  facet normal 0 0 1
    outer loop
      vertex 11.6098 28.7116 6
      vertex 7.57059 33.3494 6
      vertex 11.4194 28.6639 6
    endloop
  endfacet
  facet normal -0 0 1
    outer loop
      vertex 7.57059 33.3494 6
      vertex 11.6098 28.7116 6
      vertex 7.6268 33.5065 6
    endloop
  endfacet
  facet normal 0 0 1
    outer loop
      vertex 11.804 28.7404 6
      vertex 7.6268 33.5065 6
      vertex 11.6098 28.7116 6
    endloop
  endfacet
  facet normal -0 0 1
    outer loop
      vertex 7.6268 33.5065 6
      vertex 11.804 28.7404 6
      vertex 7.66733 33.6683 6
    endloop
  endfacet
  facet normal 0 0 1
    outer loop
      vertex 12 28.75 6
      vertex 7.66733 33.6683 6
      vertex 11.804 28.7404 6
    endloop
  endfacet
  facet normal -0 0 1
    outer loop
      vertex 7.66733 33.6683 6
      vertex 12 28.75 6
      vertex 7.69181 33.8334 6
    endloop
  endfacet
  facet normal -0 -0 1
    outer loop
      vertex 7.57059 34.6506 6
      vertex 32 28.75 6
      vertex 7.49927 34.8014 6
    endloop
  endfacet
  facet normal -0 0 1
    outer loop
      vertex 7.69181 33.8334 6
      vertex 12 28.75 6
      vertex 7.7 34 6
    endloop
  endfacet
  facet normal -0 -0 1
    outer loop
      vertex 7.7 34 6
      vertex 12 28.75 6
      vertex 7.69181 34.1666 6
    endloop
  endfacet
  facet normal -0 -0 1
    outer loop
      vertex 7.69181 34.1666 6
      vertex 12 28.75 6
      vertex 7.66733 34.3317 6
    endloop
  endfacet
  facet normal -0 -0 1
    outer loop
      vertex 7.66733 34.3317 6
      vertex 12 28.75 6
      vertex 7.6268 34.4935 6
    endloop
  endfacet
  facet normal -0 -0 1
    outer loop
      vertex 7.6268 34.4935 6
      vertex 12 28.75 6
      vertex 7.57059 34.6506 6
    endloop
  endfacet
  facet normal 0 0 1
    outer loop
      vertex 32 28.75 6
      vertex 7.57059 34.6506 6
      vertex 12 28.75 6
    endloop
  endfacet
  facet normal 0 0 1
    outer loop
      vertex 32 28.75 6
      vertex 7.4135 34.9445 6
      vertex 7.49927 34.8014 6
    endloop
  endfacet
  facet normal 0 0 1
    outer loop
      vertex 7.4135 34.9445 6
      vertex 5 40 6
      vertex 7.31412 35.0785 6
    endloop
  endfacet
  facet normal 0 0 1
    outer loop
      vertex 7.31412 35.0785 6
      vertex 5 40 6
      vertex 7.20208 35.2021 6
    endloop
  endfacet
  facet normal 0 0 1
    outer loop
      vertex 7.20208 35.2021 6
      vertex 5 40 6
      vertex 7.07847 35.3141 6
    endloop
  endfacet
  facet normal 0 0 1
    outer loop
      vertex 7.07847 35.3141 6
      vertex 5 40 6
      vertex 6.94447 35.4135 6
    endloop
  endfacet
  facet normal 0 0 1
    outer loop
      vertex 6.94447 35.4135 6
      vertex 5 40 6
      vertex 6.80137 35.4993 6
    endloop
  endfacet
  facet normal 0 0 1
    outer loop
      vertex 6.80137 35.4993 6
      vertex 5 40 6
      vertex 6.65056 35.5706 6
    endloop
  endfacet
  facet normal 0 0 1
    outer loop
      vertex 6.65056 35.5706 6
      vertex 5 40 6
      vertex 6.49348 35.6268 6
    endloop
  endfacet
  facet normal 0 0 1
    outer loop
      vertex 6.49348 35.6268 6
      vertex 5 40 6
      vertex 6.33165 35.6673 6
    endloop
  endfacet
  facet normal 0 0 1
    outer loop
      vertex 6.33165 35.6673 6
      vertex 5 40 6
      vertex 6.16663 35.6918 6
    endloop
  endfacet
  facet normal 0 0 1
    outer loop
      vertex 6.16663 35.6918 6
      vertex 5 40 6
      vertex 6 35.7 6
    endloop
  endfacet
  facet normal 0 0 1
    outer loop
      vertex 5 40 6
      vertex 5.83337 35.6918 6
      vertex 6 35.7 6
    endloop
  endfacet
  facet normal 0 0 1
    outer loop
      vertex 5 40 6
      vertex 5.66835 35.6673 6
      vertex 5.83337 35.6918 6
    endloop
  endfacet
  facet normal 0 0 1
    outer loop
      vertex 5 40 6
      vertex 5.50652 35.6268 6
      vertex 5.66835 35.6673 6
    endloop
  endfacet
  facet normal -0 0 1
    outer loop
      vertex 4.50992 39.9759 6
      vertex 5.50652 35.6268 6
      vertex 5 40 6
    endloop
  endfacet
  facet normal 0 0 1
    outer loop
      vertex 5.50652 35.6268 6
      vertex 4.50992 39.9759 6
      vertex 5.34944 35.5706 6
    endloop
  endfacet
  facet normal -0 0 1
    outer loop
      vertex 4.02455 39.9039 6
      vertex 5.34944 35.5706 6
      vertex 4.50992 39.9759 6
    endloop
  endfacet
  facet normal -0 0 1
    outer loop
      vertex 3.54858 39.7847 6
      vertex 5.34944 35.5706 6
      vertex 4.02455 39.9039 6
    endloop
  endfacet
  facet normal 0 0 1
    outer loop
      vertex 5.34944 35.5706 6
      vertex 3.54858 39.7847 6
      vertex 5.19862 35.4993 6
    endloop
  endfacet
  facet normal -0 0 1
    outer loop
      vertex 3.08658 39.6194 6
      vertex 5.19862 35.4993 6
      vertex 3.54858 39.7847 6
    endloop
  endfacet
  facet normal 0 0 1
    outer loop
      vertex 5.19862 35.4993 6
      vertex 3.08658 39.6194 6
      vertex 5.05553 35.4135 6
    endloop
  endfacet
  facet normal -0 0 1
    outer loop
      vertex 2.64302 39.4096 6
      vertex 5.05553 35.4135 6
      vertex 3.08658 39.6194 6
    endloop
  endfacet
  facet normal -0 0 1
    outer loop
      vertex 2.22215 39.1573 6
      vertex 5.05553 35.4135 6
      vertex 2.64302 39.4096 6
    endloop
  endfacet
  facet normal 0 0 1
    outer loop
      vertex 5.05553 35.4135 6
      vertex 2.22215 39.1573 6
      vertex 4.92153 35.3141 6
    endloop
  endfacet
  facet normal -0 0 1
    outer loop
      vertex 1.82803 38.8651 6
      vertex 4.92153 35.3141 6
      vertex 2.22215 39.1573 6
    endloop
  endfacet
  facet normal 0 0 1
    outer loop
      vertex 4.92153 35.3141 6
      vertex 1.82803 38.8651 6
      vertex 4.79792 35.2021 6
    endloop
  endfacet
  facet normal -0 0 1
    outer loop
      vertex 1.46446 38.5355 6
      vertex 4.79792 35.2021 6
      vertex 1.82803 38.8651 6
    endloop
  endfacet
  facet normal -0 0 1
    outer loop
      vertex 1.13495 38.172 6
      vertex 4.79792 35.2021 6
      vertex 1.46446 38.5355 6
    endloop
  endfacet
  facet normal -0 0 1
    outer loop
      vertex 0.842651 37.7778 6
      vertex 4.68588 35.0785 6
      vertex 1.13495 38.172 6
    endloop
  endfacet
  facet normal 0 0 1
    outer loop
      vertex 4.79792 35.2021 6
      vertex 1.13495 38.172 6
      vertex 4.68588 35.0785 6
    endloop
  endfacet
  facet normal 0 0 1
    outer loop
      vertex 109.157 2.22215 6
      vertex 105.314 4.92153 6
      vertex 108.865 1.82803 6
    endloop
  endfacet
  facet normal -0 0 1
    outer loop
      vertex 105.202 4.79792 6
      vertex 108.865 1.82803 6
      vertex 105.314 4.92153 6
    endloop
  endfacet
  facet normal 0 0 1
    outer loop
      vertex 108.865 1.82803 6
      vertex 105.202 4.79792 6
      vertex 108.536 1.46446 6
    endloop
  endfacet
  facet normal 0 0 1
    outer loop
      vertex 108.536 1.46446 6
      vertex 105.202 4.79792 6
      vertex 108.172 1.13495 6
    endloop
  endfacet
  facet normal -0 0 1
    outer loop
      vertex 105.078 4.68588 6
      vertex 108.172 1.13495 6
      vertex 105.202 4.79792 6
    endloop
  endfacet
  facet normal 0 0 1
    outer loop
      vertex 108.172 1.13495 6
      vertex 105.078 4.68588 6
      vertex 107.778 0.842651 6
    endloop
  endfacet
  facet normal -0 0 1
    outer loop
      vertex 104.944 4.5865 6
      vertex 107.778 0.842651 6
      vertex 105.078 4.68588 6
    endloop
  endfacet
  facet normal 0 0 1
    outer loop
      vertex 107.778 0.842651 6
      vertex 104.944 4.5865 6
      vertex 107.357 0.590393 6
    endloop
  endfacet
  facet normal 0 0 1
    outer loop
      vertex 107.357 0.590393 6
      vertex 104.944 4.5865 6
      vertex 106.913 0.3806 6
    endloop
  endfacet
  facet normal -0 0 1
    outer loop
      vertex 104.801 4.50073 6
      vertex 106.913 0.3806 6
      vertex 104.944 4.5865 6
    endloop
  endfacet
  facet normal 0 0 1
    outer loop
      vertex 106.913 0.3806 6
      vertex 104.801 4.50073 6
      vertex 106.451 0.215302 6
    endloop
  endfacet
  facet normal -0 0 1
    outer loop
      vertex 104.651 4.4294 6
      vertex 106.451 0.215302 6
      vertex 104.801 4.50073 6
    endloop
  endfacet
  facet normal 0 0 1
    outer loop
      vertex 106.451 0.215302 6
      vertex 104.651 4.4294 6
      vertex 105.975 0.0960693 6
    endloop
  endfacet
  facet normal 0 0 1
    outer loop
      vertex 105.975 0.0960693 6
      vertex 104.651 4.4294 6
      vertex 105.49 0.0240784 6
    endloop
  endfacet
  facet normal -0 0 1
    outer loop
      vertex 104.493 4.3732 6
      vertex 105.49 0.0240784 6
      vertex 104.651 4.4294 6
    endloop
  endfacet
  facet normal 0 0 1
    outer loop
      vertex 105.49 0.0240784 6
      vertex 104.493 4.3732 6
      vertex 105 0 6
    endloop
  endfacet
  facet normal -0 0 1
    outer loop
      vertex 104.332 4.33266 6
      vertex 105 0 6
      vertex 104.493 4.3732 6
    endloop
  endfacet
  facet normal -0 0 1
    outer loop
      vertex 104.167 4.30819 6
      vertex 105 0 6
      vertex 104.332 4.33266 6
    endloop
  endfacet
  facet normal -0 0 1
    outer loop
      vertex 104 4.3 6
      vertex 105 0 6
      vertex 104.167 4.30819 6
    endloop
  endfacet
  facet normal 0 0 1
    outer loop
      vertex 103.833 4.30819 6
      vertex 105 0 6
      vertex 104 4.3 6
    endloop
  endfacet
  facet normal 0 0 1
    outer loop
      vertex 103.668 4.33266 6
      vertex 105 0 6
      vertex 103.833 4.30819 6
    endloop
  endfacet
  facet normal 0 0 1
    outer loop
      vertex 103.507 4.3732 6
      vertex 105 0 6
      vertex 103.668 4.33266 6
    endloop
  endfacet
  facet normal 0 0 1
    outer loop
      vertex 103.349 4.4294 6
      vertex 105 0 6
      vertex 103.507 4.3732 6
    endloop
  endfacet
  facet normal 0 0 1
    outer loop
      vertex 103.199 4.50073 6
      vertex 105 0 6
      vertex 103.349 4.4294 6
    endloop
  endfacet
  facet normal 0 0 1
    outer loop
      vertex 103.056 4.5865 6
      vertex 105 0 6
      vertex 103.199 4.50073 6
    endloop
  endfacet
  facet normal 0 0 1
    outer loop
      vertex 102.922 4.68588 6
      vertex 105 0 6
      vertex 103.056 4.5865 6
    endloop
  endfacet
  facet normal 0 0 1
    outer loop
      vertex 102.798 4.79792 6
      vertex 105 0 6
      vertex 102.922 4.68588 6
    endloop
  endfacet
  facet normal 0 0 1
    outer loop
      vertex 102.686 4.92153 6
      vertex 105 0 6
      vertex 102.798 4.79792 6
    endloop
  endfacet
  facet normal 0 0 1
    outer loop
      vertex 102.587 5.05553 6
      vertex 105 0 6
      vertex 102.686 4.92153 6
    endloop
  endfacet
  facet normal 0 0 1
    outer loop
      vertex 102.501 5.19862 6
      vertex 105 0 6
      vertex 102.587 5.05553 6
    endloop
  endfacet
  facet normal -0 0 1
    outer loop
      vertex 33.9904 13.054 6
      vertex 102.308 6.16663 6
      vertex 34 13.25 6
    endloop
  endfacet
  facet normal 0 0 1
    outer loop
      vertex 102.308 6.16663 6
      vertex 33.9904 13.054 6
      vertex 102.3 6 6
    endloop
  endfacet
  facet normal -0 0 1
    outer loop
      vertex 33.9616 12.8598 6
      vertex 102.3 6 6
      vertex 33.9904 13.054 6
    endloop
  endfacet
  facet normal 0 0 1
    outer loop
      vertex 102.3 6 6
      vertex 33.9616 12.8598 6
      vertex 102.308 5.83337 6
    endloop
  endfacet
  facet normal -0 0 1
    outer loop
      vertex 33.9139 12.6694 6
      vertex 102.308 5.83337 6
      vertex 33.9616 12.8598 6
    endloop
  endfacet
  facet normal 0 0 1
    outer loop
      vertex 102.308 5.83337 6
      vertex 33.9139 12.6694 6
      vertex 102.333 5.66835 6
    endloop
  endfacet
  facet normal -0 0 1
    outer loop
      vertex 33.8478 12.4846 6
      vertex 102.333 5.66835 6
      vertex 33.9139 12.6694 6
    endloop
  endfacet
  facet normal 0 0 1
    outer loop
      vertex 102.333 5.66835 6
      vertex 33.8478 12.4846 6
      vertex 102.373 5.50652 6
    endloop
  endfacet
  facet normal -0 0 1
    outer loop
      vertex 33.7638 12.3072 6
      vertex 102.373 5.50652 6
      vertex 33.8478 12.4846 6
    endloop
  endfacet
  facet normal 0 0 1
    outer loop
      vertex 102.373 5.50652 6
      vertex 33.7638 12.3072 6
      vertex 102.429 5.34944 6
    endloop
  endfacet
  facet normal -0 0 1
    outer loop
      vertex 33.6629 12.1389 6
      vertex 102.429 5.34944 6
      vertex 33.7638 12.3072 6
    endloop
  endfacet
  facet normal 0 0 1
    outer loop
      vertex 102.429 5.34944 6
      vertex 33.6629 12.1389 6
      vertex 102.501 5.19862 6
    endloop
  endfacet
  facet normal -0 0 1
    outer loop
      vertex 33.546 11.9812 6
      vertex 102.501 5.19862 6
      vertex 33.6629 12.1389 6
    endloop
  endfacet
  facet normal 0 0 1
    outer loop
      vertex 102.501 5.19862 6
      vertex 33.546 11.9812 6
      vertex 105 0 6
    endloop
  endfacet
  facet normal -0 0 1
    outer loop
      vertex 33.4142 11.8358 6
      vertex 105 0 6
      vertex 33.546 11.9812 6
    endloop
  endfacet
  facet normal -0 0 1
    outer loop
      vertex 33.2688 11.704 6
      vertex 105 0 6
      vertex 33.4142 11.8358 6
    endloop
  endfacet
  facet normal -0 0 1
    outer loop
      vertex 33.1111 11.5871 6
      vertex 105 0 6
      vertex 33.2688 11.704 6
    endloop
  endfacet
  facet normal -0 0 1
    outer loop
      vertex 32.9428 11.4862 6
      vertex 105 0 6
      vertex 33.1111 11.5871 6
    endloop
  endfacet
  facet normal -0 0 1
    outer loop
      vertex 32.7654 11.4022 6
      vertex 105 0 6
      vertex 32.9428 11.4862 6
    endloop
  endfacet
  facet normal -0 0 1
    outer loop
      vertex 32.5806 11.3361 6
      vertex 105 0 6
      vertex 32.7654 11.4022 6
    endloop
  endfacet
  facet normal -0 0 1
    outer loop
      vertex 32.3902 11.2884 6
      vertex 105 0 6
      vertex 32.5806 11.3361 6
    endloop
  endfacet
  facet normal 0 0 1
    outer loop
      vertex 5 0 6
      vertex 32.3902 11.2884 6
      vertex 32.196 11.2596 6
    endloop
  endfacet
  facet normal 0 0 1
    outer loop
      vertex 5 0 6
      vertex 32.196 11.2596 6
      vertex 32 11.25 6
    endloop
  endfacet
  facet normal 0 0 1
    outer loop
      vertex 7.57059 5.34944 6
      vertex 32 11.25 6
      vertex 12 11.25 6
    endloop
  endfacet
  facet normal 0 0 1
    outer loop
      vertex 7.7 6 6
      vertex 12 11.25 6
      vertex 11.804 11.2596 6
    endloop
  endfacet
  facet normal -0 0 1
    outer loop
      vertex 6.94447 32.5865 6
      vertex 10.5858 28.1642 6
      vertex 7.07847 32.6859 6
    endloop
  endfacet
  facet normal 0 0 1
    outer loop
      vertex 10 13.25 6
      vertex 7.7 6 6
      vertex 10.0096 13.054 6
    endloop
  endfacet
  facet normal 0 0 1
    outer loop
      vertex 7.7 6 6
      vertex 10.0384 12.8598 6
      vertex 10.0096 13.054 6
    endloop
  endfacet
  facet normal 0 0 1
    outer loop
      vertex 7.7 6 6
      vertex 10.0861 12.6694 6
      vertex 10.0384 12.8598 6
    endloop
  endfacet
  facet normal 0 0 1
    outer loop
      vertex 7.7 6 6
      vertex 10.1522 12.4846 6
      vertex 10.0861 12.6694 6
    endloop
  endfacet
  facet normal 0 0 1
    outer loop
      vertex 7.7 6 6
      vertex 10.2362 12.3072 6
      vertex 10.1522 12.4846 6
    endloop
  endfacet
  facet normal 0 0 1
    outer loop
      vertex 7.7 6 6
      vertex 10.3371 12.1389 6
      vertex 10.2362 12.3072 6
    endloop
  endfacet
  facet normal 0 0 1
    outer loop
      vertex 7.7 6 6
      vertex 10.454 11.9812 6
      vertex 10.3371 12.1389 6
    endloop
  endfacet
  facet normal 0 0 1
    outer loop
      vertex 7.7 6 6
      vertex 10.5858 11.8358 6
      vertex 10.454 11.9812 6
    endloop
  endfacet
  facet normal 0 0 1
    outer loop
      vertex 7.7 6 6
      vertex 10.7312 11.704 6
      vertex 10.5858 11.8358 6
    endloop
  endfacet
  facet normal 0 0 1
    outer loop
      vertex 7.7 6 6
      vertex 10.8889 11.5871 6
      vertex 10.7312 11.704 6
    endloop
  endfacet
  facet normal 0 0 1
    outer loop
      vertex 7.7 6 6
      vertex 11.0572 11.4862 6
      vertex 10.8889 11.5871 6
    endloop
  endfacet
  facet normal 0 0 1
    outer loop
      vertex 7.7 6 6
      vertex 11.2346 11.4022 6
      vertex 11.0572 11.4862 6
    endloop
  endfacet
  facet normal 0 0 1
    outer loop
      vertex 7.7 6 6
      vertex 11.4194 11.3361 6
      vertex 11.2346 11.4022 6
    endloop
  endfacet
  facet normal 0 0 1
    outer loop
      vertex 7.7 6 6
      vertex 11.6098 11.2884 6
      vertex 11.4194 11.3361 6
    endloop
  endfacet
  facet normal 0 0 1
    outer loop
      vertex 7.7 6 6
      vertex 11.804 11.2596 6
      vertex 11.6098 11.2884 6
    endloop
  endfacet
  facet normal 0 0 1
    outer loop
      vertex 12 11.25 6
      vertex 7.7 6 6
      vertex 7.69181 5.83337 6
    endloop
  endfacet
  facet normal 0 0 1
    outer loop
      vertex 12 11.25 6
      vertex 7.69181 5.83337 6
      vertex 7.66733 5.66835 6
    endloop
  endfacet
  facet normal 0 0 1
    outer loop
      vertex 12 11.25 6
      vertex 7.66733 5.66835 6
      vertex 7.6268 5.50652 6
    endloop
  endfacet
  facet normal 0 0 1
    outer loop
      vertex 12 11.25 6
      vertex 7.6268 5.50652 6
      vertex 7.57059 5.34944 6
    endloop
  endfacet
  facet normal 0 0 1
    outer loop
      vertex 32 11.25 6
      vertex 7.57059 5.34944 6
      vertex 7.49927 5.19862 6
    endloop
  endfacet
  facet normal 0 0 1
    outer loop
      vertex 7.4135 5.05553 6
      vertex 32 11.25 6
      vertex 7.49927 5.19862 6
    endloop
  endfacet
  facet normal 0 0 1
    outer loop
      vertex 32 11.25 6
      vertex 7.4135 5.05553 6
      vertex 5 0 6
    endloop
  endfacet
  facet normal 0 0 1
    outer loop
      vertex 5 0 6
      vertex 7.4135 5.05553 6
      vertex 7.31412 4.92153 6
    endloop
  endfacet
  facet normal 0 0 1
    outer loop
      vertex 5 0 6
      vertex 7.31412 4.92153 6
      vertex 7.20208 4.79792 6
    endloop
  endfacet
  facet normal 0 0 1
    outer loop
      vertex 5 0 6
      vertex 7.20208 4.79792 6
      vertex 7.07847 4.68588 6
    endloop
  endfacet
  facet normal 0 0 1
    outer loop
      vertex 5 0 6
      vertex 7.07847 4.68588 6
      vertex 6.94447 4.5865 6
    endloop
  endfacet
  facet normal 0 0 1
    outer loop
      vertex 5 0 6
      vertex 6.94447 4.5865 6
      vertex 6.80137 4.50073 6
    endloop
  endfacet
  facet normal 0 0 1
    outer loop
      vertex 5 0 6
      vertex 6.80137 4.50073 6
      vertex 6.65056 4.4294 6
    endloop
  endfacet
  facet normal 0 0 1
    outer loop
      vertex 5 0 6
      vertex 6.65056 4.4294 6
      vertex 6.49348 4.3732 6
    endloop
  endfacet
  facet normal 0 0 1
    outer loop
      vertex 5 0 6
      vertex 6.49348 4.3732 6
      vertex 6.33165 4.33266 6
    endloop
  endfacet
  facet normal 0 0 1
    outer loop
      vertex 5 0 6
      vertex 6.33165 4.33266 6
      vertex 6.16663 4.30819 6
    endloop
  endfacet
  facet normal 0 0 1
    outer loop
      vertex 5 0 6
      vertex 6.16663 4.30819 6
      vertex 6 4.3 6
    endloop
  endfacet
  facet normal 0 0 1
    outer loop
      vertex 32.3902 11.2884 6
      vertex 5 0 6
      vertex 105 0 6
    endloop
  endfacet
  facet normal 0 0 1
    outer loop
      vertex 5.83337 4.30819 6
      vertex 5 0 6
      vertex 6 4.3 6
    endloop
  endfacet
  facet normal 0 0 1
    outer loop
      vertex 5.66835 4.33266 6
      vertex 5 0 6
      vertex 5.83337 4.30819 6
    endloop
  endfacet
  facet normal 0 0 1
    outer loop
      vertex 5.50652 4.3732 6
      vertex 5 0 6
      vertex 5.66835 4.33266 6
    endloop
  endfacet
  facet normal 0 0 1
    outer loop
      vertex 4.50992 0.0240784 6
      vertex 5.50652 4.3732 6
      vertex 5.34944 4.4294 6
    endloop
  endfacet
  facet normal 0 0 1
    outer loop
      vertex 3.54858 0.215302 6
      vertex 5.34944 4.4294 6
      vertex 5.19862 4.50073 6
    endloop
  endfacet
  facet normal 0 0 1
    outer loop
      vertex 3.08658 0.3806 6
      vertex 5.19862 4.50073 6
      vertex 5.05553 4.5865 6
    endloop
  endfacet
  facet normal 0 0 1
    outer loop
      vertex 2.22215 0.842651 6
      vertex 5.05553 4.5865 6
      vertex 4.92153 4.68588 6
    endloop
  endfacet
  facet normal 0 0 1
    outer loop
      vertex 1.82803 1.13495 6
      vertex 4.92153 4.68588 6
      vertex 4.79792 4.79792 6
    endloop
  endfacet
  facet normal 0 0 1
    outer loop
      vertex 1.13495 1.82803 6
      vertex 4.79792 4.79792 6
      vertex 4.68588 4.92153 6
    endloop
  endfacet
  facet normal 0 0 1
    outer loop
      vertex 0.842651 2.22215 6
      vertex 4.68588 4.92153 6
      vertex 4.5865 5.05553 6
    endloop
  endfacet
  facet normal 0 0 1
    outer loop
      vertex 5.50652 4.3732 6
      vertex 4.50992 0.0240784 6
      vertex 5 0 6
    endloop
  endfacet
  facet normal 0 0 1
    outer loop
      vertex 0.3806 3.08658 6
      vertex 4.5865 5.05553 6
      vertex 4.50073 5.19862 6
    endloop
  endfacet
  facet normal 0 0 1
    outer loop
      vertex 0.215302 3.54858 6
      vertex 4.50073 5.19862 6
      vertex 4.4294 5.34944 6
    endloop
  endfacet
  facet normal 0 0 1
    outer loop
      vertex 0.0240784 4.50992 6
      vertex 4.4294 5.34944 6
      vertex 4.3732 5.50652 6
    endloop
  endfacet
  facet normal 0 0 1
    outer loop
      vertex 0 5 6
      vertex 4.3732 5.50652 6
      vertex 4.33266 5.66835 6
    endloop
  endfacet
  facet normal 0 0 1
    outer loop
      vertex 0 5 6
      vertex 4.33266 5.66835 6
      vertex 4.30819 5.83337 6
    endloop
  endfacet
  facet normal 0 0 1
    outer loop
      vertex 0 5 6
      vertex 4.30819 5.83337 6
      vertex 4.3 6 6
    endloop
  endfacet
  facet normal 0 0 1
    outer loop
      vertex 5.34944 4.4294 6
      vertex 4.02455 0.0960693 6
      vertex 4.50992 0.0240784 6
    endloop
  endfacet
  facet normal 0 0 1
    outer loop
      vertex 4.33266 6.33165 6
      vertex 0 5 6
      vertex 4.30819 6.16663 6
    endloop
  endfacet
  facet normal 0 0 1
    outer loop
      vertex 4.68588 35.0785 6
      vertex 0.842651 37.7778 6
      vertex 4.5865 34.9445 6
    endloop
  endfacet
  facet normal 0 0 1
    outer loop
      vertex 4.30819 6.16663 6
      vertex 0 5 6
      vertex 4.3 6 6
    endloop
  endfacet
  facet normal -0 0 1
    outer loop
      vertex 0.590393 37.357 6
      vertex 4.5865 34.9445 6
      vertex 0.842651 37.7778 6
    endloop
  endfacet
  facet normal 0 0 1
    outer loop
      vertex 4.3732 5.50652 6
      vertex 0 5 6
      vertex 0.0240784 4.50992 6
    endloop
  endfacet
  facet normal -0 0 1
    outer loop
      vertex 0.3806 36.9134 6
      vertex 4.5865 34.9445 6
      vertex 0.590393 37.357 6
    endloop
  endfacet
  facet normal 0 0 1
    outer loop
      vertex 5.34944 4.4294 6
      vertex 3.54858 0.215302 6
      vertex 4.02455 0.0960693 6
    endloop
  endfacet
  facet normal 0 0 1
    outer loop
      vertex 4.5865 34.9445 6
      vertex 0.3806 36.9134 6
      vertex 4.50073 34.8014 6
    endloop
  endfacet
  facet normal 0 0 1
    outer loop
      vertex 5.19862 4.50073 6
      vertex 3.08658 0.3806 6
      vertex 3.54858 0.215302 6
    endloop
  endfacet
  facet normal -0 0 1
    outer loop
      vertex 0.215302 36.4514 6
      vertex 4.50073 34.8014 6
      vertex 0.3806 36.9134 6
    endloop
  endfacet
  facet normal 0 0 1
    outer loop
      vertex 5.05553 4.5865 6
      vertex 2.64302 0.590393 6
      vertex 3.08658 0.3806 6
    endloop
  endfacet
  facet normal 0 0 1
    outer loop
      vertex 4.50073 34.8014 6
      vertex 0.215302 36.4514 6
      vertex 4.4294 34.6506 6
    endloop
  endfacet
  facet normal 0 0 1
    outer loop
      vertex 5.05553 4.5865 6
      vertex 2.22215 0.842651 6
      vertex 2.64302 0.590393 6
    endloop
  endfacet
  facet normal -0 0 1
    outer loop
      vertex 0.0960693 35.9754 6
      vertex 4.4294 34.6506 6
      vertex 0.215302 36.4514 6
    endloop
  endfacet
  facet normal 0 0 1
    outer loop
      vertex 4.92153 4.68588 6
      vertex 1.82803 1.13495 6
      vertex 2.22215 0.842651 6
    endloop
  endfacet
  facet normal -0 0 1
    outer loop
      vertex 0.0240784 35.4901 6
      vertex 4.4294 34.6506 6
      vertex 0.0960693 35.9754 6
    endloop
  endfacet
  facet normal 0 0 1
    outer loop
      vertex 4.79792 4.79792 6
      vertex 1.46446 1.46446 6
      vertex 1.82803 1.13495 6
    endloop
  endfacet
  facet normal 0 0 1
    outer loop
      vertex 4.4294 34.6506 6
      vertex 0.0240784 35.4901 6
      vertex 4.3732 34.4935 6
    endloop
  endfacet
  facet normal 0 0 1
    outer loop
      vertex 4.79792 4.79792 6
      vertex 1.13495 1.82803 6
      vertex 1.46446 1.46446 6
    endloop
  endfacet
  facet normal -0 0 1
    outer loop
      vertex 0 35 6
      vertex 4.3732 34.4935 6
      vertex 0.0240784 35.4901 6
    endloop
  endfacet
  facet normal 0 0 1
    outer loop
      vertex 4.68588 4.92153 6
      vertex 0.842651 2.22215 6
      vertex 1.13495 1.82803 6
    endloop
  endfacet
  facet normal 0 0 1
    outer loop
      vertex 4.3732 34.4935 6
      vertex 0 35 6
      vertex 4.33266 34.3317 6
    endloop
  endfacet
  facet normal 0 0 1
    outer loop
      vertex 4.5865 5.05553 6
      vertex 0.590393 2.64302 6
      vertex 0.842651 2.22215 6
    endloop
  endfacet
  facet normal 0 0 1
    outer loop
      vertex 4.33266 34.3317 6
      vertex 0 35 6
      vertex 4.30819 34.1666 6
    endloop
  endfacet
  facet normal 0 0 1
    outer loop
      vertex 4.5865 5.05553 6
      vertex 0.3806 3.08658 6
      vertex 0.590393 2.64302 6
    endloop
  endfacet
  facet normal 0 0 1
    outer loop
      vertex 4.30819 34.1666 6
      vertex 0 35 6
      vertex 4.3 34 6
    endloop
  endfacet
  facet normal 0 0 1
    outer loop
      vertex 4.50073 5.19862 6
      vertex 0.215302 3.54858 6
      vertex 0.3806 3.08658 6
    endloop
  endfacet
  facet normal 0 0 1
    outer loop
      vertex 4.4294 5.34944 6
      vertex 0.0960693 4.02455 6
      vertex 0.215302 3.54858 6
    endloop
  endfacet
  facet normal 0 0 1
    outer loop
      vertex 4.4294 5.34944 6
      vertex 0.0240784 4.50992 6
      vertex 0.0960693 4.02455 6
    endloop
  endfacet
  facet normal -0.0490724 -0.998795 0
    outer loop
      vertex 4.50992 0.0240784 0
      vertex 5 0 6
      vertex 4.50992 0.0240784 6
    endloop
  endfacet
  facet normal -0.0490724 -0.998795 -0
    outer loop
      vertex 5 0 6
      vertex 4.50992 0.0240784 0
      vertex 5 0 0
    endloop
  endfacet
  facet normal 0.803499 -0.595306 0
    outer loop
      vertex 108.865 1.82803 6
      vertex 109.157 2.22215 0
      vertex 109.157 2.22215 6
    endloop
  endfacet
  facet normal 0.803499 -0.595306 0
    outer loop
      vertex 109.157 2.22215 0
      vertex 108.865 1.82803 6
      vertex 108.865 1.82803 0
    endloop
  endfacet
  facet normal 0.741479 -0.670976 0
    outer loop
      vertex 108.536 1.46446 6
      vertex 108.865 1.82803 0
      vertex 108.865 1.82803 6
    endloop
  endfacet
  facet normal 0.741479 -0.670976 0
    outer loop
      vertex 108.865 1.82803 0
      vertex 108.536 1.46446 6
      vertex 108.536 1.46446 0
    endloop
  endfacet
  facet normal 0.336875 -0.941549 0
    outer loop
      vertex 106.451 0.215302 0
      vertex 106.913 0.3806 6
      vertex 106.451 0.215302 6
    endloop
  endfacet
  facet normal 0.336875 -0.941549 0
    outer loop
      vertex 106.913 0.3806 6
      vertex 106.451 0.215302 0
      vertex 106.913 0.3806 0
    endloop
  endfacet
  facet normal 0.803557 0.595228 0
    outer loop
      vertex 109.157 37.7778 6
      vertex 108.865 38.172 0
      vertex 108.865 38.172 6
    endloop
  endfacet
  facet normal 0.803557 0.595228 0
    outer loop
      vertex 108.865 38.172 0
      vertex 109.157 37.7778 6
      vertex 109.157 37.7778 0
    endloop
  endfacet
  facet normal 0.595686 0.803218 -0
    outer loop
      vertex 108.172 38.8651 0
      vertex 107.778 39.1573 6
      vertex 108.172 38.8651 6
    endloop
  endfacet
  facet normal 0.595686 0.803218 0
    outer loop
      vertex 107.778 39.1573 6
      vertex 108.172 38.8651 0
      vertex 107.778 39.1573 0
    endloop
  endfacet
  facet normal -0.803266 0.595621 0
    outer loop
      vertex 0.842651 37.7778 0
      vertex 1.13495 38.172 6
      vertex 1.13495 38.172 0
    endloop
  endfacet
  facet normal -0.803266 0.595621 0
    outer loop
      vertex 1.13495 38.172 6
      vertex 0.842651 37.7778 0
      vertex 0.842651 37.7778 6
    endloop
  endfacet
  facet normal -0.740898 0.671618 0
    outer loop
      vertex 1.13495 38.172 0
      vertex 1.46446 38.5355 6
      vertex 1.46446 38.5355 0
    endloop
  endfacet
  facet normal -0.740898 0.671618 0
    outer loop
      vertex 1.46446 38.5355 6
      vertex 1.13495 38.172 0
      vertex 1.13495 38.172 6
    endloop
  endfacet
  facet normal -0.857692 0.514163 0
    outer loop
      vertex 0.590393 37.357 0
      vertex 0.842651 37.7778 6
      vertex 0.842651 37.7778 0
    endloop
  endfacet
  facet normal -0.857692 0.514163 0
    outer loop
      vertex 0.842651 37.7778 6
      vertex 0.590393 37.357 0
      vertex 0.590393 37.357 6
    endloop
  endfacet
  facet normal -0.5141 -0.85773 0
    outer loop
      vertex 2.22215 0.842651 0
      vertex 2.64302 0.590393 6
      vertex 2.22215 0.842651 6
    endloop
  endfacet
  facet normal -0.5141 -0.85773 -0
    outer loop
      vertex 2.64302 0.590393 6
      vertex 2.22215 0.842651 0
      vertex 2.64302 0.590393 0
    endloop
  endfacet
  facet normal -0.989179 -0.146717 0
    outer loop
      vertex 0.0960693 4.02455 0
      vertex 0.0240784 4.50992 6
      vertex 0.0240784 4.50992 0
    endloop
  endfacet
  facet normal -0.989179 -0.146717 0
    outer loop
      vertex 0.0240784 4.50992 6
      vertex 0.0960693 4.02455 0
      vertex 0.0960693 4.02455 6
    endloop
  endfacet
  facet normal -0.740962 -0.671547 0
    outer loop
      vertex 1.46446 1.46446 0
      vertex 1.13495 1.82803 6
      vertex 1.13495 1.82803 0
    endloop
  endfacet
  facet normal -0.740962 -0.671547 0
    outer loop
      vertex 1.13495 1.82803 6
      vertex 1.46446 1.46446 0
      vertex 1.46446 1.46446 6
    endloop
  endfacet
  facet normal 0.998803 -0.048913 0
    outer loop
      vertex 109.976 4.50992 6
      vertex 110 5 0
      vertex 110 5 6
    endloop
  endfacet
  facet normal 0.998803 -0.048913 0
    outer loop
      vertex 110 5 0
      vertex 109.976 4.50992 6
      vertex 109.976 4.50992 0
    endloop
  endfacet
  facet normal 0.857063 -0.515211 0
    outer loop
      vertex 109.157 2.22215 6
      vertex 109.41 2.64302 0
      vertex 109.41 2.64302 6
    endloop
  endfacet
  facet normal 0.857063 -0.515211 0
    outer loop
      vertex 109.41 2.64302 0
      vertex 109.157 2.22215 6
      vertex 109.157 2.22215 0
    endloop
  endfacet
  facet normal 0.941095 -0.338142 0
    outer loop
      vertex 109.619 3.08658 6
      vertex 109.785 3.54858 0
      vertex 109.785 3.54858 6
    endloop
  endfacet
  facet normal 0.941095 -0.338142 0
    outer loop
      vertex 109.785 3.54858 0
      vertex 109.619 3.08658 6
      vertex 109.619 3.08658 0
    endloop
  endfacet
  facet normal 0.595816 -0.803121 0
    outer loop
      vertex 107.778 0.842651 0
      vertex 108.172 1.13495 6
      vertex 107.778 0.842651 6
    endloop
  endfacet
  facet normal 0.595816 -0.803121 0
    outer loop
      vertex 108.172 1.13495 6
      vertex 107.778 0.842651 0
      vertex 108.172 1.13495 0
    endloop
  endfacet
  facet normal 0.427217 -0.904149 0
    outer loop
      vertex 106.913 0.3806 0
      vertex 107.357 0.590393 6
      vertex 106.913 0.3806 6
    endloop
  endfacet
  facet normal 0.427217 -0.904149 0
    outer loop
      vertex 107.357 0.590393 6
      vertex 106.913 0.3806 0
      vertex 107.357 0.590393 0
    endloop
  endfacet
  facet normal 0.941095 0.338142 0
    outer loop
      vertex 109.785 36.4514 6
      vertex 109.619 36.9134 0
      vertex 109.619 36.9134 6
    endloop
  endfacet
  facet normal 0.941095 0.338142 0
    outer loop
      vertex 109.619 36.9134 0
      vertex 109.785 36.4514 6
      vertex 109.785 36.4514 0
    endloop
  endfacet
  facet normal 0.741415 0.671047 0
    outer loop
      vertex 108.865 38.172 6
      vertex 108.536 38.5355 0
      vertex 108.536 38.5355 6
    endloop
  endfacet
  facet normal 0.741415 0.671047 0
    outer loop
      vertex 108.536 38.5355 0
      vertex 108.865 38.172 6
      vertex 108.865 38.172 0
    endloop
  endfacet
  facet normal 0.671212 0.741266 -0
    outer loop
      vertex 108.536 38.5355 0
      vertex 108.172 38.8651 6
      vertex 108.536 38.5355 6
    endloop
  endfacet
  facet normal 0.671212 0.741266 0
    outer loop
      vertex 108.172 38.8651 6
      vertex 108.536 38.5355 0
      vertex 108.172 38.8651 0
    endloop
  endfacet
  facet normal -0.998795 0.0490704 0
    outer loop
      vertex 0 35 0
      vertex 0.0240784 35.4901 6
      vertex 0.0240784 35.4901 0
    endloop
  endfacet
  facet normal -0.998795 0.0490704 0
    outer loop
      vertex 0.0240784 35.4901 6
      vertex 0 35 0
      vertex 0 35 6
    endloop
  endfacet
  facet normal -0.989175 0.146737 0
    outer loop
      vertex 0.0240784 35.4901 0
      vertex 0.0960693 35.9754 6
      vertex 0.0960693 35.9754 0
    endloop
  endfacet
  facet normal -0.989175 0.146737 0
    outer loop
      vertex 0.0960693 35.9754 6
      vertex 0.0240784 35.4901 0
      vertex 0.0240784 35.4901 6
    endloop
  endfacet
  facet normal -0.970031 0.242982 0
    outer loop
      vertex 0.0960693 35.9754 0
      vertex 0.215302 36.4514 6
      vertex 0.215302 36.4514 0
    endloop
  endfacet
  facet normal -0.970031 0.242982 0
    outer loop
      vertex 0.215302 36.4514 6
      vertex 0.0960693 35.9754 0
      vertex 0.0960693 35.9754 6
    endloop
  endfacet
  facet normal -0.941549 0.336875 0
    outer loop
      vertex 0.215302 36.4514 0
      vertex 0.3806 36.9134 6
      vertex 0.3806 36.9134 0
    endloop
  endfacet
  facet normal -0.941549 0.336875 0
    outer loop
      vertex 0.3806 36.9134 6
      vertex 0.215302 36.4514 0
      vertex 0.215302 36.4514 6
    endloop
  endfacet
  facet normal -0.514163 0.857692 0
    outer loop
      vertex 2.64302 39.4096 0
      vertex 2.22215 39.1573 6
      vertex 2.64302 39.4096 6
    endloop
  endfacet
  facet normal -0.514163 0.857692 0
    outer loop
      vertex 2.22215 39.1573 6
      vertex 2.64302 39.4096 0
      vertex 2.22215 39.1573 0
    endloop
  endfacet
  facet normal -0.427575 0.90398 0
    outer loop
      vertex 3.08658 39.6194 0
      vertex 2.64302 39.4096 6
      vertex 3.08658 39.6194 6
    endloop
  endfacet
  facet normal -0.427575 0.90398 0
    outer loop
      vertex 2.64302 39.4096 6
      vertex 3.08658 39.6194 0
      vertex 2.64302 39.4096 0
    endloop
  endfacet
  facet normal -0.336879 0.941548 0
    outer loop
      vertex 3.54858 39.7847 0
      vertex 3.08658 39.6194 6
      vertex 3.54858 39.7847 6
    endloop
  endfacet
  facet normal -0.336879 0.941548 0
    outer loop
      vertex 3.08658 39.6194 6
      vertex 3.54858 39.7847 0
      vertex 3.08658 39.6194 0
    endloop
  endfacet
  facet normal -0.671648 0.740871 0
    outer loop
      vertex 1.82803 38.8651 0
      vertex 1.46446 38.5355 6
      vertex 1.82803 38.8651 6
    endloop
  endfacet
  facet normal -0.671648 0.740871 0
    outer loop
      vertex 1.46446 38.5355 6
      vertex 1.82803 38.8651 0
      vertex 1.46446 38.5355 0
    endloop
  endfacet
  facet normal -0.427563 -0.903986 0
    outer loop
      vertex 2.64302 0.590393 0
      vertex 3.08658 0.3806 6
      vertex 2.64302 0.590393 6
    endloop
  endfacet
  facet normal -0.427563 -0.903986 -0
    outer loop
      vertex 3.08658 0.3806 6
      vertex 2.64302 0.590393 0
      vertex 3.08658 0.3806 0
    endloop
  endfacet
  facet normal -0.970027 -0.242996 0
    outer loop
      vertex 0.215302 3.54858 0
      vertex 0.0960693 4.02455 6
      vertex 0.0960693 4.02455 0
    endloop
  endfacet
  facet normal -0.970027 -0.242996 0
    outer loop
      vertex 0.0960693 4.02455 6
      vertex 0.215302 3.54858 0
      vertex 0.215302 3.54858 6
    endloop
  endfacet
  facet normal -0.803208 -0.595699 0
    outer loop
      vertex 1.13495 1.82803 0
      vertex 0.842651 2.22215 6
      vertex 0.842651 2.22215 0
    endloop
  endfacet
  facet normal -0.803208 -0.595699 0
    outer loop
      vertex 0.842651 2.22215 6
      vertex 1.13495 1.82803 0
      vertex 1.13495 1.82803 6
    endloop
  endfacet
  facet normal -0.903986 -0.427563 0
    outer loop
      vertex 0.590393 2.64302 0
      vertex 0.3806 3.08658 6
      vertex 0.3806 3.08658 0
    endloop
  endfacet
  facet normal -0.903986 -0.427563 0
    outer loop
      vertex 0.3806 3.08658 6
      vertex 0.590393 2.64302 0
      vertex 0.590393 2.64302 6
    endloop
  endfacet
  facet normal -0.671547 -0.740962 0
    outer loop
      vertex 1.46446 1.46446 0
      vertex 1.82803 1.13495 6
      vertex 1.46446 1.46446 6
    endloop
  endfacet
  facet normal -0.671547 -0.740962 -0
    outer loop
      vertex 1.82803 1.13495 6
      vertex 1.46446 1.46446 0
      vertex 1.82803 1.13495 0
    endloop
  endfacet
  facet normal 0.90461 -0.426241 0
    outer loop
      vertex 109.41 2.64302 6
      vertex 109.619 3.08658 0
      vertex 109.619 3.08658 6
    endloop
  endfacet
  facet normal 0.90461 -0.426241 0
    outer loop
      vertex 109.619 3.08658 0
      vertex 109.41 2.64302 6
      vertex 109.41 2.64302 0
    endloop
  endfacet
  facet normal 0.970139 -0.24255 0
    outer loop
      vertex 109.785 3.54858 6
      vertex 109.904 4.02455 0
      vertex 109.904 4.02455 6
    endloop
  endfacet
  facet normal 0.970139 -0.24255 0
    outer loop
      vertex 109.904 4.02455 0
      vertex 109.785 3.54858 6
      vertex 109.785 3.54858 0
    endloop
  endfacet
  facet normal 0.671111 -0.741357 0
    outer loop
      vertex 108.172 1.13495 0
      vertex 108.536 1.46446 6
      vertex 108.172 1.13495 6
    endloop
  endfacet
  facet normal 0.671111 -0.741357 0
    outer loop
      vertex 108.536 1.46446 6
      vertex 108.172 1.13495 0
      vertex 108.536 1.46446 0
    endloop
  endfacet
  facet normal 0.427228 0.904144 -0
    outer loop
      vertex 107.357 39.4096 0
      vertex 106.913 39.6194 6
      vertex 107.357 39.4096 6
    endloop
  endfacet
  facet normal 0.427228 0.904144 0
    outer loop
      vertex 106.913 39.6194 6
      vertex 107.357 39.4096 0
      vertex 106.913 39.6194 0
    endloop
  endfacet
  facet normal 0.970143 0.242536 0
    outer loop
      vertex 109.904 35.9754 6
      vertex 109.785 36.4514 0
      vertex 109.785 36.4514 6
    endloop
  endfacet
  facet normal 0.970143 0.242536 0
    outer loop
      vertex 109.785 36.4514 0
      vertex 109.904 35.9754 6
      vertex 109.904 35.9754 0
    endloop
  endfacet
  facet normal 0.857025 0.515274 0
    outer loop
      vertex 109.41 37.357 6
      vertex 109.157 37.7778 0
      vertex 109.157 37.7778 6
    endloop
  endfacet
  facet normal 0.857025 0.515274 0
    outer loop
      vertex 109.157 37.7778 0
      vertex 109.41 37.357 6
      vertex 109.41 37.357 0
    endloop
  endfacet
  facet normal 0.904625 0.426209 0
    outer loop
      vertex 109.619 36.9134 6
      vertex 109.41 37.357 0
      vertex 109.41 37.357 6
    endloop
  endfacet
  facet normal 0.904625 0.426209 0
    outer loop
      vertex 109.41 37.357 0
      vertex 109.619 36.9134 6
      vertex 109.619 36.9134 0
    endloop
  endfacet
  facet normal 0.514046 0.857762 -0
    outer loop
      vertex 107.778 39.1573 0
      vertex 107.357 39.4096 6
      vertex 107.778 39.1573 6
    endloop
  endfacet
  facet normal 0.514046 0.857762 0
    outer loop
      vertex 107.357 39.4096 6
      vertex 107.778 39.1573 0
      vertex 107.357 39.4096 0
    endloop
  endfacet
  facet normal -0.242934 0.970043 0
    outer loop
      vertex 4.02455 39.9039 0
      vertex 3.54858 39.7847 6
      vertex 4.02455 39.9039 6
    endloop
  endfacet
  facet normal -0.242934 0.970043 0
    outer loop
      vertex 3.54858 39.7847 6
      vertex 4.02455 39.9039 0
      vertex 3.54858 39.7847 0
    endloop
  endfacet
  facet normal -0.941549 -0.336875 0
    outer loop
      vertex 0.3806 3.08658 0
      vertex 0.215302 3.54858 6
      vertex 0.215302 3.54858 0
    endloop
  endfacet
  facet normal -0.941549 -0.336875 0
    outer loop
      vertex 0.215302 3.54858 6
      vertex 0.3806 3.08658 0
      vertex 0.3806 3.08658 6
    endloop
  endfacet
  facet normal -0.85773 -0.5141 0
    outer loop
      vertex 0.842651 2.22215 0
      vertex 0.590393 2.64302 6
      vertex 0.590393 2.64302 0
    endloop
  endfacet
  facet normal -0.85773 -0.5141 0
    outer loop
      vertex 0.590393 2.64302 6
      vertex 0.842651 2.22215 0
      vertex 0.842651 2.22215 6
    endloop
  endfacet
  facet normal -0.96995 -0.243303 0
    outer loop
      vertex 22.452 20.4877 11.3
      vertex 22.3923 20.7257 15.3
      vertex 22.3923 20.7257 11.3
    endloop
  endfacet
  facet normal -0.96995 -0.243303 0
    outer loop
      vertex 22.3923 20.7257 15.3
      vertex 22.452 20.4877 11.3
      vertex 22.452 20.4877 15.3
    endloop
  endfacet
  facet normal -0.998803 -0.0489209 0
    outer loop
      vertex 22.5 20 11.3
      vertex 22.488 20.245 15.3
      vertex 22.488 20.245 11.3
    endloop
  endfacet
  facet normal -0.998803 -0.0489209 0
    outer loop
      vertex 22.488 20.245 15.3
      vertex 22.5 20 11.3
      vertex 22.5 20 15.3
    endloop
  endfacet
  facet normal 0.0489209 -0.998803 0
    outer loop
      vertex 19.755 22.488 11.3
      vertex 20 22.5 15.3
      vertex 19.755 22.488 15.3
    endloop
  endfacet
  facet normal 0.0489209 -0.998803 0
    outer loop
      vertex 20 22.5 15.3
      vertex 19.755 22.488 11.3
      vertex 20 22.5 11.3
    endloop
  endfacet
  facet normal -0.671394 -0.741101 0
    outer loop
      vertex 21.586 21.9325 11.3
      vertex 21.7678 21.7678 15.3
      vertex 21.586 21.9325 15.3
    endloop
  endfacet
  facet normal -0.671394 -0.741101 -0
    outer loop
      vertex 21.7678 21.7678 15.3
      vertex 21.586 21.9325 11.3
      vertex 21.7678 21.7678 11.3
    endloop
  endfacet
  facet normal 0.741101 -0.671394 0
    outer loop
      vertex 18.0675 21.586 15.3
      vertex 18.2322 21.7678 11.3
      vertex 18.2322 21.7678 15.3
    endloop
  endfacet
  facet normal 0.741101 -0.671394 0
    outer loop
      vertex 18.2322 21.7678 11.3
      vertex 18.0675 21.586 15.3
      vertex 18.0675 21.586 11.3
    endloop
  endfacet
  facet normal 0.427543 -0.903995 0
    outer loop
      vertex 18.8215 22.2048 11.3
      vertex 19.0433 22.3097 15.3
      vertex 18.8215 22.2048 15.3
    endloop
  endfacet
  facet normal 0.427543 -0.903995 0
    outer loop
      vertex 19.0433 22.3097 15.3
      vertex 18.8215 22.2048 11.3
      vertex 19.0433 22.3097 11.3
    endloop
  endfacet
  facet normal 0.741101 0.671394 0
    outer loop
      vertex 18.2322 18.2322 15.3
      vertex 18.0675 18.414 11.3
      vertex 18.0675 18.414 15.3
    endloop
  endfacet
  facet normal 0.741101 0.671394 0
    outer loop
      vertex 18.0675 18.414 11.3
      vertex 18.2322 18.2322 15.3
      vertex 18.2322 18.2322 11.3
    endloop
  endfacet
  facet normal -0.941613 -0.336698 0
    outer loop
      vertex 22.3923 20.7257 11.3
      vertex 22.3097 20.9567 15.3
      vertex 22.3097 20.9567 11.3
    endloop
  endfacet
  facet normal -0.941613 -0.336698 0
    outer loop
      vertex 22.3097 20.9567 15.3
      vertex 22.3923 20.7257 11.3
      vertex 22.3923 20.7257 15.3
    endloop
  endfacet
  facet normal -0.336698 -0.941613 0
    outer loop
      vertex 20.7257 22.3923 11.3
      vertex 20.9567 22.3097 15.3
      vertex 20.7257 22.3923 15.3
    endloop
  endfacet
  facet normal -0.336698 -0.941613 -0
    outer loop
      vertex 20.9567 22.3097 15.3
      vertex 20.7257 22.3923 11.3
      vertex 20.9567 22.3097 11.3
    endloop
  endfacet
  facet normal 0.903995 -0.427543 0
    outer loop
      vertex 17.6903 20.9567 15.3
      vertex 17.7952 21.1785 11.3
      vertex 17.7952 21.1785 15.3
    endloop
  endfacet
  facet normal 0.903995 -0.427543 0
    outer loop
      vertex 17.7952 21.1785 11.3
      vertex 17.6903 20.9567 15.3
      vertex 17.6903 20.9567 11.3
    endloop
  endfacet
  facet normal 0.857745 -0.514076 0
    outer loop
      vertex 17.7952 21.1785 15.3
      vertex 17.9213 21.3889 11.3
      vertex 17.9213 21.3889 15.3
    endloop
  endfacet
  facet normal 0.857745 -0.514076 0
    outer loop
      vertex 17.9213 21.3889 11.3
      vertex 17.7952 21.1785 15.3
      vertex 17.7952 21.1785 11.3
    endloop
  endfacet
  facet normal 0.998803 0.0489209 0
    outer loop
      vertex 17.512 19.755 15.3
      vertex 17.5 20 11.3
      vertex 17.5 20 15.3
    endloop
  endfacet
  facet normal 0.998803 0.0489209 0
    outer loop
      vertex 17.5 20 11.3
      vertex 17.512 19.755 15.3
      vertex 17.512 19.755 11.3
    endloop
  endfacet
  facet normal -0.903995 0.427543 0
    outer loop
      vertex 22.2048 18.8215 11.3
      vertex 22.3097 19.0433 15.3
      vertex 22.3097 19.0433 11.3
    endloop
  endfacet
  facet normal -0.903995 0.427543 0
    outer loop
      vertex 22.3097 19.0433 15.3
      vertex 22.2048 18.8215 11.3
      vertex 22.2048 18.8215 15.3
    endloop
  endfacet
  facet normal -0.337059 0.941483 0
    outer loop
      vertex 20.9567 17.6903 11.3
      vertex 20.7257 17.6076 15.3
      vertex 20.9567 17.6903 15.3
    endloop
  endfacet
  facet normal -0.337059 0.941483 0
    outer loop
      vertex 20.7257 17.6076 15.3
      vertex 20.9567 17.6903 11.3
      vertex 20.7257 17.6076 11.3
    endloop
  endfacet
  facet normal -0.741101 0.671394 0
    outer loop
      vertex 21.7678 18.2322 11.3
      vertex 21.9325 18.414 15.3
      vertex 21.9325 18.414 11.3
    endloop
  endfacet
  facet normal -0.741101 0.671394 0
    outer loop
      vertex 21.9325 18.414 15.3
      vertex 21.7678 18.2322 11.3
      vertex 21.7678 18.2322 15.3
    endloop
  endfacet
  facet normal -0.96995 0.243303 0
    outer loop
      vertex 22.3923 19.2743 11.3
      vertex 22.452 19.5123 15.3
      vertex 22.452 19.5123 11.3
    endloop
  endfacet
  facet normal -0.96995 0.243303 0
    outer loop
      vertex 22.452 19.5123 15.3
      vertex 22.3923 19.2743 11.3
      vertex 22.3923 19.2743 15.3
    endloop
  endfacet
  facet normal 0.242919 0.970047 -0
    outer loop
      vertex 19.5123 17.548 11.3
      vertex 19.2743 17.6076 15.3
      vertex 19.5123 17.548 15.3
    endloop
  endfacet
  facet normal 0.242919 0.970047 0
    outer loop
      vertex 19.2743 17.6076 15.3
      vertex 19.5123 17.548 11.3
      vertex 19.2743 17.6076 11.3
    endloop
  endfacet
  facet normal 0.427543 0.903995 -0
    outer loop
      vertex 19.0433 17.6903 11.3
      vertex 18.8215 17.7952 15.3
      vertex 19.0433 17.6903 15.3
    endloop
  endfacet
  facet normal 0.427543 0.903995 0
    outer loop
      vertex 18.8215 17.7952 15.3
      vertex 19.0433 17.6903 11.3
      vertex 18.8215 17.7952 11.3
    endloop
  endfacet
  facet normal -0.903995 -0.427543 0
    outer loop
      vertex 22.3097 20.9567 11.3
      vertex 22.2048 21.1785 15.3
      vertex 22.2048 21.1785 11.3
    endloop
  endfacet
  facet normal -0.903995 -0.427543 0
    outer loop
      vertex 22.2048 21.1785 15.3
      vertex 22.3097 20.9567 11.3
      vertex 22.3097 20.9567 15.3
    endloop
  endfacet
  facet normal -0.857745 -0.514076 0
    outer loop
      vertex 22.2048 21.1785 11.3
      vertex 22.0787 21.3889 15.3
      vertex 22.0787 21.3889 11.3
    endloop
  endfacet
  facet normal -0.857745 -0.514076 0
    outer loop
      vertex 22.0787 21.3889 15.3
      vertex 22.2048 21.1785 11.3
      vertex 22.2048 21.1785 15.3
    endloop
  endfacet
  facet normal -0.741101 -0.671394 0
    outer loop
      vertex 21.9325 21.586 11.3
      vertex 21.7678 21.7678 15.3
      vertex 21.7678 21.7678 11.3
    endloop
  endfacet
  facet normal -0.741101 -0.671394 0
    outer loop
      vertex 21.7678 21.7678 15.3
      vertex 21.9325 21.586 11.3
      vertex 21.9325 21.586 15.3
    endloop
  endfacet
  facet normal -0.803167 -0.595754 0
    outer loop
      vertex 22.0787 21.3889 11.3
      vertex 21.9325 21.586 15.3
      vertex 21.9325 21.586 11.3
    endloop
  endfacet
  facet normal -0.803167 -0.595754 0
    outer loop
      vertex 21.9325 21.586 15.3
      vertex 22.0787 21.3889 11.3
      vertex 22.0787 21.3889 15.3
    endloop
  endfacet
  facet normal -0.146726 -0.989177 0
    outer loop
      vertex 20.245 22.488 11.3
      vertex 20.4877 22.452 15.3
      vertex 20.245 22.488 15.3
    endloop
  endfacet
  facet normal -0.146726 -0.989177 -0
    outer loop
      vertex 20.4877 22.452 15.3
      vertex 20.245 22.488 11.3
      vertex 20.4877 22.452 11.3
    endloop
  endfacet
  facet normal -0.0489209 -0.998803 0
    outer loop
      vertex 20 22.5 11.3
      vertex 20.245 22.488 15.3
      vertex 20 22.5 15.3
    endloop
  endfacet
  facet normal -0.0489209 -0.998803 -0
    outer loop
      vertex 20.245 22.488 15.3
      vertex 20 22.5 11.3
      vertex 20.245 22.488 11.3
    endloop
  endfacet
  facet normal -0.595754 -0.803167 0
    outer loop
      vertex 21.3889 22.0787 11.3
      vertex 21.586 21.9325 15.3
      vertex 21.3889 22.0787 15.3
    endloop
  endfacet
  facet normal -0.595754 -0.803167 -0
    outer loop
      vertex 21.586 21.9325 15.3
      vertex 21.3889 22.0787 11.3
      vertex 21.586 21.9325 11.3
    endloop
  endfacet
  facet normal -0.427543 -0.903995 0
    outer loop
      vertex 20.9567 22.3097 11.3
      vertex 21.1785 22.2048 15.3
      vertex 20.9567 22.3097 15.3
    endloop
  endfacet
  facet normal -0.427543 -0.903995 -0
    outer loop
      vertex 21.1785 22.2048 15.3
      vertex 20.9567 22.3097 11.3
      vertex 21.1785 22.2048 11.3
    endloop
  endfacet
  facet normal -0.514076 -0.857745 0
    outer loop
      vertex 21.1785 22.2048 11.3
      vertex 21.3889 22.0787 15.3
      vertex 21.1785 22.2048 15.3
    endloop
  endfacet
  facet normal -0.514076 -0.857745 -0
    outer loop
      vertex 21.3889 22.0787 15.3
      vertex 21.1785 22.2048 11.3
      vertex 21.3889 22.0787 11.3
    endloop
  endfacet
  facet normal 0 0 1
    outer loop
      vertex 22.488 20.245 11.3
      vertex 22.488 19.755 11.3
      vertex 22.5 20 11.3
    endloop
  endfacet
  facet normal 0 0 1
    outer loop
      vertex 22.452 20.4877 11.3
      vertex 22.488 19.755 11.3
      vertex 22.488 20.245 11.3
    endloop
  endfacet
  facet normal 0 0 1
    outer loop
      vertex 22.452 20.4877 11.3
      vertex 22.452 19.5123 11.3
      vertex 22.488 19.755 11.3
    endloop
  endfacet
  facet normal 0 0 1
    outer loop
      vertex 22.3923 20.7257 11.3
      vertex 22.452 19.5123 11.3
      vertex 22.452 20.4877 11.3
    endloop
  endfacet
  facet normal 0 0 1
    outer loop
      vertex 22.3923 20.7257 11.3
      vertex 22.3923 19.2743 11.3
      vertex 22.452 19.5123 11.3
    endloop
  endfacet
  facet normal 0 0 1
    outer loop
      vertex 22.3097 20.9567 11.3
      vertex 22.3923 19.2743 11.3
      vertex 22.3923 20.7257 11.3
    endloop
  endfacet
  facet normal 0 0 1
    outer loop
      vertex 22.3097 20.9567 11.3
      vertex 22.3097 19.0433 11.3
      vertex 22.3923 19.2743 11.3
    endloop
  endfacet
  facet normal 0 0 1
    outer loop
      vertex 22.2048 21.1785 11.3
      vertex 22.3097 19.0433 11.3
      vertex 22.3097 20.9567 11.3
    endloop
  endfacet
  facet normal 0 0 1
    outer loop
      vertex 22.2048 21.1785 11.3
      vertex 22.2048 18.8215 11.3
      vertex 22.3097 19.0433 11.3
    endloop
  endfacet
  facet normal 0 0 1
    outer loop
      vertex 22.0787 21.3889 11.3
      vertex 22.2048 18.8215 11.3
      vertex 22.2048 21.1785 11.3
    endloop
  endfacet
  facet normal 0 0 1
    outer loop
      vertex 22.0787 21.3889 11.3
      vertex 22.0787 18.6111 11.3
      vertex 22.2048 18.8215 11.3
    endloop
  endfacet
  facet normal 0 0 1
    outer loop
      vertex 21.9325 21.586 11.3
      vertex 22.0787 18.6111 11.3
      vertex 22.0787 21.3889 11.3
    endloop
  endfacet
  facet normal 0 0 1
    outer loop
      vertex 21.9325 21.586 11.3
      vertex 21.9325 18.414 11.3
      vertex 22.0787 18.6111 11.3
    endloop
  endfacet
  facet normal 0 0 1
    outer loop
      vertex 21.7678 21.7678 11.3
      vertex 21.9325 18.414 11.3
      vertex 21.9325 21.586 11.3
    endloop
  endfacet
  facet normal 0 0 1
    outer loop
      vertex 21.7678 21.7678 11.3
      vertex 21.7678 18.2322 11.3
      vertex 21.9325 18.414 11.3
    endloop
  endfacet
  facet normal 0 0 1
    outer loop
      vertex 21.586 21.9325 11.3
      vertex 21.7678 18.2322 11.3
      vertex 21.7678 21.7678 11.3
    endloop
  endfacet
  facet normal 0 0 1
    outer loop
      vertex 21.586 21.9325 11.3
      vertex 21.586 18.0675 11.3
      vertex 21.7678 18.2322 11.3
    endloop
  endfacet
  facet normal 0 0 1
    outer loop
      vertex 21.3889 22.0787 11.3
      vertex 21.586 18.0675 11.3
      vertex 21.586 21.9325 11.3
    endloop
  endfacet
  facet normal 0 0 1
    outer loop
      vertex 21.3889 22.0787 11.3
      vertex 21.3889 17.9213 11.3
      vertex 21.586 18.0675 11.3
    endloop
  endfacet
  facet normal 0 0 1
    outer loop
      vertex 21.1785 22.2048 11.3
      vertex 21.3889 17.9213 11.3
      vertex 21.3889 22.0787 11.3
    endloop
  endfacet
  facet normal 0 0 1
    outer loop
      vertex 21.1785 22.2048 11.3
      vertex 21.1785 17.7952 11.3
      vertex 21.3889 17.9213 11.3
    endloop
  endfacet
  facet normal 0 0 1
    outer loop
      vertex 20.9567 22.3097 11.3
      vertex 21.1785 17.7952 11.3
      vertex 21.1785 22.2048 11.3
    endloop
  endfacet
  facet normal 0 0 1
    outer loop
      vertex 20.9567 22.3097 11.3
      vertex 20.9567 17.6903 11.3
      vertex 21.1785 17.7952 11.3
    endloop
  endfacet
  facet normal 0 0 1
    outer loop
      vertex 20.7257 22.3923 11.3
      vertex 20.9567 17.6903 11.3
      vertex 20.9567 22.3097 11.3
    endloop
  endfacet
  facet normal 0 0 1
    outer loop
      vertex 20.7257 22.3923 11.3
      vertex 20.7257 17.6076 11.3
      vertex 20.9567 17.6903 11.3
    endloop
  endfacet
  facet normal 0 0 1
    outer loop
      vertex 20.4877 22.452 11.3
      vertex 20.7257 17.6076 11.3
      vertex 20.7257 22.3923 11.3
    endloop
  endfacet
  facet normal 0 0 1
    outer loop
      vertex 20.4877 22.452 11.3
      vertex 20.4877 17.548 11.3
      vertex 20.7257 17.6076 11.3
    endloop
  endfacet
  facet normal 0 0 1
    outer loop
      vertex 20.245 22.488 11.3
      vertex 20.4877 17.548 11.3
      vertex 20.4877 22.452 11.3
    endloop
  endfacet
  facet normal 0 0 1
    outer loop
      vertex 20.245 22.488 11.3
      vertex 20.245 17.512 11.3
      vertex 20.4877 17.548 11.3
    endloop
  endfacet
  facet normal 0 0 1
    outer loop
      vertex 20 22.5 11.3
      vertex 20.245 17.512 11.3
      vertex 20.245 22.488 11.3
    endloop
  endfacet
  facet normal 0 0 1
    outer loop
      vertex 20 22.5 11.3
      vertex 20 17.5 11.3
      vertex 20.245 17.512 11.3
    endloop
  endfacet
  facet normal -0 0 1
    outer loop
      vertex 19.755 22.488 11.3
      vertex 20 17.5 11.3
      vertex 20 22.5 11.3
    endloop
  endfacet
  facet normal 0 0 1
    outer loop
      vertex 19.755 22.488 11.3
      vertex 19.755 17.512 11.3
      vertex 20 17.5 11.3
    endloop
  endfacet
  facet normal -0 0 1
    outer loop
      vertex 19.5123 22.452 11.3
      vertex 19.755 17.512 11.3
      vertex 19.755 22.488 11.3
    endloop
  endfacet
  facet normal 0 0 1
    outer loop
      vertex 19.5123 22.452 11.3
      vertex 19.5123 17.548 11.3
      vertex 19.755 17.512 11.3
    endloop
  endfacet
  facet normal -0 0 1
    outer loop
      vertex 19.2743 22.3923 11.3
      vertex 19.5123 17.548 11.3
      vertex 19.5123 22.452 11.3
    endloop
  endfacet
  facet normal 0 0 1
    outer loop
      vertex 19.2743 22.3923 11.3
      vertex 19.2743 17.6076 11.3
      vertex 19.5123 17.548 11.3
    endloop
  endfacet
  facet normal -0 0 1
    outer loop
      vertex 19.0433 22.3097 11.3
      vertex 19.2743 17.6076 11.3
      vertex 19.2743 22.3923 11.3
    endloop
  endfacet
  facet normal 0 0 1
    outer loop
      vertex 19.0433 22.3097 11.3
      vertex 19.0433 17.6903 11.3
      vertex 19.2743 17.6076 11.3
    endloop
  endfacet
  facet normal -0 0 1
    outer loop
      vertex 18.8215 22.2048 11.3
      vertex 19.0433 17.6903 11.3
      vertex 19.0433 22.3097 11.3
    endloop
  endfacet
  facet normal 0 0 1
    outer loop
      vertex 18.8215 22.2048 11.3
      vertex 18.8215 17.7952 11.3
      vertex 19.0433 17.6903 11.3
    endloop
  endfacet
  facet normal -0 0 1
    outer loop
      vertex 18.6111 22.0787 11.3
      vertex 18.8215 17.7952 11.3
      vertex 18.8215 22.2048 11.3
    endloop
  endfacet
  facet normal 0 0 1
    outer loop
      vertex 18.6111 22.0787 11.3
      vertex 18.6111 17.9213 11.3
      vertex 18.8215 17.7952 11.3
    endloop
  endfacet
  facet normal -0 0 1
    outer loop
      vertex 18.414 21.9325 11.3
      vertex 18.6111 17.9213 11.3
      vertex 18.6111 22.0787 11.3
    endloop
  endfacet
  facet normal 0 0 1
    outer loop
      vertex 18.414 21.9325 11.3
      vertex 18.414 18.0675 11.3
      vertex 18.6111 17.9213 11.3
    endloop
  endfacet
  facet normal -0 0 1
    outer loop
      vertex 18.2322 21.7678 11.3
      vertex 18.414 18.0675 11.3
      vertex 18.414 21.9325 11.3
    endloop
  endfacet
  facet normal 0 0 1
    outer loop
      vertex 18.2322 21.7678 11.3
      vertex 18.2322 18.2322 11.3
      vertex 18.414 18.0675 11.3
    endloop
  endfacet
  facet normal -0 0 1
    outer loop
      vertex 18.0675 21.586 11.3
      vertex 18.2322 18.2322 11.3
      vertex 18.2322 21.7678 11.3
    endloop
  endfacet
  facet normal 0 0 1
    outer loop
      vertex 18.0675 21.586 11.3
      vertex 18.0675 18.414 11.3
      vertex 18.2322 18.2322 11.3
    endloop
  endfacet
  facet normal -0 0 1
    outer loop
      vertex 17.9213 21.3889 11.3
      vertex 18.0675 18.414 11.3
      vertex 18.0675 21.586 11.3
    endloop
  endfacet
  facet normal 0 0 1
    outer loop
      vertex 17.9213 21.3889 11.3
      vertex 17.9213 18.6111 11.3
      vertex 18.0675 18.414 11.3
    endloop
  endfacet
  facet normal -0 0 1
    outer loop
      vertex 17.7952 21.1785 11.3
      vertex 17.9213 18.6111 11.3
      vertex 17.9213 21.3889 11.3
    endloop
  endfacet
  facet normal 0 0 1
    outer loop
      vertex 17.7952 21.1785 11.3
      vertex 17.7952 18.8215 11.3
      vertex 17.9213 18.6111 11.3
    endloop
  endfacet
  facet normal -0 0 1
    outer loop
      vertex 17.6903 20.9567 11.3
      vertex 17.7952 18.8215 11.3
      vertex 17.7952 21.1785 11.3
    endloop
  endfacet
  facet normal 0 0 1
    outer loop
      vertex 17.6903 20.9567 11.3
      vertex 17.6903 19.0433 11.3
      vertex 17.7952 18.8215 11.3
    endloop
  endfacet
  facet normal -0 0 1
    outer loop
      vertex 17.6076 20.7257 11.3
      vertex 17.6903 19.0433 11.3
      vertex 17.6903 20.9567 11.3
    endloop
  endfacet
  facet normal 0 0 1
    outer loop
      vertex 17.6076 20.7257 11.3
      vertex 17.6076 19.2743 11.3
      vertex 17.6903 19.0433 11.3
    endloop
  endfacet
  facet normal -0 0 1
    outer loop
      vertex 17.548 20.4877 11.3
      vertex 17.6076 19.2743 11.3
      vertex 17.6076 20.7257 11.3
    endloop
  endfacet
  facet normal 0 0 1
    outer loop
      vertex 17.548 20.4877 11.3
      vertex 17.548 19.5123 11.3
      vertex 17.6076 19.2743 11.3
    endloop
  endfacet
  facet normal -0 0 1
    outer loop
      vertex 17.512 20.245 11.3
      vertex 17.548 19.5123 11.3
      vertex 17.548 20.4877 11.3
    endloop
  endfacet
  facet normal 0 0 1
    outer loop
      vertex 17.512 20.245 11.3
      vertex 17.512 19.755 11.3
      vertex 17.548 19.5123 11.3
    endloop
  endfacet
  facet normal 0 -0 1
    outer loop
      vertex 17.512 19.755 11.3
      vertex 17.512 20.245 11.3
      vertex 17.5 20 11.3
    endloop
  endfacet
  facet normal 0.941483 -0.337059 0
    outer loop
      vertex 17.6076 20.7257 15.3
      vertex 17.6903 20.9567 11.3
      vertex 17.6903 20.9567 15.3
    endloop
  endfacet
  facet normal 0.941483 -0.337059 0
    outer loop
      vertex 17.6903 20.9567 11.3
      vertex 17.6076 20.7257 15.3
      vertex 17.6076 20.7257 11.3
    endloop
  endfacet
  facet normal 0.989177 -0.146726 0
    outer loop
      vertex 17.512 20.245 15.3
      vertex 17.548 20.4877 11.3
      vertex 17.548 20.4877 15.3
    endloop
  endfacet
  facet normal 0.989177 -0.146726 0
    outer loop
      vertex 17.548 20.4877 11.3
      vertex 17.512 20.245 15.3
      vertex 17.512 20.245 11.3
    endloop
  endfacet
  facet normal 0.595754 -0.803167 0
    outer loop
      vertex 18.414 21.9325 11.3
      vertex 18.6111 22.0787 15.3
      vertex 18.414 21.9325 15.3
    endloop
  endfacet
  facet normal 0.595754 -0.803167 0
    outer loop
      vertex 18.6111 22.0787 15.3
      vertex 18.414 21.9325 11.3
      vertex 18.6111 22.0787 11.3
    endloop
  endfacet
  facet normal 0.671394 -0.741101 0
    outer loop
      vertex 18.2322 21.7678 11.3
      vertex 18.414 21.9325 15.3
      vertex 18.2322 21.7678 15.3
    endloop
  endfacet
  facet normal 0.671394 -0.741101 0
    outer loop
      vertex 18.414 21.9325 15.3
      vertex 18.2322 21.7678 11.3
      vertex 18.414 21.9325 11.3
    endloop
  endfacet
  facet normal 0.146726 -0.989177 0
    outer loop
      vertex 19.5123 22.452 11.3
      vertex 19.755 22.488 15.3
      vertex 19.5123 22.452 15.3
    endloop
  endfacet
  facet normal 0.146726 -0.989177 0
    outer loop
      vertex 19.755 22.488 15.3
      vertex 19.5123 22.452 11.3
      vertex 19.755 22.488 11.3
    endloop
  endfacet
  facet normal 0.243303 -0.96995 0
    outer loop
      vertex 19.2743 22.3923 11.3
      vertex 19.5123 22.452 15.3
      vertex 19.2743 22.3923 15.3
    endloop
  endfacet
  facet normal 0.243303 -0.96995 0
    outer loop
      vertex 19.5123 22.452 15.3
      vertex 19.2743 22.3923 11.3
      vertex 19.5123 22.452 11.3
    endloop
  endfacet
  facet normal -0.146726 0.989177 0
    outer loop
      vertex 20.4877 17.548 11.3
      vertex 20.245 17.512 15.3
      vertex 20.4877 17.548 15.3
    endloop
  endfacet
  facet normal -0.146726 0.989177 0
    outer loop
      vertex 20.245 17.512 15.3
      vertex 20.4877 17.548 11.3
      vertex 20.245 17.512 11.3
    endloop
  endfacet
  facet normal -0.242919 0.970047 0
    outer loop
      vertex 20.7257 17.6076 11.3
      vertex 20.4877 17.548 15.3
      vertex 20.7257 17.6076 15.3
    endloop
  endfacet
  facet normal -0.242919 0.970047 0
    outer loop
      vertex 20.4877 17.548 15.3
      vertex 20.7257 17.6076 11.3
      vertex 20.4877 17.548 11.3
    endloop
  endfacet
  facet normal -0.514076 0.857745 0
    outer loop
      vertex 21.3889 17.9213 11.3
      vertex 21.1785 17.7952 15.3
      vertex 21.3889 17.9213 15.3
    endloop
  endfacet
  facet normal -0.514076 0.857745 0
    outer loop
      vertex 21.1785 17.7952 15.3
      vertex 21.3889 17.9213 11.3
      vertex 21.1785 17.7952 11.3
    endloop
  endfacet
  facet normal -0.671394 0.741101 0
    outer loop
      vertex 21.7678 18.2322 11.3
      vertex 21.586 18.0675 15.3
      vertex 21.7678 18.2322 15.3
    endloop
  endfacet
  facet normal -0.671394 0.741101 0
    outer loop
      vertex 21.586 18.0675 15.3
      vertex 21.7678 18.2322 11.3
      vertex 21.586 18.0675 11.3
    endloop
  endfacet
  facet normal -0.803167 0.595754 0
    outer loop
      vertex 21.9325 18.414 11.3
      vertex 22.0787 18.6111 15.3
      vertex 22.0787 18.6111 11.3
    endloop
  endfacet
  facet normal -0.803167 0.595754 0
    outer loop
      vertex 22.0787 18.6111 15.3
      vertex 21.9325 18.414 11.3
      vertex 21.9325 18.414 15.3
    endloop
  endfacet
  facet normal -0.857745 0.514076 0
    outer loop
      vertex 22.0787 18.6111 11.3
      vertex 22.2048 18.8215 15.3
      vertex 22.2048 18.8215 11.3
    endloop
  endfacet
  facet normal -0.857745 0.514076 0
    outer loop
      vertex 22.2048 18.8215 15.3
      vertex 22.0787 18.6111 11.3
      vertex 22.0787 18.6111 15.3
    endloop
  endfacet
  facet normal 0.0489209 0.998803 -0
    outer loop
      vertex 20 17.5 11.3
      vertex 19.755 17.512 15.3
      vertex 20 17.5 15.3
    endloop
  endfacet
  facet normal 0.0489209 0.998803 0
    outer loop
      vertex 19.755 17.512 15.3
      vertex 20 17.5 11.3
      vertex 19.755 17.512 11.3
    endloop
  endfacet
  facet normal 0.595754 0.803167 -0
    outer loop
      vertex 18.6111 17.9213 11.3
      vertex 18.414 18.0675 15.3
      vertex 18.6111 17.9213 15.3
    endloop
  endfacet
  facet normal 0.595754 0.803167 0
    outer loop
      vertex 18.414 18.0675 15.3
      vertex 18.6111 17.9213 11.3
      vertex 18.414 18.0675 11.3
    endloop
  endfacet
  facet normal 0.337059 0.941483 -0
    outer loop
      vertex 19.2743 17.6076 11.3
      vertex 19.0433 17.6903 15.3
      vertex 19.2743 17.6076 15.3
    endloop
  endfacet
  facet normal 0.337059 0.941483 0
    outer loop
      vertex 19.0433 17.6903 15.3
      vertex 19.2743 17.6076 11.3
      vertex 19.0433 17.6903 11.3
    endloop
  endfacet
  facet normal -0.0489209 0.998803 0
    outer loop
      vertex 20.245 17.512 11.3
      vertex 20 17.5 15.3
      vertex 20.245 17.512 15.3
    endloop
  endfacet
  facet normal -0.0489209 0.998803 0
    outer loop
      vertex 20 17.5 15.3
      vertex 20.245 17.512 11.3
      vertex 20 17.5 11.3
    endloop
  endfacet
  facet normal 0.514076 0.857745 -0
    outer loop
      vertex 18.8215 17.7952 11.3
      vertex 18.6111 17.9213 15.3
      vertex 18.8215 17.7952 15.3
    endloop
  endfacet
  facet normal 0.514076 0.857745 0
    outer loop
      vertex 18.6111 17.9213 15.3
      vertex 18.8215 17.7952 11.3
      vertex 18.6111 17.9213 11.3
    endloop
  endfacet
  facet normal 0.671394 0.741101 -0
    outer loop
      vertex 18.414 18.0675 11.3
      vertex 18.2322 18.2322 15.3
      vertex 18.414 18.0675 15.3
    endloop
  endfacet
  facet normal 0.671394 0.741101 0
    outer loop
      vertex 18.2322 18.2322 15.3
      vertex 18.414 18.0675 11.3
      vertex 18.2322 18.2322 11.3
    endloop
  endfacet
  facet normal 0.857745 0.514076 0
    outer loop
      vertex 17.9213 18.6111 15.3
      vertex 17.7952 18.8215 11.3
      vertex 17.7952 18.8215 15.3
    endloop
  endfacet
  facet normal 0.857745 0.514076 0
    outer loop
      vertex 17.7952 18.8215 11.3
      vertex 17.9213 18.6111 15.3
      vertex 17.9213 18.6111 11.3
    endloop
  endfacet
  facet normal 0.941483 0.337059 0
    outer loop
      vertex 17.6903 19.0433 15.3
      vertex 17.6076 19.2743 11.3
      vertex 17.6076 19.2743 15.3
    endloop
  endfacet
  facet normal 0.941483 0.337059 0
    outer loop
      vertex 17.6076 19.2743 11.3
      vertex 17.6903 19.0433 15.3
      vertex 17.6903 19.0433 11.3
    endloop
  endfacet
  facet normal 0.989177 0.146726 0
    outer loop
      vertex 17.548 19.5123 15.3
      vertex 17.512 19.755 11.3
      vertex 17.512 19.755 15.3
    endloop
  endfacet
  facet normal 0.989177 0.146726 0
    outer loop
      vertex 17.512 19.755 11.3
      vertex 17.548 19.5123 15.3
      vertex 17.548 19.5123 11.3
    endloop
  endfacet
  facet normal -0.989177 -0.146726 0
    outer loop
      vertex 22.488 20.245 11.3
      vertex 22.452 20.4877 15.3
      vertex 22.452 20.4877 11.3
    endloop
  endfacet
  facet normal -0.989177 -0.146726 0
    outer loop
      vertex 22.452 20.4877 15.3
      vertex 22.488 20.245 11.3
      vertex 22.488 20.245 15.3
    endloop
  endfacet
  facet normal -0.243303 -0.96995 0
    outer loop
      vertex 20.4877 22.452 11.3
      vertex 20.7257 22.3923 15.3
      vertex 20.4877 22.452 15.3
    endloop
  endfacet
  facet normal -0.243303 -0.96995 -0
    outer loop
      vertex 20.7257 22.3923 15.3
      vertex 20.4877 22.452 11.3
      vertex 20.7257 22.3923 11.3
    endloop
  endfacet
  facet normal 0.803167 -0.595754 0
    outer loop
      vertex 17.9213 21.3889 15.3
      vertex 18.0675 21.586 11.3
      vertex 18.0675 21.586 15.3
    endloop
  endfacet
  facet normal 0.803167 -0.595754 0
    outer loop
      vertex 18.0675 21.586 11.3
      vertex 17.9213 21.3889 15.3
      vertex 17.9213 21.3889 11.3
    endloop
  endfacet
  facet normal 0.998803 -0.0489209 0
    outer loop
      vertex 17.5 20 15.3
      vertex 17.512 20.245 11.3
      vertex 17.512 20.245 15.3
    endloop
  endfacet
  facet normal 0.998803 -0.0489209 0
    outer loop
      vertex 17.512 20.245 11.3
      vertex 17.5 20 15.3
      vertex 17.5 20 11.3
    endloop
  endfacet
  facet normal 0.970047 -0.242919 0
    outer loop
      vertex 17.548 20.4877 15.3
      vertex 17.6076 20.7257 11.3
      vertex 17.6076 20.7257 15.3
    endloop
  endfacet
  facet normal 0.970047 -0.242919 0
    outer loop
      vertex 17.6076 20.7257 11.3
      vertex 17.548 20.4877 15.3
      vertex 17.548 20.4877 11.3
    endloop
  endfacet
  facet normal 0.514076 -0.857745 0
    outer loop
      vertex 18.6111 22.0787 11.3
      vertex 18.8215 22.2048 15.3
      vertex 18.6111 22.0787 15.3
    endloop
  endfacet
  facet normal 0.514076 -0.857745 0
    outer loop
      vertex 18.8215 22.2048 15.3
      vertex 18.6111 22.0787 11.3
      vertex 18.8215 22.2048 11.3
    endloop
  endfacet
  facet normal 0.336698 -0.941613 0
    outer loop
      vertex 19.0433 22.3097 11.3
      vertex 19.2743 22.3923 15.3
      vertex 19.0433 22.3097 15.3
    endloop
  endfacet
  facet normal 0.336698 -0.941613 0
    outer loop
      vertex 19.2743 22.3923 15.3
      vertex 19.0433 22.3097 11.3
      vertex 19.2743 22.3923 11.3
    endloop
  endfacet
  facet normal -0.427543 0.903995 0
    outer loop
      vertex 21.1785 17.7952 11.3
      vertex 20.9567 17.6903 15.3
      vertex 21.1785 17.7952 15.3
    endloop
  endfacet
  facet normal -0.427543 0.903995 0
    outer loop
      vertex 20.9567 17.6903 15.3
      vertex 21.1785 17.7952 11.3
      vertex 20.9567 17.6903 11.3
    endloop
  endfacet
  facet normal -0.595754 0.803167 0
    outer loop
      vertex 21.586 18.0675 11.3
      vertex 21.3889 17.9213 15.3
      vertex 21.586 18.0675 15.3
    endloop
  endfacet
  facet normal -0.595754 0.803167 0
    outer loop
      vertex 21.3889 17.9213 15.3
      vertex 21.586 18.0675 11.3
      vertex 21.3889 17.9213 11.3
    endloop
  endfacet
  facet normal -0.941613 0.336698 0
    outer loop
      vertex 22.3097 19.0433 11.3
      vertex 22.3923 19.2743 15.3
      vertex 22.3923 19.2743 11.3
    endloop
  endfacet
  facet normal -0.941613 0.336698 0
    outer loop
      vertex 22.3923 19.2743 15.3
      vertex 22.3097 19.0433 11.3
      vertex 22.3097 19.0433 15.3
    endloop
  endfacet
  facet normal -0.989177 0.146726 0
    outer loop
      vertex 22.452 19.5123 11.3
      vertex 22.488 19.755 15.3
      vertex 22.488 19.755 11.3
    endloop
  endfacet
  facet normal -0.989177 0.146726 0
    outer loop
      vertex 22.488 19.755 15.3
      vertex 22.452 19.5123 11.3
      vertex 22.452 19.5123 15.3
    endloop
  endfacet
  facet normal -0.998803 0.0489209 0
    outer loop
      vertex 22.488 19.755 11.3
      vertex 22.5 20 15.3
      vertex 22.5 20 11.3
    endloop
  endfacet
  facet normal -0.998803 0.0489209 0
    outer loop
      vertex 22.5 20 15.3
      vertex 22.488 19.755 11.3
      vertex 22.488 19.755 15.3
    endloop
  endfacet
  facet normal 0.146726 0.989177 -0
    outer loop
      vertex 19.755 17.512 11.3
      vertex 19.5123 17.548 15.3
      vertex 19.755 17.512 15.3
    endloop
  endfacet
  facet normal 0.146726 0.989177 0
    outer loop
      vertex 19.5123 17.548 15.3
      vertex 19.755 17.512 11.3
      vertex 19.5123 17.548 11.3
    endloop
  endfacet
  facet normal 0.803167 0.595754 0
    outer loop
      vertex 18.0675 18.414 15.3
      vertex 17.9213 18.6111 11.3
      vertex 17.9213 18.6111 15.3
    endloop
  endfacet
  facet normal 0.803167 0.595754 0
    outer loop
      vertex 17.9213 18.6111 11.3
      vertex 18.0675 18.414 15.3
      vertex 18.0675 18.414 11.3
    endloop
  endfacet
  facet normal 0.970047 0.242919 0
    outer loop
      vertex 17.6076 19.2743 15.3
      vertex 17.548 19.5123 11.3
      vertex 17.548 19.5123 15.3
    endloop
  endfacet
  facet normal 0.970047 0.242919 0
    outer loop
      vertex 17.548 19.5123 11.3
      vertex 17.6076 19.2743 15.3
      vertex 17.6076 19.2743 11.3
    endloop
  endfacet
  facet normal 0.903995 0.427543 0
    outer loop
      vertex 17.7952 18.8215 15.3
      vertex 17.6903 19.0433 11.3
      vertex 17.6903 19.0433 15.3
    endloop
  endfacet
  facet normal 0.903995 0.427543 0
    outer loop
      vertex 17.6903 19.0433 11.3
      vertex 17.7952 18.8215 15.3
      vertex 17.7952 18.8215 11.3
    endloop
  endfacet
  facet normal -0.595754 -0.803167 0
    outer loop
      vertex 30.3889 22.0787 11.3
      vertex 30.586 21.9325 15.3
      vertex 30.3889 22.0787 15.3
    endloop
  endfacet
  facet normal -0.595754 -0.803167 -0
    outer loop
      vertex 30.586 21.9325 15.3
      vertex 30.3889 22.0787 11.3
      vertex 30.586 21.9325 11.3
    endloop
  endfacet
  facet normal 0.427543 -0.903995 0
    outer loop
      vertex 27.8215 22.2048 11.3
      vertex 28.0433 22.3097 15.3
      vertex 27.8215 22.2048 15.3
    endloop
  endfacet
  facet normal 0.427543 -0.903995 0
    outer loop
      vertex 28.0433 22.3097 15.3
      vertex 27.8215 22.2048 11.3
      vertex 28.0433 22.3097 11.3
    endloop
  endfacet
  facet normal 0.941483 -0.337059 0
    outer loop
      vertex 26.6076 20.7257 15.3
      vertex 26.6903 20.9567 11.3
      vertex 26.6903 20.9567 15.3
    endloop
  endfacet
  facet normal 0.941483 -0.337059 0
    outer loop
      vertex 26.6903 20.9567 11.3
      vertex 26.6076 20.7257 15.3
      vertex 26.6076 20.7257 11.3
    endloop
  endfacet
  facet normal -0.998803 0.0489209 0
    outer loop
      vertex 31.488 19.755 11.3
      vertex 31.5 20 15.3
      vertex 31.5 20 11.3
    endloop
  endfacet
  facet normal -0.998803 0.0489209 0
    outer loop
      vertex 31.5 20 15.3
      vertex 31.488 19.755 11.3
      vertex 31.488 19.755 15.3
    endloop
  endfacet
  facet normal 0.337059 0.941483 -0
    outer loop
      vertex 28.2743 17.6076 11.3
      vertex 28.0433 17.6903 15.3
      vertex 28.2743 17.6076 15.3
    endloop
  endfacet
  facet normal 0.337059 0.941483 0
    outer loop
      vertex 28.0433 17.6903 15.3
      vertex 28.2743 17.6076 11.3
      vertex 28.0433 17.6903 11.3
    endloop
  endfacet
  facet normal -0.903995 -0.427543 0
    outer loop
      vertex 31.3097 20.9567 11.3
      vertex 31.2048 21.1785 15.3
      vertex 31.2048 21.1785 11.3
    endloop
  endfacet
  facet normal -0.903995 -0.427543 0
    outer loop
      vertex 31.2048 21.1785 15.3
      vertex 31.3097 20.9567 11.3
      vertex 31.3097 20.9567 15.3
    endloop
  endfacet
  facet normal -0.857745 -0.514076 0
    outer loop
      vertex 31.2048 21.1785 11.3
      vertex 31.0787 21.3889 15.3
      vertex 31.0787 21.3889 11.3
    endloop
  endfacet
  facet normal -0.857745 -0.514076 0
    outer loop
      vertex 31.0787 21.3889 15.3
      vertex 31.2048 21.1785 11.3
      vertex 31.2048 21.1785 15.3
    endloop
  endfacet
  facet normal -0.336698 -0.941613 0
    outer loop
      vertex 29.7257 22.3923 11.3
      vertex 29.9567 22.3097 15.3
      vertex 29.7257 22.3923 15.3
    endloop
  endfacet
  facet normal -0.336698 -0.941613 -0
    outer loop
      vertex 29.9567 22.3097 15.3
      vertex 29.7257 22.3923 11.3
      vertex 29.9567 22.3097 11.3
    endloop
  endfacet
  facet normal -0.0489209 -0.998803 0
    outer loop
      vertex 29 22.5 11.3
      vertex 29.245 22.488 15.3
      vertex 29 22.5 15.3
    endloop
  endfacet
  facet normal -0.0489209 -0.998803 -0
    outer loop
      vertex 29.245 22.488 15.3
      vertex 29 22.5 11.3
      vertex 29.245 22.488 11.3
    endloop
  endfacet
  facet normal 0 0 1
    outer loop
      vertex 31.488 20.245 11.3
      vertex 31.488 19.755 11.3
      vertex 31.5 20 11.3
    endloop
  endfacet
  facet normal 0 0 1
    outer loop
      vertex 31.452 20.4877 11.3
      vertex 31.488 19.755 11.3
      vertex 31.488 20.245 11.3
    endloop
  endfacet
  facet normal 0 0 1
    outer loop
      vertex 31.452 20.4877 11.3
      vertex 31.452 19.5123 11.3
      vertex 31.488 19.755 11.3
    endloop
  endfacet
  facet normal 0 0 1
    outer loop
      vertex 31.3923 20.7257 11.3
      vertex 31.452 19.5123 11.3
      vertex 31.452 20.4877 11.3
    endloop
  endfacet
  facet normal 0 0 1
    outer loop
      vertex 31.3923 20.7257 11.3
      vertex 31.3923 19.2743 11.3
      vertex 31.452 19.5123 11.3
    endloop
  endfacet
  facet normal 0 0 1
    outer loop
      vertex 31.3097 20.9567 11.3
      vertex 31.3923 19.2743 11.3
      vertex 31.3923 20.7257 11.3
    endloop
  endfacet
  facet normal 0 0 1
    outer loop
      vertex 31.3097 20.9567 11.3
      vertex 31.3097 19.0433 11.3
      vertex 31.3923 19.2743 11.3
    endloop
  endfacet
  facet normal 0 0 1
    outer loop
      vertex 31.2048 21.1785 11.3
      vertex 31.3097 19.0433 11.3
      vertex 31.3097 20.9567 11.3
    endloop
  endfacet
  facet normal 0 0 1
    outer loop
      vertex 31.2048 21.1785 11.3
      vertex 31.2048 18.8215 11.3
      vertex 31.3097 19.0433 11.3
    endloop
  endfacet
  facet normal 0 0 1
    outer loop
      vertex 31.0787 21.3889 11.3
      vertex 31.2048 18.8215 11.3
      vertex 31.2048 21.1785 11.3
    endloop
  endfacet
  facet normal 0 0 1
    outer loop
      vertex 31.0787 21.3889 11.3
      vertex 31.0787 18.6111 11.3
      vertex 31.2048 18.8215 11.3
    endloop
  endfacet
  facet normal 0 0 1
    outer loop
      vertex 30.9325 21.586 11.3
      vertex 31.0787 18.6111 11.3
      vertex 31.0787 21.3889 11.3
    endloop
  endfacet
  facet normal 0 0 1
    outer loop
      vertex 30.9325 21.586 11.3
      vertex 30.9325 18.414 11.3
      vertex 31.0787 18.6111 11.3
    endloop
  endfacet
  facet normal 0 0 1
    outer loop
      vertex 30.7678 21.7678 11.3
      vertex 30.9325 18.414 11.3
      vertex 30.9325 21.586 11.3
    endloop
  endfacet
  facet normal 0 0 1
    outer loop
      vertex 30.7678 21.7678 11.3
      vertex 30.7678 18.2322 11.3
      vertex 30.9325 18.414 11.3
    endloop
  endfacet
  facet normal 0 0 1
    outer loop
      vertex 30.586 21.9325 11.3
      vertex 30.7678 18.2322 11.3
      vertex 30.7678 21.7678 11.3
    endloop
  endfacet
  facet normal 0 0 1
    outer loop
      vertex 30.586 21.9325 11.3
      vertex 30.586 18.0675 11.3
      vertex 30.7678 18.2322 11.3
    endloop
  endfacet
  facet normal 0 0 1
    outer loop
      vertex 30.3889 22.0787 11.3
      vertex 30.586 18.0675 11.3
      vertex 30.586 21.9325 11.3
    endloop
  endfacet
  facet normal 0 0 1
    outer loop
      vertex 30.3889 22.0787 11.3
      vertex 30.3889 17.9213 11.3
      vertex 30.586 18.0675 11.3
    endloop
  endfacet
  facet normal 0 0 1
    outer loop
      vertex 30.1785 22.2048 11.3
      vertex 30.3889 17.9213 11.3
      vertex 30.3889 22.0787 11.3
    endloop
  endfacet
  facet normal 0 0 1
    outer loop
      vertex 30.1785 22.2048 11.3
      vertex 30.1785 17.7952 11.3
      vertex 30.3889 17.9213 11.3
    endloop
  endfacet
  facet normal 0 0 1
    outer loop
      vertex 29.9567 22.3097 11.3
      vertex 30.1785 17.7952 11.3
      vertex 30.1785 22.2048 11.3
    endloop
  endfacet
  facet normal 0 0 1
    outer loop
      vertex 29.9567 22.3097 11.3
      vertex 29.9567 17.6903 11.3
      vertex 30.1785 17.7952 11.3
    endloop
  endfacet
  facet normal 0 0 1
    outer loop
      vertex 29.7257 22.3923 11.3
      vertex 29.9567 17.6903 11.3
      vertex 29.9567 22.3097 11.3
    endloop
  endfacet
  facet normal 0 0 1
    outer loop
      vertex 29.7257 22.3923 11.3
      vertex 29.7257 17.6076 11.3
      vertex 29.9567 17.6903 11.3
    endloop
  endfacet
  facet normal 0 0 1
    outer loop
      vertex 29.4877 22.452 11.3
      vertex 29.7257 17.6076 11.3
      vertex 29.7257 22.3923 11.3
    endloop
  endfacet
  facet normal 0 0 1
    outer loop
      vertex 29.4877 22.452 11.3
      vertex 29.4877 17.548 11.3
      vertex 29.7257 17.6076 11.3
    endloop
  endfacet
  facet normal 0 0 1
    outer loop
      vertex 29.245 22.488 11.3
      vertex 29.4877 17.548 11.3
      vertex 29.4877 22.452 11.3
    endloop
  endfacet
  facet normal 0 0 1
    outer loop
      vertex 29.245 22.488 11.3
      vertex 29.245 17.512 11.3
      vertex 29.4877 17.548 11.3
    endloop
  endfacet
  facet normal 0 0 1
    outer loop
      vertex 29 22.5 11.3
      vertex 29.245 17.512 11.3
      vertex 29.245 22.488 11.3
    endloop
  endfacet
  facet normal 0 0 1
    outer loop
      vertex 29 22.5 11.3
      vertex 29 17.5 11.3
      vertex 29.245 17.512 11.3
    endloop
  endfacet
  facet normal -0 0 1
    outer loop
      vertex 28.755 22.488 11.3
      vertex 29 17.5 11.3
      vertex 29 22.5 11.3
    endloop
  endfacet
  facet normal 0 0 1
    outer loop
      vertex 28.755 22.488 11.3
      vertex 28.755 17.512 11.3
      vertex 29 17.5 11.3
    endloop
  endfacet
  facet normal -0 0 1
    outer loop
      vertex 28.5123 22.452 11.3
      vertex 28.755 17.512 11.3
      vertex 28.755 22.488 11.3
    endloop
  endfacet
  facet normal 0 0 1
    outer loop
      vertex 28.5123 22.452 11.3
      vertex 28.5123 17.548 11.3
      vertex 28.755 17.512 11.3
    endloop
  endfacet
  facet normal -0 0 1
    outer loop
      vertex 28.2743 22.3923 11.3
      vertex 28.5123 17.548 11.3
      vertex 28.5123 22.452 11.3
    endloop
  endfacet
  facet normal 0 0 1
    outer loop
      vertex 28.2743 22.3923 11.3
      vertex 28.2743 17.6076 11.3
      vertex 28.5123 17.548 11.3
    endloop
  endfacet
  facet normal -0 0 1
    outer loop
      vertex 28.0433 22.3097 11.3
      vertex 28.2743 17.6076 11.3
      vertex 28.2743 22.3923 11.3
    endloop
  endfacet
  facet normal 0 0 1
    outer loop
      vertex 28.0433 22.3097 11.3
      vertex 28.0433 17.6903 11.3
      vertex 28.2743 17.6076 11.3
    endloop
  endfacet
  facet normal -0 0 1
    outer loop
      vertex 27.8215 22.2048 11.3
      vertex 28.0433 17.6903 11.3
      vertex 28.0433 22.3097 11.3
    endloop
  endfacet
  facet normal 0 0 1
    outer loop
      vertex 27.8215 22.2048 11.3
      vertex 27.8215 17.7952 11.3
      vertex 28.0433 17.6903 11.3
    endloop
  endfacet
  facet normal -0 0 1
    outer loop
      vertex 27.6111 22.0787 11.3
      vertex 27.8215 17.7952 11.3
      vertex 27.8215 22.2048 11.3
    endloop
  endfacet
  facet normal 0 0 1
    outer loop
      vertex 27.6111 22.0787 11.3
      vertex 27.6111 17.9213 11.3
      vertex 27.8215 17.7952 11.3
    endloop
  endfacet
  facet normal -0 0 1
    outer loop
      vertex 27.414 21.9325 11.3
      vertex 27.6111 17.9213 11.3
      vertex 27.6111 22.0787 11.3
    endloop
  endfacet
  facet normal 0 0 1
    outer loop
      vertex 27.414 21.9325 11.3
      vertex 27.414 18.0675 11.3
      vertex 27.6111 17.9213 11.3
    endloop
  endfacet
  facet normal -0 0 1
    outer loop
      vertex 27.2322 21.7678 11.3
      vertex 27.414 18.0675 11.3
      vertex 27.414 21.9325 11.3
    endloop
  endfacet
  facet normal 0 0 1
    outer loop
      vertex 27.2322 21.7678 11.3
      vertex 27.2322 18.2322 11.3
      vertex 27.414 18.0675 11.3
    endloop
  endfacet
  facet normal -0 0 1
    outer loop
      vertex 27.0675 21.586 11.3
      vertex 27.2322 18.2322 11.3
      vertex 27.2322 21.7678 11.3
    endloop
  endfacet
  facet normal 0 0 1
    outer loop
      vertex 27.0675 21.586 11.3
      vertex 27.0675 18.414 11.3
      vertex 27.2322 18.2322 11.3
    endloop
  endfacet
  facet normal -0 0 1
    outer loop
      vertex 26.9213 21.3889 11.3
      vertex 27.0675 18.414 11.3
      vertex 27.0675 21.586 11.3
    endloop
  endfacet
  facet normal 0 0 1
    outer loop
      vertex 26.9213 21.3889 11.3
      vertex 26.9213 18.6111 11.3
      vertex 27.0675 18.414 11.3
    endloop
  endfacet
  facet normal -0 0 1
    outer loop
      vertex 26.7952 21.1785 11.3
      vertex 26.9213 18.6111 11.3
      vertex 26.9213 21.3889 11.3
    endloop
  endfacet
  facet normal 0 0 1
    outer loop
      vertex 26.7952 21.1785 11.3
      vertex 26.7952 18.8215 11.3
      vertex 26.9213 18.6111 11.3
    endloop
  endfacet
  facet normal -0 0 1
    outer loop
      vertex 26.6903 20.9567 11.3
      vertex 26.7952 18.8215 11.3
      vertex 26.7952 21.1785 11.3
    endloop
  endfacet
  facet normal 0 0 1
    outer loop
      vertex 26.6903 20.9567 11.3
      vertex 26.6903 19.0433 11.3
      vertex 26.7952 18.8215 11.3
    endloop
  endfacet
  facet normal -0 0 1
    outer loop
      vertex 26.6076 20.7257 11.3
      vertex 26.6903 19.0433 11.3
      vertex 26.6903 20.9567 11.3
    endloop
  endfacet
  facet normal 0 0 1
    outer loop
      vertex 26.6076 20.7257 11.3
      vertex 26.6076 19.2743 11.3
      vertex 26.6903 19.0433 11.3
    endloop
  endfacet
  facet normal -0 0 1
    outer loop
      vertex 26.548 20.4877 11.3
      vertex 26.6076 19.2743 11.3
      vertex 26.6076 20.7257 11.3
    endloop
  endfacet
  facet normal 0 0 1
    outer loop
      vertex 26.548 20.4877 11.3
      vertex 26.548 19.5123 11.3
      vertex 26.6076 19.2743 11.3
    endloop
  endfacet
  facet normal -0 0 1
    outer loop
      vertex 26.512 20.245 11.3
      vertex 26.548 19.5123 11.3
      vertex 26.548 20.4877 11.3
    endloop
  endfacet
  facet normal 0 0 1
    outer loop
      vertex 26.512 20.245 11.3
      vertex 26.512 19.755 11.3
      vertex 26.548 19.5123 11.3
    endloop
  endfacet
  facet normal 0 -0 1
    outer loop
      vertex 26.512 19.755 11.3
      vertex 26.512 20.245 11.3
      vertex 26.5 20 11.3
    endloop
  endfacet
  facet normal 0.998803 -0.0489209 0
    outer loop
      vertex 26.5 20 15.3
      vertex 26.512 20.245 11.3
      vertex 26.512 20.245 15.3
    endloop
  endfacet
  facet normal 0.998803 -0.0489209 0
    outer loop
      vertex 26.512 20.245 11.3
      vertex 26.5 20 15.3
      vertex 26.5 20 11.3
    endloop
  endfacet
  facet normal 0.803167 -0.595754 0
    outer loop
      vertex 26.9213 21.3889 15.3
      vertex 27.0675 21.586 11.3
      vertex 27.0675 21.586 15.3
    endloop
  endfacet
  facet normal 0.803167 -0.595754 0
    outer loop
      vertex 27.0675 21.586 11.3
      vertex 26.9213 21.3889 15.3
      vertex 26.9213 21.3889 11.3
    endloop
  endfacet
  facet normal 0.243303 -0.96995 0
    outer loop
      vertex 28.2743 22.3923 11.3
      vertex 28.5123 22.452 15.3
      vertex 28.2743 22.3923 15.3
    endloop
  endfacet
  facet normal 0.243303 -0.96995 0
    outer loop
      vertex 28.5123 22.452 15.3
      vertex 28.2743 22.3923 11.3
      vertex 28.5123 22.452 11.3
    endloop
  endfacet
  facet normal 0.0489209 0.998803 -0
    outer loop
      vertex 29 17.5 11.3
      vertex 28.755 17.512 15.3
      vertex 29 17.5 15.3
    endloop
  endfacet
  facet normal 0.0489209 0.998803 0
    outer loop
      vertex 28.755 17.512 15.3
      vertex 29 17.5 11.3
      vertex 28.755 17.512 11.3
    endloop
  endfacet
  facet normal 0.595754 0.803167 -0
    outer loop
      vertex 27.6111 17.9213 11.3
      vertex 27.414 18.0675 15.3
      vertex 27.6111 17.9213 15.3
    endloop
  endfacet
  facet normal 0.595754 0.803167 0
    outer loop
      vertex 27.414 18.0675 15.3
      vertex 27.6111 17.9213 11.3
      vertex 27.414 18.0675 11.3
    endloop
  endfacet
  facet normal 0.741101 0.671394 0
    outer loop
      vertex 27.2322 18.2322 15.3
      vertex 27.0675 18.414 11.3
      vertex 27.0675 18.414 15.3
    endloop
  endfacet
  facet normal 0.741101 0.671394 0
    outer loop
      vertex 27.0675 18.414 11.3
      vertex 27.2322 18.2322 15.3
      vertex 27.2322 18.2322 11.3
    endloop
  endfacet
  facet normal -0.989177 -0.146726 0
    outer loop
      vertex 31.488 20.245 11.3
      vertex 31.452 20.4877 15.3
      vertex 31.452 20.4877 11.3
    endloop
  endfacet
  facet normal -0.989177 -0.146726 0
    outer loop
      vertex 31.452 20.4877 15.3
      vertex 31.488 20.245 11.3
      vertex 31.488 20.245 15.3
    endloop
  endfacet
  facet normal -0.96995 -0.243303 0
    outer loop
      vertex 31.452 20.4877 11.3
      vertex 31.3923 20.7257 15.3
      vertex 31.3923 20.7257 11.3
    endloop
  endfacet
  facet normal -0.96995 -0.243303 0
    outer loop
      vertex 31.3923 20.7257 15.3
      vertex 31.452 20.4877 11.3
      vertex 31.452 20.4877 15.3
    endloop
  endfacet
  facet normal -0.941613 -0.336698 0
    outer loop
      vertex 31.3923 20.7257 11.3
      vertex 31.3097 20.9567 15.3
      vertex 31.3097 20.9567 11.3
    endloop
  endfacet
  facet normal -0.941613 -0.336698 0
    outer loop
      vertex 31.3097 20.9567 15.3
      vertex 31.3923 20.7257 11.3
      vertex 31.3923 20.7257 15.3
    endloop
  endfacet
  facet normal -0.741101 -0.671394 0
    outer loop
      vertex 30.9325 21.586 11.3
      vertex 30.7678 21.7678 15.3
      vertex 30.7678 21.7678 11.3
    endloop
  endfacet
  facet normal -0.741101 -0.671394 0
    outer loop
      vertex 30.7678 21.7678 15.3
      vertex 30.9325 21.586 11.3
      vertex 30.9325 21.586 15.3
    endloop
  endfacet
  facet normal -0.803167 -0.595754 0
    outer loop
      vertex 31.0787 21.3889 11.3
      vertex 30.9325 21.586 15.3
      vertex 30.9325 21.586 11.3
    endloop
  endfacet
  facet normal -0.803167 -0.595754 0
    outer loop
      vertex 30.9325 21.586 15.3
      vertex 31.0787 21.3889 11.3
      vertex 31.0787 21.3889 15.3
    endloop
  endfacet
  facet normal -0.671394 -0.741101 0
    outer loop
      vertex 30.586 21.9325 11.3
      vertex 30.7678 21.7678 15.3
      vertex 30.586 21.9325 15.3
    endloop
  endfacet
  facet normal -0.671394 -0.741101 -0
    outer loop
      vertex 30.7678 21.7678 15.3
      vertex 30.586 21.9325 11.3
      vertex 30.7678 21.7678 11.3
    endloop
  endfacet
  facet normal -0.514076 -0.857745 0
    outer loop
      vertex 30.1785 22.2048 11.3
      vertex 30.3889 22.0787 15.3
      vertex 30.1785 22.2048 15.3
    endloop
  endfacet
  facet normal -0.514076 -0.857745 -0
    outer loop
      vertex 30.3889 22.0787 15.3
      vertex 30.1785 22.2048 11.3
      vertex 30.3889 22.0787 11.3
    endloop
  endfacet
  facet normal 0.0489209 -0.998803 0
    outer loop
      vertex 28.755 22.488 11.3
      vertex 29 22.5 15.3
      vertex 28.755 22.488 15.3
    endloop
  endfacet
  facet normal 0.0489209 -0.998803 0
    outer loop
      vertex 29 22.5 15.3
      vertex 28.755 22.488 11.3
      vertex 29 22.5 11.3
    endloop
  endfacet
  facet normal -0.427543 -0.903995 0
    outer loop
      vertex 29.9567 22.3097 11.3
      vertex 30.1785 22.2048 15.3
      vertex 29.9567 22.3097 15.3
    endloop
  endfacet
  facet normal -0.427543 -0.903995 -0
    outer loop
      vertex 30.1785 22.2048 15.3
      vertex 29.9567 22.3097 11.3
      vertex 30.1785 22.2048 11.3
    endloop
  endfacet
  facet normal -0.243303 -0.96995 0
    outer loop
      vertex 29.4877 22.452 11.3
      vertex 29.7257 22.3923 15.3
      vertex 29.4877 22.452 15.3
    endloop
  endfacet
  facet normal -0.243303 -0.96995 -0
    outer loop
      vertex 29.7257 22.3923 15.3
      vertex 29.4877 22.452 11.3
      vertex 29.7257 22.3923 11.3
    endloop
  endfacet
  facet normal -0.146726 -0.989177 0
    outer loop
      vertex 29.245 22.488 11.3
      vertex 29.4877 22.452 15.3
      vertex 29.245 22.488 15.3
    endloop
  endfacet
  facet normal -0.146726 -0.989177 -0
    outer loop
      vertex 29.4877 22.452 15.3
      vertex 29.245 22.488 11.3
      vertex 29.4877 22.452 11.3
    endloop
  endfacet
  facet normal 0.970047 -0.242919 0
    outer loop
      vertex 26.548 20.4877 15.3
      vertex 26.6076 20.7257 11.3
      vertex 26.6076 20.7257 15.3
    endloop
  endfacet
  facet normal 0.970047 -0.242919 0
    outer loop
      vertex 26.6076 20.7257 11.3
      vertex 26.548 20.4877 15.3
      vertex 26.548 20.4877 11.3
    endloop
  endfacet
  facet normal 0.989177 -0.146726 0
    outer loop
      vertex 26.512 20.245 15.3
      vertex 26.548 20.4877 11.3
      vertex 26.548 20.4877 15.3
    endloop
  endfacet
  facet normal 0.989177 -0.146726 0
    outer loop
      vertex 26.548 20.4877 11.3
      vertex 26.512 20.245 15.3
      vertex 26.512 20.245 11.3
    endloop
  endfacet
  facet normal 0.903995 -0.427543 0
    outer loop
      vertex 26.6903 20.9567 15.3
      vertex 26.7952 21.1785 11.3
      vertex 26.7952 21.1785 15.3
    endloop
  endfacet
  facet normal 0.903995 -0.427543 0
    outer loop
      vertex 26.7952 21.1785 11.3
      vertex 26.6903 20.9567 15.3
      vertex 26.6903 20.9567 11.3
    endloop
  endfacet
  facet normal 0.857745 -0.514076 0
    outer loop
      vertex 26.7952 21.1785 15.3
      vertex 26.9213 21.3889 11.3
      vertex 26.9213 21.3889 15.3
    endloop
  endfacet
  facet normal 0.857745 -0.514076 0
    outer loop
      vertex 26.9213 21.3889 11.3
      vertex 26.7952 21.1785 15.3
      vertex 26.7952 21.1785 11.3
    endloop
  endfacet
  facet normal 0.336698 -0.941613 0
    outer loop
      vertex 28.0433 22.3097 11.3
      vertex 28.2743 22.3923 15.3
      vertex 28.0433 22.3097 15.3
    endloop
  endfacet
  facet normal 0.336698 -0.941613 0
    outer loop
      vertex 28.2743 22.3923 15.3
      vertex 28.0433 22.3097 11.3
      vertex 28.2743 22.3923 11.3
    endloop
  endfacet
  facet normal 0.146726 -0.989177 0
    outer loop
      vertex 28.5123 22.452 11.3
      vertex 28.755 22.488 15.3
      vertex 28.5123 22.452 15.3
    endloop
  endfacet
  facet normal 0.146726 -0.989177 0
    outer loop
      vertex 28.755 22.488 15.3
      vertex 28.5123 22.452 11.3
      vertex 28.755 22.488 11.3
    endloop
  endfacet
  facet normal 0.595754 -0.803167 0
    outer loop
      vertex 27.414 21.9325 11.3
      vertex 27.6111 22.0787 15.3
      vertex 27.414 21.9325 15.3
    endloop
  endfacet
  facet normal 0.595754 -0.803167 0
    outer loop
      vertex 27.6111 22.0787 15.3
      vertex 27.414 21.9325 11.3
      vertex 27.6111 22.0787 11.3
    endloop
  endfacet
  facet normal 0.671394 -0.741101 0
    outer loop
      vertex 27.2322 21.7678 11.3
      vertex 27.414 21.9325 15.3
      vertex 27.2322 21.7678 15.3
    endloop
  endfacet
  facet normal 0.671394 -0.741101 0
    outer loop
      vertex 27.414 21.9325 15.3
      vertex 27.2322 21.7678 11.3
      vertex 27.414 21.9325 11.3
    endloop
  endfacet
  facet normal 0.514076 -0.857745 0
    outer loop
      vertex 27.6111 22.0787 11.3
      vertex 27.8215 22.2048 15.3
      vertex 27.6111 22.0787 15.3
    endloop
  endfacet
  facet normal 0.514076 -0.857745 0
    outer loop
      vertex 27.8215 22.2048 15.3
      vertex 27.6111 22.0787 11.3
      vertex 27.8215 22.2048 11.3
    endloop
  endfacet
  facet normal 0.741101 -0.671394 0
    outer loop
      vertex 27.0675 21.586 15.3
      vertex 27.2322 21.7678 11.3
      vertex 27.2322 21.7678 15.3
    endloop
  endfacet
  facet normal 0.741101 -0.671394 0
    outer loop
      vertex 27.2322 21.7678 11.3
      vertex 27.0675 21.586 15.3
      vertex 27.0675 21.586 11.3
    endloop
  endfacet
  facet normal -0.998803 -0.0489209 0
    outer loop
      vertex 31.5 20 11.3
      vertex 31.488 20.245 15.3
      vertex 31.488 20.245 11.3
    endloop
  endfacet
  facet normal -0.998803 -0.0489209 0
    outer loop
      vertex 31.488 20.245 15.3
      vertex 31.5 20 11.3
      vertex 31.5 20 15.3
    endloop
  endfacet
  facet normal -0.146726 0.989177 0
    outer loop
      vertex 29.4877 17.548 11.3
      vertex 29.245 17.512 15.3
      vertex 29.4877 17.548 15.3
    endloop
  endfacet
  facet normal -0.146726 0.989177 0
    outer loop
      vertex 29.245 17.512 15.3
      vertex 29.4877 17.548 11.3
      vertex 29.245 17.512 11.3
    endloop
  endfacet
  facet normal -0.96995 0.243303 0
    outer loop
      vertex 31.3923 19.2743 11.3
      vertex 31.452 19.5123 15.3
      vertex 31.452 19.5123 11.3
    endloop
  endfacet
  facet normal -0.96995 0.243303 0
    outer loop
      vertex 31.452 19.5123 15.3
      vertex 31.3923 19.2743 11.3
      vertex 31.3923 19.2743 15.3
    endloop
  endfacet
  facet normal -0.803167 0.595754 0
    outer loop
      vertex 30.9325 18.414 11.3
      vertex 31.0787 18.6111 15.3
      vertex 31.0787 18.6111 11.3
    endloop
  endfacet
  facet normal -0.803167 0.595754 0
    outer loop
      vertex 31.0787 18.6111 15.3
      vertex 30.9325 18.414 11.3
      vertex 30.9325 18.414 15.3
    endloop
  endfacet
  facet normal -0.903995 0.427543 0
    outer loop
      vertex 31.2048 18.8215 11.3
      vertex 31.3097 19.0433 15.3
      vertex 31.3097 19.0433 11.3
    endloop
  endfacet
  facet normal -0.903995 0.427543 0
    outer loop
      vertex 31.3097 19.0433 15.3
      vertex 31.2048 18.8215 11.3
      vertex 31.2048 18.8215 15.3
    endloop
  endfacet
  facet normal -0.337059 0.941483 0
    outer loop
      vertex 29.9567 17.6903 11.3
      vertex 29.7257 17.6076 15.3
      vertex 29.9567 17.6903 15.3
    endloop
  endfacet
  facet normal -0.337059 0.941483 0
    outer loop
      vertex 29.7257 17.6076 15.3
      vertex 29.9567 17.6903 11.3
      vertex 29.7257 17.6076 11.3
    endloop
  endfacet
  facet normal -0.671394 0.741101 0
    outer loop
      vertex 30.7678 18.2322 11.3
      vertex 30.586 18.0675 15.3
      vertex 30.7678 18.2322 15.3
    endloop
  endfacet
  facet normal -0.671394 0.741101 0
    outer loop
      vertex 30.586 18.0675 15.3
      vertex 30.7678 18.2322 11.3
      vertex 30.586 18.0675 11.3
    endloop
  endfacet
  facet normal -0.514076 0.857745 0
    outer loop
      vertex 30.3889 17.9213 11.3
      vertex 30.1785 17.7952 15.3
      vertex 30.3889 17.9213 15.3
    endloop
  endfacet
  facet normal -0.514076 0.857745 0
    outer loop
      vertex 30.1785 17.7952 15.3
      vertex 30.3889 17.9213 11.3
      vertex 30.1785 17.7952 11.3
    endloop
  endfacet
  facet normal -0.0489209 0.998803 0
    outer loop
      vertex 29.245 17.512 11.3
      vertex 29 17.5 15.3
      vertex 29.245 17.512 15.3
    endloop
  endfacet
  facet normal -0.0489209 0.998803 0
    outer loop
      vertex 29 17.5 15.3
      vertex 29.245 17.512 11.3
      vertex 29 17.5 11.3
    endloop
  endfacet
  facet normal 0.242919 0.970047 -0
    outer loop
      vertex 28.5123 17.548 11.3
      vertex 28.2743 17.6076 15.3
      vertex 28.5123 17.548 15.3
    endloop
  endfacet
  facet normal 0.242919 0.970047 0
    outer loop
      vertex 28.2743 17.6076 15.3
      vertex 28.5123 17.548 11.3
      vertex 28.2743 17.6076 11.3
    endloop
  endfacet
  facet normal 0.427543 0.903995 -0
    outer loop
      vertex 28.0433 17.6903 11.3
      vertex 27.8215 17.7952 15.3
      vertex 28.0433 17.6903 15.3
    endloop
  endfacet
  facet normal 0.427543 0.903995 0
    outer loop
      vertex 27.8215 17.7952 15.3
      vertex 28.0433 17.6903 11.3
      vertex 27.8215 17.7952 11.3
    endloop
  endfacet
  facet normal 0.941483 0.337059 0
    outer loop
      vertex 26.6903 19.0433 15.3
      vertex 26.6076 19.2743 11.3
      vertex 26.6076 19.2743 15.3
    endloop
  endfacet
  facet normal 0.941483 0.337059 0
    outer loop
      vertex 26.6076 19.2743 11.3
      vertex 26.6903 19.0433 15.3
      vertex 26.6903 19.0433 11.3
    endloop
  endfacet
  facet normal 0.989177 0.146726 0
    outer loop
      vertex 26.548 19.5123 15.3
      vertex 26.512 19.755 11.3
      vertex 26.512 19.755 15.3
    endloop
  endfacet
  facet normal 0.989177 0.146726 0
    outer loop
      vertex 26.512 19.755 11.3
      vertex 26.548 19.5123 15.3
      vertex 26.548 19.5123 11.3
    endloop
  endfacet
  facet normal 0.857745 0.514076 0
    outer loop
      vertex 26.9213 18.6111 15.3
      vertex 26.7952 18.8215 11.3
      vertex 26.7952 18.8215 15.3
    endloop
  endfacet
  facet normal 0.857745 0.514076 0
    outer loop
      vertex 26.7952 18.8215 11.3
      vertex 26.9213 18.6111 15.3
      vertex 26.9213 18.6111 11.3
    endloop
  endfacet
  facet normal 0.998803 0.0489209 0
    outer loop
      vertex 26.512 19.755 15.3
      vertex 26.5 20 11.3
      vertex 26.5 20 15.3
    endloop
  endfacet
  facet normal 0.998803 0.0489209 0
    outer loop
      vertex 26.5 20 11.3
      vertex 26.512 19.755 15.3
      vertex 26.512 19.755 11.3
    endloop
  endfacet
  facet normal -0.989177 0.146726 0
    outer loop
      vertex 31.452 19.5123 11.3
      vertex 31.488 19.755 15.3
      vertex 31.488 19.755 11.3
    endloop
  endfacet
  facet normal -0.989177 0.146726 0
    outer loop
      vertex 31.488 19.755 15.3
      vertex 31.452 19.5123 11.3
      vertex 31.452 19.5123 15.3
    endloop
  endfacet
  facet normal -0.857745 0.514076 0
    outer loop
      vertex 31.0787 18.6111 11.3
      vertex 31.2048 18.8215 15.3
      vertex 31.2048 18.8215 11.3
    endloop
  endfacet
  facet normal -0.857745 0.514076 0
    outer loop
      vertex 31.2048 18.8215 15.3
      vertex 31.0787 18.6111 11.3
      vertex 31.0787 18.6111 15.3
    endloop
  endfacet
  facet normal -0.242919 0.970047 0
    outer loop
      vertex 29.7257 17.6076 11.3
      vertex 29.4877 17.548 15.3
      vertex 29.7257 17.6076 15.3
    endloop
  endfacet
  facet normal -0.242919 0.970047 0
    outer loop
      vertex 29.4877 17.548 15.3
      vertex 29.7257 17.6076 11.3
      vertex 29.4877 17.548 11.3
    endloop
  endfacet
  facet normal -0.427543 0.903995 0
    outer loop
      vertex 30.1785 17.7952 11.3
      vertex 29.9567 17.6903 15.3
      vertex 30.1785 17.7952 15.3
    endloop
  endfacet
  facet normal -0.427543 0.903995 0
    outer loop
      vertex 29.9567 17.6903 15.3
      vertex 30.1785 17.7952 11.3
      vertex 29.9567 17.6903 11.3
    endloop
  endfacet
  facet normal -0.741101 0.671394 0
    outer loop
      vertex 30.7678 18.2322 11.3
      vertex 30.9325 18.414 15.3
      vertex 30.9325 18.414 11.3
    endloop
  endfacet
  facet normal -0.741101 0.671394 0
    outer loop
      vertex 30.9325 18.414 15.3
      vertex 30.7678 18.2322 11.3
      vertex 30.7678 18.2322 15.3
    endloop
  endfacet
  facet normal -0.595754 0.803167 0
    outer loop
      vertex 30.586 18.0675 11.3
      vertex 30.3889 17.9213 15.3
      vertex 30.586 18.0675 15.3
    endloop
  endfacet
  facet normal -0.595754 0.803167 0
    outer loop
      vertex 30.3889 17.9213 15.3
      vertex 30.586 18.0675 11.3
      vertex 30.3889 17.9213 11.3
    endloop
  endfacet
  facet normal 0.146726 0.989177 -0
    outer loop
      vertex 28.755 17.512 11.3
      vertex 28.5123 17.548 15.3
      vertex 28.755 17.512 15.3
    endloop
  endfacet
  facet normal 0.146726 0.989177 0
    outer loop
      vertex 28.5123 17.548 15.3
      vertex 28.755 17.512 11.3
      vertex 28.5123 17.548 11.3
    endloop
  endfacet
  facet normal 0.514076 0.857745 -0
    outer loop
      vertex 27.8215 17.7952 11.3
      vertex 27.6111 17.9213 15.3
      vertex 27.8215 17.7952 15.3
    endloop
  endfacet
  facet normal 0.514076 0.857745 0
    outer loop
      vertex 27.6111 17.9213 15.3
      vertex 27.8215 17.7952 11.3
      vertex 27.6111 17.9213 11.3
    endloop
  endfacet
  facet normal 0.903995 0.427543 0
    outer loop
      vertex 26.7952 18.8215 15.3
      vertex 26.6903 19.0433 11.3
      vertex 26.6903 19.0433 15.3
    endloop
  endfacet
  facet normal 0.903995 0.427543 0
    outer loop
      vertex 26.6903 19.0433 11.3
      vertex 26.7952 18.8215 15.3
      vertex 26.7952 18.8215 11.3
    endloop
  endfacet
  facet normal 0.970047 0.242919 0
    outer loop
      vertex 26.6076 19.2743 15.3
      vertex 26.548 19.5123 11.3
      vertex 26.548 19.5123 15.3
    endloop
  endfacet
  facet normal 0.970047 0.242919 0
    outer loop
      vertex 26.548 19.5123 11.3
      vertex 26.6076 19.2743 15.3
      vertex 26.6076 19.2743 11.3
    endloop
  endfacet
  facet normal 0.803167 0.595754 0
    outer loop
      vertex 27.0675 18.414 15.3
      vertex 26.9213 18.6111 11.3
      vertex 26.9213 18.6111 15.3
    endloop
  endfacet
  facet normal 0.803167 0.595754 0
    outer loop
      vertex 26.9213 18.6111 11.3
      vertex 27.0675 18.414 15.3
      vertex 27.0675 18.414 11.3
    endloop
  endfacet
  facet normal 0.671394 0.741101 -0
    outer loop
      vertex 27.414 18.0675 11.3
      vertex 27.2322 18.2322 15.3
      vertex 27.414 18.0675 15.3
    endloop
  endfacet
  facet normal 0.671394 0.741101 0
    outer loop
      vertex 27.2322 18.2322 15.3
      vertex 27.414 18.0675 11.3
      vertex 27.2322 18.2322 11.3
    endloop
  endfacet
  facet normal -0.941613 0.336698 0
    outer loop
      vertex 31.3097 19.0433 11.3
      vertex 31.3923 19.2743 15.3
      vertex 31.3923 19.2743 11.3
    endloop
  endfacet
  facet normal -0.941613 0.336698 0
    outer loop
      vertex 31.3923 19.2743 15.3
      vertex 31.3097 19.0433 11.3
      vertex 31.3097 19.0433 15.3
    endloop
  endfacet
  facet normal 0 -1 0
    outer loop
      vertex 12 11.25 6
      vertex 32 11.25 28
      vertex 12 11.25 28
    endloop
  endfacet
  facet normal 0 -1 -0
    outer loop
      vertex 32 11.25 28
      vertex 12 11.25 6
      vertex 32 11.25 6
    endloop
  endfacet
  facet normal 0.0489209 -0.998803 0
    outer loop
      vertex 32 11.25 6
      vertex 32.196 11.2596 28
      vertex 32 11.25 28
    endloop
  endfacet
  facet normal 0.0489209 -0.998803 0
    outer loop
      vertex 32.196 11.2596 28
      vertex 32 11.25 6
      vertex 32.196 11.2596 6
    endloop
  endfacet
  facet normal 0.146696 -0.989182 0
    outer loop
      vertex 32.196 11.2596 6
      vertex 32.3902 11.2884 28
      vertex 32.196 11.2596 28
    endloop
  endfacet
  facet normal 0.146696 -0.989182 0
    outer loop
      vertex 32.3902 11.2884 28
      vertex 32.196 11.2596 6
      vertex 32.3902 11.2884 6
    endloop
  endfacet
  facet normal -0.0489209 0.998803 0
    outer loop
      vertex 12 28.75 6
      vertex 11.804 28.7404 28
      vertex 12 28.75 28
    endloop
  endfacet
  facet normal -0.0489209 0.998803 0
    outer loop
      vertex 11.804 28.7404 28
      vertex 12 28.75 6
      vertex 11.804 28.7404 6
    endloop
  endfacet
  facet normal -0.595508 -0.80335 0
    outer loop
      vertex 10.7312 11.704 6
      vertex 10.8889 11.5871 28
      vertex 10.7312 11.704 28
    endloop
  endfacet
  facet normal -0.595508 -0.80335 -0
    outer loop
      vertex 10.8889 11.5871 28
      vertex 10.7312 11.704 6
      vertex 10.8889 11.5871 6
    endloop
  endfacet
  facet normal -0.80335 0.595508 0
    outer loop
      vertex 10.3371 27.8611 6
      vertex 10.454 28.0188 28
      vertex 10.454 28.0188 6
    endloop
  endfacet
  facet normal -0.80335 0.595508 0
    outer loop
      vertex 10.454 28.0188 28
      vertex 10.3371 27.8611 6
      vertex 10.3371 27.8611 28
    endloop
  endfacet
  facet normal -0.336788 -0.94158 0
    outer loop
      vertex 11.2346 11.4022 6
      vertex 11.4194 11.3361 28
      vertex 11.2346 11.4022 28
    endloop
  endfacet
  facet normal -0.336788 -0.94158 -0
    outer loop
      vertex 11.4194 11.3361 28
      vertex 11.2346 11.4022 6
      vertex 11.4194 11.3361 6
    endloop
  endfacet
  facet normal 0 1 -0
    outer loop
      vertex 32 28.75 6
      vertex 12 28.75 28
      vertex 32 28.75 28
    endloop
  endfacet
  facet normal 0 1 0
    outer loop
      vertex 12 28.75 28
      vertex 32 28.75 6
      vertex 12 28.75 6
    endloop
  endfacet
  facet normal 0 0 1
    outer loop
      vertex 32 11.25 28
      vertex 34 13.25 28
      vertex 34 13.65 28
    endloop
  endfacet
  facet normal 0 0 1
    outer loop
      vertex 34 13.25 28
      vertex 32 11.25 28
      vertex 33.9904 13.054 28
    endloop
  endfacet
  facet normal 0 0 1
    outer loop
      vertex 33.9904 13.054 28
      vertex 32 11.25 28
      vertex 33.9616 12.8598 28
    endloop
  endfacet
  facet normal 0 0 1
    outer loop
      vertex 33.9616 12.8598 28
      vertex 32 11.25 28
      vertex 33.9139 12.6694 28
    endloop
  endfacet
  facet normal 0 0 1
    outer loop
      vertex 33.9139 12.6694 28
      vertex 33.7638 12.3072 28
      vertex 33.8478 12.4846 28
    endloop
  endfacet
  facet normal 0 0 1
    outer loop
      vertex 33.9139 12.6694 28
      vertex 33.6629 12.1389 28
      vertex 33.7638 12.3072 28
    endloop
  endfacet
  facet normal 0 0 1
    outer loop
      vertex 33.9139 12.6694 28
      vertex 33.546 11.9812 28
      vertex 33.6629 12.1389 28
    endloop
  endfacet
  facet normal 0 0 1
    outer loop
      vertex 33.9139 12.6694 28
      vertex 33.4142 11.8358 28
      vertex 33.546 11.9812 28
    endloop
  endfacet
  facet normal 0 0 1
    outer loop
      vertex 33.9139 12.6694 28
      vertex 33.2688 11.704 28
      vertex 33.4142 11.8358 28
    endloop
  endfacet
  facet normal 0 0 1
    outer loop
      vertex 33.9139 12.6694 28
      vertex 33.1111 11.5871 28
      vertex 33.2688 11.704 28
    endloop
  endfacet
  facet normal 0 0 1
    outer loop
      vertex 33.9139 12.6694 28
      vertex 32.9428 11.4862 28
      vertex 33.1111 11.5871 28
    endloop
  endfacet
  facet normal 0 0 1
    outer loop
      vertex 33.9139 12.6694 28
      vertex 32.7654 11.4022 28
      vertex 32.9428 11.4862 28
    endloop
  endfacet
  facet normal 0 0 1
    outer loop
      vertex 33.9139 12.6694 28
      vertex 32.5806 11.3361 28
      vertex 32.7654 11.4022 28
    endloop
  endfacet
  facet normal 0 0 1
    outer loop
      vertex 33.9139 12.6694 28
      vertex 32.3902 11.2884 28
      vertex 32.5806 11.3361 28
    endloop
  endfacet
  facet normal 0 0 1
    outer loop
      vertex 33.9139 12.6694 28
      vertex 32.196 11.2596 28
      vertex 32.3902 11.2884 28
    endloop
  endfacet
  facet normal 0 0 1
    outer loop
      vertex 33.9139 12.6694 28
      vertex 32 11.25 28
      vertex 32.196 11.2596 28
    endloop
  endfacet
  facet normal 0 0 1
    outer loop
      vertex 34 13.65 28
      vertex 12 11.25 28
      vertex 32 11.25 28
    endloop
  endfacet
  facet normal -0 0 1
    outer loop
      vertex 10 13.65 28
      vertex 12 11.25 28
      vertex 34 13.65 28
    endloop
  endfacet
  facet normal -0 0 1
    outer loop
      vertex 10 13.25 28
      vertex 12 11.25 28
      vertex 10 13.65 28
    endloop
  endfacet
  facet normal 0 0 1
    outer loop
      vertex 12 11.25 28
      vertex 10 13.25 28
      vertex 11.804 11.2596 28
    endloop
  endfacet
  facet normal 0 0 1
    outer loop
      vertex 11.804 11.2596 28
      vertex 10 13.25 28
      vertex 11.6098 11.2884 28
    endloop
  endfacet
  facet normal 0 0 1
    outer loop
      vertex 11.6098 11.2884 28
      vertex 10 13.25 28
      vertex 11.4194 11.3361 28
    endloop
  endfacet
  facet normal 0 0 1
    outer loop
      vertex 11.4194 11.3361 28
      vertex 10 13.25 28
      vertex 11.2346 11.4022 28
    endloop
  endfacet
  facet normal 0 0 1
    outer loop
      vertex 11.2346 11.4022 28
      vertex 10 13.25 28
      vertex 11.0572 11.4862 28
    endloop
  endfacet
  facet normal 0 0 1
    outer loop
      vertex 11.0572 11.4862 28
      vertex 10 13.25 28
      vertex 10.8889 11.5871 28
    endloop
  endfacet
  facet normal 0 0 1
    outer loop
      vertex 10.8889 11.5871 28
      vertex 10 13.25 28
      vertex 10.7312 11.704 28
    endloop
  endfacet
  facet normal 0 0 1
    outer loop
      vertex 10.7312 11.704 28
      vertex 10 13.25 28
      vertex 10.5858 11.8358 28
    endloop
  endfacet
  facet normal 0 0 1
    outer loop
      vertex 10.5858 11.8358 28
      vertex 10 13.25 28
      vertex 10.454 11.9812 28
    endloop
  endfacet
  facet normal 0 0 1
    outer loop
      vertex 10.454 11.9812 28
      vertex 10 13.25 28
      vertex 10.3371 12.1389 28
    endloop
  endfacet
  facet normal 0 0 1
    outer loop
      vertex 10.3371 12.1389 28
      vertex 10 13.25 28
      vertex 10.2362 12.3072 28
    endloop
  endfacet
  facet normal 0 0 1
    outer loop
      vertex 10.2362 12.3072 28
      vertex 10 13.25 28
      vertex 10.1522 12.4846 28
    endloop
  endfacet
  facet normal 0 0 1
    outer loop
      vertex 10.1522 12.4846 28
      vertex 10 13.25 28
      vertex 10.0861 12.6694 28
    endloop
  endfacet
  facet normal 0 0 1
    outer loop
      vertex 10.0861 12.6694 28
      vertex 10 13.25 28
      vertex 10.0384 12.8598 28
    endloop
  endfacet
  facet normal 0 0 1
    outer loop
      vertex 10.0384 12.8598 28
      vertex 10 13.25 28
      vertex 10.0096 13.054 28
    endloop
  endfacet
  facet normal 0 0 1
    outer loop
      vertex 32 28.75 28
      vertex 34 26.75 28
      vertex 33.9904 26.946 28
    endloop
  endfacet
  facet normal 0 0 1
    outer loop
      vertex 32 28.75 28
      vertex 33.9904 26.946 28
      vertex 33.9616 27.1402 28
    endloop
  endfacet
  facet normal 0 0 1
    outer loop
      vertex 32 28.75 28
      vertex 33.9616 27.1402 28
      vertex 33.9139 27.3306 28
    endloop
  endfacet
  facet normal 0 0 1
    outer loop
      vertex 33.7638 27.6928 28
      vertex 33.9139 27.3306 28
      vertex 33.8478 27.5154 28
    endloop
  endfacet
  facet normal 0 0 1
    outer loop
      vertex 33.6629 27.8611 28
      vertex 33.9139 27.3306 28
      vertex 33.7638 27.6928 28
    endloop
  endfacet
  facet normal 0 0 1
    outer loop
      vertex 33.546 28.0188 28
      vertex 33.9139 27.3306 28
      vertex 33.6629 27.8611 28
    endloop
  endfacet
  facet normal 0 0 1
    outer loop
      vertex 33.4142 28.1642 28
      vertex 33.9139 27.3306 28
      vertex 33.546 28.0188 28
    endloop
  endfacet
  facet normal 0 0 1
    outer loop
      vertex 33.2688 28.296 28
      vertex 33.9139 27.3306 28
      vertex 33.4142 28.1642 28
    endloop
  endfacet
  facet normal 0 0 1
    outer loop
      vertex 33.1111 28.4129 28
      vertex 33.9139 27.3306 28
      vertex 33.2688 28.296 28
    endloop
  endfacet
  facet normal 0 0 1
    outer loop
      vertex 32.9428 28.5138 28
      vertex 33.9139 27.3306 28
      vertex 33.1111 28.4129 28
    endloop
  endfacet
  facet normal 0 0 1
    outer loop
      vertex 32.7654 28.5978 28
      vertex 33.9139 27.3306 28
      vertex 32.9428 28.5138 28
    endloop
  endfacet
  facet normal 0 0 1
    outer loop
      vertex 32.5806 28.6639 28
      vertex 33.9139 27.3306 28
      vertex 32.7654 28.5978 28
    endloop
  endfacet
  facet normal 0 0 1
    outer loop
      vertex 32.3902 28.7116 28
      vertex 33.9139 27.3306 28
      vertex 32.5806 28.6639 28
    endloop
  endfacet
  facet normal 0 0 1
    outer loop
      vertex 32.196 28.7404 28
      vertex 33.9139 27.3306 28
      vertex 32.3902 28.7116 28
    endloop
  endfacet
  facet normal 0 0 1
    outer loop
      vertex 32 28.75 28
      vertex 33.9139 27.3306 28
      vertex 32.196 28.7404 28
    endloop
  endfacet
  facet normal 0 0 1
    outer loop
      vertex 34 26.75 28
      vertex 32 28.75 28
      vertex 34 26.35 28
    endloop
  endfacet
  facet normal -0 0 1
    outer loop
      vertex 12 28.75 28
      vertex 34 26.35 28
      vertex 32 28.75 28
    endloop
  endfacet
  facet normal 0 0 1
    outer loop
      vertex 10 26.75 28
      vertex 12 28.75 28
      vertex 11.804 28.7404 28
    endloop
  endfacet
  facet normal 0 0 1
    outer loop
      vertex 10 26.75 28
      vertex 11.804 28.7404 28
      vertex 11.6098 28.7116 28
    endloop
  endfacet
  facet normal 0 0 1
    outer loop
      vertex 10 26.75 28
      vertex 11.6098 28.7116 28
      vertex 11.4194 28.6639 28
    endloop
  endfacet
  facet normal 0 0 1
    outer loop
      vertex 10 26.75 28
      vertex 11.4194 28.6639 28
      vertex 11.2346 28.5978 28
    endloop
  endfacet
  facet normal 0 0 1
    outer loop
      vertex 10 26.75 28
      vertex 11.2346 28.5978 28
      vertex 11.0572 28.5138 28
    endloop
  endfacet
  facet normal 0 0 1
    outer loop
      vertex 10 26.75 28
      vertex 11.0572 28.5138 28
      vertex 10.8889 28.4129 28
    endloop
  endfacet
  facet normal 0 0 1
    outer loop
      vertex 10 26.75 28
      vertex 10.8889 28.4129 28
      vertex 10.7312 28.296 28
    endloop
  endfacet
  facet normal 0 0 1
    outer loop
      vertex 10 26.75 28
      vertex 10.7312 28.296 28
      vertex 10.5858 28.1642 28
    endloop
  endfacet
  facet normal 0 0 1
    outer loop
      vertex 10 26.75 28
      vertex 10.5858 28.1642 28
      vertex 10.454 28.0188 28
    endloop
  endfacet
  facet normal 0 0 1
    outer loop
      vertex 10 26.75 28
      vertex 10.454 28.0188 28
      vertex 10.3371 27.8611 28
    endloop
  endfacet
  facet normal 0 0 1
    outer loop
      vertex 10 26.75 28
      vertex 10.3371 27.8611 28
      vertex 10.2362 27.6928 28
    endloop
  endfacet
  facet normal 0 0 1
    outer loop
      vertex 10 26.75 28
      vertex 10.2362 27.6928 28
      vertex 10.1522 27.5154 28
    endloop
  endfacet
  facet normal 0 0 1
    outer loop
      vertex 10 26.75 28
      vertex 10.1522 27.5154 28
      vertex 10.0861 27.3306 28
    endloop
  endfacet
  facet normal 0 0 1
    outer loop
      vertex 10 26.75 28
      vertex 10.0861 27.3306 28
      vertex 10.0384 27.1402 28
    endloop
  endfacet
  facet normal 0 0 1
    outer loop
      vertex 10 26.75 28
      vertex 10.0384 27.1402 28
      vertex 10.0096 26.946 28
    endloop
  endfacet
  facet normal 0 0 1
    outer loop
      vertex 12 28.75 28
      vertex 10 26.75 28
      vertex 10 26.35 28
    endloop
  endfacet
  facet normal 0 0 1
    outer loop
      vertex 12 28.75 28
      vertex 10 26.35 28
      vertex 34 26.35 28
    endloop
  endfacet
  facet normal -0.427955 -0.9038 0
    outer loop
      vertex 11.0572 11.4862 6
      vertex 11.2346 11.4022 28
      vertex 11.0572 11.4862 28
    endloop
  endfacet
  facet normal -0.427955 -0.9038 -0
    outer loop
      vertex 11.2346 11.4022 28
      vertex 11.0572 11.4862 6
      vertex 11.2346 11.4022 6
    endloop
  endfacet
  facet normal 0.998803 -0.0489209 0
    outer loop
      vertex 33.9904 13.054 28
      vertex 34 13.25 6
      vertex 34 13.25 28
    endloop
  endfacet
  facet normal 0.998803 -0.0489209 0
    outer loop
      vertex 34 13.25 6
      vertex 33.9904 13.054 28
      vertex 33.9904 13.054 6
    endloop
  endfacet
  facet normal -0.740908 0.671607 0
    outer loop
      vertex 10.454 28.0188 6
      vertex 10.5858 28.1642 28
      vertex 10.5858 28.1642 6
    endloop
  endfacet
  facet normal -0.740908 0.671607 0
    outer loop
      vertex 10.5858 28.1642 28
      vertex 10.454 28.0188 6
      vertex 10.454 28.0188 28
    endloop
  endfacet
  facet normal -0.94158 0.336788 0
    outer loop
      vertex 10.0861 27.3306 6
      vertex 10.1522 27.5154 28
      vertex 10.1522 27.5154 6
    endloop
  endfacet
  facet normal -0.94158 0.336788 0
    outer loop
      vertex 10.1522 27.5154 28
      vertex 10.0861 27.3306 6
      vertex 10.0861 27.3306 28
    endloop
  endfacet
  facet normal -0.970023 -0.243015 0
    outer loop
      vertex 10.0861 12.6694 6
      vertex 10.0384 12.8598 28
      vertex 10.0384 12.8598 6
    endloop
  endfacet
  facet normal -0.970023 -0.243015 0
    outer loop
      vertex 10.0384 12.8598 28
      vertex 10.0861 12.6694 6
      vertex 10.0861 12.6694 28
    endloop
  endfacet
  facet normal -0.998803 -0.0489209 0
    outer loop
      vertex 10.0096 13.054 6
      vertex 10 13.25 28
      vertex 10 13.25 6
    endloop
  endfacet
  facet normal -0.998803 -0.0489209 0
    outer loop
      vertex 10 13.25 28
      vertex 10.0096 13.054 6
      vertex 10.0096 13.054 28
    endloop
  endfacet
  facet normal -0.998803 0.0489209 0
    outer loop
      vertex 10 26.75 6
      vertex 10.0096 26.946 28
      vertex 10.0096 26.946 6
    endloop
  endfacet
  facet normal -0.998803 0.0489209 0
    outer loop
      vertex 10.0096 26.946 28
      vertex 10 26.75 6
      vertex 10 26.75 28
    endloop
  endfacet
  facet normal -0.146696 -0.989182 0
    outer loop
      vertex 11.6098 11.2884 6
      vertex 11.804 11.2596 28
      vertex 11.6098 11.2884 28
    endloop
  endfacet
  facet normal -0.146696 -0.989182 -0
    outer loop
      vertex 11.804 11.2596 28
      vertex 11.6098 11.2884 6
      vertex 11.804 11.2596 6
    endloop
  endfacet
  facet normal -0.243015 -0.970023 0
    outer loop
      vertex 11.4194 11.3361 6
      vertex 11.6098 11.2884 28
      vertex 11.4194 11.3361 28
    endloop
  endfacet
  facet normal -0.243015 -0.970023 -0
    outer loop
      vertex 11.6098 11.2884 28
      vertex 11.4194 11.3361 6
      vertex 11.6098 11.2884 6
    endloop
  endfacet
  facet normal 0.94158 -0.336788 0
    outer loop
      vertex 33.8478 12.4846 28
      vertex 33.9139 12.6694 6
      vertex 33.9139 12.6694 28
    endloop
  endfacet
  facet normal 0.94158 -0.336788 0
    outer loop
      vertex 33.9139 12.6694 6
      vertex 33.8478 12.4846 28
      vertex 33.8478 12.4846 6
    endloop
  endfacet
  facet normal 0.671607 -0.740908 0
    outer loop
      vertex 33.2688 11.704 6
      vertex 33.4142 11.8358 28
      vertex 33.2688 11.704 28
    endloop
  endfacet
  facet normal 0.671607 -0.740908 0
    outer loop
      vertex 33.4142 11.8358 28
      vertex 33.2688 11.704 6
      vertex 33.4142 11.8358 6
    endloop
  endfacet
  facet normal 0.243015 0.970023 -0
    outer loop
      vertex 32.5806 28.6639 6
      vertex 32.3902 28.7116 28
      vertex 32.5806 28.6639 28
    endloop
  endfacet
  facet normal 0.243015 0.970023 0
    outer loop
      vertex 32.3902 28.7116 28
      vertex 32.5806 28.6639 6
      vertex 32.3902 28.7116 6
    endloop
  endfacet
  facet normal 0.595508 0.80335 -0
    outer loop
      vertex 33.2688 28.296 6
      vertex 33.1111 28.4129 28
      vertex 33.2688 28.296 28
    endloop
  endfacet
  facet normal 0.595508 0.80335 0
    outer loop
      vertex 33.1111 28.4129 28
      vertex 33.2688 28.296 6
      vertex 33.1111 28.4129 6
    endloop
  endfacet
  facet normal 0.427955 0.9038 -0
    outer loop
      vertex 32.9428 28.5138 6
      vertex 32.7654 28.5978 28
      vertex 32.9428 28.5138 28
    endloop
  endfacet
  facet normal 0.427955 0.9038 0
    outer loop
      vertex 32.7654 28.5978 28
      vertex 32.9428 28.5138 6
      vertex 32.7654 28.5978 6
    endloop
  endfacet
  facet normal 0.514196 0.857673 -0
    outer loop
      vertex 33.1111 28.4129 6
      vertex 32.9428 28.5138 28
      vertex 33.1111 28.4129 28
    endloop
  endfacet
  facet normal 0.514196 0.857673 0
    outer loop
      vertex 32.9428 28.5138 28
      vertex 33.1111 28.4129 6
      vertex 32.9428 28.5138 6
    endloop
  endfacet
  facet normal -0.514196 0.857673 0
    outer loop
      vertex 11.0572 28.5138 6
      vertex 10.8889 28.4129 28
      vertex 11.0572 28.5138 28
    endloop
  endfacet
  facet normal -0.514196 0.857673 0
    outer loop
      vertex 10.8889 28.4129 28
      vertex 11.0572 28.5138 6
      vertex 10.8889 28.4129 6
    endloop
  endfacet
  facet normal -0.243015 0.970023 0
    outer loop
      vertex 11.6098 28.7116 6
      vertex 11.4194 28.6639 28
      vertex 11.6098 28.7116 28
    endloop
  endfacet
  facet normal -0.243015 0.970023 0
    outer loop
      vertex 11.4194 28.6639 28
      vertex 11.6098 28.7116 6
      vertex 11.4194 28.6639 6
    endloop
  endfacet
  facet normal -0.989182 0.146696 0
    outer loop
      vertex 10.0096 26.946 6
      vertex 10.0384 27.1402 28
      vertex 10.0384 27.1402 6
    endloop
  endfacet
  facet normal -0.989182 0.146696 0
    outer loop
      vertex 10.0384 27.1402 28
      vertex 10.0096 26.946 6
      vertex 10.0096 26.946 28
    endloop
  endfacet
  facet normal -0.970023 0.243015 0
    outer loop
      vertex 10.0384 27.1402 6
      vertex 10.0861 27.3306 28
      vertex 10.0861 27.3306 6
    endloop
  endfacet
  facet normal -0.970023 0.243015 0
    outer loop
      vertex 10.0861 27.3306 28
      vertex 10.0384 27.1402 6
      vertex 10.0384 27.1402 28
    endloop
  endfacet
  facet normal -0.514196 -0.857673 0
    outer loop
      vertex 10.8889 11.5871 6
      vertex 11.0572 11.4862 28
      vertex 10.8889 11.5871 28
    endloop
  endfacet
  facet normal -0.514196 -0.857673 -0
    outer loop
      vertex 11.0572 11.4862 28
      vertex 10.8889 11.5871 6
      vertex 11.0572 11.4862 6
    endloop
  endfacet
  facet normal -0.80335 -0.595508 0
    outer loop
      vertex 10.454 11.9812 6
      vertex 10.3371 12.1389 28
      vertex 10.3371 12.1389 6
    endloop
  endfacet
  facet normal -0.80335 -0.595508 0
    outer loop
      vertex 10.3371 12.1389 28
      vertex 10.454 11.9812 6
      vertex 10.454 11.9812 28
    endloop
  endfacet
  facet normal -1 0 0
    outer loop
      vertex 10 26.75 6
      vertex 10 26.35 15.3
      vertex 10 26.75 28
    endloop
  endfacet
  facet normal -1 0 0
    outer loop
      vertex 10 26.75 6
      vertex 10 13.65 15.3
      vertex 10 26.35 15.3
    endloop
  endfacet
  facet normal -1 0 0
    outer loop
      vertex 10 13.25 6
      vertex 10 13.65 15.3
      vertex 10 26.75 6
    endloop
  endfacet
  facet normal -1 0 0
    outer loop
      vertex 10 13.25 28
      vertex 10 13.65 15.3
      vertex 10 13.25 6
    endloop
  endfacet
  facet normal -1 0 0
    outer loop
      vertex 10 13.65 15.3
      vertex 10 13.25 28
      vertex 10 13.65 28
    endloop
  endfacet
  facet normal -1 -0 0
    outer loop
      vertex 10 26.75 28
      vertex 10 26.35 15.3
      vertex 10 26.35 28
    endloop
  endfacet
  facet normal -0.0489209 -0.998803 0
    outer loop
      vertex 11.804 11.2596 6
      vertex 12 11.25 28
      vertex 11.804 11.2596 28
    endloop
  endfacet
  facet normal -0.0489209 -0.998803 -0
    outer loop
      vertex 12 11.25 28
      vertex 11.804 11.2596 6
      vertex 12 11.25 6
    endloop
  endfacet
  facet normal 1 0 0
    outer loop
      vertex 34 13.65 28
      vertex 34 13.25 28
      vertex 34 13.65 15.3
    endloop
  endfacet
  facet normal 1 0 0
    outer loop
      vertex 34 26.35 15.3
      vertex 34 26.75 28
      vertex 34 26.35 28
    endloop
  endfacet
  facet normal 1 0 0
    outer loop
      vertex 34 26.75 28
      vertex 34 26.35 15.3
      vertex 34 26.75 6
    endloop
  endfacet
  facet normal 1 -0 0
    outer loop
      vertex 34 13.65 15.3
      vertex 34 26.75 6
      vertex 34 26.35 15.3
    endloop
  endfacet
  facet normal 1 0 0
    outer loop
      vertex 34 13.65 15.3
      vertex 34 13.25 6
      vertex 34 26.75 6
    endloop
  endfacet
  facet normal 1 0 0
    outer loop
      vertex 34 13.25 6
      vertex 34 13.65 15.3
      vertex 34 13.25 28
    endloop
  endfacet
  facet normal 0.427955 -0.9038 0
    outer loop
      vertex 32.7654 11.4022 6
      vertex 32.9428 11.4862 28
      vertex 32.7654 11.4022 28
    endloop
  endfacet
  facet normal 0.427955 -0.9038 0
    outer loop
      vertex 32.9428 11.4862 28
      vertex 32.7654 11.4022 6
      vertex 32.9428 11.4862 6
    endloop
  endfacet
  facet normal 0.0489209 0.998803 -0
    outer loop
      vertex 32.196 28.7404 6
      vertex 32 28.75 28
      vertex 32.196 28.7404 28
    endloop
  endfacet
  facet normal 0.0489209 0.998803 0
    outer loop
      vertex 32 28.75 28
      vertex 32.196 28.7404 6
      vertex 32 28.75 6
    endloop
  endfacet
  facet normal 0.336788 0.94158 -0
    outer loop
      vertex 32.7654 28.5978 6
      vertex 32.5806 28.6639 28
      vertex 32.7654 28.5978 28
    endloop
  endfacet
  facet normal 0.336788 0.94158 0
    outer loop
      vertex 32.5806 28.6639 28
      vertex 32.7654 28.5978 6
      vertex 32.5806 28.6639 6
    endloop
  endfacet
  facet normal -0.857673 -0.514196 0
    outer loop
      vertex 10.3371 12.1389 6
      vertex 10.2362 12.3072 28
      vertex 10.2362 12.3072 6
    endloop
  endfacet
  facet normal -0.857673 -0.514196 0
    outer loop
      vertex 10.2362 12.3072 28
      vertex 10.3371 12.1389 6
      vertex 10.3371 12.1389 28
    endloop
  endfacet
  facet normal 0.671607 0.740908 -0
    outer loop
      vertex 33.4142 28.1642 6
      vertex 33.2688 28.296 28
      vertex 33.4142 28.1642 28
    endloop
  endfacet
  facet normal 0.671607 0.740908 0
    outer loop
      vertex 33.2688 28.296 28
      vertex 33.4142 28.1642 6
      vertex 33.2688 28.296 6
    endloop
  endfacet
  facet normal 0.94158 0.336788 0
    outer loop
      vertex 33.9139 27.3306 28
      vertex 33.8478 27.5154 6
      vertex 33.8478 27.5154 28
    endloop
  endfacet
  facet normal 0.94158 0.336788 0
    outer loop
      vertex 33.8478 27.5154 6
      vertex 33.9139 27.3306 28
      vertex 33.9139 27.3306 6
    endloop
  endfacet
  facet normal 0.740908 0.671607 0
    outer loop
      vertex 33.546 28.0188 28
      vertex 33.4142 28.1642 6
      vertex 33.4142 28.1642 28
    endloop
  endfacet
  facet normal 0.740908 0.671607 0
    outer loop
      vertex 33.4142 28.1642 6
      vertex 33.546 28.0188 28
      vertex 33.546 28.0188 6
    endloop
  endfacet
  facet normal 0.857673 -0.514196 0
    outer loop
      vertex 33.6629 12.1389 28
      vertex 33.7638 12.3072 6
      vertex 33.7638 12.3072 28
    endloop
  endfacet
  facet normal 0.857673 -0.514196 0
    outer loop
      vertex 33.7638 12.3072 6
      vertex 33.6629 12.1389 28
      vertex 33.6629 12.1389 6
    endloop
  endfacet
  facet normal 0.9038 -0.427955 0
    outer loop
      vertex 33.7638 12.3072 28
      vertex 33.8478 12.4846 6
      vertex 33.8478 12.4846 28
    endloop
  endfacet
  facet normal 0.9038 -0.427955 0
    outer loop
      vertex 33.8478 12.4846 6
      vertex 33.7638 12.3072 28
      vertex 33.7638 12.3072 6
    endloop
  endfacet
  facet normal 0.740908 -0.671607 0
    outer loop
      vertex 33.4142 11.8358 28
      vertex 33.546 11.9812 6
      vertex 33.546 11.9812 28
    endloop
  endfacet
  facet normal 0.740908 -0.671607 0
    outer loop
      vertex 33.546 11.9812 6
      vertex 33.4142 11.8358 28
      vertex 33.4142 11.8358 6
    endloop
  endfacet
  facet normal 0.595508 -0.80335 0
    outer loop
      vertex 33.1111 11.5871 6
      vertex 33.2688 11.704 28
      vertex 33.1111 11.5871 28
    endloop
  endfacet
  facet normal 0.595508 -0.80335 0
    outer loop
      vertex 33.2688 11.704 28
      vertex 33.1111 11.5871 6
      vertex 33.2688 11.704 6
    endloop
  endfacet
  facet normal 0.243015 -0.970023 0
    outer loop
      vertex 32.3902 11.2884 6
      vertex 32.5806 11.3361 28
      vertex 32.3902 11.2884 28
    endloop
  endfacet
  facet normal 0.243015 -0.970023 0
    outer loop
      vertex 32.5806 11.3361 28
      vertex 32.3902 11.2884 6
      vertex 32.5806 11.3361 6
    endloop
  endfacet
  facet normal 0.336788 -0.94158 0
    outer loop
      vertex 32.5806 11.3361 6
      vertex 32.7654 11.4022 28
      vertex 32.5806 11.3361 28
    endloop
  endfacet
  facet normal 0.336788 -0.94158 0
    outer loop
      vertex 32.7654 11.4022 28
      vertex 32.5806 11.3361 6
      vertex 32.7654 11.4022 6
    endloop
  endfacet
  facet normal 0.146696 0.989182 -0
    outer loop
      vertex 32.3902 28.7116 6
      vertex 32.196 28.7404 28
      vertex 32.3902 28.7116 28
    endloop
  endfacet
  facet normal 0.146696 0.989182 0
    outer loop
      vertex 32.196 28.7404 28
      vertex 32.3902 28.7116 6
      vertex 32.196 28.7404 6
    endloop
  endfacet
  facet normal -0.857673 0.514196 0
    outer loop
      vertex 10.2362 27.6928 6
      vertex 10.3371 27.8611 28
      vertex 10.3371 27.8611 6
    endloop
  endfacet
  facet normal -0.857673 0.514196 0
    outer loop
      vertex 10.3371 27.8611 28
      vertex 10.2362 27.6928 6
      vertex 10.2362 27.6928 28
    endloop
  endfacet
  facet normal -0.427955 0.9038 0
    outer loop
      vertex 11.2346 28.5978 6
      vertex 11.0572 28.5138 28
      vertex 11.2346 28.5978 28
    endloop
  endfacet
  facet normal -0.427955 0.9038 0
    outer loop
      vertex 11.0572 28.5138 28
      vertex 11.2346 28.5978 6
      vertex 11.0572 28.5138 6
    endloop
  endfacet
  facet normal -0.336788 0.94158 0
    outer loop
      vertex 11.4194 28.6639 6
      vertex 11.2346 28.5978 28
      vertex 11.4194 28.6639 28
    endloop
  endfacet
  facet normal -0.336788 0.94158 0
    outer loop
      vertex 11.2346 28.5978 28
      vertex 11.4194 28.6639 6
      vertex 11.2346 28.5978 6
    endloop
  endfacet
  facet normal -0.740908 -0.671607 0
    outer loop
      vertex 10.5858 11.8358 6
      vertex 10.454 11.9812 28
      vertex 10.454 11.9812 6
    endloop
  endfacet
  facet normal -0.740908 -0.671607 0
    outer loop
      vertex 10.454 11.9812 28
      vertex 10.5858 11.8358 6
      vertex 10.5858 11.8358 28
    endloop
  endfacet
  facet normal -0.671607 -0.740908 0
    outer loop
      vertex 10.5858 11.8358 6
      vertex 10.7312 11.704 28
      vertex 10.5858 11.8358 28
    endloop
  endfacet
  facet normal -0.671607 -0.740908 -0
    outer loop
      vertex 10.7312 11.704 28
      vertex 10.5858 11.8358 6
      vertex 10.7312 11.704 6
    endloop
  endfacet
  facet normal -0.94158 -0.336788 0
    outer loop
      vertex 10.1522 12.4846 6
      vertex 10.0861 12.6694 28
      vertex 10.0861 12.6694 6
    endloop
  endfacet
  facet normal -0.94158 -0.336788 0
    outer loop
      vertex 10.0861 12.6694 28
      vertex 10.1522 12.4846 6
      vertex 10.1522 12.4846 28
    endloop
  endfacet
  facet normal -0.989182 -0.146696 0
    outer loop
      vertex 10.0384 12.8598 6
      vertex 10.0096 13.054 28
      vertex 10.0096 13.054 6
    endloop
  endfacet
  facet normal -0.989182 -0.146696 0
    outer loop
      vertex 10.0096 13.054 28
      vertex 10.0384 12.8598 6
      vertex 10.0384 12.8598 28
    endloop
  endfacet
  facet normal -0.9038 -0.427955 0
    outer loop
      vertex 10.2362 12.3072 6
      vertex 10.1522 12.4846 28
      vertex 10.1522 12.4846 6
    endloop
  endfacet
  facet normal -0.9038 -0.427955 0
    outer loop
      vertex 10.1522 12.4846 28
      vertex 10.2362 12.3072 6
      vertex 10.2362 12.3072 28
    endloop
  endfacet
  facet normal 0.970023 0.243015 0
    outer loop
      vertex 33.9616 27.1402 28
      vertex 33.9139 27.3306 6
      vertex 33.9139 27.3306 28
    endloop
  endfacet
  facet normal 0.970023 0.243015 0
    outer loop
      vertex 33.9139 27.3306 6
      vertex 33.9616 27.1402 28
      vertex 33.9616 27.1402 6
    endloop
  endfacet
  facet normal 0.989182 0.146696 0
    outer loop
      vertex 33.9904 26.946 28
      vertex 33.9616 27.1402 6
      vertex 33.9616 27.1402 28
    endloop
  endfacet
  facet normal 0.989182 0.146696 0
    outer loop
      vertex 33.9616 27.1402 6
      vertex 33.9904 26.946 28
      vertex 33.9904 26.946 6
    endloop
  endfacet
  facet normal 0.998803 0.0489209 0
    outer loop
      vertex 34 26.75 28
      vertex 33.9904 26.946 6
      vertex 33.9904 26.946 28
    endloop
  endfacet
  facet normal 0.998803 0.0489209 0
    outer loop
      vertex 33.9904 26.946 6
      vertex 34 26.75 28
      vertex 34 26.75 6
    endloop
  endfacet
  facet normal 0.80335 0.595508 0
    outer loop
      vertex 33.6629 27.8611 28
      vertex 33.546 28.0188 6
      vertex 33.546 28.0188 28
    endloop
  endfacet
  facet normal 0.80335 0.595508 0
    outer loop
      vertex 33.546 28.0188 6
      vertex 33.6629 27.8611 28
      vertex 33.6629 27.8611 6
    endloop
  endfacet
  facet normal 0.989182 -0.146696 0
    outer loop
      vertex 33.9616 12.8598 28
      vertex 33.9904 13.054 6
      vertex 33.9904 13.054 28
    endloop
  endfacet
  facet normal 0.989182 -0.146696 0
    outer loop
      vertex 33.9904 13.054 6
      vertex 33.9616 12.8598 28
      vertex 33.9616 12.8598 6
    endloop
  endfacet
  facet normal 0.970023 -0.243015 0
    outer loop
      vertex 33.9139 12.6694 28
      vertex 33.9616 12.8598 6
      vertex 33.9616 12.8598 28
    endloop
  endfacet
  facet normal 0.970023 -0.243015 0
    outer loop
      vertex 33.9616 12.8598 6
      vertex 33.9139 12.6694 28
      vertex 33.9139 12.6694 6
    endloop
  endfacet
  facet normal 0.80335 -0.595508 0
    outer loop
      vertex 33.546 11.9812 28
      vertex 33.6629 12.1389 6
      vertex 33.6629 12.1389 28
    endloop
  endfacet
  facet normal 0.80335 -0.595508 0
    outer loop
      vertex 33.6629 12.1389 6
      vertex 33.546 11.9812 28
      vertex 33.546 11.9812 6
    endloop
  endfacet
  facet normal 0.514196 -0.857673 0
    outer loop
      vertex 32.9428 11.4862 6
      vertex 33.1111 11.5871 28
      vertex 32.9428 11.4862 28
    endloop
  endfacet
  facet normal 0.514196 -0.857673 0
    outer loop
      vertex 33.1111 11.5871 28
      vertex 32.9428 11.4862 6
      vertex 33.1111 11.5871 6
    endloop
  endfacet
  facet normal -0.9038 0.427955 0
    outer loop
      vertex 10.1522 27.5154 6
      vertex 10.2362 27.6928 28
      vertex 10.2362 27.6928 6
    endloop
  endfacet
  facet normal -0.9038 0.427955 0
    outer loop
      vertex 10.2362 27.6928 28
      vertex 10.1522 27.5154 6
      vertex 10.1522 27.5154 28
    endloop
  endfacet
  facet normal -0.671607 0.740908 0
    outer loop
      vertex 10.7312 28.296 6
      vertex 10.5858 28.1642 28
      vertex 10.7312 28.296 28
    endloop
  endfacet
  facet normal -0.671607 0.740908 0
    outer loop
      vertex 10.5858 28.1642 28
      vertex 10.7312 28.296 6
      vertex 10.5858 28.1642 6
    endloop
  endfacet
  facet normal -0.595508 0.80335 0
    outer loop
      vertex 10.8889 28.4129 6
      vertex 10.7312 28.296 28
      vertex 10.8889 28.4129 28
    endloop
  endfacet
  facet normal -0.595508 0.80335 0
    outer loop
      vertex 10.7312 28.296 28
      vertex 10.8889 28.4129 6
      vertex 10.7312 28.296 6
    endloop
  endfacet
  facet normal 0.857673 0.514196 0
    outer loop
      vertex 33.7638 27.6928 28
      vertex 33.6629 27.8611 6
      vertex 33.6629 27.8611 28
    endloop
  endfacet
  facet normal 0.857673 0.514196 0
    outer loop
      vertex 33.6629 27.8611 6
      vertex 33.7638 27.6928 28
      vertex 33.7638 27.6928 6
    endloop
  endfacet
  facet normal 0.9038 0.427955 0
    outer loop
      vertex 33.8478 27.5154 28
      vertex 33.7638 27.6928 6
      vertex 33.7638 27.6928 28
    endloop
  endfacet
  facet normal 0.9038 0.427955 0
    outer loop
      vertex 33.7638 27.6928 6
      vertex 33.8478 27.5154 28
      vertex 33.8478 27.5154 6
    endloop
  endfacet
  facet normal -0.146696 0.989182 0
    outer loop
      vertex 11.804 28.7404 6
      vertex 11.6098 28.7116 28
      vertex 11.804 28.7404 28
    endloop
  endfacet
  facet normal -0.146696 0.989182 0
    outer loop
      vertex 11.6098 28.7116 28
      vertex 11.804 28.7404 6
      vertex 11.6098 28.7116 6
    endloop
  endfacet
  facet normal 0 -1 0
    outer loop
      vertex 10 26.35 15.3
      vertex 34 26.35 28
      vertex 10 26.35 28
    endloop
  endfacet
  facet normal 0 -1 -0
    outer loop
      vertex 34 26.35 28
      vertex 10 26.35 15.3
      vertex 34 26.35 15.3
    endloop
  endfacet
  facet normal 0 0 1
    outer loop
      vertex 34 26.35 15.3
      vertex 31.5 20 15.3
      vertex 34 13.65 15.3
    endloop
  endfacet
  facet normal 0 0 1
    outer loop
      vertex 34 26.35 15.3
      vertex 31.488 20.245 15.3
      vertex 31.5 20 15.3
    endloop
  endfacet
  facet normal 0 0 1
    outer loop
      vertex 34 26.35 15.3
      vertex 31.452 20.4877 15.3
      vertex 31.488 20.245 15.3
    endloop
  endfacet
  facet normal 0 0 1
    outer loop
      vertex 34 26.35 15.3
      vertex 31.3923 20.7257 15.3
      vertex 31.452 20.4877 15.3
    endloop
  endfacet
  facet normal 0 0 1
    outer loop
      vertex 34 26.35 15.3
      vertex 31.3097 20.9567 15.3
      vertex 31.3923 20.7257 15.3
    endloop
  endfacet
  facet normal 0 0 1
    outer loop
      vertex 34 26.35 15.3
      vertex 31.2048 21.1785 15.3
      vertex 31.3097 20.9567 15.3
    endloop
  endfacet
  facet normal 0 0 1
    outer loop
      vertex 34 26.35 15.3
      vertex 31.0787 21.3889 15.3
      vertex 31.2048 21.1785 15.3
    endloop
  endfacet
  facet normal 0 0 1
    outer loop
      vertex 34 26.35 15.3
      vertex 30.9325 21.586 15.3
      vertex 31.0787 21.3889 15.3
    endloop
  endfacet
  facet normal 0 0 1
    outer loop
      vertex 34 26.35 15.3
      vertex 30.7678 21.7678 15.3
      vertex 30.9325 21.586 15.3
    endloop
  endfacet
  facet normal 0 0 1
    outer loop
      vertex 34 26.35 15.3
      vertex 30.586 21.9325 15.3
      vertex 30.7678 21.7678 15.3
    endloop
  endfacet
  facet normal 0 0 1
    outer loop
      vertex 34 26.35 15.3
      vertex 30.3889 22.0787 15.3
      vertex 30.586 21.9325 15.3
    endloop
  endfacet
  facet normal 0 0 1
    outer loop
      vertex 34 26.35 15.3
      vertex 30.1785 22.2048 15.3
      vertex 30.3889 22.0787 15.3
    endloop
  endfacet
  facet normal 0 0 1
    outer loop
      vertex 34 26.35 15.3
      vertex 29.9567 22.3097 15.3
      vertex 30.1785 22.2048 15.3
    endloop
  endfacet
  facet normal 0 0 1
    outer loop
      vertex 34 26.35 15.3
      vertex 29.7257 22.3923 15.3
      vertex 29.9567 22.3097 15.3
    endloop
  endfacet
  facet normal 0 0 1
    outer loop
      vertex 34 26.35 15.3
      vertex 29.4877 22.452 15.3
      vertex 29.7257 22.3923 15.3
    endloop
  endfacet
  facet normal 0 0 1
    outer loop
      vertex 34 26.35 15.3
      vertex 29.245 22.488 15.3
      vertex 29.4877 22.452 15.3
    endloop
  endfacet
  facet normal 0 0 1
    outer loop
      vertex 34 26.35 15.3
      vertex 29 22.5 15.3
      vertex 29.245 22.488 15.3
    endloop
  endfacet
  facet normal 0 0 1
    outer loop
      vertex 34 26.35 15.3
      vertex 28.755 22.488 15.3
      vertex 29 22.5 15.3
    endloop
  endfacet
  facet normal 0 0 1
    outer loop
      vertex 34 26.35 15.3
      vertex 28.5123 22.452 15.3
      vertex 28.755 22.488 15.3
    endloop
  endfacet
  facet normal 0 0 1
    outer loop
      vertex 34 26.35 15.3
      vertex 28.2743 22.3923 15.3
      vertex 28.5123 22.452 15.3
    endloop
  endfacet
  facet normal 0 0 1
    outer loop
      vertex 20.7257 22.3923 15.3
      vertex 28.2743 22.3923 15.3
      vertex 34 26.35 15.3
    endloop
  endfacet
  facet normal 0 0 1
    outer loop
      vertex 28.2743 22.3923 15.3
      vertex 20.7257 22.3923 15.3
      vertex 28.0433 22.3097 15.3
    endloop
  endfacet
  facet normal 0 -0 1
    outer loop
      vertex 20.9567 22.3097 15.3
      vertex 28.0433 22.3097 15.3
      vertex 20.7257 22.3923 15.3
    endloop
  endfacet
  facet normal 0 0 1
    outer loop
      vertex 26.512 20.245 15.3
      vertex 22.5 20 15.3
      vertex 26.5 20 15.3
    endloop
  endfacet
  facet normal 0 0 1
    outer loop
      vertex 22.488 20.245 15.3
      vertex 26.512 20.245 15.3
      vertex 26.548 20.4877 15.3
    endloop
  endfacet
  facet normal 0 0 1
    outer loop
      vertex 22.452 20.4877 15.3
      vertex 26.548 20.4877 15.3
      vertex 26.6076 20.7257 15.3
    endloop
  endfacet
  facet normal 0 0 1
    outer loop
      vertex 22.3923 20.7257 15.3
      vertex 26.6076 20.7257 15.3
      vertex 26.6903 20.9567 15.3
    endloop
  endfacet
  facet normal 0 0 1
    outer loop
      vertex 22.3097 20.9567 15.3
      vertex 26.6903 20.9567 15.3
      vertex 26.7952 21.1785 15.3
    endloop
  endfacet
  facet normal 0 0 1
    outer loop
      vertex 22.2048 21.1785 15.3
      vertex 26.7952 21.1785 15.3
      vertex 26.9213 21.3889 15.3
    endloop
  endfacet
  facet normal 0 0 1
    outer loop
      vertex 22.0787 21.3889 15.3
      vertex 26.9213 21.3889 15.3
      vertex 27.0675 21.586 15.3
    endloop
  endfacet
  facet normal 0 0 1
    outer loop
      vertex 21.9325 21.586 15.3
      vertex 27.0675 21.586 15.3
      vertex 27.2322 21.7678 15.3
    endloop
  endfacet
  facet normal 0 0 1
    outer loop
      vertex 21.7678 21.7678 15.3
      vertex 27.2322 21.7678 15.3
      vertex 27.414 21.9325 15.3
    endloop
  endfacet
  facet normal 0 0 1
    outer loop
      vertex 21.586 21.9325 15.3
      vertex 27.414 21.9325 15.3
      vertex 27.6111 22.0787 15.3
    endloop
  endfacet
  facet normal 0 -0 1
    outer loop
      vertex 21.1785 22.2048 15.3
      vertex 27.8215 22.2048 15.3
      vertex 20.9567 22.3097 15.3
    endloop
  endfacet
  facet normal 0 0 1
    outer loop
      vertex 26.512 20.245 15.3
      vertex 22.488 20.245 15.3
      vertex 22.5 20 15.3
    endloop
  endfacet
  facet normal 0 0 1
    outer loop
      vertex 26.548 20.4877 15.3
      vertex 22.452 20.4877 15.3
      vertex 22.488 20.245 15.3
    endloop
  endfacet
  facet normal 0 0 1
    outer loop
      vertex 26.6076 20.7257 15.3
      vertex 22.3923 20.7257 15.3
      vertex 22.452 20.4877 15.3
    endloop
  endfacet
  facet normal 0 0 1
    outer loop
      vertex 26.6903 20.9567 15.3
      vertex 22.3097 20.9567 15.3
      vertex 22.3923 20.7257 15.3
    endloop
  endfacet
  facet normal 0 0 1
    outer loop
      vertex 26.7952 21.1785 15.3
      vertex 22.2048 21.1785 15.3
      vertex 22.3097 20.9567 15.3
    endloop
  endfacet
  facet normal 0 0 1
    outer loop
      vertex 26.9213 21.3889 15.3
      vertex 22.0787 21.3889 15.3
      vertex 22.2048 21.1785 15.3
    endloop
  endfacet
  facet normal 0 0 1
    outer loop
      vertex 27.0675 21.586 15.3
      vertex 21.9325 21.586 15.3
      vertex 22.0787 21.3889 15.3
    endloop
  endfacet
  facet normal 0 0 1
    outer loop
      vertex 27.2322 21.7678 15.3
      vertex 21.7678 21.7678 15.3
      vertex 21.9325 21.586 15.3
    endloop
  endfacet
  facet normal 0 0 1
    outer loop
      vertex 27.414 21.9325 15.3
      vertex 21.586 21.9325 15.3
      vertex 21.7678 21.7678 15.3
    endloop
  endfacet
  facet normal 0 0 1
    outer loop
      vertex 27.6111 22.0787 15.3
      vertex 21.3889 22.0787 15.3
      vertex 21.586 21.9325 15.3
    endloop
  endfacet
  facet normal 0 0 1
    outer loop
      vertex 27.6111 22.0787 15.3
      vertex 21.1785 22.2048 15.3
      vertex 21.3889 22.0787 15.3
    endloop
  endfacet
  facet normal 0 0 1
    outer loop
      vertex 27.8215 22.2048 15.3
      vertex 21.1785 22.2048 15.3
      vertex 27.6111 22.0787 15.3
    endloop
  endfacet
  facet normal 0 0 1
    outer loop
      vertex 28.0433 22.3097 15.3
      vertex 20.9567 22.3097 15.3
      vertex 27.8215 22.2048 15.3
    endloop
  endfacet
  facet normal 0 0 1
    outer loop
      vertex 34 26.35 15.3
      vertex 20.4877 22.452 15.3
      vertex 20.7257 22.3923 15.3
    endloop
  endfacet
  facet normal 0 0 1
    outer loop
      vertex 34 26.35 15.3
      vertex 20.245 22.488 15.3
      vertex 20.4877 22.452 15.3
    endloop
  endfacet
  facet normal -0 0 1
    outer loop
      vertex 10 26.35 15.3
      vertex 20.245 22.488 15.3
      vertex 34 26.35 15.3
    endloop
  endfacet
  facet normal 0 0 1
    outer loop
      vertex 20.245 22.488 15.3
      vertex 10 26.35 15.3
      vertex 20 22.5 15.3
    endloop
  endfacet
  facet normal 0 0 1
    outer loop
      vertex 20 22.5 15.3
      vertex 10 26.35 15.3
      vertex 19.755 22.488 15.3
    endloop
  endfacet
  facet normal 0 0 1
    outer loop
      vertex 19.755 22.488 15.3
      vertex 10 26.35 15.3
      vertex 19.5123 22.452 15.3
    endloop
  endfacet
  facet normal 0 0 1
    outer loop
      vertex 17.512 20.245 15.3
      vertex 10 26.35 15.3
      vertex 17.5 20 15.3
    endloop
  endfacet
  facet normal 0 0 1
    outer loop
      vertex 17.548 20.4877 15.3
      vertex 10 26.35 15.3
      vertex 17.512 20.245 15.3
    endloop
  endfacet
  facet normal 0 0 1
    outer loop
      vertex 17.6076 20.7257 15.3
      vertex 10 26.35 15.3
      vertex 17.548 20.4877 15.3
    endloop
  endfacet
  facet normal 0 0 1
    outer loop
      vertex 17.6903 20.9567 15.3
      vertex 10 26.35 15.3
      vertex 17.6076 20.7257 15.3
    endloop
  endfacet
  facet normal 0 0 1
    outer loop
      vertex 17.7952 21.1785 15.3
      vertex 10 26.35 15.3
      vertex 17.6903 20.9567 15.3
    endloop
  endfacet
  facet normal 0 0 1
    outer loop
      vertex 17.9213 21.3889 15.3
      vertex 10 26.35 15.3
      vertex 17.7952 21.1785 15.3
    endloop
  endfacet
  facet normal 0 0 1
    outer loop
      vertex 18.0675 21.586 15.3
      vertex 10 26.35 15.3
      vertex 17.9213 21.3889 15.3
    endloop
  endfacet
  facet normal 0 0 1
    outer loop
      vertex 18.2322 21.7678 15.3
      vertex 10 26.35 15.3
      vertex 18.0675 21.586 15.3
    endloop
  endfacet
  facet normal 0 0 1
    outer loop
      vertex 18.414 21.9325 15.3
      vertex 10 26.35 15.3
      vertex 18.2322 21.7678 15.3
    endloop
  endfacet
  facet normal 0 0 1
    outer loop
      vertex 18.6111 22.0787 15.3
      vertex 10 26.35 15.3
      vertex 18.414 21.9325 15.3
    endloop
  endfacet
  facet normal 0 0 1
    outer loop
      vertex 18.8215 22.2048 15.3
      vertex 10 26.35 15.3
      vertex 18.6111 22.0787 15.3
    endloop
  endfacet
  facet normal 0 0 1
    outer loop
      vertex 19.0433 22.3097 15.3
      vertex 10 26.35 15.3
      vertex 18.8215 22.2048 15.3
    endloop
  endfacet
  facet normal 0 0 1
    outer loop
      vertex 19.2743 22.3923 15.3
      vertex 10 26.35 15.3
      vertex 19.0433 22.3097 15.3
    endloop
  endfacet
  facet normal 0 0 1
    outer loop
      vertex 19.5123 22.452 15.3
      vertex 10 26.35 15.3
      vertex 19.2743 22.3923 15.3
    endloop
  endfacet
  facet normal -0 0 1
    outer loop
      vertex 31.488 19.755 15.3
      vertex 34 13.65 15.3
      vertex 31.5 20 15.3
    endloop
  endfacet
  facet normal -0 0 1
    outer loop
      vertex 31.452 19.5123 15.3
      vertex 34 13.65 15.3
      vertex 31.488 19.755 15.3
    endloop
  endfacet
  facet normal -0 0 1
    outer loop
      vertex 31.3923 19.2743 15.3
      vertex 34 13.65 15.3
      vertex 31.452 19.5123 15.3
    endloop
  endfacet
  facet normal -0 0 1
    outer loop
      vertex 31.3097 19.0433 15.3
      vertex 34 13.65 15.3
      vertex 31.3923 19.2743 15.3
    endloop
  endfacet
  facet normal -0 0 1
    outer loop
      vertex 31.2048 18.8215 15.3
      vertex 34 13.65 15.3
      vertex 31.3097 19.0433 15.3
    endloop
  endfacet
  facet normal -0 0 1
    outer loop
      vertex 31.0787 18.6111 15.3
      vertex 34 13.65 15.3
      vertex 31.2048 18.8215 15.3
    endloop
  endfacet
  facet normal -0 0 1
    outer loop
      vertex 30.9325 18.414 15.3
      vertex 34 13.65 15.3
      vertex 31.0787 18.6111 15.3
    endloop
  endfacet
  facet normal -0 0 1
    outer loop
      vertex 30.7678 18.2322 15.3
      vertex 34 13.65 15.3
      vertex 30.9325 18.414 15.3
    endloop
  endfacet
  facet normal -0 0 1
    outer loop
      vertex 30.586 18.0675 15.3
      vertex 34 13.65 15.3
      vertex 30.7678 18.2322 15.3
    endloop
  endfacet
  facet normal -0 0 1
    outer loop
      vertex 30.3889 17.9213 15.3
      vertex 34 13.65 15.3
      vertex 30.586 18.0675 15.3
    endloop
  endfacet
  facet normal -0 0 1
    outer loop
      vertex 30.1785 17.7952 15.3
      vertex 34 13.65 15.3
      vertex 30.3889 17.9213 15.3
    endloop
  endfacet
  facet normal -0 0 1
    outer loop
      vertex 29.9567 17.6903 15.3
      vertex 34 13.65 15.3
      vertex 30.1785 17.7952 15.3
    endloop
  endfacet
  facet normal -0 0 1
    outer loop
      vertex 29.7257 17.6076 15.3
      vertex 34 13.65 15.3
      vertex 29.9567 17.6903 15.3
    endloop
  endfacet
  facet normal -0 0 1
    outer loop
      vertex 29.4877 17.548 15.3
      vertex 34 13.65 15.3
      vertex 29.7257 17.6076 15.3
    endloop
  endfacet
  facet normal -0 0 1
    outer loop
      vertex 29.245 17.512 15.3
      vertex 34 13.65 15.3
      vertex 29.4877 17.548 15.3
    endloop
  endfacet
  facet normal -0 0 1
    outer loop
      vertex 29 17.5 15.3
      vertex 34 13.65 15.3
      vertex 29.245 17.512 15.3
    endloop
  endfacet
  facet normal 0 0 1
    outer loop
      vertex 28.755 17.512 15.3
      vertex 34 13.65 15.3
      vertex 29 17.5 15.3
    endloop
  endfacet
  facet normal 0 0 1
    outer loop
      vertex 28.5123 17.548 15.3
      vertex 34 13.65 15.3
      vertex 28.755 17.512 15.3
    endloop
  endfacet
  facet normal 0 0 1
    outer loop
      vertex 28.2743 17.6076 15.3
      vertex 34 13.65 15.3
      vertex 28.5123 17.548 15.3
    endloop
  endfacet
  facet normal 0 0 1
    outer loop
      vertex 20.7257 17.6076 15.3
      vertex 28.2743 17.6076 15.3
      vertex 28.0433 17.6903 15.3
    endloop
  endfacet
  facet normal 0 0 1
    outer loop
      vertex 20.9567 17.6903 15.3
      vertex 28.0433 17.6903 15.3
      vertex 27.8215 17.7952 15.3
    endloop
  endfacet
  facet normal 0 0 1
    outer loop
      vertex 21.1785 17.7952 15.3
      vertex 27.8215 17.7952 15.3
      vertex 27.6111 17.9213 15.3
    endloop
  endfacet
  facet normal -0 0 1
    outer loop
      vertex 22.5 20 15.3
      vertex 26.512 19.755 15.3
      vertex 26.5 20 15.3
    endloop
  endfacet
  facet normal 0 0 1
    outer loop
      vertex 22.488 19.755 15.3
      vertex 26.512 19.755 15.3
      vertex 22.5 20 15.3
    endloop
  endfacet
  facet normal 0 0 1
    outer loop
      vertex 26.512 19.755 15.3
      vertex 22.488 19.755 15.3
      vertex 26.548 19.5123 15.3
    endloop
  endfacet
  facet normal 0 0 1
    outer loop
      vertex 22.452 19.5123 15.3
      vertex 26.548 19.5123 15.3
      vertex 22.488 19.755 15.3
    endloop
  endfacet
  facet normal 0 0 1
    outer loop
      vertex 26.548 19.5123 15.3
      vertex 22.452 19.5123 15.3
      vertex 26.6076 19.2743 15.3
    endloop
  endfacet
  facet normal 0 0 1
    outer loop
      vertex 22.3923 19.2743 15.3
      vertex 26.6076 19.2743 15.3
      vertex 22.452 19.5123 15.3
    endloop
  endfacet
  facet normal 0 0 1
    outer loop
      vertex 26.6076 19.2743 15.3
      vertex 22.3923 19.2743 15.3
      vertex 26.6903 19.0433 15.3
    endloop
  endfacet
  facet normal 0 0 1
    outer loop
      vertex 22.3097 19.0433 15.3
      vertex 26.6903 19.0433 15.3
      vertex 22.3923 19.2743 15.3
    endloop
  endfacet
  facet normal 0 0 1
    outer loop
      vertex 26.6903 19.0433 15.3
      vertex 22.3097 19.0433 15.3
      vertex 26.7952 18.8215 15.3
    endloop
  endfacet
  facet normal 0 0 1
    outer loop
      vertex 22.2048 18.8215 15.3
      vertex 26.7952 18.8215 15.3
      vertex 22.3097 19.0433 15.3
    endloop
  endfacet
  facet normal 0 0 1
    outer loop
      vertex 26.7952 18.8215 15.3
      vertex 22.2048 18.8215 15.3
      vertex 26.9213 18.6111 15.3
    endloop
  endfacet
  facet normal 0 0 1
    outer loop
      vertex 22.0787 18.6111 15.3
      vertex 26.9213 18.6111 15.3
      vertex 22.2048 18.8215 15.3
    endloop
  endfacet
  facet normal 0 0 1
    outer loop
      vertex 26.9213 18.6111 15.3
      vertex 22.0787 18.6111 15.3
      vertex 27.0675 18.414 15.3
    endloop
  endfacet
  facet normal 0 0 1
    outer loop
      vertex 21.9325 18.414 15.3
      vertex 27.0675 18.414 15.3
      vertex 22.0787 18.6111 15.3
    endloop
  endfacet
  facet normal 0 0 1
    outer loop
      vertex 27.0675 18.414 15.3
      vertex 21.9325 18.414 15.3
      vertex 27.2322 18.2322 15.3
    endloop
  endfacet
  facet normal 0 0 1
    outer loop
      vertex 21.7678 18.2322 15.3
      vertex 27.2322 18.2322 15.3
      vertex 21.9325 18.414 15.3
    endloop
  endfacet
  facet normal 0 0 1
    outer loop
      vertex 27.2322 18.2322 15.3
      vertex 21.7678 18.2322 15.3
      vertex 27.414 18.0675 15.3
    endloop
  endfacet
  facet normal 0 0 1
    outer loop
      vertex 21.586 18.0675 15.3
      vertex 27.414 18.0675 15.3
      vertex 21.7678 18.2322 15.3
    endloop
  endfacet
  facet normal 0 0 1
    outer loop
      vertex 27.414 18.0675 15.3
      vertex 21.586 18.0675 15.3
      vertex 27.6111 17.9213 15.3
    endloop
  endfacet
  facet normal 0 0 1
    outer loop
      vertex 21.3889 17.9213 15.3
      vertex 27.6111 17.9213 15.3
      vertex 21.586 18.0675 15.3
    endloop
  endfacet
  facet normal 0 0 1
    outer loop
      vertex 21.1785 17.7952 15.3
      vertex 27.6111 17.9213 15.3
      vertex 21.3889 17.9213 15.3
    endloop
  endfacet
  facet normal 0 0 1
    outer loop
      vertex 27.8215 17.7952 15.3
      vertex 21.1785 17.7952 15.3
      vertex 20.9567 17.6903 15.3
    endloop
  endfacet
  facet normal 0 0 1
    outer loop
      vertex 28.0433 17.6903 15.3
      vertex 20.9567 17.6903 15.3
      vertex 20.7257 17.6076 15.3
    endloop
  endfacet
  facet normal 0 0 1
    outer loop
      vertex 28.2743 17.6076 15.3
      vertex 20.7257 17.6076 15.3
      vertex 34 13.65 15.3
    endloop
  endfacet
  facet normal -0 0 1
    outer loop
      vertex 20.4877 17.548 15.3
      vertex 34 13.65 15.3
      vertex 20.7257 17.6076 15.3
    endloop
  endfacet
  facet normal -0 0 1
    outer loop
      vertex 20.245 17.512 15.3
      vertex 34 13.65 15.3
      vertex 20.4877 17.548 15.3
    endloop
  endfacet
  facet normal 0 0 1
    outer loop
      vertex 10 13.65 15.3
      vertex 20.245 17.512 15.3
      vertex 20 17.5 15.3
    endloop
  endfacet
  facet normal 0 0 1
    outer loop
      vertex 10 13.65 15.3
      vertex 20 17.5 15.3
      vertex 19.755 17.512 15.3
    endloop
  endfacet
  facet normal 0 0 1
    outer loop
      vertex 10 13.65 15.3
      vertex 19.755 17.512 15.3
      vertex 19.5123 17.548 15.3
    endloop
  endfacet
  facet normal 0 0 1
    outer loop
      vertex 10 13.65 15.3
      vertex 19.5123 17.548 15.3
      vertex 19.2743 17.6076 15.3
    endloop
  endfacet
  facet normal 0 0 1
    outer loop
      vertex 10 13.65 15.3
      vertex 17.5 20 15.3
      vertex 10 26.35 15.3
    endloop
  endfacet
  facet normal 0 0 1
    outer loop
      vertex 17.5 20 15.3
      vertex 10 13.65 15.3
      vertex 17.512 19.755 15.3
    endloop
  endfacet
  facet normal 0 0 1
    outer loop
      vertex 17.512 19.755 15.3
      vertex 10 13.65 15.3
      vertex 17.548 19.5123 15.3
    endloop
  endfacet
  facet normal 0 0 1
    outer loop
      vertex 17.548 19.5123 15.3
      vertex 10 13.65 15.3
      vertex 17.6076 19.2743 15.3
    endloop
  endfacet
  facet normal 0 0 1
    outer loop
      vertex 17.6076 19.2743 15.3
      vertex 10 13.65 15.3
      vertex 17.6903 19.0433 15.3
    endloop
  endfacet
  facet normal 0 0 1
    outer loop
      vertex 17.6903 19.0433 15.3
      vertex 10 13.65 15.3
      vertex 17.7952 18.8215 15.3
    endloop
  endfacet
  facet normal 0 0 1
    outer loop
      vertex 17.7952 18.8215 15.3
      vertex 10 13.65 15.3
      vertex 17.9213 18.6111 15.3
    endloop
  endfacet
  facet normal 0 0 1
    outer loop
      vertex 17.9213 18.6111 15.3
      vertex 10 13.65 15.3
      vertex 18.0675 18.414 15.3
    endloop
  endfacet
  facet normal 0 0 1
    outer loop
      vertex 20.245 17.512 15.3
      vertex 10 13.65 15.3
      vertex 34 13.65 15.3
    endloop
  endfacet
  facet normal 0 0 1
    outer loop
      vertex 19.0433 17.6903 15.3
      vertex 10 13.65 15.3
      vertex 19.2743 17.6076 15.3
    endloop
  endfacet
  facet normal 0 0 1
    outer loop
      vertex 18.8215 17.7952 15.3
      vertex 10 13.65 15.3
      vertex 19.0433 17.6903 15.3
    endloop
  endfacet
  facet normal 0 0 1
    outer loop
      vertex 18.6111 17.9213 15.3
      vertex 10 13.65 15.3
      vertex 18.8215 17.7952 15.3
    endloop
  endfacet
  facet normal 0 0 1
    outer loop
      vertex 18.414 18.0675 15.3
      vertex 10 13.65 15.3
      vertex 18.6111 17.9213 15.3
    endloop
  endfacet
  facet normal 0 0 1
    outer loop
      vertex 18.2322 18.2322 15.3
      vertex 10 13.65 15.3
      vertex 18.414 18.0675 15.3
    endloop
  endfacet
  facet normal 0 0 1
    outer loop
      vertex 18.0675 18.414 15.3
      vertex 10 13.65 15.3
      vertex 18.2322 18.2322 15.3
    endloop
  endfacet
  facet normal 0 1 -0
    outer loop
      vertex 34 13.65 15.3
      vertex 10 13.65 28
      vertex 34 13.65 28
    endloop
  endfacet
  facet normal 0 1 0
    outer loop
      vertex 10 13.65 28
      vertex 34 13.65 15.3
      vertex 10 13.65 15.3
    endloop
  endfacet
  facet normal -0.595949 -0.803023 0
    outer loop
      vertex 127.389 22.0787 0
      vertex 127.586 21.9325 6
      vertex 127.389 22.0787 6
    endloop
  endfacet
  facet normal -0.595949 -0.803023 -0
    outer loop
      vertex 127.586 21.9325 6
      vertex 127.389 22.0787 0
      vertex 127.586 21.9325 0
    endloop
  endfacet
  facet normal 0.428807 -0.903396 0
    outer loop
      vertex 124.822 22.2048 0
      vertex 125.043 22.3097 6
      vertex 124.822 22.2048 6
    endloop
  endfacet
  facet normal 0.428807 -0.903396 0
    outer loop
      vertex 125.043 22.3097 6
      vertex 124.822 22.2048 0
      vertex 125.043 22.3097 0
    endloop
  endfacet
  facet normal 0.942386 -0.334527 0
    outer loop
      vertex 123.608 20.7257 6
      vertex 123.69 20.9567 0
      vertex 123.69 20.9567 6
    endloop
  endfacet
  facet normal 0.942386 -0.334527 0
    outer loop
      vertex 123.69 20.9567 0
      vertex 123.608 20.7257 6
      vertex 123.608 20.7257 0
    endloop
  endfacet
  facet normal -0.998803 0.0489209 0
    outer loop
      vertex 128.488 19.755 0
      vertex 128.5 20 6
      vertex 128.5 20 0
    endloop
  endfacet
  facet normal -0.998803 0.0489209 0
    outer loop
      vertex 128.5 20 6
      vertex 128.488 19.755 0
      vertex 128.488 19.755 6
    endloop
  endfacet
  facet normal 0.337059 0.941483 -0
    outer loop
      vertex 125.274 17.6076 0
      vertex 125.043 17.6903 6
      vertex 125.274 17.6076 6
    endloop
  endfacet
  facet normal 0.337059 0.941483 0
    outer loop
      vertex 125.043 17.6903 6
      vertex 125.274 17.6076 0
      vertex 125.043 17.6903 0
    endloop
  endfacet
  facet normal -0.903837 -0.427876 0
    outer loop
      vertex 128.31 20.9567 0
      vertex 128.205 21.1785 6
      vertex 128.205 21.1785 0
    endloop
  endfacet
  facet normal -0.903837 -0.427876 0
    outer loop
      vertex 128.205 21.1785 6
      vertex 128.31 20.9567 0
      vertex 128.31 20.9567 6
    endloop
  endfacet
  facet normal -0.857924 -0.513776 0
    outer loop
      vertex 128.205 21.1785 0
      vertex 128.079 21.3889 6
      vertex 128.079 21.3889 0
    endloop
  endfacet
  facet normal -0.857924 -0.513776 0
    outer loop
      vertex 128.079 21.3889 6
      vertex 128.205 21.1785 0
      vertex 128.205 21.1785 6
    endloop
  endfacet
  facet normal -0.336698 -0.941613 0
    outer loop
      vertex 126.726 22.3923 0
      vertex 126.957 22.3097 6
      vertex 126.726 22.3923 6
    endloop
  endfacet
  facet normal -0.336698 -0.941613 -0
    outer loop
      vertex 126.957 22.3097 6
      vertex 126.726 22.3923 0
      vertex 126.957 22.3097 0
    endloop
  endfacet
  facet normal 0.803557 -0.595228 0
    outer loop
      vertex 123.921 21.3889 6
      vertex 124.067 21.586 0
      vertex 124.067 21.586 6
    endloop
  endfacet
  facet normal 0.803557 -0.595228 0
    outer loop
      vertex 124.067 21.586 0
      vertex 123.921 21.3889 6
      vertex 123.921 21.3889 0
    endloop
  endfacet
  facet normal 0.243303 -0.96995 0
    outer loop
      vertex 125.274 22.3923 0
      vertex 125.512 22.452 6
      vertex 125.274 22.3923 6
    endloop
  endfacet
  facet normal 0.243303 -0.96995 0
    outer loop
      vertex 125.512 22.452 6
      vertex 125.274 22.3923 0
      vertex 125.512 22.452 0
    endloop
  endfacet
  facet normal -0.942386 0.334527 0
    outer loop
      vertex 128.31 19.0433 0
      vertex 128.392 19.2743 6
      vertex 128.392 19.2743 0
    endloop
  endfacet
  facet normal -0.942386 0.334527 0
    outer loop
      vertex 128.392 19.2743 6
      vertex 128.31 19.0433 0
      vertex 128.31 19.0433 6
    endloop
  endfacet
  facet normal 0.0489209 0.998803 -0
    outer loop
      vertex 126 17.5 0
      vertex 125.755 17.512 6
      vertex 126 17.5 6
    endloop
  endfacet
  facet normal 0.0489209 0.998803 0
    outer loop
      vertex 125.755 17.512 6
      vertex 126 17.5 0
      vertex 125.755 17.512 0
    endloop
  endfacet
  facet normal 0.595949 0.803023 -0
    outer loop
      vertex 124.611 17.9213 0
      vertex 124.414 18.0675 6
      vertex 124.611 17.9213 6
    endloop
  endfacet
  facet normal 0.595949 0.803023 0
    outer loop
      vertex 124.414 18.0675 6
      vertex 124.611 17.9213 0
      vertex 124.414 18.0675 0
    endloop
  endfacet
  facet normal 0.969661 0.244452 0
    outer loop
      vertex 123.608 19.2743 6
      vertex 123.548 19.5123 0
      vertex 123.548 19.5123 6
    endloop
  endfacet
  facet normal 0.969661 0.244452 0
    outer loop
      vertex 123.548 19.5123 0
      vertex 123.608 19.2743 6
      vertex 123.608 19.2743 0
    endloop
  endfacet
  facet normal -0.969661 -0.244452 0
    outer loop
      vertex 128.452 20.4877 0
      vertex 128.392 20.7257 6
      vertex 128.392 20.7257 0
    endloop
  endfacet
  facet normal -0.969661 -0.244452 0
    outer loop
      vertex 128.392 20.7257 6
      vertex 128.452 20.4877 0
      vertex 128.452 20.4877 6
    endloop
  endfacet
  facet normal -0.942386 -0.334527 0
    outer loop
      vertex 128.392 20.7257 0
      vertex 128.31 20.9567 6
      vertex 128.31 20.9567 0
    endloop
  endfacet
  facet normal -0.942386 -0.334527 0
    outer loop
      vertex 128.31 20.9567 6
      vertex 128.392 20.7257 0
      vertex 128.392 20.7257 6
    endloop
  endfacet
  facet normal -0.740493 -0.672064 0
    outer loop
      vertex 127.933 21.586 0
      vertex 127.768 21.7678 6
      vertex 127.768 21.7678 0
    endloop
  endfacet
  facet normal -0.740493 -0.672064 0
    outer loop
      vertex 127.768 21.7678 6
      vertex 127.933 21.586 0
      vertex 127.933 21.586 6
    endloop
  endfacet
  facet normal -0.803557 -0.595228 0
    outer loop
      vertex 128.079 21.3889 0
      vertex 127.933 21.586 6
      vertex 127.933 21.586 0
    endloop
  endfacet
  facet normal -0.803557 -0.595228 0
    outer loop
      vertex 127.933 21.586 6
      vertex 128.079 21.3889 0
      vertex 128.079 21.3889 6
    endloop
  endfacet
  facet normal -0.670988 -0.741468 0
    outer loop
      vertex 127.586 21.9325 0
      vertex 127.768 21.7678 6
      vertex 127.586 21.9325 6
    endloop
  endfacet
  facet normal -0.670988 -0.741468 -0
    outer loop
      vertex 127.768 21.7678 6
      vertex 127.586 21.9325 0
      vertex 127.768 21.7678 0
    endloop
  endfacet
  facet normal -0.512999 -0.858389 0
    outer loop
      vertex 127.178 22.2048 0
      vertex 127.389 22.0787 6
      vertex 127.178 22.2048 6
    endloop
  endfacet
  facet normal -0.512999 -0.858389 -0
    outer loop
      vertex 127.389 22.0787 6
      vertex 127.178 22.2048 0
      vertex 127.389 22.0787 0
    endloop
  endfacet
  facet normal 0.0489209 -0.998803 0
    outer loop
      vertex 125.755 22.488 0
      vertex 126 22.5 6
      vertex 125.755 22.488 6
    endloop
  endfacet
  facet normal 0.0489209 -0.998803 0
    outer loop
      vertex 126 22.5 6
      vertex 125.755 22.488 0
      vertex 126 22.5 0
    endloop
  endfacet
  facet normal -0.428807 -0.903396 0
    outer loop
      vertex 126.957 22.3097 0
      vertex 127.178 22.2048 6
      vertex 126.957 22.3097 6
    endloop
  endfacet
  facet normal -0.428807 -0.903396 -0
    outer loop
      vertex 127.178 22.2048 6
      vertex 126.957 22.3097 0
      vertex 127.178 22.2048 0
    endloop
  endfacet
  facet normal -0.243303 -0.96995 0
    outer loop
      vertex 126.488 22.452 0
      vertex 126.726 22.3923 6
      vertex 126.488 22.452 6
    endloop
  endfacet
  facet normal -0.243303 -0.96995 -0
    outer loop
      vertex 126.726 22.3923 6
      vertex 126.488 22.452 0
      vertex 126.726 22.3923 0
    endloop
  endfacet
  facet normal -0.146549 -0.989203 0
    outer loop
      vertex 126.245 22.488 0
      vertex 126.488 22.452 6
      vertex 126.245 22.488 6
    endloop
  endfacet
  facet normal -0.146549 -0.989203 -0
    outer loop
      vertex 126.488 22.452 6
      vertex 126.245 22.488 0
      vertex 126.488 22.452 0
    endloop
  endfacet
  facet normal 0.998803 0.0489209 0
    outer loop
      vertex 123.512 19.755 6
      vertex 123.5 20 0
      vertex 123.5 20 6
    endloop
  endfacet
  facet normal 0.998803 0.0489209 0
    outer loop
      vertex 123.5 20 0
      vertex 123.512 19.755 6
      vertex 123.512 19.755 0
    endloop
  endfacet
  facet normal 0.969661 -0.244452 0
    outer loop
      vertex 123.548 20.4877 6
      vertex 123.608 20.7257 0
      vertex 123.608 20.7257 6
    endloop
  endfacet
  facet normal 0.969661 -0.244452 0
    outer loop
      vertex 123.608 20.7257 0
      vertex 123.548 20.4877 6
      vertex 123.548 20.4877 0
    endloop
  endfacet
  facet normal 0.989177 -0.146726 0
    outer loop
      vertex 123.512 20.245 6
      vertex 123.548 20.4877 0
      vertex 123.548 20.4877 6
    endloop
  endfacet
  facet normal 0.989177 -0.146726 0
    outer loop
      vertex 123.548 20.4877 0
      vertex 123.512 20.245 6
      vertex 123.512 20.245 0
    endloop
  endfacet
  facet normal 0.903837 -0.427876 0
    outer loop
      vertex 123.69 20.9567 6
      vertex 123.795 21.1785 0
      vertex 123.795 21.1785 6
    endloop
  endfacet
  facet normal 0.903837 -0.427876 0
    outer loop
      vertex 123.795 21.1785 0
      vertex 123.69 20.9567 6
      vertex 123.69 20.9567 0
    endloop
  endfacet
  facet normal 0.857924 -0.513776 0
    outer loop
      vertex 123.795 21.1785 6
      vertex 123.921 21.3889 0
      vertex 123.921 21.3889 6
    endloop
  endfacet
  facet normal 0.857924 -0.513776 0
    outer loop
      vertex 123.921 21.3889 0
      vertex 123.795 21.1785 6
      vertex 123.795 21.1785 0
    endloop
  endfacet
  facet normal 0.336698 -0.941613 0
    outer loop
      vertex 125.043 22.3097 0
      vertex 125.274 22.3923 6
      vertex 125.043 22.3097 6
    endloop
  endfacet
  facet normal 0.336698 -0.941613 0
    outer loop
      vertex 125.274 22.3923 6
      vertex 125.043 22.3097 0
      vertex 125.274 22.3923 0
    endloop
  endfacet
  facet normal 0.146549 -0.989203 0
    outer loop
      vertex 125.512 22.452 0
      vertex 125.755 22.488 6
      vertex 125.512 22.452 6
    endloop
  endfacet
  facet normal 0.146549 -0.989203 0
    outer loop
      vertex 125.755 22.488 6
      vertex 125.512 22.452 0
      vertex 125.755 22.488 0
    endloop
  endfacet
  facet normal 0.595949 -0.803023 0
    outer loop
      vertex 124.414 21.9325 0
      vertex 124.611 22.0787 6
      vertex 124.414 21.9325 6
    endloop
  endfacet
  facet normal 0.595949 -0.803023 0
    outer loop
      vertex 124.611 22.0787 6
      vertex 124.414 21.9325 0
      vertex 124.611 22.0787 0
    endloop
  endfacet
  facet normal 0.670988 -0.741468 0
    outer loop
      vertex 124.232 21.7678 0
      vertex 124.414 21.9325 6
      vertex 124.232 21.7678 6
    endloop
  endfacet
  facet normal 0.670988 -0.741468 0
    outer loop
      vertex 124.414 21.9325 6
      vertex 124.232 21.7678 0
      vertex 124.414 21.9325 0
    endloop
  endfacet
  facet normal 0.512999 -0.858389 0
    outer loop
      vertex 124.611 22.0787 0
      vertex 124.822 22.2048 6
      vertex 124.611 22.0787 6
    endloop
  endfacet
  facet normal 0.512999 -0.858389 0
    outer loop
      vertex 124.822 22.2048 6
      vertex 124.611 22.0787 0
      vertex 124.822 22.2048 0
    endloop
  endfacet
  facet normal 0.740493 -0.672064 0
    outer loop
      vertex 124.067 21.586 6
      vertex 124.232 21.7678 0
      vertex 124.232 21.7678 6
    endloop
  endfacet
  facet normal 0.740493 -0.672064 0
    outer loop
      vertex 124.232 21.7678 0
      vertex 124.067 21.586 6
      vertex 124.067 21.586 0
    endloop
  endfacet
  facet normal -0.998803 -0.0489209 0
    outer loop
      vertex 128.5 20 0
      vertex 128.488 20.245 6
      vertex 128.488 20.245 0
    endloop
  endfacet
  facet normal -0.998803 -0.0489209 0
    outer loop
      vertex 128.488 20.245 6
      vertex 128.5 20 0
      vertex 128.5 20 6
    endloop
  endfacet
  facet normal -0.146549 0.989203 0
    outer loop
      vertex 126.488 17.548 0
      vertex 126.245 17.512 6
      vertex 126.488 17.548 6
    endloop
  endfacet
  facet normal -0.146549 0.989203 0
    outer loop
      vertex 126.245 17.512 6
      vertex 126.488 17.548 0
      vertex 126.245 17.512 0
    endloop
  endfacet
  facet normal -0.969661 0.244452 0
    outer loop
      vertex 128.392 19.2743 0
      vertex 128.452 19.5123 6
      vertex 128.452 19.5123 0
    endloop
  endfacet
  facet normal -0.969661 0.244452 0
    outer loop
      vertex 128.452 19.5123 6
      vertex 128.392 19.2743 0
      vertex 128.392 19.2743 6
    endloop
  endfacet
  facet normal -0.803557 0.595228 0
    outer loop
      vertex 127.933 18.414 0
      vertex 128.079 18.6111 6
      vertex 128.079 18.6111 0
    endloop
  endfacet
  facet normal -0.803557 0.595228 0
    outer loop
      vertex 128.079 18.6111 6
      vertex 127.933 18.414 0
      vertex 127.933 18.414 6
    endloop
  endfacet
  facet normal -0.242919 0.970047 0
    outer loop
      vertex 126.726 17.6076 0
      vertex 126.488 17.548 6
      vertex 126.726 17.6076 6
    endloop
  endfacet
  facet normal -0.242919 0.970047 0
    outer loop
      vertex 126.488 17.548 6
      vertex 126.726 17.6076 0
      vertex 126.488 17.548 0
    endloop
  endfacet
  facet normal -0.337059 0.941483 0
    outer loop
      vertex 126.957 17.6903 0
      vertex 126.726 17.6076 6
      vertex 126.957 17.6903 6
    endloop
  endfacet
  facet normal -0.337059 0.941483 0
    outer loop
      vertex 126.726 17.6076 6
      vertex 126.957 17.6903 0
      vertex 126.726 17.6076 0
    endloop
  endfacet
  facet normal -0.740493 0.672064 0
    outer loop
      vertex 127.768 18.2322 0
      vertex 127.933 18.414 6
      vertex 127.933 18.414 0
    endloop
  endfacet
  facet normal -0.740493 0.672064 0
    outer loop
      vertex 127.933 18.414 6
      vertex 127.768 18.2322 0
      vertex 127.768 18.2322 6
    endloop
  endfacet
  facet normal -0.670988 0.741468 0
    outer loop
      vertex 127.768 18.2322 0
      vertex 127.586 18.0675 6
      vertex 127.768 18.2322 6
    endloop
  endfacet
  facet normal -0.670988 0.741468 0
    outer loop
      vertex 127.586 18.0675 6
      vertex 127.768 18.2322 0
      vertex 127.586 18.0675 0
    endloop
  endfacet
  facet normal -0.512999 0.858389 0
    outer loop
      vertex 127.389 17.9213 0
      vertex 127.178 17.7952 6
      vertex 127.389 17.9213 6
    endloop
  endfacet
  facet normal -0.512999 0.858389 0
    outer loop
      vertex 127.178 17.7952 6
      vertex 127.389 17.9213 0
      vertex 127.178 17.7952 0
    endloop
  endfacet
  facet normal -0.0489209 0.998803 0
    outer loop
      vertex 126.245 17.512 0
      vertex 126 17.5 6
      vertex 126.245 17.512 6
    endloop
  endfacet
  facet normal -0.0489209 0.998803 0
    outer loop
      vertex 126 17.5 6
      vertex 126.245 17.512 0
      vertex 126 17.5 0
    endloop
  endfacet
  facet normal 0.242919 0.970047 -0
    outer loop
      vertex 125.512 17.548 0
      vertex 125.274 17.6076 6
      vertex 125.512 17.548 6
    endloop
  endfacet
  facet normal 0.242919 0.970047 0
    outer loop
      vertex 125.274 17.6076 6
      vertex 125.512 17.548 0
      vertex 125.274 17.6076 0
    endloop
  endfacet
  facet normal 0.428807 0.903396 -0
    outer loop
      vertex 125.043 17.6903 0
      vertex 124.822 17.7952 6
      vertex 125.043 17.6903 6
    endloop
  endfacet
  facet normal 0.428807 0.903396 0
    outer loop
      vertex 124.822 17.7952 6
      vertex 125.043 17.6903 0
      vertex 124.822 17.7952 0
    endloop
  endfacet
  facet normal 0.942386 0.334527 0
    outer loop
      vertex 123.69 19.0433 6
      vertex 123.608 19.2743 0
      vertex 123.608 19.2743 6
    endloop
  endfacet
  facet normal 0.942386 0.334527 0
    outer loop
      vertex 123.608 19.2743 0
      vertex 123.69 19.0433 6
      vertex 123.69 19.0433 0
    endloop
  endfacet
  facet normal 0.989177 0.146726 0
    outer loop
      vertex 123.548 19.5123 6
      vertex 123.512 19.755 0
      vertex 123.512 19.755 6
    endloop
  endfacet
  facet normal 0.989177 0.146726 0
    outer loop
      vertex 123.512 19.755 0
      vertex 123.548 19.5123 6
      vertex 123.548 19.5123 0
    endloop
  endfacet
  facet normal 0.740493 0.672064 0
    outer loop
      vertex 124.232 18.2322 6
      vertex 124.067 18.414 0
      vertex 124.067 18.414 6
    endloop
  endfacet
  facet normal 0.740493 0.672064 0
    outer loop
      vertex 124.067 18.414 0
      vertex 124.232 18.2322 6
      vertex 124.232 18.2322 0
    endloop
  endfacet
  facet normal 0.857924 0.513776 0
    outer loop
      vertex 123.921 18.6111 6
      vertex 123.795 18.8215 0
      vertex 123.795 18.8215 6
    endloop
  endfacet
  facet normal 0.857924 0.513776 0
    outer loop
      vertex 123.795 18.8215 0
      vertex 123.921 18.6111 6
      vertex 123.921 18.6111 0
    endloop
  endfacet
  facet normal 0.670988 0.741468 -0
    outer loop
      vertex 124.414 18.0675 0
      vertex 124.232 18.2322 6
      vertex 124.414 18.0675 6
    endloop
  endfacet
  facet normal 0.670988 0.741468 0
    outer loop
      vertex 124.232 18.2322 6
      vertex 124.414 18.0675 0
      vertex 124.232 18.2322 0
    endloop
  endfacet
  facet normal -0.989177 -0.146726 0
    outer loop
      vertex 128.488 20.245 0
      vertex 128.452 20.4877 6
      vertex 128.452 20.4877 0
    endloop
  endfacet
  facet normal -0.989177 -0.146726 0
    outer loop
      vertex 128.452 20.4877 6
      vertex 128.488 20.245 0
      vertex 128.488 20.245 6
    endloop
  endfacet
  facet normal -0.0489209 -0.998803 0
    outer loop
      vertex 126 22.5 0
      vertex 126.245 22.488 6
      vertex 126 22.5 6
    endloop
  endfacet
  facet normal -0.0489209 -0.998803 -0
    outer loop
      vertex 126.245 22.488 6
      vertex 126 22.5 0
      vertex 126.245 22.488 0
    endloop
  endfacet
  facet normal 0.998803 -0.0489209 0
    outer loop
      vertex 123.5 20 6
      vertex 123.512 20.245 0
      vertex 123.512 20.245 6
    endloop
  endfacet
  facet normal 0.998803 -0.0489209 0
    outer loop
      vertex 123.512 20.245 0
      vertex 123.5 20 6
      vertex 123.5 20 0
    endloop
  endfacet
  facet normal -0.989177 0.146726 0
    outer loop
      vertex 128.452 19.5123 0
      vertex 128.488 19.755 6
      vertex 128.488 19.755 0
    endloop
  endfacet
  facet normal -0.989177 0.146726 0
    outer loop
      vertex 128.488 19.755 6
      vertex 128.452 19.5123 0
      vertex 128.452 19.5123 6
    endloop
  endfacet
  facet normal -0.428807 0.903396 0
    outer loop
      vertex 127.178 17.7952 0
      vertex 126.957 17.6903 6
      vertex 127.178 17.7952 6
    endloop
  endfacet
  facet normal -0.428807 0.903396 0
    outer loop
      vertex 126.957 17.6903 6
      vertex 127.178 17.7952 0
      vertex 126.957 17.6903 0
    endloop
  endfacet
  facet normal -0.595949 0.803023 0
    outer loop
      vertex 127.586 18.0675 0
      vertex 127.389 17.9213 6
      vertex 127.586 18.0675 6
    endloop
  endfacet
  facet normal -0.595949 0.803023 0
    outer loop
      vertex 127.389 17.9213 6
      vertex 127.586 18.0675 0
      vertex 127.389 17.9213 0
    endloop
  endfacet
  facet normal 0.146549 0.989203 -0
    outer loop
      vertex 125.755 17.512 0
      vertex 125.512 17.548 6
      vertex 125.755 17.512 6
    endloop
  endfacet
  facet normal 0.146549 0.989203 0
    outer loop
      vertex 125.512 17.548 6
      vertex 125.755 17.512 0
      vertex 125.512 17.548 0
    endloop
  endfacet
  facet normal 0.512999 0.858389 -0
    outer loop
      vertex 124.822 17.7952 0
      vertex 124.611 17.9213 6
      vertex 124.822 17.7952 6
    endloop
  endfacet
  facet normal 0.512999 0.858389 0
    outer loop
      vertex 124.611 17.9213 6
      vertex 124.822 17.7952 0
      vertex 124.611 17.9213 0
    endloop
  endfacet
  facet normal 0.903837 0.427876 0
    outer loop
      vertex 123.795 18.8215 6
      vertex 123.69 19.0433 0
      vertex 123.69 19.0433 6
    endloop
  endfacet
  facet normal 0.903837 0.427876 0
    outer loop
      vertex 123.69 19.0433 0
      vertex 123.795 18.8215 6
      vertex 123.795 18.8215 0
    endloop
  endfacet
  facet normal 0.803557 0.595228 0
    outer loop
      vertex 124.067 18.414 6
      vertex 123.921 18.6111 0
      vertex 123.921 18.6111 6
    endloop
  endfacet
  facet normal 0.803557 0.595228 0
    outer loop
      vertex 123.921 18.6111 0
      vertex 124.067 18.414 6
      vertex 124.067 18.414 0
    endloop
  endfacet
  facet normal -0.903837 0.427876 0
    outer loop
      vertex 128.205 18.8215 0
      vertex 128.31 19.0433 6
      vertex 128.31 19.0433 0
    endloop
  endfacet
  facet normal -0.903837 0.427876 0
    outer loop
      vertex 128.31 19.0433 6
      vertex 128.205 18.8215 0
      vertex 128.205 18.8215 6
    endloop
  endfacet
  facet normal -0.857924 0.513776 0
    outer loop
      vertex 128.079 18.6111 0
      vertex 128.205 18.8215 6
      vertex 128.205 18.8215 0
    endloop
  endfacet
  facet normal -0.857924 0.513776 0
    outer loop
      vertex 128.205 18.8215 6
      vertex 128.079 18.6111 0
      vertex 128.079 18.6111 6
    endloop
  endfacet
  facet normal -0.969661 0.244452 0
    outer loop
      vertex 144.392 19.2743 0
      vertex 144.452 19.5123 6
      vertex 144.452 19.5123 0
    endloop
  endfacet
  facet normal -0.969661 0.244452 0
    outer loop
      vertex 144.452 19.5123 6
      vertex 144.392 19.2743 0
      vertex 144.392 19.2743 6
    endloop
  endfacet
  facet normal -0.512999 -0.858389 0
    outer loop
      vertex 143.178 22.2048 0
      vertex 143.389 22.0787 6
      vertex 143.178 22.2048 6
    endloop
  endfacet
  facet normal -0.512999 -0.858389 -0
    outer loop
      vertex 143.389 22.0787 6
      vertex 143.178 22.2048 0
      vertex 143.389 22.0787 0
    endloop
  endfacet
  facet normal 0.428807 -0.903396 0
    outer loop
      vertex 140.822 22.2048 0
      vertex 141.043 22.3097 6
      vertex 140.822 22.2048 6
    endloop
  endfacet
  facet normal 0.428807 -0.903396 0
    outer loop
      vertex 141.043 22.3097 6
      vertex 140.822 22.2048 0
      vertex 141.043 22.3097 0
    endloop
  endfacet
  facet normal 0.942386 -0.334527 0
    outer loop
      vertex 139.608 20.7257 6
      vertex 139.69 20.9567 0
      vertex 139.69 20.9567 6
    endloop
  endfacet
  facet normal 0.942386 -0.334527 0
    outer loop
      vertex 139.69 20.9567 0
      vertex 139.608 20.7257 6
      vertex 139.608 20.7257 0
    endloop
  endfacet
  facet normal 0.857924 0.513776 0
    outer loop
      vertex 139.921 18.6111 6
      vertex 139.795 18.8215 0
      vertex 139.795 18.8215 6
    endloop
  endfacet
  facet normal 0.857924 0.513776 0
    outer loop
      vertex 139.795 18.8215 0
      vertex 139.921 18.6111 6
      vertex 139.921 18.6111 0
    endloop
  endfacet
  facet normal -0.969661 -0.244452 0
    outer loop
      vertex 144.452 20.4877 0
      vertex 144.392 20.7257 6
      vertex 144.392 20.7257 0
    endloop
  endfacet
  facet normal -0.969661 -0.244452 0
    outer loop
      vertex 144.392 20.7257 6
      vertex 144.452 20.4877 0
      vertex 144.452 20.4877 6
    endloop
  endfacet
  facet normal -0.942386 -0.334527 0
    outer loop
      vertex 144.392 20.7257 0
      vertex 144.31 20.9567 6
      vertex 144.31 20.9567 0
    endloop
  endfacet
  facet normal -0.942386 -0.334527 0
    outer loop
      vertex 144.31 20.9567 6
      vertex 144.392 20.7257 0
      vertex 144.392 20.7257 6
    endloop
  endfacet
  facet normal -0.740493 -0.672064 0
    outer loop
      vertex 143.933 21.586 0
      vertex 143.768 21.7678 6
      vertex 143.768 21.7678 0
    endloop
  endfacet
  facet normal -0.740493 -0.672064 0
    outer loop
      vertex 143.768 21.7678 6
      vertex 143.933 21.586 0
      vertex 143.933 21.586 6
    endloop
  endfacet
  facet normal -0.428807 -0.903396 0
    outer loop
      vertex 142.957 22.3097 0
      vertex 143.178 22.2048 6
      vertex 142.957 22.3097 6
    endloop
  endfacet
  facet normal -0.428807 -0.903396 -0
    outer loop
      vertex 143.178 22.2048 6
      vertex 142.957 22.3097 0
      vertex 143.178 22.2048 0
    endloop
  endfacet
  facet normal 0.998803 0.0489209 0
    outer loop
      vertex 139.512 19.755 6
      vertex 139.5 20 0
      vertex 139.5 20 6
    endloop
  endfacet
  facet normal 0.998803 0.0489209 0
    outer loop
      vertex 139.5 20 0
      vertex 139.512 19.755 6
      vertex 139.512 19.755 0
    endloop
  endfacet
  facet normal 0.670988 -0.741468 0
    outer loop
      vertex 140.232 21.7678 0
      vertex 140.414 21.9325 6
      vertex 140.232 21.7678 6
    endloop
  endfacet
  facet normal 0.670988 -0.741468 0
    outer loop
      vertex 140.414 21.9325 6
      vertex 140.232 21.7678 0
      vertex 140.414 21.9325 0
    endloop
  endfacet
  facet normal -0.337059 0.941483 0
    outer loop
      vertex 142.957 17.6903 0
      vertex 142.726 17.6076 6
      vertex 142.957 17.6903 6
    endloop
  endfacet
  facet normal -0.337059 0.941483 0
    outer loop
      vertex 142.726 17.6076 6
      vertex 142.957 17.6903 0
      vertex 142.726 17.6076 0
    endloop
  endfacet
  facet normal -0.740493 0.672064 0
    outer loop
      vertex 143.768 18.2322 0
      vertex 143.933 18.414 6
      vertex 143.933 18.414 0
    endloop
  endfacet
  facet normal -0.740493 0.672064 0
    outer loop
      vertex 143.933 18.414 6
      vertex 143.768 18.2322 0
      vertex 143.768 18.2322 6
    endloop
  endfacet
  facet normal -0.0489209 0.998803 0
    outer loop
      vertex 142.245 17.512 0
      vertex 142 17.5 6
      vertex 142.245 17.512 6
    endloop
  endfacet
  facet normal -0.0489209 0.998803 0
    outer loop
      vertex 142 17.5 6
      vertex 142.245 17.512 0
      vertex 142 17.5 0
    endloop
  endfacet
  facet normal 0.428807 0.903396 -0
    outer loop
      vertex 141.043 17.6903 0
      vertex 140.822 17.7952 6
      vertex 141.043 17.6903 6
    endloop
  endfacet
  facet normal 0.428807 0.903396 0
    outer loop
      vertex 140.822 17.7952 6
      vertex 141.043 17.6903 0
      vertex 140.822 17.7952 0
    endloop
  endfacet
  facet normal 0.512999 0.858389 -0
    outer loop
      vertex 140.822 17.7952 0
      vertex 140.611 17.9213 6
      vertex 140.822 17.7952 6
    endloop
  endfacet
  facet normal 0.512999 0.858389 0
    outer loop
      vertex 140.611 17.9213 6
      vertex 140.822 17.7952 0
      vertex 140.611 17.9213 0
    endloop
  endfacet
  facet normal -0.903837 -0.427876 0
    outer loop
      vertex 144.31 20.9567 0
      vertex 144.205 21.1785 6
      vertex 144.205 21.1785 0
    endloop
  endfacet
  facet normal -0.903837 -0.427876 0
    outer loop
      vertex 144.205 21.1785 6
      vertex 144.31 20.9567 0
      vertex 144.31 20.9567 6
    endloop
  endfacet
  facet normal -0.857924 -0.513776 0
    outer loop
      vertex 144.205 21.1785 0
      vertex 144.079 21.3889 6
      vertex 144.079 21.3889 0
    endloop
  endfacet
  facet normal -0.857924 -0.513776 0
    outer loop
      vertex 144.079 21.3889 6
      vertex 144.205 21.1785 0
      vertex 144.205 21.1785 6
    endloop
  endfacet
  facet normal -0.803557 -0.595228 0
    outer loop
      vertex 144.079 21.3889 0
      vertex 143.933 21.586 6
      vertex 143.933 21.586 0
    endloop
  endfacet
  facet normal -0.803557 -0.595228 0
    outer loop
      vertex 143.933 21.586 6
      vertex 144.079 21.3889 0
      vertex 144.079 21.3889 6
    endloop
  endfacet
  facet normal -0.670988 -0.741468 0
    outer loop
      vertex 143.586 21.9325 0
      vertex 143.768 21.7678 6
      vertex 143.586 21.9325 6
    endloop
  endfacet
  facet normal -0.670988 -0.741468 -0
    outer loop
      vertex 143.768 21.7678 6
      vertex 143.586 21.9325 0
      vertex 143.768 21.7678 0
    endloop
  endfacet
  facet normal 0.0489209 -0.998803 0
    outer loop
      vertex 141.755 22.488 0
      vertex 142 22.5 6
      vertex 141.755 22.488 6
    endloop
  endfacet
  facet normal 0.0489209 -0.998803 0
    outer loop
      vertex 142 22.5 6
      vertex 141.755 22.488 0
      vertex 142 22.5 0
    endloop
  endfacet
  facet normal -0.336698 -0.941613 0
    outer loop
      vertex 142.726 22.3923 0
      vertex 142.957 22.3097 6
      vertex 142.726 22.3923 6
    endloop
  endfacet
  facet normal -0.336698 -0.941613 -0
    outer loop
      vertex 142.957 22.3097 6
      vertex 142.726 22.3923 0
      vertex 142.957 22.3097 0
    endloop
  endfacet
  facet normal -0.146549 -0.989203 0
    outer loop
      vertex 142.245 22.488 0
      vertex 142.488 22.452 6
      vertex 142.245 22.488 6
    endloop
  endfacet
  facet normal -0.146549 -0.989203 -0
    outer loop
      vertex 142.488 22.452 6
      vertex 142.245 22.488 0
      vertex 142.488 22.452 0
    endloop
  endfacet
  facet normal 0.989177 -0.146726 0
    outer loop
      vertex 139.512 20.245 6
      vertex 139.548 20.4877 0
      vertex 139.548 20.4877 6
    endloop
  endfacet
  facet normal 0.989177 -0.146726 0
    outer loop
      vertex 139.548 20.4877 0
      vertex 139.512 20.245 6
      vertex 139.512 20.245 0
    endloop
  endfacet
  facet normal 0.803557 -0.595228 0
    outer loop
      vertex 139.921 21.3889 6
      vertex 140.067 21.586 0
      vertex 140.067 21.586 6
    endloop
  endfacet
  facet normal 0.803557 -0.595228 0
    outer loop
      vertex 140.067 21.586 0
      vertex 139.921 21.3889 6
      vertex 139.921 21.3889 0
    endloop
  endfacet
  facet normal 0.857924 -0.513776 0
    outer loop
      vertex 139.795 21.1785 6
      vertex 139.921 21.3889 0
      vertex 139.921 21.3889 6
    endloop
  endfacet
  facet normal 0.857924 -0.513776 0
    outer loop
      vertex 139.921 21.3889 0
      vertex 139.795 21.1785 6
      vertex 139.795 21.1785 0
    endloop
  endfacet
  facet normal 0.146549 -0.989203 0
    outer loop
      vertex 141.512 22.452 0
      vertex 141.755 22.488 6
      vertex 141.512 22.452 6
    endloop
  endfacet
  facet normal 0.146549 -0.989203 0
    outer loop
      vertex 141.755 22.488 6
      vertex 141.512 22.452 0
      vertex 141.755 22.488 0
    endloop
  endfacet
  facet normal 0.243303 -0.96995 0
    outer loop
      vertex 141.274 22.3923 0
      vertex 141.512 22.452 6
      vertex 141.274 22.3923 6
    endloop
  endfacet
  facet normal 0.243303 -0.96995 0
    outer loop
      vertex 141.512 22.452 6
      vertex 141.274 22.3923 0
      vertex 141.512 22.452 0
    endloop
  endfacet
  facet normal 0.512999 -0.858389 0
    outer loop
      vertex 140.611 22.0787 0
      vertex 140.822 22.2048 6
      vertex 140.611 22.0787 6
    endloop
  endfacet
  facet normal 0.512999 -0.858389 0
    outer loop
      vertex 140.822 22.2048 6
      vertex 140.611 22.0787 0
      vertex 140.822 22.2048 0
    endloop
  endfacet
  facet normal 0.595949 -0.803023 0
    outer loop
      vertex 140.414 21.9325 0
      vertex 140.611 22.0787 6
      vertex 140.414 21.9325 6
    endloop
  endfacet
  facet normal 0.595949 -0.803023 0
    outer loop
      vertex 140.611 22.0787 6
      vertex 140.414 21.9325 0
      vertex 140.611 22.0787 0
    endloop
  endfacet
  facet normal 0.740493 -0.672064 0
    outer loop
      vertex 140.067 21.586 6
      vertex 140.232 21.7678 0
      vertex 140.232 21.7678 6
    endloop
  endfacet
  facet normal 0.740493 -0.672064 0
    outer loop
      vertex 140.232 21.7678 0
      vertex 140.067 21.586 6
      vertex 140.067 21.586 0
    endloop
  endfacet
  facet normal -0.998803 -0.0489209 0
    outer loop
      vertex 144.5 20 0
      vertex 144.488 20.245 6
      vertex 144.488 20.245 0
    endloop
  endfacet
  facet normal -0.998803 -0.0489209 0
    outer loop
      vertex 144.488 20.245 6
      vertex 144.5 20 0
      vertex 144.5 20 6
    endloop
  endfacet
  facet normal -0.146549 0.989203 0
    outer loop
      vertex 142.488 17.548 0
      vertex 142.245 17.512 6
      vertex 142.488 17.548 6
    endloop
  endfacet
  facet normal -0.146549 0.989203 0
    outer loop
      vertex 142.245 17.512 6
      vertex 142.488 17.548 0
      vertex 142.245 17.512 0
    endloop
  endfacet
  facet normal -0.803557 0.595228 0
    outer loop
      vertex 143.933 18.414 0
      vertex 144.079 18.6111 6
      vertex 144.079 18.6111 0
    endloop
  endfacet
  facet normal -0.803557 0.595228 0
    outer loop
      vertex 144.079 18.6111 6
      vertex 143.933 18.414 0
      vertex 143.933 18.414 6
    endloop
  endfacet
  facet normal -0.242919 0.970047 0
    outer loop
      vertex 142.726 17.6076 0
      vertex 142.488 17.548 6
      vertex 142.726 17.6076 6
    endloop
  endfacet
  facet normal -0.242919 0.970047 0
    outer loop
      vertex 142.488 17.548 6
      vertex 142.726 17.6076 0
      vertex 142.488 17.548 0
    endloop
  endfacet
  facet normal -0.512999 0.858389 0
    outer loop
      vertex 143.389 17.9213 0
      vertex 143.178 17.7952 6
      vertex 143.389 17.9213 6
    endloop
  endfacet
  facet normal -0.512999 0.858389 0
    outer loop
      vertex 143.178 17.7952 6
      vertex 143.389 17.9213 0
      vertex 143.178 17.7952 0
    endloop
  endfacet
  facet normal -0.670988 0.741468 0
    outer loop
      vertex 143.768 18.2322 0
      vertex 143.586 18.0675 6
      vertex 143.768 18.2322 6
    endloop
  endfacet
  facet normal -0.670988 0.741468 0
    outer loop
      vertex 143.586 18.0675 6
      vertex 143.768 18.2322 0
      vertex 143.586 18.0675 0
    endloop
  endfacet
  facet normal -0.595949 0.803023 0
    outer loop
      vertex 143.586 18.0675 0
      vertex 143.389 17.9213 6
      vertex 143.586 18.0675 6
    endloop
  endfacet
  facet normal -0.595949 0.803023 0
    outer loop
      vertex 143.389 17.9213 6
      vertex 143.586 18.0675 0
      vertex 143.389 17.9213 0
    endloop
  endfacet
  facet normal 0.146549 0.989203 -0
    outer loop
      vertex 141.755 17.512 0
      vertex 141.512 17.548 6
      vertex 141.755 17.512 6
    endloop
  endfacet
  facet normal 0.146549 0.989203 0
    outer loop
      vertex 141.512 17.548 6
      vertex 141.755 17.512 0
      vertex 141.512 17.548 0
    endloop
  endfacet
  facet normal 0.242919 0.970047 -0
    outer loop
      vertex 141.512 17.548 0
      vertex 141.274 17.6076 6
      vertex 141.512 17.548 6
    endloop
  endfacet
  facet normal 0.242919 0.970047 0
    outer loop
      vertex 141.274 17.6076 6
      vertex 141.512 17.548 0
      vertex 141.274 17.6076 0
    endloop
  endfacet
  facet normal 0.0489209 0.998803 -0
    outer loop
      vertex 142 17.5 0
      vertex 141.755 17.512 6
      vertex 142 17.5 6
    endloop
  endfacet
  facet normal 0.0489209 0.998803 0
    outer loop
      vertex 141.755 17.512 6
      vertex 142 17.5 0
      vertex 141.755 17.512 0
    endloop
  endfacet
  facet normal 0.337059 0.941483 -0
    outer loop
      vertex 141.274 17.6076 0
      vertex 141.043 17.6903 6
      vertex 141.274 17.6076 6
    endloop
  endfacet
  facet normal 0.337059 0.941483 0
    outer loop
      vertex 141.043 17.6903 6
      vertex 141.274 17.6076 0
      vertex 141.043 17.6903 0
    endloop
  endfacet
  facet normal 0.595949 0.803023 -0
    outer loop
      vertex 140.611 17.9213 0
      vertex 140.414 18.0675 6
      vertex 140.611 17.9213 6
    endloop
  endfacet
  facet normal 0.595949 0.803023 0
    outer loop
      vertex 140.414 18.0675 6
      vertex 140.611 17.9213 0
      vertex 140.414 18.0675 0
    endloop
  endfacet
  facet normal 0.942386 0.334527 0
    outer loop
      vertex 139.69 19.0433 6
      vertex 139.608 19.2743 0
      vertex 139.608 19.2743 6
    endloop
  endfacet
  facet normal 0.942386 0.334527 0
    outer loop
      vertex 139.608 19.2743 0
      vertex 139.69 19.0433 6
      vertex 139.69 19.0433 0
    endloop
  endfacet
  facet normal 0.989177 0.146726 0
    outer loop
      vertex 139.548 19.5123 6
      vertex 139.512 19.755 0
      vertex 139.512 19.755 6
    endloop
  endfacet
  facet normal 0.989177 0.146726 0
    outer loop
      vertex 139.512 19.755 0
      vertex 139.548 19.5123 6
      vertex 139.548 19.5123 0
    endloop
  endfacet
  facet normal 0.740493 0.672064 0
    outer loop
      vertex 140.232 18.2322 6
      vertex 140.067 18.414 0
      vertex 140.067 18.414 6
    endloop
  endfacet
  facet normal 0.740493 0.672064 0
    outer loop
      vertex 140.067 18.414 0
      vertex 140.232 18.2322 6
      vertex 140.232 18.2322 0
    endloop
  endfacet
  facet normal 0.670988 0.741468 -0
    outer loop
      vertex 140.414 18.0675 0
      vertex 140.232 18.2322 6
      vertex 140.414 18.0675 6
    endloop
  endfacet
  facet normal 0.670988 0.741468 0
    outer loop
      vertex 140.232 18.2322 6
      vertex 140.414 18.0675 0
      vertex 140.232 18.2322 0
    endloop
  endfacet
  facet normal -0.989177 -0.146726 0
    outer loop
      vertex 144.488 20.245 0
      vertex 144.452 20.4877 6
      vertex 144.452 20.4877 0
    endloop
  endfacet
  facet normal -0.989177 -0.146726 0
    outer loop
      vertex 144.452 20.4877 6
      vertex 144.488 20.245 0
      vertex 144.488 20.245 6
    endloop
  endfacet
  facet normal -0.595949 -0.803023 0
    outer loop
      vertex 143.389 22.0787 0
      vertex 143.586 21.9325 6
      vertex 143.389 22.0787 6
    endloop
  endfacet
  facet normal -0.595949 -0.803023 -0
    outer loop
      vertex 143.586 21.9325 6
      vertex 143.389 22.0787 0
      vertex 143.586 21.9325 0
    endloop
  endfacet
  facet normal -0.0489209 -0.998803 0
    outer loop
      vertex 142 22.5 0
      vertex 142.245 22.488 6
      vertex 142 22.5 6
    endloop
  endfacet
  facet normal -0.0489209 -0.998803 -0
    outer loop
      vertex 142.245 22.488 6
      vertex 142 22.5 0
      vertex 142.245 22.488 0
    endloop
  endfacet
  facet normal -0.243303 -0.96995 0
    outer loop
      vertex 142.488 22.452 0
      vertex 142.726 22.3923 6
      vertex 142.488 22.452 6
    endloop
  endfacet
  facet normal -0.243303 -0.96995 -0
    outer loop
      vertex 142.726 22.3923 6
      vertex 142.488 22.452 0
      vertex 142.726 22.3923 0
    endloop
  endfacet
  facet normal 0.998803 -0.0489209 0
    outer loop
      vertex 139.5 20 6
      vertex 139.512 20.245 0
      vertex 139.512 20.245 6
    endloop
  endfacet
  facet normal 0.998803 -0.0489209 0
    outer loop
      vertex 139.512 20.245 0
      vertex 139.5 20 6
      vertex 139.5 20 0
    endloop
  endfacet
  facet normal 0.969661 -0.244452 0
    outer loop
      vertex 139.548 20.4877 6
      vertex 139.608 20.7257 0
      vertex 139.608 20.7257 6
    endloop
  endfacet
  facet normal 0.969661 -0.244452 0
    outer loop
      vertex 139.608 20.7257 0
      vertex 139.548 20.4877 6
      vertex 139.548 20.4877 0
    endloop
  endfacet
  facet normal 0.903837 -0.427876 0
    outer loop
      vertex 139.69 20.9567 6
      vertex 139.795 21.1785 0
      vertex 139.795 21.1785 6
    endloop
  endfacet
  facet normal 0.903837 -0.427876 0
    outer loop
      vertex 139.795 21.1785 0
      vertex 139.69 20.9567 6
      vertex 139.69 20.9567 0
    endloop
  endfacet
  facet normal 0.336698 -0.941613 0
    outer loop
      vertex 141.043 22.3097 0
      vertex 141.274 22.3923 6
      vertex 141.043 22.3097 6
    endloop
  endfacet
  facet normal 0.336698 -0.941613 0
    outer loop
      vertex 141.274 22.3923 6
      vertex 141.043 22.3097 0
      vertex 141.274 22.3923 0
    endloop
  endfacet
  facet normal -0.989177 0.146726 0
    outer loop
      vertex 144.452 19.5123 0
      vertex 144.488 19.755 6
      vertex 144.488 19.755 0
    endloop
  endfacet
  facet normal -0.989177 0.146726 0
    outer loop
      vertex 144.488 19.755 6
      vertex 144.452 19.5123 0
      vertex 144.452 19.5123 6
    endloop
  endfacet
  facet normal -0.998803 0.0489209 0
    outer loop
      vertex 144.488 19.755 0
      vertex 144.5 20 6
      vertex 144.5 20 0
    endloop
  endfacet
  facet normal -0.998803 0.0489209 0
    outer loop
      vertex 144.5 20 6
      vertex 144.488 19.755 0
      vertex 144.488 19.755 6
    endloop
  endfacet
  facet normal -0.428807 0.903396 0
    outer loop
      vertex 143.178 17.7952 0
      vertex 142.957 17.6903 6
      vertex 143.178 17.7952 6
    endloop
  endfacet
  facet normal -0.428807 0.903396 0
    outer loop
      vertex 142.957 17.6903 6
      vertex 143.178 17.7952 0
      vertex 142.957 17.6903 0
    endloop
  endfacet
  facet normal 0.969661 0.244452 0
    outer loop
      vertex 139.608 19.2743 6
      vertex 139.548 19.5123 0
      vertex 139.548 19.5123 6
    endloop
  endfacet
  facet normal 0.969661 0.244452 0
    outer loop
      vertex 139.548 19.5123 0
      vertex 139.608 19.2743 6
      vertex 139.608 19.2743 0
    endloop
  endfacet
  facet normal 0.903837 0.427876 0
    outer loop
      vertex 139.795 18.8215 6
      vertex 139.69 19.0433 0
      vertex 139.69 19.0433 6
    endloop
  endfacet
  facet normal 0.903837 0.427876 0
    outer loop
      vertex 139.69 19.0433 0
      vertex 139.795 18.8215 6
      vertex 139.795 18.8215 0
    endloop
  endfacet
  facet normal 0.803557 0.595228 0
    outer loop
      vertex 140.067 18.414 6
      vertex 139.921 18.6111 0
      vertex 139.921 18.6111 6
    endloop
  endfacet
  facet normal 0.803557 0.595228 0
    outer loop
      vertex 139.921 18.6111 0
      vertex 140.067 18.414 6
      vertex 140.067 18.414 0
    endloop
  endfacet
  facet normal -0.857924 0.513776 0
    outer loop
      vertex 144.079 18.6111 0
      vertex 144.205 18.8215 6
      vertex 144.205 18.8215 0
    endloop
  endfacet
  facet normal -0.857924 0.513776 0
    outer loop
      vertex 144.205 18.8215 6
      vertex 144.079 18.6111 0
      vertex 144.079 18.6111 6
    endloop
  endfacet
  facet normal -0.942386 0.334527 0
    outer loop
      vertex 144.31 19.0433 0
      vertex 144.392 19.2743 6
      vertex 144.392 19.2743 0
    endloop
  endfacet
  facet normal -0.942386 0.334527 0
    outer loop
      vertex 144.392 19.2743 6
      vertex 144.31 19.0433 0
      vertex 144.31 19.0433 6
    endloop
  endfacet
  facet normal -0.903837 0.427876 0
    outer loop
      vertex 144.205 18.8215 0
      vertex 144.31 19.0433 6
      vertex 144.31 19.0433 0
    endloop
  endfacet
  facet normal -0.903837 0.427876 0
    outer loop
      vertex 144.31 19.0433 6
      vertex 144.205 18.8215 0
      vertex 144.205 18.8215 6
    endloop
  endfacet
  facet normal 0.513373 -0.858166 0
    outer loop
      vertex 146.414 8.35423 0
      vertex 146.667 8.50558 6
      vertex 146.414 8.35423 6
    endloop
  endfacet
  facet normal 0.513373 -0.858166 0
    outer loop
      vertex 146.667 8.50558 6
      vertex 146.414 8.35423 0
      vertex 146.667 8.50558 0
    endloop
  endfacet
  facet normal 0.59649 -0.802621 0
    outer loop
      vertex 146.667 8.50558 0
      vertex 146.903 8.68097 6
      vertex 146.667 8.50558 6
    endloop
  endfacet
  facet normal 0.59649 -0.802621 0
    outer loop
      vertex 146.903 8.68097 6
      vertex 146.667 8.50558 0
      vertex 146.903 8.68097 0
    endloop
  endfacet
  facet normal 0.337094 -0.941471 0
    outer loop
      vertex 145.871 8.12918 0
      vertex 146.148 8.22836 6
      vertex 145.871 8.12918 6
    endloop
  endfacet
  facet normal 0.337094 -0.941471 0
    outer loop
      vertex 146.148 8.22836 6
      vertex 145.871 8.12918 0
      vertex 146.148 8.22836 0
    endloop
  endfacet
  facet normal 0.427726 -0.903909 0
    outer loop
      vertex 146.148 8.22836 0
      vertex 146.414 8.35423 6
      vertex 146.148 8.22836 6
    endloop
  endfacet
  facet normal 0.427726 -0.903909 0
    outer loop
      vertex 146.414 8.35423 6
      vertex 146.148 8.22836 0
      vertex 146.414 8.35423 0
    endloop
  endfacet
  facet normal 0 1 -0
    outer loop
      vertex 145 32 0
      vertex 123 32 6
      vertex 145 32 6
    endloop
  endfacet
  facet normal 0 1 0
    outer loop
      vertex 123 32 6
      vertex 145 32 0
      vertex 123 32 0
    endloop
  endfacet
  facet normal 0.0492599 0.998786 -0
    outer loop
      vertex 145.294 31.9855 0
      vertex 145 32 6
      vertex 145.294 31.9855 6
    endloop
  endfacet
  facet normal 0.0492599 0.998786 0
    outer loop
      vertex 145 32 6
      vertex 145.294 31.9855 0
      vertex 145 32 0
    endloop
  endfacet
  facet normal 0.242631 -0.970119 0
    outer loop
      vertex 145.585 8.05765 0
      vertex 145.871 8.12918 6
      vertex 145.585 8.05765 6
    endloop
  endfacet
  facet normal 0.242631 -0.970119 0
    outer loop
      vertex 145.871 8.12918 6
      vertex 145.585 8.05765 0
      vertex 145.871 8.12918 0
    endloop
  endfacet
  facet normal -0.337094 -0.941471 0
    outer loop
      vertex 121.852 8.22836 0
      vertex 122.129 8.12918 6
      vertex 121.852 8.22836 6
    endloop
  endfacet
  facet normal -0.337094 -0.941471 -0
    outer loop
      vertex 122.129 8.12918 6
      vertex 121.852 8.22836 0
      vertex 122.129 8.12918 0
    endloop
  endfacet
  facet normal 0.596512 0.802604 -0
    outer loop
      vertex 146.903 31.319 0
      vertex 146.667 31.4944 6
      vertex 146.903 31.319 6
    endloop
  endfacet
  facet normal 0.596512 0.802604 0
    outer loop
      vertex 146.667 31.4944 6
      vertex 146.903 31.319 0
      vertex 146.667 31.4944 0
    endloop
  endfacet
  facet normal -0.513498 0.858091 0
    outer loop
      vertex 121.586 31.6458 0
      vertex 121.333 31.4944 6
      vertex 121.586 31.6458 6
    endloop
  endfacet
  facet normal -0.513498 0.858091 0
    outer loop
      vertex 121.333 31.4944 6
      vertex 121.586 31.6458 0
      vertex 121.333 31.4944 0
    endloop
  endfacet
  facet normal -0.970442 0.241336 0
    outer loop
      vertex 120.058 29.5853 0
      vertex 120.129 29.8708 6
      vertex 120.129 29.8708 0
    endloop
  endfacet
  facet normal -0.970442 0.241336 0
    outer loop
      vertex 120.129 29.8708 6
      vertex 120.058 29.5853 0
      vertex 120.058 29.5853 6
    endloop
  endfacet
  facet normal 0.0490904 -0.998794 0
    outer loop
      vertex 145 8 0
      vertex 145.294 8.01445 6
      vertex 145 8 6
    endloop
  endfacet
  facet normal 0.0490904 -0.998794 0
    outer loop
      vertex 145.294 8.01445 6
      vertex 145 8 0
      vertex 145.294 8.01445 0
    endloop
  endfacet
  facet normal 0 -1 0
    outer loop
      vertex 123 8 0
      vertex 145 8 6
      vertex 123 8 6
    endloop
  endfacet
  facet normal 0 -1 -0
    outer loop
      vertex 145 8 6
      vertex 123 8 0
      vertex 145 8 0
    endloop
  endfacet
  facet normal 0 0 1
    outer loop
      vertex 145 32 6
      vertex 148 29 6
      vertex 147.986 29.2941 6
    endloop
  endfacet
  facet normal 0 0 1
    outer loop
      vertex 148 29 6
      vertex 144.5 20 6
      vertex 148 11 6
    endloop
  endfacet
  facet normal 0 0 1
    outer loop
      vertex 145 32 6
      vertex 147.986 29.2941 6
      vertex 147.942 29.5853 6
    endloop
  endfacet
  facet normal -0 0 1
    outer loop
      vertex 144.488 19.755 6
      vertex 148 11 6
      vertex 144.5 20 6
    endloop
  endfacet
  facet normal 0 0 1
    outer loop
      vertex 145 32 6
      vertex 147.942 29.5853 6
      vertex 147.871 29.8708 6
    endloop
  endfacet
  facet normal -0 0 1
    outer loop
      vertex 144.452 19.5123 6
      vertex 148 11 6
      vertex 144.488 19.755 6
    endloop
  endfacet
  facet normal 0 0 1
    outer loop
      vertex 145 32 6
      vertex 147.871 29.8708 6
      vertex 147.772 30.1481 6
    endloop
  endfacet
  facet normal -0 0 1
    outer loop
      vertex 144.392 19.2743 6
      vertex 148 11 6
      vertex 144.452 19.5123 6
    endloop
  endfacet
  facet normal 0 0 1
    outer loop
      vertex 145 32 6
      vertex 147.772 30.1481 6
      vertex 147.646 30.4142 6
    endloop
  endfacet
  facet normal -0 0 1
    outer loop
      vertex 144.31 19.0433 6
      vertex 148 11 6
      vertex 144.392 19.2743 6
    endloop
  endfacet
  facet normal 0 0 1
    outer loop
      vertex 145 32 6
      vertex 147.646 30.4142 6
      vertex 147.494 30.6667 6
    endloop
  endfacet
  facet normal -0 0 1
    outer loop
      vertex 144.205 18.8215 6
      vertex 148 11 6
      vertex 144.31 19.0433 6
    endloop
  endfacet
  facet normal 0 0 1
    outer loop
      vertex 145 32 6
      vertex 147.494 30.6667 6
      vertex 147.319 30.9032 6
    endloop
  endfacet
  facet normal -0 0 1
    outer loop
      vertex 144.079 18.6111 6
      vertex 148 11 6
      vertex 144.205 18.8215 6
    endloop
  endfacet
  facet normal 0 0 1
    outer loop
      vertex 145 32 6
      vertex 147.319 30.9032 6
      vertex 147.121 31.1213 6
    endloop
  endfacet
  facet normal -0 0 1
    outer loop
      vertex 143.933 18.414 6
      vertex 148 11 6
      vertex 144.079 18.6111 6
    endloop
  endfacet
  facet normal 0 0 1
    outer loop
      vertex 145 32 6
      vertex 147.121 31.1213 6
      vertex 146.903 31.319 6
    endloop
  endfacet
  facet normal -0 0 1
    outer loop
      vertex 143.768 18.2322 6
      vertex 148 11 6
      vertex 143.933 18.414 6
    endloop
  endfacet
  facet normal 0 0 1
    outer loop
      vertex 145 32 6
      vertex 146.903 31.319 6
      vertex 146.667 31.4944 6
    endloop
  endfacet
  facet normal -0 0 1
    outer loop
      vertex 143.586 18.0675 6
      vertex 148 11 6
      vertex 143.768 18.2322 6
    endloop
  endfacet
  facet normal 0 0 1
    outer loop
      vertex 145 32 6
      vertex 146.667 31.4944 6
      vertex 146.414 31.6458 6
    endloop
  endfacet
  facet normal -0 0 1
    outer loop
      vertex 143.389 17.9213 6
      vertex 148 11 6
      vertex 143.586 18.0675 6
    endloop
  endfacet
  facet normal 0 0 1
    outer loop
      vertex 145 32 6
      vertex 146.414 31.6458 6
      vertex 146.148 31.7716 6
    endloop
  endfacet
  facet normal -0 0 1
    outer loop
      vertex 143.178 17.7952 6
      vertex 148 11 6
      vertex 143.389 17.9213 6
    endloop
  endfacet
  facet normal 0 0 1
    outer loop
      vertex 145 32 6
      vertex 146.148 31.7716 6
      vertex 145.871 31.8708 6
    endloop
  endfacet
  facet normal -0 0 1
    outer loop
      vertex 142.957 17.6903 6
      vertex 148 11 6
      vertex 143.178 17.7952 6
    endloop
  endfacet
  facet normal 0 0 1
    outer loop
      vertex 145 32 6
      vertex 145.871 31.8708 6
      vertex 145.585 31.9424 6
    endloop
  endfacet
  facet normal -0 0 1
    outer loop
      vertex 142.726 17.6076 6
      vertex 148 11 6
      vertex 142.957 17.6903 6
    endloop
  endfacet
  facet normal 0 0 1
    outer loop
      vertex 145 32 6
      vertex 145.585 31.9424 6
      vertex 145.294 31.9855 6
    endloop
  endfacet
  facet normal -0 0 1
    outer loop
      vertex 142.488 17.548 6
      vertex 148 11 6
      vertex 142.726 17.6076 6
    endloop
  endfacet
  facet normal 0 0 1
    outer loop
      vertex 148 29 6
      vertex 145 32 6
      vertex 142.488 22.452 6
    endloop
  endfacet
  facet normal 0 -0 1
    outer loop
      vertex 145 8 6
      vertex 148 11 6
      vertex 142.488 17.548 6
    endloop
  endfacet
  facet normal 0 0 1
    outer loop
      vertex 148 11 6
      vertex 145 8 6
      vertex 147.986 10.7059 6
    endloop
  endfacet
  facet normal 0 0 1
    outer loop
      vertex 148 29 6
      vertex 144.488 20.245 6
      vertex 144.5 20 6
    endloop
  endfacet
  facet normal 0 0 1
    outer loop
      vertex 148 29 6
      vertex 144.452 20.4877 6
      vertex 144.488 20.245 6
    endloop
  endfacet
  facet normal 0 0 1
    outer loop
      vertex 148 29 6
      vertex 144.392 20.7257 6
      vertex 144.452 20.4877 6
    endloop
  endfacet
  facet normal 0 0 1
    outer loop
      vertex 148 29 6
      vertex 144.31 20.9567 6
      vertex 144.392 20.7257 6
    endloop
  endfacet
  facet normal 0 0 1
    outer loop
      vertex 148 29 6
      vertex 144.205 21.1785 6
      vertex 144.31 20.9567 6
    endloop
  endfacet
  facet normal 0 0 1
    outer loop
      vertex 148 29 6
      vertex 144.079 21.3889 6
      vertex 144.205 21.1785 6
    endloop
  endfacet
  facet normal 0 0 1
    outer loop
      vertex 148 29 6
      vertex 143.933 21.586 6
      vertex 144.079 21.3889 6
    endloop
  endfacet
  facet normal 0 0 1
    outer loop
      vertex 148 29 6
      vertex 143.768 21.7678 6
      vertex 143.933 21.586 6
    endloop
  endfacet
  facet normal 0 0 1
    outer loop
      vertex 148 29 6
      vertex 143.586 21.9325 6
      vertex 143.768 21.7678 6
    endloop
  endfacet
  facet normal 0 0 1
    outer loop
      vertex 148 29 6
      vertex 143.389 22.0787 6
      vertex 143.586 21.9325 6
    endloop
  endfacet
  facet normal 0 0 1
    outer loop
      vertex 148 29 6
      vertex 143.178 22.2048 6
      vertex 143.389 22.0787 6
    endloop
  endfacet
  facet normal 0 0 1
    outer loop
      vertex 148 29 6
      vertex 142.957 22.3097 6
      vertex 143.178 22.2048 6
    endloop
  endfacet
  facet normal 0 0 1
    outer loop
      vertex 148 29 6
      vertex 142.726 22.3923 6
      vertex 142.957 22.3097 6
    endloop
  endfacet
  facet normal 0 0 1
    outer loop
      vertex 148 29 6
      vertex 142.488 22.452 6
      vertex 142.726 22.3923 6
    endloop
  endfacet
  facet normal 0 0 1
    outer loop
      vertex 145 32 6
      vertex 142.245 22.488 6
      vertex 142.488 22.452 6
    endloop
  endfacet
  facet normal 0 0 1
    outer loop
      vertex 145 32 6
      vertex 142 22.5 6
      vertex 142.245 22.488 6
    endloop
  endfacet
  facet normal 0 0 1
    outer loop
      vertex 145 32 6
      vertex 141.755 22.488 6
      vertex 142 22.5 6
    endloop
  endfacet
  facet normal 0 0 1
    outer loop
      vertex 145 32 6
      vertex 141.512 22.452 6
      vertex 141.755 22.488 6
    endloop
  endfacet
  facet normal 0 0 1
    outer loop
      vertex 145 32 6
      vertex 141.274 22.3923 6
      vertex 141.512 22.452 6
    endloop
  endfacet
  facet normal -0 0 1
    outer loop
      vertex 136.222 23.3259 6
      vertex 141.274 22.3923 6
      vertex 145 32 6
    endloop
  endfacet
  facet normal -0 -0 1
    outer loop
      vertex 136.538 23.092 6
      vertex 141.274 22.3923 6
      vertex 136.222 23.3259 6
    endloop
  endfacet
  facet normal 0 0 1
    outer loop
      vertex 141.274 22.3923 6
      vertex 136.538 23.092 6
      vertex 141.043 22.3097 6
    endloop
  endfacet
  facet normal -0 -0 1
    outer loop
      vertex 136.828 22.8284 6
      vertex 141.043 22.3097 6
      vertex 136.538 23.092 6
    endloop
  endfacet
  facet normal 0 0 1
    outer loop
      vertex 140.822 22.2048 6
      vertex 136.828 22.8284 6
      vertex 140.611 22.0787 6
    endloop
  endfacet
  facet normal -0 -0 1
    outer loop
      vertex 137.092 22.5376 6
      vertex 140.611 22.0787 6
      vertex 136.828 22.8284 6
    endloop
  endfacet
  facet normal 0 0 1
    outer loop
      vertex 140.611 22.0787 6
      vertex 137.092 22.5376 6
      vertex 140.414 21.9325 6
    endloop
  endfacet
  facet normal 0 0 1
    outer loop
      vertex 140.414 21.9325 6
      vertex 137.326 22.2223 6
      vertex 140.232 21.7678 6
    endloop
  endfacet
  facet normal 0 0 1
    outer loop
      vertex 139.512 20.245 6
      vertex 138 20 6
      vertex 139.5 20 6
    endloop
  endfacet
  facet normal -0 0 1
    outer loop
      vertex 137.981 20.3921 6
      vertex 139.512 20.245 6
      vertex 139.548 20.4877 6
    endloop
  endfacet
  facet normal 0 0 1
    outer loop
      vertex 137.923 20.7804 6
      vertex 139.548 20.4877 6
      vertex 139.608 20.7257 6
    endloop
  endfacet
  facet normal -0 0 1
    outer loop
      vertex 137.923 20.7804 6
      vertex 139.608 20.7257 6
      vertex 139.69 20.9567 6
    endloop
  endfacet
  facet normal -0 0 1
    outer loop
      vertex 137.828 21.1611 6
      vertex 139.69 20.9567 6
      vertex 139.795 21.1785 6
    endloop
  endfacet
  facet normal -0 -0 1
    outer loop
      vertex 137.528 21.8856 6
      vertex 140.232 21.7678 6
      vertex 137.326 22.2223 6
    endloop
  endfacet
  facet normal 0 0 1
    outer loop
      vertex 139.512 20.245 6
      vertex 137.981 20.3921 6
      vertex 138 20 6
    endloop
  endfacet
  facet normal 0 0 1
    outer loop
      vertex 139.548 20.4877 6
      vertex 137.923 20.7804 6
      vertex 137.981 20.3921 6
    endloop
  endfacet
  facet normal 0 0 1
    outer loop
      vertex 139.69 20.9567 6
      vertex 137.828 21.1611 6
      vertex 137.923 20.7804 6
    endloop
  endfacet
  facet normal 0 0 1
    outer loop
      vertex 139.795 21.1785 6
      vertex 137.696 21.5307 6
      vertex 137.828 21.1611 6
    endloop
  endfacet
  facet normal 0 0 1
    outer loop
      vertex 139.921 21.3889 6
      vertex 137.696 21.5307 6
      vertex 139.795 21.1785 6
    endloop
  endfacet
  facet normal -0 -0 1
    outer loop
      vertex 137.696 21.5307 6
      vertex 139.921 21.3889 6
      vertex 137.528 21.8856 6
    endloop
  endfacet
  facet normal 0 0 1
    outer loop
      vertex 140.067 21.586 6
      vertex 137.528 21.8856 6
      vertex 139.921 21.3889 6
    endloop
  endfacet
  facet normal 0 0 1
    outer loop
      vertex 140.232 21.7678 6
      vertex 137.528 21.8856 6
      vertex 140.067 21.586 6
    endloop
  endfacet
  facet normal -0 -0 1
    outer loop
      vertex 137.326 22.2223 6
      vertex 140.414 21.9325 6
      vertex 137.092 22.5376 6
    endloop
  endfacet
  facet normal 0 0 1
    outer loop
      vertex 141.043 22.3097 6
      vertex 136.828 22.8284 6
      vertex 140.822 22.2048 6
    endloop
  endfacet
  facet normal 0 0 1
    outer loop
      vertex 145 32 6
      vertex 135.886 23.5277 6
      vertex 136.222 23.3259 6
    endloop
  endfacet
  facet normal 0 0 1
    outer loop
      vertex 145 32 6
      vertex 135.531 23.6955 6
      vertex 135.886 23.5277 6
    endloop
  endfacet
  facet normal 0 0 1
    outer loop
      vertex 145 32 6
      vertex 135.161 23.8278 6
      vertex 135.531 23.6955 6
    endloop
  endfacet
  facet normal 0 0 1
    outer loop
      vertex 145 32 6
      vertex 134.78 23.9231 6
      vertex 135.161 23.8278 6
    endloop
  endfacet
  facet normal 0 0 1
    outer loop
      vertex 145 32 6
      vertex 134.392 23.9807 6
      vertex 134.78 23.9231 6
    endloop
  endfacet
  facet normal 0 0 1
    outer loop
      vertex 145 32 6
      vertex 134 24 6
      vertex 134.392 23.9807 6
    endloop
  endfacet
  facet normal -0 0 1
    outer loop
      vertex 123 32 6
      vertex 134 24 6
      vertex 145 32 6
    endloop
  endfacet
  facet normal 0 0 1
    outer loop
      vertex 134 24 6
      vertex 123 32 6
      vertex 133.608 23.9807 6
    endloop
  endfacet
  facet normal 0 0 1
    outer loop
      vertex 133.608 23.9807 6
      vertex 123 32 6
      vertex 133.22 23.9231 6
    endloop
  endfacet
  facet normal 0 0 1
    outer loop
      vertex 133.22 23.9231 6
      vertex 123 32 6
      vertex 132.839 23.8278 6
    endloop
  endfacet
  facet normal 0 0 1
    outer loop
      vertex 132.839 23.8278 6
      vertex 123 32 6
      vertex 132.469 23.6955 6
    endloop
  endfacet
  facet normal 0 0 1
    outer loop
      vertex 132.469 23.6955 6
      vertex 123 32 6
      vertex 132.114 23.5277 6
    endloop
  endfacet
  facet normal -0 0 1
    outer loop
      vertex 128.488 20.245 6
      vertex 130 20 6
      vertex 130.019 20.3921 6
    endloop
  endfacet
  facet normal -0 0 1
    outer loop
      vertex 128.452 20.4877 6
      vertex 130.019 20.3921 6
      vertex 130.077 20.7804 6
    endloop
  endfacet
  facet normal -0 0 1
    outer loop
      vertex 128.31 20.9567 6
      vertex 130.077 20.7804 6
      vertex 130.172 21.1611 6
    endloop
  endfacet
  facet normal -0 0 1
    outer loop
      vertex 128.205 21.1785 6
      vertex 130.172 21.1611 6
      vertex 130.304 21.5307 6
    endloop
  endfacet
  facet normal 0 0 1
    outer loop
      vertex 128.079 21.3889 6
      vertex 130.304 21.5307 6
      vertex 130.472 21.8856 6
    endloop
  endfacet
  facet normal 0 0 1
    outer loop
      vertex 127.768 21.7678 6
      vertex 130.472 21.8856 6
      vertex 130.674 22.2223 6
    endloop
  endfacet
  facet normal 0 0 1
    outer loop
      vertex 127.586 21.9325 6
      vertex 130.674 22.2223 6
      vertex 130.908 22.5376 6
    endloop
  endfacet
  facet normal 0 0 1
    outer loop
      vertex 127.389 22.0787 6
      vertex 130.908 22.5376 6
      vertex 131.172 22.8284 6
    endloop
  endfacet
  facet normal 0 0 1
    outer loop
      vertex 130 20 6
      vertex 128.488 20.245 6
      vertex 128.5 20 6
    endloop
  endfacet
  facet normal 0 0 1
    outer loop
      vertex 130.019 20.3921 6
      vertex 128.452 20.4877 6
      vertex 128.488 20.245 6
    endloop
  endfacet
  facet normal 0 0 1
    outer loop
      vertex 126.957 22.3097 6
      vertex 131.172 22.8284 6
      vertex 131.462 23.092 6
    endloop
  endfacet
  facet normal 0 0 1
    outer loop
      vertex 130.077 20.7804 6
      vertex 128.392 20.7257 6
      vertex 128.452 20.4877 6
    endloop
  endfacet
  facet normal 0 0 1
    outer loop
      vertex 130.077 20.7804 6
      vertex 128.31 20.9567 6
      vertex 128.392 20.7257 6
    endloop
  endfacet
  facet normal 0 0 1
    outer loop
      vertex 126.726 22.3923 6
      vertex 131.462 23.092 6
      vertex 131.778 23.3259 6
    endloop
  endfacet
  facet normal 0 0 1
    outer loop
      vertex 130.172 21.1611 6
      vertex 128.205 21.1785 6
      vertex 128.31 20.9567 6
    endloop
  endfacet
  facet normal 0 0 1
    outer loop
      vertex 132.114 23.5277 6
      vertex 123 32 6
      vertex 131.778 23.3259 6
    endloop
  endfacet
  facet normal 0 0 1
    outer loop
      vertex 130.304 21.5307 6
      vertex 128.079 21.3889 6
      vertex 128.205 21.1785 6
    endloop
  endfacet
  facet normal 0 0 1
    outer loop
      vertex 130.472 21.8856 6
      vertex 127.933 21.586 6
      vertex 128.079 21.3889 6
    endloop
  endfacet
  facet normal 0 0 1
    outer loop
      vertex 130.472 21.8856 6
      vertex 127.768 21.7678 6
      vertex 127.933 21.586 6
    endloop
  endfacet
  facet normal 0 0 1
    outer loop
      vertex 130.674 22.2223 6
      vertex 127.586 21.9325 6
      vertex 127.768 21.7678 6
    endloop
  endfacet
  facet normal 0 0 1
    outer loop
      vertex 130.908 22.5376 6
      vertex 127.389 22.0787 6
      vertex 127.586 21.9325 6
    endloop
  endfacet
  facet normal 0 -0 1
    outer loop
      vertex 126.726 22.3923 6
      vertex 131.778 23.3259 6
      vertex 123 32 6
    endloop
  endfacet
  facet normal 0 0 1
    outer loop
      vertex 131.172 22.8284 6
      vertex 127.178 22.2048 6
      vertex 127.389 22.0787 6
    endloop
  endfacet
  facet normal 0 0 1
    outer loop
      vertex 131.172 22.8284 6
      vertex 126.957 22.3097 6
      vertex 127.178 22.2048 6
    endloop
  endfacet
  facet normal 0 0 1
    outer loop
      vertex 131.462 23.092 6
      vertex 126.726 22.3923 6
      vertex 126.957 22.3097 6
    endloop
  endfacet
  facet normal 0 0 1
    outer loop
      vertex 126.726 22.3923 6
      vertex 123 32 6
      vertex 126.488 22.452 6
    endloop
  endfacet
  facet normal 0 0 1
    outer loop
      vertex 126.488 22.452 6
      vertex 123 32 6
      vertex 126.245 22.488 6
    endloop
  endfacet
  facet normal 0 0 1
    outer loop
      vertex 126.245 22.488 6
      vertex 123 32 6
      vertex 126 22.5 6
    endloop
  endfacet
  facet normal 0 0 1
    outer loop
      vertex 126 22.5 6
      vertex 123 32 6
      vertex 125.755 22.488 6
    endloop
  endfacet
  facet normal 0 0 1
    outer loop
      vertex 125.755 22.488 6
      vertex 123 32 6
      vertex 125.512 22.452 6
    endloop
  endfacet
  facet normal -0 0 1
    outer loop
      vertex 120 29 6
      vertex 125.512 22.452 6
      vertex 123 32 6
    endloop
  endfacet
  facet normal 0 0 1
    outer loop
      vertex 125.512 22.452 6
      vertex 120 29 6
      vertex 125.274 22.3923 6
    endloop
  endfacet
  facet normal 0 0 1
    outer loop
      vertex 123.548 20.4877 6
      vertex 120 29 6
      vertex 123.512 20.245 6
    endloop
  endfacet
  facet normal 0 0 1
    outer loop
      vertex 123.608 20.7257 6
      vertex 120 29 6
      vertex 123.548 20.4877 6
    endloop
  endfacet
  facet normal 0 0 1
    outer loop
      vertex 123.69 20.9567 6
      vertex 120 29 6
      vertex 123.608 20.7257 6
    endloop
  endfacet
  facet normal 0 0 1
    outer loop
      vertex 123.795 21.1785 6
      vertex 120 29 6
      vertex 123.69 20.9567 6
    endloop
  endfacet
  facet normal 0 0 1
    outer loop
      vertex 123.921 21.3889 6
      vertex 120 29 6
      vertex 123.795 21.1785 6
    endloop
  endfacet
  facet normal 0 0 1
    outer loop
      vertex 124.067 21.586 6
      vertex 120 29 6
      vertex 123.921 21.3889 6
    endloop
  endfacet
  facet normal 0 0 1
    outer loop
      vertex 124.232 21.7678 6
      vertex 120 29 6
      vertex 124.067 21.586 6
    endloop
  endfacet
  facet normal 0 0 1
    outer loop
      vertex 124.414 21.9325 6
      vertex 120 29 6
      vertex 124.232 21.7678 6
    endloop
  endfacet
  facet normal 0 0 1
    outer loop
      vertex 124.611 22.0787 6
      vertex 120 29 6
      vertex 124.414 21.9325 6
    endloop
  endfacet
  facet normal 0 0 1
    outer loop
      vertex 124.822 22.2048 6
      vertex 120 29 6
      vertex 124.611 22.0787 6
    endloop
  endfacet
  facet normal 0 0 1
    outer loop
      vertex 125.043 22.3097 6
      vertex 120 29 6
      vertex 124.822 22.2048 6
    endloop
  endfacet
  facet normal 0 0 1
    outer loop
      vertex 125.274 22.3923 6
      vertex 120 29 6
      vertex 125.043 22.3097 6
    endloop
  endfacet
  facet normal 0 0 1
    outer loop
      vertex 147.986 10.7059 6
      vertex 145 8 6
      vertex 147.942 10.4147 6
    endloop
  endfacet
  facet normal 0 0 1
    outer loop
      vertex 147.871 10.1292 6
      vertex 145 8 6
      vertex 147.772 9.85194 6
    endloop
  endfacet
  facet normal 0 0 1
    outer loop
      vertex 147.772 9.85194 6
      vertex 145 8 6
      vertex 147.646 9.58582 6
    endloop
  endfacet
  facet normal 0 0 1
    outer loop
      vertex 147.646 9.58582 6
      vertex 145 8 6
      vertex 147.494 9.33328 6
    endloop
  endfacet
  facet normal 0 0 1
    outer loop
      vertex 147.494 9.33328 6
      vertex 145 8 6
      vertex 147.319 9.09682 6
    endloop
  endfacet
  facet normal 0 0 1
    outer loop
      vertex 147.319 9.09682 6
      vertex 145 8 6
      vertex 147.121 8.87868 6
    endloop
  endfacet
  facet normal 0 0 1
    outer loop
      vertex 147.121 8.87868 6
      vertex 145 8 6
      vertex 146.903 8.68097 6
    endloop
  endfacet
  facet normal 0 0 1
    outer loop
      vertex 146.667 8.50558 6
      vertex 145 8 6
      vertex 146.414 8.35423 6
    endloop
  endfacet
  facet normal 0 0 1
    outer loop
      vertex 146.414 8.35423 6
      vertex 145 8 6
      vertex 146.148 8.22836 6
    endloop
  endfacet
  facet normal 0 0 1
    outer loop
      vertex 146.148 8.22836 6
      vertex 145 8 6
      vertex 145.871 8.12918 6
    endloop
  endfacet
  facet normal 0 0 1
    outer loop
      vertex 145.871 8.12918 6
      vertex 145 8 6
      vertex 145.585 8.05765 6
    endloop
  endfacet
  facet normal 0 0 1
    outer loop
      vertex 145.585 8.05765 6
      vertex 145 8 6
      vertex 145.294 8.01445 6
    endloop
  endfacet
  facet normal 0 0 1
    outer loop
      vertex 146.903 8.68097 6
      vertex 145 8 6
      vertex 146.667 8.50558 6
    endloop
  endfacet
  facet normal 0 0 1
    outer loop
      vertex 147.942 10.4147 6
      vertex 145 8 6
      vertex 147.871 10.1292 6
    endloop
  endfacet
  facet normal -0 0 1
    outer loop
      vertex 142.245 17.512 6
      vertex 145 8 6
      vertex 142.488 17.548 6
    endloop
  endfacet
  facet normal -0 0 1
    outer loop
      vertex 142 17.5 6
      vertex 145 8 6
      vertex 142.245 17.512 6
    endloop
  endfacet
  facet normal 0 0 1
    outer loop
      vertex 141.755 17.512 6
      vertex 145 8 6
      vertex 142 17.5 6
    endloop
  endfacet
  facet normal 0 0 1
    outer loop
      vertex 141.512 17.548 6
      vertex 145 8 6
      vertex 141.755 17.512 6
    endloop
  endfacet
  facet normal 0 0 1
    outer loop
      vertex 141.274 17.6076 6
      vertex 145 8 6
      vertex 141.512 17.548 6
    endloop
  endfacet
  facet normal 0 0 1
    outer loop
      vertex 136.538 16.908 6
      vertex 141.274 17.6076 6
      vertex 141.043 17.6903 6
    endloop
  endfacet
  facet normal 0 0 1
    outer loop
      vertex 136.828 17.1716 6
      vertex 141.043 17.6903 6
      vertex 140.822 17.7952 6
    endloop
  endfacet
  facet normal 0 0 1
    outer loop
      vertex 136.828 17.1716 6
      vertex 140.822 17.7952 6
      vertex 140.611 17.9213 6
    endloop
  endfacet
  facet normal 0 0 1
    outer loop
      vertex 137.092 17.4624 6
      vertex 140.611 17.9213 6
      vertex 140.414 18.0675 6
    endloop
  endfacet
  facet normal 0 0 1
    outer loop
      vertex 137.326 17.7777 6
      vertex 140.414 18.0675 6
      vertex 140.232 18.2322 6
    endloop
  endfacet
  facet normal 0 0 1
    outer loop
      vertex 137.528 18.1144 6
      vertex 140.232 18.2322 6
      vertex 140.067 18.414 6
    endloop
  endfacet
  facet normal 0 0 1
    outer loop
      vertex 137.528 18.1144 6
      vertex 140.067 18.414 6
      vertex 139.921 18.6111 6
    endloop
  endfacet
  facet normal 0 0 1
    outer loop
      vertex 137.696 18.4693 6
      vertex 139.921 18.6111 6
      vertex 139.795 18.8215 6
    endloop
  endfacet
  facet normal -0 0 1
    outer loop
      vertex 138 20 6
      vertex 139.512 19.755 6
      vertex 139.5 20 6
    endloop
  endfacet
  facet normal 0 0 1
    outer loop
      vertex 137.981 19.6079 6
      vertex 139.512 19.755 6
      vertex 138 20 6
    endloop
  endfacet
  facet normal 0 0 1
    outer loop
      vertex 139.512 19.755 6
      vertex 137.981 19.6079 6
      vertex 139.548 19.5123 6
    endloop
  endfacet
  facet normal 0 0 1
    outer loop
      vertex 137.923 19.2196 6
      vertex 139.548 19.5123 6
      vertex 137.981 19.6079 6
    endloop
  endfacet
  facet normal 0 0 1
    outer loop
      vertex 139.548 19.5123 6
      vertex 137.923 19.2196 6
      vertex 139.608 19.2743 6
    endloop
  endfacet
  facet normal 0 0 1
    outer loop
      vertex 139.608 19.2743 6
      vertex 137.923 19.2196 6
      vertex 139.69 19.0433 6
    endloop
  endfacet
  facet normal 0 0 1
    outer loop
      vertex 137.828 18.8389 6
      vertex 139.69 19.0433 6
      vertex 137.923 19.2196 6
    endloop
  endfacet
  facet normal 0 0 1
    outer loop
      vertex 139.69 19.0433 6
      vertex 137.828 18.8389 6
      vertex 139.795 18.8215 6
    endloop
  endfacet
  facet normal 0 0 1
    outer loop
      vertex 137.696 18.4693 6
      vertex 139.795 18.8215 6
      vertex 137.828 18.8389 6
    endloop
  endfacet
  facet normal 0 0 1
    outer loop
      vertex 139.921 18.6111 6
      vertex 137.696 18.4693 6
      vertex 137.528 18.1144 6
    endloop
  endfacet
  facet normal 0 0 1
    outer loop
      vertex 140.232 18.2322 6
      vertex 137.528 18.1144 6
      vertex 137.326 17.7777 6
    endloop
  endfacet
  facet normal 0 0 1
    outer loop
      vertex 140.414 18.0675 6
      vertex 137.326 17.7777 6
      vertex 137.092 17.4624 6
    endloop
  endfacet
  facet normal 0 0 1
    outer loop
      vertex 140.611 17.9213 6
      vertex 137.092 17.4624 6
      vertex 136.828 17.1716 6
    endloop
  endfacet
  facet normal 0 0 1
    outer loop
      vertex 141.043 17.6903 6
      vertex 136.828 17.1716 6
      vertex 136.538 16.908 6
    endloop
  endfacet
  facet normal 0 0 1
    outer loop
      vertex 141.274 17.6076 6
      vertex 136.538 16.908 6
      vertex 136.222 16.6741 6
    endloop
  endfacet
  facet normal 0 0 1
    outer loop
      vertex 141.274 17.6076 6
      vertex 136.222 16.6741 6
      vertex 145 8 6
    endloop
  endfacet
  facet normal -0 0 1
    outer loop
      vertex 135.886 16.4723 6
      vertex 145 8 6
      vertex 136.222 16.6741 6
    endloop
  endfacet
  facet normal -0 0 1
    outer loop
      vertex 135.531 16.3045 6
      vertex 145 8 6
      vertex 135.886 16.4723 6
    endloop
  endfacet
  facet normal -0 0 1
    outer loop
      vertex 135.161 16.1722 6
      vertex 145 8 6
      vertex 135.531 16.3045 6
    endloop
  endfacet
  facet normal -0 0 1
    outer loop
      vertex 134.78 16.0769 6
      vertex 145 8 6
      vertex 135.161 16.1722 6
    endloop
  endfacet
  facet normal -0 0 1
    outer loop
      vertex 134.392 16.0193 6
      vertex 145 8 6
      vertex 134.78 16.0769 6
    endloop
  endfacet
  facet normal -0 0 1
    outer loop
      vertex 134 16 6
      vertex 145 8 6
      vertex 134.392 16.0193 6
    endloop
  endfacet
  facet normal 0 0 1
    outer loop
      vertex 123 8 6
      vertex 134 16 6
      vertex 133.608 16.0193 6
    endloop
  endfacet
  facet normal 0 0 1
    outer loop
      vertex 123 8 6
      vertex 133.608 16.0193 6
      vertex 133.22 16.0769 6
    endloop
  endfacet
  facet normal 0 0 1
    outer loop
      vertex 123 8 6
      vertex 133.22 16.0769 6
      vertex 132.839 16.1722 6
    endloop
  endfacet
  facet normal 0 0 1
    outer loop
      vertex 123 8 6
      vertex 132.839 16.1722 6
      vertex 132.469 16.3045 6
    endloop
  endfacet
  facet normal 0 0 1
    outer loop
      vertex 123 8 6
      vertex 132.469 16.3045 6
      vertex 132.114 16.4723 6
    endloop
  endfacet
  facet normal 0 0 1
    outer loop
      vertex 123 8 6
      vertex 132.114 16.4723 6
      vertex 131.778 16.6741 6
    endloop
  endfacet
  facet normal 0 0 1
    outer loop
      vertex 128.488 19.755 6
      vertex 130 20 6
      vertex 128.5 20 6
    endloop
  endfacet
  facet normal 0 0 1
    outer loop
      vertex 130 20 6
      vertex 128.488 19.755 6
      vertex 130.019 19.6079 6
    endloop
  endfacet
  facet normal 0 0 1
    outer loop
      vertex 128.452 19.5123 6
      vertex 130.019 19.6079 6
      vertex 128.488 19.755 6
    endloop
  endfacet
  facet normal 0 0 1
    outer loop
      vertex 130.019 19.6079 6
      vertex 128.452 19.5123 6
      vertex 130.077 19.2196 6
    endloop
  endfacet
  facet normal -0 0 1
    outer loop
      vertex 128.392 19.2743 6
      vertex 130.077 19.2196 6
      vertex 128.452 19.5123 6
    endloop
  endfacet
  facet normal 0 0 1
    outer loop
      vertex 128.31 19.0433 6
      vertex 130.077 19.2196 6
      vertex 128.392 19.2743 6
    endloop
  endfacet
  facet normal 0 0 1
    outer loop
      vertex 130.077 19.2196 6
      vertex 128.31 19.0433 6
      vertex 130.172 18.8389 6
    endloop
  endfacet
  facet normal 0 0 1
    outer loop
      vertex 128.205 18.8215 6
      vertex 130.172 18.8389 6
      vertex 128.31 19.0433 6
    endloop
  endfacet
  facet normal 0 0 1
    outer loop
      vertex 130.172 18.8389 6
      vertex 128.205 18.8215 6
      vertex 130.304 18.4693 6
    endloop
  endfacet
  facet normal -0 0 1
    outer loop
      vertex 128.079 18.6111 6
      vertex 130.304 18.4693 6
      vertex 128.205 18.8215 6
    endloop
  endfacet
  facet normal 0 0 1
    outer loop
      vertex 130.304 18.4693 6
      vertex 128.079 18.6111 6
      vertex 130.472 18.1144 6
    endloop
  endfacet
  facet normal -0 0 1
    outer loop
      vertex 127.933 18.414 6
      vertex 130.472 18.1144 6
      vertex 128.079 18.6111 6
    endloop
  endfacet
  facet normal -0 0 1
    outer loop
      vertex 127.768 18.2322 6
      vertex 130.472 18.1144 6
      vertex 127.933 18.414 6
    endloop
  endfacet
  facet normal 0 0 1
    outer loop
      vertex 130.472 18.1144 6
      vertex 127.768 18.2322 6
      vertex 130.674 17.7777 6
    endloop
  endfacet
  facet normal -0 0 1
    outer loop
      vertex 127.586 18.0675 6
      vertex 130.674 17.7777 6
      vertex 127.768 18.2322 6
    endloop
  endfacet
  facet normal 0 0 1
    outer loop
      vertex 130.674 17.7777 6
      vertex 127.586 18.0675 6
      vertex 130.908 17.4624 6
    endloop
  endfacet
  facet normal -0 0 1
    outer loop
      vertex 127.389 17.9213 6
      vertex 130.908 17.4624 6
      vertex 127.586 18.0675 6
    endloop
  endfacet
  facet normal 0 0 1
    outer loop
      vertex 130.908 17.4624 6
      vertex 127.389 17.9213 6
      vertex 131.172 17.1716 6
    endloop
  endfacet
  facet normal -0 0 1
    outer loop
      vertex 127.178 17.7952 6
      vertex 131.172 17.1716 6
      vertex 127.389 17.9213 6
    endloop
  endfacet
  facet normal -0 0 1
    outer loop
      vertex 126.957 17.6903 6
      vertex 131.172 17.1716 6
      vertex 127.178 17.7952 6
    endloop
  endfacet
  facet normal 0 0 1
    outer loop
      vertex 131.172 17.1716 6
      vertex 126.957 17.6903 6
      vertex 131.462 16.908 6
    endloop
  endfacet
  facet normal -0 0 1
    outer loop
      vertex 126.726 17.6076 6
      vertex 131.462 16.908 6
      vertex 126.957 17.6903 6
    endloop
  endfacet
  facet normal 0 0 1
    outer loop
      vertex 131.462 16.908 6
      vertex 126.726 17.6076 6
      vertex 131.778 16.6741 6
    endloop
  endfacet
  facet normal 0 0 1
    outer loop
      vertex 131.778 16.6741 6
      vertex 126.726 17.6076 6
      vertex 123 8 6
    endloop
  endfacet
  facet normal 0 0 1
    outer loop
      vertex 123 8 6
      vertex 126.726 17.6076 6
      vertex 126.488 17.548 6
    endloop
  endfacet
  facet normal 0 0 1
    outer loop
      vertex 123 8 6
      vertex 126.488 17.548 6
      vertex 126.245 17.512 6
    endloop
  endfacet
  facet normal 0 0 1
    outer loop
      vertex 123 8 6
      vertex 126.245 17.512 6
      vertex 126 17.5 6
    endloop
  endfacet
  facet normal 0 0 1
    outer loop
      vertex 123 8 6
      vertex 126 17.5 6
      vertex 125.755 17.512 6
    endloop
  endfacet
  facet normal 0 0 1
    outer loop
      vertex 123 8 6
      vertex 125.755 17.512 6
      vertex 125.512 17.548 6
    endloop
  endfacet
  facet normal 0 0 1
    outer loop
      vertex 120 11 6
      vertex 125.512 17.548 6
      vertex 125.274 17.6076 6
    endloop
  endfacet
  facet normal 0 0 1
    outer loop
      vertex 120 11 6
      vertex 125.274 17.6076 6
      vertex 125.043 17.6903 6
    endloop
  endfacet
  facet normal 0 0 1
    outer loop
      vertex 120 11 6
      vertex 125.043 17.6903 6
      vertex 124.822 17.7952 6
    endloop
  endfacet
  facet normal 0 0 1
    outer loop
      vertex 134 16 6
      vertex 123 8 6
      vertex 145 8 6
    endloop
  endfacet
  facet normal 0 0 1
    outer loop
      vertex 120 11 6
      vertex 124.822 17.7952 6
      vertex 124.611 17.9213 6
    endloop
  endfacet
  facet normal 0 0 1
    outer loop
      vertex 120 11 6
      vertex 124.611 17.9213 6
      vertex 124.414 18.0675 6
    endloop
  endfacet
  facet normal 0 0 1
    outer loop
      vertex 120 11 6
      vertex 124.414 18.0675 6
      vertex 124.232 18.2322 6
    endloop
  endfacet
  facet normal 0 0 1
    outer loop
      vertex 120 11 6
      vertex 124.232 18.2322 6
      vertex 124.067 18.414 6
    endloop
  endfacet
  facet normal 0 0 1
    outer loop
      vertex 120 11 6
      vertex 124.067 18.414 6
      vertex 123.921 18.6111 6
    endloop
  endfacet
  facet normal 0 0 1
    outer loop
      vertex 120 11 6
      vertex 123.921 18.6111 6
      vertex 123.795 18.8215 6
    endloop
  endfacet
  facet normal 0 0 1
    outer loop
      vertex 120 11 6
      vertex 123.795 18.8215 6
      vertex 123.69 19.0433 6
    endloop
  endfacet
  facet normal 0 0 1
    outer loop
      vertex 120 11 6
      vertex 123.69 19.0433 6
      vertex 123.608 19.2743 6
    endloop
  endfacet
  facet normal 0 0 1
    outer loop
      vertex 120 11 6
      vertex 123.608 19.2743 6
      vertex 123.548 19.5123 6
    endloop
  endfacet
  facet normal 0 0 1
    outer loop
      vertex 120 11 6
      vertex 123.548 19.5123 6
      vertex 123.512 19.755 6
    endloop
  endfacet
  facet normal 0 0 1
    outer loop
      vertex 120 11 6
      vertex 123.512 19.755 6
      vertex 123.5 20 6
    endloop
  endfacet
  facet normal 0 0 1
    outer loop
      vertex 123.512 20.245 6
      vertex 120 29 6
      vertex 123.5 20 6
    endloop
  endfacet
  facet normal 0 0 1
    outer loop
      vertex 120 29 6
      vertex 123 32 6
      vertex 122.706 31.9855 6
    endloop
  endfacet
  facet normal 0 0 1
    outer loop
      vertex 120 11 6
      vertex 123.5 20 6
      vertex 120 29 6
    endloop
  endfacet
  facet normal 0 0 1
    outer loop
      vertex 120 29 6
      vertex 122.706 31.9855 6
      vertex 122.415 31.9424 6
    endloop
  endfacet
  facet normal 0 0 1
    outer loop
      vertex 125.512 17.548 6
      vertex 120 11 6
      vertex 123 8 6
    endloop
  endfacet
  facet normal 0 0 1
    outer loop
      vertex 120 29 6
      vertex 122.415 31.9424 6
      vertex 122.129 31.8708 6
    endloop
  endfacet
  facet normal 0 0 1
    outer loop
      vertex 123 8 6
      vertex 120 11 6
      vertex 122.706 8.01445 6
    endloop
  endfacet
  facet normal 0 0 1
    outer loop
      vertex 120 29 6
      vertex 122.129 31.8708 6
      vertex 121.852 31.7716 6
    endloop
  endfacet
  facet normal 0 0 1
    outer loop
      vertex 122.706 8.01445 6
      vertex 120 11 6
      vertex 122.415 8.05765 6
    endloop
  endfacet
  facet normal 0 0 1
    outer loop
      vertex 120 29 6
      vertex 121.852 31.7716 6
      vertex 121.586 31.6458 6
    endloop
  endfacet
  facet normal 0 0 1
    outer loop
      vertex 122.415 8.05765 6
      vertex 120 11 6
      vertex 122.129 8.12918 6
    endloop
  endfacet
  facet normal 0 0 1
    outer loop
      vertex 120 29 6
      vertex 121.586 31.6458 6
      vertex 121.333 31.4944 6
    endloop
  endfacet
  facet normal 0 0 1
    outer loop
      vertex 122.129 8.12918 6
      vertex 120 11 6
      vertex 121.852 8.22836 6
    endloop
  endfacet
  facet normal 0 0 1
    outer loop
      vertex 120 29 6
      vertex 121.333 31.4944 6
      vertex 121.097 31.319 6
    endloop
  endfacet
  facet normal 0 0 1
    outer loop
      vertex 121.852 8.22836 6
      vertex 120 11 6
      vertex 121.586 8.35423 6
    endloop
  endfacet
  facet normal 0 0 1
    outer loop
      vertex 120 29 6
      vertex 121.097 31.319 6
      vertex 120.879 31.1213 6
    endloop
  endfacet
  facet normal 0 0 1
    outer loop
      vertex 121.586 8.35423 6
      vertex 120 11 6
      vertex 121.333 8.50558 6
    endloop
  endfacet
  facet normal 0 0 1
    outer loop
      vertex 120 29 6
      vertex 120.879 31.1213 6
      vertex 120.681 30.9032 6
    endloop
  endfacet
  facet normal 0 0 1
    outer loop
      vertex 121.333 8.50558 6
      vertex 120 11 6
      vertex 121.097 8.68097 6
    endloop
  endfacet
  facet normal 0 0 1
    outer loop
      vertex 120 29 6
      vertex 120.681 30.9032 6
      vertex 120.506 30.6667 6
    endloop
  endfacet
  facet normal 0 0 1
    outer loop
      vertex 121.097 8.68097 6
      vertex 120 11 6
      vertex 120.879 8.87868 6
    endloop
  endfacet
  facet normal 0 0 1
    outer loop
      vertex 120 29 6
      vertex 120.506 30.6667 6
      vertex 120.354 30.4142 6
    endloop
  endfacet
  facet normal 0 0 1
    outer loop
      vertex 120.879 8.87868 6
      vertex 120 11 6
      vertex 120.681 9.09682 6
    endloop
  endfacet
  facet normal 0 0 1
    outer loop
      vertex 120 29 6
      vertex 120.354 30.4142 6
      vertex 120.228 30.1481 6
    endloop
  endfacet
  facet normal 0 0 1
    outer loop
      vertex 120.681 9.09682 6
      vertex 120 11 6
      vertex 120.506 9.33328 6
    endloop
  endfacet
  facet normal 0 0 1
    outer loop
      vertex 120 29 6
      vertex 120.228 30.1481 6
      vertex 120.129 29.8708 6
    endloop
  endfacet
  facet normal 0 0 1
    outer loop
      vertex 120.506 9.33328 6
      vertex 120 11 6
      vertex 120.354 9.58582 6
    endloop
  endfacet
  facet normal 0 0 1
    outer loop
      vertex 120 29 6
      vertex 120.129 29.8708 6
      vertex 120.058 29.5853 6
    endloop
  endfacet
  facet normal 0 0 1
    outer loop
      vertex 120.354 9.58582 6
      vertex 120 11 6
      vertex 120.228 9.85194 6
    endloop
  endfacet
  facet normal 0 0 1
    outer loop
      vertex 120 29 6
      vertex 120.058 29.5853 6
      vertex 120.014 29.2941 6
    endloop
  endfacet
  facet normal 0 0 1
    outer loop
      vertex 120.228 9.85194 6
      vertex 120 11 6
      vertex 120.129 10.1292 6
    endloop
  endfacet
  facet normal 0 0 1
    outer loop
      vertex 120.129 10.1292 6
      vertex 120 11 6
      vertex 120.058 10.4147 6
    endloop
  endfacet
  facet normal 0 0 1
    outer loop
      vertex 120.058 10.4147 6
      vertex 120 11 6
      vertex 120.014 10.7059 6
    endloop
  endfacet
  facet normal -0.513373 -0.858166 0
    outer loop
      vertex 121.333 8.50558 0
      vertex 121.586 8.35423 6
      vertex 121.333 8.50558 6
    endloop
  endfacet
  facet normal -0.513373 -0.858166 -0
    outer loop
      vertex 121.586 8.35423 6
      vertex 121.333 8.50558 0
      vertex 121.586 8.35423 0
    endloop
  endfacet
  facet normal -0.0490904 -0.998794 0
    outer loop
      vertex 122.706 8.01445 0
      vertex 123 8 6
      vertex 122.706 8.01445 6
    endloop
  endfacet
  facet normal -0.0490904 -0.998794 -0
    outer loop
      vertex 123 8 6
      vertex 122.706 8.01445 0
      vertex 123 8 0
    endloop
  endfacet
  facet normal 1 -0 0
    outer loop
      vertex 148 11 6
      vertex 148 29 0
      vertex 148 29 6
    endloop
  endfacet
  facet normal 1 0 0
    outer loop
      vertex 148 29 0
      vertex 148 11 6
      vertex 148 11 0
    endloop
  endfacet
  facet normal 0.337154 0.941449 -0
    outer loop
      vertex 146.148 31.7716 0
      vertex 145.871 31.8708 6
      vertex 146.148 31.7716 6
    endloop
  endfacet
  facet normal 0.337154 0.941449 0
    outer loop
      vertex 145.871 31.8708 6
      vertex 146.148 31.7716 0
      vertex 145.871 31.8708 0
    endloop
  endfacet
  facet normal -0.803858 0.594821 0
    outer loop
      vertex 120.506 30.6667 0
      vertex 120.681 30.9032 6
      vertex 120.681 30.9032 0
    endloop
  endfacet
  facet normal -0.803858 0.594821 0
    outer loop
      vertex 120.681 30.9032 6
      vertex 120.506 30.6667 0
      vertex 120.506 30.6667 6
    endloop
  endfacet
  facet normal 0.146844 -0.98916 0
    outer loop
      vertex 145.294 8.01445 0
      vertex 145.585 8.05765 6
      vertex 145.294 8.01445 6
    endloop
  endfacet
  facet normal 0.146844 -0.98916 0
    outer loop
      vertex 145.585 8.05765 6
      vertex 145.294 8.01445 0
      vertex 145.585 8.05765 0
    endloop
  endfacet
  facet normal -1 0 0
    outer loop
      vertex 120 11 0
      vertex 120 29 6
      vertex 120 29 0
    endloop
  endfacet
  facet normal -1 -0 0
    outer loop
      vertex 120 29 6
      vertex 120 11 0
      vertex 120 11 6
    endloop
  endfacet
  facet normal -0.146844 -0.98916 0
    outer loop
      vertex 122.415 8.05765 0
      vertex 122.706 8.01445 6
      vertex 122.415 8.05765 6
    endloop
  endfacet
  facet normal -0.146844 -0.98916 -0
    outer loop
      vertex 122.706 8.01445 6
      vertex 122.415 8.05765 0
      vertex 122.706 8.01445 0
    endloop
  endfacet
  facet normal -0.242631 -0.970119 0
    outer loop
      vertex 122.129 8.12918 0
      vertex 122.415 8.05765 6
      vertex 122.129 8.12918 6
    endloop
  endfacet
  facet normal -0.242631 -0.970119 -0
    outer loop
      vertex 122.415 8.05765 6
      vertex 122.129 8.12918 0
      vertex 122.415 8.05765 0
    endloop
  endfacet
  facet normal -0.427531 0.904001 0
    outer loop
      vertex 121.852 31.7716 0
      vertex 121.586 31.6458 6
      vertex 121.852 31.7716 6
    endloop
  endfacet
  facet normal -0.427531 0.904001 0
    outer loop
      vertex 121.586 31.6458 6
      vertex 121.852 31.7716 0
      vertex 121.586 31.6458 0
    endloop
  endfacet
  facet normal -0.337154 0.941449 0
    outer loop
      vertex 122.129 31.8708 0
      vertex 121.852 31.7716 6
      vertex 122.129 31.8708 6
    endloop
  endfacet
  facet normal -0.337154 0.941449 0
    outer loop
      vertex 121.852 31.7716 6
      vertex 122.129 31.8708 0
      vertex 121.852 31.7716 0
    endloop
  endfacet
  facet normal 0.903813 -0.427929 0
    outer loop
      vertex 147.646 9.58582 6
      vertex 147.772 9.85194 0
      vertex 147.772 9.85194 6
    endloop
  endfacet
  facet normal 0.903813 -0.427929 0
    outer loop
      vertex 147.772 9.85194 0
      vertex 147.646 9.58582 6
      vertex 147.646 9.58582 0
    endloop
  endfacet
  facet normal 0.80381 -0.594886 0
    outer loop
      vertex 147.319 9.09682 6
      vertex 147.494 9.33328 0
      vertex 147.494 9.33328 6
    endloop
  endfacet
  facet normal 0.80381 -0.594886 0
    outer loop
      vertex 147.494 9.33328 0
      vertex 147.319 9.09682 6
      vertex 147.319 9.09682 0
    endloop
  endfacet
  facet normal 0.146512 0.989209 -0
    outer loop
      vertex 145.585 31.9424 0
      vertex 145.294 31.9855 6
      vertex 145.585 31.9424 6
    endloop
  endfacet
  facet normal 0.146512 0.989209 0
    outer loop
      vertex 145.294 31.9855 6
      vertex 145.585 31.9424 0
      vertex 145.294 31.9855 0
    endloop
  endfacet
  facet normal 0.242855 0.970063 -0
    outer loop
      vertex 145.871 31.8708 0
      vertex 145.585 31.9424 6
      vertex 145.871 31.8708 6
    endloop
  endfacet
  facet normal 0.242855 0.970063 0
    outer loop
      vertex 145.585 31.9424 6
      vertex 145.871 31.8708 0
      vertex 145.585 31.9424 0
    endloop
  endfacet
  facet normal 0.513498 0.858091 -0
    outer loop
      vertex 146.667 31.4944 0
      vertex 146.414 31.6458 6
      vertex 146.667 31.4944 6
    endloop
  endfacet
  facet normal 0.513498 0.858091 0
    outer loop
      vertex 146.414 31.6458 6
      vertex 146.667 31.4944 0
      vertex 146.414 31.6458 0
    endloop
  endfacet
  facet normal 0.671776 0.740754 -0
    outer loop
      vertex 147.121 31.1213 0
      vertex 146.903 31.319 6
      vertex 147.121 31.1213 6
    endloop
  endfacet
  facet normal 0.671776 0.740754 0
    outer loop
      vertex 146.903 31.319 6
      vertex 147.121 31.1213 0
      vertex 146.903 31.319 0
    endloop
  endfacet
  facet normal 0.427531 0.904001 -0
    outer loop
      vertex 146.414 31.6458 0
      vertex 146.148 31.7716 6
      vertex 146.414 31.6458 6
    endloop
  endfacet
  facet normal 0.427531 0.904001 0
    outer loop
      vertex 146.148 31.7716 6
      vertex 146.414 31.6458 0
      vertex 146.148 31.7716 0
    endloop
  endfacet
  facet normal -0.671776 0.740754 0
    outer loop
      vertex 121.097 31.319 0
      vertex 120.879 31.1213 6
      vertex 121.097 31.319 6
    endloop
  endfacet
  facet normal -0.671776 0.740754 0
    outer loop
      vertex 120.879 31.1213 6
      vertex 121.097 31.319 0
      vertex 120.879 31.1213 0
    endloop
  endfacet
  facet normal -0.94178 0.336229 0
    outer loop
      vertex 120.129 29.8708 0
      vertex 120.228 30.1481 6
      vertex 120.228 30.1481 0
    endloop
  endfacet
  facet normal -0.94178 0.336229 0
    outer loop
      vertex 120.228 30.1481 6
      vertex 120.129 29.8708 0
      vertex 120.129 29.8708 6
    endloop
  endfacet
  facet normal -0.998869 0.047549 0
    outer loop
      vertex 120 29 0
      vertex 120.014 29.2941 6
      vertex 120.014 29.2941 0
    endloop
  endfacet
  facet normal -0.998869 0.047549 0
    outer loop
      vertex 120.014 29.2941 6
      vertex 120 29 0
      vertex 120 29 6
    endloop
  endfacet
  facet normal -0.988776 0.149403 0
    outer loop
      vertex 120.014 29.2941 0
      vertex 120.058 29.5853 6
      vertex 120.058 29.5853 0
    endloop
  endfacet
  facet normal -0.988776 0.149403 0
    outer loop
      vertex 120.058 29.5853 6
      vertex 120.014 29.2941 0
      vertex 120.014 29.2941 6
    endloop
  endfacet
  facet normal -0.671795 -0.740738 0
    outer loop
      vertex 120.879 8.87868 0
      vertex 121.097 8.68097 6
      vertex 120.879 8.87868 6
    endloop
  endfacet
  facet normal -0.671795 -0.740738 -0
    outer loop
      vertex 121.097 8.68097 6
      vertex 120.879 8.87868 0
      vertex 121.097 8.68097 0
    endloop
  endfacet
  facet normal -0.59649 -0.802621 0
    outer loop
      vertex 121.097 8.68097 0
      vertex 121.333 8.50558 6
      vertex 121.097 8.68097 6
    endloop
  endfacet
  facet normal -0.59649 -0.802621 -0
    outer loop
      vertex 121.333 8.50558 6
      vertex 121.097 8.68097 0
      vertex 121.333 8.50558 0
    endloop
  endfacet
  facet normal -0.427726 -0.903909 0
    outer loop
      vertex 121.586 8.35423 0
      vertex 121.852 8.22836 6
      vertex 121.586 8.35423 6
    endloop
  endfacet
  facet normal -0.427726 -0.903909 -0
    outer loop
      vertex 121.852 8.22836 6
      vertex 121.586 8.35423 0
      vertex 121.852 8.22836 0
    endloop
  endfacet
  facet normal -0.242855 0.970063 0
    outer loop
      vertex 122.415 31.9424 0
      vertex 122.129 31.8708 6
      vertex 122.415 31.9424 6
    endloop
  endfacet
  facet normal -0.242855 0.970063 0
    outer loop
      vertex 122.129 31.8708 6
      vertex 122.415 31.9424 0
      vertex 122.129 31.8708 0
    endloop
  endfacet
  facet normal -0.146512 0.989209 0
    outer loop
      vertex 122.706 31.9855 0
      vertex 122.415 31.9424 6
      vertex 122.706 31.9855 6
    endloop
  endfacet
  facet normal -0.146512 0.989209 0
    outer loop
      vertex 122.415 31.9424 6
      vertex 122.706 31.9855 0
      vertex 122.415 31.9424 0
    endloop
  endfacet
  facet normal 0.85678 -0.515683 0
    outer loop
      vertex 147.494 9.33328 6
      vertex 147.646 9.58582 0
      vertex 147.646 9.58582 6
    endloop
  endfacet
  facet normal 0.85678 -0.515683 0
    outer loop
      vertex 147.646 9.58582 0
      vertex 147.494 9.33328 6
      vertex 147.494 9.33328 0
    endloop
  endfacet
  facet normal 0.970442 -0.241336 0
    outer loop
      vertex 147.871 10.1292 6
      vertex 147.942 10.4147 0
      vertex 147.942 10.4147 6
    endloop
  endfacet
  facet normal 0.970442 -0.241336 0
    outer loop
      vertex 147.942 10.4147 0
      vertex 147.871 10.1292 6
      vertex 147.871 10.1292 0
    endloop
  endfacet
  facet normal -0.596512 0.802604 0
    outer loop
      vertex 121.333 31.4944 0
      vertex 121.097 31.319 6
      vertex 121.333 31.4944 6
    endloop
  endfacet
  facet normal -0.596512 0.802604 0
    outer loop
      vertex 121.097 31.319 6
      vertex 121.333 31.4944 0
      vertex 121.097 31.319 0
    endloop
  endfacet
  facet normal -0.740401 0.672166 0
    outer loop
      vertex 120.681 30.9032 0
      vertex 120.879 31.1213 6
      vertex 120.879 31.1213 0
    endloop
  endfacet
  facet normal -0.740401 0.672166 0
    outer loop
      vertex 120.879 31.1213 6
      vertex 120.681 30.9032 0
      vertex 120.681 30.9032 6
    endloop
  endfacet
  facet normal -0.80381 -0.594886 0
    outer loop
      vertex 120.681 9.09682 0
      vertex 120.506 9.33328 6
      vertex 120.506 9.33328 0
    endloop
  endfacet
  facet normal -0.80381 -0.594886 0
    outer loop
      vertex 120.506 9.33328 6
      vertex 120.681 9.09682 0
      vertex 120.681 9.09682 6
    endloop
  endfacet
  facet normal -0.941765 -0.336272 0
    outer loop
      vertex 120.228 9.85194 0
      vertex 120.129 10.1292 6
      vertex 120.129 10.1292 0
    endloop
  endfacet
  facet normal -0.941765 -0.336272 0
    outer loop
      vertex 120.129 10.1292 6
      vertex 120.228 9.85194 0
      vertex 120.228 9.85194 6
    endloop
  endfacet
  facet normal 0 0 -1
    outer loop
      vertex 145 8 0
      vertex 148 11 0
      vertex 147.986 10.7059 0
    endloop
  endfacet
  facet normal 0 0 -1
    outer loop
      vertex 148 11 0
      vertex 144.5 20 0
      vertex 148 29 0
    endloop
  endfacet
  facet normal 0 0 -1
    outer loop
      vertex 145 8 0
      vertex 147.986 10.7059 0
      vertex 147.942 10.4147 0
    endloop
  endfacet
  facet normal 0 0 -1
    outer loop
      vertex 144.488 20.245 0
      vertex 148 29 0
      vertex 144.5 20 0
    endloop
  endfacet
  facet normal 0 0 -1
    outer loop
      vertex 145 8 0
      vertex 147.942 10.4147 0
      vertex 147.871 10.1292 0
    endloop
  endfacet
  facet normal 0 0 -1
    outer loop
      vertex 144.452 20.4877 0
      vertex 148 29 0
      vertex 144.488 20.245 0
    endloop
  endfacet
  facet normal 0 0 -1
    outer loop
      vertex 145 8 0
      vertex 147.871 10.1292 0
      vertex 147.772 9.85194 0
    endloop
  endfacet
  facet normal 0 0 -1
    outer loop
      vertex 144.392 20.7257 0
      vertex 148 29 0
      vertex 144.452 20.4877 0
    endloop
  endfacet
  facet normal 0 0 -1
    outer loop
      vertex 145 8 0
      vertex 147.772 9.85194 0
      vertex 147.646 9.58582 0
    endloop
  endfacet
  facet normal 0 0 -1
    outer loop
      vertex 144.31 20.9567 0
      vertex 148 29 0
      vertex 144.392 20.7257 0
    endloop
  endfacet
  facet normal 0 0 -1
    outer loop
      vertex 145 8 0
      vertex 147.646 9.58582 0
      vertex 147.494 9.33328 0
    endloop
  endfacet
  facet normal 0 0 -1
    outer loop
      vertex 144.205 21.1785 0
      vertex 148 29 0
      vertex 144.31 20.9567 0
    endloop
  endfacet
  facet normal 0 0 -1
    outer loop
      vertex 145 8 0
      vertex 147.494 9.33328 0
      vertex 147.319 9.09682 0
    endloop
  endfacet
  facet normal 0 0 -1
    outer loop
      vertex 144.079 21.3889 0
      vertex 148 29 0
      vertex 144.205 21.1785 0
    endloop
  endfacet
  facet normal 0 0 -1
    outer loop
      vertex 145 8 0
      vertex 147.319 9.09682 0
      vertex 147.121 8.87868 0
    endloop
  endfacet
  facet normal 0 0 -1
    outer loop
      vertex 143.933 21.586 0
      vertex 148 29 0
      vertex 144.079 21.3889 0
    endloop
  endfacet
  facet normal 0 0 -1
    outer loop
      vertex 145 8 0
      vertex 147.121 8.87868 0
      vertex 146.903 8.68097 0
    endloop
  endfacet
  facet normal 0 0 -1
    outer loop
      vertex 143.768 21.7678 0
      vertex 148 29 0
      vertex 143.933 21.586 0
    endloop
  endfacet
  facet normal 0 0 -1
    outer loop
      vertex 145 8 0
      vertex 146.903 8.68097 0
      vertex 146.667 8.50558 0
    endloop
  endfacet
  facet normal 0 0 -1
    outer loop
      vertex 143.586 21.9325 0
      vertex 148 29 0
      vertex 143.768 21.7678 0
    endloop
  endfacet
  facet normal 0 0 -1
    outer loop
      vertex 145 8 0
      vertex 146.667 8.50558 0
      vertex 146.414 8.35423 0
    endloop
  endfacet
  facet normal 0 0 -1
    outer loop
      vertex 143.389 22.0787 0
      vertex 148 29 0
      vertex 143.586 21.9325 0
    endloop
  endfacet
  facet normal 0 0 -1
    outer loop
      vertex 145 8 0
      vertex 146.414 8.35423 0
      vertex 146.148 8.22836 0
    endloop
  endfacet
  facet normal 0 0 -1
    outer loop
      vertex 143.178 22.2048 0
      vertex 148 29 0
      vertex 143.389 22.0787 0
    endloop
  endfacet
  facet normal 0 0 -1
    outer loop
      vertex 145 8 0
      vertex 146.148 8.22836 0
      vertex 145.871 8.12918 0
    endloop
  endfacet
  facet normal 0 0 -1
    outer loop
      vertex 142.957 22.3097 0
      vertex 148 29 0
      vertex 143.178 22.2048 0
    endloop
  endfacet
  facet normal 0 0 -1
    outer loop
      vertex 145 8 0
      vertex 145.871 8.12918 0
      vertex 145.585 8.05765 0
    endloop
  endfacet
  facet normal 0 0 -1
    outer loop
      vertex 142.726 22.3923 0
      vertex 148 29 0
      vertex 142.957 22.3097 0
    endloop
  endfacet
  facet normal 0 0 -1
    outer loop
      vertex 145 8 0
      vertex 145.585 8.05765 0
      vertex 145.294 8.01445 0
    endloop
  endfacet
  facet normal 0 0 -1
    outer loop
      vertex 142.488 22.452 0
      vertex 148 29 0
      vertex 142.726 22.3923 0
    endloop
  endfacet
  facet normal -0 0 -1
    outer loop
      vertex 148 11 0
      vertex 145 8 0
      vertex 142.488 17.548 0
    endloop
  endfacet
  facet normal 0 -0 -1
    outer loop
      vertex 145 32 0
      vertex 148 29 0
      vertex 142.488 22.452 0
    endloop
  endfacet
  facet normal 0 0 -1
    outer loop
      vertex 148 29 0
      vertex 145 32 0
      vertex 147.986 29.2941 0
    endloop
  endfacet
  facet normal 0 0 -1
    outer loop
      vertex 148 11 0
      vertex 144.488 19.755 0
      vertex 144.5 20 0
    endloop
  endfacet
  facet normal 0 0 -1
    outer loop
      vertex 148 11 0
      vertex 144.452 19.5123 0
      vertex 144.488 19.755 0
    endloop
  endfacet
  facet normal 0 0 -1
    outer loop
      vertex 148 11 0
      vertex 144.392 19.2743 0
      vertex 144.452 19.5123 0
    endloop
  endfacet
  facet normal 0 0 -1
    outer loop
      vertex 148 11 0
      vertex 144.31 19.0433 0
      vertex 144.392 19.2743 0
    endloop
  endfacet
  facet normal 0 0 -1
    outer loop
      vertex 148 11 0
      vertex 144.205 18.8215 0
      vertex 144.31 19.0433 0
    endloop
  endfacet
  facet normal 0 0 -1
    outer loop
      vertex 148 11 0
      vertex 144.079 18.6111 0
      vertex 144.205 18.8215 0
    endloop
  endfacet
  facet normal 0 0 -1
    outer loop
      vertex 148 11 0
      vertex 143.933 18.414 0
      vertex 144.079 18.6111 0
    endloop
  endfacet
  facet normal 0 0 -1
    outer loop
      vertex 148 11 0
      vertex 143.768 18.2322 0
      vertex 143.933 18.414 0
    endloop
  endfacet
  facet normal 0 0 -1
    outer loop
      vertex 148 11 0
      vertex 143.586 18.0675 0
      vertex 143.768 18.2322 0
    endloop
  endfacet
  facet normal 0 0 -1
    outer loop
      vertex 148 11 0
      vertex 143.389 17.9213 0
      vertex 143.586 18.0675 0
    endloop
  endfacet
  facet normal 0 0 -1
    outer loop
      vertex 148 11 0
      vertex 143.178 17.7952 0
      vertex 143.389 17.9213 0
    endloop
  endfacet
  facet normal 0 0 -1
    outer loop
      vertex 148 11 0
      vertex 142.957 17.6903 0
      vertex 143.178 17.7952 0
    endloop
  endfacet
  facet normal 0 0 -1
    outer loop
      vertex 148 11 0
      vertex 142.726 17.6076 0
      vertex 142.957 17.6903 0
    endloop
  endfacet
  facet normal 0 0 -1
    outer loop
      vertex 148 11 0
      vertex 142.488 17.548 0
      vertex 142.726 17.6076 0
    endloop
  endfacet
  facet normal 0 0 -1
    outer loop
      vertex 145 8 0
      vertex 142.245 17.512 0
      vertex 142.488 17.548 0
    endloop
  endfacet
  facet normal 0 0 -1
    outer loop
      vertex 145 8 0
      vertex 142 17.5 0
      vertex 142.245 17.512 0
    endloop
  endfacet
  facet normal 0 0 -1
    outer loop
      vertex 145 8 0
      vertex 141.755 17.512 0
      vertex 142 17.5 0
    endloop
  endfacet
  facet normal 0 0 -1
    outer loop
      vertex 145 8 0
      vertex 141.512 17.548 0
      vertex 141.755 17.512 0
    endloop
  endfacet
  facet normal 0 0 -1
    outer loop
      vertex 145 8 0
      vertex 141.274 17.6076 0
      vertex 141.512 17.548 0
    endloop
  endfacet
  facet normal 0 0 -1
    outer loop
      vertex 145 8 0
      vertex 141.043 17.6903 0
      vertex 141.274 17.6076 0
    endloop
  endfacet
  facet normal 0 0 -1
    outer loop
      vertex 145 8 0
      vertex 140.822 17.7952 0
      vertex 141.043 17.6903 0
    endloop
  endfacet
  facet normal 0 0 -1
    outer loop
      vertex 145 8 0
      vertex 140.611 17.9213 0
      vertex 140.822 17.7952 0
    endloop
  endfacet
  facet normal 0 0 -1
    outer loop
      vertex 145 8 0
      vertex 140.414 18.0675 0
      vertex 140.611 17.9213 0
    endloop
  endfacet
  facet normal 0 0 -1
    outer loop
      vertex 127.586 18.0675 0
      vertex 140.414 18.0675 0
      vertex 145 8 0
    endloop
  endfacet
  facet normal 0 0 -1
    outer loop
      vertex 140.414 18.0675 0
      vertex 127.586 18.0675 0
      vertex 140.232 18.2322 0
    endloop
  endfacet
  facet normal 0 -0 -1
    outer loop
      vertex 127.768 18.2322 0
      vertex 140.232 18.2322 0
      vertex 127.586 18.0675 0
    endloop
  endfacet
  facet normal 0 0 -1
    outer loop
      vertex 140.232 18.2322 0
      vertex 127.768 18.2322 0
      vertex 140.067 18.414 0
    endloop
  endfacet
  facet normal 0 0 -1
    outer loop
      vertex 139.512 19.755 0
      vertex 128.5 20 0
      vertex 139.5 20 0
    endloop
  endfacet
  facet normal 0 0 -1
    outer loop
      vertex 128.488 19.755 0
      vertex 139.512 19.755 0
      vertex 139.548 19.5123 0
    endloop
  endfacet
  facet normal 0 0 -1
    outer loop
      vertex 128.452 19.5123 0
      vertex 139.548 19.5123 0
      vertex 139.608 19.2743 0
    endloop
  endfacet
  facet normal 0 0 -1
    outer loop
      vertex 128.392 19.2743 0
      vertex 139.608 19.2743 0
      vertex 139.69 19.0433 0
    endloop
  endfacet
  facet normal 0 0 -1
    outer loop
      vertex 128.31 19.0433 0
      vertex 139.69 19.0433 0
      vertex 139.795 18.8215 0
    endloop
  endfacet
  facet normal 0 -0 -1
    outer loop
      vertex 127.933 18.414 0
      vertex 140.067 18.414 0
      vertex 127.768 18.2322 0
    endloop
  endfacet
  facet normal 0 0 -1
    outer loop
      vertex 139.512 19.755 0
      vertex 128.488 19.755 0
      vertex 128.5 20 0
    endloop
  endfacet
  facet normal 0 0 -1
    outer loop
      vertex 139.548 19.5123 0
      vertex 128.452 19.5123 0
      vertex 128.488 19.755 0
    endloop
  endfacet
  facet normal 0 0 -1
    outer loop
      vertex 139.608 19.2743 0
      vertex 128.392 19.2743 0
      vertex 128.452 19.5123 0
    endloop
  endfacet
  facet normal 0 0 -1
    outer loop
      vertex 139.69 19.0433 0
      vertex 128.31 19.0433 0
      vertex 128.392 19.2743 0
    endloop
  endfacet
  facet normal 0 0 -1
    outer loop
      vertex 139.795 18.8215 0
      vertex 128.205 18.8215 0
      vertex 128.31 19.0433 0
    endloop
  endfacet
  facet normal -0 0 -1
    outer loop
      vertex 139.795 18.8215 0
      vertex 128.079 18.6111 0
      vertex 128.205 18.8215 0
    endloop
  endfacet
  facet normal 0 0 -1
    outer loop
      vertex 139.921 18.6111 0
      vertex 128.079 18.6111 0
      vertex 139.795 18.8215 0
    endloop
  endfacet
  facet normal 0 -0 -1
    outer loop
      vertex 128.079 18.6111 0
      vertex 139.921 18.6111 0
      vertex 127.933 18.414 0
    endloop
  endfacet
  facet normal 0 0 -1
    outer loop
      vertex 140.067 18.414 0
      vertex 127.933 18.414 0
      vertex 139.921 18.6111 0
    endloop
  endfacet
  facet normal 0 0 -1
    outer loop
      vertex 145 8 0
      vertex 127.389 17.9213 0
      vertex 127.586 18.0675 0
    endloop
  endfacet
  facet normal 0 0 -1
    outer loop
      vertex 123 8 0
      vertex 127.389 17.9213 0
      vertex 145 8 0
    endloop
  endfacet
  facet normal 0 0 -1
    outer loop
      vertex 127.389 17.9213 0
      vertex 123 8 0
      vertex 127.178 17.7952 0
    endloop
  endfacet
  facet normal 0 0 -1
    outer loop
      vertex 127.178 17.7952 0
      vertex 123 8 0
      vertex 126.957 17.6903 0
    endloop
  endfacet
  facet normal 0 0 -1
    outer loop
      vertex 126.957 17.6903 0
      vertex 123 8 0
      vertex 126.726 17.6076 0
    endloop
  endfacet
  facet normal 0 0 -1
    outer loop
      vertex 126.726 17.6076 0
      vertex 123 8 0
      vertex 126.488 17.548 0
    endloop
  endfacet
  facet normal 0 0 -1
    outer loop
      vertex 126.488 17.548 0
      vertex 123 8 0
      vertex 126.245 17.512 0
    endloop
  endfacet
  facet normal 0 0 -1
    outer loop
      vertex 126.245 17.512 0
      vertex 123 8 0
      vertex 126 17.5 0
    endloop
  endfacet
  facet normal -0 0 -1
    outer loop
      vertex 126 17.5 0
      vertex 123 8 0
      vertex 125.755 17.512 0
    endloop
  endfacet
  facet normal -0 0 -1
    outer loop
      vertex 125.755 17.512 0
      vertex 123 8 0
      vertex 125.512 17.548 0
    endloop
  endfacet
  facet normal 0 0 -1
    outer loop
      vertex 120 11 0
      vertex 125.512 17.548 0
      vertex 123 8 0
    endloop
  endfacet
  facet normal -0 0 -1
    outer loop
      vertex 125.512 17.548 0
      vertex 120 11 0
      vertex 125.274 17.6076 0
    endloop
  endfacet
  facet normal -0 0 -1
    outer loop
      vertex 123.548 19.5123 0
      vertex 120 11 0
      vertex 123.512 19.755 0
    endloop
  endfacet
  facet normal -0 0 -1
    outer loop
      vertex 123.608 19.2743 0
      vertex 120 11 0
      vertex 123.548 19.5123 0
    endloop
  endfacet
  facet normal -0 0 -1
    outer loop
      vertex 123.69 19.0433 0
      vertex 120 11 0
      vertex 123.608 19.2743 0
    endloop
  endfacet
  facet normal -0 0 -1
    outer loop
      vertex 123.795 18.8215 0
      vertex 120 11 0
      vertex 123.69 19.0433 0
    endloop
  endfacet
  facet normal -0 0 -1
    outer loop
      vertex 123.921 18.6111 0
      vertex 120 11 0
      vertex 123.795 18.8215 0
    endloop
  endfacet
  facet normal -0 0 -1
    outer loop
      vertex 124.067 18.414 0
      vertex 120 11 0
      vertex 123.921 18.6111 0
    endloop
  endfacet
  facet normal -0 0 -1
    outer loop
      vertex 124.232 18.2322 0
      vertex 120 11 0
      vertex 124.067 18.414 0
    endloop
  endfacet
  facet normal -0 0 -1
    outer loop
      vertex 124.414 18.0675 0
      vertex 120 11 0
      vertex 124.232 18.2322 0
    endloop
  endfacet
  facet normal -0 0 -1
    outer loop
      vertex 124.611 17.9213 0
      vertex 120 11 0
      vertex 124.414 18.0675 0
    endloop
  endfacet
  facet normal -0 0 -1
    outer loop
      vertex 124.822 17.7952 0
      vertex 120 11 0
      vertex 124.611 17.9213 0
    endloop
  endfacet
  facet normal -0 0 -1
    outer loop
      vertex 125.043 17.6903 0
      vertex 120 11 0
      vertex 124.822 17.7952 0
    endloop
  endfacet
  facet normal -0 0 -1
    outer loop
      vertex 125.274 17.6076 0
      vertex 120 11 0
      vertex 125.043 17.6903 0
    endloop
  endfacet
  facet normal 0 0 -1
    outer loop
      vertex 147.986 29.2941 0
      vertex 145 32 0
      vertex 147.942 29.5853 0
    endloop
  endfacet
  facet normal 0 0 -1
    outer loop
      vertex 147.871 29.8708 0
      vertex 145 32 0
      vertex 147.772 30.1481 0
    endloop
  endfacet
  facet normal 0 0 -1
    outer loop
      vertex 147.772 30.1481 0
      vertex 145 32 0
      vertex 147.646 30.4142 0
    endloop
  endfacet
  facet normal 0 0 -1
    outer loop
      vertex 147.646 30.4142 0
      vertex 145 32 0
      vertex 147.494 30.6667 0
    endloop
  endfacet
  facet normal 0 0 -1
    outer loop
      vertex 147.494 30.6667 0
      vertex 145 32 0
      vertex 147.319 30.9032 0
    endloop
  endfacet
  facet normal 0 0 -1
    outer loop
      vertex 147.319 30.9032 0
      vertex 145 32 0
      vertex 147.121 31.1213 0
    endloop
  endfacet
  facet normal 0 0 -1
    outer loop
      vertex 147.121 31.1213 0
      vertex 145 32 0
      vertex 146.903 31.319 0
    endloop
  endfacet
  facet normal 0 0 -1
    outer loop
      vertex 146.667 31.4944 0
      vertex 145 32 0
      vertex 146.414 31.6458 0
    endloop
  endfacet
  facet normal 0 0 -1
    outer loop
      vertex 146.414 31.6458 0
      vertex 145 32 0
      vertex 146.148 31.7716 0
    endloop
  endfacet
  facet normal 0 0 -1
    outer loop
      vertex 146.148 31.7716 0
      vertex 145 32 0
      vertex 145.871 31.8708 0
    endloop
  endfacet
  facet normal 0 0 -1
    outer loop
      vertex 145.871 31.8708 0
      vertex 145 32 0
      vertex 145.585 31.9424 0
    endloop
  endfacet
  facet normal 0 0 -1
    outer loop
      vertex 145.585 31.9424 0
      vertex 145 32 0
      vertex 145.294 31.9855 0
    endloop
  endfacet
  facet normal 0 0 -1
    outer loop
      vertex 146.903 31.319 0
      vertex 145 32 0
      vertex 146.667 31.4944 0
    endloop
  endfacet
  facet normal 0 0 -1
    outer loop
      vertex 147.942 29.5853 0
      vertex 145 32 0
      vertex 147.871 29.8708 0
    endloop
  endfacet
  facet normal 0 0 -1
    outer loop
      vertex 142.245 22.488 0
      vertex 145 32 0
      vertex 142.488 22.452 0
    endloop
  endfacet
  facet normal 0 0 -1
    outer loop
      vertex 142 22.5 0
      vertex 145 32 0
      vertex 142.245 22.488 0
    endloop
  endfacet
  facet normal 0 0 -1
    outer loop
      vertex 141.755 22.488 0
      vertex 145 32 0
      vertex 142 22.5 0
    endloop
  endfacet
  facet normal 0 0 -1
    outer loop
      vertex 141.512 22.452 0
      vertex 145 32 0
      vertex 141.755 22.488 0
    endloop
  endfacet
  facet normal 0 0 -1
    outer loop
      vertex 141.274 22.3923 0
      vertex 145 32 0
      vertex 141.512 22.452 0
    endloop
  endfacet
  facet normal 0 0 -1
    outer loop
      vertex 141.043 22.3097 0
      vertex 145 32 0
      vertex 141.274 22.3923 0
    endloop
  endfacet
  facet normal 0 0 -1
    outer loop
      vertex 140.822 22.2048 0
      vertex 145 32 0
      vertex 141.043 22.3097 0
    endloop
  endfacet
  facet normal 0 0 -1
    outer loop
      vertex 140.611 22.0787 0
      vertex 145 32 0
      vertex 140.822 22.2048 0
    endloop
  endfacet
  facet normal 0 0 -1
    outer loop
      vertex 140.414 21.9325 0
      vertex 145 32 0
      vertex 140.611 22.0787 0
    endloop
  endfacet
  facet normal 0 0 -1
    outer loop
      vertex 127.586 21.9325 0
      vertex 140.414 21.9325 0
      vertex 140.232 21.7678 0
    endloop
  endfacet
  facet normal 0 0 -1
    outer loop
      vertex 127.768 21.7678 0
      vertex 140.232 21.7678 0
      vertex 140.067 21.586 0
    endloop
  endfacet
  facet normal 0 0 -1
    outer loop
      vertex 127.933 21.586 0
      vertex 140.067 21.586 0
      vertex 139.921 21.3889 0
    endloop
  endfacet
  facet normal 0 0 -1
    outer loop
      vertex 128.079 21.3889 0
      vertex 139.921 21.3889 0
      vertex 139.795 21.1785 0
    endloop
  endfacet
  facet normal 0 0 -1
    outer loop
      vertex 128.5 20 0
      vertex 139.512 20.245 0
      vertex 139.5 20 0
    endloop
  endfacet
  facet normal 0 0 -1
    outer loop
      vertex 128.488 20.245 0
      vertex 139.512 20.245 0
      vertex 128.5 20 0
    endloop
  endfacet
  facet normal 0 0 -1
    outer loop
      vertex 139.512 20.245 0
      vertex 128.488 20.245 0
      vertex 139.548 20.4877 0
    endloop
  endfacet
  facet normal 0 0 -1
    outer loop
      vertex 128.452 20.4877 0
      vertex 139.548 20.4877 0
      vertex 128.488 20.245 0
    endloop
  endfacet
  facet normal 0 0 -1
    outer loop
      vertex 139.548 20.4877 0
      vertex 128.452 20.4877 0
      vertex 139.608 20.7257 0
    endloop
  endfacet
  facet normal 0 0 -1
    outer loop
      vertex 128.392 20.7257 0
      vertex 139.608 20.7257 0
      vertex 128.452 20.4877 0
    endloop
  endfacet
  facet normal 0 0 -1
    outer loop
      vertex 139.608 20.7257 0
      vertex 128.392 20.7257 0
      vertex 139.69 20.9567 0
    endloop
  endfacet
  facet normal 0 0 -1
    outer loop
      vertex 128.31 20.9567 0
      vertex 139.69 20.9567 0
      vertex 128.392 20.7257 0
    endloop
  endfacet
  facet normal 0 0 -1
    outer loop
      vertex 139.69 20.9567 0
      vertex 128.31 20.9567 0
      vertex 139.795 21.1785 0
    endloop
  endfacet
  facet normal 0 0 -1
    outer loop
      vertex 128.205 21.1785 0
      vertex 139.795 21.1785 0
      vertex 128.31 20.9567 0
    endloop
  endfacet
  facet normal 0 0 -1
    outer loop
      vertex 128.079 21.3889 0
      vertex 139.795 21.1785 0
      vertex 128.205 21.1785 0
    endloop
  endfacet
  facet normal 0 0 -1
    outer loop
      vertex 139.921 21.3889 0
      vertex 128.079 21.3889 0
      vertex 127.933 21.586 0
    endloop
  endfacet
  facet normal 0 0 -1
    outer loop
      vertex 140.067 21.586 0
      vertex 127.933 21.586 0
      vertex 127.768 21.7678 0
    endloop
  endfacet
  facet normal 0 0 -1
    outer loop
      vertex 140.232 21.7678 0
      vertex 127.768 21.7678 0
      vertex 127.586 21.9325 0
    endloop
  endfacet
  facet normal 0 0 -1
    outer loop
      vertex 140.414 21.9325 0
      vertex 127.586 21.9325 0
      vertex 145 32 0
    endloop
  endfacet
  facet normal 0 0 -1
    outer loop
      vertex 127.389 22.0787 0
      vertex 145 32 0
      vertex 127.586 21.9325 0
    endloop
  endfacet
  facet normal 0 0 -1
    outer loop
      vertex 123 32 0
      vertex 127.389 22.0787 0
      vertex 127.178 22.2048 0
    endloop
  endfacet
  facet normal 0 0 -1
    outer loop
      vertex 123 32 0
      vertex 127.178 22.2048 0
      vertex 126.957 22.3097 0
    endloop
  endfacet
  facet normal 0 0 -1
    outer loop
      vertex 123 32 0
      vertex 126.957 22.3097 0
      vertex 126.726 22.3923 0
    endloop
  endfacet
  facet normal 0 0 -1
    outer loop
      vertex 123 32 0
      vertex 126.726 22.3923 0
      vertex 126.488 22.452 0
    endloop
  endfacet
  facet normal 0 0 -1
    outer loop
      vertex 123 32 0
      vertex 126.488 22.452 0
      vertex 126.245 22.488 0
    endloop
  endfacet
  facet normal 0 0 -1
    outer loop
      vertex 123 32 0
      vertex 126.245 22.488 0
      vertex 126 22.5 0
    endloop
  endfacet
  facet normal 0 0 -1
    outer loop
      vertex 123 32 0
      vertex 126 22.5 0
      vertex 125.755 22.488 0
    endloop
  endfacet
  facet normal 0 0 -1
    outer loop
      vertex 123 32 0
      vertex 125.755 22.488 0
      vertex 125.512 22.452 0
    endloop
  endfacet
  facet normal 0 0 -1
    outer loop
      vertex 120 29 0
      vertex 125.512 22.452 0
      vertex 125.274 22.3923 0
    endloop
  endfacet
  facet normal 0 0 -1
    outer loop
      vertex 120 29 0
      vertex 125.274 22.3923 0
      vertex 125.043 22.3097 0
    endloop
  endfacet
  facet normal 0 0 -1
    outer loop
      vertex 120 29 0
      vertex 125.043 22.3097 0
      vertex 124.822 22.2048 0
    endloop
  endfacet
  facet normal 0 0 -1
    outer loop
      vertex 127.389 22.0787 0
      vertex 123 32 0
      vertex 145 32 0
    endloop
  endfacet
  facet normal 0 0 -1
    outer loop
      vertex 120 29 0
      vertex 124.822 22.2048 0
      vertex 124.611 22.0787 0
    endloop
  endfacet
  facet normal 0 0 -1
    outer loop
      vertex 120 29 0
      vertex 124.611 22.0787 0
      vertex 124.414 21.9325 0
    endloop
  endfacet
  facet normal 0 0 -1
    outer loop
      vertex 120 29 0
      vertex 124.414 21.9325 0
      vertex 124.232 21.7678 0
    endloop
  endfacet
  facet normal 0 0 -1
    outer loop
      vertex 120 29 0
      vertex 124.232 21.7678 0
      vertex 124.067 21.586 0
    endloop
  endfacet
  facet normal 0 0 -1
    outer loop
      vertex 120 29 0
      vertex 124.067 21.586 0
      vertex 123.921 21.3889 0
    endloop
  endfacet
  facet normal 0 0 -1
    outer loop
      vertex 120 29 0
      vertex 123.921 21.3889 0
      vertex 123.795 21.1785 0
    endloop
  endfacet
  facet normal 0 0 -1
    outer loop
      vertex 120 29 0
      vertex 123.795 21.1785 0
      vertex 123.69 20.9567 0
    endloop
  endfacet
  facet normal 0 0 -1
    outer loop
      vertex 120 29 0
      vertex 123.69 20.9567 0
      vertex 123.608 20.7257 0
    endloop
  endfacet
  facet normal 0 0 -1
    outer loop
      vertex 120 29 0
      vertex 123.608 20.7257 0
      vertex 123.548 20.4877 0
    endloop
  endfacet
  facet normal 0 0 -1
    outer loop
      vertex 120 29 0
      vertex 123.548 20.4877 0
      vertex 123.512 20.245 0
    endloop
  endfacet
  facet normal 0 0 -1
    outer loop
      vertex 120 29 0
      vertex 123.512 20.245 0
      vertex 123.5 20 0
    endloop
  endfacet
  facet normal -0 0 -1
    outer loop
      vertex 123.512 19.755 0
      vertex 120 11 0
      vertex 123.5 20 0
    endloop
  endfacet
  facet normal 0 0 -1
    outer loop
      vertex 120 11 0
      vertex 123 8 0
      vertex 122.706 8.01445 0
    endloop
  endfacet
  facet normal 0 0 -1
    outer loop
      vertex 120 29 0
      vertex 123.5 20 0
      vertex 120 11 0
    endloop
  endfacet
  facet normal 0 0 -1
    outer loop
      vertex 120 11 0
      vertex 122.706 8.01445 0
      vertex 122.415 8.05765 0
    endloop
  endfacet
  facet normal 0 0 -1
    outer loop
      vertex 125.512 22.452 0
      vertex 120 29 0
      vertex 123 32 0
    endloop
  endfacet
  facet normal 0 0 -1
    outer loop
      vertex 120 11 0
      vertex 122.415 8.05765 0
      vertex 122.129 8.12918 0
    endloop
  endfacet
  facet normal 0 0 -1
    outer loop
      vertex 123 32 0
      vertex 120 29 0
      vertex 122.706 31.9855 0
    endloop
  endfacet
  facet normal 0 0 -1
    outer loop
      vertex 120 11 0
      vertex 122.129 8.12918 0
      vertex 121.852 8.22836 0
    endloop
  endfacet
  facet normal 0 0 -1
    outer loop
      vertex 122.706 31.9855 0
      vertex 120 29 0
      vertex 122.415 31.9424 0
    endloop
  endfacet
  facet normal 0 0 -1
    outer loop
      vertex 120 11 0
      vertex 121.852 8.22836 0
      vertex 121.586 8.35423 0
    endloop
  endfacet
  facet normal 0 0 -1
    outer loop
      vertex 122.415 31.9424 0
      vertex 120 29 0
      vertex 122.129 31.8708 0
    endloop
  endfacet
  facet normal 0 0 -1
    outer loop
      vertex 120 11 0
      vertex 121.586 8.35423 0
      vertex 121.333 8.50558 0
    endloop
  endfacet
  facet normal 0 0 -1
    outer loop
      vertex 122.129 31.8708 0
      vertex 120 29 0
      vertex 121.852 31.7716 0
    endloop
  endfacet
  facet normal 0 0 -1
    outer loop
      vertex 120 11 0
      vertex 121.333 8.50558 0
      vertex 121.097 8.68097 0
    endloop
  endfacet
  facet normal 0 0 -1
    outer loop
      vertex 121.852 31.7716 0
      vertex 120 29 0
      vertex 121.586 31.6458 0
    endloop
  endfacet
  facet normal 0 0 -1
    outer loop
      vertex 120 11 0
      vertex 121.097 8.68097 0
      vertex 120.879 8.87868 0
    endloop
  endfacet
  facet normal 0 0 -1
    outer loop
      vertex 121.586 31.6458 0
      vertex 120 29 0
      vertex 121.333 31.4944 0
    endloop
  endfacet
  facet normal 0 0 -1
    outer loop
      vertex 120 11 0
      vertex 120.879 8.87868 0
      vertex 120.681 9.09682 0
    endloop
  endfacet
  facet normal 0 0 -1
    outer loop
      vertex 121.333 31.4944 0
      vertex 120 29 0
      vertex 121.097 31.319 0
    endloop
  endfacet
  facet normal 0 0 -1
    outer loop
      vertex 120 11 0
      vertex 120.681 9.09682 0
      vertex 120.506 9.33328 0
    endloop
  endfacet
  facet normal 0 0 -1
    outer loop
      vertex 121.097 31.319 0
      vertex 120 29 0
      vertex 120.879 31.1213 0
    endloop
  endfacet
  facet normal 0 0 -1
    outer loop
      vertex 120 11 0
      vertex 120.506 9.33328 0
      vertex 120.354 9.58582 0
    endloop
  endfacet
  facet normal 0 0 -1
    outer loop
      vertex 120.879 31.1213 0
      vertex 120 29 0
      vertex 120.681 30.9032 0
    endloop
  endfacet
  facet normal 0 0 -1
    outer loop
      vertex 120 11 0
      vertex 120.354 9.58582 0
      vertex 120.228 9.85194 0
    endloop
  endfacet
  facet normal 0 0 -1
    outer loop
      vertex 120.681 30.9032 0
      vertex 120 29 0
      vertex 120.506 30.6667 0
    endloop
  endfacet
  facet normal 0 0 -1
    outer loop
      vertex 120 11 0
      vertex 120.228 9.85194 0
      vertex 120.129 10.1292 0
    endloop
  endfacet
  facet normal 0 0 -1
    outer loop
      vertex 120.506 30.6667 0
      vertex 120 29 0
      vertex 120.354 30.4142 0
    endloop
  endfacet
  facet normal 0 0 -1
    outer loop
      vertex 120 11 0
      vertex 120.129 10.1292 0
      vertex 120.058 10.4147 0
    endloop
  endfacet
  facet normal 0 0 -1
    outer loop
      vertex 120.354 30.4142 0
      vertex 120 29 0
      vertex 120.228 30.1481 0
    endloop
  endfacet
  facet normal 0 0 -1
    outer loop
      vertex 120 11 0
      vertex 120.058 10.4147 0
      vertex 120.014 10.7059 0
    endloop
  endfacet
  facet normal 0 0 -1
    outer loop
      vertex 120.228 30.1481 0
      vertex 120 29 0
      vertex 120.129 29.8708 0
    endloop
  endfacet
  facet normal 0 0 -1
    outer loop
      vertex 120.129 29.8708 0
      vertex 120 29 0
      vertex 120.058 29.5853 0
    endloop
  endfacet
  facet normal 0 0 -1
    outer loop
      vertex 120.058 29.5853 0
      vertex 120 29 0
      vertex 120.014 29.2941 0
    endloop
  endfacet
  facet normal -0.0492599 0.998786 0
    outer loop
      vertex 123 32 0
      vertex 122.706 31.9855 6
      vertex 123 32 6
    endloop
  endfacet
  facet normal -0.0492599 0.998786 0
    outer loop
      vertex 122.706 31.9855 6
      vertex 123 32 0
      vertex 122.706 31.9855 0
    endloop
  endfacet
  facet normal 0.671795 -0.740738 0
    outer loop
      vertex 146.903 8.68097 0
      vertex 147.121 8.87868 6
      vertex 146.903 8.68097 6
    endloop
  endfacet
  facet normal 0.671795 -0.740738 0
    outer loop
      vertex 147.121 8.87868 6
      vertex 146.903 8.68097 0
      vertex 147.121 8.87868 0
    endloop
  endfacet
  facet normal 0.740462 -0.672098 0
    outer loop
      vertex 147.121 8.87868 6
      vertex 147.319 9.09682 0
      vertex 147.319 9.09682 6
    endloop
  endfacet
  facet normal 0.740462 -0.672098 0
    outer loop
      vertex 147.319 9.09682 0
      vertex 147.121 8.87868 6
      vertex 147.121 8.87868 0
    endloop
  endfacet
  facet normal 0.988776 -0.149403 0
    outer loop
      vertex 147.942 10.4147 6
      vertex 147.986 10.7059 0
      vertex 147.986 10.7059 6
    endloop
  endfacet
  facet normal 0.988776 -0.149403 0
    outer loop
      vertex 147.986 10.7059 0
      vertex 147.942 10.4147 6
      vertex 147.942 10.4147 0
    endloop
  endfacet
  facet normal 0.941765 -0.336272 0
    outer loop
      vertex 147.772 9.85194 6
      vertex 147.871 10.1292 0
      vertex 147.871 10.1292 6
    endloop
  endfacet
  facet normal 0.941765 -0.336272 0
    outer loop
      vertex 147.871 10.1292 0
      vertex 147.772 9.85194 6
      vertex 147.772 9.85194 0
    endloop
  endfacet
  facet normal 0.94178 0.336229 0
    outer loop
      vertex 147.871 29.8708 6
      vertex 147.772 30.1481 0
      vertex 147.772 30.1481 6
    endloop
  endfacet
  facet normal 0.94178 0.336229 0
    outer loop
      vertex 147.772 30.1481 0
      vertex 147.871 29.8708 6
      vertex 147.871 29.8708 0
    endloop
  endfacet
  facet normal -0.9038 0.427955 0
    outer loop
      vertex 120.228 30.1481 0
      vertex 120.354 30.4142 6
      vertex 120.354 30.4142 0
    endloop
  endfacet
  facet normal -0.9038 0.427955 0
    outer loop
      vertex 120.354 30.4142 6
      vertex 120.228 30.1481 0
      vertex 120.228 30.1481 6
    endloop
  endfacet
  facet normal -0.856744 0.515743 0
    outer loop
      vertex 120.354 30.4142 0
      vertex 120.506 30.6667 6
      vertex 120.506 30.6667 0
    endloop
  endfacet
  facet normal -0.856744 0.515743 0
    outer loop
      vertex 120.506 30.6667 6
      vertex 120.354 30.4142 0
      vertex 120.354 30.4142 6
    endloop
  endfacet
  facet normal -0.903813 -0.427929 0
    outer loop
      vertex 120.354 9.58582 0
      vertex 120.228 9.85194 6
      vertex 120.228 9.85194 0
    endloop
  endfacet
  facet normal -0.903813 -0.427929 0
    outer loop
      vertex 120.228 9.85194 6
      vertex 120.354 9.58582 0
      vertex 120.354 9.58582 6
    endloop
  endfacet
  facet normal -0.970442 -0.241336 0
    outer loop
      vertex 120.129 10.1292 0
      vertex 120.058 10.4147 6
      vertex 120.058 10.4147 0
    endloop
  endfacet
  facet normal -0.970442 -0.241336 0
    outer loop
      vertex 120.058 10.4147 6
      vertex 120.129 10.1292 0
      vertex 120.129 10.1292 6
    endloop
  endfacet
  facet normal -0.988776 -0.149403 0
    outer loop
      vertex 120.058 10.4147 0
      vertex 120.014 10.7059 6
      vertex 120.014 10.7059 0
    endloop
  endfacet
  facet normal -0.988776 -0.149403 0
    outer loop
      vertex 120.014 10.7059 6
      vertex 120.058 10.4147 0
      vertex 120.058 10.4147 6
    endloop
  endfacet
  facet normal -0.998869 -0.047549 0
    outer loop
      vertex 120.014 10.7059 0
      vertex 120 11 6
      vertex 120 11 0
    endloop
  endfacet
  facet normal -0.998869 -0.047549 0
    outer loop
      vertex 120 11 6
      vertex 120.014 10.7059 0
      vertex 120.014 10.7059 6
    endloop
  endfacet
  facet normal -0.740462 -0.672098 0
    outer loop
      vertex 120.879 8.87868 0
      vertex 120.681 9.09682 6
      vertex 120.681 9.09682 0
    endloop
  endfacet
  facet normal -0.740462 -0.672098 0
    outer loop
      vertex 120.681 9.09682 6
      vertex 120.879 8.87868 0
      vertex 120.879 8.87868 6
    endloop
  endfacet
  facet normal 0.998869 -0.047549 0
    outer loop
      vertex 147.986 10.7059 6
      vertex 148 11 0
      vertex 148 11 6
    endloop
  endfacet
  facet normal 0.998869 -0.047549 0
    outer loop
      vertex 148 11 0
      vertex 147.986 10.7059 6
      vertex 147.986 10.7059 0
    endloop
  endfacet
  facet normal 0.856744 0.515743 0
    outer loop
      vertex 147.646 30.4142 6
      vertex 147.494 30.6667 0
      vertex 147.494 30.6667 6
    endloop
  endfacet
  facet normal 0.856744 0.515743 0
    outer loop
      vertex 147.494 30.6667 0
      vertex 147.646 30.4142 6
      vertex 147.646 30.4142 0
    endloop
  endfacet
  facet normal 0.9038 0.427955 0
    outer loop
      vertex 147.772 30.1481 6
      vertex 147.646 30.4142 0
      vertex 147.646 30.4142 6
    endloop
  endfacet
  facet normal 0.9038 0.427955 0
    outer loop
      vertex 147.646 30.4142 0
      vertex 147.772 30.1481 6
      vertex 147.772 30.1481 0
    endloop
  endfacet
  facet normal 0.740401 0.672166 0
    outer loop
      vertex 147.319 30.9032 6
      vertex 147.121 31.1213 0
      vertex 147.121 31.1213 6
    endloop
  endfacet
  facet normal 0.740401 0.672166 0
    outer loop
      vertex 147.121 31.1213 0
      vertex 147.319 30.9032 6
      vertex 147.319 30.9032 0
    endloop
  endfacet
  facet normal 0.803858 0.594821 0
    outer loop
      vertex 147.494 30.6667 6
      vertex 147.319 30.9032 0
      vertex 147.319 30.9032 6
    endloop
  endfacet
  facet normal 0.803858 0.594821 0
    outer loop
      vertex 147.319 30.9032 0
      vertex 147.494 30.6667 6
      vertex 147.494 30.6667 0
    endloop
  endfacet
  facet normal 0.970442 0.241336 0
    outer loop
      vertex 147.942 29.5853 6
      vertex 147.871 29.8708 0
      vertex 147.871 29.8708 6
    endloop
  endfacet
  facet normal 0.970442 0.241336 0
    outer loop
      vertex 147.871 29.8708 0
      vertex 147.942 29.5853 6
      vertex 147.942 29.5853 0
    endloop
  endfacet
  facet normal 0.988776 0.149403 0
    outer loop
      vertex 147.986 29.2941 6
      vertex 147.942 29.5853 0
      vertex 147.942 29.5853 6
    endloop
  endfacet
  facet normal 0.988776 0.149403 0
    outer loop
      vertex 147.942 29.5853 0
      vertex 147.986 29.2941 6
      vertex 147.986 29.2941 0
    endloop
  endfacet
  facet normal 0.998869 0.047549 0
    outer loop
      vertex 148 29 6
      vertex 147.986 29.2941 0
      vertex 147.986 29.2941 6
    endloop
  endfacet
  facet normal 0.998869 0.047549 0
    outer loop
      vertex 147.986 29.2941 0
      vertex 148 29 6
      vertex 148 29 0
    endloop
  endfacet
  facet normal -0.85678 -0.515683 0
    outer loop
      vertex 120.506 9.33328 0
      vertex 120.354 9.58582 6
      vertex 120.354 9.58582 0
    endloop
  endfacet
  facet normal -0.85678 -0.515683 0
    outer loop
      vertex 120.354 9.58582 6
      vertex 120.506 9.33328 0
      vertex 120.506 9.33328 6
    endloop
  endfacet
  facet normal 0.594942 0.803769 -0
    outer loop
      vertex 136.538 23.092 6
      vertex 136.222 23.3259 20
      vertex 136.538 23.092 20
    endloop
  endfacet
  facet normal 0.594942 0.803769 0
    outer loop
      vertex 136.222 23.3259 20
      vertex 136.538 23.092 6
      vertex 136.222 23.3259 6
    endloop
  endfacet
  facet normal 0.998828 -0.0484002 0
    outer loop
      vertex 137.981 19.6079 20
      vertex 138 20 6
      vertex 138 20 20
    endloop
  endfacet
  facet normal 0.998828 -0.0484002 0
    outer loop
      vertex 138 20 6
      vertex 137.981 19.6079 20
      vertex 137.981 19.6079 6
    endloop
  endfacet
  facet normal -0.336691 0.941615 0
    outer loop
      vertex 132.839 23.8278 15.9494
      vertex 132.469 23.6955 20
      vertex 132.839 23.8278 20
    endloop
  endfacet
  facet normal -0.337116 0.941463 -4.37922e-05
    outer loop
      vertex 132.753 23.797 15.8334
      vertex 132.469 23.6955 20
      vertex 132.839 23.8278 15.9494
    endloop
  endfacet
  facet normal -0.335935 0.941885 4.70234e-05
    outer loop
      vertex 132.677 23.7699 15.7071
      vertex 132.469 23.6955 20
      vertex 132.753 23.797 15.8334
    endloop
  endfacet
  facet normal -0.336379 0.941727 2.27426e-05
    outer loop
      vertex 132.614 23.7474 15.574
      vertex 132.469 23.6955 20
      vertex 132.677 23.7699 15.7071
    endloop
  endfacet
  facet normal -0.341059 0.940042 -0.000150346
    outer loop
      vertex 132.565 23.7296 15.4354
      vertex 132.469 23.6955 20
      vertex 132.614 23.7474 15.574
    endloop
  endfacet
  facet normal -0.334987 0.942223 -6.35084e-06
    outer loop
      vertex 132.529 23.7168 15.2926
      vertex 132.469 23.6955 20
      vertex 132.565 23.7296 15.4354
    endloop
  endfacet
  facet normal -0.330677 0.943744 5.54655e-05
    outer loop
      vertex 132.507 23.7091 15.147
      vertex 132.469 23.6955 20
      vertex 132.529 23.7168 15.2926
    endloop
  endfacet
  facet normal -0.346611 0.938009 -8.53662e-05
    outer loop
      vertex 132.5 23.7065 15
      vertex 132.469 23.6955 20
      vertex 132.507 23.7091 15.147
    endloop
  endfacet
  facet normal -0.336691 0.941615 0
    outer loop
      vertex 132.469 23.6955 6
      vertex 132.839 23.8278 14.0506
      vertex 132.839 23.8278 6
    endloop
  endfacet
  facet normal -0.337141 0.941454 2.33036e-05
    outer loop
      vertex 132.839 23.8278 14.0506
      vertex 132.469 23.6955 6
      vertex 132.753 23.797 14.1666
    endloop
  endfacet
  facet normal -0.335903 0.941897 -2.525e-05
    outer loop
      vertex 132.753 23.797 14.1666
      vertex 132.469 23.6955 6
      vertex 132.677 23.7699 14.2929
    endloop
  endfacet
  facet normal -0.336359 0.941734 -1.23251e-05
    outer loop
      vertex 132.677 23.7699 14.2929
      vertex 132.469 23.6955 6
      vertex 132.614 23.7474 14.426
    endloop
  endfacet
  facet normal -0.341229 0.93998 8.22809e-05
    outer loop
      vertex 132.614 23.7474 14.426
      vertex 132.469 23.6955 6
      vertex 132.565 23.7296 14.5646
    endloop
  endfacet
  facet normal -0.334997 0.942219 3.511e-06
    outer loop
      vertex 132.565 23.7296 14.5646
      vertex 132.469 23.6955 6
      vertex 132.529 23.7168 14.7074
    endloop
  endfacet
  facet normal -0.330534 0.943794 -3.10987e-05
    outer loop
      vertex 132.529 23.7168 14.7074
      vertex 132.469 23.6955 6
      vertex 132.507 23.7091 14.853
    endloop
  endfacet
  facet normal -0.33441 0.942428 0
    outer loop
      vertex 132.5 23.7065 15
      vertex 132.469 23.6955 6
      vertex 132.469 23.6955 20
    endloop
  endfacet
  facet normal -0.347264 0.937767 4.99721e-05
    outer loop
      vertex 132.507 23.7091 14.853
      vertex 132.469 23.6955 6
      vertex 132.5 23.7065 15
    endloop
  endfacet
  facet normal -0.903847 0.427856 0
    outer loop
      vertex 130.304 21.5307 6
      vertex 130.472 21.8856 20
      vertex 130.472 21.8856 6
    endloop
  endfacet
  facet normal -0.903847 0.427856 0
    outer loop
      vertex 130.472 21.8856 20
      vertex 130.304 21.5307 6
      vertex 130.304 21.5307 20
    endloop
  endfacet
  facet normal -0.903847 -0.427856 0
    outer loop
      vertex 130.472 18.1144 6
      vertex 130.304 18.4693 20
      vertex 130.304 18.4693 6
    endloop
  endfacet
  facet normal -0.903847 -0.427856 0
    outer loop
      vertex 130.304 18.4693 20
      vertex 130.472 18.1144 6
      vertex 130.472 18.1144 20
    endloop
  endfacet
  facet normal 0.970247 0.242116 0
    outer loop
      vertex 137.923 20.7804 20
      vertex 137.828 21.1611 6
      vertex 137.828 21.1611 20
    endloop
  endfacet
  facet normal 0.970247 0.242116 0
    outer loop
      vertex 137.828 21.1611 6
      vertex 137.923 20.7804 20
      vertex 137.923 20.7804 6
    endloop
  endfacet
  facet normal 0.941742 0.336336 0
    outer loop
      vertex 137.828 21.1611 20
      vertex 137.696 21.5307 6
      vertex 137.696 21.5307 20
    endloop
  endfacet
  facet normal 0.941742 0.336336 0
    outer loop
      vertex 137.696 21.5307 6
      vertex 137.828 21.1611 20
      vertex 137.828 21.1611 6
    endloop
  endfacet
  facet normal 0.740401 0.672166 0
    outer loop
      vertex 137.092 22.5376 20
      vertex 136.828 22.8284 6
      vertex 136.828 22.8284 20
    endloop
  endfacet
  facet normal 0.740401 0.672166 0
    outer loop
      vertex 136.828 22.8284 6
      vertex 137.092 22.5376 20
      vertex 137.092 22.5376 6
    endloop
  endfacet
  facet normal 0.514871 0.857268 -0
    outer loop
      vertex 136.222 23.3259 6
      vertex 135.886 23.5277 20
      vertex 136.222 23.3259 20
    endloop
  endfacet
  facet normal 0.514871 0.857268 0
    outer loop
      vertex 135.886 23.5277 20
      vertex 136.222 23.3259 6
      vertex 135.886 23.5277 6
    endloop
  endfacet
  facet normal -0.594942 0.803769 0
    outer loop
      vertex 131.778 23.3259 6
      vertex 131.462 23.092 20
      vertex 131.778 23.3259 20
    endloop
  endfacet
  facet normal -0.594942 0.803769 0
    outer loop
      vertex 131.462 23.092 20
      vertex 131.778 23.3259 6
      vertex 131.462 23.092 6
    endloop
  endfacet
  facet normal 0.857515 -0.514458 0
    outer loop
      vertex 137.326 17.7777 20
      vertex 137.528 18.1144 6
      vertex 137.528 18.1144 20
    endloop
  endfacet
  facet normal 0.857515 -0.514458 0
    outer loop
      vertex 137.528 18.1144 6
      vertex 137.326 17.7777 20
      vertex 137.326 17.7777 6
    endloop
  endfacet
  facet normal 0.146844 -0.98916 0
    outer loop
      vertex 134.392 16.0193 16.4463
      vertex 134.78 16.0769 20
      vertex 134.392 16.0193 20
    endloop
  endfacet
  facet normal 0.147206 -0.989106 -4.03104e-05
    outer loop
      vertex 134.435 16.0257 16.4354
      vertex 134.78 16.0769 20
      vertex 134.392 16.0193 16.4463
    endloop
  endfacet
  facet normal 0.146607 -0.989195 1.8912e-05
    outer loop
      vertex 134.574 16.0463 16.3858
      vertex 134.78 16.0769 20
      vertex 134.435 16.0257 16.4354
    endloop
  endfacet
  facet normal 0.146532 -0.989206 2.3245e-05
    outer loop
      vertex 134.707 16.066 16.3229
      vertex 134.78 16.0769 20
      vertex 134.574 16.0463 16.3858
    endloop
  endfacet
  facet normal 0.147678 -0.989036 0
    outer loop
      vertex 134.78 16.0769 20
      vertex 134.707 16.066 16.3229
      vertex 134.78 16.0769 16.279
    endloop
  endfacet
  facet normal 0.146844 -0.98916 0
    outer loop
      vertex 134.78 16.0769 6
      vertex 134.392 16.0193 13.5537
      vertex 134.392 16.0193 6
    endloop
  endfacet
  facet normal 0.147211 -0.989105 1.92387e-05
    outer loop
      vertex 134.392 16.0193 13.5537
      vertex 134.78 16.0769 6
      vertex 134.435 16.0257 13.5646
    endloop
  endfacet
  facet normal 0.146603 -0.989195 -9.07186e-06
    outer loop
      vertex 134.435 16.0257 13.5646
      vertex 134.78 16.0769 6
      vertex 134.574 16.0463 13.6142
    endloop
  endfacet
  facet normal 0.146527 -0.989207 -1.11879e-05
    outer loop
      vertex 134.574 16.0463 13.6142
      vertex 134.78 16.0769 6
      vertex 134.707 16.066 13.6771
    endloop
  endfacet
  facet normal 0.147678 -0.989036 0
    outer loop
      vertex 134.707 16.066 13.6771
      vertex 134.78 16.0769 6
      vertex 134.78 16.0769 13.721
    endloop
  endfacet
  facet normal 0.336691 -0.941615 0
    outer loop
      vertex 135.161 16.1722 15.9494
      vertex 135.531 16.3045 20
      vertex 135.161 16.1722 20
    endloop
  endfacet
  facet normal 0.337116 -0.941463 -4.37922e-05
    outer loop
      vertex 135.247 16.203 15.8334
      vertex 135.531 16.3045 20
      vertex 135.161 16.1722 15.9494
    endloop
  endfacet
  facet normal 0.335935 -0.941885 4.70234e-05
    outer loop
      vertex 135.323 16.2301 15.7071
      vertex 135.531 16.3045 20
      vertex 135.247 16.203 15.8334
    endloop
  endfacet
  facet normal 0.336379 -0.941727 2.27426e-05
    outer loop
      vertex 135.386 16.2526 15.574
      vertex 135.531 16.3045 20
      vertex 135.323 16.2301 15.7071
    endloop
  endfacet
  facet normal 0.341059 -0.940042 -0.000150346
    outer loop
      vertex 135.435 16.2704 15.4354
      vertex 135.531 16.3045 20
      vertex 135.386 16.2526 15.574
    endloop
  endfacet
  facet normal 0.334987 -0.942223 -6.35084e-06
    outer loop
      vertex 135.471 16.2832 15.2926
      vertex 135.531 16.3045 20
      vertex 135.435 16.2704 15.4354
    endloop
  endfacet
  facet normal 0.330677 -0.943744 5.54655e-05
    outer loop
      vertex 135.493 16.2909 15.147
      vertex 135.531 16.3045 20
      vertex 135.471 16.2832 15.2926
    endloop
  endfacet
  facet normal 0.346611 -0.938009 -8.53662e-05
    outer loop
      vertex 135.5 16.2935 15
      vertex 135.531 16.3045 20
      vertex 135.493 16.2909 15.147
    endloop
  endfacet
  facet normal 0.336691 -0.941615 0
    outer loop
      vertex 135.531 16.3045 6
      vertex 135.161 16.1722 14.0506
      vertex 135.161 16.1722 6
    endloop
  endfacet
  facet normal 0.337141 -0.941454 2.33036e-05
    outer loop
      vertex 135.161 16.1722 14.0506
      vertex 135.531 16.3045 6
      vertex 135.247 16.203 14.1666
    endloop
  endfacet
  facet normal 0.335903 -0.941897 -2.525e-05
    outer loop
      vertex 135.247 16.203 14.1666
      vertex 135.531 16.3045 6
      vertex 135.323 16.2301 14.2929
    endloop
  endfacet
  facet normal 0.336359 -0.941734 -1.23251e-05
    outer loop
      vertex 135.323 16.2301 14.2929
      vertex 135.531 16.3045 6
      vertex 135.386 16.2526 14.426
    endloop
  endfacet
  facet normal 0.341229 -0.93998 8.22809e-05
    outer loop
      vertex 135.386 16.2526 14.426
      vertex 135.531 16.3045 6
      vertex 135.435 16.2704 14.5646
    endloop
  endfacet
  facet normal 0.334997 -0.942219 3.511e-06
    outer loop
      vertex 135.435 16.2704 14.5646
      vertex 135.531 16.3045 6
      vertex 135.471 16.2832 14.7074
    endloop
  endfacet
  facet normal 0.330534 -0.943794 -3.10987e-05
    outer loop
      vertex 135.471 16.2832 14.7074
      vertex 135.531 16.3045 6
      vertex 135.493 16.2909 14.853
    endloop
  endfacet
  facet normal 0.33441 -0.942428 0
    outer loop
      vertex 135.5 16.2935 15
      vertex 135.531 16.3045 6
      vertex 135.531 16.3045 20
    endloop
  endfacet
  facet normal 0.347264 -0.937767 4.99721e-05
    outer loop
      vertex 135.493 16.2909 14.853
      vertex 135.531 16.3045 6
      vertex 135.5 16.2935 15
    endloop
  endfacet
  facet normal 0.740401 -0.672166 0
    outer loop
      vertex 136.828 17.1716 20
      vertex 137.092 17.4624 6
      vertex 137.092 17.4624 20
    endloop
  endfacet
  facet normal 0.740401 -0.672166 0
    outer loop
      vertex 137.092 17.4624 6
      vertex 136.828 17.1716 20
      vertex 136.828 17.1716 6
    endloop
  endfacet
  facet normal -0.0494344 -0.998777 0
    outer loop
      vertex 133.608 16.0193 6
      vertex 133.707 16.0144 13.5288
      vertex 133.608 16.0193 13.5537
    endloop
  endfacet
  facet normal -0.0492556 -0.998786 -2.35789e-06
    outer loop
      vertex 133.608 16.0193 6
      vertex 133.853 16.0072 13.5072
      vertex 133.707 16.0144 13.5288
    endloop
  endfacet
  facet normal -0.0489216 -0.998803 -1.32834e-05
    outer loop
      vertex 133.608 16.0193 6
      vertex 134 16 13.5
      vertex 133.853 16.0072 13.5072
    endloop
  endfacet
  facet normal -0.0491751 -0.99879 -0
    outer loop
      vertex 134 16 13.5
      vertex 133.608 16.0193 6
      vertex 134 16 6
    endloop
  endfacet
  facet normal -0.0491751 -0.99879 1.06794e-05
    outer loop
      vertex 133.853 16.0072 16.4928
      vertex 134 16 20
      vertex 133.608 16.0193 20
    endloop
  endfacet
  facet normal -0.0489209 -0.998803 -0
    outer loop
      vertex 134 16 20
      vertex 133.853 16.0072 16.4928
      vertex 134 16 16.5
    endloop
  endfacet
  facet normal -0.049256 -0.998786 5.01958e-06
    outer loop
      vertex 133.608 16.0193 20
      vertex 133.707 16.0144 16.4712
      vertex 133.853 16.0072 16.4928
    endloop
  endfacet
  facet normal -0.0494344 -0.998777 0
    outer loop
      vertex 133.707 16.0144 16.4712
      vertex 133.608 16.0193 20
      vertex 133.608 16.0193 16.4463
    endloop
  endfacet
  facet normal -0.514871 -0.857268 0
    outer loop
      vertex 131.778 16.6741 6
      vertex 132.114 16.4723 20
      vertex 131.778 16.6741 20
    endloop
  endfacet
  facet normal -0.514871 -0.857268 -0
    outer loop
      vertex 132.114 16.4723 20
      vertex 131.778 16.6741 6
      vertex 132.114 16.4723 6
    endloop
  endfacet
  facet normal -0.594942 -0.803769 0
    outer loop
      vertex 131.462 16.908 6
      vertex 131.778 16.6741 20
      vertex 131.462 16.908 20
    endloop
  endfacet
  facet normal -0.594942 -0.803769 -0
    outer loop
      vertex 131.778 16.6741 20
      vertex 131.462 16.908 6
      vertex 131.778 16.6741 6
    endloop
  endfacet
  facet normal -0.740401 -0.672166 0
    outer loop
      vertex 131.172 17.1716 6
      vertex 130.908 17.4624 20
      vertex 130.908 17.4624 6
    endloop
  endfacet
  facet normal -0.740401 -0.672166 0
    outer loop
      vertex 130.908 17.4624 20
      vertex 131.172 17.1716 6
      vertex 131.172 17.1716 20
    endloop
  endfacet
  facet normal 0.903847 0.427856 0
    outer loop
      vertex 137.696 21.5307 20
      vertex 137.528 21.8856 6
      vertex 137.528 21.8856 20
    endloop
  endfacet
  facet normal 0.903847 0.427856 0
    outer loop
      vertex 137.528 21.8856 6
      vertex 137.696 21.5307 20
      vertex 137.696 21.5307 6
    endloop
  endfacet
  facet normal 0.857515 0.514458 0
    outer loop
      vertex 137.528 21.8856 20
      vertex 137.326 22.2223 6
      vertex 137.326 22.2223 20
    endloop
  endfacet
  facet normal 0.857515 0.514458 0
    outer loop
      vertex 137.326 22.2223 6
      vertex 137.528 21.8856 20
      vertex 137.528 21.8856 6
    endloop
  endfacet
  facet normal 0.803015 0.595958 0
    outer loop
      vertex 137.326 22.2223 20
      vertex 137.092 22.5376 6
      vertex 137.092 22.5376 20
    endloop
  endfacet
  facet normal 0.803015 0.595958 0
    outer loop
      vertex 137.092 22.5376 6
      vertex 137.326 22.2223 20
      vertex 137.326 22.2223 6
    endloop
  endfacet
  facet normal 0.672622 0.739986 -0
    outer loop
      vertex 136.828 22.8284 6
      vertex 136.538 23.092 20
      vertex 136.828 22.8284 20
    endloop
  endfacet
  facet normal 0.672622 0.739986 0
    outer loop
      vertex 136.538 23.092 20
      vertex 136.828 22.8284 6
      vertex 136.538 23.092 6
    endloop
  endfacet
  facet normal 0.0494344 0.998777 -0
    outer loop
      vertex 134.392 23.9807 6
      vertex 134.293 23.9856 13.5288
      vertex 134.392 23.9807 13.5537
    endloop
  endfacet
  facet normal 0.0492556 0.998786 -2.35789e-06
    outer loop
      vertex 134.392 23.9807 6
      vertex 134.147 23.9928 13.5072
      vertex 134.293 23.9856 13.5288
    endloop
  endfacet
  facet normal 0.0489216 0.998803 -1.32834e-05
    outer loop
      vertex 134.392 23.9807 6
      vertex 134 24 13.5
      vertex 134.147 23.9928 13.5072
    endloop
  endfacet
  facet normal 0.0491751 0.99879 0
    outer loop
      vertex 134 24 13.5
      vertex 134.392 23.9807 6
      vertex 134 24 6
    endloop
  endfacet
  facet normal 0.0491751 0.99879 1.06794e-05
    outer loop
      vertex 134.147 23.9928 16.4928
      vertex 134 24 20
      vertex 134.392 23.9807 20
    endloop
  endfacet
  facet normal 0.0489209 0.998803 0
    outer loop
      vertex 134 24 20
      vertex 134.147 23.9928 16.4928
      vertex 134 24 16.5
    endloop
  endfacet
  facet normal 0.049256 0.998786 5.01958e-06
    outer loop
      vertex 134.392 23.9807 20
      vertex 134.293 23.9856 16.4712
      vertex 134.147 23.9928 16.4928
    endloop
  endfacet
  facet normal 0.0494344 0.998777 0
    outer loop
      vertex 134.293 23.9856 16.4712
      vertex 134.392 23.9807 20
      vertex 134.392 23.9807 16.4463
    endloop
  endfacet
  facet normal 0.427342 0.90409 -0
    outer loop
      vertex 135.886 23.5277 6
      vertex 135.531 23.6955 20
      vertex 135.886 23.5277 20
    endloop
  endfacet
  facet normal 0.427342 0.90409 0
    outer loop
      vertex 135.531 23.6955 20
      vertex 135.886 23.5277 6
      vertex 135.531 23.6955 6
    endloop
  endfacet
  facet normal 0.371391 0.928477 -0
    outer loop
      vertex 135.161 23.8278 6
      vertex 135.16 23.8282 14.0484
      vertex 135.161 23.8278 14.0506
    endloop
  endfacet
  facet normal 0.242093 0.970253 -1.81412e-05
    outer loop
      vertex 135.161 23.8278 6
      vertex 135.061 23.8529 13.9393
      vertex 135.16 23.8282 14.0484
    endloop
  endfacet
  facet normal 0.243788 0.969829 4.54297e-06
    outer loop
      vertex 135.161 23.8278 6
      vertex 134.952 23.8803 13.8405
      vertex 135.061 23.8529 13.9393
    endloop
  endfacet
  facet normal 0.241427 0.970419 -6.23248e-05
    outer loop
      vertex 135.161 23.8278 6
      vertex 134.833 23.9099 13.7528
      vertex 134.952 23.8803 13.8405
    endloop
  endfacet
  facet normal 0.241702 0.97035 -4.99767e-05
    outer loop
      vertex 135.161 23.8278 6
      vertex 134.78 23.9231 13.721
      vertex 134.833 23.9099 13.7528
    endloop
  endfacet
  facet normal 0.242655 0.970113 0
    outer loop
      vertex 134.78 23.9231 13.721
      vertex 135.161 23.8278 6
      vertex 134.78 23.9231 6
    endloop
  endfacet
  facet normal 0.242655 0.970113 0
    outer loop
      vertex 135.161 23.8278 20
      vertex 134.78 23.9231 16.279
      vertex 134.78 23.9231 20
    endloop
  endfacet
  facet normal 0.241731 0.970343 0.00010059
    outer loop
      vertex 135.161 23.8278 20
      vertex 134.833 23.9099 16.2472
      vertex 134.78 23.9231 16.279
    endloop
  endfacet
  facet normal 0.241471 0.970408 0.000124734
    outer loop
      vertex 135.161 23.8278 20
      vertex 134.952 23.8803 16.1595
      vertex 134.833 23.9099 16.2472
    endloop
  endfacet
  facet normal 0.243784 0.96983 -9.0522e-06
    outer loop
      vertex 135.161 23.8278 20
      vertex 135.061 23.8529 16.0607
      vertex 134.952 23.8803 16.1595
    endloop
  endfacet
  facet normal 0.242112 0.970248 3.60606e-05
    outer loop
      vertex 135.161 23.8278 20
      vertex 135.16 23.8282 15.9516
      vertex 135.061 23.8529 16.0607
    endloop
  endfacet
  facet normal 0.371391 0.928477 0
    outer loop
      vertex 135.16 23.8282 15.9516
      vertex 135.161 23.8278 20
      vertex 135.161 23.8278 15.9494
    endloop
  endfacet
  facet normal -0.998828 0.0484002 0
    outer loop
      vertex 130 20 6
      vertex 130.019 20.3921 20
      vertex 130.019 20.3921 6
    endloop
  endfacet
  facet normal -0.998828 0.0484002 0
    outer loop
      vertex 130.019 20.3921 20
      vertex 130 20 6
      vertex 130 20 20
    endloop
  endfacet
  facet normal -0.970247 0.242116 0
    outer loop
      vertex 130.077 20.7804 6
      vertex 130.172 21.1611 20
      vertex 130.172 21.1611 6
    endloop
  endfacet
  facet normal -0.970247 0.242116 0
    outer loop
      vertex 130.172 21.1611 20
      vertex 130.077 20.7804 6
      vertex 130.077 20.7804 20
    endloop
  endfacet
  facet normal -0.740401 0.672166 0
    outer loop
      vertex 130.908 22.5376 6
      vertex 131.172 22.8284 20
      vertex 131.172 22.8284 6
    endloop
  endfacet
  facet normal -0.740401 0.672166 0
    outer loop
      vertex 131.172 22.8284 20
      vertex 130.908 22.5376 6
      vertex 130.908 22.5376 20
    endloop
  endfacet
  facet normal -0.803015 0.595958 0
    outer loop
      vertex 130.674 22.2223 6
      vertex 130.908 22.5376 20
      vertex 130.908 22.5376 6
    endloop
  endfacet
  facet normal -0.803015 0.595958 0
    outer loop
      vertex 130.908 22.5376 20
      vertex 130.674 22.2223 6
      vertex 130.674 22.2223 20
    endloop
  endfacet
  facet normal -0.0491751 0.99879 0
    outer loop
      vertex 133.608 23.9807 6
      vertex 134 24 13.5
      vertex 134 24 6
    endloop
  endfacet
  facet normal -0.0489216 0.998803 -1.32834e-05
    outer loop
      vertex 134 24 13.5
      vertex 133.608 23.9807 6
      vertex 133.853 23.9928 13.5072
    endloop
  endfacet
  facet normal -0.0492556 0.998786 -2.35789e-06
    outer loop
      vertex 133.853 23.9928 13.5072
      vertex 133.608 23.9807 6
      vertex 133.707 23.9856 13.5288
    endloop
  endfacet
  facet normal -0.0494344 0.998777 0
    outer loop
      vertex 133.707 23.9856 13.5288
      vertex 133.608 23.9807 6
      vertex 133.608 23.9807 13.5537
    endloop
  endfacet
  facet normal -0.0489209 0.998803 0
    outer loop
      vertex 133.853 23.9928 16.4928
      vertex 134 24 20
      vertex 134 24 16.5
    endloop
  endfacet
  facet normal -0.0491751 0.99879 1.06794e-05
    outer loop
      vertex 134 24 20
      vertex 133.853 23.9928 16.4928
      vertex 133.608 23.9807 20
    endloop
  endfacet
  facet normal -0.049256 0.998786 5.01958e-06
    outer loop
      vertex 133.707 23.9856 16.4712
      vertex 133.608 23.9807 20
      vertex 133.853 23.9928 16.4928
    endloop
  endfacet
  facet normal -0.0494344 0.998777 0
    outer loop
      vertex 133.608 23.9807 20
      vertex 133.707 23.9856 16.4712
      vertex 133.608 23.9807 16.4463
    endloop
  endfacet
  facet normal -0.146844 0.98916 0
    outer loop
      vertex 133.608 23.9807 16.4463
      vertex 133.22 23.9231 20
      vertex 133.608 23.9807 20
    endloop
  endfacet
  facet normal -0.147206 0.989106 -4.03104e-05
    outer loop
      vertex 133.565 23.9743 16.4354
      vertex 133.22 23.9231 20
      vertex 133.608 23.9807 16.4463
    endloop
  endfacet
  facet normal -0.146607 0.989195 1.8912e-05
    outer loop
      vertex 133.426 23.9537 16.3858
      vertex 133.22 23.9231 20
      vertex 133.565 23.9743 16.4354
    endloop
  endfacet
  facet normal -0.146532 0.989206 2.3245e-05
    outer loop
      vertex 133.293 23.934 16.3229
      vertex 133.22 23.9231 20
      vertex 133.426 23.9537 16.3858
    endloop
  endfacet
  facet normal -0.147678 0.989036 0
    outer loop
      vertex 133.22 23.9231 20
      vertex 133.293 23.934 16.3229
      vertex 133.22 23.9231 16.279
    endloop
  endfacet
  facet normal -0.146844 0.98916 0
    outer loop
      vertex 133.22 23.9231 6
      vertex 133.608 23.9807 13.5537
      vertex 133.608 23.9807 6
    endloop
  endfacet
  facet normal -0.147211 0.989105 1.92387e-05
    outer loop
      vertex 133.608 23.9807 13.5537
      vertex 133.22 23.9231 6
      vertex 133.565 23.9743 13.5646
    endloop
  endfacet
  facet normal -0.146603 0.989195 -9.07186e-06
    outer loop
      vertex 133.565 23.9743 13.5646
      vertex 133.22 23.9231 6
      vertex 133.426 23.9537 13.6142
    endloop
  endfacet
  facet normal -0.146527 0.989207 -1.11879e-05
    outer loop
      vertex 133.426 23.9537 13.6142
      vertex 133.22 23.9231 6
      vertex 133.293 23.934 13.6771
    endloop
  endfacet
  facet normal -0.147678 0.989036 0
    outer loop
      vertex 133.293 23.934 13.6771
      vertex 133.22 23.9231 6
      vertex 133.22 23.9231 13.721
    endloop
  endfacet
  facet normal -0.427342 0.90409 0
    outer loop
      vertex 132.469 23.6955 6
      vertex 132.114 23.5277 20
      vertex 132.469 23.6955 20
    endloop
  endfacet
  facet normal -0.427342 0.90409 0
    outer loop
      vertex 132.114 23.5277 20
      vertex 132.469 23.6955 6
      vertex 132.114 23.5277 6
    endloop
  endfacet
  facet normal -0.514871 0.857268 0
    outer loop
      vertex 132.114 23.5277 6
      vertex 131.778 23.3259 20
      vertex 132.114 23.5277 20
    endloop
  endfacet
  facet normal -0.514871 0.857268 0
    outer loop
      vertex 131.778 23.3259 20
      vertex 132.114 23.5277 6
      vertex 131.778 23.3259 6
    endloop
  endfacet
  facet normal -0.672622 0.739986 0
    outer loop
      vertex 131.462 23.092 6
      vertex 131.172 22.8284 20
      vertex 131.462 23.092 20
    endloop
  endfacet
  facet normal -0.672622 0.739986 0
    outer loop
      vertex 131.172 22.8284 20
      vertex 131.462 23.092 6
      vertex 131.172 22.8284 6
    endloop
  endfacet
  facet normal 0.998828 0.0484002 0
    outer loop
      vertex 138 20 20
      vertex 137.981 20.3921 6
      vertex 137.981 20.3921 20
    endloop
  endfacet
  facet normal 0.998828 0.0484002 0
    outer loop
      vertex 137.981 20.3921 6
      vertex 138 20 20
      vertex 138 20 6
    endloop
  endfacet
  facet normal 0.989028 -0.14773 0
    outer loop
      vertex 137.923 19.2196 20
      vertex 137.981 19.6079 6
      vertex 137.981 19.6079 20
    endloop
  endfacet
  facet normal 0.989028 -0.14773 0
    outer loop
      vertex 137.981 19.6079 6
      vertex 137.923 19.2196 20
      vertex 137.923 19.2196 6
    endloop
  endfacet
  facet normal 0.0491751 -0.99879 0
    outer loop
      vertex 134.392 16.0193 6
      vertex 134 16 13.5
      vertex 134 16 6
    endloop
  endfacet
  facet normal 0.0489216 -0.998803 -1.32834e-05
    outer loop
      vertex 134 16 13.5
      vertex 134.392 16.0193 6
      vertex 134.147 16.0072 13.5072
    endloop
  endfacet
  facet normal 0.0492556 -0.998786 -2.35789e-06
    outer loop
      vertex 134.147 16.0072 13.5072
      vertex 134.392 16.0193 6
      vertex 134.293 16.0144 13.5288
    endloop
  endfacet
  facet normal 0.0494344 -0.998777 0
    outer loop
      vertex 134.293 16.0144 13.5288
      vertex 134.392 16.0193 6
      vertex 134.392 16.0193 13.5537
    endloop
  endfacet
  facet normal 0.0489209 -0.998803 0
    outer loop
      vertex 134.147 16.0072 16.4928
      vertex 134 16 20
      vertex 134 16 16.5
    endloop
  endfacet
  facet normal 0.0491751 -0.99879 1.06794e-05
    outer loop
      vertex 134 16 20
      vertex 134.147 16.0072 16.4928
      vertex 134.392 16.0193 20
    endloop
  endfacet
  facet normal 0.049256 -0.998786 5.01958e-06
    outer loop
      vertex 134.293 16.0144 16.4712
      vertex 134.392 16.0193 20
      vertex 134.147 16.0072 16.4928
    endloop
  endfacet
  facet normal 0.0494344 -0.998777 0
    outer loop
      vertex 134.392 16.0193 20
      vertex 134.293 16.0144 16.4712
      vertex 134.392 16.0193 16.4463
    endloop
  endfacet
  facet normal 0.803015 -0.595958 0
    outer loop
      vertex 137.092 17.4624 20
      vertex 137.326 17.7777 6
      vertex 137.326 17.7777 20
    endloop
  endfacet
  facet normal 0.803015 -0.595958 0
    outer loop
      vertex 137.326 17.7777 6
      vertex 137.092 17.4624 20
      vertex 137.092 17.4624 6
    endloop
  endfacet
  facet normal 0.514871 -0.857268 0
    outer loop
      vertex 135.886 16.4723 6
      vertex 136.222 16.6741 20
      vertex 135.886 16.4723 20
    endloop
  endfacet
  facet normal 0.514871 -0.857268 0
    outer loop
      vertex 136.222 16.6741 20
      vertex 135.886 16.4723 6
      vertex 136.222 16.6741 6
    endloop
  endfacet
  facet normal 0.672622 -0.739986 0
    outer loop
      vertex 136.538 16.908 6
      vertex 136.828 17.1716 20
      vertex 136.538 16.908 20
    endloop
  endfacet
  facet normal 0.672622 -0.739986 0
    outer loop
      vertex 136.828 17.1716 20
      vertex 136.538 16.908 6
      vertex 136.828 17.1716 6
    endloop
  endfacet
  facet normal 0.594942 -0.803769 0
    outer loop
      vertex 136.222 16.6741 6
      vertex 136.538 16.908 20
      vertex 136.222 16.6741 20
    endloop
  endfacet
  facet normal 0.594942 -0.803769 0
    outer loop
      vertex 136.538 16.908 20
      vertex 136.222 16.6741 6
      vertex 136.538 16.908 6
    endloop
  endfacet
  facet normal -0.242655 -0.970113 0
    outer loop
      vertex 132.839 16.1722 20
      vertex 133.22 16.0769 16.279
      vertex 133.22 16.0769 20
    endloop
  endfacet
  facet normal -0.241731 -0.970343 0.00010059
    outer loop
      vertex 132.839 16.1722 20
      vertex 133.167 16.0901 16.2472
      vertex 133.22 16.0769 16.279
    endloop
  endfacet
  facet normal -0.241471 -0.970408 0.000124734
    outer loop
      vertex 132.839 16.1722 20
      vertex 133.048 16.1197 16.1595
      vertex 133.167 16.0901 16.2472
    endloop
  endfacet
  facet normal -0.243784 -0.96983 -9.0522e-06
    outer loop
      vertex 132.839 16.1722 20
      vertex 132.939 16.1471 16.0607
      vertex 133.048 16.1197 16.1595
    endloop
  endfacet
  facet normal -0.242112 -0.970248 3.60606e-05
    outer loop
      vertex 132.839 16.1722 20
      vertex 132.84 16.1718 15.9516
      vertex 132.939 16.1471 16.0607
    endloop
  endfacet
  facet normal -0.371391 -0.928477 0
    outer loop
      vertex 132.84 16.1718 15.9516
      vertex 132.839 16.1722 20
      vertex 132.839 16.1722 15.9494
    endloop
  endfacet
  facet normal -0.371391 -0.928477 0
    outer loop
      vertex 132.839 16.1722 6
      vertex 132.84 16.1718 14.0484
      vertex 132.839 16.1722 14.0506
    endloop
  endfacet
  facet normal -0.242093 -0.970253 -1.81412e-05
    outer loop
      vertex 132.839 16.1722 6
      vertex 132.939 16.1471 13.9393
      vertex 132.84 16.1718 14.0484
    endloop
  endfacet
  facet normal -0.243788 -0.969829 4.54297e-06
    outer loop
      vertex 132.839 16.1722 6
      vertex 133.048 16.1197 13.8405
      vertex 132.939 16.1471 13.9393
    endloop
  endfacet
  facet normal -0.241427 -0.970419 -6.23248e-05
    outer loop
      vertex 132.839 16.1722 6
      vertex 133.167 16.0901 13.7528
      vertex 133.048 16.1197 13.8405
    endloop
  endfacet
  facet normal -0.241702 -0.97035 -4.99767e-05
    outer loop
      vertex 132.839 16.1722 6
      vertex 133.22 16.0769 13.721
      vertex 133.167 16.0901 13.7528
    endloop
  endfacet
  facet normal -0.242655 -0.970113 -0
    outer loop
      vertex 133.22 16.0769 13.721
      vertex 132.839 16.1722 6
      vertex 133.22 16.0769 6
    endloop
  endfacet
  facet normal -0.336691 -0.941615 0
    outer loop
      vertex 132.469 16.3045 20
      vertex 132.839 16.1722 15.9494
      vertex 132.839 16.1722 20
    endloop
  endfacet
  facet normal -0.337116 -0.941463 -4.37922e-05
    outer loop
      vertex 132.469 16.3045 20
      vertex 132.753 16.203 15.8334
      vertex 132.839 16.1722 15.9494
    endloop
  endfacet
  facet normal -0.335935 -0.941885 4.70234e-05
    outer loop
      vertex 132.469 16.3045 20
      vertex 132.677 16.2301 15.7071
      vertex 132.753 16.203 15.8334
    endloop
  endfacet
  facet normal -0.336379 -0.941727 2.27426e-05
    outer loop
      vertex 132.469 16.3045 20
      vertex 132.614 16.2526 15.574
      vertex 132.677 16.2301 15.7071
    endloop
  endfacet
  facet normal -0.341059 -0.940042 -0.000150346
    outer loop
      vertex 132.469 16.3045 20
      vertex 132.565 16.2704 15.4354
      vertex 132.614 16.2526 15.574
    endloop
  endfacet
  facet normal -0.334987 -0.942223 -6.35084e-06
    outer loop
      vertex 132.469 16.3045 20
      vertex 132.529 16.2832 15.2926
      vertex 132.565 16.2704 15.4354
    endloop
  endfacet
  facet normal -0.330677 -0.943744 5.54655e-05
    outer loop
      vertex 132.469 16.3045 20
      vertex 132.507 16.2909 15.147
      vertex 132.529 16.2832 15.2926
    endloop
  endfacet
  facet normal -0.346611 -0.938009 -8.53662e-05
    outer loop
      vertex 132.469 16.3045 20
      vertex 132.5 16.2935 15
      vertex 132.507 16.2909 15.147
    endloop
  endfacet
  facet normal -0.33441 -0.942428 0
    outer loop
      vertex 132.469 16.3045 6
      vertex 132.5 16.2935 15
      vertex 132.469 16.3045 20
    endloop
  endfacet
  facet normal -0.347264 -0.937767 4.99721e-05
    outer loop
      vertex 132.469 16.3045 6
      vertex 132.507 16.2909 14.853
      vertex 132.5 16.2935 15
    endloop
  endfacet
  facet normal -0.330534 -0.943794 -3.10987e-05
    outer loop
      vertex 132.469 16.3045 6
      vertex 132.529 16.2832 14.7074
      vertex 132.507 16.2909 14.853
    endloop
  endfacet
  facet normal -0.334997 -0.942219 3.511e-06
    outer loop
      vertex 132.469 16.3045 6
      vertex 132.565 16.2704 14.5646
      vertex 132.529 16.2832 14.7074
    endloop
  endfacet
  facet normal -0.341229 -0.93998 8.22809e-05
    outer loop
      vertex 132.469 16.3045 6
      vertex 132.614 16.2526 14.426
      vertex 132.565 16.2704 14.5646
    endloop
  endfacet
  facet normal -0.336359 -0.941734 -1.23251e-05
    outer loop
      vertex 132.469 16.3045 6
      vertex 132.677 16.2301 14.2929
      vertex 132.614 16.2526 14.426
    endloop
  endfacet
  facet normal -0.335903 -0.941897 -2.525e-05
    outer loop
      vertex 132.469 16.3045 6
      vertex 132.753 16.203 14.1666
      vertex 132.677 16.2301 14.2929
    endloop
  endfacet
  facet normal -0.337141 -0.941454 2.33036e-05
    outer loop
      vertex 132.469 16.3045 6
      vertex 132.839 16.1722 14.0506
      vertex 132.753 16.203 14.1666
    endloop
  endfacet
  facet normal -0.336691 -0.941615 -0
    outer loop
      vertex 132.839 16.1722 14.0506
      vertex 132.469 16.3045 6
      vertex 132.839 16.1722 6
    endloop
  endfacet
  facet normal -0.147678 -0.989036 0
    outer loop
      vertex 133.22 16.0769 6
      vertex 133.293 16.066 13.6771
      vertex 133.22 16.0769 13.721
    endloop
  endfacet
  facet normal -0.146527 -0.989207 -1.11879e-05
    outer loop
      vertex 133.22 16.0769 6
      vertex 133.426 16.0463 13.6142
      vertex 133.293 16.066 13.6771
    endloop
  endfacet
  facet normal -0.146603 -0.989195 -9.07186e-06
    outer loop
      vertex 133.22 16.0769 6
      vertex 133.565 16.0257 13.5646
      vertex 133.426 16.0463 13.6142
    endloop
  endfacet
  facet normal -0.147211 -0.989105 1.92387e-05
    outer loop
      vertex 133.22 16.0769 6
      vertex 133.608 16.0193 13.5537
      vertex 133.565 16.0257 13.5646
    endloop
  endfacet
  facet normal -0.146844 -0.98916 -0
    outer loop
      vertex 133.608 16.0193 13.5537
      vertex 133.22 16.0769 6
      vertex 133.608 16.0193 6
    endloop
  endfacet
  facet normal -0.146844 -0.98916 0
    outer loop
      vertex 133.22 16.0769 20
      vertex 133.608 16.0193 16.4463
      vertex 133.608 16.0193 20
    endloop
  endfacet
  facet normal -0.147206 -0.989106 -4.03104e-05
    outer loop
      vertex 133.22 16.0769 20
      vertex 133.565 16.0257 16.4354
      vertex 133.608 16.0193 16.4463
    endloop
  endfacet
  facet normal -0.146607 -0.989195 1.8912e-05
    outer loop
      vertex 133.22 16.0769 20
      vertex 133.426 16.0463 16.3858
      vertex 133.565 16.0257 16.4354
    endloop
  endfacet
  facet normal -0.146532 -0.989206 2.3245e-05
    outer loop
      vertex 133.22 16.0769 20
      vertex 133.293 16.066 16.3229
      vertex 133.426 16.0463 16.3858
    endloop
  endfacet
  facet normal -0.147678 -0.989036 0
    outer loop
      vertex 133.293 16.066 16.3229
      vertex 133.22 16.0769 20
      vertex 133.22 16.0769 16.279
    endloop
  endfacet
  facet normal -0.427342 -0.90409 0
    outer loop
      vertex 132.114 16.4723 6
      vertex 132.469 16.3045 20
      vertex 132.114 16.4723 20
    endloop
  endfacet
  facet normal -0.427342 -0.90409 -0
    outer loop
      vertex 132.469 16.3045 20
      vertex 132.114 16.4723 6
      vertex 132.469 16.3045 6
    endloop
  endfacet
  facet normal -0.672622 -0.739986 0
    outer loop
      vertex 131.172 17.1716 6
      vertex 131.462 16.908 20
      vertex 131.172 17.1716 20
    endloop
  endfacet
  facet normal -0.672622 -0.739986 -0
    outer loop
      vertex 131.462 16.908 20
      vertex 131.172 17.1716 6
      vertex 131.462 16.908 6
    endloop
  endfacet
  facet normal -0.970247 -0.242116 0
    outer loop
      vertex 130.172 18.8389 6
      vertex 130.077 19.2196 20
      vertex 130.077 19.2196 6
    endloop
  endfacet
  facet normal -0.970247 -0.242116 0
    outer loop
      vertex 130.077 19.2196 20
      vertex 130.172 18.8389 6
      vertex 130.172 18.8389 20
    endloop
  endfacet
  facet normal -0.998828 -0.0484002 0
    outer loop
      vertex 130.019 19.6079 6
      vertex 130 20 20
      vertex 130 20 6
    endloop
  endfacet
  facet normal -0.998828 -0.0484002 0
    outer loop
      vertex 130 20 20
      vertex 130.019 19.6079 6
      vertex 130.019 19.6079 20
    endloop
  endfacet
  facet normal -0.803015 -0.595958 0
    outer loop
      vertex 130.908 17.4624 6
      vertex 130.674 17.7777 20
      vertex 130.674 17.7777 6
    endloop
  endfacet
  facet normal -0.803015 -0.595958 0
    outer loop
      vertex 130.674 17.7777 20
      vertex 130.908 17.4624 6
      vertex 130.908 17.4624 20
    endloop
  endfacet
  facet normal 0.989028 0.14773 0
    outer loop
      vertex 137.981 20.3921 20
      vertex 137.923 20.7804 6
      vertex 137.923 20.7804 20
    endloop
  endfacet
  facet normal 0.989028 0.14773 0
    outer loop
      vertex 137.923 20.7804 6
      vertex 137.981 20.3921 20
      vertex 137.981 20.3921 6
    endloop
  endfacet
  facet normal 0.147678 0.989036 -0
    outer loop
      vertex 134.78 23.9231 6
      vertex 134.707 23.934 13.6771
      vertex 134.78 23.9231 13.721
    endloop
  endfacet
  facet normal 0.146527 0.989207 -1.11879e-05
    outer loop
      vertex 134.78 23.9231 6
      vertex 134.574 23.9537 13.6142
      vertex 134.707 23.934 13.6771
    endloop
  endfacet
  facet normal 0.146603 0.989195 -9.07186e-06
    outer loop
      vertex 134.78 23.9231 6
      vertex 134.435 23.9743 13.5646
      vertex 134.574 23.9537 13.6142
    endloop
  endfacet
  facet normal 0.147211 0.989105 1.92387e-05
    outer loop
      vertex 134.78 23.9231 6
      vertex 134.392 23.9807 13.5537
      vertex 134.435 23.9743 13.5646
    endloop
  endfacet
  facet normal 0.146844 0.98916 0
    outer loop
      vertex 134.392 23.9807 13.5537
      vertex 134.78 23.9231 6
      vertex 134.392 23.9807 6
    endloop
  endfacet
  facet normal 0.146844 0.98916 0
    outer loop
      vertex 134.78 23.9231 20
      vertex 134.392 23.9807 16.4463
      vertex 134.392 23.9807 20
    endloop
  endfacet
  facet normal 0.147206 0.989106 -4.03104e-05
    outer loop
      vertex 134.78 23.9231 20
      vertex 134.435 23.9743 16.4354
      vertex 134.392 23.9807 16.4463
    endloop
  endfacet
  facet normal 0.146607 0.989195 1.8912e-05
    outer loop
      vertex 134.78 23.9231 20
      vertex 134.574 23.9537 16.3858
      vertex 134.435 23.9743 16.4354
    endloop
  endfacet
  facet normal 0.146532 0.989206 2.3245e-05
    outer loop
      vertex 134.78 23.9231 20
      vertex 134.707 23.934 16.3229
      vertex 134.574 23.9537 16.3858
    endloop
  endfacet
  facet normal 0.147678 0.989036 0
    outer loop
      vertex 134.707 23.934 16.3229
      vertex 134.78 23.9231 20
      vertex 134.78 23.9231 16.279
    endloop
  endfacet
  facet normal 0.336691 0.941615 0
    outer loop
      vertex 135.531 23.6955 20
      vertex 135.161 23.8278 15.9494
      vertex 135.161 23.8278 20
    endloop
  endfacet
  facet normal 0.337116 0.941463 -4.37922e-05
    outer loop
      vertex 135.531 23.6955 20
      vertex 135.247 23.797 15.8334
      vertex 135.161 23.8278 15.9494
    endloop
  endfacet
  facet normal 0.335935 0.941885 4.70234e-05
    outer loop
      vertex 135.531 23.6955 20
      vertex 135.323 23.7699 15.7071
      vertex 135.247 23.797 15.8334
    endloop
  endfacet
  facet normal 0.336379 0.941727 2.27426e-05
    outer loop
      vertex 135.531 23.6955 20
      vertex 135.386 23.7474 15.574
      vertex 135.323 23.7699 15.7071
    endloop
  endfacet
  facet normal 0.341059 0.940042 -0.000150346
    outer loop
      vertex 135.531 23.6955 20
      vertex 135.435 23.7296 15.4354
      vertex 135.386 23.7474 15.574
    endloop
  endfacet
  facet normal 0.334987 0.942223 -6.35084e-06
    outer loop
      vertex 135.531 23.6955 20
      vertex 135.471 23.7168 15.2926
      vertex 135.435 23.7296 15.4354
    endloop
  endfacet
  facet normal 0.330677 0.943744 5.54655e-05
    outer loop
      vertex 135.531 23.6955 20
      vertex 135.493 23.7091 15.147
      vertex 135.471 23.7168 15.2926
    endloop
  endfacet
  facet normal 0.346611 0.938009 -8.53662e-05
    outer loop
      vertex 135.531 23.6955 20
      vertex 135.5 23.7065 15
      vertex 135.493 23.7091 15.147
    endloop
  endfacet
  facet normal 0.33441 0.942428 -0
    outer loop
      vertex 135.531 23.6955 6
      vertex 135.5 23.7065 15
      vertex 135.531 23.6955 20
    endloop
  endfacet
  facet normal 0.347264 0.937767 4.99721e-05
    outer loop
      vertex 135.531 23.6955 6
      vertex 135.493 23.7091 14.853
      vertex 135.5 23.7065 15
    endloop
  endfacet
  facet normal 0.330534 0.943794 -3.10987e-05
    outer loop
      vertex 135.531 23.6955 6
      vertex 135.471 23.7168 14.7074
      vertex 135.493 23.7091 14.853
    endloop
  endfacet
  facet normal 0.334997 0.942219 3.511e-06
    outer loop
      vertex 135.531 23.6955 6
      vertex 135.435 23.7296 14.5646
      vertex 135.471 23.7168 14.7074
    endloop
  endfacet
  facet normal 0.341229 0.93998 8.22809e-05
    outer loop
      vertex 135.531 23.6955 6
      vertex 135.386 23.7474 14.426
      vertex 135.435 23.7296 14.5646
    endloop
  endfacet
  facet normal 0.336359 0.941734 -1.23251e-05
    outer loop
      vertex 135.531 23.6955 6
      vertex 135.323 23.7699 14.2929
      vertex 135.386 23.7474 14.426
    endloop
  endfacet
  facet normal 0.335903 0.941897 -2.525e-05
    outer loop
      vertex 135.531 23.6955 6
      vertex 135.247 23.797 14.1666
      vertex 135.323 23.7699 14.2929
    endloop
  endfacet
  facet normal 0.337141 0.941454 2.33036e-05
    outer loop
      vertex 135.531 23.6955 6
      vertex 135.161 23.8278 14.0506
      vertex 135.247 23.797 14.1666
    endloop
  endfacet
  facet normal 0.336691 0.941615 0
    outer loop
      vertex 135.161 23.8278 14.0506
      vertex 135.531 23.6955 6
      vertex 135.161 23.8278 6
    endloop
  endfacet
  facet normal 0 0 1
    outer loop
      vertex 137.981 20.3921 20
      vertex 137.981 19.6079 20
      vertex 138 20 20
    endloop
  endfacet
  facet normal 0 0 1
    outer loop
      vertex 137.923 20.7804 20
      vertex 137.981 19.6079 20
      vertex 137.981 20.3921 20
    endloop
  endfacet
  facet normal 0 0 1
    outer loop
      vertex 137.923 20.7804 20
      vertex 137.923 19.2196 20
      vertex 137.981 19.6079 20
    endloop
  endfacet
  facet normal 0 0 1
    outer loop
      vertex 137.828 21.1611 20
      vertex 137.923 19.2196 20
      vertex 137.923 20.7804 20
    endloop
  endfacet
  facet normal 0 0 1
    outer loop
      vertex 137.828 21.1611 20
      vertex 137.828 18.8389 20
      vertex 137.923 19.2196 20
    endloop
  endfacet
  facet normal 0 0 1
    outer loop
      vertex 137.696 21.5307 20
      vertex 137.828 18.8389 20
      vertex 137.828 21.1611 20
    endloop
  endfacet
  facet normal 0 0 1
    outer loop
      vertex 137.696 21.5307 20
      vertex 137.696 18.4693 20
      vertex 137.828 18.8389 20
    endloop
  endfacet
  facet normal 0 0 1
    outer loop
      vertex 137.528 21.8856 20
      vertex 137.696 18.4693 20
      vertex 137.696 21.5307 20
    endloop
  endfacet
  facet normal 0 0 1
    outer loop
      vertex 137.528 21.8856 20
      vertex 137.528 18.1144 20
      vertex 137.696 18.4693 20
    endloop
  endfacet
  facet normal 0 0 1
    outer loop
      vertex 137.326 22.2223 20
      vertex 137.528 18.1144 20
      vertex 137.528 21.8856 20
    endloop
  endfacet
  facet normal 0 0 1
    outer loop
      vertex 137.326 22.2223 20
      vertex 137.326 17.7777 20
      vertex 137.528 18.1144 20
    endloop
  endfacet
  facet normal 0 0 1
    outer loop
      vertex 137.092 22.5376 20
      vertex 137.326 17.7777 20
      vertex 137.326 22.2223 20
    endloop
  endfacet
  facet normal 0 0 1
    outer loop
      vertex 137.092 22.5376 20
      vertex 137.092 17.4624 20
      vertex 137.326 17.7777 20
    endloop
  endfacet
  facet normal 0 0 1
    outer loop
      vertex 136.828 22.8284 20
      vertex 137.092 17.4624 20
      vertex 137.092 22.5376 20
    endloop
  endfacet
  facet normal 0 0 1
    outer loop
      vertex 136.828 22.8284 20
      vertex 136.828 17.1716 20
      vertex 137.092 17.4624 20
    endloop
  endfacet
  facet normal 0 0 1
    outer loop
      vertex 136.538 23.092 20
      vertex 136.828 17.1716 20
      vertex 136.828 22.8284 20
    endloop
  endfacet
  facet normal 0 0 1
    outer loop
      vertex 136.538 23.092 20
      vertex 136.538 16.908 20
      vertex 136.828 17.1716 20
    endloop
  endfacet
  facet normal 0 0 1
    outer loop
      vertex 136.222 23.3259 20
      vertex 136.538 16.908 20
      vertex 136.538 23.092 20
    endloop
  endfacet
  facet normal 0 0 1
    outer loop
      vertex 136.222 23.3259 20
      vertex 136.222 16.6741 20
      vertex 136.538 16.908 20
    endloop
  endfacet
  facet normal 0 0 1
    outer loop
      vertex 135.886 23.5277 20
      vertex 136.222 16.6741 20
      vertex 136.222 23.3259 20
    endloop
  endfacet
  facet normal 0 0 1
    outer loop
      vertex 135.886 23.5277 20
      vertex 135.886 16.4723 20
      vertex 136.222 16.6741 20
    endloop
  endfacet
  facet normal 0 0 1
    outer loop
      vertex 135.531 23.6955 20
      vertex 135.886 16.4723 20
      vertex 135.886 23.5277 20
    endloop
  endfacet
  facet normal 0 0 1
    outer loop
      vertex 135.531 23.6955 20
      vertex 135.531 16.3045 20
      vertex 135.886 16.4723 20
    endloop
  endfacet
  facet normal 0 0 1
    outer loop
      vertex 135.161 23.8278 20
      vertex 135.531 16.3045 20
      vertex 135.531 23.6955 20
    endloop
  endfacet
  facet normal 0 0 1
    outer loop
      vertex 135.161 23.8278 20
      vertex 135.161 16.1722 20
      vertex 135.531 16.3045 20
    endloop
  endfacet
  facet normal 0 0 1
    outer loop
      vertex 134.78 23.9231 20
      vertex 135.161 16.1722 20
      vertex 135.161 23.8278 20
    endloop
  endfacet
  facet normal 0 0 1
    outer loop
      vertex 134.78 23.9231 20
      vertex 134.78 16.0769 20
      vertex 135.161 16.1722 20
    endloop
  endfacet
  facet normal 0 0 1
    outer loop
      vertex 134.392 23.9807 20
      vertex 134.78 16.0769 20
      vertex 134.78 23.9231 20
    endloop
  endfacet
  facet normal 0 0 1
    outer loop
      vertex 134.392 23.9807 20
      vertex 134.392 16.0193 20
      vertex 134.78 16.0769 20
    endloop
  endfacet
  facet normal 0 0 1
    outer loop
      vertex 134 24 20
      vertex 134.392 16.0193 20
      vertex 134.392 23.9807 20
    endloop
  endfacet
  facet normal 0 0 1
    outer loop
      vertex 134 24 20
      vertex 134 16 20
      vertex 134.392 16.0193 20
    endloop
  endfacet
  facet normal -0 0 1
    outer loop
      vertex 133.608 23.9807 20
      vertex 134 16 20
      vertex 134 24 20
    endloop
  endfacet
  facet normal 0 0 1
    outer loop
      vertex 133.608 23.9807 20
      vertex 133.608 16.0193 20
      vertex 134 16 20
    endloop
  endfacet
  facet normal -0 0 1
    outer loop
      vertex 133.22 23.9231 20
      vertex 133.608 16.0193 20
      vertex 133.608 23.9807 20
    endloop
  endfacet
  facet normal 0 0 1
    outer loop
      vertex 133.22 23.9231 20
      vertex 133.22 16.0769 20
      vertex 133.608 16.0193 20
    endloop
  endfacet
  facet normal -0 0 1
    outer loop
      vertex 132.839 23.8278 20
      vertex 133.22 16.0769 20
      vertex 133.22 23.9231 20
    endloop
  endfacet
  facet normal 0 0 1
    outer loop
      vertex 132.839 23.8278 20
      vertex 132.839 16.1722 20
      vertex 133.22 16.0769 20
    endloop
  endfacet
  facet normal -0 0 1
    outer loop
      vertex 132.469 23.6955 20
      vertex 132.839 16.1722 20
      vertex 132.839 23.8278 20
    endloop
  endfacet
  facet normal 0 0 1
    outer loop
      vertex 132.469 23.6955 20
      vertex 132.469 16.3045 20
      vertex 132.839 16.1722 20
    endloop
  endfacet
  facet normal -0 0 1
    outer loop
      vertex 132.114 23.5277 20
      vertex 132.469 16.3045 20
      vertex 132.469 23.6955 20
    endloop
  endfacet
  facet normal 0 0 1
    outer loop
      vertex 132.114 23.5277 20
      vertex 132.114 16.4723 20
      vertex 132.469 16.3045 20
    endloop
  endfacet
  facet normal -0 0 1
    outer loop
      vertex 131.778 23.3259 20
      vertex 132.114 16.4723 20
      vertex 132.114 23.5277 20
    endloop
  endfacet
  facet normal 0 0 1
    outer loop
      vertex 131.778 23.3259 20
      vertex 131.778 16.6741 20
      vertex 132.114 16.4723 20
    endloop
  endfacet
  facet normal -0 0 1
    outer loop
      vertex 131.462 23.092 20
      vertex 131.778 16.6741 20
      vertex 131.778 23.3259 20
    endloop
  endfacet
  facet normal 0 0 1
    outer loop
      vertex 131.462 23.092 20
      vertex 131.462 16.908 20
      vertex 131.778 16.6741 20
    endloop
  endfacet
  facet normal -0 0 1
    outer loop
      vertex 131.172 22.8284 20
      vertex 131.462 16.908 20
      vertex 131.462 23.092 20
    endloop
  endfacet
  facet normal 0 0 1
    outer loop
      vertex 131.172 22.8284 20
      vertex 131.172 17.1716 20
      vertex 131.462 16.908 20
    endloop
  endfacet
  facet normal -0 0 1
    outer loop
      vertex 130.908 22.5376 20
      vertex 131.172 17.1716 20
      vertex 131.172 22.8284 20
    endloop
  endfacet
  facet normal 0 0 1
    outer loop
      vertex 130.908 22.5376 20
      vertex 130.908 17.4624 20
      vertex 131.172 17.1716 20
    endloop
  endfacet
  facet normal -0 0 1
    outer loop
      vertex 130.674 22.2223 20
      vertex 130.908 17.4624 20
      vertex 130.908 22.5376 20
    endloop
  endfacet
  facet normal 0 0 1
    outer loop
      vertex 130.674 22.2223 20
      vertex 130.674 17.7777 20
      vertex 130.908 17.4624 20
    endloop
  endfacet
  facet normal -0 0 1
    outer loop
      vertex 130.472 21.8856 20
      vertex 130.674 17.7777 20
      vertex 130.674 22.2223 20
    endloop
  endfacet
  facet normal 0 0 1
    outer loop
      vertex 130.472 21.8856 20
      vertex 130.472 18.1144 20
      vertex 130.674 17.7777 20
    endloop
  endfacet
  facet normal -0 0 1
    outer loop
      vertex 130.304 21.5307 20
      vertex 130.472 18.1144 20
      vertex 130.472 21.8856 20
    endloop
  endfacet
  facet normal 0 0 1
    outer loop
      vertex 130.304 21.5307 20
      vertex 130.304 18.4693 20
      vertex 130.472 18.1144 20
    endloop
  endfacet
  facet normal -0 0 1
    outer loop
      vertex 130.172 21.1611 20
      vertex 130.304 18.4693 20
      vertex 130.304 21.5307 20
    endloop
  endfacet
  facet normal 0 0 1
    outer loop
      vertex 130.172 21.1611 20
      vertex 130.172 18.8389 20
      vertex 130.304 18.4693 20
    endloop
  endfacet
  facet normal -0 0 1
    outer loop
      vertex 130.077 20.7804 20
      vertex 130.172 18.8389 20
      vertex 130.172 21.1611 20
    endloop
  endfacet
  facet normal 0 0 1
    outer loop
      vertex 130.077 20.7804 20
      vertex 130.077 19.2196 20
      vertex 130.172 18.8389 20
    endloop
  endfacet
  facet normal -0 0 1
    outer loop
      vertex 130.019 20.3921 20
      vertex 130.077 19.2196 20
      vertex 130.077 20.7804 20
    endloop
  endfacet
  facet normal 0 0 1
    outer loop
      vertex 130.019 20.3921 20
      vertex 130.019 19.6079 20
      vertex 130.077 19.2196 20
    endloop
  endfacet
  facet normal 0 -0 1
    outer loop
      vertex 130.019 19.6079 20
      vertex 130.019 20.3921 20
      vertex 130 20 20
    endloop
  endfacet
  facet normal -0.989028 0.14773 0
    outer loop
      vertex 130.019 20.3921 6
      vertex 130.077 20.7804 20
      vertex 130.077 20.7804 6
    endloop
  endfacet
  facet normal -0.989028 0.14773 0
    outer loop
      vertex 130.077 20.7804 20
      vertex 130.019 20.3921 6
      vertex 130.019 20.3921 20
    endloop
  endfacet
  facet normal -0.941742 0.336336 0
    outer loop
      vertex 130.172 21.1611 6
      vertex 130.304 21.5307 20
      vertex 130.304 21.5307 6
    endloop
  endfacet
  facet normal -0.941742 0.336336 0
    outer loop
      vertex 130.304 21.5307 20
      vertex 130.172 21.1611 6
      vertex 130.172 21.1611 20
    endloop
  endfacet
  facet normal -0.857515 0.514458 0
    outer loop
      vertex 130.472 21.8856 6
      vertex 130.674 22.2223 20
      vertex 130.674 22.2223 6
    endloop
  endfacet
  facet normal -0.857515 0.514458 0
    outer loop
      vertex 130.674 22.2223 20
      vertex 130.472 21.8856 6
      vertex 130.472 21.8856 20
    endloop
  endfacet
  facet normal -0.242655 0.970113 0
    outer loop
      vertex 132.839 23.8278 6
      vertex 133.22 23.9231 13.721
      vertex 133.22 23.9231 6
    endloop
  endfacet
  facet normal -0.241702 0.97035 -4.99767e-05
    outer loop
      vertex 133.22 23.9231 13.721
      vertex 132.839 23.8278 6
      vertex 133.167 23.9099 13.7528
    endloop
  endfacet
  facet normal -0.241427 0.970419 -6.23248e-05
    outer loop
      vertex 133.167 23.9099 13.7528
      vertex 132.839 23.8278 6
      vertex 133.048 23.8803 13.8405
    endloop
  endfacet
  facet normal -0.243788 0.969829 4.54297e-06
    outer loop
      vertex 133.048 23.8803 13.8405
      vertex 132.839 23.8278 6
      vertex 132.939 23.8529 13.9393
    endloop
  endfacet
  facet normal -0.242093 0.970253 -1.81412e-05
    outer loop
      vertex 132.939 23.8529 13.9393
      vertex 132.839 23.8278 6
      vertex 132.84 23.8282 14.0484
    endloop
  endfacet
  facet normal -0.371391 0.928477 0
    outer loop
      vertex 132.84 23.8282 14.0484
      vertex 132.839 23.8278 6
      vertex 132.839 23.8278 14.0506
    endloop
  endfacet
  facet normal -0.242655 0.970113 0
    outer loop
      vertex 133.22 23.9231 16.279
      vertex 132.839 23.8278 20
      vertex 133.22 23.9231 20
    endloop
  endfacet
  facet normal -0.241731 0.970343 0.00010059
    outer loop
      vertex 133.167 23.9099 16.2472
      vertex 132.839 23.8278 20
      vertex 133.22 23.9231 16.279
    endloop
  endfacet
  facet normal -0.241471 0.970408 0.000124734
    outer loop
      vertex 133.048 23.8803 16.1595
      vertex 132.839 23.8278 20
      vertex 133.167 23.9099 16.2472
    endloop
  endfacet
  facet normal -0.243784 0.96983 -9.0522e-06
    outer loop
      vertex 132.939 23.8529 16.0607
      vertex 132.839 23.8278 20
      vertex 133.048 23.8803 16.1595
    endloop
  endfacet
  facet normal -0.242112 0.970248 3.60606e-05
    outer loop
      vertex 132.84 23.8282 15.9516
      vertex 132.839 23.8278 20
      vertex 132.939 23.8529 16.0607
    endloop
  endfacet
  facet normal -0.371391 0.928477 0
    outer loop
      vertex 132.839 23.8278 20
      vertex 132.84 23.8282 15.9516
      vertex 132.839 23.8278 15.9494
    endloop
  endfacet
  facet normal 0.970247 -0.242116 0
    outer loop
      vertex 137.828 18.8389 20
      vertex 137.923 19.2196 6
      vertex 137.923 19.2196 20
    endloop
  endfacet
  facet normal 0.970247 -0.242116 0
    outer loop
      vertex 137.923 19.2196 6
      vertex 137.828 18.8389 20
      vertex 137.828 18.8389 6
    endloop
  endfacet
  facet normal 0.903847 -0.427856 0
    outer loop
      vertex 137.528 18.1144 20
      vertex 137.696 18.4693 6
      vertex 137.696 18.4693 20
    endloop
  endfacet
  facet normal 0.903847 -0.427856 0
    outer loop
      vertex 137.696 18.4693 6
      vertex 137.528 18.1144 20
      vertex 137.528 18.1144 6
    endloop
  endfacet
  facet normal 0.427342 -0.90409 0
    outer loop
      vertex 135.531 16.3045 6
      vertex 135.886 16.4723 20
      vertex 135.531 16.3045 20
    endloop
  endfacet
  facet normal 0.427342 -0.90409 0
    outer loop
      vertex 135.886 16.4723 20
      vertex 135.531 16.3045 6
      vertex 135.886 16.4723 6
    endloop
  endfacet
  facet normal -0.989028 -0.14773 0
    outer loop
      vertex 130.077 19.2196 6
      vertex 130.019 19.6079 20
      vertex 130.019 19.6079 6
    endloop
  endfacet
  facet normal -0.989028 -0.14773 0
    outer loop
      vertex 130.019 19.6079 20
      vertex 130.077 19.2196 6
      vertex 130.077 19.2196 20
    endloop
  endfacet
  facet normal -0.941742 -0.336336 0
    outer loop
      vertex 130.304 18.4693 6
      vertex 130.172 18.8389 20
      vertex 130.172 18.8389 6
    endloop
  endfacet
  facet normal -0.941742 -0.336336 0
    outer loop
      vertex 130.172 18.8389 20
      vertex 130.304 18.4693 6
      vertex 130.304 18.4693 20
    endloop
  endfacet
  facet normal -0.857515 -0.514458 0
    outer loop
      vertex 130.674 17.7777 6
      vertex 130.472 18.1144 20
      vertex 130.472 18.1144 6
    endloop
  endfacet
  facet normal -0.857515 -0.514458 0
    outer loop
      vertex 130.472 18.1144 20
      vertex 130.674 17.7777 6
      vertex 130.674 17.7777 20
    endloop
  endfacet
  facet normal 0.941742 -0.336336 0
    outer loop
      vertex 137.696 18.4693 20
      vertex 137.828 18.8389 6
      vertex 137.828 18.8389 20
    endloop
  endfacet
  facet normal 0.941742 -0.336336 0
    outer loop
      vertex 137.828 18.8389 6
      vertex 137.696 18.4693 20
      vertex 137.696 18.4693 6
    endloop
  endfacet
  facet normal 0.242655 -0.970113 0
    outer loop
      vertex 134.78 16.0769 16.279
      vertex 135.161 16.1722 20
      vertex 134.78 16.0769 20
    endloop
  endfacet
  facet normal 0.241731 -0.970343 0.00010059
    outer loop
      vertex 134.833 16.0901 16.2472
      vertex 135.161 16.1722 20
      vertex 134.78 16.0769 16.279
    endloop
  endfacet
  facet normal 0.241471 -0.970408 0.000124734
    outer loop
      vertex 134.952 16.1197 16.1595
      vertex 135.161 16.1722 20
      vertex 134.833 16.0901 16.2472
    endloop
  endfacet
  facet normal 0.243784 -0.96983 -9.0522e-06
    outer loop
      vertex 135.061 16.1471 16.0607
      vertex 135.161 16.1722 20
      vertex 134.952 16.1197 16.1595
    endloop
  endfacet
  facet normal 0.242112 -0.970248 3.60606e-05
    outer loop
      vertex 135.16 16.1718 15.9516
      vertex 135.161 16.1722 20
      vertex 135.061 16.1471 16.0607
    endloop
  endfacet
  facet normal 0.371391 -0.928477 0
    outer loop
      vertex 135.161 16.1722 20
      vertex 135.16 16.1718 15.9516
      vertex 135.161 16.1722 15.9494
    endloop
  endfacet
  facet normal 0.242655 -0.970113 0
    outer loop
      vertex 135.161 16.1722 6
      vertex 134.78 16.0769 13.721
      vertex 134.78 16.0769 6
    endloop
  endfacet
  facet normal 0.241702 -0.97035 -4.99767e-05
    outer loop
      vertex 134.78 16.0769 13.721
      vertex 135.161 16.1722 6
      vertex 134.833 16.0901 13.7528
    endloop
  endfacet
  facet normal 0.241427 -0.970419 -6.23248e-05
    outer loop
      vertex 134.833 16.0901 13.7528
      vertex 135.161 16.1722 6
      vertex 134.952 16.1197 13.8405
    endloop
  endfacet
  facet normal 0.243788 -0.969829 4.54297e-06
    outer loop
      vertex 134.952 16.1197 13.8405
      vertex 135.161 16.1722 6
      vertex 135.061 16.1471 13.9393
    endloop
  endfacet
  facet normal 0.242093 -0.970253 -1.81412e-05
    outer loop
      vertex 135.061 16.1471 13.9393
      vertex 135.161 16.1722 6
      vertex 135.16 16.1718 14.0484
    endloop
  endfacet
  facet normal 0.371391 -0.928477 0
    outer loop
      vertex 135.16 16.1718 14.0484
      vertex 135.161 16.1722 6
      vertex 135.161 16.1722 14.0506
    endloop
  endfacet
  facet normal -0.998868 0 -0.0475651
    outer loop
      vertex 135.5 16.2935 15
      vertex 135.493 23.7091 15.147
      vertex 135.5 23.7065 15
    endloop
  endfacet
  facet normal -0.998868 -0 -0.0475651
    outer loop
      vertex 135.493 23.7091 15.147
      vertex 135.5 16.2935 15
      vertex 135.493 16.2909 15.147
    endloop
  endfacet
  facet normal -0.593268 0 -0.805005
    outer loop
      vertex 134.833 16.0901 16.2472
      vertex 134.952 23.8803 16.1595
      vertex 134.952 16.1197 16.1595
    endloop
  endfacet
  facet normal -0.593268 0 -0.805005
    outer loop
      vertex 134.952 23.8803 16.1595
      vertex 134.833 16.0901 16.2472
      vertex 134.833 23.9099 16.2472
    endloop
  endfacet
  facet normal 0.427531 0 -0.904001
    outer loop
      vertex 133.293 16.066 16.3229
      vertex 133.426 23.9537 16.3858
      vertex 133.426 16.0463 16.3858
    endloop
  endfacet
  facet normal 0.427531 0 -0.904001
    outer loop
      vertex 133.426 23.9537 16.3858
      vertex 133.293 16.066 16.3229
      vertex 133.293 23.934 16.3229
    endloop
  endfacet
  facet normal 0.942814 0 -0.333318
    outer loop
      vertex 132.614 23.7474 15.574
      vertex 132.565 16.2704 15.4354
      vertex 132.565 23.7296 15.4354
    endloop
  endfacet
  facet normal 0.942814 0 -0.333318
    outer loop
      vertex 132.565 16.2704 15.4354
      vertex 132.614 23.7474 15.574
      vertex 132.614 16.2526 15.574
    endloop
  endfacet
  facet normal -0.903862 0 -0.427824
    outer loop
      vertex 135.386 16.2526 15.574
      vertex 135.323 23.7699 15.7071
      vertex 135.386 23.7474 15.574
    endloop
  endfacet
  facet normal -0.903862 -0 -0.427824
    outer loop
      vertex 135.323 23.7699 15.7071
      vertex 135.386 16.2526 15.574
      vertex 135.323 16.2301 15.7071
    endloop
  endfacet
  facet normal -0.336079 0 -0.941834
    outer loop
      vertex 134.435 16.0257 16.4354
      vertex 134.574 23.9537 16.3858
      vertex 134.574 16.0463 16.3858
    endloop
  endfacet
  facet normal -0.336079 0 -0.941834
    outer loop
      vertex 134.574 23.9537 16.3858
      vertex 134.435 16.0257 16.4354
      vertex 134.435 23.9743 16.4354
    endloop
  endfacet
  facet normal 0.242976 -0.0192638 -0.969841
    outer loop
      vertex 133.565 16.0257 16.4354
      vertex 133.707 16.0144 16.4712
      vertex 133.608 16.0193 16.4463
    endloop
  endfacet
  facet normal 0.244463 0 -0.969659
    outer loop
      vertex 133.707 16.0144 16.4712
      vertex 133.565 16.0257 16.4354
      vertex 133.707 23.9856 16.4712
    endloop
  endfacet
  facet normal 0.244463 0 -0.969659
    outer loop
      vertex 133.565 23.9743 16.4354
      vertex 133.707 23.9856 16.4712
      vertex 133.565 16.0257 16.4354
    endloop
  endfacet
  facet normal 0.242976 0.0192638 -0.969841
    outer loop
      vertex 133.707 23.9856 16.4712
      vertex 133.565 23.9743 16.4354
      vertex 133.608 23.9807 16.4463
    endloop
  endfacet
  facet normal -0.998868 0 0.0475651
    outer loop
      vertex 135.493 23.7091 14.853
      vertex 135.5 16.2935 15
      vertex 135.5 23.7065 15
    endloop
  endfacet
  facet normal -0.998868 0 0.0475651
    outer loop
      vertex 135.5 16.2935 15
      vertex 135.493 23.7091 14.853
      vertex 135.493 16.2909 14.853
    endloop
  endfacet
  facet normal 0.0489209 0 0.998803
    outer loop
      vertex 133.853 23.9928 13.5072
      vertex 134 16 13.5
      vertex 134 24 13.5
    endloop
  endfacet
  facet normal 0.0489209 0 0.998803
    outer loop
      vertex 134 16 13.5
      vertex 133.853 23.9928 13.5072
      vertex 133.853 16.0072 13.5072
    endloop
  endfacet
  facet normal -0.969661 0 -0.244452
    outer loop
      vertex 135.471 16.2832 15.2926
      vertex 135.435 23.7296 15.4354
      vertex 135.471 23.7168 15.2926
    endloop
  endfacet
  facet normal -0.969661 -0 -0.244452
    outer loop
      vertex 135.435 23.7296 15.4354
      vertex 135.471 16.2832 15.2926
      vertex 135.435 16.2704 15.4354
    endloop
  endfacet
  facet normal -0.279809 -0.958897 0.0471589
    outer loop
      vertex 135.247 23.797 15.8334
      vertex 135.16 23.8282 15.9516
      vertex 135.161 23.8278 15.9494
    endloop
  endfacet
  facet normal -0.805364 0 -0.592781
    outer loop
      vertex 135.247 16.203 15.8334
      vertex 135.16 23.8282 15.9516
      vertex 135.247 23.797 15.8334
    endloop
  endfacet
  facet normal -0.279809 0.958897 0.0471589
    outer loop
      vertex 135.16 16.1718 15.9516
      vertex 135.247 16.203 15.8334
      vertex 135.161 16.1722 15.9494
    endloop
  endfacet
  facet normal -0.805364 0 -0.592781
    outer loop
      vertex 135.247 16.203 15.8334
      vertex 135.16 16.1718 15.9516
      vertex 135.16 23.8282 15.9516
    endloop
  endfacet
  facet normal -0.856834 0 -0.515593
    outer loop
      vertex 135.323 16.2301 15.7071
      vertex 135.247 23.797 15.8334
      vertex 135.323 23.7699 15.7071
    endloop
  endfacet
  facet normal -0.856834 -0 -0.515593
    outer loop
      vertex 135.247 23.797 15.8334
      vertex 135.323 16.2301 15.7071
      vertex 135.247 16.203 15.8334
    endloop
  endfacet
  facet normal -0.671589 0 -0.740924
    outer loop
      vertex 134.952 16.1197 16.1595
      vertex 135.061 23.8529 16.0607
      vertex 135.061 16.1471 16.0607
    endloop
  endfacet
  facet normal -0.671589 0 -0.740924
    outer loop
      vertex 135.061 23.8529 16.0607
      vertex 134.952 16.1197 16.1595
      vertex 134.952 23.8803 16.1595
    endloop
  endfacet
  facet normal -0.516612 0.0117583 -0.856139
    outer loop
      vertex 134.707 16.066 16.3229
      vertex 134.833 16.0901 16.2472
      vertex 134.78 16.0769 16.279
    endloop
  endfacet
  facet normal -0.514996 0 -0.857193
    outer loop
      vertex 134.833 16.0901 16.2472
      vertex 134.707 16.066 16.3229
      vertex 134.833 23.9099 16.2472
    endloop
  endfacet
  facet normal -0.514996 -0 -0.857193
    outer loop
      vertex 134.707 23.934 16.3229
      vertex 134.833 23.9099 16.2472
      vertex 134.707 16.066 16.3229
    endloop
  endfacet
  facet normal -0.516612 -0.0117583 -0.856139
    outer loop
      vertex 134.833 23.9099 16.2472
      vertex 134.707 23.934 16.3229
      vertex 134.78 23.9231 16.279
    endloop
  endfacet
  facet normal 0.0489209 0 -0.998803
    outer loop
      vertex 133.853 16.0072 16.4928
      vertex 134 24 16.5
      vertex 134 16 16.5
    endloop
  endfacet
  facet normal 0.0489209 0 -0.998803
    outer loop
      vertex 134 24 16.5
      vertex 133.853 16.0072 16.4928
      vertex 133.853 23.9928 16.4928
    endloop
  endfacet
  facet normal -0.242976 -0.0192638 -0.969841
    outer loop
      vertex 134.293 16.0144 16.4712
      vertex 134.435 16.0257 16.4354
      vertex 134.392 16.0193 16.4463
    endloop
  endfacet
  facet normal -0.244463 0 -0.969659
    outer loop
      vertex 134.435 16.0257 16.4354
      vertex 134.293 16.0144 16.4712
      vertex 134.435 23.9743 16.4354
    endloop
  endfacet
  facet normal -0.244463 -0 -0.969659
    outer loop
      vertex 134.293 23.9856 16.4712
      vertex 134.435 23.9743 16.4354
      vertex 134.293 16.0144 16.4712
    endloop
  endfacet
  facet normal -0.242976 0.0192638 -0.969841
    outer loop
      vertex 134.435 23.9743 16.4354
      vertex 134.293 23.9856 16.4712
      vertex 134.392 23.9807 16.4463
    endloop
  endfacet
  facet normal -0.146352 0 -0.989233
    outer loop
      vertex 134.147 16.0072 16.4928
      vertex 134.293 23.9856 16.4712
      vertex 134.293 16.0144 16.4712
    endloop
  endfacet
  facet normal -0.146352 0 -0.989233
    outer loop
      vertex 134.293 23.9856 16.4712
      vertex 134.147 16.0072 16.4928
      vertex 134.147 23.9928 16.4928
    endloop
  endfacet
  facet normal 0.998868 -0 0.0475651
    outer loop
      vertex 132.5 16.2935 15
      vertex 132.507 23.7091 14.853
      vertex 132.5 23.7065 15
    endloop
  endfacet
  facet normal 0.998868 0 0.0475651
    outer loop
      vertex 132.507 23.7091 14.853
      vertex 132.5 16.2935 15
      vertex 132.507 16.2909 14.853
    endloop
  endfacet
  facet normal 0.969661 0 -0.244452
    outer loop
      vertex 132.565 23.7296 15.4354
      vertex 132.529 16.2832 15.2926
      vertex 132.529 23.7168 15.2926
    endloop
  endfacet
  facet normal 0.969661 0 -0.244452
    outer loop
      vertex 132.529 16.2832 15.2926
      vertex 132.565 23.7296 15.4354
      vertex 132.565 16.2704 15.4354
    endloop
  endfacet
  facet normal 0.988776 0 -0.149403
    outer loop
      vertex 132.529 23.7168 15.2926
      vertex 132.507 16.2909 15.147
      vertex 132.507 23.7091 15.147
    endloop
  endfacet
  facet normal 0.988776 0 -0.149403
    outer loop
      vertex 132.507 16.2909 15.147
      vertex 132.529 23.7168 15.2926
      vertex 132.529 16.2832 15.2926
    endloop
  endfacet
  facet normal 0.856834 0 -0.515593
    outer loop
      vertex 132.753 23.797 15.8334
      vertex 132.677 16.2301 15.7071
      vertex 132.677 23.7699 15.7071
    endloop
  endfacet
  facet normal 0.856834 0 -0.515593
    outer loop
      vertex 132.677 16.2301 15.7071
      vertex 132.753 23.797 15.8334
      vertex 132.753 16.203 15.8334
    endloop
  endfacet
  facet normal 0.279809 -0.958897 0.0471589
    outer loop
      vertex 132.84 23.8282 15.9516
      vertex 132.753 23.797 15.8334
      vertex 132.839 23.8278 15.9494
    endloop
  endfacet
  facet normal 0.805364 0 -0.592781
    outer loop
      vertex 132.84 23.8282 15.9516
      vertex 132.753 16.203 15.8334
      vertex 132.753 23.797 15.8334
    endloop
  endfacet
  facet normal 0.805364 0 -0.592781
    outer loop
      vertex 132.84 16.1718 15.9516
      vertex 132.753 16.203 15.8334
      vertex 132.84 23.8282 15.9516
    endloop
  endfacet
  facet normal 0.279809 0.958897 0.0471589
    outer loop
      vertex 132.753 16.203 15.8334
      vertex 132.84 16.1718 15.9516
      vertex 132.839 16.1722 15.9494
    endloop
  endfacet
  facet normal 0.593268 0 -0.805005
    outer loop
      vertex 133.048 16.1197 16.1595
      vertex 133.167 23.9099 16.2472
      vertex 133.167 16.0901 16.2472
    endloop
  endfacet
  facet normal 0.593268 0 -0.805005
    outer loop
      vertex 133.167 23.9099 16.2472
      vertex 133.048 16.1197 16.1595
      vertex 133.048 23.8803 16.1595
    endloop
  endfacet
  facet normal 0.516612 0.0117583 -0.856139
    outer loop
      vertex 133.167 16.0901 16.2472
      vertex 133.293 16.066 16.3229
      vertex 133.22 16.0769 16.279
    endloop
  endfacet
  facet normal 0.514996 0 -0.857193
    outer loop
      vertex 133.293 16.066 16.3229
      vertex 133.167 16.0901 16.2472
      vertex 133.293 23.934 16.3229
    endloop
  endfacet
  facet normal 0.514996 0 -0.857193
    outer loop
      vertex 133.167 23.9099 16.2472
      vertex 133.293 23.934 16.3229
      vertex 133.167 16.0901 16.2472
    endloop
  endfacet
  facet normal 0.516612 -0.0117583 -0.856139
    outer loop
      vertex 133.293 23.934 16.3229
      vertex 133.167 23.9099 16.2472
      vertex 133.22 23.9231 16.279
    endloop
  endfacet
  facet normal 0.740554 0 -0.671997
    outer loop
      vertex 132.939 23.8529 16.0607
      vertex 132.84 16.1718 15.9516
      vertex 132.84 23.8282 15.9516
    endloop
  endfacet
  facet normal 0.740554 0 -0.671997
    outer loop
      vertex 132.84 16.1718 15.9516
      vertex 132.939 23.8529 16.0607
      vertex 132.939 16.1471 16.0607
    endloop
  endfacet
  facet normal -0.146352 0 0.989233
    outer loop
      vertex 134.147 23.9928 13.5072
      vertex 134.293 16.0144 13.5288
      vertex 134.293 23.9856 13.5288
    endloop
  endfacet
  facet normal -0.146352 0 0.989233
    outer loop
      vertex 134.293 16.0144 13.5288
      vertex 134.147 23.9928 13.5072
      vertex 134.147 16.0072 13.5072
    endloop
  endfacet
  facet normal -0.969661 0 0.244452
    outer loop
      vertex 135.435 23.7296 14.5646
      vertex 135.471 16.2832 14.7074
      vertex 135.471 23.7168 14.7074
    endloop
  endfacet
  facet normal -0.969661 0 0.244452
    outer loop
      vertex 135.471 16.2832 14.7074
      vertex 135.435 23.7296 14.5646
      vertex 135.435 16.2704 14.5646
    endloop
  endfacet
  facet normal -0.242976 0.0192638 0.969841
    outer loop
      vertex 134.293 23.9856 13.5288
      vertex 134.435 23.9743 13.5646
      vertex 134.392 23.9807 13.5537
    endloop
  endfacet
  facet normal -0.244463 0 0.969659
    outer loop
      vertex 134.435 23.9743 13.5646
      vertex 134.293 23.9856 13.5288
      vertex 134.435 16.0257 13.5646
    endloop
  endfacet
  facet normal -0.244463 0 0.969659
    outer loop
      vertex 134.293 16.0144 13.5288
      vertex 134.435 16.0257 13.5646
      vertex 134.293 23.9856 13.5288
    endloop
  endfacet
  facet normal -0.242976 -0.0192638 0.969841
    outer loop
      vertex 134.435 16.0257 13.5646
      vertex 134.293 16.0144 13.5288
      vertex 134.392 16.0193 13.5537
    endloop
  endfacet
  facet normal -0.516612 -0.0117583 0.856139
    outer loop
      vertex 134.707 23.934 13.6771
      vertex 134.833 23.9099 13.7528
      vertex 134.78 23.9231 13.721
    endloop
  endfacet
  facet normal -0.514996 0 0.857193
    outer loop
      vertex 134.833 23.9099 13.7528
      vertex 134.707 23.934 13.6771
      vertex 134.833 16.0901 13.7528
    endloop
  endfacet
  facet normal -0.514996 0 0.857193
    outer loop
      vertex 134.707 16.066 13.6771
      vertex 134.833 16.0901 13.7528
      vertex 134.707 23.934 13.6771
    endloop
  endfacet
  facet normal -0.516612 0.0117583 0.856139
    outer loop
      vertex 134.833 16.0901 13.7528
      vertex 134.707 16.066 13.6771
      vertex 134.78 16.0769 13.721
    endloop
  endfacet
  facet normal -0.279809 -0.958897 -0.0471589
    outer loop
      vertex 135.16 23.8282 14.0484
      vertex 135.247 23.797 14.1666
      vertex 135.161 23.8278 14.0506
    endloop
  endfacet
  facet normal -0.805364 0 0.592781
    outer loop
      vertex 135.16 23.8282 14.0484
      vertex 135.247 16.203 14.1666
      vertex 135.247 23.797 14.1666
    endloop
  endfacet
  facet normal -0.805364 0 0.592781
    outer loop
      vertex 135.16 16.1718 14.0484
      vertex 135.247 16.203 14.1666
      vertex 135.16 23.8282 14.0484
    endloop
  endfacet
  facet normal -0.279809 0.958897 -0.0471589
    outer loop
      vertex 135.247 16.203 14.1666
      vertex 135.16 16.1718 14.0484
      vertex 135.161 16.1722 14.0506
    endloop
  endfacet
  facet normal -0.0489209 0 0.998803
    outer loop
      vertex 134 24 13.5
      vertex 134.147 16.0072 13.5072
      vertex 134.147 23.9928 13.5072
    endloop
  endfacet
  facet normal -0.0489209 0 0.998803
    outer loop
      vertex 134.147 16.0072 13.5072
      vertex 134 24 13.5
      vertex 134 16 13.5
    endloop
  endfacet
  facet normal 0.242976 0.0192638 0.969841
    outer loop
      vertex 133.565 23.9743 13.5646
      vertex 133.707 23.9856 13.5288
      vertex 133.608 23.9807 13.5537
    endloop
  endfacet
  facet normal 0.244463 0 0.969659
    outer loop
      vertex 133.707 23.9856 13.5288
      vertex 133.565 23.9743 13.5646
      vertex 133.707 16.0144 13.5288
    endloop
  endfacet
  facet normal 0.244463 -0 0.969659
    outer loop
      vertex 133.565 16.0257 13.5646
      vertex 133.707 16.0144 13.5288
      vertex 133.565 23.9743 13.5646
    endloop
  endfacet
  facet normal 0.242976 -0.0192638 0.969841
    outer loop
      vertex 133.707 16.0144 13.5288
      vertex 133.565 16.0257 13.5646
      vertex 133.608 16.0193 13.5537
    endloop
  endfacet
  facet normal 0.593268 0 0.805005
    outer loop
      vertex 133.048 23.8803 13.8405
      vertex 133.167 16.0901 13.7528
      vertex 133.167 23.9099 13.7528
    endloop
  endfacet
  facet normal 0.593268 0 0.805005
    outer loop
      vertex 133.167 16.0901 13.7528
      vertex 133.048 23.8803 13.8405
      vertex 133.048 16.1197 13.8405
    endloop
  endfacet
  facet normal 0.856834 -0 0.515593
    outer loop
      vertex 132.677 16.2301 14.2929
      vertex 132.753 23.797 14.1666
      vertex 132.677 23.7699 14.2929
    endloop
  endfacet
  facet normal 0.856834 0 0.515593
    outer loop
      vertex 132.753 23.797 14.1666
      vertex 132.677 16.2301 14.2929
      vertex 132.753 16.203 14.1666
    endloop
  endfacet
  facet normal -0.988776 0 -0.149403
    outer loop
      vertex 135.493 16.2909 15.147
      vertex 135.471 23.7168 15.2926
      vertex 135.493 23.7091 15.147
    endloop
  endfacet
  facet normal -0.988776 -0 -0.149403
    outer loop
      vertex 135.471 23.7168 15.2926
      vertex 135.493 16.2909 15.147
      vertex 135.471 16.2832 15.2926
    endloop
  endfacet
  facet normal -0.942814 0 -0.333318
    outer loop
      vertex 135.435 16.2704 15.4354
      vertex 135.386 23.7474 15.574
      vertex 135.435 23.7296 15.4354
    endloop
  endfacet
  facet normal -0.942814 -0 -0.333318
    outer loop
      vertex 135.386 23.7474 15.574
      vertex 135.435 16.2704 15.4354
      vertex 135.386 16.2526 15.574
    endloop
  endfacet
  facet normal -0.740554 0 -0.671997
    outer loop
      vertex 135.16 16.1718 15.9516
      vertex 135.061 23.8529 16.0607
      vertex 135.16 23.8282 15.9516
    endloop
  endfacet
  facet normal -0.740554 -0 -0.671997
    outer loop
      vertex 135.061 23.8529 16.0607
      vertex 135.16 16.1718 15.9516
      vertex 135.061 16.1471 16.0607
    endloop
  endfacet
  facet normal -0.427531 0 -0.904001
    outer loop
      vertex 134.574 16.0463 16.3858
      vertex 134.707 23.934 16.3229
      vertex 134.707 16.066 16.3229
    endloop
  endfacet
  facet normal -0.427531 0 -0.904001
    outer loop
      vertex 134.707 23.934 16.3229
      vertex 134.574 16.0463 16.3858
      vertex 134.574 23.9537 16.3858
    endloop
  endfacet
  facet normal -0.0489209 0 -0.998803
    outer loop
      vertex 134 16 16.5
      vertex 134.147 23.9928 16.4928
      vertex 134.147 16.0072 16.4928
    endloop
  endfacet
  facet normal -0.0489209 0 -0.998803
    outer loop
      vertex 134.147 23.9928 16.4928
      vertex 134 16 16.5
      vertex 134 24 16.5
    endloop
  endfacet
  facet normal 0.998868 0 -0.0475651
    outer loop
      vertex 132.507 23.7091 15.147
      vertex 132.5 16.2935 15
      vertex 132.5 23.7065 15
    endloop
  endfacet
  facet normal 0.998868 0 -0.0475651
    outer loop
      vertex 132.5 16.2935 15
      vertex 132.507 23.7091 15.147
      vertex 132.507 16.2909 15.147
    endloop
  endfacet
  facet normal 0.903862 0 -0.427824
    outer loop
      vertex 132.677 23.7699 15.7071
      vertex 132.614 16.2526 15.574
      vertex 132.614 23.7474 15.574
    endloop
  endfacet
  facet normal 0.903862 0 -0.427824
    outer loop
      vertex 132.614 16.2526 15.574
      vertex 132.677 23.7699 15.7071
      vertex 132.677 16.2301 15.7071
    endloop
  endfacet
  facet normal 0.336079 0 -0.941834
    outer loop
      vertex 133.426 16.0463 16.3858
      vertex 133.565 23.9743 16.4354
      vertex 133.565 16.0257 16.4354
    endloop
  endfacet
  facet normal 0.336079 0 -0.941834
    outer loop
      vertex 133.565 23.9743 16.4354
      vertex 133.426 16.0463 16.3858
      vertex 133.426 23.9537 16.3858
    endloop
  endfacet
  facet normal 0.146352 0 -0.989233
    outer loop
      vertex 133.707 16.0144 16.4712
      vertex 133.853 23.9928 16.4928
      vertex 133.853 16.0072 16.4928
    endloop
  endfacet
  facet normal 0.146352 0 -0.989233
    outer loop
      vertex 133.853 23.9928 16.4928
      vertex 133.707 16.0144 16.4712
      vertex 133.707 23.9856 16.4712
    endloop
  endfacet
  facet normal 0.671589 0 -0.740924
    outer loop
      vertex 132.939 16.1471 16.0607
      vertex 133.048 23.8803 16.1595
      vertex 133.048 16.1197 16.1595
    endloop
  endfacet
  facet normal 0.671589 0 -0.740924
    outer loop
      vertex 133.048 23.8803 16.1595
      vertex 132.939 16.1471 16.0607
      vertex 132.939 23.8529 16.0607
    endloop
  endfacet
  facet normal -0.988776 0 0.149403
    outer loop
      vertex 135.471 23.7168 14.7074
      vertex 135.493 16.2909 14.853
      vertex 135.493 23.7091 14.853
    endloop
  endfacet
  facet normal -0.988776 0 0.149403
    outer loop
      vertex 135.493 16.2909 14.853
      vertex 135.471 23.7168 14.7074
      vertex 135.471 16.2832 14.7074
    endloop
  endfacet
  facet normal -0.336079 0 0.941834
    outer loop
      vertex 134.435 23.9743 13.5646
      vertex 134.574 16.0463 13.6142
      vertex 134.574 23.9537 13.6142
    endloop
  endfacet
  facet normal -0.336079 0 0.941834
    outer loop
      vertex 134.574 16.0463 13.6142
      vertex 134.435 23.9743 13.5646
      vertex 134.435 16.0257 13.5646
    endloop
  endfacet
  facet normal -0.427531 0 0.904001
    outer loop
      vertex 134.574 23.9537 13.6142
      vertex 134.707 16.066 13.6771
      vertex 134.707 23.934 13.6771
    endloop
  endfacet
  facet normal -0.427531 0 0.904001
    outer loop
      vertex 134.707 16.066 13.6771
      vertex 134.574 23.9537 13.6142
      vertex 134.574 16.0463 13.6142
    endloop
  endfacet
  facet normal -0.671589 0 0.740924
    outer loop
      vertex 134.952 23.8803 13.8405
      vertex 135.061 16.1471 13.9393
      vertex 135.061 23.8529 13.9393
    endloop
  endfacet
  facet normal -0.671589 0 0.740924
    outer loop
      vertex 135.061 16.1471 13.9393
      vertex 134.952 23.8803 13.8405
      vertex 134.952 16.1197 13.8405
    endloop
  endfacet
  facet normal -0.740554 0 0.671997
    outer loop
      vertex 135.061 23.8529 13.9393
      vertex 135.16 16.1718 14.0484
      vertex 135.16 23.8282 14.0484
    endloop
  endfacet
  facet normal -0.740554 0 0.671997
    outer loop
      vertex 135.16 16.1718 14.0484
      vertex 135.061 23.8529 13.9393
      vertex 135.061 16.1471 13.9393
    endloop
  endfacet
  facet normal -0.593268 0 0.805005
    outer loop
      vertex 134.833 23.9099 13.7528
      vertex 134.952 16.1197 13.8405
      vertex 134.952 23.8803 13.8405
    endloop
  endfacet
  facet normal -0.593268 0 0.805005
    outer loop
      vertex 134.952 16.1197 13.8405
      vertex 134.833 23.9099 13.7528
      vertex 134.833 16.0901 13.7528
    endloop
  endfacet
  facet normal -0.903862 0 0.427824
    outer loop
      vertex 135.323 23.7699 14.2929
      vertex 135.386 16.2526 14.426
      vertex 135.386 23.7474 14.426
    endloop
  endfacet
  facet normal -0.903862 0 0.427824
    outer loop
      vertex 135.386 16.2526 14.426
      vertex 135.323 23.7699 14.2929
      vertex 135.323 16.2301 14.2929
    endloop
  endfacet
  facet normal -0.942814 0 0.333318
    outer loop
      vertex 135.386 23.7474 14.426
      vertex 135.435 16.2704 14.5646
      vertex 135.435 23.7296 14.5646
    endloop
  endfacet
  facet normal -0.942814 0 0.333318
    outer loop
      vertex 135.435 16.2704 14.5646
      vertex 135.386 23.7474 14.426
      vertex 135.386 16.2526 14.426
    endloop
  endfacet
  facet normal -0.856834 0 0.515593
    outer loop
      vertex 135.247 23.797 14.1666
      vertex 135.323 16.2301 14.2929
      vertex 135.323 23.7699 14.2929
    endloop
  endfacet
  facet normal -0.856834 0 0.515593
    outer loop
      vertex 135.323 16.2301 14.2929
      vertex 135.247 23.797 14.1666
      vertex 135.247 16.203 14.1666
    endloop
  endfacet
  facet normal 0.146352 0 0.989233
    outer loop
      vertex 133.707 23.9856 13.5288
      vertex 133.853 16.0072 13.5072
      vertex 133.853 23.9928 13.5072
    endloop
  endfacet
  facet normal 0.146352 0 0.989233
    outer loop
      vertex 133.853 16.0072 13.5072
      vertex 133.707 23.9856 13.5288
      vertex 133.707 16.0144 13.5288
    endloop
  endfacet
  facet normal 0.427531 0 0.904001
    outer loop
      vertex 133.293 23.934 13.6771
      vertex 133.426 16.0463 13.6142
      vertex 133.426 23.9537 13.6142
    endloop
  endfacet
  facet normal 0.427531 0 0.904001
    outer loop
      vertex 133.426 16.0463 13.6142
      vertex 133.293 23.934 13.6771
      vertex 133.293 16.066 13.6771
    endloop
  endfacet
  facet normal 0.336079 0 0.941834
    outer loop
      vertex 133.426 23.9537 13.6142
      vertex 133.565 16.0257 13.5646
      vertex 133.565 23.9743 13.5646
    endloop
  endfacet
  facet normal 0.336079 0 0.941834
    outer loop
      vertex 133.565 16.0257 13.5646
      vertex 133.426 23.9537 13.6142
      vertex 133.426 16.0463 13.6142
    endloop
  endfacet
  facet normal 0.516612 -0.0117583 0.856139
    outer loop
      vertex 133.167 23.9099 13.7528
      vertex 133.293 23.934 13.6771
      vertex 133.22 23.9231 13.721
    endloop
  endfacet
  facet normal 0.514996 0 0.857193
    outer loop
      vertex 133.293 23.934 13.6771
      vertex 133.167 23.9099 13.7528
      vertex 133.293 16.066 13.6771
    endloop
  endfacet
  facet normal 0.514996 -0 0.857193
    outer loop
      vertex 133.167 16.0901 13.7528
      vertex 133.293 16.066 13.6771
      vertex 133.167 23.9099 13.7528
    endloop
  endfacet
  facet normal 0.516612 0.0117583 0.856139
    outer loop
      vertex 133.293 16.066 13.6771
      vertex 133.167 16.0901 13.7528
      vertex 133.22 16.0769 13.721
    endloop
  endfacet
  facet normal 0.942814 -0 0.333318
    outer loop
      vertex 132.565 16.2704 14.5646
      vertex 132.614 23.7474 14.426
      vertex 132.565 23.7296 14.5646
    endloop
  endfacet
  facet normal 0.942814 0 0.333318
    outer loop
      vertex 132.614 23.7474 14.426
      vertex 132.565 16.2704 14.5646
      vertex 132.614 16.2526 14.426
    endloop
  endfacet
  facet normal 0.903862 -0 0.427824
    outer loop
      vertex 132.614 16.2526 14.426
      vertex 132.677 23.7699 14.2929
      vertex 132.614 23.7474 14.426
    endloop
  endfacet
  facet normal 0.903862 0 0.427824
    outer loop
      vertex 132.677 23.7699 14.2929
      vertex 132.614 16.2526 14.426
      vertex 132.677 16.2301 14.2929
    endloop
  endfacet
  facet normal 0.988776 -0 0.149403
    outer loop
      vertex 132.507 16.2909 14.853
      vertex 132.529 23.7168 14.7074
      vertex 132.507 23.7091 14.853
    endloop
  endfacet
  facet normal 0.988776 0 0.149403
    outer loop
      vertex 132.529 23.7168 14.7074
      vertex 132.507 16.2909 14.853
      vertex 132.529 16.2832 14.7074
    endloop
  endfacet
  facet normal 0.969661 -0 0.244452
    outer loop
      vertex 132.529 16.2832 14.7074
      vertex 132.565 23.7296 14.5646
      vertex 132.529 23.7168 14.7074
    endloop
  endfacet
  facet normal 0.969661 0 0.244452
    outer loop
      vertex 132.565 23.7296 14.5646
      vertex 132.529 16.2832 14.7074
      vertex 132.565 16.2704 14.5646
    endloop
  endfacet
  facet normal 0.279809 -0.958897 -0.0471589
    outer loop
      vertex 132.753 23.797 14.1666
      vertex 132.84 23.8282 14.0484
      vertex 132.839 23.8278 14.0506
    endloop
  endfacet
  facet normal 0.805364 -0 0.592781
    outer loop
      vertex 132.753 16.203 14.1666
      vertex 132.84 23.8282 14.0484
      vertex 132.753 23.797 14.1666
    endloop
  endfacet
  facet normal 0.279809 0.958897 -0.0471589
    outer loop
      vertex 132.84 16.1718 14.0484
      vertex 132.753 16.203 14.1666
      vertex 132.839 16.1722 14.0506
    endloop
  endfacet
  facet normal 0.805364 0 0.592781
    outer loop
      vertex 132.753 16.203 14.1666
      vertex 132.84 16.1718 14.0484
      vertex 132.84 23.8282 14.0484
    endloop
  endfacet
  facet normal 0.740554 -0 0.671997
    outer loop
      vertex 132.84 16.1718 14.0484
      vertex 132.939 23.8529 13.9393
      vertex 132.84 23.8282 14.0484
    endloop
  endfacet
  facet normal 0.740554 0 0.671997
    outer loop
      vertex 132.939 23.8529 13.9393
      vertex 132.84 16.1718 14.0484
      vertex 132.939 16.1471 13.9393
    endloop
  endfacet
  facet normal 0.671589 0 0.740924
    outer loop
      vertex 132.939 23.8529 13.9393
      vertex 133.048 16.1197 13.8405
      vertex 133.048 23.8803 13.8405
    endloop
  endfacet
  facet normal 0.671589 0 0.740924
    outer loop
      vertex 133.048 16.1197 13.8405
      vertex 132.939 23.8529 13.9393
      vertex 132.939 16.1471 13.9393
    endloop
  endfacet
endsolid OpenSCAD_Model
