solid OpenSCAD_Model
  facet normal -0.998789 -0.0492014 0
    outer loop
      vertex 61.45 25 0
      vertex 61.443 25.1421 18
      vertex 61.443 25.1421 0
    endloop
  endfacet
  facet normal -0.998789 -0.0492014 0
    outer loop
      vertex 61.443 25.1421 18
      vertex 61.45 25 0
      vertex 61.45 25 18
    endloop
  endfacet
  facet normal 0.998789 -0.0492014 0
    outer loop
      vertex 58.55 25 18
      vertex 58.557 25.1421 0
      vertex 58.557 25.1421 18
    endloop
  endfacet
  facet normal 0.998789 -0.0492014 0
    outer loop
      vertex 58.557 25.1421 0
      vertex 58.55 25 18
      vertex 58.55 25 0
    endloop
  endfacet
  facet normal -0.0492014 -0.998789 0
    outer loop
      vertex 60 26.45 0
      vertex 60.1421 26.443 18
      vertex 60 26.45 18
    endloop
  endfacet
  facet normal -0.0492014 -0.998789 -0
    outer loop
      vertex 60.1421 26.443 18
      vertex 60 26.45 0
      vertex 60.1421 26.443 0
    endloop
  endfacet
  facet normal 0.0492014 0.998789 -0
    outer loop
      vertex 60 23.55 0
      vertex 59.8579 23.557 18
      vertex 60 23.55 18
    endloop
  endfacet
  facet normal 0.0492014 0.998789 0
    outer loop
      vertex 59.8579 23.557 18
      vertex 60 23.55 0
      vertex 59.8579 23.557 0
    endloop
  endfacet
  facet normal 0.740703 0.671833 0
    outer loop
      vertex 58.9747 23.9747 18
      vertex 58.8791 24.0801 0
      vertex 58.8791 24.0801 18
    endloop
  endfacet
  facet normal 0.740703 0.671833 0
    outer loop
      vertex 58.8791 24.0801 0
      vertex 58.9747 23.9747 18
      vertex 58.9747 23.9747 0
    endloop
  endfacet
  facet normal -0.740703 -0.671833 0
    outer loop
      vertex 61.1209 25.9199 0
      vertex 61.0253 26.0253 18
      vertex 61.0253 26.0253 0
    endloop
  endfacet
  facet normal -0.740703 -0.671833 0
    outer loop
      vertex 61.0253 26.0253 18
      vertex 61.1209 25.9199 0
      vertex 61.1209 25.9199 18
    endloop
  endfacet
  facet normal 0.671833 -0.740703 0
    outer loop
      vertex 58.9747 26.0253 0
      vertex 59.0801 26.1209 18
      vertex 58.9747 26.0253 18
    endloop
  endfacet
  facet normal 0.671833 -0.740703 0
    outer loop
      vertex 59.0801 26.1209 18
      vertex 58.9747 26.0253 0
      vertex 59.0801 26.1209 0
    endloop
  endfacet
  facet normal 0.337226 -0.941424 0
    outer loop
      vertex 59.4451 26.3396 0
      vertex 59.5791 26.3876 18
      vertex 59.4451 26.3396 18
    endloop
  endfacet
  facet normal 0.337226 -0.941424 0
    outer loop
      vertex 59.5791 26.3876 18
      vertex 59.4451 26.3396 0
      vertex 59.5791 26.3876 0
    endloop
  endfacet
  facet normal -0.904053 -0.427421 0
    outer loop
      vertex 61.3396 25.5549 0
      vertex 61.2788 25.6835 18
      vertex 61.2788 25.6835 0
    endloop
  endfacet
  facet normal -0.904053 -0.427421 0
    outer loop
      vertex 61.2788 25.6835 18
      vertex 61.3396 25.5549 0
      vertex 61.3396 25.5549 18
    endloop
  endfacet
  facet normal -0.427421 -0.904053 0
    outer loop
      vertex 60.5549 26.3396 0
      vertex 60.6835 26.2788 18
      vertex 60.5549 26.3396 18
    endloop
  endfacet
  facet normal -0.427421 -0.904053 -0
    outer loop
      vertex 60.6835 26.2788 18
      vertex 60.5549 26.3396 0
      vertex 60.6835 26.2788 0
    endloop
  endfacet
  facet normal -0.595379 -0.803445 0
    outer loop
      vertex 60.8056 26.2056 0
      vertex 60.9199 26.1209 18
      vertex 60.8056 26.2056 18
    endloop
  endfacet
  facet normal -0.595379 -0.803445 -0
    outer loop
      vertex 60.9199 26.1209 18
      vertex 60.8056 26.2056 0
      vertex 60.9199 26.1209 0
    endloop
  endfacet
  facet normal 0.904053 -0.427421 0
    outer loop
      vertex 58.6604 25.5549 18
      vertex 58.7212 25.6835 0
      vertex 58.7212 25.6835 18
    endloop
  endfacet
  facet normal 0.904053 -0.427421 0
    outer loop
      vertex 58.7212 25.6835 0
      vertex 58.6604 25.5549 18
      vertex 58.6604 25.5549 0
    endloop
  endfacet
  facet normal 0.146829 -0.989162 0
    outer loop
      vertex 59.7171 26.4221 0
      vertex 59.8579 26.443 18
      vertex 59.7171 26.4221 18
    endloop
  endfacet
  facet normal 0.146829 -0.989162 0
    outer loop
      vertex 59.8579 26.443 18
      vertex 59.7171 26.4221 0
      vertex 59.8579 26.443 0
    endloop
  endfacet
  facet normal -0.970143 0.242536 0
    outer loop
      vertex 61.3876 24.5791 0
      vertex 61.4221 24.7171 18
      vertex 61.4221 24.7171 0
    endloop
  endfacet
  facet normal -0.970143 0.242536 0
    outer loop
      vertex 61.4221 24.7171 18
      vertex 61.3876 24.5791 0
      vertex 61.3876 24.5791 18
    endloop
  endfacet
  facet normal -0.970143 -0.242536 0
    outer loop
      vertex 61.4221 25.2829 0
      vertex 61.3876 25.4209 18
      vertex 61.3876 25.4209 0
    endloop
  endfacet
  facet normal -0.970143 -0.242536 0
    outer loop
      vertex 61.3876 25.4209 18
      vertex 61.4221 25.2829 0
      vertex 61.4221 25.2829 18
    endloop
  endfacet
  facet normal -0.989162 -0.146829 0
    outer loop
      vertex 61.443 25.1421 0
      vertex 61.4221 25.2829 18
      vertex 61.4221 25.2829 0
    endloop
  endfacet
  facet normal -0.989162 -0.146829 0
    outer loop
      vertex 61.4221 25.2829 18
      vertex 61.443 25.1421 0
      vertex 61.443 25.1421 18
    endloop
  endfacet
  facet normal -0.941424 -0.337226 0
    outer loop
      vertex 61.3876 25.4209 0
      vertex 61.3396 25.5549 18
      vertex 61.3396 25.5549 0
    endloop
  endfacet
  facet normal -0.941424 -0.337226 0
    outer loop
      vertex 61.3396 25.5549 18
      vertex 61.3876 25.4209 0
      vertex 61.3876 25.4209 18
    endloop
  endfacet
  facet normal -0.803445 -0.595379 0
    outer loop
      vertex 61.2056 25.8056 0
      vertex 61.1209 25.9199 18
      vertex 61.1209 25.9199 0
    endloop
  endfacet
  facet normal -0.803445 -0.595379 0
    outer loop
      vertex 61.1209 25.9199 18
      vertex 61.2056 25.8056 0
      vertex 61.2056 25.8056 18
    endloop
  endfacet
  facet normal -0.857679 -0.514186 0
    outer loop
      vertex 61.2788 25.6835 0
      vertex 61.2056 25.8056 18
      vertex 61.2056 25.8056 0
    endloop
  endfacet
  facet normal -0.857679 -0.514186 0
    outer loop
      vertex 61.2056 25.8056 18
      vertex 61.2788 25.6835 0
      vertex 61.2788 25.6835 18
    endloop
  endfacet
  facet normal -0.242536 -0.970143 0
    outer loop
      vertex 60.2829 26.4221 0
      vertex 60.4209 26.3876 18
      vertex 60.2829 26.4221 18
    endloop
  endfacet
  facet normal -0.242536 -0.970143 -0
    outer loop
      vertex 60.4209 26.3876 18
      vertex 60.2829 26.4221 0
      vertex 60.4209 26.3876 0
    endloop
  endfacet
  facet normal -0.337226 -0.941424 0
    outer loop
      vertex 60.4209 26.3876 0
      vertex 60.5549 26.3396 18
      vertex 60.4209 26.3876 18
    endloop
  endfacet
  facet normal -0.337226 -0.941424 -0
    outer loop
      vertex 60.5549 26.3396 18
      vertex 60.4209 26.3876 0
      vertex 60.5549 26.3396 0
    endloop
  endfacet
  facet normal -0.146829 -0.989162 0
    outer loop
      vertex 60.1421 26.443 0
      vertex 60.2829 26.4221 18
      vertex 60.1421 26.443 18
    endloop
  endfacet
  facet normal -0.146829 -0.989162 -0
    outer loop
      vertex 60.2829 26.4221 18
      vertex 60.1421 26.443 0
      vertex 60.2829 26.4221 0
    endloop
  endfacet
  facet normal -0.514186 -0.857679 0
    outer loop
      vertex 60.6835 26.2788 0
      vertex 60.8056 26.2056 18
      vertex 60.6835 26.2788 18
    endloop
  endfacet
  facet normal -0.514186 -0.857679 -0
    outer loop
      vertex 60.8056 26.2056 18
      vertex 60.6835 26.2788 0
      vertex 60.8056 26.2056 0
    endloop
  endfacet
  facet normal -0.671833 -0.740703 0
    outer loop
      vertex 60.9199 26.1209 0
      vertex 61.0253 26.0253 18
      vertex 60.9199 26.1209 18
    endloop
  endfacet
  facet normal -0.671833 -0.740703 -0
    outer loop
      vertex 61.0253 26.0253 18
      vertex 60.9199 26.1209 0
      vertex 61.0253 26.0253 0
    endloop
  endfacet
  facet normal 0.970143 -0.242536 0
    outer loop
      vertex 58.5779 25.2829 18
      vertex 58.6124 25.4209 0
      vertex 58.6124 25.4209 18
    endloop
  endfacet
  facet normal 0.970143 -0.242536 0
    outer loop
      vertex 58.6124 25.4209 0
      vertex 58.5779 25.2829 18
      vertex 58.5779 25.2829 0
    endloop
  endfacet
  facet normal 0.803445 -0.595379 0
    outer loop
      vertex 58.7944 25.8056 18
      vertex 58.8791 25.9199 0
      vertex 58.8791 25.9199 18
    endloop
  endfacet
  facet normal 0.803445 -0.595379 0
    outer loop
      vertex 58.8791 25.9199 0
      vertex 58.7944 25.8056 18
      vertex 58.7944 25.8056 0
    endloop
  endfacet
  facet normal 0.740703 -0.671833 0
    outer loop
      vertex 58.8791 25.9199 18
      vertex 58.9747 26.0253 0
      vertex 58.9747 26.0253 18
    endloop
  endfacet
  facet normal 0.740703 -0.671833 0
    outer loop
      vertex 58.9747 26.0253 0
      vertex 58.8791 25.9199 18
      vertex 58.8791 25.9199 0
    endloop
  endfacet
  facet normal 0.857679 -0.514186 0
    outer loop
      vertex 58.7212 25.6835 18
      vertex 58.7944 25.8056 0
      vertex 58.7944 25.8056 18
    endloop
  endfacet
  facet normal 0.857679 -0.514186 0
    outer loop
      vertex 58.7944 25.8056 0
      vertex 58.7212 25.6835 18
      vertex 58.7212 25.6835 0
    endloop
  endfacet
  facet normal 0.941424 -0.337226 0
    outer loop
      vertex 58.6124 25.4209 18
      vertex 58.6604 25.5549 0
      vertex 58.6604 25.5549 18
    endloop
  endfacet
  facet normal 0.941424 -0.337226 0
    outer loop
      vertex 58.6604 25.5549 0
      vertex 58.6124 25.4209 18
      vertex 58.6124 25.4209 0
    endloop
  endfacet
  facet normal 0.989162 -0.146829 0
    outer loop
      vertex 58.557 25.1421 18
      vertex 58.5779 25.2829 0
      vertex 58.5779 25.2829 18
    endloop
  endfacet
  facet normal 0.989162 -0.146829 0
    outer loop
      vertex 58.5779 25.2829 0
      vertex 58.557 25.1421 18
      vertex 58.557 25.1421 0
    endloop
  endfacet
  facet normal 0.514186 -0.857679 0
    outer loop
      vertex 59.1944 26.2056 0
      vertex 59.3165 26.2788 18
      vertex 59.1944 26.2056 18
    endloop
  endfacet
  facet normal 0.514186 -0.857679 0
    outer loop
      vertex 59.3165 26.2788 18
      vertex 59.1944 26.2056 0
      vertex 59.3165 26.2788 0
    endloop
  endfacet
  facet normal 0.427421 -0.904053 0
    outer loop
      vertex 59.3165 26.2788 0
      vertex 59.4451 26.3396 18
      vertex 59.3165 26.2788 18
    endloop
  endfacet
  facet normal 0.427421 -0.904053 0
    outer loop
      vertex 59.4451 26.3396 18
      vertex 59.3165 26.2788 0
      vertex 59.4451 26.3396 0
    endloop
  endfacet
  facet normal 0.595379 -0.803445 0
    outer loop
      vertex 59.0801 26.1209 0
      vertex 59.1944 26.2056 18
      vertex 59.0801 26.1209 18
    endloop
  endfacet
  facet normal 0.595379 -0.803445 0
    outer loop
      vertex 59.1944 26.2056 18
      vertex 59.0801 26.1209 0
      vertex 59.1944 26.2056 0
    endloop
  endfacet
  facet normal 0.242536 -0.970143 0
    outer loop
      vertex 59.5791 26.3876 0
      vertex 59.7171 26.4221 18
      vertex 59.5791 26.3876 18
    endloop
  endfacet
  facet normal 0.242536 -0.970143 0
    outer loop
      vertex 59.7171 26.4221 18
      vertex 59.5791 26.3876 0
      vertex 59.7171 26.4221 0
    endloop
  endfacet
  facet normal 0.0492014 -0.998789 0
    outer loop
      vertex 59.8579 26.443 0
      vertex 60 26.45 18
      vertex 59.8579 26.443 18
    endloop
  endfacet
  facet normal 0.0492014 -0.998789 0
    outer loop
      vertex 60 26.45 18
      vertex 59.8579 26.443 0
      vertex 60 26.45 0
    endloop
  endfacet
  facet normal -0.998789 0.0492014 0
    outer loop
      vertex 61.443 24.8579 0
      vertex 61.45 25 18
      vertex 61.45 25 0
    endloop
  endfacet
  facet normal -0.998789 0.0492014 0
    outer loop
      vertex 61.45 25 18
      vertex 61.443 24.8579 0
      vertex 61.443 24.8579 18
    endloop
  endfacet
  facet normal -0.0492014 0.998789 0
    outer loop
      vertex 60.1421 23.557 0
      vertex 60 23.55 18
      vertex 60.1421 23.557 18
    endloop
  endfacet
  facet normal -0.0492014 0.998789 0
    outer loop
      vertex 60 23.55 18
      vertex 60.1421 23.557 0
      vertex 60 23.55 0
    endloop
  endfacet
  facet normal -0.242536 0.970143 0
    outer loop
      vertex 60.4209 23.6124 0
      vertex 60.2829 23.5779 18
      vertex 60.4209 23.6124 18
    endloop
  endfacet
  facet normal -0.242536 0.970143 0
    outer loop
      vertex 60.2829 23.5779 18
      vertex 60.4209 23.6124 0
      vertex 60.2829 23.5779 0
    endloop
  endfacet
  facet normal -0.595379 0.803445 0
    outer loop
      vertex 60.9199 23.8791 0
      vertex 60.8056 23.7944 18
      vertex 60.9199 23.8791 18
    endloop
  endfacet
  facet normal -0.595379 0.803445 0
    outer loop
      vertex 60.8056 23.7944 18
      vertex 60.9199 23.8791 0
      vertex 60.8056 23.7944 0
    endloop
  endfacet
  facet normal -0.427421 0.904053 0
    outer loop
      vertex 60.6835 23.7212 0
      vertex 60.5549 23.6604 18
      vertex 60.6835 23.7212 18
    endloop
  endfacet
  facet normal -0.427421 0.904053 0
    outer loop
      vertex 60.5549 23.6604 18
      vertex 60.6835 23.7212 0
      vertex 60.5549 23.6604 0
    endloop
  endfacet
  facet normal -0.740703 0.671833 0
    outer loop
      vertex 61.0253 23.9747 0
      vertex 61.1209 24.0801 18
      vertex 61.1209 24.0801 0
    endloop
  endfacet
  facet normal -0.740703 0.671833 0
    outer loop
      vertex 61.1209 24.0801 18
      vertex 61.0253 23.9747 0
      vertex 61.0253 23.9747 18
    endloop
  endfacet
  facet normal 0.671833 0.740703 -0
    outer loop
      vertex 59.0801 23.8791 0
      vertex 58.9747 23.9747 18
      vertex 59.0801 23.8791 18
    endloop
  endfacet
  facet normal 0.671833 0.740703 0
    outer loop
      vertex 58.9747 23.9747 18
      vertex 59.0801 23.8791 0
      vertex 58.9747 23.9747 0
    endloop
  endfacet
  facet normal 0.514186 0.857679 -0
    outer loop
      vertex 59.3165 23.7212 0
      vertex 59.1944 23.7944 18
      vertex 59.3165 23.7212 18
    endloop
  endfacet
  facet normal 0.514186 0.857679 0
    outer loop
      vertex 59.1944 23.7944 18
      vertex 59.3165 23.7212 0
      vertex 59.1944 23.7944 0
    endloop
  endfacet
  facet normal 0.337226 0.941424 -0
    outer loop
      vertex 59.5791 23.6124 0
      vertex 59.4451 23.6604 18
      vertex 59.5791 23.6124 18
    endloop
  endfacet
  facet normal 0.337226 0.941424 0
    outer loop
      vertex 59.4451 23.6604 18
      vertex 59.5791 23.6124 0
      vertex 59.4451 23.6604 0
    endloop
  endfacet
  facet normal 0.146829 0.989162 -0
    outer loop
      vertex 59.8579 23.557 0
      vertex 59.7171 23.5779 18
      vertex 59.8579 23.557 18
    endloop
  endfacet
  facet normal 0.146829 0.989162 0
    outer loop
      vertex 59.7171 23.5779 18
      vertex 59.8579 23.557 0
      vertex 59.7171 23.5779 0
    endloop
  endfacet
  facet normal 0.904053 0.427421 0
    outer loop
      vertex 58.7212 24.3165 18
      vertex 58.6604 24.4451 0
      vertex 58.6604 24.4451 18
    endloop
  endfacet
  facet normal 0.904053 0.427421 0
    outer loop
      vertex 58.6604 24.4451 0
      vertex 58.7212 24.3165 18
      vertex 58.7212 24.3165 0
    endloop
  endfacet
  facet normal 0.803445 0.595379 0
    outer loop
      vertex 58.8791 24.0801 18
      vertex 58.7944 24.1944 0
      vertex 58.7944 24.1944 18
    endloop
  endfacet
  facet normal 0.803445 0.595379 0
    outer loop
      vertex 58.7944 24.1944 0
      vertex 58.8791 24.0801 18
      vertex 58.8791 24.0801 0
    endloop
  endfacet
  facet normal 0.970143 0.242536 0
    outer loop
      vertex 58.6124 24.5791 18
      vertex 58.5779 24.7171 0
      vertex 58.5779 24.7171 18
    endloop
  endfacet
  facet normal 0.970143 0.242536 0
    outer loop
      vertex 58.5779 24.7171 0
      vertex 58.6124 24.5791 18
      vertex 58.6124 24.5791 0
    endloop
  endfacet
  facet normal 0.998789 0.0492014 0
    outer loop
      vertex 58.557 24.8579 18
      vertex 58.55 25 0
      vertex 58.55 25 18
    endloop
  endfacet
  facet normal 0.998789 0.0492014 0
    outer loop
      vertex 58.55 25 0
      vertex 58.557 24.8579 18
      vertex 58.557 24.8579 0
    endloop
  endfacet
  facet normal -0.989162 0.146829 0
    outer loop
      vertex 61.4221 24.7171 0
      vertex 61.443 24.8579 18
      vertex 61.443 24.8579 0
    endloop
  endfacet
  facet normal -0.989162 0.146829 0
    outer loop
      vertex 61.443 24.8579 18
      vertex 61.4221 24.7171 0
      vertex 61.4221 24.7171 18
    endloop
  endfacet
  facet normal -0.146829 0.989162 0
    outer loop
      vertex 60.2829 23.5779 0
      vertex 60.1421 23.557 18
      vertex 60.2829 23.5779 18
    endloop
  endfacet
  facet normal -0.146829 0.989162 0
    outer loop
      vertex 60.1421 23.557 18
      vertex 60.2829 23.5779 0
      vertex 60.1421 23.557 0
    endloop
  endfacet
  facet normal -0.337226 0.941424 0
    outer loop
      vertex 60.5549 23.6604 0
      vertex 60.4209 23.6124 18
      vertex 60.5549 23.6604 18
    endloop
  endfacet
  facet normal -0.337226 0.941424 0
    outer loop
      vertex 60.4209 23.6124 18
      vertex 60.5549 23.6604 0
      vertex 60.4209 23.6124 0
    endloop
  endfacet
  facet normal -0.671833 0.740703 0
    outer loop
      vertex 61.0253 23.9747 0
      vertex 60.9199 23.8791 18
      vertex 61.0253 23.9747 18
    endloop
  endfacet
  facet normal -0.671833 0.740703 0
    outer loop
      vertex 60.9199 23.8791 18
      vertex 61.0253 23.9747 0
      vertex 60.9199 23.8791 0
    endloop
  endfacet
  facet normal -0.514186 0.857679 0
    outer loop
      vertex 60.8056 23.7944 0
      vertex 60.6835 23.7212 18
      vertex 60.8056 23.7944 18
    endloop
  endfacet
  facet normal -0.514186 0.857679 0
    outer loop
      vertex 60.6835 23.7212 18
      vertex 60.8056 23.7944 0
      vertex 60.6835 23.7212 0
    endloop
  endfacet
  facet normal 0.595379 0.803445 -0
    outer loop
      vertex 59.1944 23.7944 0
      vertex 59.0801 23.8791 18
      vertex 59.1944 23.7944 18
    endloop
  endfacet
  facet normal 0.595379 0.803445 0
    outer loop
      vertex 59.0801 23.8791 18
      vertex 59.1944 23.7944 0
      vertex 59.0801 23.8791 0
    endloop
  endfacet
  facet normal 0.427421 0.904053 -0
    outer loop
      vertex 59.4451 23.6604 0
      vertex 59.3165 23.7212 18
      vertex 59.4451 23.6604 18
    endloop
  endfacet
  facet normal 0.427421 0.904053 0
    outer loop
      vertex 59.3165 23.7212 18
      vertex 59.4451 23.6604 0
      vertex 59.3165 23.7212 0
    endloop
  endfacet
  facet normal 0.242536 0.970143 -0
    outer loop
      vertex 59.7171 23.5779 0
      vertex 59.5791 23.6124 18
      vertex 59.7171 23.5779 18
    endloop
  endfacet
  facet normal 0.242536 0.970143 0
    outer loop
      vertex 59.5791 23.6124 18
      vertex 59.7171 23.5779 0
      vertex 59.5791 23.6124 0
    endloop
  endfacet
  facet normal 0.857679 0.514186 0
    outer loop
      vertex 58.7944 24.1944 18
      vertex 58.7212 24.3165 0
      vertex 58.7212 24.3165 18
    endloop
  endfacet
  facet normal 0.857679 0.514186 0
    outer loop
      vertex 58.7212 24.3165 0
      vertex 58.7944 24.1944 18
      vertex 58.7944 24.1944 0
    endloop
  endfacet
  facet normal 0.941424 0.337226 0
    outer loop
      vertex 58.6604 24.4451 18
      vertex 58.6124 24.5791 0
      vertex 58.6124 24.5791 18
    endloop
  endfacet
  facet normal 0.941424 0.337226 0
    outer loop
      vertex 58.6124 24.5791 0
      vertex 58.6604 24.4451 18
      vertex 58.6604 24.4451 0
    endloop
  endfacet
  facet normal 0.989162 0.146829 0
    outer loop
      vertex 58.5779 24.7171 18
      vertex 58.557 24.8579 0
      vertex 58.557 24.8579 18
    endloop
  endfacet
  facet normal 0.989162 0.146829 0
    outer loop
      vertex 58.557 24.8579 0
      vertex 58.5779 24.7171 18
      vertex 58.5779 24.7171 0
    endloop
  endfacet
  facet normal -0.803445 0.595379 0
    outer loop
      vertex 61.1209 24.0801 0
      vertex 61.2056 24.1944 18
      vertex 61.2056 24.1944 0
    endloop
  endfacet
  facet normal -0.803445 0.595379 0
    outer loop
      vertex 61.2056 24.1944 18
      vertex 61.1209 24.0801 0
      vertex 61.1209 24.0801 18
    endloop
  endfacet
  facet normal -0.904053 0.427421 0
    outer loop
      vertex 61.2788 24.3165 0
      vertex 61.3396 24.4451 18
      vertex 61.3396 24.4451 0
    endloop
  endfacet
  facet normal -0.904053 0.427421 0
    outer loop
      vertex 61.3396 24.4451 18
      vertex 61.2788 24.3165 0
      vertex 61.2788 24.3165 18
    endloop
  endfacet
  facet normal -0.857679 0.514186 0
    outer loop
      vertex 61.2056 24.1944 0
      vertex 61.2788 24.3165 18
      vertex 61.2788 24.3165 0
    endloop
  endfacet
  facet normal -0.857679 0.514186 0
    outer loop
      vertex 61.2788 24.3165 18
      vertex 61.2056 24.1944 0
      vertex 61.2056 24.1944 18
    endloop
  endfacet
  facet normal -0.941424 0.337226 0
    outer loop
      vertex 61.3396 24.4451 0
      vertex 61.3876 24.5791 18
      vertex 61.3876 24.5791 0
    endloop
  endfacet
  facet normal -0.941424 0.337226 0
    outer loop
      vertex 61.3876 24.5791 18
      vertex 61.3396 24.4451 0
      vertex 61.3396 24.4451 18
    endloop
  endfacet
  facet normal -0.998789 -0.0492014 0
    outer loop
      vertex 73.45 25 0
      vertex 73.443 25.1421 18
      vertex 73.443 25.1421 0
    endloop
  endfacet
  facet normal -0.998789 -0.0492014 0
    outer loop
      vertex 73.443 25.1421 18
      vertex 73.45 25 0
      vertex 73.45 25 18
    endloop
  endfacet
  facet normal 0.998789 -0.0492014 0
    outer loop
      vertex 70.55 25 18
      vertex 70.557 25.1421 0
      vertex 70.557 25.1421 18
    endloop
  endfacet
  facet normal 0.998789 -0.0492014 0
    outer loop
      vertex 70.557 25.1421 0
      vertex 70.55 25 18
      vertex 70.55 25 0
    endloop
  endfacet
  facet normal -0.0492014 -0.998789 0
    outer loop
      vertex 72 26.45 0
      vertex 72.1421 26.443 18
      vertex 72 26.45 18
    endloop
  endfacet
  facet normal -0.0492014 -0.998789 -0
    outer loop
      vertex 72.1421 26.443 18
      vertex 72 26.45 0
      vertex 72.1421 26.443 0
    endloop
  endfacet
  facet normal 0.0492014 0.998789 -0
    outer loop
      vertex 72 23.55 0
      vertex 71.8579 23.557 18
      vertex 72 23.55 18
    endloop
  endfacet
  facet normal 0.0492014 0.998789 0
    outer loop
      vertex 71.8579 23.557 18
      vertex 72 23.55 0
      vertex 71.8579 23.557 0
    endloop
  endfacet
  facet normal 0.740703 0.671833 0
    outer loop
      vertex 70.9747 23.9747 18
      vertex 70.8791 24.0801 0
      vertex 70.8791 24.0801 18
    endloop
  endfacet
  facet normal 0.740703 0.671833 0
    outer loop
      vertex 70.8791 24.0801 0
      vertex 70.9747 23.9747 18
      vertex 70.9747 23.9747 0
    endloop
  endfacet
  facet normal -0.740703 -0.671833 0
    outer loop
      vertex 73.1209 25.9199 0
      vertex 73.0253 26.0253 18
      vertex 73.0253 26.0253 0
    endloop
  endfacet
  facet normal -0.740703 -0.671833 0
    outer loop
      vertex 73.0253 26.0253 18
      vertex 73.1209 25.9199 0
      vertex 73.1209 25.9199 18
    endloop
  endfacet
  facet normal 0.671833 -0.740703 0
    outer loop
      vertex 70.9747 26.0253 0
      vertex 71.0801 26.1209 18
      vertex 70.9747 26.0253 18
    endloop
  endfacet
  facet normal 0.671833 -0.740703 0
    outer loop
      vertex 71.0801 26.1209 18
      vertex 70.9747 26.0253 0
      vertex 71.0801 26.1209 0
    endloop
  endfacet
  facet normal 0.337226 -0.941424 0
    outer loop
      vertex 71.4451 26.3396 0
      vertex 71.5791 26.3876 18
      vertex 71.4451 26.3396 18
    endloop
  endfacet
  facet normal 0.337226 -0.941424 0
    outer loop
      vertex 71.5791 26.3876 18
      vertex 71.4451 26.3396 0
      vertex 71.5791 26.3876 0
    endloop
  endfacet
  facet normal -0.904053 -0.427421 0
    outer loop
      vertex 73.3396 25.5549 0
      vertex 73.2788 25.6835 18
      vertex 73.2788 25.6835 0
    endloop
  endfacet
  facet normal -0.904053 -0.427421 0
    outer loop
      vertex 73.2788 25.6835 18
      vertex 73.3396 25.5549 0
      vertex 73.3396 25.5549 18
    endloop
  endfacet
  facet normal -0.427421 -0.904053 0
    outer loop
      vertex 72.5549 26.3396 0
      vertex 72.6835 26.2788 18
      vertex 72.5549 26.3396 18
    endloop
  endfacet
  facet normal -0.427421 -0.904053 -0
    outer loop
      vertex 72.6835 26.2788 18
      vertex 72.5549 26.3396 0
      vertex 72.6835 26.2788 0
    endloop
  endfacet
  facet normal -0.595379 -0.803445 0
    outer loop
      vertex 72.8056 26.2056 0
      vertex 72.9199 26.1209 18
      vertex 72.8056 26.2056 18
    endloop
  endfacet
  facet normal -0.595379 -0.803445 -0
    outer loop
      vertex 72.9199 26.1209 18
      vertex 72.8056 26.2056 0
      vertex 72.9199 26.1209 0
    endloop
  endfacet
  facet normal 0.904053 -0.427421 0
    outer loop
      vertex 70.6604 25.5549 18
      vertex 70.7212 25.6835 0
      vertex 70.7212 25.6835 18
    endloop
  endfacet
  facet normal 0.904053 -0.427421 0
    outer loop
      vertex 70.7212 25.6835 0
      vertex 70.6604 25.5549 18
      vertex 70.6604 25.5549 0
    endloop
  endfacet
  facet normal 0.146829 -0.989162 0
    outer loop
      vertex 71.7171 26.4221 0
      vertex 71.8579 26.443 18
      vertex 71.7171 26.4221 18
    endloop
  endfacet
  facet normal 0.146829 -0.989162 0
    outer loop
      vertex 71.8579 26.443 18
      vertex 71.7171 26.4221 0
      vertex 71.8579 26.443 0
    endloop
  endfacet
  facet normal 0.998789 0.0492014 0
    outer loop
      vertex 70.557 24.8579 18
      vertex 70.55 25 0
      vertex 70.55 25 18
    endloop
  endfacet
  facet normal 0.998789 0.0492014 0
    outer loop
      vertex 70.55 25 0
      vertex 70.557 24.8579 18
      vertex 70.557 24.8579 0
    endloop
  endfacet
  facet normal -0.970143 -0.242536 0
    outer loop
      vertex 73.4221 25.2829 0
      vertex 73.3876 25.4209 18
      vertex 73.3876 25.4209 0
    endloop
  endfacet
  facet normal -0.970143 -0.242536 0
    outer loop
      vertex 73.3876 25.4209 18
      vertex 73.4221 25.2829 0
      vertex 73.4221 25.2829 18
    endloop
  endfacet
  facet normal -0.989162 -0.146829 0
    outer loop
      vertex 73.443 25.1421 0
      vertex 73.4221 25.2829 18
      vertex 73.4221 25.2829 0
    endloop
  endfacet
  facet normal -0.989162 -0.146829 0
    outer loop
      vertex 73.4221 25.2829 18
      vertex 73.443 25.1421 0
      vertex 73.443 25.1421 18
    endloop
  endfacet
  facet normal -0.941424 -0.337226 0
    outer loop
      vertex 73.3876 25.4209 0
      vertex 73.3396 25.5549 18
      vertex 73.3396 25.5549 0
    endloop
  endfacet
  facet normal -0.941424 -0.337226 0
    outer loop
      vertex 73.3396 25.5549 18
      vertex 73.3876 25.4209 0
      vertex 73.3876 25.4209 18
    endloop
  endfacet
  facet normal -0.803445 -0.595379 0
    outer loop
      vertex 73.2056 25.8056 0
      vertex 73.1209 25.9199 18
      vertex 73.1209 25.9199 0
    endloop
  endfacet
  facet normal -0.803445 -0.595379 0
    outer loop
      vertex 73.1209 25.9199 18
      vertex 73.2056 25.8056 0
      vertex 73.2056 25.8056 18
    endloop
  endfacet
  facet normal -0.857679 -0.514186 0
    outer loop
      vertex 73.2788 25.6835 0
      vertex 73.2056 25.8056 18
      vertex 73.2056 25.8056 0
    endloop
  endfacet
  facet normal -0.857679 -0.514186 0
    outer loop
      vertex 73.2056 25.8056 18
      vertex 73.2788 25.6835 0
      vertex 73.2788 25.6835 18
    endloop
  endfacet
  facet normal -0.242536 -0.970143 0
    outer loop
      vertex 72.2829 26.4221 0
      vertex 72.4209 26.3876 18
      vertex 72.2829 26.4221 18
    endloop
  endfacet
  facet normal -0.242536 -0.970143 -0
    outer loop
      vertex 72.4209 26.3876 18
      vertex 72.2829 26.4221 0
      vertex 72.4209 26.3876 0
    endloop
  endfacet
  facet normal -0.337226 -0.941424 0
    outer loop
      vertex 72.4209 26.3876 0
      vertex 72.5549 26.3396 18
      vertex 72.4209 26.3876 18
    endloop
  endfacet
  facet normal -0.337226 -0.941424 -0
    outer loop
      vertex 72.5549 26.3396 18
      vertex 72.4209 26.3876 0
      vertex 72.5549 26.3396 0
    endloop
  endfacet
  facet normal -0.146829 -0.989162 0
    outer loop
      vertex 72.1421 26.443 0
      vertex 72.2829 26.4221 18
      vertex 72.1421 26.443 18
    endloop
  endfacet
  facet normal -0.146829 -0.989162 -0
    outer loop
      vertex 72.2829 26.4221 18
      vertex 72.1421 26.443 0
      vertex 72.2829 26.4221 0
    endloop
  endfacet
  facet normal -0.514186 -0.857679 0
    outer loop
      vertex 72.6835 26.2788 0
      vertex 72.8056 26.2056 18
      vertex 72.6835 26.2788 18
    endloop
  endfacet
  facet normal -0.514186 -0.857679 -0
    outer loop
      vertex 72.8056 26.2056 18
      vertex 72.6835 26.2788 0
      vertex 72.8056 26.2056 0
    endloop
  endfacet
  facet normal -0.671833 -0.740703 0
    outer loop
      vertex 72.9199 26.1209 0
      vertex 73.0253 26.0253 18
      vertex 72.9199 26.1209 18
    endloop
  endfacet
  facet normal -0.671833 -0.740703 -0
    outer loop
      vertex 73.0253 26.0253 18
      vertex 72.9199 26.1209 0
      vertex 73.0253 26.0253 0
    endloop
  endfacet
  facet normal 0.970143 -0.242536 0
    outer loop
      vertex 70.5779 25.2829 18
      vertex 70.6124 25.4209 0
      vertex 70.6124 25.4209 18
    endloop
  endfacet
  facet normal 0.970143 -0.242536 0
    outer loop
      vertex 70.6124 25.4209 0
      vertex 70.5779 25.2829 18
      vertex 70.5779 25.2829 0
    endloop
  endfacet
  facet normal 0.803445 -0.595379 0
    outer loop
      vertex 70.7944 25.8056 18
      vertex 70.8791 25.9199 0
      vertex 70.8791 25.9199 18
    endloop
  endfacet
  facet normal 0.803445 -0.595379 0
    outer loop
      vertex 70.8791 25.9199 0
      vertex 70.7944 25.8056 18
      vertex 70.7944 25.8056 0
    endloop
  endfacet
  facet normal 0.740703 -0.671833 0
    outer loop
      vertex 70.8791 25.9199 18
      vertex 70.9747 26.0253 0
      vertex 70.9747 26.0253 18
    endloop
  endfacet
  facet normal 0.740703 -0.671833 0
    outer loop
      vertex 70.9747 26.0253 0
      vertex 70.8791 25.9199 18
      vertex 70.8791 25.9199 0
    endloop
  endfacet
  facet normal 0.857679 -0.514186 0
    outer loop
      vertex 70.7212 25.6835 18
      vertex 70.7944 25.8056 0
      vertex 70.7944 25.8056 18
    endloop
  endfacet
  facet normal 0.857679 -0.514186 0
    outer loop
      vertex 70.7944 25.8056 0
      vertex 70.7212 25.6835 18
      vertex 70.7212 25.6835 0
    endloop
  endfacet
  facet normal 0.941424 -0.337226 0
    outer loop
      vertex 70.6124 25.4209 18
      vertex 70.6604 25.5549 0
      vertex 70.6604 25.5549 18
    endloop
  endfacet
  facet normal 0.941424 -0.337226 0
    outer loop
      vertex 70.6604 25.5549 0
      vertex 70.6124 25.4209 18
      vertex 70.6124 25.4209 0
    endloop
  endfacet
  facet normal 0.989162 -0.146829 0
    outer loop
      vertex 70.557 25.1421 18
      vertex 70.5779 25.2829 0
      vertex 70.5779 25.2829 18
    endloop
  endfacet
  facet normal 0.989162 -0.146829 0
    outer loop
      vertex 70.5779 25.2829 0
      vertex 70.557 25.1421 18
      vertex 70.557 25.1421 0
    endloop
  endfacet
  facet normal 0.514186 -0.857679 0
    outer loop
      vertex 71.1944 26.2056 0
      vertex 71.3165 26.2788 18
      vertex 71.1944 26.2056 18
    endloop
  endfacet
  facet normal 0.514186 -0.857679 0
    outer loop
      vertex 71.3165 26.2788 18
      vertex 71.1944 26.2056 0
      vertex 71.3165 26.2788 0
    endloop
  endfacet
  facet normal 0.427421 -0.904053 0
    outer loop
      vertex 71.3165 26.2788 0
      vertex 71.4451 26.3396 18
      vertex 71.3165 26.2788 18
    endloop
  endfacet
  facet normal 0.427421 -0.904053 0
    outer loop
      vertex 71.4451 26.3396 18
      vertex 71.3165 26.2788 0
      vertex 71.4451 26.3396 0
    endloop
  endfacet
  facet normal 0.595379 -0.803445 0
    outer loop
      vertex 71.0801 26.1209 0
      vertex 71.1944 26.2056 18
      vertex 71.0801 26.1209 18
    endloop
  endfacet
  facet normal 0.595379 -0.803445 0
    outer loop
      vertex 71.1944 26.2056 18
      vertex 71.0801 26.1209 0
      vertex 71.1944 26.2056 0
    endloop
  endfacet
  facet normal 0.242536 -0.970143 0
    outer loop
      vertex 71.5791 26.3876 0
      vertex 71.7171 26.4221 18
      vertex 71.5791 26.3876 18
    endloop
  endfacet
  facet normal 0.242536 -0.970143 0
    outer loop
      vertex 71.7171 26.4221 18
      vertex 71.5791 26.3876 0
      vertex 71.7171 26.4221 0
    endloop
  endfacet
  facet normal 0.0492014 -0.998789 0
    outer loop
      vertex 71.8579 26.443 0
      vertex 72 26.45 18
      vertex 71.8579 26.443 18
    endloop
  endfacet
  facet normal 0.0492014 -0.998789 0
    outer loop
      vertex 72 26.45 18
      vertex 71.8579 26.443 0
      vertex 72 26.45 0
    endloop
  endfacet
  facet normal -0.998789 0.0492014 0
    outer loop
      vertex 73.443 24.8579 0
      vertex 73.45 25 18
      vertex 73.45 25 0
    endloop
  endfacet
  facet normal -0.998789 0.0492014 0
    outer loop
      vertex 73.45 25 18
      vertex 73.443 24.8579 0
      vertex 73.443 24.8579 18
    endloop
  endfacet
  facet normal -0.0492014 0.998789 0
    outer loop
      vertex 72.1421 23.557 0
      vertex 72 23.55 18
      vertex 72.1421 23.557 18
    endloop
  endfacet
  facet normal -0.0492014 0.998789 0
    outer loop
      vertex 72 23.55 18
      vertex 72.1421 23.557 0
      vertex 72 23.55 0
    endloop
  endfacet
  facet normal -0.242536 0.970143 0
    outer loop
      vertex 72.4209 23.6124 0
      vertex 72.2829 23.5779 18
      vertex 72.4209 23.6124 18
    endloop
  endfacet
  facet normal -0.242536 0.970143 0
    outer loop
      vertex 72.2829 23.5779 18
      vertex 72.4209 23.6124 0
      vertex 72.2829 23.5779 0
    endloop
  endfacet
  facet normal -0.595379 0.803445 0
    outer loop
      vertex 72.9199 23.8791 0
      vertex 72.8056 23.7944 18
      vertex 72.9199 23.8791 18
    endloop
  endfacet
  facet normal -0.595379 0.803445 0
    outer loop
      vertex 72.8056 23.7944 18
      vertex 72.9199 23.8791 0
      vertex 72.8056 23.7944 0
    endloop
  endfacet
  facet normal -0.427421 0.904053 0
    outer loop
      vertex 72.6835 23.7212 0
      vertex 72.5549 23.6604 18
      vertex 72.6835 23.7212 18
    endloop
  endfacet
  facet normal -0.427421 0.904053 0
    outer loop
      vertex 72.5549 23.6604 18
      vertex 72.6835 23.7212 0
      vertex 72.5549 23.6604 0
    endloop
  endfacet
  facet normal -0.740703 0.671833 0
    outer loop
      vertex 73.0253 23.9747 0
      vertex 73.1209 24.0801 18
      vertex 73.1209 24.0801 0
    endloop
  endfacet
  facet normal -0.740703 0.671833 0
    outer loop
      vertex 73.1209 24.0801 18
      vertex 73.0253 23.9747 0
      vertex 73.0253 23.9747 18
    endloop
  endfacet
  facet normal 0.671833 0.740703 -0
    outer loop
      vertex 71.0801 23.8791 0
      vertex 70.9747 23.9747 18
      vertex 71.0801 23.8791 18
    endloop
  endfacet
  facet normal 0.671833 0.740703 0
    outer loop
      vertex 70.9747 23.9747 18
      vertex 71.0801 23.8791 0
      vertex 70.9747 23.9747 0
    endloop
  endfacet
  facet normal 0.514186 0.857679 -0
    outer loop
      vertex 71.3165 23.7212 0
      vertex 71.1944 23.7944 18
      vertex 71.3165 23.7212 18
    endloop
  endfacet
  facet normal 0.514186 0.857679 0
    outer loop
      vertex 71.1944 23.7944 18
      vertex 71.3165 23.7212 0
      vertex 71.1944 23.7944 0
    endloop
  endfacet
  facet normal 0.337226 0.941424 -0
    outer loop
      vertex 71.5791 23.6124 0
      vertex 71.4451 23.6604 18
      vertex 71.5791 23.6124 18
    endloop
  endfacet
  facet normal 0.337226 0.941424 0
    outer loop
      vertex 71.4451 23.6604 18
      vertex 71.5791 23.6124 0
      vertex 71.4451 23.6604 0
    endloop
  endfacet
  facet normal 0.146829 0.989162 -0
    outer loop
      vertex 71.8579 23.557 0
      vertex 71.7171 23.5779 18
      vertex 71.8579 23.557 18
    endloop
  endfacet
  facet normal 0.146829 0.989162 0
    outer loop
      vertex 71.7171 23.5779 18
      vertex 71.8579 23.557 0
      vertex 71.7171 23.5779 0
    endloop
  endfacet
  facet normal 0.904053 0.427421 0
    outer loop
      vertex 70.7212 24.3165 18
      vertex 70.6604 24.4451 0
      vertex 70.6604 24.4451 18
    endloop
  endfacet
  facet normal 0.904053 0.427421 0
    outer loop
      vertex 70.6604 24.4451 0
      vertex 70.7212 24.3165 18
      vertex 70.7212 24.3165 0
    endloop
  endfacet
  facet normal 0.803445 0.595379 0
    outer loop
      vertex 70.8791 24.0801 18
      vertex 70.7944 24.1944 0
      vertex 70.7944 24.1944 18
    endloop
  endfacet
  facet normal 0.803445 0.595379 0
    outer loop
      vertex 70.7944 24.1944 0
      vertex 70.8791 24.0801 18
      vertex 70.8791 24.0801 0
    endloop
  endfacet
  facet normal 0.970143 0.242536 0
    outer loop
      vertex 70.6124 24.5791 18
      vertex 70.5779 24.7171 0
      vertex 70.5779 24.7171 18
    endloop
  endfacet
  facet normal 0.970143 0.242536 0
    outer loop
      vertex 70.5779 24.7171 0
      vertex 70.6124 24.5791 18
      vertex 70.6124 24.5791 0
    endloop
  endfacet
  facet normal 0.989162 0.146829 0
    outer loop
      vertex 70.5779 24.7171 18
      vertex 70.557 24.8579 0
      vertex 70.557 24.8579 18
    endloop
  endfacet
  facet normal 0.989162 0.146829 0
    outer loop
      vertex 70.557 24.8579 0
      vertex 70.5779 24.7171 18
      vertex 70.5779 24.7171 0
    endloop
  endfacet
  facet normal -0.904053 0.427421 0
    outer loop
      vertex 73.2788 24.3165 0
      vertex 73.3396 24.4451 18
      vertex 73.3396 24.4451 0
    endloop
  endfacet
  facet normal -0.904053 0.427421 0
    outer loop
      vertex 73.3396 24.4451 18
      vertex 73.2788 24.3165 0
      vertex 73.2788 24.3165 18
    endloop
  endfacet
  facet normal -0.970143 0.242536 0
    outer loop
      vertex 73.3876 24.5791 0
      vertex 73.4221 24.7171 18
      vertex 73.4221 24.7171 0
    endloop
  endfacet
  facet normal -0.970143 0.242536 0
    outer loop
      vertex 73.4221 24.7171 18
      vertex 73.3876 24.5791 0
      vertex 73.3876 24.5791 18
    endloop
  endfacet
  facet normal -0.146829 0.989162 0
    outer loop
      vertex 72.2829 23.5779 0
      vertex 72.1421 23.557 18
      vertex 72.2829 23.5779 18
    endloop
  endfacet
  facet normal -0.146829 0.989162 0
    outer loop
      vertex 72.1421 23.557 18
      vertex 72.2829 23.5779 0
      vertex 72.1421 23.557 0
    endloop
  endfacet
  facet normal -0.337226 0.941424 0
    outer loop
      vertex 72.5549 23.6604 0
      vertex 72.4209 23.6124 18
      vertex 72.5549 23.6604 18
    endloop
  endfacet
  facet normal -0.337226 0.941424 0
    outer loop
      vertex 72.4209 23.6124 18
      vertex 72.5549 23.6604 0
      vertex 72.4209 23.6124 0
    endloop
  endfacet
  facet normal -0.671833 0.740703 0
    outer loop
      vertex 73.0253 23.9747 0
      vertex 72.9199 23.8791 18
      vertex 73.0253 23.9747 18
    endloop
  endfacet
  facet normal -0.671833 0.740703 0
    outer loop
      vertex 72.9199 23.8791 18
      vertex 73.0253 23.9747 0
      vertex 72.9199 23.8791 0
    endloop
  endfacet
  facet normal -0.514186 0.857679 0
    outer loop
      vertex 72.8056 23.7944 0
      vertex 72.6835 23.7212 18
      vertex 72.8056 23.7944 18
    endloop
  endfacet
  facet normal -0.514186 0.857679 0
    outer loop
      vertex 72.6835 23.7212 18
      vertex 72.8056 23.7944 0
      vertex 72.6835 23.7212 0
    endloop
  endfacet
  facet normal 0.595379 0.803445 -0
    outer loop
      vertex 71.1944 23.7944 0
      vertex 71.0801 23.8791 18
      vertex 71.1944 23.7944 18
    endloop
  endfacet
  facet normal 0.595379 0.803445 0
    outer loop
      vertex 71.0801 23.8791 18
      vertex 71.1944 23.7944 0
      vertex 71.0801 23.8791 0
    endloop
  endfacet
  facet normal 0.427421 0.904053 -0
    outer loop
      vertex 71.4451 23.6604 0
      vertex 71.3165 23.7212 18
      vertex 71.4451 23.6604 18
    endloop
  endfacet
  facet normal 0.427421 0.904053 0
    outer loop
      vertex 71.3165 23.7212 18
      vertex 71.4451 23.6604 0
      vertex 71.3165 23.7212 0
    endloop
  endfacet
  facet normal 0.242536 0.970143 -0
    outer loop
      vertex 71.7171 23.5779 0
      vertex 71.5791 23.6124 18
      vertex 71.7171 23.5779 18
    endloop
  endfacet
  facet normal 0.242536 0.970143 0
    outer loop
      vertex 71.5791 23.6124 18
      vertex 71.7171 23.5779 0
      vertex 71.5791 23.6124 0
    endloop
  endfacet
  facet normal 0.857679 0.514186 0
    outer loop
      vertex 70.7944 24.1944 18
      vertex 70.7212 24.3165 0
      vertex 70.7212 24.3165 18
    endloop
  endfacet
  facet normal 0.857679 0.514186 0
    outer loop
      vertex 70.7212 24.3165 0
      vertex 70.7944 24.1944 18
      vertex 70.7944 24.1944 0
    endloop
  endfacet
  facet normal 0.941424 0.337226 0
    outer loop
      vertex 70.6604 24.4451 18
      vertex 70.6124 24.5791 0
      vertex 70.6124 24.5791 18
    endloop
  endfacet
  facet normal 0.941424 0.337226 0
    outer loop
      vertex 70.6124 24.5791 0
      vertex 70.6604 24.4451 18
      vertex 70.6604 24.4451 0
    endloop
  endfacet
  facet normal -0.989162 0.146829 0
    outer loop
      vertex 73.4221 24.7171 0
      vertex 73.443 24.8579 18
      vertex 73.443 24.8579 0
    endloop
  endfacet
  facet normal -0.989162 0.146829 0
    outer loop
      vertex 73.443 24.8579 18
      vertex 73.4221 24.7171 0
      vertex 73.4221 24.7171 18
    endloop
  endfacet
  facet normal -0.803445 0.595379 0
    outer loop
      vertex 73.1209 24.0801 0
      vertex 73.2056 24.1944 18
      vertex 73.2056 24.1944 0
    endloop
  endfacet
  facet normal -0.803445 0.595379 0
    outer loop
      vertex 73.2056 24.1944 18
      vertex 73.1209 24.0801 0
      vertex 73.1209 24.0801 18
    endloop
  endfacet
  facet normal -0.857679 0.514186 0
    outer loop
      vertex 73.2056 24.1944 0
      vertex 73.2788 24.3165 18
      vertex 73.2788 24.3165 0
    endloop
  endfacet
  facet normal -0.857679 0.514186 0
    outer loop
      vertex 73.2788 24.3165 18
      vertex 73.2056 24.1944 0
      vertex 73.2056 24.1944 18
    endloop
  endfacet
  facet normal -0.941424 0.337226 0
    outer loop
      vertex 73.3396 24.4451 0
      vertex 73.3876 24.5791 18
      vertex 73.3876 24.5791 0
    endloop
  endfacet
  facet normal -0.941424 0.337226 0
    outer loop
      vertex 73.3876 24.5791 18
      vertex 73.3396 24.4451 0
      vertex 73.3396 24.4451 18
    endloop
  endfacet
  facet normal -0.857731 -0.514099 0
    outer loop
      vertex 8.49927 7.80137 0
      vertex 8.4135 7.94447 7.21
      vertex 8.4135 7.94447 0
    endloop
  endfacet
  facet normal -0.857731 -0.514099 0
    outer loop
      vertex 8.4135 7.94447 7.21
      vertex 8.49927 7.80137 0
      vertex 8.49927 7.80137 7.21
    endloop
  endfacet
  facet normal -0.336921 -0.941533 0
    outer loop
      vertex 7.49348 8.6268 0
      vertex 7.65056 8.57059 7.21
      vertex 7.49348 8.6268 7.21
    endloop
  endfacet
  facet normal -0.336921 -0.941533 -0
    outer loop
      vertex 7.65056 8.57059 7.21
      vertex 7.49348 8.6268 0
      vertex 7.65056 8.57059 0
    endloop
  endfacet
  facet normal 0.427494 -0.904018 0
    outer loop
      vertex 6.19862 8.49927 0
      vertex 6.34944 8.57059 7.21
      vertex 6.19862 8.49927 7.21
    endloop
  endfacet
  facet normal 0.427494 -0.904018 0
    outer loop
      vertex 6.34944 8.57059 7.21
      vertex 6.19862 8.49927 0
      vertex 6.34944 8.57059 0
    endloop
  endfacet
  facet normal 0.941552 -0.336868 0
    outer loop
      vertex 5.3732 7.49348 7.21
      vertex 5.4294 7.65056 0
      vertex 5.4294 7.65056 7.21
    endloop
  endfacet
  facet normal 0.941552 -0.336868 0
    outer loop
      vertex 5.4294 7.65056 0
      vertex 5.3732 7.49348 7.21
      vertex 5.3732 7.49348 0
    endloop
  endfacet
  facet normal -0.998794 0.0490916 0
    outer loop
      vertex 8.69181 6.83337 0
      vertex 8.7 7 7.21
      vertex 8.7 7 0
    endloop
  endfacet
  facet normal -0.998794 0.0490916 0
    outer loop
      vertex 8.7 7 7.21
      vertex 8.69181 6.83337 0
      vertex 8.69181 6.83337 7.21
    endloop
  endfacet
  facet normal -0.514099 -0.857731 0
    outer loop
      vertex 7.80137 8.49927 0
      vertex 7.94447 8.4135 7.21
      vertex 7.80137 8.49927 7.21
    endloop
  endfacet
  facet normal -0.514099 -0.857731 -0
    outer loop
      vertex 7.94447 8.4135 7.21
      vertex 7.80137 8.49927 0
      vertex 7.94447 8.4135 0
    endloop
  endfacet
  facet normal 0.803211 -0.595695 0
    outer loop
      vertex 5.5865 7.94447 7.21
      vertex 5.68588 8.07847 0
      vertex 5.68588 8.07847 7.21
    endloop
  endfacet
  facet normal 0.803211 -0.595695 0
    outer loop
      vertex 5.68588 8.07847 0
      vertex 5.5865 7.94447 7.21
      vertex 5.5865 7.94447 0
    endloop
  endfacet
  facet normal 0.242945 -0.97004 0
    outer loop
      vertex 6.50652 8.6268 0
      vertex 6.66835 8.66733 7.21
      vertex 6.50652 8.6268 7.21
    endloop
  endfacet
  facet normal 0.242945 -0.97004 0
    outer loop
      vertex 6.66835 8.66733 7.21
      vertex 6.50652 8.6268 0
      vertex 6.66835 8.66733 0
    endloop
  endfacet
  facet normal -0.514099 0.857731 0
    outer loop
      vertex 7.94447 5.5865 0
      vertex 7.80137 5.50073 7.21
      vertex 7.94447 5.5865 7.21
    endloop
  endfacet
  facet normal -0.514099 0.857731 0
    outer loop
      vertex 7.80137 5.50073 7.21
      vertex 7.94447 5.5865 0
      vertex 7.80137 5.50073 0
    endloop
  endfacet
  facet normal 0.595695 0.803211 -0
    outer loop
      vertex 6.05553 5.5865 0
      vertex 5.92153 5.68588 7.21
      vertex 6.05553 5.5865 7.21
    endloop
  endfacet
  facet normal 0.595695 0.803211 0
    outer loop
      vertex 5.92153 5.68588 7.21
      vertex 6.05553 5.5865 0
      vertex 5.92153 5.68588 0
    endloop
  endfacet
  facet normal 0.857715 0.514125 0
    outer loop
      vertex 5.5865 6.05553 7.21
      vertex 5.50073 6.19862 0
      vertex 5.50073 6.19862 7.21
    endloop
  endfacet
  facet normal 0.857715 0.514125 0
    outer loop
      vertex 5.50073 6.19862 0
      vertex 5.5865 6.05553 7.21
      vertex 5.5865 6.05553 0
    endloop
  endfacet
  facet normal -0.989175 -0.14674 0
    outer loop
      vertex 8.69181 7.16663 0
      vertex 8.66733 7.33165 7.21
      vertex 8.66733 7.33165 0
    endloop
  endfacet
  facet normal -0.989175 -0.14674 0
    outer loop
      vertex 8.66733 7.33165 7.21
      vertex 8.69181 7.16663 0
      vertex 8.69181 7.16663 7.21
    endloop
  endfacet
  facet normal -0.803211 -0.595695 0
    outer loop
      vertex 8.4135 7.94447 0
      vertex 8.31412 8.07847 7.21
      vertex 8.31412 8.07847 0
    endloop
  endfacet
  facet normal -0.803211 -0.595695 0
    outer loop
      vertex 8.31412 8.07847 7.21
      vertex 8.4135 7.94447 0
      vertex 8.4135 7.94447 7.21
    endloop
  endfacet
  facet normal -0.67158 -0.740932 0
    outer loop
      vertex 8.07847 8.31412 0
      vertex 8.20208 8.20208 7.21
      vertex 8.07847 8.31412 7.21
    endloop
  endfacet
  facet normal -0.67158 -0.740932 -0
    outer loop
      vertex 8.20208 8.20208 7.21
      vertex 8.07847 8.31412 0
      vertex 8.20208 8.20208 0
    endloop
  endfacet
  facet normal 0.0490916 -0.998794 0
    outer loop
      vertex 6.83337 8.69181 0
      vertex 7 8.7 7.21
      vertex 6.83337 8.69181 7.21
    endloop
  endfacet
  facet normal 0.0490916 -0.998794 0
    outer loop
      vertex 7 8.7 7.21
      vertex 6.83337 8.69181 0
      vertex 7 8.7 0
    endloop
  endfacet
  facet normal -0.242945 -0.97004 0
    outer loop
      vertex 7.33165 8.66733 0
      vertex 7.49348 8.6268 7.21
      vertex 7.33165 8.66733 7.21
    endloop
  endfacet
  facet normal -0.242945 -0.97004 -0
    outer loop
      vertex 7.49348 8.6268 7.21
      vertex 7.33165 8.66733 0
      vertex 7.49348 8.6268 0
    endloop
  endfacet
  facet normal -0.14674 -0.989175 0
    outer loop
      vertex 7.16663 8.69181 0
      vertex 7.33165 8.66733 7.21
      vertex 7.16663 8.69181 7.21
    endloop
  endfacet
  facet normal -0.14674 -0.989175 -0
    outer loop
      vertex 7.33165 8.66733 7.21
      vertex 7.16663 8.69181 0
      vertex 7.33165 8.66733 0
    endloop
  endfacet
  facet normal -0.427517 -0.904007 0
    outer loop
      vertex 7.65056 8.57059 0
      vertex 7.80137 8.49927 7.21
      vertex 7.65056 8.57059 7.21
    endloop
  endfacet
  facet normal -0.427517 -0.904007 -0
    outer loop
      vertex 7.80137 8.49927 7.21
      vertex 7.65056 8.57059 0
      vertex 7.80137 8.49927 0
    endloop
  endfacet
  facet normal -0.595695 -0.803211 0
    outer loop
      vertex 7.94447 8.4135 0
      vertex 8.07847 8.31412 7.21
      vertex 7.94447 8.4135 7.21
    endloop
  endfacet
  facet normal -0.595695 -0.803211 -0
    outer loop
      vertex 8.07847 8.31412 7.21
      vertex 7.94447 8.4135 0
      vertex 8.07847 8.31412 0
    endloop
  endfacet
  facet normal 0.998794 0.0490916 0
    outer loop
      vertex 5.30819 6.83337 7.21
      vertex 5.3 7 0
      vertex 5.3 7 7.21
    endloop
  endfacet
  facet normal 0.998794 0.0490916 0
    outer loop
      vertex 5.3 7 0
      vertex 5.30819 6.83337 7.21
      vertex 5.30819 6.83337 0
    endloop
  endfacet
  facet normal 0.970026 -0.243001 0
    outer loop
      vertex 5.33266 7.33165 7.21
      vertex 5.3732 7.49348 0
      vertex 5.3732 7.49348 7.21
    endloop
  endfacet
  facet normal 0.970026 -0.243001 0
    outer loop
      vertex 5.3732 7.49348 0
      vertex 5.33266 7.33165 7.21
      vertex 5.33266 7.33165 0
    endloop
  endfacet
  facet normal 0.989184 -0.146681 0
    outer loop
      vertex 5.30819 7.16663 7.21
      vertex 5.33266 7.33165 0
      vertex 5.33266 7.33165 7.21
    endloop
  endfacet
  facet normal 0.989184 -0.146681 0
    outer loop
      vertex 5.33266 7.33165 0
      vertex 5.30819 7.16663 7.21
      vertex 5.30819 7.16663 0
    endloop
  endfacet
  facet normal 0.903984 -0.427566 0
    outer loop
      vertex 5.4294 7.65056 7.21
      vertex 5.50073 7.80137 0
      vertex 5.50073 7.80137 7.21
    endloop
  endfacet
  facet normal 0.903984 -0.427566 0
    outer loop
      vertex 5.50073 7.80137 0
      vertex 5.4294 7.65056 7.21
      vertex 5.4294 7.65056 0
    endloop
  endfacet
  facet normal 0.857731 -0.514099 0
    outer loop
      vertex 5.50073 7.80137 7.21
      vertex 5.5865 7.94447 0
      vertex 5.5865 7.94447 7.21
    endloop
  endfacet
  facet normal 0.857731 -0.514099 0
    outer loop
      vertex 5.5865 7.94447 0
      vertex 5.50073 7.80137 7.21
      vertex 5.50073 7.80137 0
    endloop
  endfacet
  facet normal 0.336921 -0.941533 0
    outer loop
      vertex 6.34944 8.57059 0
      vertex 6.50652 8.6268 7.21
      vertex 6.34944 8.57059 7.21
    endloop
  endfacet
  facet normal 0.336921 -0.941533 0
    outer loop
      vertex 6.50652 8.6268 7.21
      vertex 6.34944 8.57059 0
      vertex 6.50652 8.6268 0
    endloop
  endfacet
  facet normal 0.14674 -0.989175 0
    outer loop
      vertex 6.66835 8.66733 0
      vertex 6.83337 8.69181 7.21
      vertex 6.66835 8.66733 7.21
    endloop
  endfacet
  facet normal 0.14674 -0.989175 0
    outer loop
      vertex 6.83337 8.69181 7.21
      vertex 6.66835 8.66733 0
      vertex 6.83337 8.69181 0
    endloop
  endfacet
  facet normal 0.595695 -0.803211 0
    outer loop
      vertex 5.92153 8.31412 0
      vertex 6.05553 8.4135 7.21
      vertex 5.92153 8.31412 7.21
    endloop
  endfacet
  facet normal 0.595695 -0.803211 0
    outer loop
      vertex 6.05553 8.4135 7.21
      vertex 5.92153 8.31412 0
      vertex 6.05553 8.4135 0
    endloop
  endfacet
  facet normal 0.67158 -0.740932 0
    outer loop
      vertex 5.79792 8.20208 0
      vertex 5.92153 8.31412 7.21
      vertex 5.79792 8.20208 7.21
    endloop
  endfacet
  facet normal 0.67158 -0.740932 0
    outer loop
      vertex 5.92153 8.31412 7.21
      vertex 5.79792 8.20208 0
      vertex 5.92153 8.31412 0
    endloop
  endfacet
  facet normal 0.514125 -0.857715 0
    outer loop
      vertex 6.05553 8.4135 0
      vertex 6.19862 8.49927 7.21
      vertex 6.05553 8.4135 7.21
    endloop
  endfacet
  facet normal 0.514125 -0.857715 0
    outer loop
      vertex 6.19862 8.49927 7.21
      vertex 6.05553 8.4135 0
      vertex 6.19862 8.49927 0
    endloop
  endfacet
  facet normal 0.740932 -0.67158 0
    outer loop
      vertex 5.68588 8.07847 7.21
      vertex 5.79792 8.20208 0
      vertex 5.79792 8.20208 7.21
    endloop
  endfacet
  facet normal 0.740932 -0.67158 0
    outer loop
      vertex 5.79792 8.20208 0
      vertex 5.68588 8.07847 7.21
      vertex 5.68588 8.07847 0
    endloop
  endfacet
  facet normal -0.998794 -0.0490916 0
    outer loop
      vertex 8.7 7 0
      vertex 8.69181 7.16663 7.21
      vertex 8.69181 7.16663 0
    endloop
  endfacet
  facet normal -0.998794 -0.0490916 0
    outer loop
      vertex 8.69181 7.16663 7.21
      vertex 8.7 7 0
      vertex 8.7 7 7.21
    endloop
  endfacet
  facet normal -0.97004 0.242945 0
    outer loop
      vertex 8.6268 6.50652 0
      vertex 8.66733 6.66835 7.21
      vertex 8.66733 6.66835 0
    endloop
  endfacet
  facet normal -0.97004 0.242945 0
    outer loop
      vertex 8.66733 6.66835 7.21
      vertex 8.6268 6.50652 0
      vertex 8.6268 6.50652 7.21
    endloop
  endfacet
  facet normal 0.740932 0.67158 0
    outer loop
      vertex 5.79792 5.79792 7.21
      vertex 5.68588 5.92153 0
      vertex 5.68588 5.92153 7.21
    endloop
  endfacet
  facet normal 0.740932 0.67158 0
    outer loop
      vertex 5.68588 5.92153 0
      vertex 5.79792 5.79792 7.21
      vertex 5.79792 5.79792 0
    endloop
  endfacet
  facet normal -0.146681 0.989184 0
    outer loop
      vertex 7.33165 5.33266 0
      vertex 7.16663 5.30819 7.21
      vertex 7.33165 5.33266 7.21
    endloop
  endfacet
  facet normal -0.146681 0.989184 0
    outer loop
      vertex 7.16663 5.30819 7.21
      vertex 7.33165 5.33266 0
      vertex 7.16663 5.30819 0
    endloop
  endfacet
  facet normal -0.904007 -0.427517 0
    outer loop
      vertex 8.57059 7.65056 0
      vertex 8.49927 7.80137 7.21
      vertex 8.49927 7.80137 0
    endloop
  endfacet
  facet normal -0.904007 -0.427517 0
    outer loop
      vertex 8.49927 7.80137 7.21
      vertex 8.57059 7.65056 0
      vertex 8.57059 7.65056 7.21
    endloop
  endfacet
  facet normal -0.941533 -0.336921 0
    outer loop
      vertex 8.6268 7.49348 0
      vertex 8.57059 7.65056 7.21
      vertex 8.57059 7.65056 0
    endloop
  endfacet
  facet normal -0.941533 -0.336921 0
    outer loop
      vertex 8.57059 7.65056 7.21
      vertex 8.6268 7.49348 0
      vertex 8.6268 7.49348 7.21
    endloop
  endfacet
  facet normal -0.97004 -0.242945 0
    outer loop
      vertex 8.66733 7.33165 0
      vertex 8.6268 7.49348 7.21
      vertex 8.6268 7.49348 0
    endloop
  endfacet
  facet normal -0.97004 -0.242945 0
    outer loop
      vertex 8.6268 7.49348 7.21
      vertex 8.66733 7.33165 0
      vertex 8.66733 7.33165 7.21
    endloop
  endfacet
  facet normal -0.740932 -0.67158 0
    outer loop
      vertex 8.31412 8.07847 0
      vertex 8.20208 8.20208 7.21
      vertex 8.20208 8.20208 0
    endloop
  endfacet
  facet normal -0.740932 -0.67158 0
    outer loop
      vertex 8.20208 8.20208 7.21
      vertex 8.31412 8.07847 0
      vertex 8.31412 8.07847 7.21
    endloop
  endfacet
  facet normal -0.0490916 -0.998794 0
    outer loop
      vertex 7 8.7 0
      vertex 7.16663 8.69181 7.21
      vertex 7 8.7 7.21
    endloop
  endfacet
  facet normal -0.0490916 -0.998794 -0
    outer loop
      vertex 7.16663 8.69181 7.21
      vertex 7 8.7 0
      vertex 7.16663 8.69181 0
    endloop
  endfacet
  facet normal 0 0 -1
    outer loop
      vertex 8.69181 6.83337 7.21
      vertex 8.69181 7.16663 7.21
      vertex 8.7 7 7.21
    endloop
  endfacet
  facet normal 0 0 -1
    outer loop
      vertex 8.66733 6.66835 7.21
      vertex 8.69181 7.16663 7.21
      vertex 8.69181 6.83337 7.21
    endloop
  endfacet
  facet normal 0 0 -1
    outer loop
      vertex 8.66733 6.66835 7.21
      vertex 8.66733 7.33165 7.21
      vertex 8.69181 7.16663 7.21
    endloop
  endfacet
  facet normal 0 0 -1
    outer loop
      vertex 8.6268 6.50652 7.21
      vertex 8.66733 7.33165 7.21
      vertex 8.66733 6.66835 7.21
    endloop
  endfacet
  facet normal 0 0 -1
    outer loop
      vertex 8.6268 6.50652 7.21
      vertex 8.6268 7.49348 7.21
      vertex 8.66733 7.33165 7.21
    endloop
  endfacet
  facet normal 0 0 -1
    outer loop
      vertex 8.57059 6.34944 7.21
      vertex 8.6268 7.49348 7.21
      vertex 8.6268 6.50652 7.21
    endloop
  endfacet
  facet normal 0 0 -1
    outer loop
      vertex 8.57059 6.34944 7.21
      vertex 8.57059 7.65056 7.21
      vertex 8.6268 7.49348 7.21
    endloop
  endfacet
  facet normal 0 0 -1
    outer loop
      vertex 8.49927 6.19862 7.21
      vertex 8.57059 7.65056 7.21
      vertex 8.57059 6.34944 7.21
    endloop
  endfacet
  facet normal 0 0 -1
    outer loop
      vertex 8.49927 6.19862 7.21
      vertex 8.49927 7.80137 7.21
      vertex 8.57059 7.65056 7.21
    endloop
  endfacet
  facet normal 0 0 -1
    outer loop
      vertex 8.4135 6.05553 7.21
      vertex 8.49927 7.80137 7.21
      vertex 8.49927 6.19862 7.21
    endloop
  endfacet
  facet normal 0 0 -1
    outer loop
      vertex 8.4135 6.05553 7.21
      vertex 8.4135 7.94447 7.21
      vertex 8.49927 7.80137 7.21
    endloop
  endfacet
  facet normal 0 0 -1
    outer loop
      vertex 8.31412 5.92153 7.21
      vertex 8.4135 7.94447 7.21
      vertex 8.4135 6.05553 7.21
    endloop
  endfacet
  facet normal 0 0 -1
    outer loop
      vertex 8.31412 5.92153 7.21
      vertex 8.31412 8.07847 7.21
      vertex 8.4135 7.94447 7.21
    endloop
  endfacet
  facet normal 0 0 -1
    outer loop
      vertex 8.20208 5.79792 7.21
      vertex 8.31412 8.07847 7.21
      vertex 8.31412 5.92153 7.21
    endloop
  endfacet
  facet normal 0 0 -1
    outer loop
      vertex 8.20208 5.79792 7.21
      vertex 8.20208 8.20208 7.21
      vertex 8.31412 8.07847 7.21
    endloop
  endfacet
  facet normal 0 0 -1
    outer loop
      vertex 8.07847 5.68588 7.21
      vertex 8.20208 8.20208 7.21
      vertex 8.20208 5.79792 7.21
    endloop
  endfacet
  facet normal 0 0 -1
    outer loop
      vertex 8.07847 5.68588 7.21
      vertex 8.07847 8.31412 7.21
      vertex 8.20208 8.20208 7.21
    endloop
  endfacet
  facet normal 0 0 -1
    outer loop
      vertex 7.94447 5.5865 7.21
      vertex 8.07847 8.31412 7.21
      vertex 8.07847 5.68588 7.21
    endloop
  endfacet
  facet normal 0 0 -1
    outer loop
      vertex 7.94447 5.5865 7.21
      vertex 7.94447 8.4135 7.21
      vertex 8.07847 8.31412 7.21
    endloop
  endfacet
  facet normal 0 0 -1
    outer loop
      vertex 7.80137 5.50073 7.21
      vertex 7.94447 8.4135 7.21
      vertex 7.94447 5.5865 7.21
    endloop
  endfacet
  facet normal 0 0 -1
    outer loop
      vertex 7.80137 5.50073 7.21
      vertex 7.80137 8.49927 7.21
      vertex 7.94447 8.4135 7.21
    endloop
  endfacet
  facet normal 0 0 -1
    outer loop
      vertex 7.65056 5.4294 7.21
      vertex 7.80137 8.49927 7.21
      vertex 7.80137 5.50073 7.21
    endloop
  endfacet
  facet normal 0 0 -1
    outer loop
      vertex 7.65056 5.4294 7.21
      vertex 7.65056 8.57059 7.21
      vertex 7.80137 8.49927 7.21
    endloop
  endfacet
  facet normal 0 0 -1
    outer loop
      vertex 7.49348 5.3732 7.21
      vertex 7.65056 8.57059 7.21
      vertex 7.65056 5.4294 7.21
    endloop
  endfacet
  facet normal 0 0 -1
    outer loop
      vertex 7.49348 5.3732 7.21
      vertex 7.49348 8.6268 7.21
      vertex 7.65056 8.57059 7.21
    endloop
  endfacet
  facet normal 0 0 -1
    outer loop
      vertex 7.33165 5.33266 7.21
      vertex 7.49348 8.6268 7.21
      vertex 7.49348 5.3732 7.21
    endloop
  endfacet
  facet normal 0 0 -1
    outer loop
      vertex 7.33165 5.33266 7.21
      vertex 7.33165 8.66733 7.21
      vertex 7.49348 8.6268 7.21
    endloop
  endfacet
  facet normal 0 0 -1
    outer loop
      vertex 7.16663 5.30819 7.21
      vertex 7.33165 8.66733 7.21
      vertex 7.33165 5.33266 7.21
    endloop
  endfacet
  facet normal 0 0 -1
    outer loop
      vertex 7.16663 5.30819 7.21
      vertex 7.16663 8.69181 7.21
      vertex 7.33165 8.66733 7.21
    endloop
  endfacet
  facet normal 0 0 -1
    outer loop
      vertex 7 5.3 7.21
      vertex 7.16663 8.69181 7.21
      vertex 7.16663 5.30819 7.21
    endloop
  endfacet
  facet normal 0 0 -1
    outer loop
      vertex 7 5.3 7.21
      vertex 7 8.7 7.21
      vertex 7.16663 8.69181 7.21
    endloop
  endfacet
  facet normal 0 0 -1
    outer loop
      vertex 6.83337 5.30819 7.21
      vertex 7 8.7 7.21
      vertex 7 5.3 7.21
    endloop
  endfacet
  facet normal 0 0 -1
    outer loop
      vertex 6.83337 5.30819 7.21
      vertex 6.83337 8.69181 7.21
      vertex 7 8.7 7.21
    endloop
  endfacet
  facet normal 0 0 -1
    outer loop
      vertex 6.66835 5.33266 7.21
      vertex 6.83337 8.69181 7.21
      vertex 6.83337 5.30819 7.21
    endloop
  endfacet
  facet normal 0 0 -1
    outer loop
      vertex 6.66835 5.33266 7.21
      vertex 6.66835 8.66733 7.21
      vertex 6.83337 8.69181 7.21
    endloop
  endfacet
  facet normal 0 0 -1
    outer loop
      vertex 6.50652 5.3732 7.21
      vertex 6.66835 8.66733 7.21
      vertex 6.66835 5.33266 7.21
    endloop
  endfacet
  facet normal 0 0 -1
    outer loop
      vertex 6.50652 5.3732 7.21
      vertex 6.50652 8.6268 7.21
      vertex 6.66835 8.66733 7.21
    endloop
  endfacet
  facet normal 0 0 -1
    outer loop
      vertex 6.34944 5.4294 7.21
      vertex 6.50652 8.6268 7.21
      vertex 6.50652 5.3732 7.21
    endloop
  endfacet
  facet normal 0 0 -1
    outer loop
      vertex 6.34944 5.4294 7.21
      vertex 6.34944 8.57059 7.21
      vertex 6.50652 8.6268 7.21
    endloop
  endfacet
  facet normal 0 0 -1
    outer loop
      vertex 6.19862 5.50073 7.21
      vertex 6.34944 8.57059 7.21
      vertex 6.34944 5.4294 7.21
    endloop
  endfacet
  facet normal 0 0 -1
    outer loop
      vertex 6.19862 5.50073 7.21
      vertex 6.19862 8.49927 7.21
      vertex 6.34944 8.57059 7.21
    endloop
  endfacet
  facet normal 0 0 -1
    outer loop
      vertex 6.05553 5.5865 7.21
      vertex 6.19862 8.49927 7.21
      vertex 6.19862 5.50073 7.21
    endloop
  endfacet
  facet normal 0 0 -1
    outer loop
      vertex 6.05553 5.5865 7.21
      vertex 6.05553 8.4135 7.21
      vertex 6.19862 8.49927 7.21
    endloop
  endfacet
  facet normal 0 0 -1
    outer loop
      vertex 5.92153 5.68588 7.21
      vertex 6.05553 8.4135 7.21
      vertex 6.05553 5.5865 7.21
    endloop
  endfacet
  facet normal 0 0 -1
    outer loop
      vertex 5.92153 5.68588 7.21
      vertex 5.92153 8.31412 7.21
      vertex 6.05553 8.4135 7.21
    endloop
  endfacet
  facet normal 0 0 -1
    outer loop
      vertex 5.79792 5.79792 7.21
      vertex 5.92153 8.31412 7.21
      vertex 5.92153 5.68588 7.21
    endloop
  endfacet
  facet normal 0 0 -1
    outer loop
      vertex 5.79792 5.79792 7.21
      vertex 5.79792 8.20208 7.21
      vertex 5.92153 8.31412 7.21
    endloop
  endfacet
  facet normal 0 0 -1
    outer loop
      vertex 5.68588 5.92153 7.21
      vertex 5.79792 8.20208 7.21
      vertex 5.79792 5.79792 7.21
    endloop
  endfacet
  facet normal 0 0 -1
    outer loop
      vertex 5.68588 5.92153 7.21
      vertex 5.68588 8.07847 7.21
      vertex 5.79792 8.20208 7.21
    endloop
  endfacet
  facet normal 0 0 -1
    outer loop
      vertex 5.5865 6.05553 7.21
      vertex 5.68588 8.07847 7.21
      vertex 5.68588 5.92153 7.21
    endloop
  endfacet
  facet normal 0 0 -1
    outer loop
      vertex 5.5865 6.05553 7.21
      vertex 5.5865 7.94447 7.21
      vertex 5.68588 8.07847 7.21
    endloop
  endfacet
  facet normal 0 0 -1
    outer loop
      vertex 5.50073 6.19862 7.21
      vertex 5.5865 7.94447 7.21
      vertex 5.5865 6.05553 7.21
    endloop
  endfacet
  facet normal 0 0 -1
    outer loop
      vertex 5.50073 6.19862 7.21
      vertex 5.50073 7.80137 7.21
      vertex 5.5865 7.94447 7.21
    endloop
  endfacet
  facet normal 0 0 -1
    outer loop
      vertex 5.4294 6.34944 7.21
      vertex 5.50073 7.80137 7.21
      vertex 5.50073 6.19862 7.21
    endloop
  endfacet
  facet normal 0 0 -1
    outer loop
      vertex 5.4294 6.34944 7.21
      vertex 5.4294 7.65056 7.21
      vertex 5.50073 7.80137 7.21
    endloop
  endfacet
  facet normal 0 0 -1
    outer loop
      vertex 5.3732 6.50652 7.21
      vertex 5.4294 7.65056 7.21
      vertex 5.4294 6.34944 7.21
    endloop
  endfacet
  facet normal 0 0 -1
    outer loop
      vertex 5.3732 6.50652 7.21
      vertex 5.3732 7.49348 7.21
      vertex 5.4294 7.65056 7.21
    endloop
  endfacet
  facet normal 0 0 -1
    outer loop
      vertex 5.33266 6.66835 7.21
      vertex 5.3732 7.49348 7.21
      vertex 5.3732 6.50652 7.21
    endloop
  endfacet
  facet normal 0 0 -1
    outer loop
      vertex 5.33266 6.66835 7.21
      vertex 5.33266 7.33165 7.21
      vertex 5.3732 7.49348 7.21
    endloop
  endfacet
  facet normal 0 0 -1
    outer loop
      vertex 5.30819 6.83337 7.21
      vertex 5.33266 7.33165 7.21
      vertex 5.33266 6.66835 7.21
    endloop
  endfacet
  facet normal 0 0 -1
    outer loop
      vertex 5.30819 6.83337 7.21
      vertex 5.30819 7.16663 7.21
      vertex 5.33266 7.33165 7.21
    endloop
  endfacet
  facet normal 0 -0 -1
    outer loop
      vertex 5.30819 7.16663 7.21
      vertex 5.30819 6.83337 7.21
      vertex 5.3 7 7.21
    endloop
  endfacet
  facet normal 0.998794 -0.0490916 0
    outer loop
      vertex 5.3 7 7.21
      vertex 5.30819 7.16663 0
      vertex 5.30819 7.16663 7.21
    endloop
  endfacet
  facet normal 0.998794 -0.0490916 0
    outer loop
      vertex 5.30819 7.16663 0
      vertex 5.3 7 7.21
      vertex 5.3 7 0
    endloop
  endfacet
  facet normal -0.803211 0.595695 0
    outer loop
      vertex 8.31412 5.92153 0
      vertex 8.4135 6.05553 7.21
      vertex 8.4135 6.05553 0
    endloop
  endfacet
  facet normal -0.803211 0.595695 0
    outer loop
      vertex 8.4135 6.05553 7.21
      vertex 8.31412 5.92153 0
      vertex 8.31412 5.92153 7.21
    endloop
  endfacet
  facet normal -0.904018 0.427494 0
    outer loop
      vertex 8.49927 6.19862 0
      vertex 8.57059 6.34944 7.21
      vertex 8.57059 6.34944 0
    endloop
  endfacet
  facet normal -0.904018 0.427494 0
    outer loop
      vertex 8.57059 6.34944 7.21
      vertex 8.49927 6.19862 0
      vertex 8.49927 6.19862 7.21
    endloop
  endfacet
  facet normal 0.0490916 0.998794 -0
    outer loop
      vertex 7 5.3 0
      vertex 6.83337 5.30819 7.21
      vertex 7 5.3 7.21
    endloop
  endfacet
  facet normal 0.0490916 0.998794 0
    outer loop
      vertex 6.83337 5.30819 7.21
      vertex 7 5.3 0
      vertex 6.83337 5.30819 0
    endloop
  endfacet
  facet normal 0.989184 0.146681 0
    outer loop
      vertex 5.33266 6.66835 7.21
      vertex 5.30819 6.83337 0
      vertex 5.30819 6.83337 7.21
    endloop
  endfacet
  facet normal 0.989184 0.146681 0
    outer loop
      vertex 5.30819 6.83337 0
      vertex 5.33266 6.66835 7.21
      vertex 5.33266 6.66835 0
    endloop
  endfacet
  facet normal 0.941552 0.336868 0
    outer loop
      vertex 5.4294 6.34944 7.21
      vertex 5.3732 6.50652 0
      vertex 5.3732 6.50652 7.21
    endloop
  endfacet
  facet normal 0.941552 0.336868 0
    outer loop
      vertex 5.3732 6.50652 0
      vertex 5.4294 6.34944 7.21
      vertex 5.4294 6.34944 0
    endloop
  endfacet
  facet normal 0.67158 0.740932 -0
    outer loop
      vertex 5.92153 5.68588 0
      vertex 5.79792 5.79792 7.21
      vertex 5.92153 5.68588 7.21
    endloop
  endfacet
  facet normal 0.67158 0.740932 0
    outer loop
      vertex 5.79792 5.79792 7.21
      vertex 5.92153 5.68588 0
      vertex 5.79792 5.79792 0
    endloop
  endfacet
  facet normal -0.243001 0.970026 0
    outer loop
      vertex 7.49348 5.3732 0
      vertex 7.33165 5.33266 7.21
      vertex 7.49348 5.3732 7.21
    endloop
  endfacet
  facet normal -0.243001 0.970026 0
    outer loop
      vertex 7.33165 5.33266 7.21
      vertex 7.49348 5.3732 0
      vertex 7.33165 5.33266 0
    endloop
  endfacet
  facet normal -0.427566 0.903984 0
    outer loop
      vertex 7.80137 5.50073 0
      vertex 7.65056 5.4294 7.21
      vertex 7.80137 5.50073 7.21
    endloop
  endfacet
  facet normal -0.427566 0.903984 0
    outer loop
      vertex 7.65056 5.4294 7.21
      vertex 7.80137 5.50073 0
      vertex 7.65056 5.4294 0
    endloop
  endfacet
  facet normal -0.989175 0.14674 0
    outer loop
      vertex 8.66733 6.66835 0
      vertex 8.69181 6.83337 7.21
      vertex 8.69181 6.83337 0
    endloop
  endfacet
  facet normal -0.989175 0.14674 0
    outer loop
      vertex 8.69181 6.83337 7.21
      vertex 8.66733 6.66835 0
      vertex 8.66733 6.66835 7.21
    endloop
  endfacet
  facet normal -0.67158 0.740932 0
    outer loop
      vertex 8.20208 5.79792 0
      vertex 8.07847 5.68588 7.21
      vertex 8.20208 5.79792 7.21
    endloop
  endfacet
  facet normal -0.67158 0.740932 0
    outer loop
      vertex 8.07847 5.68588 7.21
      vertex 8.20208 5.79792 0
      vertex 8.07847 5.68588 0
    endloop
  endfacet
  facet normal -0.941533 0.336921 0
    outer loop
      vertex 8.57059 6.34944 0
      vertex 8.6268 6.50652 7.21
      vertex 8.6268 6.50652 0
    endloop
  endfacet
  facet normal -0.941533 0.336921 0
    outer loop
      vertex 8.6268 6.50652 7.21
      vertex 8.57059 6.34944 0
      vertex 8.57059 6.34944 7.21
    endloop
  endfacet
  facet normal -0.857715 0.514125 0
    outer loop
      vertex 8.4135 6.05553 0
      vertex 8.49927 6.19862 7.21
      vertex 8.49927 6.19862 0
    endloop
  endfacet
  facet normal -0.857715 0.514125 0
    outer loop
      vertex 8.49927 6.19862 7.21
      vertex 8.4135 6.05553 0
      vertex 8.4135 6.05553 7.21
    endloop
  endfacet
  facet normal -0.0490916 0.998794 0
    outer loop
      vertex 7.16663 5.30819 0
      vertex 7 5.3 7.21
      vertex 7.16663 5.30819 7.21
    endloop
  endfacet
  facet normal -0.0490916 0.998794 0
    outer loop
      vertex 7 5.3 7.21
      vertex 7.16663 5.30819 0
      vertex 7 5.3 0
    endloop
  endfacet
  facet normal 0.427543 0.903995 -0
    outer loop
      vertex 6.34944 5.4294 0
      vertex 6.19862 5.50073 7.21
      vertex 6.34944 5.4294 7.21
    endloop
  endfacet
  facet normal 0.427543 0.903995 0
    outer loop
      vertex 6.19862 5.50073 7.21
      vertex 6.34944 5.4294 0
      vertex 6.19862 5.50073 0
    endloop
  endfacet
  facet normal 0.243001 0.970026 -0
    outer loop
      vertex 6.66835 5.33266 0
      vertex 6.50652 5.3732 7.21
      vertex 6.66835 5.33266 7.21
    endloop
  endfacet
  facet normal 0.243001 0.970026 0
    outer loop
      vertex 6.50652 5.3732 7.21
      vertex 6.66835 5.33266 0
      vertex 6.50652 5.3732 0
    endloop
  endfacet
  facet normal 0.146681 0.989184 -0
    outer loop
      vertex 6.83337 5.30819 0
      vertex 6.66835 5.33266 7.21
      vertex 6.83337 5.30819 7.21
    endloop
  endfacet
  facet normal 0.146681 0.989184 0
    outer loop
      vertex 6.66835 5.33266 7.21
      vertex 6.83337 5.30819 0
      vertex 6.66835 5.33266 0
    endloop
  endfacet
  facet normal 0.970026 0.243001 0
    outer loop
      vertex 5.3732 6.50652 7.21
      vertex 5.33266 6.66835 0
      vertex 5.33266 6.66835 7.21
    endloop
  endfacet
  facet normal 0.970026 0.243001 0
    outer loop
      vertex 5.33266 6.66835 0
      vertex 5.3732 6.50652 7.21
      vertex 5.3732 6.50652 0
    endloop
  endfacet
  facet normal 0.903995 0.427543 0
    outer loop
      vertex 5.50073 6.19862 7.21
      vertex 5.4294 6.34944 0
      vertex 5.4294 6.34944 7.21
    endloop
  endfacet
  facet normal 0.903995 0.427543 0
    outer loop
      vertex 5.4294 6.34944 0
      vertex 5.50073 6.19862 7.21
      vertex 5.50073 6.19862 0
    endloop
  endfacet
  facet normal 0.803211 0.595695 0
    outer loop
      vertex 5.68588 5.92153 7.21
      vertex 5.5865 6.05553 0
      vertex 5.5865 6.05553 7.21
    endloop
  endfacet
  facet normal 0.803211 0.595695 0
    outer loop
      vertex 5.5865 6.05553 0
      vertex 5.68588 5.92153 7.21
      vertex 5.68588 5.92153 0
    endloop
  endfacet
  facet normal -0.740932 0.67158 0
    outer loop
      vertex 8.20208 5.79792 0
      vertex 8.31412 5.92153 7.21
      vertex 8.31412 5.92153 0
    endloop
  endfacet
  facet normal -0.740932 0.67158 0
    outer loop
      vertex 8.31412 5.92153 7.21
      vertex 8.20208 5.79792 0
      vertex 8.20208 5.79792 7.21
    endloop
  endfacet
  facet normal -0.595695 0.803211 0
    outer loop
      vertex 8.07847 5.68588 0
      vertex 7.94447 5.5865 7.21
      vertex 8.07847 5.68588 7.21
    endloop
  endfacet
  facet normal -0.595695 0.803211 0
    outer loop
      vertex 7.94447 5.5865 7.21
      vertex 8.07847 5.68588 0
      vertex 7.94447 5.5865 0
    endloop
  endfacet
  facet normal 0.514125 0.857715 -0
    outer loop
      vertex 6.19862 5.50073 0
      vertex 6.05553 5.5865 7.21
      vertex 6.19862 5.50073 7.21
    endloop
  endfacet
  facet normal 0.514125 0.857715 0
    outer loop
      vertex 6.05553 5.5865 7.21
      vertex 6.19862 5.50073 0
      vertex 6.05553 5.5865 0
    endloop
  endfacet
  facet normal 0.336868 0.941552 -0
    outer loop
      vertex 6.50652 5.3732 0
      vertex 6.34944 5.4294 7.21
      vertex 6.50652 5.3732 7.21
    endloop
  endfacet
  facet normal 0.336868 0.941552 0
    outer loop
      vertex 6.34944 5.4294 7.21
      vertex 6.50652 5.3732 0
      vertex 6.34944 5.4294 0
    endloop
  endfacet
  facet normal -0.336868 0.941552 0
    outer loop
      vertex 7.65056 5.4294 0
      vertex 7.49348 5.3732 7.21
      vertex 7.65056 5.4294 7.21
    endloop
  endfacet
  facet normal -0.336868 0.941552 0
    outer loop
      vertex 7.49348 5.3732 7.21
      vertex 7.65056 5.4294 0
      vertex 7.49348 5.3732 0
    endloop
  endfacet
  facet normal -0.998794 -0.0491004 0
    outer loop
      vertex 8.7 43 0
      vertex 8.69181 43.1666 7.21
      vertex 8.69181 43.1666 0
    endloop
  endfacet
  facet normal -0.998794 -0.0491004 0
    outer loop
      vertex 8.69181 43.1666 7.21
      vertex 8.7 43 0
      vertex 8.7 43 7.21
    endloop
  endfacet
  facet normal 0.0491513 -0.998791 0
    outer loop
      vertex 6.83337 44.6918 0
      vertex 7 44.7 7.21
      vertex 6.83337 44.6918 7.21
    endloop
  endfacet
  facet normal 0.0491513 -0.998791 0
    outer loop
      vertex 7 44.7 7.21
      vertex 6.83337 44.6918 0
      vertex 7 44.7 0
    endloop
  endfacet
  facet normal -0.0491513 0.998791 0
    outer loop
      vertex 7.16663 41.3082 0
      vertex 7 41.3 7.21
      vertex 7.16663 41.3082 7.21
    endloop
  endfacet
  facet normal -0.0491513 0.998791 0
    outer loop
      vertex 7 41.3 7.21
      vertex 7.16663 41.3082 0
      vertex 7 41.3 0
    endloop
  endfacet
  facet normal -0.671448 -0.741051 0
    outer loop
      vertex 8.07847 44.3141 0
      vertex 8.20208 44.2021 7.21
      vertex 8.07847 44.3141 7.21
    endloop
  endfacet
  facet normal -0.671448 -0.741051 -0
    outer loop
      vertex 8.20208 44.2021 7.21
      vertex 8.07847 44.3141 0
      vertex 8.20208 44.2021 0
    endloop
  endfacet
  facet normal 0.740905 -0.67161 0
    outer loop
      vertex 5.68588 44.0785 7.21
      vertex 5.79792 44.2021 0
      vertex 5.79792 44.2021 7.21
    endloop
  endfacet
  facet normal 0.740905 -0.67161 0
    outer loop
      vertex 5.79792 44.2021 0
      vertex 5.68588 44.0785 7.21
      vertex 5.68588 44.0785 0
    endloop
  endfacet
  facet normal 0.427396 -0.904065 0
    outer loop
      vertex 6.19862 44.4993 0
      vertex 6.34944 44.5706 7.21
      vertex 6.19862 44.4993 7.21
    endloop
  endfacet
  facet normal 0.427396 -0.904065 0
    outer loop
      vertex 6.34944 44.5706 7.21
      vertex 6.19862 44.4993 0
      vertex 6.34944 44.5706 0
    endloop
  endfacet
  facet normal -0.903996 -0.42754 0
    outer loop
      vertex 8.57059 43.6506 0
      vertex 8.49927 43.8014 7.21
      vertex 8.49927 43.8014 0
    endloop
  endfacet
  facet normal -0.903996 -0.42754 0
    outer loop
      vertex 8.49927 43.8014 7.21
      vertex 8.57059 43.6506 0
      vertex 8.57059 43.6506 7.21
    endloop
  endfacet
  facet normal -0.336868 -0.941552 0
    outer loop
      vertex 7.49348 44.6268 0
      vertex 7.65056 44.5706 7.21
      vertex 7.49348 44.6268 7.21
    endloop
  endfacet
  facet normal -0.336868 -0.941552 -0
    outer loop
      vertex 7.65056 44.5706 7.21
      vertex 7.49348 44.6268 0
      vertex 7.65056 44.5706 0
    endloop
  endfacet
  facet normal -0.514231 -0.857652 0
    outer loop
      vertex 7.80137 44.4993 0
      vertex 7.94447 44.4135 7.21
      vertex 7.80137 44.4993 7.21
    endloop
  endfacet
  facet normal -0.514231 -0.857652 -0
    outer loop
      vertex 7.94447 44.4135 7.21
      vertex 7.80137 44.4993 0
      vertex 7.94447 44.4135 0
    endloop
  endfacet
  facet normal 0.903973 -0.427589 0
    outer loop
      vertex 5.4294 43.6506 7.21
      vertex 5.50073 43.8014 0
      vertex 5.50073 43.8014 7.21
    endloop
  endfacet
  facet normal 0.903973 -0.427589 0
    outer loop
      vertex 5.50073 43.8014 0
      vertex 5.4294 43.6506 7.21
      vertex 5.4294 43.6506 0
    endloop
  endfacet
  facet normal 0.857731 -0.514099 0
    outer loop
      vertex 5.50073 43.8014 7.21
      vertex 5.5865 43.9445 0
      vertex 5.5865 43.9445 7.21
    endloop
  endfacet
  facet normal 0.857731 -0.514099 0
    outer loop
      vertex 5.5865 43.9445 0
      vertex 5.50073 43.8014 7.21
      vertex 5.50073 43.8014 0
    endloop
  endfacet
  facet normal 0.242775 -0.970083 0
    outer loop
      vertex 6.50652 44.6268 0
      vertex 6.66835 44.6673 7.21
      vertex 6.50652 44.6268 7.21
    endloop
  endfacet
  facet normal 0.242775 -0.970083 0
    outer loop
      vertex 6.66835 44.6673 7.21
      vertex 6.50652 44.6268 0
      vertex 6.66835 44.6673 0
    endloop
  endfacet
  facet normal -0.146857 0.989158 0
    outer loop
      vertex 7.33165 41.3327 0
      vertex 7.16663 41.3082 7.21
      vertex 7.33165 41.3327 7.21
    endloop
  endfacet
  facet normal -0.146857 0.989158 0
    outer loop
      vertex 7.16663 41.3082 7.21
      vertex 7.33165 41.3327 0
      vertex 7.16663 41.3082 0
    endloop
  endfacet
  facet normal -0.97003 -0.242987 0
    outer loop
      vertex 8.66733 43.3317 0
      vertex 8.6268 43.4935 7.21
      vertex 8.6268 43.4935 0
    endloop
  endfacet
  facet normal -0.97003 -0.242987 0
    outer loop
      vertex 8.6268 43.4935 7.21
      vertex 8.66733 43.3317 0
      vertex 8.66733 43.3317 7.21
    endloop
  endfacet
  facet normal -0.989185 -0.14667 0
    outer loop
      vertex 8.69181 43.1666 0
      vertex 8.66733 43.3317 7.21
      vertex 8.66733 43.3317 0
    endloop
  endfacet
  facet normal -0.989185 -0.14667 0
    outer loop
      vertex 8.66733 43.3317 7.21
      vertex 8.69181 43.1666 0
      vertex 8.69181 43.1666 7.21
    endloop
  endfacet
  facet normal -0.941546 -0.336883 0
    outer loop
      vertex 8.6268 43.4935 0
      vertex 8.57059 43.6506 7.21
      vertex 8.57059 43.6506 0
    endloop
  endfacet
  facet normal -0.941546 -0.336883 0
    outer loop
      vertex 8.57059 43.6506 7.21
      vertex 8.6268 43.4935 0
      vertex 8.6268 43.4935 7.21
    endloop
  endfacet
  facet normal -0.803211 -0.595695 0
    outer loop
      vertex 8.4135 43.9445 0
      vertex 8.31412 44.0785 7.21
      vertex 8.31412 44.0785 0
    endloop
  endfacet
  facet normal -0.803211 -0.595695 0
    outer loop
      vertex 8.31412 44.0785 7.21
      vertex 8.4135 43.9445 0
      vertex 8.4135 43.9445 7.21
    endloop
  endfacet
  facet normal -0.740905 -0.67161 0
    outer loop
      vertex 8.31412 44.0785 0
      vertex 8.20208 44.2021 7.21
      vertex 8.20208 44.2021 0
    endloop
  endfacet
  facet normal -0.740905 -0.67161 0
    outer loop
      vertex 8.20208 44.2021 7.21
      vertex 8.31412 44.0785 0
      vertex 8.31412 44.0785 7.21
    endloop
  endfacet
  facet normal -0.146857 -0.989158 0
    outer loop
      vertex 7.16663 44.6918 0
      vertex 7.33165 44.6673 7.21
      vertex 7.16663 44.6918 7.21
    endloop
  endfacet
  facet normal -0.146857 -0.989158 -0
    outer loop
      vertex 7.33165 44.6673 7.21
      vertex 7.16663 44.6918 0
      vertex 7.33165 44.6673 0
    endloop
  endfacet
  facet normal -0.0491513 -0.998791 0
    outer loop
      vertex 7 44.7 0
      vertex 7.16663 44.6918 7.21
      vertex 7 44.7 7.21
    endloop
  endfacet
  facet normal -0.0491513 -0.998791 -0
    outer loop
      vertex 7.16663 44.6918 7.21
      vertex 7 44.7 0
      vertex 7.16663 44.6918 0
    endloop
  endfacet
  facet normal -0.595772 -0.803154 0
    outer loop
      vertex 7.94447 44.4135 0
      vertex 8.07847 44.3141 7.21
      vertex 7.94447 44.4135 7.21
    endloop
  endfacet
  facet normal -0.595772 -0.803154 -0
    outer loop
      vertex 8.07847 44.3141 7.21
      vertex 7.94447 44.4135 0
      vertex 8.07847 44.3141 0
    endloop
  endfacet
  facet normal 0.989194 -0.146612 0
    outer loop
      vertex 5.30819 43.1666 7.21
      vertex 5.33266 43.3317 0
      vertex 5.33266 43.3317 7.21
    endloop
  endfacet
  facet normal 0.989194 -0.146612 0
    outer loop
      vertex 5.33266 43.3317 0
      vertex 5.30819 43.1666 7.21
      vertex 5.30819 43.1666 0
    endloop
  endfacet
  facet normal 0.941566 -0.33683 0
    outer loop
      vertex 5.3732 43.4935 7.21
      vertex 5.4294 43.6506 0
      vertex 5.4294 43.6506 7.21
    endloop
  endfacet
  facet normal 0.941566 -0.33683 0
    outer loop
      vertex 5.4294 43.6506 0
      vertex 5.3732 43.4935 7.21
      vertex 5.3732 43.4935 0
    endloop
  endfacet
  facet normal 0.998794 -0.0491004 0
    outer loop
      vertex 5.3 43 7.21
      vertex 5.30819 43.1666 0
      vertex 5.30819 43.1666 7.21
    endloop
  endfacet
  facet normal 0.998794 -0.0491004 0
    outer loop
      vertex 5.30819 43.1666 0
      vertex 5.3 43 7.21
      vertex 5.3 43 0
    endloop
  endfacet
  facet normal 0 0 -1
    outer loop
      vertex 8.69181 42.8334 7.21
      vertex 8.69181 43.1666 7.21
      vertex 8.7 43 7.21
    endloop
  endfacet
  facet normal 0 0 -1
    outer loop
      vertex 8.66733 42.6683 7.21
      vertex 8.69181 43.1666 7.21
      vertex 8.69181 42.8334 7.21
    endloop
  endfacet
  facet normal 0 0 -1
    outer loop
      vertex 8.66733 42.6683 7.21
      vertex 8.66733 43.3317 7.21
      vertex 8.69181 43.1666 7.21
    endloop
  endfacet
  facet normal 0 0 -1
    outer loop
      vertex 8.6268 42.5065 7.21
      vertex 8.66733 43.3317 7.21
      vertex 8.66733 42.6683 7.21
    endloop
  endfacet
  facet normal 0 0 -1
    outer loop
      vertex 8.6268 42.5065 7.21
      vertex 8.6268 43.4935 7.21
      vertex 8.66733 43.3317 7.21
    endloop
  endfacet
  facet normal 0 0 -1
    outer loop
      vertex 8.57059 42.3494 7.21
      vertex 8.6268 43.4935 7.21
      vertex 8.6268 42.5065 7.21
    endloop
  endfacet
  facet normal 0 0 -1
    outer loop
      vertex 8.57059 42.3494 7.21
      vertex 8.57059 43.6506 7.21
      vertex 8.6268 43.4935 7.21
    endloop
  endfacet
  facet normal 0 0 -1
    outer loop
      vertex 8.49927 42.1986 7.21
      vertex 8.57059 43.6506 7.21
      vertex 8.57059 42.3494 7.21
    endloop
  endfacet
  facet normal 0 0 -1
    outer loop
      vertex 8.49927 42.1986 7.21
      vertex 8.49927 43.8014 7.21
      vertex 8.57059 43.6506 7.21
    endloop
  endfacet
  facet normal 0 0 -1
    outer loop
      vertex 8.4135 42.0555 7.21
      vertex 8.49927 43.8014 7.21
      vertex 8.49927 42.1986 7.21
    endloop
  endfacet
  facet normal 0 0 -1
    outer loop
      vertex 8.4135 42.0555 7.21
      vertex 8.4135 43.9445 7.21
      vertex 8.49927 43.8014 7.21
    endloop
  endfacet
  facet normal 0 0 -1
    outer loop
      vertex 8.31412 41.9215 7.21
      vertex 8.4135 43.9445 7.21
      vertex 8.4135 42.0555 7.21
    endloop
  endfacet
  facet normal 0 0 -1
    outer loop
      vertex 8.31412 41.9215 7.21
      vertex 8.31412 44.0785 7.21
      vertex 8.4135 43.9445 7.21
    endloop
  endfacet
  facet normal 0 0 -1
    outer loop
      vertex 8.20208 41.7979 7.21
      vertex 8.31412 44.0785 7.21
      vertex 8.31412 41.9215 7.21
    endloop
  endfacet
  facet normal 0 0 -1
    outer loop
      vertex 8.20208 41.7979 7.21
      vertex 8.20208 44.2021 7.21
      vertex 8.31412 44.0785 7.21
    endloop
  endfacet
  facet normal 0 0 -1
    outer loop
      vertex 8.07847 41.6859 7.21
      vertex 8.20208 44.2021 7.21
      vertex 8.20208 41.7979 7.21
    endloop
  endfacet
  facet normal 0 0 -1
    outer loop
      vertex 8.07847 41.6859 7.21
      vertex 8.07847 44.3141 7.21
      vertex 8.20208 44.2021 7.21
    endloop
  endfacet
  facet normal 0 0 -1
    outer loop
      vertex 7.94447 41.5865 7.21
      vertex 8.07847 44.3141 7.21
      vertex 8.07847 41.6859 7.21
    endloop
  endfacet
  facet normal 0 0 -1
    outer loop
      vertex 7.94447 41.5865 7.21
      vertex 7.94447 44.4135 7.21
      vertex 8.07847 44.3141 7.21
    endloop
  endfacet
  facet normal 0 0 -1
    outer loop
      vertex 7.80137 41.5007 7.21
      vertex 7.94447 44.4135 7.21
      vertex 7.94447 41.5865 7.21
    endloop
  endfacet
  facet normal 0 0 -1
    outer loop
      vertex 7.80137 41.5007 7.21
      vertex 7.80137 44.4993 7.21
      vertex 7.94447 44.4135 7.21
    endloop
  endfacet
  facet normal 0 0 -1
    outer loop
      vertex 7.65056 41.4294 7.21
      vertex 7.80137 44.4993 7.21
      vertex 7.80137 41.5007 7.21
    endloop
  endfacet
  facet normal 0 0 -1
    outer loop
      vertex 7.65056 41.4294 7.21
      vertex 7.65056 44.5706 7.21
      vertex 7.80137 44.4993 7.21
    endloop
  endfacet
  facet normal 0 0 -1
    outer loop
      vertex 7.49348 41.3732 7.21
      vertex 7.65056 44.5706 7.21
      vertex 7.65056 41.4294 7.21
    endloop
  endfacet
  facet normal 0 0 -1
    outer loop
      vertex 7.49348 41.3732 7.21
      vertex 7.49348 44.6268 7.21
      vertex 7.65056 44.5706 7.21
    endloop
  endfacet
  facet normal 0 0 -1
    outer loop
      vertex 7.33165 41.3327 7.21
      vertex 7.49348 44.6268 7.21
      vertex 7.49348 41.3732 7.21
    endloop
  endfacet
  facet normal 0 0 -1
    outer loop
      vertex 7.33165 41.3327 7.21
      vertex 7.33165 44.6673 7.21
      vertex 7.49348 44.6268 7.21
    endloop
  endfacet
  facet normal 0 0 -1
    outer loop
      vertex 7.16663 41.3082 7.21
      vertex 7.33165 44.6673 7.21
      vertex 7.33165 41.3327 7.21
    endloop
  endfacet
  facet normal 0 0 -1
    outer loop
      vertex 7.16663 41.3082 7.21
      vertex 7.16663 44.6918 7.21
      vertex 7.33165 44.6673 7.21
    endloop
  endfacet
  facet normal 0 0 -1
    outer loop
      vertex 7 41.3 7.21
      vertex 7.16663 44.6918 7.21
      vertex 7.16663 41.3082 7.21
    endloop
  endfacet
  facet normal 0 0 -1
    outer loop
      vertex 7 41.3 7.21
      vertex 7 44.7 7.21
      vertex 7.16663 44.6918 7.21
    endloop
  endfacet
  facet normal 0 0 -1
    outer loop
      vertex 6.83337 41.3082 7.21
      vertex 7 44.7 7.21
      vertex 7 41.3 7.21
    endloop
  endfacet
  facet normal 0 0 -1
    outer loop
      vertex 6.83337 41.3082 7.21
      vertex 6.83337 44.6918 7.21
      vertex 7 44.7 7.21
    endloop
  endfacet
  facet normal 0 0 -1
    outer loop
      vertex 6.66835 41.3327 7.21
      vertex 6.83337 44.6918 7.21
      vertex 6.83337 41.3082 7.21
    endloop
  endfacet
  facet normal 0 0 -1
    outer loop
      vertex 6.66835 41.3327 7.21
      vertex 6.66835 44.6673 7.21
      vertex 6.83337 44.6918 7.21
    endloop
  endfacet
  facet normal 0 0 -1
    outer loop
      vertex 6.50652 41.3732 7.21
      vertex 6.66835 44.6673 7.21
      vertex 6.66835 41.3327 7.21
    endloop
  endfacet
  facet normal 0 0 -1
    outer loop
      vertex 6.50652 41.3732 7.21
      vertex 6.50652 44.6268 7.21
      vertex 6.66835 44.6673 7.21
    endloop
  endfacet
  facet normal 0 0 -1
    outer loop
      vertex 6.34944 41.4294 7.21
      vertex 6.50652 44.6268 7.21
      vertex 6.50652 41.3732 7.21
    endloop
  endfacet
  facet normal 0 0 -1
    outer loop
      vertex 6.34944 41.4294 7.21
      vertex 6.34944 44.5706 7.21
      vertex 6.50652 44.6268 7.21
    endloop
  endfacet
  facet normal 0 0 -1
    outer loop
      vertex 6.19862 41.5007 7.21
      vertex 6.34944 44.5706 7.21
      vertex 6.34944 41.4294 7.21
    endloop
  endfacet
  facet normal 0 0 -1
    outer loop
      vertex 6.19862 41.5007 7.21
      vertex 6.19862 44.4993 7.21
      vertex 6.34944 44.5706 7.21
    endloop
  endfacet
  facet normal 0 0 -1
    outer loop
      vertex 6.05553 41.5865 7.21
      vertex 6.19862 44.4993 7.21
      vertex 6.19862 41.5007 7.21
    endloop
  endfacet
  facet normal 0 0 -1
    outer loop
      vertex 6.05553 41.5865 7.21
      vertex 6.05553 44.4135 7.21
      vertex 6.19862 44.4993 7.21
    endloop
  endfacet
  facet normal 0 0 -1
    outer loop
      vertex 5.92153 41.6859 7.21
      vertex 6.05553 44.4135 7.21
      vertex 6.05553 41.5865 7.21
    endloop
  endfacet
  facet normal 0 0 -1
    outer loop
      vertex 5.92153 41.6859 7.21
      vertex 5.92153 44.3141 7.21
      vertex 6.05553 44.4135 7.21
    endloop
  endfacet
  facet normal 0 0 -1
    outer loop
      vertex 5.79792 41.7979 7.21
      vertex 5.92153 44.3141 7.21
      vertex 5.92153 41.6859 7.21
    endloop
  endfacet
  facet normal 0 0 -1
    outer loop
      vertex 5.79792 41.7979 7.21
      vertex 5.79792 44.2021 7.21
      vertex 5.92153 44.3141 7.21
    endloop
  endfacet
  facet normal 0 0 -1
    outer loop
      vertex 5.68588 41.9215 7.21
      vertex 5.79792 44.2021 7.21
      vertex 5.79792 41.7979 7.21
    endloop
  endfacet
  facet normal 0 0 -1
    outer loop
      vertex 5.68588 41.9215 7.21
      vertex 5.68588 44.0785 7.21
      vertex 5.79792 44.2021 7.21
    endloop
  endfacet
  facet normal 0 0 -1
    outer loop
      vertex 5.5865 42.0555 7.21
      vertex 5.68588 44.0785 7.21
      vertex 5.68588 41.9215 7.21
    endloop
  endfacet
  facet normal 0 0 -1
    outer loop
      vertex 5.5865 42.0555 7.21
      vertex 5.5865 43.9445 7.21
      vertex 5.68588 44.0785 7.21
    endloop
  endfacet
  facet normal 0 0 -1
    outer loop
      vertex 5.50073 42.1986 7.21
      vertex 5.5865 43.9445 7.21
      vertex 5.5865 42.0555 7.21
    endloop
  endfacet
  facet normal 0 0 -1
    outer loop
      vertex 5.50073 42.1986 7.21
      vertex 5.50073 43.8014 7.21
      vertex 5.5865 43.9445 7.21
    endloop
  endfacet
  facet normal 0 0 -1
    outer loop
      vertex 5.4294 42.3494 7.21
      vertex 5.50073 43.8014 7.21
      vertex 5.50073 42.1986 7.21
    endloop
  endfacet
  facet normal 0 0 -1
    outer loop
      vertex 5.4294 42.3494 7.21
      vertex 5.4294 43.6506 7.21
      vertex 5.50073 43.8014 7.21
    endloop
  endfacet
  facet normal 0 0 -1
    outer loop
      vertex 5.3732 42.5065 7.21
      vertex 5.4294 43.6506 7.21
      vertex 5.4294 42.3494 7.21
    endloop
  endfacet
  facet normal 0 0 -1
    outer loop
      vertex 5.3732 42.5065 7.21
      vertex 5.3732 43.4935 7.21
      vertex 5.4294 43.6506 7.21
    endloop
  endfacet
  facet normal 0 0 -1
    outer loop
      vertex 5.33266 42.6683 7.21
      vertex 5.3732 43.4935 7.21
      vertex 5.3732 42.5065 7.21
    endloop
  endfacet
  facet normal 0 0 -1
    outer loop
      vertex 5.33266 42.6683 7.21
      vertex 5.33266 43.3317 7.21
      vertex 5.3732 43.4935 7.21
    endloop
  endfacet
  facet normal 0 0 -1
    outer loop
      vertex 5.30819 42.8334 7.21
      vertex 5.33266 43.3317 7.21
      vertex 5.33266 42.6683 7.21
    endloop
  endfacet
  facet normal 0 0 -1
    outer loop
      vertex 5.30819 42.8334 7.21
      vertex 5.30819 43.1666 7.21
      vertex 5.33266 43.3317 7.21
    endloop
  endfacet
  facet normal 0 -0 -1
    outer loop
      vertex 5.30819 43.1666 7.21
      vertex 5.30819 42.8334 7.21
      vertex 5.3 43 7.21
    endloop
  endfacet
  facet normal 0.514258 -0.857636 0
    outer loop
      vertex 6.05553 44.4135 0
      vertex 6.19862 44.4993 7.21
      vertex 6.05553 44.4135 7.21
    endloop
  endfacet
  facet normal 0.514258 -0.857636 0
    outer loop
      vertex 6.19862 44.4993 7.21
      vertex 6.05553 44.4135 0
      vertex 6.19862 44.4993 0
    endloop
  endfacet
  facet normal 0.595772 -0.803154 0
    outer loop
      vertex 5.92153 44.3141 0
      vertex 6.05553 44.4135 7.21
      vertex 5.92153 44.3141 7.21
    endloop
  endfacet
  facet normal 0.595772 -0.803154 0
    outer loop
      vertex 6.05553 44.4135 7.21
      vertex 5.92153 44.3141 0
      vertex 6.05553 44.4135 0
    endloop
  endfacet
  facet normal 0.671448 -0.741051 0
    outer loop
      vertex 5.79792 44.2021 0
      vertex 5.92153 44.3141 7.21
      vertex 5.79792 44.2021 7.21
    endloop
  endfacet
  facet normal 0.671448 -0.741051 0
    outer loop
      vertex 5.92153 44.3141 7.21
      vertex 5.79792 44.2021 0
      vertex 5.92153 44.3141 0
    endloop
  endfacet
  facet normal 0.336868 -0.941552 0
    outer loop
      vertex 6.34944 44.5706 0
      vertex 6.50652 44.6268 7.21
      vertex 6.34944 44.5706 7.21
    endloop
  endfacet
  facet normal 0.336868 -0.941552 0
    outer loop
      vertex 6.50652 44.6268 7.21
      vertex 6.34944 44.5706 0
      vertex 6.50652 44.6268 0
    endloop
  endfacet
  facet normal 0.146857 -0.989158 0
    outer loop
      vertex 6.66835 44.6673 0
      vertex 6.83337 44.6918 7.21
      vertex 6.66835 44.6673 7.21
    endloop
  endfacet
  facet normal 0.146857 -0.989158 0
    outer loop
      vertex 6.83337 44.6918 7.21
      vertex 6.66835 44.6673 0
      vertex 6.83337 44.6918 0
    endloop
  endfacet
  facet normal -0.998794 0.0491004 0
    outer loop
      vertex 8.69181 42.8334 0
      vertex 8.7 43 7.21
      vertex 8.7 43 0
    endloop
  endfacet
  facet normal -0.998794 0.0491004 0
    outer loop
      vertex 8.7 43 7.21
      vertex 8.69181 42.8334 0
      vertex 8.69181 42.8334 7.21
    endloop
  endfacet
  facet normal -0.740905 0.67161 0
    outer loop
      vertex 8.20208 41.7979 0
      vertex 8.31412 41.9215 7.21
      vertex 8.31412 41.9215 0
    endloop
  endfacet
  facet normal -0.740905 0.67161 0
    outer loop
      vertex 8.31412 41.9215 7.21
      vertex 8.20208 41.7979 0
      vertex 8.20208 41.7979 7.21
    endloop
  endfacet
  facet normal 0.336868 0.941552 -0
    outer loop
      vertex 6.50652 41.3732 0
      vertex 6.34944 41.4294 7.21
      vertex 6.50652 41.3732 7.21
    endloop
  endfacet
  facet normal 0.336868 0.941552 0
    outer loop
      vertex 6.34944 41.4294 7.21
      vertex 6.50652 41.3732 0
      vertex 6.34944 41.4294 0
    endloop
  endfacet
  facet normal 0.740905 0.67161 0
    outer loop
      vertex 5.79792 41.7979 7.21
      vertex 5.68588 41.9215 0
      vertex 5.68588 41.9215 7.21
    endloop
  endfacet
  facet normal 0.740905 0.67161 0
    outer loop
      vertex 5.68588 41.9215 0
      vertex 5.79792 41.7979 7.21
      vertex 5.79792 41.7979 0
    endloop
  endfacet
  facet normal -0.427419 0.904054 0
    outer loop
      vertex 7.80137 41.5007 0
      vertex 7.65056 41.4294 7.21
      vertex 7.80137 41.5007 7.21
    endloop
  endfacet
  facet normal -0.427419 0.904054 0
    outer loop
      vertex 7.65056 41.4294 7.21
      vertex 7.80137 41.5007 0
      vertex 7.65056 41.4294 0
    endloop
  endfacet
  facet normal -0.857731 -0.514099 0
    outer loop
      vertex 8.49927 43.8014 0
      vertex 8.4135 43.9445 7.21
      vertex 8.4135 43.9445 0
    endloop
  endfacet
  facet normal -0.857731 -0.514099 0
    outer loop
      vertex 8.4135 43.9445 7.21
      vertex 8.49927 43.8014 0
      vertex 8.49927 43.8014 7.21
    endloop
  endfacet
  facet normal -0.242775 -0.970083 0
    outer loop
      vertex 7.33165 44.6673 0
      vertex 7.49348 44.6268 7.21
      vertex 7.33165 44.6673 7.21
    endloop
  endfacet
  facet normal -0.242775 -0.970083 -0
    outer loop
      vertex 7.49348 44.6268 7.21
      vertex 7.33165 44.6673 0
      vertex 7.49348 44.6268 0
    endloop
  endfacet
  facet normal -0.427419 -0.904054 0
    outer loop
      vertex 7.65056 44.5706 0
      vertex 7.80137 44.4993 7.21
      vertex 7.65056 44.5706 7.21
    endloop
  endfacet
  facet normal -0.427419 -0.904054 -0
    outer loop
      vertex 7.80137 44.4993 7.21
      vertex 7.65056 44.5706 0
      vertex 7.80137 44.4993 0
    endloop
  endfacet
  facet normal 0.803211 -0.595695 0
    outer loop
      vertex 5.5865 43.9445 7.21
      vertex 5.68588 44.0785 0
      vertex 5.68588 44.0785 7.21
    endloop
  endfacet
  facet normal 0.803211 -0.595695 0
    outer loop
      vertex 5.68588 44.0785 0
      vertex 5.5865 43.9445 7.21
      vertex 5.5865 43.9445 0
    endloop
  endfacet
  facet normal 0.970015 -0.243043 0
    outer loop
      vertex 5.33266 43.3317 7.21
      vertex 5.3732 43.4935 0
      vertex 5.3732 43.4935 7.21
    endloop
  endfacet
  facet normal 0.970015 -0.243043 0
    outer loop
      vertex 5.3732 43.4935 0
      vertex 5.33266 43.3317 7.21
      vertex 5.33266 43.3317 0
    endloop
  endfacet
  facet normal 0.998794 0.0491004 0
    outer loop
      vertex 5.30819 42.8334 7.21
      vertex 5.3 43 0
      vertex 5.3 43 7.21
    endloop
  endfacet
  facet normal 0.998794 0.0491004 0
    outer loop
      vertex 5.3 43 0
      vertex 5.30819 42.8334 7.21
      vertex 5.30819 42.8334 0
    endloop
  endfacet
  facet normal -0.941546 0.336883 0
    outer loop
      vertex 8.57059 42.3494 0
      vertex 8.6268 42.5065 7.21
      vertex 8.6268 42.5065 0
    endloop
  endfacet
  facet normal -0.941546 0.336883 0
    outer loop
      vertex 8.6268 42.5065 7.21
      vertex 8.57059 42.3494 0
      vertex 8.57059 42.3494 7.21
    endloop
  endfacet
  facet normal -0.97003 0.242987 0
    outer loop
      vertex 8.6268 42.5065 0
      vertex 8.66733 42.6683 7.21
      vertex 8.66733 42.6683 0
    endloop
  endfacet
  facet normal -0.97003 0.242987 0
    outer loop
      vertex 8.66733 42.6683 7.21
      vertex 8.6268 42.5065 0
      vertex 8.6268 42.5065 7.21
    endloop
  endfacet
  facet normal -0.671448 0.741051 0
    outer loop
      vertex 8.20208 41.7979 0
      vertex 8.07847 41.6859 7.21
      vertex 8.20208 41.7979 7.21
    endloop
  endfacet
  facet normal -0.671448 0.741051 0
    outer loop
      vertex 8.07847 41.6859 7.21
      vertex 8.20208 41.7979 0
      vertex 8.07847 41.6859 0
    endloop
  endfacet
  facet normal -0.903996 0.42754 0
    outer loop
      vertex 8.49927 42.1986 0
      vertex 8.57059 42.3494 7.21
      vertex 8.57059 42.3494 0
    endloop
  endfacet
  facet normal -0.903996 0.42754 0
    outer loop
      vertex 8.57059 42.3494 7.21
      vertex 8.49927 42.1986 0
      vertex 8.49927 42.1986 7.21
    endloop
  endfacet
  facet normal -0.803211 0.595695 0
    outer loop
      vertex 8.31412 41.9215 0
      vertex 8.4135 42.0555 7.21
      vertex 8.4135 42.0555 0
    endloop
  endfacet
  facet normal -0.803211 0.595695 0
    outer loop
      vertex 8.4135 42.0555 7.21
      vertex 8.31412 41.9215 0
      vertex 8.31412 41.9215 7.21
    endloop
  endfacet
  facet normal 0.242775 0.970083 -0
    outer loop
      vertex 6.66835 41.3327 0
      vertex 6.50652 41.3732 7.21
      vertex 6.66835 41.3327 7.21
    endloop
  endfacet
  facet normal 0.242775 0.970083 0
    outer loop
      vertex 6.50652 41.3732 7.21
      vertex 6.66835 41.3327 0
      vertex 6.50652 41.3732 0
    endloop
  endfacet
  facet normal 0.857731 0.514099 0
    outer loop
      vertex 5.5865 42.0555 7.21
      vertex 5.50073 42.1986 0
      vertex 5.50073 42.1986 7.21
    endloop
  endfacet
  facet normal 0.857731 0.514099 0
    outer loop
      vertex 5.50073 42.1986 0
      vertex 5.5865 42.0555 7.21
      vertex 5.5865 42.0555 0
    endloop
  endfacet
  facet normal 0.941566 0.33683 0
    outer loop
      vertex 5.4294 42.3494 7.21
      vertex 5.3732 42.5065 0
      vertex 5.3732 42.5065 7.21
    endloop
  endfacet
  facet normal 0.941566 0.33683 0
    outer loop
      vertex 5.3732 42.5065 0
      vertex 5.4294 42.3494 7.21
      vertex 5.4294 42.3494 0
    endloop
  endfacet
  facet normal 0.903973 0.427589 0
    outer loop
      vertex 5.50073 42.1986 7.21
      vertex 5.4294 42.3494 0
      vertex 5.4294 42.3494 7.21
    endloop
  endfacet
  facet normal 0.903973 0.427589 0
    outer loop
      vertex 5.4294 42.3494 0
      vertex 5.50073 42.1986 7.21
      vertex 5.50073 42.1986 0
    endloop
  endfacet
  facet normal 0.989194 0.146612 0
    outer loop
      vertex 5.33266 42.6683 7.21
      vertex 5.30819 42.8334 0
      vertex 5.30819 42.8334 7.21
    endloop
  endfacet
  facet normal 0.989194 0.146612 0
    outer loop
      vertex 5.30819 42.8334 0
      vertex 5.33266 42.6683 7.21
      vertex 5.33266 42.6683 0
    endloop
  endfacet
  facet normal -0.989185 0.14667 0
    outer loop
      vertex 8.66733 42.6683 0
      vertex 8.69181 42.8334 7.21
      vertex 8.69181 42.8334 0
    endloop
  endfacet
  facet normal -0.989185 0.14667 0
    outer loop
      vertex 8.69181 42.8334 7.21
      vertex 8.66733 42.6683 0
      vertex 8.66733 42.6683 7.21
    endloop
  endfacet
  facet normal -0.514231 0.857652 0
    outer loop
      vertex 7.94447 41.5865 0
      vertex 7.80137 41.5007 7.21
      vertex 7.94447 41.5865 7.21
    endloop
  endfacet
  facet normal -0.514231 0.857652 0
    outer loop
      vertex 7.80137 41.5007 7.21
      vertex 7.94447 41.5865 0
      vertex 7.80137 41.5007 0
    endloop
  endfacet
  facet normal -0.595772 0.803154 0
    outer loop
      vertex 8.07847 41.6859 0
      vertex 7.94447 41.5865 7.21
      vertex 8.07847 41.6859 7.21
    endloop
  endfacet
  facet normal -0.595772 0.803154 0
    outer loop
      vertex 7.94447 41.5865 7.21
      vertex 8.07847 41.6859 0
      vertex 7.94447 41.5865 0
    endloop
  endfacet
  facet normal -0.857731 0.514099 0
    outer loop
      vertex 8.4135 42.0555 0
      vertex 8.49927 42.1986 7.21
      vertex 8.49927 42.1986 0
    endloop
  endfacet
  facet normal -0.857731 0.514099 0
    outer loop
      vertex 8.49927 42.1986 7.21
      vertex 8.4135 42.0555 0
      vertex 8.4135 42.0555 7.21
    endloop
  endfacet
  facet normal 0.0491513 0.998791 -0
    outer loop
      vertex 7 41.3 0
      vertex 6.83337 41.3082 7.21
      vertex 7 41.3 7.21
    endloop
  endfacet
  facet normal 0.0491513 0.998791 0
    outer loop
      vertex 6.83337 41.3082 7.21
      vertex 7 41.3 0
      vertex 6.83337 41.3082 0
    endloop
  endfacet
  facet normal 0.427396 0.904065 -0
    outer loop
      vertex 6.34944 41.4294 0
      vertex 6.19862 41.5007 7.21
      vertex 6.34944 41.4294 7.21
    endloop
  endfacet
  facet normal 0.427396 0.904065 0
    outer loop
      vertex 6.19862 41.5007 7.21
      vertex 6.34944 41.4294 0
      vertex 6.19862 41.5007 0
    endloop
  endfacet
  facet normal 0.671448 0.741051 -0
    outer loop
      vertex 5.92153 41.6859 0
      vertex 5.79792 41.7979 7.21
      vertex 5.92153 41.6859 7.21
    endloop
  endfacet
  facet normal 0.671448 0.741051 0
    outer loop
      vertex 5.79792 41.7979 7.21
      vertex 5.92153 41.6859 0
      vertex 5.79792 41.7979 0
    endloop
  endfacet
  facet normal 0.803211 0.595695 0
    outer loop
      vertex 5.68588 41.9215 7.21
      vertex 5.5865 42.0555 0
      vertex 5.5865 42.0555 7.21
    endloop
  endfacet
  facet normal 0.803211 0.595695 0
    outer loop
      vertex 5.5865 42.0555 0
      vertex 5.68588 41.9215 7.21
      vertex 5.68588 41.9215 0
    endloop
  endfacet
  facet normal 0.970015 0.243043 0
    outer loop
      vertex 5.3732 42.5065 7.21
      vertex 5.33266 42.6683 0
      vertex 5.33266 42.6683 7.21
    endloop
  endfacet
  facet normal 0.970015 0.243043 0
    outer loop
      vertex 5.33266 42.6683 0
      vertex 5.3732 42.5065 7.21
      vertex 5.3732 42.5065 0
    endloop
  endfacet
  facet normal -0.242775 0.970083 0
    outer loop
      vertex 7.49348 41.3732 0
      vertex 7.33165 41.3327 7.21
      vertex 7.49348 41.3732 7.21
    endloop
  endfacet
  facet normal -0.242775 0.970083 0
    outer loop
      vertex 7.33165 41.3327 7.21
      vertex 7.49348 41.3732 0
      vertex 7.33165 41.3327 0
    endloop
  endfacet
  facet normal -0.336868 0.941552 0
    outer loop
      vertex 7.65056 41.4294 0
      vertex 7.49348 41.3732 7.21
      vertex 7.65056 41.4294 7.21
    endloop
  endfacet
  facet normal -0.336868 0.941552 0
    outer loop
      vertex 7.49348 41.3732 7.21
      vertex 7.65056 41.4294 0
      vertex 7.49348 41.3732 0
    endloop
  endfacet
  facet normal 0.595772 0.803154 -0
    outer loop
      vertex 6.05553 41.5865 0
      vertex 5.92153 41.6859 7.21
      vertex 6.05553 41.5865 7.21
    endloop
  endfacet
  facet normal 0.595772 0.803154 0
    outer loop
      vertex 5.92153 41.6859 7.21
      vertex 6.05553 41.5865 0
      vertex 5.92153 41.6859 0
    endloop
  endfacet
  facet normal 0.514258 0.857636 -0
    outer loop
      vertex 6.19862 41.5007 0
      vertex 6.05553 41.5865 7.21
      vertex 6.19862 41.5007 7.21
    endloop
  endfacet
  facet normal 0.514258 0.857636 0
    outer loop
      vertex 6.05553 41.5865 7.21
      vertex 6.19862 41.5007 0
      vertex 6.05553 41.5865 0
    endloop
  endfacet
  facet normal 0.146857 0.989158 -0
    outer loop
      vertex 6.83337 41.3082 0
      vertex 6.66835 41.3327 7.21
      vertex 6.83337 41.3082 7.21
    endloop
  endfacet
  facet normal 0.146857 0.989158 0
    outer loop
      vertex 6.66835 41.3327 7.21
      vertex 6.83337 41.3082 0
      vertex 6.66835 41.3327 0
    endloop
  endfacet
  facet normal -0.998791 -0.0491513 0
    outer loop
      vertex 74.7 7 0
      vertex 74.6918 7.16663 7.21
      vertex 74.6918 7.16663 0
    endloop
  endfacet
  facet normal -0.998791 -0.0491513 0
    outer loop
      vertex 74.6918 7.16663 7.21
      vertex 74.7 7 0
      vertex 74.7 7 7.21
    endloop
  endfacet
  facet normal 0.0491004 -0.998794 0
    outer loop
      vertex 72.8334 8.69181 0
      vertex 73 8.7 7.21
      vertex 72.8334 8.69181 7.21
    endloop
  endfacet
  facet normal 0.0491004 -0.998794 0
    outer loop
      vertex 73 8.7 7.21
      vertex 72.8334 8.69181 0
      vertex 73 8.7 0
    endloop
  endfacet
  facet normal -0.67161 -0.740905 0
    outer loop
      vertex 74.0785 8.31412 0
      vertex 74.2021 8.20208 7.21
      vertex 74.0785 8.31412 7.21
    endloop
  endfacet
  facet normal -0.67161 -0.740905 -0
    outer loop
      vertex 74.2021 8.20208 7.21
      vertex 74.0785 8.31412 0
      vertex 74.2021 8.20208 0
    endloop
  endfacet
  facet normal 0.741051 -0.671448 0
    outer loop
      vertex 71.6859 8.07847 7.21
      vertex 71.7979 8.20208 0
      vertex 71.7979 8.20208 7.21
    endloop
  endfacet
  facet normal 0.741051 -0.671448 0
    outer loop
      vertex 71.7979 8.20208 0
      vertex 71.6859 8.07847 7.21
      vertex 71.6859 8.07847 0
    endloop
  endfacet
  facet normal 0.42754 -0.903996 0
    outer loop
      vertex 72.1986 8.49927 0
      vertex 72.3494 8.57059 7.21
      vertex 72.1986 8.49927 7.21
    endloop
  endfacet
  facet normal 0.42754 -0.903996 0
    outer loop
      vertex 72.3494 8.57059 7.21
      vertex 72.1986 8.49927 0
      vertex 72.3494 8.57059 0
    endloop
  endfacet
  facet normal -0.904054 -0.427419 0
    outer loop
      vertex 74.5706 7.65056 0
      vertex 74.4993 7.80137 7.21
      vertex 74.4993 7.80137 0
    endloop
  endfacet
  facet normal -0.904054 -0.427419 0
    outer loop
      vertex 74.4993 7.80137 7.21
      vertex 74.5706 7.65056 0
      vertex 74.5706 7.65056 7.21
    endloop
  endfacet
  facet normal -0.336883 -0.941546 0
    outer loop
      vertex 73.4935 8.6268 0
      vertex 73.6506 8.57059 7.21
      vertex 73.4935 8.6268 7.21
    endloop
  endfacet
  facet normal -0.336883 -0.941546 -0
    outer loop
      vertex 73.6506 8.57059 7.21
      vertex 73.4935 8.6268 0
      vertex 73.6506 8.57059 0
    endloop
  endfacet
  facet normal 0.904054 -0.427419 0
    outer loop
      vertex 71.4294 7.65056 7.21
      vertex 71.5007 7.80137 0
      vertex 71.5007 7.80137 7.21
    endloop
  endfacet
  facet normal 0.904054 -0.427419 0
    outer loop
      vertex 71.5007 7.80137 0
      vertex 71.4294 7.65056 7.21
      vertex 71.4294 7.65056 0
    endloop
  endfacet
  facet normal 0.857652 -0.514231 0
    outer loop
      vertex 71.5007 7.80137 7.21
      vertex 71.5865 7.94447 0
      vertex 71.5865 7.94447 7.21
    endloop
  endfacet
  facet normal 0.857652 -0.514231 0
    outer loop
      vertex 71.5865 7.94447 0
      vertex 71.5007 7.80137 7.21
      vertex 71.5007 7.80137 0
    endloop
  endfacet
  facet normal 0.998791 0.0491513 0
    outer loop
      vertex 71.3082 6.83337 7.21
      vertex 71.3 7 0
      vertex 71.3 7 7.21
    endloop
  endfacet
  facet normal 0.998791 0.0491513 0
    outer loop
      vertex 71.3 7 0
      vertex 71.3082 6.83337 7.21
      vertex 71.3082 6.83337 0
    endloop
  endfacet
  facet normal -0.146699 0.989181 0
    outer loop
      vertex 73.3316 5.33266 0
      vertex 73.1666 5.30819 7.21
      vertex 73.3316 5.33266 7.21
    endloop
  endfacet
  facet normal -0.146699 0.989181 0
    outer loop
      vertex 73.1666 5.30819 7.21
      vertex 73.3316 5.33266 0
      vertex 73.1666 5.30819 0
    endloop
  endfacet
  facet normal -0.970083 -0.242775 0
    outer loop
      vertex 74.6673 7.33165 0
      vertex 74.6268 7.49348 7.21
      vertex 74.6268 7.49348 0
    endloop
  endfacet
  facet normal -0.970083 -0.242775 0
    outer loop
      vertex 74.6268 7.49348 7.21
      vertex 74.6673 7.33165 0
      vertex 74.6673 7.33165 7.21
    endloop
  endfacet
  facet normal -0.989158 -0.146857 0
    outer loop
      vertex 74.6918 7.16663 0
      vertex 74.6673 7.33165 7.21
      vertex 74.6673 7.33165 0
    endloop
  endfacet
  facet normal -0.989158 -0.146857 0
    outer loop
      vertex 74.6673 7.33165 7.21
      vertex 74.6918 7.16663 0
      vertex 74.6918 7.16663 7.21
    endloop
  endfacet
  facet normal -0.941552 -0.336868 0
    outer loop
      vertex 74.6268 7.49348 0
      vertex 74.5706 7.65056 7.21
      vertex 74.5706 7.65056 0
    endloop
  endfacet
  facet normal -0.941552 -0.336868 0
    outer loop
      vertex 74.5706 7.65056 7.21
      vertex 74.6268 7.49348 0
      vertex 74.6268 7.49348 7.21
    endloop
  endfacet
  facet normal -0.803154 -0.595772 0
    outer loop
      vertex 74.4135 7.94447 0
      vertex 74.3141 8.07847 7.21
      vertex 74.3141 8.07847 0
    endloop
  endfacet
  facet normal -0.803154 -0.595772 0
    outer loop
      vertex 74.3141 8.07847 7.21
      vertex 74.4135 7.94447 0
      vertex 74.4135 7.94447 7.21
    endloop
  endfacet
  facet normal -0.741051 -0.671448 0
    outer loop
      vertex 74.3141 8.07847 0
      vertex 74.2021 8.20208 7.21
      vertex 74.2021 8.20208 0
    endloop
  endfacet
  facet normal -0.741051 -0.671448 0
    outer loop
      vertex 74.2021 8.20208 7.21
      vertex 74.3141 8.07847 0
      vertex 74.3141 8.07847 7.21
    endloop
  endfacet
  facet normal -0.146757 -0.989173 0
    outer loop
      vertex 73.1666 8.69181 0
      vertex 73.3316 8.66733 7.21
      vertex 73.1666 8.69181 7.21
    endloop
  endfacet
  facet normal -0.146757 -0.989173 -0
    outer loop
      vertex 73.3316 8.66733 7.21
      vertex 73.1666 8.69181 0
      vertex 73.3316 8.66733 0
    endloop
  endfacet
  facet normal -0.595695 -0.803211 0
    outer loop
      vertex 73.9445 8.4135 0
      vertex 74.0785 8.31412 7.21
      vertex 73.9445 8.4135 7.21
    endloop
  endfacet
  facet normal -0.595695 -0.803211 -0
    outer loop
      vertex 74.0785 8.31412 7.21
      vertex 73.9445 8.4135 0
      vertex 74.0785 8.31412 0
    endloop
  endfacet
  facet normal -0.514099 -0.857731 0
    outer loop
      vertex 73.8014 8.49927 0
      vertex 73.9445 8.4135 7.21
      vertex 73.8014 8.49927 7.21
    endloop
  endfacet
  facet normal -0.514099 -0.857731 -0
    outer loop
      vertex 73.9445 8.4135 7.21
      vertex 73.8014 8.49927 0
      vertex 73.9445 8.4135 0
    endloop
  endfacet
  facet normal 0.941552 -0.336868 0
    outer loop
      vertex 71.3732 7.49348 7.21
      vertex 71.4294 7.65056 0
      vertex 71.4294 7.65056 7.21
    endloop
  endfacet
  facet normal 0.941552 -0.336868 0
    outer loop
      vertex 71.4294 7.65056 0
      vertex 71.3732 7.49348 7.21
      vertex 71.3732 7.49348 0
    endloop
  endfacet
  facet normal 0.989158 -0.146857 0
    outer loop
      vertex 71.3082 7.16663 7.21
      vertex 71.3327 7.33165 0
      vertex 71.3327 7.33165 7.21
    endloop
  endfacet
  facet normal 0.989158 -0.146857 0
    outer loop
      vertex 71.3327 7.33165 0
      vertex 71.3082 7.16663 7.21
      vertex 71.3082 7.16663 0
    endloop
  endfacet
  facet normal 0.595695 -0.803211 0
    outer loop
      vertex 71.9215 8.31412 0
      vertex 72.0555 8.4135 7.21
      vertex 71.9215 8.31412 7.21
    endloop
  endfacet
  facet normal 0.595695 -0.803211 0
    outer loop
      vertex 72.0555 8.4135 7.21
      vertex 71.9215 8.31412 0
      vertex 72.0555 8.4135 0
    endloop
  endfacet
  facet normal 0.146757 -0.989173 0
    outer loop
      vertex 72.6684 8.66733 0
      vertex 72.8334 8.69181 7.21
      vertex 72.6684 8.66733 7.21
    endloop
  endfacet
  facet normal 0.146757 -0.989173 0
    outer loop
      vertex 72.8334 8.69181 7.21
      vertex 72.6684 8.66733 0
      vertex 72.8334 8.69181 0
    endloop
  endfacet
  facet normal 0.336883 -0.941546 0
    outer loop
      vertex 72.3494 8.57059 0
      vertex 72.5065 8.6268 7.21
      vertex 72.3494 8.57059 7.21
    endloop
  endfacet
  facet normal 0.336883 -0.941546 0
    outer loop
      vertex 72.5065 8.6268 7.21
      vertex 72.3494 8.57059 0
      vertex 72.5065 8.6268 0
    endloop
  endfacet
  facet normal 0.242846 -0.970065 0
    outer loop
      vertex 72.5065 8.6268 0
      vertex 72.6684 8.66733 7.21
      vertex 72.5065 8.6268 7.21
    endloop
  endfacet
  facet normal 0.242846 -0.970065 0
    outer loop
      vertex 72.6684 8.66733 7.21
      vertex 72.5065 8.6268 0
      vertex 72.6684 8.66733 0
    endloop
  endfacet
  facet normal -0.998791 0.0491513 0
    outer loop
      vertex 74.6918 6.83337 0
      vertex 74.7 7 7.21
      vertex 74.7 7 0
    endloop
  endfacet
  facet normal -0.998791 0.0491513 0
    outer loop
      vertex 74.7 7 7.21
      vertex 74.6918 6.83337 0
      vertex 74.6918 6.83337 7.21
    endloop
  endfacet
  facet normal -0.514099 0.857731 0
    outer loop
      vertex 73.9445 5.5865 0
      vertex 73.8014 5.50073 7.21
      vertex 73.9445 5.5865 7.21
    endloop
  endfacet
  facet normal -0.514099 0.857731 0
    outer loop
      vertex 73.8014 5.50073 7.21
      vertex 73.9445 5.5865 0
      vertex 73.8014 5.50073 0
    endloop
  endfacet
  facet normal -0.857636 0.514258 0
    outer loop
      vertex 74.4135 6.05553 0
      vertex 74.4993 6.19862 7.21
      vertex 74.4993 6.19862 0
    endloop
  endfacet
  facet normal -0.857636 0.514258 0
    outer loop
      vertex 74.4993 6.19862 7.21
      vertex 74.4135 6.05553 0
      vertex 74.4135 6.05553 7.21
    endloop
  endfacet
  facet normal 0.741051 0.671448 0
    outer loop
      vertex 71.7979 5.79792 7.21
      vertex 71.6859 5.92153 0
      vertex 71.6859 5.92153 7.21
    endloop
  endfacet
  facet normal 0.741051 0.671448 0
    outer loop
      vertex 71.6859 5.92153 0
      vertex 71.7979 5.79792 7.21
      vertex 71.7979 5.79792 0
    endloop
  endfacet
  facet normal 0.904065 0.427396 0
    outer loop
      vertex 71.5007 6.19862 7.21
      vertex 71.4294 6.34944 0
      vertex 71.4294 6.34944 7.21
    endloop
  endfacet
  facet normal 0.904065 0.427396 0
    outer loop
      vertex 71.4294 6.34944 0
      vertex 71.5007 6.19862 7.21
      vertex 71.5007 6.19862 0
    endloop
  endfacet
  facet normal -0.427589 0.903973 0
    outer loop
      vertex 73.8014 5.50073 0
      vertex 73.6506 5.4294 7.21
      vertex 73.8014 5.50073 7.21
    endloop
  endfacet
  facet normal -0.427589 0.903973 0
    outer loop
      vertex 73.6506 5.4294 7.21
      vertex 73.8014 5.50073 0
      vertex 73.6506 5.4294 0
    endloop
  endfacet
  facet normal -0.857652 -0.514231 0
    outer loop
      vertex 74.4993 7.80137 0
      vertex 74.4135 7.94447 7.21
      vertex 74.4135 7.94447 0
    endloop
  endfacet
  facet normal -0.857652 -0.514231 0
    outer loop
      vertex 74.4135 7.94447 7.21
      vertex 74.4993 7.80137 0
      vertex 74.4993 7.80137 7.21
    endloop
  endfacet
  facet normal -0.0491004 -0.998794 0
    outer loop
      vertex 73 8.7 0
      vertex 73.1666 8.69181 7.21
      vertex 73 8.7 7.21
    endloop
  endfacet
  facet normal -0.0491004 -0.998794 -0
    outer loop
      vertex 73.1666 8.69181 7.21
      vertex 73 8.7 0
      vertex 73.1666 8.69181 0
    endloop
  endfacet
  facet normal -0.242846 -0.970065 0
    outer loop
      vertex 73.3316 8.66733 0
      vertex 73.4935 8.6268 7.21
      vertex 73.3316 8.66733 7.21
    endloop
  endfacet
  facet normal -0.242846 -0.970065 -0
    outer loop
      vertex 73.4935 8.6268 7.21
      vertex 73.3316 8.66733 0
      vertex 73.4935 8.6268 0
    endloop
  endfacet
  facet normal -0.42754 -0.903996 0
    outer loop
      vertex 73.6506 8.57059 0
      vertex 73.8014 8.49927 7.21
      vertex 73.6506 8.57059 7.21
    endloop
  endfacet
  facet normal -0.42754 -0.903996 -0
    outer loop
      vertex 73.8014 8.49927 7.21
      vertex 73.6506 8.57059 0
      vertex 73.8014 8.49927 0
    endloop
  endfacet
  facet normal 0.803154 -0.595772 0
    outer loop
      vertex 71.5865 7.94447 7.21
      vertex 71.6859 8.07847 0
      vertex 71.6859 8.07847 7.21
    endloop
  endfacet
  facet normal 0.803154 -0.595772 0
    outer loop
      vertex 71.6859 8.07847 0
      vertex 71.5865 7.94447 7.21
      vertex 71.5865 7.94447 0
    endloop
  endfacet
  facet normal 0 0 -1
    outer loop
      vertex 74.6918 6.83337 7.21
      vertex 74.6918 7.16663 7.21
      vertex 74.7 7 7.21
    endloop
  endfacet
  facet normal 0 0 -1
    outer loop
      vertex 74.6673 6.66835 7.21
      vertex 74.6918 7.16663 7.21
      vertex 74.6918 6.83337 7.21
    endloop
  endfacet
  facet normal 0 0 -1
    outer loop
      vertex 74.6673 6.66835 7.21
      vertex 74.6673 7.33165 7.21
      vertex 74.6918 7.16663 7.21
    endloop
  endfacet
  facet normal 0 0 -1
    outer loop
      vertex 74.6268 6.50652 7.21
      vertex 74.6673 7.33165 7.21
      vertex 74.6673 6.66835 7.21
    endloop
  endfacet
  facet normal 0 0 -1
    outer loop
      vertex 74.6268 6.50652 7.21
      vertex 74.6268 7.49348 7.21
      vertex 74.6673 7.33165 7.21
    endloop
  endfacet
  facet normal 0 0 -1
    outer loop
      vertex 74.5706 6.34944 7.21
      vertex 74.6268 7.49348 7.21
      vertex 74.6268 6.50652 7.21
    endloop
  endfacet
  facet normal 0 0 -1
    outer loop
      vertex 74.5706 6.34944 7.21
      vertex 74.5706 7.65056 7.21
      vertex 74.6268 7.49348 7.21
    endloop
  endfacet
  facet normal 0 0 -1
    outer loop
      vertex 74.4993 6.19862 7.21
      vertex 74.5706 7.65056 7.21
      vertex 74.5706 6.34944 7.21
    endloop
  endfacet
  facet normal 0 0 -1
    outer loop
      vertex 74.4993 6.19862 7.21
      vertex 74.4993 7.80137 7.21
      vertex 74.5706 7.65056 7.21
    endloop
  endfacet
  facet normal 0 0 -1
    outer loop
      vertex 74.4135 6.05553 7.21
      vertex 74.4993 7.80137 7.21
      vertex 74.4993 6.19862 7.21
    endloop
  endfacet
  facet normal 0 0 -1
    outer loop
      vertex 74.4135 6.05553 7.21
      vertex 74.4135 7.94447 7.21
      vertex 74.4993 7.80137 7.21
    endloop
  endfacet
  facet normal 0 0 -1
    outer loop
      vertex 74.3141 5.92153 7.21
      vertex 74.4135 7.94447 7.21
      vertex 74.4135 6.05553 7.21
    endloop
  endfacet
  facet normal 0 0 -1
    outer loop
      vertex 74.3141 5.92153 7.21
      vertex 74.3141 8.07847 7.21
      vertex 74.4135 7.94447 7.21
    endloop
  endfacet
  facet normal 0 0 -1
    outer loop
      vertex 74.2021 5.79792 7.21
      vertex 74.3141 8.07847 7.21
      vertex 74.3141 5.92153 7.21
    endloop
  endfacet
  facet normal 0 0 -1
    outer loop
      vertex 74.2021 5.79792 7.21
      vertex 74.2021 8.20208 7.21
      vertex 74.3141 8.07847 7.21
    endloop
  endfacet
  facet normal 0 0 -1
    outer loop
      vertex 74.0785 5.68588 7.21
      vertex 74.2021 8.20208 7.21
      vertex 74.2021 5.79792 7.21
    endloop
  endfacet
  facet normal 0 0 -1
    outer loop
      vertex 74.0785 5.68588 7.21
      vertex 74.0785 8.31412 7.21
      vertex 74.2021 8.20208 7.21
    endloop
  endfacet
  facet normal 0 0 -1
    outer loop
      vertex 73.9445 5.5865 7.21
      vertex 74.0785 8.31412 7.21
      vertex 74.0785 5.68588 7.21
    endloop
  endfacet
  facet normal 0 0 -1
    outer loop
      vertex 73.9445 5.5865 7.21
      vertex 73.9445 8.4135 7.21
      vertex 74.0785 8.31412 7.21
    endloop
  endfacet
  facet normal 0 0 -1
    outer loop
      vertex 73.8014 5.50073 7.21
      vertex 73.9445 8.4135 7.21
      vertex 73.9445 5.5865 7.21
    endloop
  endfacet
  facet normal 0 0 -1
    outer loop
      vertex 73.8014 5.50073 7.21
      vertex 73.8014 8.49927 7.21
      vertex 73.9445 8.4135 7.21
    endloop
  endfacet
  facet normal 0 0 -1
    outer loop
      vertex 73.6506 5.4294 7.21
      vertex 73.8014 8.49927 7.21
      vertex 73.8014 5.50073 7.21
    endloop
  endfacet
  facet normal 0 0 -1
    outer loop
      vertex 73.6506 5.4294 7.21
      vertex 73.6506 8.57059 7.21
      vertex 73.8014 8.49927 7.21
    endloop
  endfacet
  facet normal 0 0 -1
    outer loop
      vertex 73.4935 5.3732 7.21
      vertex 73.6506 8.57059 7.21
      vertex 73.6506 5.4294 7.21
    endloop
  endfacet
  facet normal 0 0 -1
    outer loop
      vertex 73.4935 5.3732 7.21
      vertex 73.4935 8.6268 7.21
      vertex 73.6506 8.57059 7.21
    endloop
  endfacet
  facet normal 0 0 -1
    outer loop
      vertex 73.3316 5.33266 7.21
      vertex 73.4935 8.6268 7.21
      vertex 73.4935 5.3732 7.21
    endloop
  endfacet
  facet normal 0 0 -1
    outer loop
      vertex 73.3316 5.33266 7.21
      vertex 73.3316 8.66733 7.21
      vertex 73.4935 8.6268 7.21
    endloop
  endfacet
  facet normal 0 0 -1
    outer loop
      vertex 73.1666 5.30819 7.21
      vertex 73.3316 8.66733 7.21
      vertex 73.3316 5.33266 7.21
    endloop
  endfacet
  facet normal 0 0 -1
    outer loop
      vertex 73.1666 5.30819 7.21
      vertex 73.1666 8.69181 7.21
      vertex 73.3316 8.66733 7.21
    endloop
  endfacet
  facet normal 0 0 -1
    outer loop
      vertex 73 5.3 7.21
      vertex 73.1666 8.69181 7.21
      vertex 73.1666 5.30819 7.21
    endloop
  endfacet
  facet normal 0 0 -1
    outer loop
      vertex 73 5.3 7.21
      vertex 73 8.7 7.21
      vertex 73.1666 8.69181 7.21
    endloop
  endfacet
  facet normal 0 0 -1
    outer loop
      vertex 72.8334 5.30819 7.21
      vertex 73 8.7 7.21
      vertex 73 5.3 7.21
    endloop
  endfacet
  facet normal 0 0 -1
    outer loop
      vertex 72.8334 5.30819 7.21
      vertex 72.8334 8.69181 7.21
      vertex 73 8.7 7.21
    endloop
  endfacet
  facet normal 0 0 -1
    outer loop
      vertex 72.6684 5.33266 7.21
      vertex 72.8334 8.69181 7.21
      vertex 72.8334 5.30819 7.21
    endloop
  endfacet
  facet normal 0 0 -1
    outer loop
      vertex 72.6684 5.33266 7.21
      vertex 72.6684 8.66733 7.21
      vertex 72.8334 8.69181 7.21
    endloop
  endfacet
  facet normal 0 0 -1
    outer loop
      vertex 72.5065 5.3732 7.21
      vertex 72.6684 8.66733 7.21
      vertex 72.6684 5.33266 7.21
    endloop
  endfacet
  facet normal 0 0 -1
    outer loop
      vertex 72.5065 5.3732 7.21
      vertex 72.5065 8.6268 7.21
      vertex 72.6684 8.66733 7.21
    endloop
  endfacet
  facet normal 0 0 -1
    outer loop
      vertex 72.3494 5.4294 7.21
      vertex 72.5065 8.6268 7.21
      vertex 72.5065 5.3732 7.21
    endloop
  endfacet
  facet normal 0 0 -1
    outer loop
      vertex 72.3494 5.4294 7.21
      vertex 72.3494 8.57059 7.21
      vertex 72.5065 8.6268 7.21
    endloop
  endfacet
  facet normal 0 0 -1
    outer loop
      vertex 72.1986 5.50073 7.21
      vertex 72.3494 8.57059 7.21
      vertex 72.3494 5.4294 7.21
    endloop
  endfacet
  facet normal 0 0 -1
    outer loop
      vertex 72.1986 5.50073 7.21
      vertex 72.1986 8.49927 7.21
      vertex 72.3494 8.57059 7.21
    endloop
  endfacet
  facet normal 0 0 -1
    outer loop
      vertex 72.0555 5.5865 7.21
      vertex 72.1986 8.49927 7.21
      vertex 72.1986 5.50073 7.21
    endloop
  endfacet
  facet normal 0 0 -1
    outer loop
      vertex 72.0555 5.5865 7.21
      vertex 72.0555 8.4135 7.21
      vertex 72.1986 8.49927 7.21
    endloop
  endfacet
  facet normal 0 0 -1
    outer loop
      vertex 71.9215 5.68588 7.21
      vertex 72.0555 8.4135 7.21
      vertex 72.0555 5.5865 7.21
    endloop
  endfacet
  facet normal 0 0 -1
    outer loop
      vertex 71.9215 5.68588 7.21
      vertex 71.9215 8.31412 7.21
      vertex 72.0555 8.4135 7.21
    endloop
  endfacet
  facet normal 0 0 -1
    outer loop
      vertex 71.7979 5.79792 7.21
      vertex 71.9215 8.31412 7.21
      vertex 71.9215 5.68588 7.21
    endloop
  endfacet
  facet normal 0 0 -1
    outer loop
      vertex 71.7979 5.79792 7.21
      vertex 71.7979 8.20208 7.21
      vertex 71.9215 8.31412 7.21
    endloop
  endfacet
  facet normal 0 0 -1
    outer loop
      vertex 71.6859 5.92153 7.21
      vertex 71.7979 8.20208 7.21
      vertex 71.7979 5.79792 7.21
    endloop
  endfacet
  facet normal 0 0 -1
    outer loop
      vertex 71.6859 5.92153 7.21
      vertex 71.6859 8.07847 7.21
      vertex 71.7979 8.20208 7.21
    endloop
  endfacet
  facet normal 0 0 -1
    outer loop
      vertex 71.5865 6.05553 7.21
      vertex 71.6859 8.07847 7.21
      vertex 71.6859 5.92153 7.21
    endloop
  endfacet
  facet normal 0 0 -1
    outer loop
      vertex 71.5865 6.05553 7.21
      vertex 71.5865 7.94447 7.21
      vertex 71.6859 8.07847 7.21
    endloop
  endfacet
  facet normal 0 0 -1
    outer loop
      vertex 71.5007 6.19862 7.21
      vertex 71.5865 7.94447 7.21
      vertex 71.5865 6.05553 7.21
    endloop
  endfacet
  facet normal 0 0 -1
    outer loop
      vertex 71.5007 6.19862 7.21
      vertex 71.5007 7.80137 7.21
      vertex 71.5865 7.94447 7.21
    endloop
  endfacet
  facet normal 0 0 -1
    outer loop
      vertex 71.4294 6.34944 7.21
      vertex 71.5007 7.80137 7.21
      vertex 71.5007 6.19862 7.21
    endloop
  endfacet
  facet normal 0 0 -1
    outer loop
      vertex 71.4294 6.34944 7.21
      vertex 71.4294 7.65056 7.21
      vertex 71.5007 7.80137 7.21
    endloop
  endfacet
  facet normal 0 0 -1
    outer loop
      vertex 71.3732 6.50652 7.21
      vertex 71.4294 7.65056 7.21
      vertex 71.4294 6.34944 7.21
    endloop
  endfacet
  facet normal 0 0 -1
    outer loop
      vertex 71.3732 6.50652 7.21
      vertex 71.3732 7.49348 7.21
      vertex 71.4294 7.65056 7.21
    endloop
  endfacet
  facet normal 0 0 -1
    outer loop
      vertex 71.3327 6.66835 7.21
      vertex 71.3732 7.49348 7.21
      vertex 71.3732 6.50652 7.21
    endloop
  endfacet
  facet normal 0 0 -1
    outer loop
      vertex 71.3327 6.66835 7.21
      vertex 71.3327 7.33165 7.21
      vertex 71.3732 7.49348 7.21
    endloop
  endfacet
  facet normal 0 0 -1
    outer loop
      vertex 71.3082 6.83337 7.21
      vertex 71.3327 7.33165 7.21
      vertex 71.3327 6.66835 7.21
    endloop
  endfacet
  facet normal 0 0 -1
    outer loop
      vertex 71.3082 6.83337 7.21
      vertex 71.3082 7.16663 7.21
      vertex 71.3327 7.33165 7.21
    endloop
  endfacet
  facet normal 0 -0 -1
    outer loop
      vertex 71.3082 7.16663 7.21
      vertex 71.3082 6.83337 7.21
      vertex 71.3 7 7.21
    endloop
  endfacet
  facet normal 0.998791 -0.0491513 0
    outer loop
      vertex 71.3 7 7.21
      vertex 71.3082 7.16663 0
      vertex 71.3082 7.16663 7.21
    endloop
  endfacet
  facet normal 0.998791 -0.0491513 0
    outer loop
      vertex 71.3082 7.16663 0
      vertex 71.3 7 7.21
      vertex 71.3 7 0
    endloop
  endfacet
  facet normal 0.970083 -0.242775 0
    outer loop
      vertex 71.3327 7.33165 7.21
      vertex 71.3732 7.49348 0
      vertex 71.3732 7.49348 7.21
    endloop
  endfacet
  facet normal 0.970083 -0.242775 0
    outer loop
      vertex 71.3732 7.49348 0
      vertex 71.3327 7.33165 7.21
      vertex 71.3327 7.33165 0
    endloop
  endfacet
  facet normal 0.67161 -0.740905 0
    outer loop
      vertex 71.7979 8.20208 0
      vertex 71.9215 8.31412 7.21
      vertex 71.7979 8.20208 7.21
    endloop
  endfacet
  facet normal 0.67161 -0.740905 0
    outer loop
      vertex 71.9215 8.31412 7.21
      vertex 71.7979 8.20208 0
      vertex 71.9215 8.31412 0
    endloop
  endfacet
  facet normal 0.514099 -0.857731 0
    outer loop
      vertex 72.0555 8.4135 0
      vertex 72.1986 8.49927 7.21
      vertex 72.0555 8.4135 7.21
    endloop
  endfacet
  facet normal 0.514099 -0.857731 0
    outer loop
      vertex 72.1986 8.49927 7.21
      vertex 72.0555 8.4135 0
      vertex 72.1986 8.49927 0
    endloop
  endfacet
  facet normal -0.970083 0.242775 0
    outer loop
      vertex 74.6268 6.50652 0
      vertex 74.6673 6.66835 7.21
      vertex 74.6673 6.66835 0
    endloop
  endfacet
  facet normal -0.970083 0.242775 0
    outer loop
      vertex 74.6673 6.66835 7.21
      vertex 74.6268 6.50652 0
      vertex 74.6268 6.50652 7.21
    endloop
  endfacet
  facet normal -0.67161 0.740905 0
    outer loop
      vertex 74.2021 5.79792 0
      vertex 74.0785 5.68588 7.21
      vertex 74.2021 5.79792 7.21
    endloop
  endfacet
  facet normal -0.67161 0.740905 0
    outer loop
      vertex 74.0785 5.68588 7.21
      vertex 74.2021 5.79792 0
      vertex 74.0785 5.68588 0
    endloop
  endfacet
  facet normal -0.904065 0.427396 0
    outer loop
      vertex 74.4993 6.19862 0
      vertex 74.5706 6.34944 7.21
      vertex 74.5706 6.34944 0
    endloop
  endfacet
  facet normal -0.904065 0.427396 0
    outer loop
      vertex 74.5706 6.34944 7.21
      vertex 74.4993 6.19862 0
      vertex 74.4993 6.19862 7.21
    endloop
  endfacet
  facet normal -0.803154 0.595772 0
    outer loop
      vertex 74.3141 5.92153 0
      vertex 74.4135 6.05553 7.21
      vertex 74.4135 6.05553 0
    endloop
  endfacet
  facet normal -0.803154 0.595772 0
    outer loop
      vertex 74.4135 6.05553 7.21
      vertex 74.3141 5.92153 0
      vertex 74.3141 5.92153 7.21
    endloop
  endfacet
  facet normal -0.0491004 0.998794 0
    outer loop
      vertex 73.1666 5.30819 0
      vertex 73 5.3 7.21
      vertex 73.1666 5.30819 7.21
    endloop
  endfacet
  facet normal -0.0491004 0.998794 0
    outer loop
      vertex 73 5.3 7.21
      vertex 73.1666 5.30819 0
      vertex 73 5.3 0
    endloop
  endfacet
  facet normal 0.33683 0.941566 -0
    outer loop
      vertex 72.5065 5.3732 0
      vertex 72.3494 5.4294 7.21
      vertex 72.5065 5.3732 7.21
    endloop
  endfacet
  facet normal 0.33683 0.941566 0
    outer loop
      vertex 72.3494 5.4294 7.21
      vertex 72.5065 5.3732 0
      vertex 72.3494 5.4294 0
    endloop
  endfacet
  facet normal 0.67161 0.740905 -0
    outer loop
      vertex 71.9215 5.68588 0
      vertex 71.7979 5.79792 7.21
      vertex 71.9215 5.68588 7.21
    endloop
  endfacet
  facet normal 0.67161 0.740905 0
    outer loop
      vertex 71.7979 5.79792 7.21
      vertex 71.9215 5.68588 0
      vertex 71.7979 5.79792 0
    endloop
  endfacet
  facet normal 0.857636 0.514258 0
    outer loop
      vertex 71.5865 6.05553 7.21
      vertex 71.5007 6.19862 0
      vertex 71.5007 6.19862 7.21
    endloop
  endfacet
  facet normal 0.857636 0.514258 0
    outer loop
      vertex 71.5007 6.19862 0
      vertex 71.5865 6.05553 7.21
      vertex 71.5865 6.05553 0
    endloop
  endfacet
  facet normal 0.941552 0.336868 0
    outer loop
      vertex 71.4294 6.34944 7.21
      vertex 71.3732 6.50652 0
      vertex 71.3732 6.50652 7.21
    endloop
  endfacet
  facet normal 0.941552 0.336868 0
    outer loop
      vertex 71.3732 6.50652 0
      vertex 71.4294 6.34944 7.21
      vertex 71.4294 6.34944 0
    endloop
  endfacet
  facet normal 0.989158 0.146857 0
    outer loop
      vertex 71.3327 6.66835 7.21
      vertex 71.3082 6.83337 0
      vertex 71.3082 6.83337 7.21
    endloop
  endfacet
  facet normal 0.989158 0.146857 0
    outer loop
      vertex 71.3082 6.83337 0
      vertex 71.3327 6.66835 7.21
      vertex 71.3327 6.66835 0
    endloop
  endfacet
  facet normal -0.989158 0.146857 0
    outer loop
      vertex 74.6673 6.66835 0
      vertex 74.6918 6.83337 7.21
      vertex 74.6918 6.83337 0
    endloop
  endfacet
  facet normal -0.989158 0.146857 0
    outer loop
      vertex 74.6918 6.83337 7.21
      vertex 74.6673 6.66835 0
      vertex 74.6673 6.66835 7.21
    endloop
  endfacet
  facet normal -0.941552 0.336868 0
    outer loop
      vertex 74.5706 6.34944 0
      vertex 74.6268 6.50652 7.21
      vertex 74.6268 6.50652 0
    endloop
  endfacet
  facet normal -0.941552 0.336868 0
    outer loop
      vertex 74.6268 6.50652 7.21
      vertex 74.5706 6.34944 0
      vertex 74.5706 6.34944 7.21
    endloop
  endfacet
  facet normal 0.0491004 0.998794 -0
    outer loop
      vertex 73 5.3 0
      vertex 72.8334 5.30819 7.21
      vertex 73 5.3 7.21
    endloop
  endfacet
  facet normal 0.0491004 0.998794 0
    outer loop
      vertex 72.8334 5.30819 7.21
      vertex 73 5.3 0
      vertex 72.8334 5.30819 0
    endloop
  endfacet
  facet normal 0.242902 0.970051 -0
    outer loop
      vertex 72.6684 5.33266 0
      vertex 72.5065 5.3732 7.21
      vertex 72.6684 5.33266 7.21
    endloop
  endfacet
  facet normal 0.242902 0.970051 0
    outer loop
      vertex 72.5065 5.3732 7.21
      vertex 72.6684 5.33266 0
      vertex 72.5065 5.3732 0
    endloop
  endfacet
  facet normal 0.595695 0.803211 -0
    outer loop
      vertex 72.0555 5.5865 0
      vertex 71.9215 5.68588 7.21
      vertex 72.0555 5.5865 7.21
    endloop
  endfacet
  facet normal 0.595695 0.803211 0
    outer loop
      vertex 71.9215 5.68588 7.21
      vertex 72.0555 5.5865 0
      vertex 71.9215 5.68588 0
    endloop
  endfacet
  facet normal 0.427589 0.903973 -0
    outer loop
      vertex 72.3494 5.4294 0
      vertex 72.1986 5.50073 7.21
      vertex 72.3494 5.4294 7.21
    endloop
  endfacet
  facet normal 0.427589 0.903973 0
    outer loop
      vertex 72.1986 5.50073 7.21
      vertex 72.3494 5.4294 0
      vertex 72.1986 5.50073 0
    endloop
  endfacet
  facet normal 0.803154 0.595772 0
    outer loop
      vertex 71.6859 5.92153 7.21
      vertex 71.5865 6.05553 0
      vertex 71.5865 6.05553 7.21
    endloop
  endfacet
  facet normal 0.803154 0.595772 0
    outer loop
      vertex 71.5865 6.05553 0
      vertex 71.6859 5.92153 7.21
      vertex 71.6859 5.92153 0
    endloop
  endfacet
  facet normal 0.970083 0.242775 0
    outer loop
      vertex 71.3732 6.50652 7.21
      vertex 71.3327 6.66835 0
      vertex 71.3327 6.66835 7.21
    endloop
  endfacet
  facet normal 0.970083 0.242775 0
    outer loop
      vertex 71.3327 6.66835 0
      vertex 71.3732 6.50652 7.21
      vertex 71.3732 6.50652 0
    endloop
  endfacet
  facet normal -0.242902 0.970051 0
    outer loop
      vertex 73.4935 5.3732 0
      vertex 73.3316 5.33266 7.21
      vertex 73.4935 5.3732 7.21
    endloop
  endfacet
  facet normal -0.242902 0.970051 0
    outer loop
      vertex 73.3316 5.33266 7.21
      vertex 73.4935 5.3732 0
      vertex 73.3316 5.33266 0
    endloop
  endfacet
  facet normal -0.33683 0.941566 0
    outer loop
      vertex 73.6506 5.4294 0
      vertex 73.4935 5.3732 7.21
      vertex 73.6506 5.4294 7.21
    endloop
  endfacet
  facet normal -0.33683 0.941566 0
    outer loop
      vertex 73.4935 5.3732 7.21
      vertex 73.6506 5.4294 0
      vertex 73.4935 5.3732 0
    endloop
  endfacet
  facet normal -0.595695 0.803211 0
    outer loop
      vertex 74.0785 5.68588 0
      vertex 73.9445 5.5865 7.21
      vertex 74.0785 5.68588 7.21
    endloop
  endfacet
  facet normal -0.595695 0.803211 0
    outer loop
      vertex 73.9445 5.5865 7.21
      vertex 74.0785 5.68588 0
      vertex 73.9445 5.5865 0
    endloop
  endfacet
  facet normal -0.741051 0.671448 0
    outer loop
      vertex 74.2021 5.79792 0
      vertex 74.3141 5.92153 7.21
      vertex 74.3141 5.92153 0
    endloop
  endfacet
  facet normal -0.741051 0.671448 0
    outer loop
      vertex 74.3141 5.92153 7.21
      vertex 74.2021 5.79792 0
      vertex 74.2021 5.79792 7.21
    endloop
  endfacet
  facet normal 0.146699 0.989181 -0
    outer loop
      vertex 72.8334 5.30819 0
      vertex 72.6684 5.33266 7.21
      vertex 72.8334 5.30819 7.21
    endloop
  endfacet
  facet normal 0.146699 0.989181 0
    outer loop
      vertex 72.6684 5.33266 7.21
      vertex 72.8334 5.30819 0
      vertex 72.6684 5.33266 0
    endloop
  endfacet
  facet normal 0.514099 0.857731 -0
    outer loop
      vertex 72.1986 5.50073 0
      vertex 72.0555 5.5865 7.21
      vertex 72.1986 5.50073 7.21
    endloop
  endfacet
  facet normal 0.514099 0.857731 0
    outer loop
      vertex 72.0555 5.5865 7.21
      vertex 72.1986 5.50073 0
      vertex 72.0555 5.5865 0
    endloop
  endfacet
  facet normal -0.998791 -0.0491602 0
    outer loop
      vertex 74.7 43 0
      vertex 74.6918 43.1666 7.21
      vertex 74.6918 43.1666 0
    endloop
  endfacet
  facet normal -0.998791 -0.0491602 0
    outer loop
      vertex 74.6918 43.1666 7.21
      vertex 74.7 43 0
      vertex 74.7 43 7.21
    endloop
  endfacet
  facet normal 0.0491602 -0.998791 0
    outer loop
      vertex 72.8334 44.6918 0
      vertex 73 44.7 7.21
      vertex 72.8334 44.6918 7.21
    endloop
  endfacet
  facet normal 0.0491602 -0.998791 0
    outer loop
      vertex 73 44.7 7.21
      vertex 72.8334 44.6918 0
      vertex 73 44.7 0
    endloop
  endfacet
  facet normal -0.0491602 0.998791 0
    outer loop
      vertex 73.1666 41.3082 0
      vertex 73 41.3 7.21
      vertex 73.1666 41.3082 7.21
    endloop
  endfacet
  facet normal -0.0491602 0.998791 0
    outer loop
      vertex 73 41.3 7.21
      vertex 73.1666 41.3082 0
      vertex 73 41.3 0
    endloop
  endfacet
  facet normal -0.671478 -0.741024 0
    outer loop
      vertex 74.0785 44.3141 0
      vertex 74.2021 44.2021 7.21
      vertex 74.0785 44.3141 7.21
    endloop
  endfacet
  facet normal -0.671478 -0.741024 -0
    outer loop
      vertex 74.2021 44.2021 7.21
      vertex 74.0785 44.3141 0
      vertex 74.2021 44.2021 0
    endloop
  endfacet
  facet normal 0.741024 -0.671478 0
    outer loop
      vertex 71.6859 44.0785 7.21
      vertex 71.7979 44.2021 0
      vertex 71.7979 44.2021 7.21
    endloop
  endfacet
  facet normal 0.741024 -0.671478 0
    outer loop
      vertex 71.7979 44.2021 0
      vertex 71.6859 44.0785 7.21
      vertex 71.6859 44.0785 0
    endloop
  endfacet
  facet normal 0.427442 -0.904043 0
    outer loop
      vertex 72.1986 44.4993 0
      vertex 72.3494 44.5706 7.21
      vertex 72.1986 44.4993 7.21
    endloop
  endfacet
  facet normal 0.427442 -0.904043 0
    outer loop
      vertex 72.3494 44.5706 7.21
      vertex 72.1986 44.4993 0
      vertex 72.3494 44.5706 0
    endloop
  endfacet
  facet normal -0.904043 -0.427442 0
    outer loop
      vertex 74.5706 43.6506 0
      vertex 74.4993 43.8014 7.21
      vertex 74.4993 43.8014 0
    endloop
  endfacet
  facet normal -0.904043 -0.427442 0
    outer loop
      vertex 74.4993 43.8014 7.21
      vertex 74.5706 43.6506 0
      vertex 74.5706 43.6506 7.21
    endloop
  endfacet
  facet normal -0.33683 -0.941566 0
    outer loop
      vertex 73.4935 44.6268 0
      vertex 73.6506 44.5706 7.21
      vertex 73.4935 44.6268 7.21
    endloop
  endfacet
  facet normal -0.33683 -0.941566 -0
    outer loop
      vertex 73.6506 44.5706 7.21
      vertex 73.4935 44.6268 0
      vertex 73.6506 44.5706 0
    endloop
  endfacet
  facet normal -0.514231 -0.857652 0
    outer loop
      vertex 73.8014 44.4993 0
      vertex 73.9445 44.4135 7.21
      vertex 73.8014 44.4993 7.21
    endloop
  endfacet
  facet normal -0.514231 -0.857652 -0
    outer loop
      vertex 73.9445 44.4135 7.21
      vertex 73.8014 44.4993 0
      vertex 73.9445 44.4135 0
    endloop
  endfacet
  facet normal 0.904043 -0.427442 0
    outer loop
      vertex 71.4294 43.6506 7.21
      vertex 71.5007 43.8014 0
      vertex 71.5007 43.8014 7.21
    endloop
  endfacet
  facet normal 0.904043 -0.427442 0
    outer loop
      vertex 71.5007 43.8014 0
      vertex 71.4294 43.6506 7.21
      vertex 71.4294 43.6506 0
    endloop
  endfacet
  facet normal 0.857652 -0.514231 0
    outer loop
      vertex 71.5007 43.8014 7.21
      vertex 71.5865 43.9445 0
      vertex 71.5865 43.9445 7.21
    endloop
  endfacet
  facet normal 0.857652 -0.514231 0
    outer loop
      vertex 71.5865 43.9445 0
      vertex 71.5007 43.8014 7.21
      vertex 71.5007 43.8014 0
    endloop
  endfacet
  facet normal 0.242677 -0.970107 0
    outer loop
      vertex 72.5065 44.6268 0
      vertex 72.6684 44.6673 7.21
      vertex 72.5065 44.6268 7.21
    endloop
  endfacet
  facet normal 0.242677 -0.970107 0
    outer loop
      vertex 72.6684 44.6673 7.21
      vertex 72.5065 44.6268 0
      vertex 72.6684 44.6673 0
    endloop
  endfacet
  facet normal -0.146875 0.989155 0
    outer loop
      vertex 73.3316 41.3327 0
      vertex 73.1666 41.3082 7.21
      vertex 73.3316 41.3327 7.21
    endloop
  endfacet
  facet normal -0.146875 0.989155 0
    outer loop
      vertex 73.1666 41.3082 7.21
      vertex 73.3316 41.3327 0
      vertex 73.1666 41.3082 0
    endloop
  endfacet
  facet normal -0.970072 -0.242818 0
    outer loop
      vertex 74.6673 43.3317 0
      vertex 74.6268 43.4935 7.21
      vertex 74.6268 43.4935 0
    endloop
  endfacet
  facet normal -0.970072 -0.242818 0
    outer loop
      vertex 74.6268 43.4935 7.21
      vertex 74.6673 43.3317 0
      vertex 74.6673 43.3317 7.21
    endloop
  endfacet
  facet normal -0.989168 -0.146788 0
    outer loop
      vertex 74.6918 43.1666 0
      vertex 74.6673 43.3317 7.21
      vertex 74.6673 43.3317 0
    endloop
  endfacet
  facet normal -0.989168 -0.146788 0
    outer loop
      vertex 74.6673 43.3317 7.21
      vertex 74.6918 43.1666 0
      vertex 74.6918 43.1666 7.21
    endloop
  endfacet
  facet normal -0.941566 -0.33683 0
    outer loop
      vertex 74.6268 43.4935 0
      vertex 74.5706 43.6506 7.21
      vertex 74.5706 43.6506 0
    endloop
  endfacet
  facet normal -0.941566 -0.33683 0
    outer loop
      vertex 74.5706 43.6506 7.21
      vertex 74.6268 43.4935 0
      vertex 74.6268 43.4935 7.21
    endloop
  endfacet
  facet normal -0.803154 -0.595772 0
    outer loop
      vertex 74.4135 43.9445 0
      vertex 74.3141 44.0785 7.21
      vertex 74.3141 44.0785 0
    endloop
  endfacet
  facet normal -0.803154 -0.595772 0
    outer loop
      vertex 74.3141 44.0785 7.21
      vertex 74.4135 43.9445 0
      vertex 74.4135 43.9445 7.21
    endloop
  endfacet
  facet normal -0.741024 -0.671478 0
    outer loop
      vertex 74.3141 44.0785 0
      vertex 74.2021 44.2021 7.21
      vertex 74.2021 44.2021 0
    endloop
  endfacet
  facet normal -0.741024 -0.671478 0
    outer loop
      vertex 74.2021 44.2021 7.21
      vertex 74.3141 44.0785 0
      vertex 74.3141 44.0785 7.21
    endloop
  endfacet
  facet normal -0.146875 -0.989155 0
    outer loop
      vertex 73.1666 44.6918 0
      vertex 73.3316 44.6673 7.21
      vertex 73.1666 44.6918 7.21
    endloop
  endfacet
  facet normal -0.146875 -0.989155 -0
    outer loop
      vertex 73.3316 44.6673 7.21
      vertex 73.1666 44.6918 0
      vertex 73.3316 44.6673 0
    endloop
  endfacet
  facet normal -0.0491602 -0.998791 0
    outer loop
      vertex 73 44.7 0
      vertex 73.1666 44.6918 7.21
      vertex 73 44.7 7.21
    endloop
  endfacet
  facet normal -0.0491602 -0.998791 -0
    outer loop
      vertex 73.1666 44.6918 7.21
      vertex 73 44.7 0
      vertex 73.1666 44.6918 0
    endloop
  endfacet
  facet normal -0.427442 -0.904043 0
    outer loop
      vertex 73.6506 44.5706 0
      vertex 73.8014 44.4993 7.21
      vertex 73.6506 44.5706 7.21
    endloop
  endfacet
  facet normal -0.427442 -0.904043 -0
    outer loop
      vertex 73.8014 44.4993 7.21
      vertex 73.6506 44.5706 0
      vertex 73.8014 44.4993 0
    endloop
  endfacet
  facet normal -0.595772 -0.803154 0
    outer loop
      vertex 73.9445 44.4135 0
      vertex 74.0785 44.3141 7.21
      vertex 73.9445 44.4135 7.21
    endloop
  endfacet
  facet normal -0.595772 -0.803154 -0
    outer loop
      vertex 74.0785 44.3141 7.21
      vertex 73.9445 44.4135 0
      vertex 74.0785 44.3141 0
    endloop
  endfacet
  facet normal 0.989168 -0.146788 0
    outer loop
      vertex 71.3082 43.1666 7.21
      vertex 71.3327 43.3317 0
      vertex 71.3327 43.3317 7.21
    endloop
  endfacet
  facet normal 0.989168 -0.146788 0
    outer loop
      vertex 71.3327 43.3317 0
      vertex 71.3082 43.1666 7.21
      vertex 71.3082 43.1666 0
    endloop
  endfacet
  facet normal 0.803154 -0.595772 0
    outer loop
      vertex 71.5865 43.9445 7.21
      vertex 71.6859 44.0785 0
      vertex 71.6859 44.0785 7.21
    endloop
  endfacet
  facet normal 0.803154 -0.595772 0
    outer loop
      vertex 71.6859 44.0785 0
      vertex 71.5865 43.9445 7.21
      vertex 71.5865 43.9445 0
    endloop
  endfacet
  facet normal 0.941566 -0.33683 0
    outer loop
      vertex 71.3732 43.4935 7.21
      vertex 71.4294 43.6506 0
      vertex 71.4294 43.6506 7.21
    endloop
  endfacet
  facet normal 0.941566 -0.33683 0
    outer loop
      vertex 71.4294 43.6506 0
      vertex 71.3732 43.4935 7.21
      vertex 71.3732 43.4935 0
    endloop
  endfacet
  facet normal 0.970072 -0.242818 0
    outer loop
      vertex 71.3327 43.3317 7.21
      vertex 71.3732 43.4935 0
      vertex 71.3732 43.4935 7.21
    endloop
  endfacet
  facet normal 0.970072 -0.242818 0
    outer loop
      vertex 71.3732 43.4935 0
      vertex 71.3327 43.3317 7.21
      vertex 71.3327 43.3317 0
    endloop
  endfacet
  facet normal 0.998791 -0.0491602 0
    outer loop
      vertex 71.3 43 7.21
      vertex 71.3082 43.1666 0
      vertex 71.3082 43.1666 7.21
    endloop
  endfacet
  facet normal 0.998791 -0.0491602 0
    outer loop
      vertex 71.3082 43.1666 0
      vertex 71.3 43 7.21
      vertex 71.3 43 0
    endloop
  endfacet
  facet normal 0 0 -1
    outer loop
      vertex 74.6918 42.8334 7.21
      vertex 74.6918 43.1666 7.21
      vertex 74.7 43 7.21
    endloop
  endfacet
  facet normal 0 0 -1
    outer loop
      vertex 74.6673 42.6683 7.21
      vertex 74.6918 43.1666 7.21
      vertex 74.6918 42.8334 7.21
    endloop
  endfacet
  facet normal 0 0 -1
    outer loop
      vertex 74.6673 42.6683 7.21
      vertex 74.6673 43.3317 7.21
      vertex 74.6918 43.1666 7.21
    endloop
  endfacet
  facet normal 0 0 -1
    outer loop
      vertex 74.6268 42.5065 7.21
      vertex 74.6673 43.3317 7.21
      vertex 74.6673 42.6683 7.21
    endloop
  endfacet
  facet normal 0 0 -1
    outer loop
      vertex 74.6268 42.5065 7.21
      vertex 74.6268 43.4935 7.21
      vertex 74.6673 43.3317 7.21
    endloop
  endfacet
  facet normal 0 0 -1
    outer loop
      vertex 74.5706 42.3494 7.21
      vertex 74.6268 43.4935 7.21
      vertex 74.6268 42.5065 7.21
    endloop
  endfacet
  facet normal 0 0 -1
    outer loop
      vertex 74.5706 42.3494 7.21
      vertex 74.5706 43.6506 7.21
      vertex 74.6268 43.4935 7.21
    endloop
  endfacet
  facet normal 0 0 -1
    outer loop
      vertex 74.4993 42.1986 7.21
      vertex 74.5706 43.6506 7.21
      vertex 74.5706 42.3494 7.21
    endloop
  endfacet
  facet normal 0 0 -1
    outer loop
      vertex 74.4993 42.1986 7.21
      vertex 74.4993 43.8014 7.21
      vertex 74.5706 43.6506 7.21
    endloop
  endfacet
  facet normal 0 0 -1
    outer loop
      vertex 74.4135 42.0555 7.21
      vertex 74.4993 43.8014 7.21
      vertex 74.4993 42.1986 7.21
    endloop
  endfacet
  facet normal 0 0 -1
    outer loop
      vertex 74.4135 42.0555 7.21
      vertex 74.4135 43.9445 7.21
      vertex 74.4993 43.8014 7.21
    endloop
  endfacet
  facet normal 0 0 -1
    outer loop
      vertex 74.3141 41.9215 7.21
      vertex 74.4135 43.9445 7.21
      vertex 74.4135 42.0555 7.21
    endloop
  endfacet
  facet normal 0 0 -1
    outer loop
      vertex 74.3141 41.9215 7.21
      vertex 74.3141 44.0785 7.21
      vertex 74.4135 43.9445 7.21
    endloop
  endfacet
  facet normal 0 0 -1
    outer loop
      vertex 74.2021 41.7979 7.21
      vertex 74.3141 44.0785 7.21
      vertex 74.3141 41.9215 7.21
    endloop
  endfacet
  facet normal 0 0 -1
    outer loop
      vertex 74.2021 41.7979 7.21
      vertex 74.2021 44.2021 7.21
      vertex 74.3141 44.0785 7.21
    endloop
  endfacet
  facet normal 0 0 -1
    outer loop
      vertex 74.0785 41.6859 7.21
      vertex 74.2021 44.2021 7.21
      vertex 74.2021 41.7979 7.21
    endloop
  endfacet
  facet normal 0 0 -1
    outer loop
      vertex 74.0785 41.6859 7.21
      vertex 74.0785 44.3141 7.21
      vertex 74.2021 44.2021 7.21
    endloop
  endfacet
  facet normal 0 0 -1
    outer loop
      vertex 73.9445 41.5865 7.21
      vertex 74.0785 44.3141 7.21
      vertex 74.0785 41.6859 7.21
    endloop
  endfacet
  facet normal 0 0 -1
    outer loop
      vertex 73.9445 41.5865 7.21
      vertex 73.9445 44.4135 7.21
      vertex 74.0785 44.3141 7.21
    endloop
  endfacet
  facet normal 0 0 -1
    outer loop
      vertex 73.8014 41.5007 7.21
      vertex 73.9445 44.4135 7.21
      vertex 73.9445 41.5865 7.21
    endloop
  endfacet
  facet normal 0 0 -1
    outer loop
      vertex 73.8014 41.5007 7.21
      vertex 73.8014 44.4993 7.21
      vertex 73.9445 44.4135 7.21
    endloop
  endfacet
  facet normal 0 0 -1
    outer loop
      vertex 73.6506 41.4294 7.21
      vertex 73.8014 44.4993 7.21
      vertex 73.8014 41.5007 7.21
    endloop
  endfacet
  facet normal 0 0 -1
    outer loop
      vertex 73.6506 41.4294 7.21
      vertex 73.6506 44.5706 7.21
      vertex 73.8014 44.4993 7.21
    endloop
  endfacet
  facet normal 0 0 -1
    outer loop
      vertex 73.4935 41.3732 7.21
      vertex 73.6506 44.5706 7.21
      vertex 73.6506 41.4294 7.21
    endloop
  endfacet
  facet normal 0 0 -1
    outer loop
      vertex 73.4935 41.3732 7.21
      vertex 73.4935 44.6268 7.21
      vertex 73.6506 44.5706 7.21
    endloop
  endfacet
  facet normal 0 0 -1
    outer loop
      vertex 73.3316 41.3327 7.21
      vertex 73.4935 44.6268 7.21
      vertex 73.4935 41.3732 7.21
    endloop
  endfacet
  facet normal 0 0 -1
    outer loop
      vertex 73.3316 41.3327 7.21
      vertex 73.3316 44.6673 7.21
      vertex 73.4935 44.6268 7.21
    endloop
  endfacet
  facet normal 0 0 -1
    outer loop
      vertex 73.1666 41.3082 7.21
      vertex 73.3316 44.6673 7.21
      vertex 73.3316 41.3327 7.21
    endloop
  endfacet
  facet normal 0 0 -1
    outer loop
      vertex 73.1666 41.3082 7.21
      vertex 73.1666 44.6918 7.21
      vertex 73.3316 44.6673 7.21
    endloop
  endfacet
  facet normal 0 0 -1
    outer loop
      vertex 73 41.3 7.21
      vertex 73.1666 44.6918 7.21
      vertex 73.1666 41.3082 7.21
    endloop
  endfacet
  facet normal 0 0 -1
    outer loop
      vertex 73 41.3 7.21
      vertex 73 44.7 7.21
      vertex 73.1666 44.6918 7.21
    endloop
  endfacet
  facet normal 0 0 -1
    outer loop
      vertex 72.8334 41.3082 7.21
      vertex 73 44.7 7.21
      vertex 73 41.3 7.21
    endloop
  endfacet
  facet normal 0 0 -1
    outer loop
      vertex 72.8334 41.3082 7.21
      vertex 72.8334 44.6918 7.21
      vertex 73 44.7 7.21
    endloop
  endfacet
  facet normal 0 0 -1
    outer loop
      vertex 72.6684 41.3327 7.21
      vertex 72.8334 44.6918 7.21
      vertex 72.8334 41.3082 7.21
    endloop
  endfacet
  facet normal 0 0 -1
    outer loop
      vertex 72.6684 41.3327 7.21
      vertex 72.6684 44.6673 7.21
      vertex 72.8334 44.6918 7.21
    endloop
  endfacet
  facet normal 0 0 -1
    outer loop
      vertex 72.5065 41.3732 7.21
      vertex 72.6684 44.6673 7.21
      vertex 72.6684 41.3327 7.21
    endloop
  endfacet
  facet normal 0 0 -1
    outer loop
      vertex 72.5065 41.3732 7.21
      vertex 72.5065 44.6268 7.21
      vertex 72.6684 44.6673 7.21
    endloop
  endfacet
  facet normal 0 0 -1
    outer loop
      vertex 72.3494 41.4294 7.21
      vertex 72.5065 44.6268 7.21
      vertex 72.5065 41.3732 7.21
    endloop
  endfacet
  facet normal 0 0 -1
    outer loop
      vertex 72.3494 41.4294 7.21
      vertex 72.3494 44.5706 7.21
      vertex 72.5065 44.6268 7.21
    endloop
  endfacet
  facet normal 0 0 -1
    outer loop
      vertex 72.1986 41.5007 7.21
      vertex 72.3494 44.5706 7.21
      vertex 72.3494 41.4294 7.21
    endloop
  endfacet
  facet normal 0 0 -1
    outer loop
      vertex 72.1986 41.5007 7.21
      vertex 72.1986 44.4993 7.21
      vertex 72.3494 44.5706 7.21
    endloop
  endfacet
  facet normal 0 0 -1
    outer loop
      vertex 72.0555 41.5865 7.21
      vertex 72.1986 44.4993 7.21
      vertex 72.1986 41.5007 7.21
    endloop
  endfacet
  facet normal 0 0 -1
    outer loop
      vertex 72.0555 41.5865 7.21
      vertex 72.0555 44.4135 7.21
      vertex 72.1986 44.4993 7.21
    endloop
  endfacet
  facet normal 0 0 -1
    outer loop
      vertex 71.9215 41.6859 7.21
      vertex 72.0555 44.4135 7.21
      vertex 72.0555 41.5865 7.21
    endloop
  endfacet
  facet normal 0 0 -1
    outer loop
      vertex 71.9215 41.6859 7.21
      vertex 71.9215 44.3141 7.21
      vertex 72.0555 44.4135 7.21
    endloop
  endfacet
  facet normal 0 0 -1
    outer loop
      vertex 71.7979 41.7979 7.21
      vertex 71.9215 44.3141 7.21
      vertex 71.9215 41.6859 7.21
    endloop
  endfacet
  facet normal 0 0 -1
    outer loop
      vertex 71.7979 41.7979 7.21
      vertex 71.7979 44.2021 7.21
      vertex 71.9215 44.3141 7.21
    endloop
  endfacet
  facet normal 0 0 -1
    outer loop
      vertex 71.6859 41.9215 7.21
      vertex 71.7979 44.2021 7.21
      vertex 71.7979 41.7979 7.21
    endloop
  endfacet
  facet normal 0 0 -1
    outer loop
      vertex 71.6859 41.9215 7.21
      vertex 71.6859 44.0785 7.21
      vertex 71.7979 44.2021 7.21
    endloop
  endfacet
  facet normal 0 0 -1
    outer loop
      vertex 71.5865 42.0555 7.21
      vertex 71.6859 44.0785 7.21
      vertex 71.6859 41.9215 7.21
    endloop
  endfacet
  facet normal 0 0 -1
    outer loop
      vertex 71.5865 42.0555 7.21
      vertex 71.5865 43.9445 7.21
      vertex 71.6859 44.0785 7.21
    endloop
  endfacet
  facet normal 0 0 -1
    outer loop
      vertex 71.5007 42.1986 7.21
      vertex 71.5865 43.9445 7.21
      vertex 71.5865 42.0555 7.21
    endloop
  endfacet
  facet normal 0 0 -1
    outer loop
      vertex 71.5007 42.1986 7.21
      vertex 71.5007 43.8014 7.21
      vertex 71.5865 43.9445 7.21
    endloop
  endfacet
  facet normal 0 0 -1
    outer loop
      vertex 71.4294 42.3494 7.21
      vertex 71.5007 43.8014 7.21
      vertex 71.5007 42.1986 7.21
    endloop
  endfacet
  facet normal 0 0 -1
    outer loop
      vertex 71.4294 42.3494 7.21
      vertex 71.4294 43.6506 7.21
      vertex 71.5007 43.8014 7.21
    endloop
  endfacet
  facet normal 0 0 -1
    outer loop
      vertex 71.3732 42.5065 7.21
      vertex 71.4294 43.6506 7.21
      vertex 71.4294 42.3494 7.21
    endloop
  endfacet
  facet normal 0 0 -1
    outer loop
      vertex 71.3732 42.5065 7.21
      vertex 71.3732 43.4935 7.21
      vertex 71.4294 43.6506 7.21
    endloop
  endfacet
  facet normal 0 0 -1
    outer loop
      vertex 71.3327 42.6683 7.21
      vertex 71.3732 43.4935 7.21
      vertex 71.3732 42.5065 7.21
    endloop
  endfacet
  facet normal 0 0 -1
    outer loop
      vertex 71.3327 42.6683 7.21
      vertex 71.3327 43.3317 7.21
      vertex 71.3732 43.4935 7.21
    endloop
  endfacet
  facet normal 0 0 -1
    outer loop
      vertex 71.3082 42.8334 7.21
      vertex 71.3327 43.3317 7.21
      vertex 71.3327 42.6683 7.21
    endloop
  endfacet
  facet normal 0 0 -1
    outer loop
      vertex 71.3082 42.8334 7.21
      vertex 71.3082 43.1666 7.21
      vertex 71.3327 43.3317 7.21
    endloop
  endfacet
  facet normal 0 -0 -1
    outer loop
      vertex 71.3082 43.1666 7.21
      vertex 71.3082 42.8334 7.21
      vertex 71.3 43 7.21
    endloop
  endfacet
  facet normal 0.514231 -0.857652 0
    outer loop
      vertex 72.0555 44.4135 0
      vertex 72.1986 44.4993 7.21
      vertex 72.0555 44.4135 7.21
    endloop
  endfacet
  facet normal 0.514231 -0.857652 0
    outer loop
      vertex 72.1986 44.4993 7.21
      vertex 72.0555 44.4135 0
      vertex 72.1986 44.4993 0
    endloop
  endfacet
  facet normal 0.595772 -0.803154 0
    outer loop
      vertex 71.9215 44.3141 0
      vertex 72.0555 44.4135 7.21
      vertex 71.9215 44.3141 7.21
    endloop
  endfacet
  facet normal 0.595772 -0.803154 0
    outer loop
      vertex 72.0555 44.4135 7.21
      vertex 71.9215 44.3141 0
      vertex 72.0555 44.4135 0
    endloop
  endfacet
  facet normal 0.671478 -0.741024 0
    outer loop
      vertex 71.7979 44.2021 0
      vertex 71.9215 44.3141 7.21
      vertex 71.7979 44.2021 7.21
    endloop
  endfacet
  facet normal 0.671478 -0.741024 0
    outer loop
      vertex 71.9215 44.3141 7.21
      vertex 71.7979 44.2021 0
      vertex 71.9215 44.3141 0
    endloop
  endfacet
  facet normal 0.33683 -0.941566 0
    outer loop
      vertex 72.3494 44.5706 0
      vertex 72.5065 44.6268 7.21
      vertex 72.3494 44.5706 7.21
    endloop
  endfacet
  facet normal 0.33683 -0.941566 0
    outer loop
      vertex 72.5065 44.6268 7.21
      vertex 72.3494 44.5706 0
      vertex 72.5065 44.6268 0
    endloop
  endfacet
  facet normal 0.146875 -0.989155 0
    outer loop
      vertex 72.6684 44.6673 0
      vertex 72.8334 44.6918 7.21
      vertex 72.6684 44.6673 7.21
    endloop
  endfacet
  facet normal 0.146875 -0.989155 0
    outer loop
      vertex 72.8334 44.6918 7.21
      vertex 72.6684 44.6673 0
      vertex 72.8334 44.6918 0
    endloop
  endfacet
  facet normal -0.998791 0.0491602 0
    outer loop
      vertex 74.6918 42.8334 0
      vertex 74.7 43 7.21
      vertex 74.7 43 0
    endloop
  endfacet
  facet normal -0.998791 0.0491602 0
    outer loop
      vertex 74.7 43 7.21
      vertex 74.6918 42.8334 0
      vertex 74.6918 42.8334 7.21
    endloop
  endfacet
  facet normal -0.741024 0.671478 0
    outer loop
      vertex 74.2021 41.7979 0
      vertex 74.3141 41.9215 7.21
      vertex 74.3141 41.9215 0
    endloop
  endfacet
  facet normal -0.741024 0.671478 0
    outer loop
      vertex 74.3141 41.9215 7.21
      vertex 74.2021 41.7979 0
      vertex 74.2021 41.7979 7.21
    endloop
  endfacet
  facet normal 0.33683 0.941566 -0
    outer loop
      vertex 72.5065 41.3732 0
      vertex 72.3494 41.4294 7.21
      vertex 72.5065 41.3732 7.21
    endloop
  endfacet
  facet normal 0.33683 0.941566 0
    outer loop
      vertex 72.3494 41.4294 7.21
      vertex 72.5065 41.3732 0
      vertex 72.3494 41.4294 0
    endloop
  endfacet
  facet normal 0.741024 0.671478 0
    outer loop
      vertex 71.7979 41.7979 7.21
      vertex 71.6859 41.9215 0
      vertex 71.6859 41.9215 7.21
    endloop
  endfacet
  facet normal 0.741024 0.671478 0
    outer loop
      vertex 71.6859 41.9215 0
      vertex 71.7979 41.7979 7.21
      vertex 71.7979 41.7979 0
    endloop
  endfacet
  facet normal -0.427442 0.904043 0
    outer loop
      vertex 73.8014 41.5007 0
      vertex 73.6506 41.4294 7.21
      vertex 73.8014 41.5007 7.21
    endloop
  endfacet
  facet normal -0.427442 0.904043 0
    outer loop
      vertex 73.6506 41.4294 7.21
      vertex 73.8014 41.5007 0
      vertex 73.6506 41.4294 0
    endloop
  endfacet
  facet normal -0.857652 -0.514231 0
    outer loop
      vertex 74.4993 43.8014 0
      vertex 74.4135 43.9445 7.21
      vertex 74.4135 43.9445 0
    endloop
  endfacet
  facet normal -0.857652 -0.514231 0
    outer loop
      vertex 74.4135 43.9445 7.21
      vertex 74.4993 43.8014 0
      vertex 74.4993 43.8014 7.21
    endloop
  endfacet
  facet normal -0.242677 -0.970107 0
    outer loop
      vertex 73.3316 44.6673 0
      vertex 73.4935 44.6268 7.21
      vertex 73.3316 44.6673 7.21
    endloop
  endfacet
  facet normal -0.242677 -0.970107 -0
    outer loop
      vertex 73.4935 44.6268 7.21
      vertex 73.3316 44.6673 0
      vertex 73.4935 44.6268 0
    endloop
  endfacet
  facet normal 0.998791 0.0491602 0
    outer loop
      vertex 71.3082 42.8334 7.21
      vertex 71.3 43 0
      vertex 71.3 43 7.21
    endloop
  endfacet
  facet normal 0.998791 0.0491602 0
    outer loop
      vertex 71.3 43 0
      vertex 71.3082 42.8334 7.21
      vertex 71.3082 42.8334 0
    endloop
  endfacet
  facet normal -0.970072 0.242818 0
    outer loop
      vertex 74.6268 42.5065 0
      vertex 74.6673 42.6683 7.21
      vertex 74.6673 42.6683 0
    endloop
  endfacet
  facet normal -0.970072 0.242818 0
    outer loop
      vertex 74.6673 42.6683 7.21
      vertex 74.6268 42.5065 0
      vertex 74.6268 42.5065 7.21
    endloop
  endfacet
  facet normal -0.671478 0.741024 0
    outer loop
      vertex 74.2021 41.7979 0
      vertex 74.0785 41.6859 7.21
      vertex 74.2021 41.7979 7.21
    endloop
  endfacet
  facet normal -0.671478 0.741024 0
    outer loop
      vertex 74.0785 41.6859 7.21
      vertex 74.2021 41.7979 0
      vertex 74.0785 41.6859 0
    endloop
  endfacet
  facet normal -0.904043 0.427442 0
    outer loop
      vertex 74.4993 42.1986 0
      vertex 74.5706 42.3494 7.21
      vertex 74.5706 42.3494 0
    endloop
  endfacet
  facet normal -0.904043 0.427442 0
    outer loop
      vertex 74.5706 42.3494 7.21
      vertex 74.4993 42.1986 0
      vertex 74.4993 42.1986 7.21
    endloop
  endfacet
  facet normal -0.803154 0.595772 0
    outer loop
      vertex 74.3141 41.9215 0
      vertex 74.4135 42.0555 7.21
      vertex 74.4135 42.0555 0
    endloop
  endfacet
  facet normal -0.803154 0.595772 0
    outer loop
      vertex 74.4135 42.0555 7.21
      vertex 74.3141 41.9215 0
      vertex 74.3141 41.9215 7.21
    endloop
  endfacet
  facet normal 0.242677 0.970107 -0
    outer loop
      vertex 72.6684 41.3327 0
      vertex 72.5065 41.3732 7.21
      vertex 72.6684 41.3327 7.21
    endloop
  endfacet
  facet normal 0.242677 0.970107 0
    outer loop
      vertex 72.5065 41.3732 7.21
      vertex 72.6684 41.3327 0
      vertex 72.5065 41.3732 0
    endloop
  endfacet
  facet normal 0.857652 0.514231 0
    outer loop
      vertex 71.5865 42.0555 7.21
      vertex 71.5007 42.1986 0
      vertex 71.5007 42.1986 7.21
    endloop
  endfacet
  facet normal 0.857652 0.514231 0
    outer loop
      vertex 71.5007 42.1986 0
      vertex 71.5865 42.0555 7.21
      vertex 71.5865 42.0555 0
    endloop
  endfacet
  facet normal 0.941566 0.33683 0
    outer loop
      vertex 71.4294 42.3494 7.21
      vertex 71.3732 42.5065 0
      vertex 71.3732 42.5065 7.21
    endloop
  endfacet
  facet normal 0.941566 0.33683 0
    outer loop
      vertex 71.3732 42.5065 0
      vertex 71.4294 42.3494 7.21
      vertex 71.4294 42.3494 0
    endloop
  endfacet
  facet normal 0.904043 0.427442 0
    outer loop
      vertex 71.5007 42.1986 7.21
      vertex 71.4294 42.3494 0
      vertex 71.4294 42.3494 7.21
    endloop
  endfacet
  facet normal 0.904043 0.427442 0
    outer loop
      vertex 71.4294 42.3494 0
      vertex 71.5007 42.1986 7.21
      vertex 71.5007 42.1986 0
    endloop
  endfacet
  facet normal 0.989168 0.146788 0
    outer loop
      vertex 71.3327 42.6683 7.21
      vertex 71.3082 42.8334 0
      vertex 71.3082 42.8334 7.21
    endloop
  endfacet
  facet normal 0.989168 0.146788 0
    outer loop
      vertex 71.3082 42.8334 0
      vertex 71.3327 42.6683 7.21
      vertex 71.3327 42.6683 0
    endloop
  endfacet
  facet normal -0.989168 0.146788 0
    outer loop
      vertex 74.6673 42.6683 0
      vertex 74.6918 42.8334 7.21
      vertex 74.6918 42.8334 0
    endloop
  endfacet
  facet normal -0.989168 0.146788 0
    outer loop
      vertex 74.6918 42.8334 7.21
      vertex 74.6673 42.6683 0
      vertex 74.6673 42.6683 7.21
    endloop
  endfacet
  facet normal -0.514231 0.857652 0
    outer loop
      vertex 73.9445 41.5865 0
      vertex 73.8014 41.5007 7.21
      vertex 73.9445 41.5865 7.21
    endloop
  endfacet
  facet normal -0.514231 0.857652 0
    outer loop
      vertex 73.8014 41.5007 7.21
      vertex 73.9445 41.5865 0
      vertex 73.8014 41.5007 0
    endloop
  endfacet
  facet normal -0.595772 0.803154 0
    outer loop
      vertex 74.0785 41.6859 0
      vertex 73.9445 41.5865 7.21
      vertex 74.0785 41.6859 7.21
    endloop
  endfacet
  facet normal -0.595772 0.803154 0
    outer loop
      vertex 73.9445 41.5865 7.21
      vertex 74.0785 41.6859 0
      vertex 73.9445 41.5865 0
    endloop
  endfacet
  facet normal -0.941566 0.33683 0
    outer loop
      vertex 74.5706 42.3494 0
      vertex 74.6268 42.5065 7.21
      vertex 74.6268 42.5065 0
    endloop
  endfacet
  facet normal -0.941566 0.33683 0
    outer loop
      vertex 74.6268 42.5065 7.21
      vertex 74.5706 42.3494 0
      vertex 74.5706 42.3494 7.21
    endloop
  endfacet
  facet normal -0.857652 0.514231 0
    outer loop
      vertex 74.4135 42.0555 0
      vertex 74.4993 42.1986 7.21
      vertex 74.4993 42.1986 0
    endloop
  endfacet
  facet normal -0.857652 0.514231 0
    outer loop
      vertex 74.4993 42.1986 7.21
      vertex 74.4135 42.0555 0
      vertex 74.4135 42.0555 7.21
    endloop
  endfacet
  facet normal 0.427442 0.904043 -0
    outer loop
      vertex 72.3494 41.4294 0
      vertex 72.1986 41.5007 7.21
      vertex 72.3494 41.4294 7.21
    endloop
  endfacet
  facet normal 0.427442 0.904043 0
    outer loop
      vertex 72.1986 41.5007 7.21
      vertex 72.3494 41.4294 0
      vertex 72.1986 41.5007 0
    endloop
  endfacet
  facet normal 0.671478 0.741024 -0
    outer loop
      vertex 71.9215 41.6859 0
      vertex 71.7979 41.7979 7.21
      vertex 71.9215 41.6859 7.21
    endloop
  endfacet
  facet normal 0.671478 0.741024 0
    outer loop
      vertex 71.7979 41.7979 7.21
      vertex 71.9215 41.6859 0
      vertex 71.7979 41.7979 0
    endloop
  endfacet
  facet normal 0.803154 0.595772 0
    outer loop
      vertex 71.6859 41.9215 7.21
      vertex 71.5865 42.0555 0
      vertex 71.5865 42.0555 7.21
    endloop
  endfacet
  facet normal 0.803154 0.595772 0
    outer loop
      vertex 71.5865 42.0555 0
      vertex 71.6859 41.9215 7.21
      vertex 71.6859 41.9215 0
    endloop
  endfacet
  facet normal 0.970072 0.242818 0
    outer loop
      vertex 71.3732 42.5065 7.21
      vertex 71.3327 42.6683 0
      vertex 71.3327 42.6683 7.21
    endloop
  endfacet
  facet normal 0.970072 0.242818 0
    outer loop
      vertex 71.3327 42.6683 0
      vertex 71.3732 42.5065 7.21
      vertex 71.3732 42.5065 0
    endloop
  endfacet
  facet normal -0.242677 0.970107 0
    outer loop
      vertex 73.4935 41.3732 0
      vertex 73.3316 41.3327 7.21
      vertex 73.4935 41.3732 7.21
    endloop
  endfacet
  facet normal -0.242677 0.970107 0
    outer loop
      vertex 73.3316 41.3327 7.21
      vertex 73.4935 41.3732 0
      vertex 73.3316 41.3327 0
    endloop
  endfacet
  facet normal -0.33683 0.941566 0
    outer loop
      vertex 73.6506 41.4294 0
      vertex 73.4935 41.3732 7.21
      vertex 73.6506 41.4294 7.21
    endloop
  endfacet
  facet normal -0.33683 0.941566 0
    outer loop
      vertex 73.4935 41.3732 7.21
      vertex 73.6506 41.4294 0
      vertex 73.4935 41.3732 0
    endloop
  endfacet
  facet normal 0.595772 0.803154 -0
    outer loop
      vertex 72.0555 41.5865 0
      vertex 71.9215 41.6859 7.21
      vertex 72.0555 41.5865 7.21
    endloop
  endfacet
  facet normal 0.595772 0.803154 0
    outer loop
      vertex 71.9215 41.6859 7.21
      vertex 72.0555 41.5865 0
      vertex 71.9215 41.6859 0
    endloop
  endfacet
  facet normal 0.514231 0.857652 -0
    outer loop
      vertex 72.1986 41.5007 0
      vertex 72.0555 41.5865 7.21
      vertex 72.1986 41.5007 7.21
    endloop
  endfacet
  facet normal 0.514231 0.857652 0
    outer loop
      vertex 72.0555 41.5865 7.21
      vertex 72.1986 41.5007 0
      vertex 72.0555 41.5865 0
    endloop
  endfacet
  facet normal 0.146875 0.989155 -0
    outer loop
      vertex 72.8334 41.3082 0
      vertex 72.6684 41.3327 7.21
      vertex 72.8334 41.3082 7.21
    endloop
  endfacet
  facet normal 0.146875 0.989155 0
    outer loop
      vertex 72.6684 41.3327 7.21
      vertex 72.8334 41.3082 0
      vertex 72.6684 41.3327 0
    endloop
  endfacet
  facet normal 0.0491602 0.998791 -0
    outer loop
      vertex 73 41.3 0
      vertex 72.8334 41.3082 7.21
      vertex 73 41.3 7.21
    endloop
  endfacet
  facet normal 0.0491602 0.998791 0
    outer loop
      vertex 72.8334 41.3082 7.21
      vertex 73 41.3 0
      vertex 72.8334 41.3082 0
    endloop
  endfacet
  facet normal 0.0490523 -0.998796 0
    outer loop
      vertex 76 0 0
      vertex 76.3921 0.0192566 26
      vertex 76 0 26
    endloop
  endfacet
  facet normal 0.0490523 -0.998796 0
    outer loop
      vertex 76.3921 0.0192566 26
      vertex 76 0 0
      vertex 76.3921 0.0192566 0
    endloop
  endfacet
  facet normal 0.146738 -0.989175 0
    outer loop
      vertex 76.3921 0.0192566 0
      vertex 76.7804 0.0768585 26
      vertex 76.3921 0.0192566 26
    endloop
  endfacet
  facet normal 0.146738 -0.989175 0
    outer loop
      vertex 76.7804 0.0768585 26
      vertex 76.3921 0.0192566 0
      vertex 76.7804 0.0768585 0
    endloop
  endfacet
  facet normal -0.0491664 0.998791 0
    outer loop
      vertex 4 50 0
      vertex 3.60793 49.9807 26
      vertex 4 50 26
    endloop
  endfacet
  facet normal -0.0491664 0.998791 0
    outer loop
      vertex 3.60793 49.9807 26
      vertex 4 50 0
      vertex 3.60793 49.9807 0
    endloop
  endfacet
  facet normal -0.5141 -0.85773 0
    outer loop
      vertex 1.77773 0.674118 0
      vertex 2.11441 0.472321 26
      vertex 1.77773 0.674118 26
    endloop
  endfacet
  facet normal -0.5141 -0.85773 -0
    outer loop
      vertex 2.11441 0.472321 26
      vertex 1.77773 0.674118 0
      vertex 2.11441 0.472321 0
    endloop
  endfacet
  facet normal 0.0491626 0.998791 -0
    outer loop
      vertex 76.3921 49.9807 0
      vertex 76 50 26
      vertex 76.3921 49.9807 26
    endloop
  endfacet
  facet normal 0.0491626 0.998791 0
    outer loop
      vertex 76 50 26
      vertex 76.3921 49.9807 0
      vertex 76 50 0
    endloop
  endfacet
  facet normal -0.803209 0.595697 0
    outer loop
      vertex 0.674118 48.2223 0
      vertex 0.907959 48.5376 26
      vertex 0.907959 48.5376 0
    endloop
  endfacet
  facet normal -0.803209 0.595697 0
    outer loop
      vertex 0.907959 48.5376 26
      vertex 0.674118 48.2223 0
      vertex 0.674118 48.2223 26
    endloop
  endfacet
  facet normal 0 0 1
    outer loop
      vertex 76 50 26
      vertex 80 46 26
      vertex 79.9807 46.3921 26
    endloop
  endfacet
  facet normal 0 0 1
    outer loop
      vertex 80 46 26
      vertex 38.6 25 26
      vertex 80 4 26
    endloop
  endfacet
  facet normal 0 0 1
    outer loop
      vertex 76 50 26
      vertex 79.9807 46.3921 26
      vertex 79.9231 46.7804 26
    endloop
  endfacet
  facet normal -0 0 1
    outer loop
      vertex 38.5374 23.7258 26
      vertex 80 4 26
      vertex 38.6 25 26
    endloop
  endfacet
  facet normal 0 0 1
    outer loop
      vertex 76 50 26
      vertex 79.9231 46.7804 26
      vertex 79.8278 47.1611 26
    endloop
  endfacet
  facet normal -0 0 1
    outer loop
      vertex 38.3502 22.4638 26
      vertex 80 4 26
      vertex 38.5374 23.7258 26
    endloop
  endfacet
  facet normal 0 0 1
    outer loop
      vertex 76 50 26
      vertex 79.8278 47.1611 26
      vertex 79.6955 47.5307 26
    endloop
  endfacet
  facet normal 0 0 1
    outer loop
      vertex 80 4 26
      vertex 76 0 26
      vertex 79.9807 3.60793 26
    endloop
  endfacet
  facet normal 0 0 1
    outer loop
      vertex 76 50 26
      vertex 79.6955 47.5307 26
      vertex 79.5277 47.8856 26
    endloop
  endfacet
  facet normal 0 0 1
    outer loop
      vertex 79.9807 3.60793 26
      vertex 76 0 26
      vertex 79.9231 3.21964 26
    endloop
  endfacet
  facet normal 0 0 1
    outer loop
      vertex 76 50 26
      vertex 79.5277 47.8856 26
      vertex 79.3259 48.2223 26
    endloop
  endfacet
  facet normal 0 0 1
    outer loop
      vertex 79.9231 3.21964 26
      vertex 76 0 26
      vertex 79.8278 2.83887 26
    endloop
  endfacet
  facet normal 0 0 1
    outer loop
      vertex 76 50 26
      vertex 79.3259 48.2223 26
      vertex 79.092 48.5376 26
    endloop
  endfacet
  facet normal 0 0 1
    outer loop
      vertex 38.3502 27.5362 26
      vertex 80 46 26
      vertex 76 50 26
    endloop
  endfacet
  facet normal 0 0 1
    outer loop
      vertex 76 50 26
      vertex 79.092 48.5376 26
      vertex 78.8284 48.8284 26
    endloop
  endfacet
  facet normal 0 0 1
    outer loop
      vertex 79.6955 2.46927 26
      vertex 76 0 26
      vertex 79.5277 2.11441 26
    endloop
  endfacet
  facet normal 0 0 1
    outer loop
      vertex 76 50 26
      vertex 78.8284 48.8284 26
      vertex 78.5376 49.092 26
    endloop
  endfacet
  facet normal 0 0 1
    outer loop
      vertex 79.3259 1.77773 26
      vertex 76 0 26
      vertex 79.092 1.46243 26
    endloop
  endfacet
  facet normal 0 0 1
    outer loop
      vertex 76 50 26
      vertex 78.5376 49.092 26
      vertex 78.2223 49.3259 26
    endloop
  endfacet
  facet normal 0 0 1
    outer loop
      vertex 79.092 1.46243 26
      vertex 76 0 26
      vertex 78.8284 1.17157 26
    endloop
  endfacet
  facet normal 0 0 1
    outer loop
      vertex 76 50 26
      vertex 78.2223 49.3259 26
      vertex 77.8856 49.5277 26
    endloop
  endfacet
  facet normal 0 0 1
    outer loop
      vertex 78.8284 1.17157 26
      vertex 76 0 26
      vertex 78.5376 0.907959 26
    endloop
  endfacet
  facet normal 0 0 1
    outer loop
      vertex 76 50 26
      vertex 77.8856 49.5277 26
      vertex 77.5307 49.6955 26
    endloop
  endfacet
  facet normal 0 0 1
    outer loop
      vertex 78.5376 0.907959 26
      vertex 76 0 26
      vertex 78.2223 0.674118 26
    endloop
  endfacet
  facet normal 0 0 1
    outer loop
      vertex 76 50 26
      vertex 77.5307 49.6955 26
      vertex 77.1611 49.8278 26
    endloop
  endfacet
  facet normal 0 0 1
    outer loop
      vertex 78.2223 0.674118 26
      vertex 76 0 26
      vertex 77.8856 0.472321 26
    endloop
  endfacet
  facet normal 0 0 1
    outer loop
      vertex 76 50 26
      vertex 77.1611 49.8278 26
      vertex 76.7804 49.9231 26
    endloop
  endfacet
  facet normal 0 0 1
    outer loop
      vertex 77.8856 0.472321 26
      vertex 76 0 26
      vertex 77.5307 0.304489 26
    endloop
  endfacet
  facet normal 0 0 1
    outer loop
      vertex 76 50 26
      vertex 76.7804 49.9231 26
      vertex 76.3921 49.9807 26
    endloop
  endfacet
  facet normal 0 0 1
    outer loop
      vertex 77.5307 0.304489 26
      vertex 76 0 26
      vertex 77.1611 0.172241 26
    endloop
  endfacet
  facet normal 0 0 1
    outer loop
      vertex 77.1611 0.172241 26
      vertex 76 0 26
      vertex 76.7804 0.0768585 26
    endloop
  endfacet
  facet normal 0 0 1
    outer loop
      vertex 76.7804 0.0768585 26
      vertex 76 0 26
      vertex 76.3921 0.0192566 26
    endloop
  endfacet
  facet normal 0 0 1
    outer loop
      vertex 79.5277 2.11441 26
      vertex 76 0 26
      vertex 79.3259 1.77773 26
    endloop
  endfacet
  facet normal 0 0 1
    outer loop
      vertex 80 46 26
      vertex 38.5374 26.2742 26
      vertex 38.6 25 26
    endloop
  endfacet
  facet normal 0 0 1
    outer loop
      vertex 80 46 26
      vertex 38.3502 27.5362 26
      vertex 38.5374 26.2742 26
    endloop
  endfacet
  facet normal 0 0 1
    outer loop
      vertex 76 50 26
      vertex 38.0402 28.7737 26
      vertex 38.3502 27.5362 26
    endloop
  endfacet
  facet normal 0 0 1
    outer loop
      vertex 76 50 26
      vertex 37.6104 29.9749 26
      vertex 38.0402 28.7737 26
    endloop
  endfacet
  facet normal 0 0 1
    outer loop
      vertex 76 50 26
      vertex 37.065 31.1282 26
      vertex 37.6104 29.9749 26
    endloop
  endfacet
  facet normal 0 0 1
    outer loop
      vertex 76 50 26
      vertex 36.4091 32.2224 26
      vertex 37.065 31.1282 26
    endloop
  endfacet
  facet normal 0 0 1
    outer loop
      vertex 76 50 26
      vertex 35.6491 33.2471 26
      vertex 36.4091 32.2224 26
    endloop
  endfacet
  facet normal 0 0 1
    outer loop
      vertex 76 50 26
      vertex 34.7924 34.1924 26
      vertex 35.6491 33.2471 26
    endloop
  endfacet
  facet normal 0 0 1
    outer loop
      vertex 76 50 26
      vertex 33.8471 35.0491 26
      vertex 34.7924 34.1924 26
    endloop
  endfacet
  facet normal 0 0 1
    outer loop
      vertex 76 50 26
      vertex 32.8224 35.8091 26
      vertex 33.8471 35.0491 26
    endloop
  endfacet
  facet normal 0 0 1
    outer loop
      vertex 76 50 26
      vertex 31.7282 36.465 26
      vertex 32.8224 35.8091 26
    endloop
  endfacet
  facet normal 0 0 1
    outer loop
      vertex 76 50 26
      vertex 30.5749 37.0104 26
      vertex 31.7282 36.465 26
    endloop
  endfacet
  facet normal 0 0 1
    outer loop
      vertex 76 50 26
      vertex 29.3737 37.4402 26
      vertex 30.5749 37.0104 26
    endloop
  endfacet
  facet normal 0 0 1
    outer loop
      vertex 76 50 26
      vertex 28.1362 37.7502 26
      vertex 29.3737 37.4402 26
    endloop
  endfacet
  facet normal -0 0 1
    outer loop
      vertex 4 50 26
      vertex 28.1362 37.7502 26
      vertex 76 50 26
    endloop
  endfacet
  facet normal 0 0 1
    outer loop
      vertex 28.1362 37.7502 26
      vertex 4 50 26
      vertex 26.8742 37.9374 26
    endloop
  endfacet
  facet normal 0 0 1
    outer loop
      vertex 26.8742 37.9374 26
      vertex 4 50 26
      vertex 25.6 38 26
    endloop
  endfacet
  facet normal 0 0 1
    outer loop
      vertex 25.6 38 26
      vertex 4 50 26
      vertex 24.3258 37.9374 26
    endloop
  endfacet
  facet normal 0 0 1
    outer loop
      vertex 12.8498 27.5362 26
      vertex 0 46 26
      vertex 12.6626 26.2742 26
    endloop
  endfacet
  facet normal 0 0 1
    outer loop
      vertex 13.1598 28.7737 26
      vertex 0 46 26
      vertex 12.8498 27.5362 26
    endloop
  endfacet
  facet normal 0 0 1
    outer loop
      vertex 13.5896 29.9749 26
      vertex 0 46 26
      vertex 13.1598 28.7737 26
    endloop
  endfacet
  facet normal 0 0 1
    outer loop
      vertex 14.135 31.1282 26
      vertex 0 46 26
      vertex 13.5896 29.9749 26
    endloop
  endfacet
  facet normal 0 0 1
    outer loop
      vertex 14.7909 32.2224 26
      vertex 0 46 26
      vertex 14.135 31.1282 26
    endloop
  endfacet
  facet normal 0 0 1
    outer loop
      vertex 15.5509 33.2471 26
      vertex 0 46 26
      vertex 14.7909 32.2224 26
    endloop
  endfacet
  facet normal 0 0 1
    outer loop
      vertex 16.4076 34.1924 26
      vertex 0 46 26
      vertex 15.5509 33.2471 26
    endloop
  endfacet
  facet normal -0 0 1
    outer loop
      vertex 0 46 26
      vertex 16.4076 34.1924 26
      vertex 4 50 26
    endloop
  endfacet
  facet normal 0 0 1
    outer loop
      vertex 17.3529 35.0491 26
      vertex 4 50 26
      vertex 16.4076 34.1924 26
    endloop
  endfacet
  facet normal 0 0 1
    outer loop
      vertex 18.3776 35.8091 26
      vertex 4 50 26
      vertex 17.3529 35.0491 26
    endloop
  endfacet
  facet normal 0 0 1
    outer loop
      vertex 19.4718 36.465 26
      vertex 4 50 26
      vertex 18.3776 35.8091 26
    endloop
  endfacet
  facet normal 0 0 1
    outer loop
      vertex 20.6251 37.0104 26
      vertex 4 50 26
      vertex 19.4718 36.465 26
    endloop
  endfacet
  facet normal 0 0 1
    outer loop
      vertex 21.8263 37.4402 26
      vertex 4 50 26
      vertex 20.6251 37.0104 26
    endloop
  endfacet
  facet normal 0 0 1
    outer loop
      vertex 23.0638 37.7502 26
      vertex 4 50 26
      vertex 21.8263 37.4402 26
    endloop
  endfacet
  facet normal 0 0 1
    outer loop
      vertex 24.3258 37.9374 26
      vertex 4 50 26
      vertex 23.0638 37.7502 26
    endloop
  endfacet
  facet normal 0 0 1
    outer loop
      vertex 79.8278 2.83887 26
      vertex 76 0 26
      vertex 79.6955 2.46927 26
    endloop
  endfacet
  facet normal 0 0 1
    outer loop
      vertex 80 4 26
      vertex 38.3502 22.4638 26
      vertex 76 0 26
    endloop
  endfacet
  facet normal -0 0 1
    outer loop
      vertex 38.0402 21.2263 26
      vertex 76 0 26
      vertex 38.3502 22.4638 26
    endloop
  endfacet
  facet normal -0 0 1
    outer loop
      vertex 37.6104 20.0251 26
      vertex 76 0 26
      vertex 38.0402 21.2263 26
    endloop
  endfacet
  facet normal -0 0 1
    outer loop
      vertex 37.065 18.8718 26
      vertex 76 0 26
      vertex 37.6104 20.0251 26
    endloop
  endfacet
  facet normal -0 0 1
    outer loop
      vertex 36.4091 17.7776 26
      vertex 76 0 26
      vertex 37.065 18.8718 26
    endloop
  endfacet
  facet normal -0 0 1
    outer loop
      vertex 35.6491 16.7529 26
      vertex 76 0 26
      vertex 36.4091 17.7776 26
    endloop
  endfacet
  facet normal -0 0 1
    outer loop
      vertex 34.7924 15.8076 26
      vertex 76 0 26
      vertex 35.6491 16.7529 26
    endloop
  endfacet
  facet normal -0 0 1
    outer loop
      vertex 33.8471 14.9509 26
      vertex 76 0 26
      vertex 34.7924 15.8076 26
    endloop
  endfacet
  facet normal -0 0 1
    outer loop
      vertex 32.8224 14.1909 26
      vertex 76 0 26
      vertex 33.8471 14.9509 26
    endloop
  endfacet
  facet normal -0 0 1
    outer loop
      vertex 31.7282 13.535 26
      vertex 76 0 26
      vertex 32.8224 14.1909 26
    endloop
  endfacet
  facet normal -0 0 1
    outer loop
      vertex 30.5749 12.9896 26
      vertex 76 0 26
      vertex 31.7282 13.535 26
    endloop
  endfacet
  facet normal -0 0 1
    outer loop
      vertex 29.3737 12.5598 26
      vertex 76 0 26
      vertex 30.5749 12.9896 26
    endloop
  endfacet
  facet normal -0 0 1
    outer loop
      vertex 28.1362 12.2498 26
      vertex 76 0 26
      vertex 29.3737 12.5598 26
    endloop
  endfacet
  facet normal 0 0 1
    outer loop
      vertex 4 0 26
      vertex 28.1362 12.2498 26
      vertex 26.8742 12.0626 26
    endloop
  endfacet
  facet normal 0 0 1
    outer loop
      vertex 4 0 26
      vertex 26.8742 12.0626 26
      vertex 25.6 12 26
    endloop
  endfacet
  facet normal 0 0 1
    outer loop
      vertex 4 0 26
      vertex 25.6 12 26
      vertex 24.3258 12.0626 26
    endloop
  endfacet
  facet normal 0 0 1
    outer loop
      vertex 4 0 26
      vertex 24.3258 12.0626 26
      vertex 23.0638 12.2498 26
    endloop
  endfacet
  facet normal 0 0 1
    outer loop
      vertex 12.6626 26.2742 26
      vertex 0 46 26
      vertex 12.6 25 26
    endloop
  endfacet
  facet normal 0 0 1
    outer loop
      vertex 0 4 26
      vertex 12.6 25 26
      vertex 0 46 26
    endloop
  endfacet
  facet normal 0 0 1
    outer loop
      vertex 12.6 25 26
      vertex 0 4 26
      vertex 12.6626 23.7258 26
    endloop
  endfacet
  facet normal 0 0 1
    outer loop
      vertex 28.1362 12.2498 26
      vertex 4 0 26
      vertex 76 0 26
    endloop
  endfacet
  facet normal 0 0 1
    outer loop
      vertex 21.8263 12.5598 26
      vertex 4 0 26
      vertex 23.0638 12.2498 26
    endloop
  endfacet
  facet normal 0 0 1
    outer loop
      vertex 20.6251 12.9896 26
      vertex 4 0 26
      vertex 21.8263 12.5598 26
    endloop
  endfacet
  facet normal 0 0 1
    outer loop
      vertex 19.4718 13.535 26
      vertex 4 0 26
      vertex 20.6251 12.9896 26
    endloop
  endfacet
  facet normal 0 0 1
    outer loop
      vertex 18.3776 14.1909 26
      vertex 4 0 26
      vertex 19.4718 13.535 26
    endloop
  endfacet
  facet normal 0 0 1
    outer loop
      vertex 17.3529 14.9509 26
      vertex 4 0 26
      vertex 18.3776 14.1909 26
    endloop
  endfacet
  facet normal 0 0 1
    outer loop
      vertex 16.4076 15.8076 26
      vertex 4 0 26
      vertex 17.3529 14.9509 26
    endloop
  endfacet
  facet normal 0 0 1
    outer loop
      vertex 0 4 26
      vertex 16.4076 15.8076 26
      vertex 15.5509 16.7529 26
    endloop
  endfacet
  facet normal 0 0 1
    outer loop
      vertex 0 4 26
      vertex 15.5509 16.7529 26
      vertex 14.7909 17.7776 26
    endloop
  endfacet
  facet normal 0 0 1
    outer loop
      vertex 0 4 26
      vertex 14.7909 17.7776 26
      vertex 14.135 18.8718 26
    endloop
  endfacet
  facet normal 0 0 1
    outer loop
      vertex 0 4 26
      vertex 14.135 18.8718 26
      vertex 13.5896 20.0251 26
    endloop
  endfacet
  facet normal 0 0 1
    outer loop
      vertex 0 4 26
      vertex 13.5896 20.0251 26
      vertex 13.1598 21.2263 26
    endloop
  endfacet
  facet normal 0 0 1
    outer loop
      vertex 12.6626 23.7258 26
      vertex 0 4 26
      vertex 12.8498 22.4638 26
    endloop
  endfacet
  facet normal 0 0 1
    outer loop
      vertex 0 46 26
      vertex 4 50 26
      vertex 3.60793 49.9807 26
    endloop
  endfacet
  facet normal 0 0 1
    outer loop
      vertex 12.8498 22.4638 26
      vertex 0 4 26
      vertex 13.1598 21.2263 26
    endloop
  endfacet
  facet normal 0 0 1
    outer loop
      vertex 0 46 26
      vertex 3.60793 49.9807 26
      vertex 3.21964 49.9231 26
    endloop
  endfacet
  facet normal 0 0 1
    outer loop
      vertex 16.4076 15.8076 26
      vertex 0 4 26
      vertex 4 0 26
    endloop
  endfacet
  facet normal 0 0 1
    outer loop
      vertex 0 46 26
      vertex 3.21964 49.9231 26
      vertex 2.83887 49.8278 26
    endloop
  endfacet
  facet normal 0 0 1
    outer loop
      vertex 4 0 26
      vertex 0 4 26
      vertex 3.60793 0.0192566 26
    endloop
  endfacet
  facet normal 0 0 1
    outer loop
      vertex 0 46 26
      vertex 2.83887 49.8278 26
      vertex 2.46927 49.6955 26
    endloop
  endfacet
  facet normal 0 0 1
    outer loop
      vertex 3.60793 0.0192566 26
      vertex 0 4 26
      vertex 3.21964 0.0768585 26
    endloop
  endfacet
  facet normal 0 0 1
    outer loop
      vertex 0 46 26
      vertex 2.46927 49.6955 26
      vertex 2.11441 49.5277 26
    endloop
  endfacet
  facet normal 0 0 1
    outer loop
      vertex 3.21964 0.0768585 26
      vertex 0 4 26
      vertex 2.83887 0.172241 26
    endloop
  endfacet
  facet normal 0 0 1
    outer loop
      vertex 0 46 26
      vertex 2.11441 49.5277 26
      vertex 1.77773 49.3259 26
    endloop
  endfacet
  facet normal 0 0 1
    outer loop
      vertex 2.83887 0.172241 26
      vertex 0 4 26
      vertex 2.46927 0.304489 26
    endloop
  endfacet
  facet normal 0 0 1
    outer loop
      vertex 0 46 26
      vertex 1.77773 49.3259 26
      vertex 1.46243 49.092 26
    endloop
  endfacet
  facet normal 0 0 1
    outer loop
      vertex 2.46927 0.304489 26
      vertex 0 4 26
      vertex 2.11441 0.472321 26
    endloop
  endfacet
  facet normal 0 0 1
    outer loop
      vertex 0 46 26
      vertex 1.46243 49.092 26
      vertex 1.17157 48.8284 26
    endloop
  endfacet
  facet normal 0 0 1
    outer loop
      vertex 2.11441 0.472321 26
      vertex 0 4 26
      vertex 1.77773 0.674118 26
    endloop
  endfacet
  facet normal 0 0 1
    outer loop
      vertex 0 46 26
      vertex 1.17157 48.8284 26
      vertex 0.907959 48.5376 26
    endloop
  endfacet
  facet normal 0 0 1
    outer loop
      vertex 1.77773 0.674118 26
      vertex 0 4 26
      vertex 1.46243 0.907959 26
    endloop
  endfacet
  facet normal 0 0 1
    outer loop
      vertex 0 46 26
      vertex 0.907959 48.5376 26
      vertex 0.674118 48.2223 26
    endloop
  endfacet
  facet normal 0 0 1
    outer loop
      vertex 1.46243 0.907959 26
      vertex 0 4 26
      vertex 1.17157 1.17157 26
    endloop
  endfacet
  facet normal 0 0 1
    outer loop
      vertex 0 46 26
      vertex 0.674118 48.2223 26
      vertex 0.472321 47.8856 26
    endloop
  endfacet
  facet normal 0 0 1
    outer loop
      vertex 1.17157 1.17157 26
      vertex 0 4 26
      vertex 0.907959 1.46243 26
    endloop
  endfacet
  facet normal 0 0 1
    outer loop
      vertex 0 46 26
      vertex 0.472321 47.8856 26
      vertex 0.304489 47.5307 26
    endloop
  endfacet
  facet normal 0 0 1
    outer loop
      vertex 0.907959 1.46243 26
      vertex 0 4 26
      vertex 0.674118 1.77773 26
    endloop
  endfacet
  facet normal 0 0 1
    outer loop
      vertex 0 46 26
      vertex 0.304489 47.5307 26
      vertex 0.172241 47.1611 26
    endloop
  endfacet
  facet normal 0 0 1
    outer loop
      vertex 0.674118 1.77773 26
      vertex 0 4 26
      vertex 0.472321 2.11441 26
    endloop
  endfacet
  facet normal 0 0 1
    outer loop
      vertex 0 46 26
      vertex 0.172241 47.1611 26
      vertex 0.0768585 46.7804 26
    endloop
  endfacet
  facet normal 0 0 1
    outer loop
      vertex 0.472321 2.11441 26
      vertex 0 4 26
      vertex 0.304489 2.46927 26
    endloop
  endfacet
  facet normal 0 0 1
    outer loop
      vertex 0 46 26
      vertex 0.0768585 46.7804 26
      vertex 0.0192566 46.3921 26
    endloop
  endfacet
  facet normal 0 0 1
    outer loop
      vertex 0.304489 2.46927 26
      vertex 0 4 26
      vertex 0.172241 2.83887 26
    endloop
  endfacet
  facet normal 0 0 1
    outer loop
      vertex 0.172241 2.83887 26
      vertex 0 4 26
      vertex 0.0768585 3.21964 26
    endloop
  endfacet
  facet normal 0 0 1
    outer loop
      vertex 0.0768585 3.21964 26
      vertex 0 4 26
      vertex 0.0192566 3.60793 26
    endloop
  endfacet
  facet normal 0 -1 0
    outer loop
      vertex 4 0 0
      vertex 76 0 26
      vertex 4 0 26
    endloop
  endfacet
  facet normal 0 -1 -0
    outer loop
      vertex 76 0 26
      vertex 4 0 0
      vertex 76 0 0
    endloop
  endfacet
  facet normal 0 1 -0
    outer loop
      vertex 76 50 0
      vertex 4 50 26
      vertex 76 50 26
    endloop
  endfacet
  facet normal 0 1 0
    outer loop
      vertex 4 50 26
      vertex 76 50 0
      vertex 4 50 0
    endloop
  endfacet
  facet normal -0.242991 -0.970029 0
    outer loop
      vertex 2.83887 0.172241 0
      vertex 3.21964 0.0768585 26
      vertex 2.83887 0.172241 26
    endloop
  endfacet
  facet normal -0.242991 -0.970029 -0
    outer loop
      vertex 3.21964 0.0768585 26
      vertex 2.83887 0.172241 0
      vertex 3.21964 0.0768585 0
    endloop
  endfacet
  facet normal 1 -0 0
    outer loop
      vertex 80 4 26
      vertex 80 46 0
      vertex 80 46 26
    endloop
  endfacet
  facet normal 1 0 0
    outer loop
      vertex 80 46 0
      vertex 80 4 26
      vertex 80 4 0
    endloop
  endfacet
  facet normal 0.740977 -0.671531 0
    outer loop
      vertex 78.8284 1.17157 26
      vertex 79.092 1.46243 0
      vertex 79.092 1.46243 26
    endloop
  endfacet
  facet normal 0.740977 -0.671531 0
    outer loop
      vertex 79.092 1.46243 0
      vertex 78.8284 1.17157 26
      vertex 78.8284 1.17157 0
    endloop
  endfacet
  facet normal -0.740894 0.671622 0
    outer loop
      vertex 0.907959 48.5376 0
      vertex 1.17157 48.8284 26
      vertex 1.17157 48.8284 0
    endloop
  endfacet
  facet normal -0.740894 0.671622 0
    outer loop
      vertex 1.17157 48.8284 26
      vertex 0.907959 48.5376 0
      vertex 0.907959 48.5376 26
    endloop
  endfacet
  facet normal -0.0490561 -0.998796 0
    outer loop
      vertex 3.60793 0.0192566 0
      vertex 4 0 26
      vertex 3.60793 0.0192566 26
    endloop
  endfacet
  facet normal -0.0490561 -0.998796 -0
    outer loop
      vertex 4 0 26
      vertex 3.60793 0.0192566 0
      vertex 4 0 0
    endloop
  endfacet
  facet normal 0.146733 0.989176 -0
    outer loop
      vertex 76.7804 49.9231 0
      vertex 76.3921 49.9807 26
      vertex 76.7804 49.9231 26
    endloop
  endfacet
  facet normal 0.146733 0.989176 0
    outer loop
      vertex 76.3921 49.9807 26
      vertex 76.7804 49.9231 0
      vertex 76.3921 49.9807 0
    endloop
  endfacet
  facet normal 0.514084 0.85774 -0
    outer loop
      vertex 78.2223 49.3259 0
      vertex 77.8856 49.5277 26
      vertex 78.2223 49.3259 26
    endloop
  endfacet
  facet normal 0.514084 0.85774 0
    outer loop
      vertex 77.8856 49.5277 26
      vertex 78.2223 49.3259 0
      vertex 77.8856 49.5277 0
    endloop
  endfacet
  facet normal 0.42744 0.904044 -0
    outer loop
      vertex 77.8856 49.5277 0
      vertex 77.5307 49.6955 26
      vertex 77.8856 49.5277 26
    endloop
  endfacet
  facet normal 0.42744 0.904044 0
    outer loop
      vertex 77.5307 49.6955 26
      vertex 77.8856 49.5277 0
      vertex 77.5307 49.6955 0
    endloop
  endfacet
  facet normal -0.514106 0.857727 0
    outer loop
      vertex 2.11441 49.5277 0
      vertex 1.77773 49.3259 26
      vertex 2.11441 49.5277 26
    endloop
  endfacet
  facet normal -0.514106 0.857727 0
    outer loop
      vertex 1.77773 49.3259 26
      vertex 2.11441 49.5277 0
      vertex 1.77773 49.3259 0
    endloop
  endfacet
  facet normal -0.998796 0.0490523 0
    outer loop
      vertex 0 46 0
      vertex 0.0192566 46.3921 26
      vertex 0.0192566 46.3921 0
    endloop
  endfacet
  facet normal -0.998796 0.0490523 0
    outer loop
      vertex 0.0192566 46.3921 26
      vertex 0 46 0
      vertex 0 46 26
    endloop
  endfacet
  facet normal -0.941542 0.336897 0
    outer loop
      vertex 0.172241 47.1611 0
      vertex 0.304489 47.5307 26
      vertex 0.304489 47.5307 0
    endloop
  endfacet
  facet normal -0.941542 0.336897 0
    outer loop
      vertex 0.304489 47.5307 26
      vertex 0.172241 47.1611 0
      vertex 0.172241 47.1611 26
    endloop
  endfacet
  facet normal -0.970018 0.243033 0
    outer loop
      vertex 0.0768585 46.7804 0
      vertex 0.172241 47.1611 26
      vertex 0.172241 47.1611 0
    endloop
  endfacet
  facet normal -0.970018 0.243033 0
    outer loop
      vertex 0.172241 47.1611 26
      vertex 0.0768585 46.7804 0
      vertex 0.0768585 46.7804 26
    endloop
  endfacet
  facet normal -0.989175 0.146738 0
    outer loop
      vertex 0.0192566 46.3921 0
      vertex 0.0768585 46.7804 26
      vertex 0.0768585 46.7804 0
    endloop
  endfacet
  facet normal -0.989175 0.146738 0
    outer loop
      vertex 0.0768585 46.7804 26
      vertex 0.0192566 46.3921 0
      vertex 0.0192566 46.3921 26
    endloop
  endfacet
  facet normal -0.427546 -0.903994 0
    outer loop
      vertex 2.11441 0.472321 0
      vertex 2.46927 0.304489 26
      vertex 2.11441 0.472321 26
    endloop
  endfacet
  facet normal -0.427546 -0.903994 -0
    outer loop
      vertex 2.46927 0.304489 26
      vertex 2.11441 0.472321 0
      vertex 2.46927 0.304489 0
    endloop
  endfacet
  facet normal -0.740963 -0.671546 0
    outer loop
      vertex 1.17157 1.17157 0
      vertex 0.907959 1.46243 26
      vertex 0.907959 1.46243 0
    endloop
  endfacet
  facet normal -0.740963 -0.671546 0
    outer loop
      vertex 0.907959 1.46243 26
      vertex 1.17157 1.17157 0
      vertex 1.17157 1.17157 26
    endloop
  endfacet
  facet normal -0.803209 -0.595697 0
    outer loop
      vertex 0.907959 1.46243 0
      vertex 0.674118 1.77773 26
      vertex 0.674118 1.77773 0
    endloop
  endfacet
  facet normal -0.803209 -0.595697 0
    outer loop
      vertex 0.674118 1.77773 26
      vertex 0.907959 1.46243 0
      vertex 0.907959 1.46243 26
    endloop
  endfacet
  facet normal -0.998796 -0.0490561 0
    outer loop
      vertex 0.0192566 3.60793 0
      vertex 0 4 26
      vertex 0 4 0
    endloop
  endfacet
  facet normal -0.998796 -0.0490561 0
    outer loop
      vertex 0 4 26
      vertex 0.0192566 3.60793 0
      vertex 0.0192566 3.60793 26
    endloop
  endfacet
  facet normal -1 0 0
    outer loop
      vertex 0 4 0
      vertex 0 46 26
      vertex 0 46 0
    endloop
  endfacet
  facet normal -1 -0 0
    outer loop
      vertex 0 46 26
      vertex 0 4 0
      vertex 0 4 26
    endloop
  endfacet
  facet normal -0.146742 -0.989175 0
    outer loop
      vertex 3.21964 0.0768585 0
      vertex 3.60793 0.0192566 26
      vertex 3.21964 0.0768585 26
    endloop
  endfacet
  facet normal -0.146742 -0.989175 -0
    outer loop
      vertex 3.60793 0.0192566 26
      vertex 3.21964 0.0768585 0
      vertex 3.60793 0.0192566 0
    endloop
  endfacet
  facet normal 0.242835 0.970068 -0
    outer loop
      vertex 77.1611 49.8278 0
      vertex 76.7804 49.9231 26
      vertex 77.1611 49.8278 26
    endloop
  endfacet
  facet normal 0.242835 0.970068 0
    outer loop
      vertex 76.7804 49.9231 26
      vertex 77.1611 49.8278 0
      vertex 76.7804 49.9231 0
    endloop
  endfacet
  facet normal 0.337014 0.9415 -0
    outer loop
      vertex 77.5307 49.6955 0
      vertex 77.1611 49.8278 26
      vertex 77.5307 49.6955 26
    endloop
  endfacet
  facet normal 0.337014 0.9415 0
    outer loop
      vertex 77.1611 49.8278 26
      vertex 77.5307 49.6955 0
      vertex 77.1611 49.8278 0
    endloop
  endfacet
  facet normal -0.336897 -0.941542 0
    outer loop
      vertex 2.46927 0.304489 0
      vertex 2.83887 0.172241 26
      vertex 2.46927 0.304489 26
    endloop
  endfacet
  facet normal -0.336897 -0.941542 -0
    outer loop
      vertex 2.83887 0.172241 26
      vertex 2.46927 0.304489 0
      vertex 2.83887 0.172241 0
    endloop
  endfacet
  facet normal -0.903994 -0.427546 0
    outer loop
      vertex 0.472321 2.11441 0
      vertex 0.304489 2.46927 26
      vertex 0.304489 2.46927 0
    endloop
  endfacet
  facet normal -0.903994 -0.427546 0
    outer loop
      vertex 0.304489 2.46927 26
      vertex 0.472321 2.11441 0
      vertex 0.472321 2.11441 26
    endloop
  endfacet
  facet normal 0.595794 0.803137 -0
    outer loop
      vertex 78.5376 49.092 0
      vertex 78.2223 49.3259 26
      vertex 78.5376 49.092 26
    endloop
  endfacet
  facet normal 0.595794 0.803137 0
    outer loop
      vertex 78.2223 49.3259 26
      vertex 78.5376 49.092 0
      vertex 78.2223 49.3259 0
    endloop
  endfacet
  facet normal 0.671607 0.740908 -0
    outer loop
      vertex 78.8284 48.8284 0
      vertex 78.5376 49.092 26
      vertex 78.8284 48.8284 26
    endloop
  endfacet
  facet normal 0.671607 0.740908 0
    outer loop
      vertex 78.5376 49.092 26
      vertex 78.8284 48.8284 0
      vertex 78.5376 49.092 0
    endloop
  endfacet
  facet normal 0.904044 0.42744 0
    outer loop
      vertex 79.6955 47.5307 26
      vertex 79.5277 47.8856 0
      vertex 79.5277 47.8856 26
    endloop
  endfacet
  facet normal 0.904044 0.42744 0
    outer loop
      vertex 79.5277 47.8856 0
      vertex 79.6955 47.5307 26
      vertex 79.6955 47.5307 0
    endloop
  endfacet
  facet normal 0.998791 -0.0491664 0
    outer loop
      vertex 79.9807 3.60793 26
      vertex 80 4 0
      vertex 80 4 26
    endloop
  endfacet
  facet normal 0.998791 -0.0491664 0
    outer loop
      vertex 80 4 0
      vertex 79.9807 3.60793 26
      vertex 79.9807 3.60793 0
    endloop
  endfacet
  facet normal 0.9415 -0.337014 0
    outer loop
      vertex 79.6955 2.46927 26
      vertex 79.8278 2.83887 0
      vertex 79.8278 2.83887 26
    endloop
  endfacet
  facet normal 0.9415 -0.337014 0
    outer loop
      vertex 79.8278 2.83887 0
      vertex 79.6955 2.46927 26
      vertex 79.6955 2.46927 0
    endloop
  endfacet
  facet normal 0.243033 -0.970018 0
    outer loop
      vertex 76.7804 0.0768585 0
      vertex 77.1611 0.172241 26
      vertex 76.7804 0.0768585 26
    endloop
  endfacet
  facet normal 0.243033 -0.970018 0
    outer loop
      vertex 77.1611 0.172241 26
      vertex 76.7804 0.0768585 0
      vertex 77.1611 0.172241 0
    endloop
  endfacet
  facet normal -0.857743 0.514078 0
    outer loop
      vertex 0.472321 47.8856 0
      vertex 0.674118 48.2223 26
      vertex 0.674118 48.2223 0
    endloop
  endfacet
  facet normal -0.857743 0.514078 0
    outer loop
      vertex 0.674118 48.2223 26
      vertex 0.472321 47.8856 0
      vertex 0.472321 47.8856 26
    endloop
  endfacet
  facet normal -0.42748 0.904025 0
    outer loop
      vertex 2.46927 49.6955 0
      vertex 2.11441 49.5277 26
      vertex 2.46927 49.6955 26
    endloop
  endfacet
  facet normal -0.42748 0.904025 0
    outer loop
      vertex 2.11441 49.5277 26
      vertex 2.46927 49.6955 0
      vertex 2.11441 49.5277 0
    endloop
  endfacet
  facet normal -0.595697 -0.803209 0
    outer loop
      vertex 1.46243 0.907959 0
      vertex 1.77773 0.674118 26
      vertex 1.46243 0.907959 26
    endloop
  endfacet
  facet normal -0.595697 -0.803209 -0
    outer loop
      vertex 1.77773 0.674118 26
      vertex 1.46243 0.907959 0
      vertex 1.77773 0.674118 0
    endloop
  endfacet
  facet normal -0.970029 -0.242991 0
    outer loop
      vertex 0.172241 2.83887 0
      vertex 0.0768585 3.21964 26
      vertex 0.0768585 3.21964 0
    endloop
  endfacet
  facet normal -0.970029 -0.242991 0
    outer loop
      vertex 0.0768585 3.21964 26
      vertex 0.172241 2.83887 0
      vertex 0.172241 2.83887 26
    endloop
  endfacet
  facet normal -0.85773 -0.5141 0
    outer loop
      vertex 0.674118 1.77773 0
      vertex 0.472321 2.11441 26
      vertex 0.472321 2.11441 0
    endloop
  endfacet
  facet normal -0.85773 -0.5141 0
    outer loop
      vertex 0.472321 2.11441 26
      vertex 0.674118 1.77773 0
      vertex 0.674118 1.77773 26
    endloop
  endfacet
  facet normal 0.85774 0.514084 0
    outer loop
      vertex 79.5277 47.8856 26
      vertex 79.3259 48.2223 0
      vertex 79.3259 48.2223 26
    endloop
  endfacet
  facet normal 0.85774 0.514084 0
    outer loop
      vertex 79.3259 48.2223 0
      vertex 79.5277 47.8856 26
      vertex 79.5277 47.8856 0
    endloop
  endfacet
  facet normal 0.740908 0.671607 0
    outer loop
      vertex 79.092 48.5376 26
      vertex 78.8284 48.8284 0
      vertex 78.8284 48.8284 26
    endloop
  endfacet
  facet normal 0.740908 0.671607 0
    outer loop
      vertex 78.8284 48.8284 0
      vertex 79.092 48.5376 26
      vertex 79.092 48.5376 0
    endloop
  endfacet
  facet normal 0.970068 0.242835 0
    outer loop
      vertex 79.9231 46.7804 26
      vertex 79.8278 47.1611 0
      vertex 79.8278 47.1611 26
    endloop
  endfacet
  facet normal 0.970068 0.242835 0
    outer loop
      vertex 79.8278 47.1611 0
      vertex 79.9231 46.7804 26
      vertex 79.9231 46.7804 0
    endloop
  endfacet
  facet normal 0.989176 0.146733 0
    outer loop
      vertex 79.9807 46.3921 26
      vertex 79.9231 46.7804 0
      vertex 79.9231 46.7804 26
    endloop
  endfacet
  facet normal 0.989176 0.146733 0
    outer loop
      vertex 79.9231 46.7804 0
      vertex 79.9807 46.3921 26
      vertex 79.9807 46.3921 0
    endloop
  endfacet
  facet normal 0.998791 0.0491626 0
    outer loop
      vertex 80 46 26
      vertex 79.9807 46.3921 0
      vertex 79.9807 46.3921 26
    endloop
  endfacet
  facet normal 0.998791 0.0491626 0
    outer loop
      vertex 79.9807 46.3921 0
      vertex 80 46 26
      vertex 80 46 0
    endloop
  endfacet
  facet normal 0.970078 -0.242793 0
    outer loop
      vertex 79.8278 2.83887 26
      vertex 79.9231 3.21964 0
      vertex 79.9231 3.21964 26
    endloop
  endfacet
  facet normal 0.970078 -0.242793 0
    outer loop
      vertex 79.9231 3.21964 0
      vertex 79.8278 2.83887 26
      vertex 79.8278 2.83887 0
    endloop
  endfacet
  facet normal 0.595697 -0.803209 0
    outer loop
      vertex 78.2223 0.674118 0
      vertex 78.5376 0.907959 26
      vertex 78.2223 0.674118 26
    endloop
  endfacet
  facet normal 0.595697 -0.803209 0
    outer loop
      vertex 78.5376 0.907959 26
      vertex 78.2223 0.674118 0
      vertex 78.5376 0.907959 0
    endloop
  endfacet
  facet normal 0.427507 -0.904012 0
    outer loop
      vertex 77.5307 0.304489 0
      vertex 77.8856 0.472321 26
      vertex 77.5307 0.304489 26
    endloop
  endfacet
  facet normal 0.427507 -0.904012 0
    outer loop
      vertex 77.8856 0.472321 26
      vertex 77.5307 0.304489 0
      vertex 77.8856 0.472321 0
    endloop
  endfacet
  facet normal 0.336897 -0.941542 0
    outer loop
      vertex 77.1611 0.172241 0
      vertex 77.5307 0.304489 26
      vertex 77.1611 0.172241 26
    endloop
  endfacet
  facet normal 0.336897 -0.941542 0
    outer loop
      vertex 77.5307 0.304489 26
      vertex 77.1611 0.172241 0
      vertex 77.5307 0.304489 0
    endloop
  endfacet
  facet normal 0.514078 -0.857743 0
    outer loop
      vertex 77.8856 0.472321 0
      vertex 78.2223 0.674118 26
      vertex 77.8856 0.472321 26
    endloop
  endfacet
  facet normal 0.514078 -0.857743 0
    outer loop
      vertex 78.2223 0.674118 26
      vertex 77.8856 0.472321 0
      vertex 78.2223 0.674118 0
    endloop
  endfacet
  facet normal -0.904012 0.427507 0
    outer loop
      vertex 0.304489 47.5307 0
      vertex 0.472321 47.8856 26
      vertex 0.472321 47.8856 0
    endloop
  endfacet
  facet normal -0.904012 0.427507 0
    outer loop
      vertex 0.472321 47.8856 26
      vertex 0.304489 47.5307 0
      vertex 0.304489 47.5307 26
    endloop
  endfacet
  facet normal -0.671531 0.740977 0
    outer loop
      vertex 1.46243 49.092 0
      vertex 1.17157 48.8284 26
      vertex 1.46243 49.092 26
    endloop
  endfacet
  facet normal -0.671531 0.740977 0
    outer loop
      vertex 1.17157 48.8284 26
      vertex 1.46243 49.092 0
      vertex 1.17157 48.8284 0
    endloop
  endfacet
  facet normal -0.595794 0.803137 0
    outer loop
      vertex 1.77773 49.3259 0
      vertex 1.46243 49.092 26
      vertex 1.77773 49.3259 26
    endloop
  endfacet
  facet normal -0.595794 0.803137 0
    outer loop
      vertex 1.46243 49.092 26
      vertex 1.77773 49.3259 0
      vertex 1.46243 49.092 0
    endloop
  endfacet
  facet normal -0.242793 0.970078 0
    outer loop
      vertex 3.21964 49.9231 0
      vertex 2.83887 49.8278 26
      vertex 3.21964 49.9231 26
    endloop
  endfacet
  facet normal -0.242793 0.970078 0
    outer loop
      vertex 2.83887 49.8278 26
      vertex 3.21964 49.9231 0
      vertex 2.83887 49.8278 0
    endloop
  endfacet
  facet normal -0.146737 0.989176 0
    outer loop
      vertex 3.60793 49.9807 0
      vertex 3.21964 49.9231 26
      vertex 3.60793 49.9807 26
    endloop
  endfacet
  facet normal -0.146737 0.989176 0
    outer loop
      vertex 3.21964 49.9231 26
      vertex 3.60793 49.9807 0
      vertex 3.21964 49.9231 0
    endloop
  endfacet
  facet normal -0.337014 0.9415 0
    outer loop
      vertex 2.83887 49.8278 0
      vertex 2.46927 49.6955 26
      vertex 2.83887 49.8278 26
    endloop
  endfacet
  facet normal -0.337014 0.9415 0
    outer loop
      vertex 2.46927 49.6955 26
      vertex 2.83887 49.8278 0
      vertex 2.46927 49.6955 0
    endloop
  endfacet
  facet normal -0.671546 -0.740963 0
    outer loop
      vertex 1.17157 1.17157 0
      vertex 1.46243 0.907959 26
      vertex 1.17157 1.17157 26
    endloop
  endfacet
  facet normal -0.671546 -0.740963 -0
    outer loop
      vertex 1.46243 0.907959 26
      vertex 1.17157 1.17157 0
      vertex 1.46243 0.907959 0
    endloop
  endfacet
  facet normal -0 0 -1
    outer loop
      vertex 16.4076 15.8076 0
      vertex 8.07847 8.31412 0
      vertex 15.5509 16.7529 0
    endloop
  endfacet
  facet normal 0 0 -1
    outer loop
      vertex 12.6 25 0
      vertex 8.69181 42.8334 0
      vertex 8.7 43 0
    endloop
  endfacet
  facet normal 0 0 -1
    outer loop
      vertex 7.94447 8.4135 0
      vertex 15.5509 16.7529 0
      vertex 8.07847 8.31412 0
    endloop
  endfacet
  facet normal 0 0 -1
    outer loop
      vertex 12.6 25 0
      vertex 8.66733 42.6683 0
      vertex 8.69181 42.8334 0
    endloop
  endfacet
  facet normal 0 0 -1
    outer loop
      vertex 7.80137 8.49927 0
      vertex 15.5509 16.7529 0
      vertex 7.94447 8.4135 0
    endloop
  endfacet
  facet normal 0 0 -1
    outer loop
      vertex 12.6 25 0
      vertex 8.6268 42.5065 0
      vertex 8.66733 42.6683 0
    endloop
  endfacet
  facet normal -0 0 -1
    outer loop
      vertex 15.5509 16.7529 0
      vertex 7.80137 8.49927 0
      vertex 14.7909 17.7776 0
    endloop
  endfacet
  facet normal 0 0 -1
    outer loop
      vertex 12.6 25 0
      vertex 8.57059 42.3494 0
      vertex 8.6268 42.5065 0
    endloop
  endfacet
  facet normal 0 0 -1
    outer loop
      vertex 7.65056 8.57059 0
      vertex 14.7909 17.7776 0
      vertex 7.80137 8.49927 0
    endloop
  endfacet
  facet normal 0 0 -1
    outer loop
      vertex 12.6 25 0
      vertex 8.49927 42.1986 0
      vertex 8.57059 42.3494 0
    endloop
  endfacet
  facet normal 0 0 -1
    outer loop
      vertex 7.49348 8.6268 0
      vertex 14.7909 17.7776 0
      vertex 7.65056 8.57059 0
    endloop
  endfacet
  facet normal 0 0 -1
    outer loop
      vertex 12.6 25 0
      vertex 8.4135 42.0555 0
      vertex 8.49927 42.1986 0
    endloop
  endfacet
  facet normal 0 0 -1
    outer loop
      vertex 7.33165 8.66733 0
      vertex 14.7909 17.7776 0
      vertex 7.49348 8.6268 0
    endloop
  endfacet
  facet normal 0 0 -1
    outer loop
      vertex 12.6 25 0
      vertex 8.31412 41.9215 0
      vertex 8.4135 42.0555 0
    endloop
  endfacet
  facet normal -0 0 -1
    outer loop
      vertex 14.7909 17.7776 0
      vertex 7.33165 8.66733 0
      vertex 14.135 18.8718 0
    endloop
  endfacet
  facet normal 0 0 -1
    outer loop
      vertex 12.6 25 0
      vertex 8.20208 41.7979 0
      vertex 8.31412 41.9215 0
    endloop
  endfacet
  facet normal 0 0 -1
    outer loop
      vertex 7.16663 8.69181 0
      vertex 14.135 18.8718 0
      vertex 7.33165 8.66733 0
    endloop
  endfacet
  facet normal 0 0 -1
    outer loop
      vertex 12.6 25 0
      vertex 8.07847 41.6859 0
      vertex 8.20208 41.7979 0
    endloop
  endfacet
  facet normal 0 0 -1
    outer loop
      vertex 7 8.7 0
      vertex 14.135 18.8718 0
      vertex 7.16663 8.69181 0
    endloop
  endfacet
  facet normal 0 0 -1
    outer loop
      vertex 12.6 25 0
      vertex 7.94447 41.5865 0
      vertex 8.07847 41.6859 0
    endloop
  endfacet
  facet normal -0 0 -1
    outer loop
      vertex 14.135 18.8718 0
      vertex 7 8.7 0
      vertex 13.5896 20.0251 0
    endloop
  endfacet
  facet normal 0 0 -1
    outer loop
      vertex 12.6 25 0
      vertex 7.80137 41.5007 0
      vertex 7.94447 41.5865 0
    endloop
  endfacet
  facet normal 0 0 -1
    outer loop
      vertex 6.83337 8.69181 0
      vertex 13.5896 20.0251 0
      vertex 7 8.7 0
    endloop
  endfacet
  facet normal 0 0 -1
    outer loop
      vertex 12.6 25 0
      vertex 7.65056 41.4294 0
      vertex 7.80137 41.5007 0
    endloop
  endfacet
  facet normal 0 0 -1
    outer loop
      vertex 6.66835 8.66733 0
      vertex 13.5896 20.0251 0
      vertex 6.83337 8.69181 0
    endloop
  endfacet
  facet normal 0 0 -1
    outer loop
      vertex 12.6 25 0
      vertex 7.49348 41.3732 0
      vertex 7.65056 41.4294 0
    endloop
  endfacet
  facet normal -0 0 -1
    outer loop
      vertex 13.5896 20.0251 0
      vertex 6.66835 8.66733 0
      vertex 13.1598 21.2263 0
    endloop
  endfacet
  facet normal 0 0 -1
    outer loop
      vertex 12.6 25 0
      vertex 7.33165 41.3327 0
      vertex 7.49348 41.3732 0
    endloop
  endfacet
  facet normal 0 0 -1
    outer loop
      vertex 6.50652 8.6268 0
      vertex 13.1598 21.2263 0
      vertex 6.66835 8.66733 0
    endloop
  endfacet
  facet normal 0 0 -1
    outer loop
      vertex 12.6 25 0
      vertex 7.16663 41.3082 0
      vertex 7.33165 41.3327 0
    endloop
  endfacet
  facet normal 0 0 -1
    outer loop
      vertex 6.34944 8.57059 0
      vertex 13.1598 21.2263 0
      vertex 6.50652 8.6268 0
    endloop
  endfacet
  facet normal 0 0 -1
    outer loop
      vertex 12.6 25 0
      vertex 7 41.3 0
      vertex 7.16663 41.3082 0
    endloop
  endfacet
  facet normal -0 0 -1
    outer loop
      vertex 13.1598 21.2263 0
      vertex 6.34944 8.57059 0
      vertex 12.8498 22.4638 0
    endloop
  endfacet
  facet normal 0 0 -1
    outer loop
      vertex 12.6 25 0
      vertex 6.83337 41.3082 0
      vertex 7 41.3 0
    endloop
  endfacet
  facet normal 0 0 -1
    outer loop
      vertex 6.19862 8.49927 0
      vertex 12.8498 22.4638 0
      vertex 6.34944 8.57059 0
    endloop
  endfacet
  facet normal 0 0 -1
    outer loop
      vertex 12.6 25 0
      vertex 6.66835 41.3327 0
      vertex 6.83337 41.3082 0
    endloop
  endfacet
  facet normal 0 0 -1
    outer loop
      vertex 6.05553 8.4135 0
      vertex 12.8498 22.4638 0
      vertex 6.19862 8.49927 0
    endloop
  endfacet
  facet normal 0 0 -1
    outer loop
      vertex 12.6 25 0
      vertex 6.50652 41.3732 0
      vertex 6.66835 41.3327 0
    endloop
  endfacet
  facet normal -0 0 -1
    outer loop
      vertex 12.8498 22.4638 0
      vertex 6.05553 8.4135 0
      vertex 12.6626 23.7258 0
    endloop
  endfacet
  facet normal 0 0 -1
    outer loop
      vertex 12.6 25 0
      vertex 6.34944 41.4294 0
      vertex 6.50652 41.3732 0
    endloop
  endfacet
  facet normal 0 0 -1
    outer loop
      vertex 5.92153 8.31412 0
      vertex 12.6626 23.7258 0
      vertex 6.05553 8.4135 0
    endloop
  endfacet
  facet normal 0 0 -1
    outer loop
      vertex 12.6 25 0
      vertex 6.19862 41.5007 0
      vertex 6.34944 41.4294 0
    endloop
  endfacet
  facet normal -0 0 -1
    outer loop
      vertex 12.6626 23.7258 0
      vertex 5.92153 8.31412 0
      vertex 12.6 25 0
    endloop
  endfacet
  facet normal 0 0 -1
    outer loop
      vertex 12.6 25 0
      vertex 6.05553 41.5865 0
      vertex 6.19862 41.5007 0
    endloop
  endfacet
  facet normal 0 0 -1
    outer loop
      vertex 5.79792 8.20208 0
      vertex 12.6 25 0
      vertex 5.92153 8.31412 0
    endloop
  endfacet
  facet normal 0 0 -1
    outer loop
      vertex 12.6 25 0
      vertex 5.92153 41.6859 0
      vertex 6.05553 41.5865 0
    endloop
  endfacet
  facet normal 0 0 -1
    outer loop
      vertex 0 4 0
      vertex 12.6 25 0
      vertex 5.79792 8.20208 0
    endloop
  endfacet
  facet normal 0 0 -1
    outer loop
      vertex 12.6 25 0
      vertex 5.79792 41.7979 0
      vertex 5.92153 41.6859 0
    endloop
  endfacet
  facet normal 0 0 -1
    outer loop
      vertex 0 4 0
      vertex 5.79792 8.20208 0
      vertex 5.68588 8.07847 0
    endloop
  endfacet
  facet normal 0 0 -1
    outer loop
      vertex 0 46 0
      vertex 12.6 25 0
      vertex 0 4 0
    endloop
  endfacet
  facet normal 0 0 -1
    outer loop
      vertex 0 4 0
      vertex 5.68588 8.07847 0
      vertex 5.5865 7.94447 0
    endloop
  endfacet
  facet normal 0 0 -1
    outer loop
      vertex 12.6 25 0
      vertex 0 46 0
      vertex 5.79792 41.7979 0
    endloop
  endfacet
  facet normal 0 0 -1
    outer loop
      vertex 0 4 0
      vertex 5.5865 7.94447 0
      vertex 5.50073 7.80137 0
    endloop
  endfacet
  facet normal 0 0 -1
    outer loop
      vertex 5.79792 41.7979 0
      vertex 0 46 0
      vertex 5.68588 41.9215 0
    endloop
  endfacet
  facet normal 0 0 -1
    outer loop
      vertex 0 4 0
      vertex 5.50073 7.80137 0
      vertex 5.4294 7.65056 0
    endloop
  endfacet
  facet normal 0 0 -1
    outer loop
      vertex 5.68588 41.9215 0
      vertex 0 46 0
      vertex 5.5865 42.0555 0
    endloop
  endfacet
  facet normal 0 0 -1
    outer loop
      vertex 0 4 0
      vertex 5.4294 7.65056 0
      vertex 5.3732 7.49348 0
    endloop
  endfacet
  facet normal 0 0 -1
    outer loop
      vertex 5.5865 42.0555 0
      vertex 0 46 0
      vertex 5.50073 42.1986 0
    endloop
  endfacet
  facet normal 0 0 -1
    outer loop
      vertex 0 4 0
      vertex 5.3732 7.49348 0
      vertex 5.33266 7.33165 0
    endloop
  endfacet
  facet normal 0 0 -1
    outer loop
      vertex 5.50073 42.1986 0
      vertex 0 46 0
      vertex 5.4294 42.3494 0
    endloop
  endfacet
  facet normal 0 0 -1
    outer loop
      vertex 0 4 0
      vertex 5.33266 7.33165 0
      vertex 5.30819 7.16663 0
    endloop
  endfacet
  facet normal 0 0 -1
    outer loop
      vertex 5.4294 42.3494 0
      vertex 0 46 0
      vertex 5.3732 42.5065 0
    endloop
  endfacet
  facet normal 0 0 -1
    outer loop
      vertex 0 4 0
      vertex 5.30819 7.16663 0
      vertex 5.3 7 0
    endloop
  endfacet
  facet normal 0 0 -1
    outer loop
      vertex 5.3732 42.5065 0
      vertex 0 46 0
      vertex 5.33266 42.6683 0
    endloop
  endfacet
  facet normal 0 0 -1
    outer loop
      vertex 74.6268 7.49348 0
      vertex 80 4 0
      vertex 74.6673 7.33165 0
    endloop
  endfacet
  facet normal 0 0 -1
    outer loop
      vertex 80 46 0
      vertex 74.6918 42.8334 0
      vertex 74.7 43 0
    endloop
  endfacet
  facet normal 0 -0 -1
    outer loop
      vertex 73.45 25 0
      vertex 80 4 0
      vertex 73.443 24.8579 0
    endloop
  endfacet
  facet normal 0 0 -1
    outer loop
      vertex 80 46 0
      vertex 74.6673 42.6683 0
      vertex 74.6918 42.8334 0
    endloop
  endfacet
  facet normal 0 0 -1
    outer loop
      vertex 74.5706 7.65056 0
      vertex 80 4 0
      vertex 74.6268 7.49348 0
    endloop
  endfacet
  facet normal 0 0 -1
    outer loop
      vertex 73.443 25.1421 0
      vertex 80 46 0
      vertex 73.45 25 0
    endloop
  endfacet
  facet normal 0 0 -1
    outer loop
      vertex 74.4993 7.80137 0
      vertex 80 4 0
      vertex 74.5706 7.65056 0
    endloop
  endfacet
  facet normal 0 0 -1
    outer loop
      vertex 73.4221 25.2829 0
      vertex 80 46 0
      vertex 73.443 25.1421 0
    endloop
  endfacet
  facet normal 0 0 -1
    outer loop
      vertex 74.4135 7.94447 0
      vertex 80 4 0
      vertex 74.4993 7.80137 0
    endloop
  endfacet
  facet normal 0 0 -1
    outer loop
      vertex 80 46 0
      vertex 74.6268 42.5065 0
      vertex 74.6673 42.6683 0
    endloop
  endfacet
  facet normal 0 0 -1
    outer loop
      vertex 74.3141 8.07847 0
      vertex 80 4 0
      vertex 74.4135 7.94447 0
    endloop
  endfacet
  facet normal 0 0 -1
    outer loop
      vertex 73.3876 25.4209 0
      vertex 80 46 0
      vertex 73.4221 25.2829 0
    endloop
  endfacet
  facet normal 0 0 -1
    outer loop
      vertex 73.2056 24.1944 0
      vertex 80 4 0
      vertex 74.3141 8.07847 0
    endloop
  endfacet
  facet normal 0 0 -1
    outer loop
      vertex 80 46 0
      vertex 74.5706 42.3494 0
      vertex 74.6268 42.5065 0
    endloop
  endfacet
  facet normal 0 0 -1
    outer loop
      vertex 73.2056 24.1944 0
      vertex 74.3141 8.07847 0
      vertex 74.2021 8.20208 0
    endloop
  endfacet
  facet normal 0 0 -1
    outer loop
      vertex 73.3396 25.5549 0
      vertex 80 46 0
      vertex 73.3876 25.4209 0
    endloop
  endfacet
  facet normal 0 0 -1
    outer loop
      vertex 73.1209 24.0801 0
      vertex 74.2021 8.20208 0
      vertex 74.0785 8.31412 0
    endloop
  endfacet
  facet normal 0 0 -1
    outer loop
      vertex 80 46 0
      vertex 74.4993 42.1986 0
      vertex 74.5706 42.3494 0
    endloop
  endfacet
  facet normal 0 0 -1
    outer loop
      vertex 73.0253 23.9747 0
      vertex 74.0785 8.31412 0
      vertex 73.9445 8.4135 0
    endloop
  endfacet
  facet normal 0 0 -1
    outer loop
      vertex 73.2788 25.6835 0
      vertex 80 46 0
      vertex 73.3396 25.5549 0
    endloop
  endfacet
  facet normal 0 0 -1
    outer loop
      vertex 72.9199 23.8791 0
      vertex 73.9445 8.4135 0
      vertex 73.8014 8.49927 0
    endloop
  endfacet
  facet normal 0 0 -1
    outer loop
      vertex 80 46 0
      vertex 74.4135 42.0555 0
      vertex 74.4993 42.1986 0
    endloop
  endfacet
  facet normal 0 0 -1
    outer loop
      vertex 72.8056 23.7944 0
      vertex 73.8014 8.49927 0
      vertex 73.6506 8.57059 0
    endloop
  endfacet
  facet normal 0 0 -1
    outer loop
      vertex 73.2056 25.8056 0
      vertex 80 46 0
      vertex 73.2788 25.6835 0
    endloop
  endfacet
  facet normal 0 0 -1
    outer loop
      vertex 72.6835 23.7212 0
      vertex 73.6506 8.57059 0
      vertex 73.4935 8.6268 0
    endloop
  endfacet
  facet normal 0 0 -1
    outer loop
      vertex 80 46 0
      vertex 74.3141 41.9215 0
      vertex 74.4135 42.0555 0
    endloop
  endfacet
  facet normal 0 0 -1
    outer loop
      vertex 80 46 0
      vertex 73.2056 25.8056 0
      vertex 74.3141 41.9215 0
    endloop
  endfacet
  facet normal 0 0 -1
    outer loop
      vertex 80 4 0
      vertex 73.45 25 0
      vertex 80 46 0
    endloop
  endfacet
  facet normal 0 0 -1
    outer loop
      vertex 80 4 0
      vertex 73.4221 24.7171 0
      vertex 73.443 24.8579 0
    endloop
  endfacet
  facet normal 0 0 -1
    outer loop
      vertex 80 4 0
      vertex 73.3876 24.5791 0
      vertex 73.4221 24.7171 0
    endloop
  endfacet
  facet normal 0 0 -1
    outer loop
      vertex 80 4 0
      vertex 73.3396 24.4451 0
      vertex 73.3876 24.5791 0
    endloop
  endfacet
  facet normal 0 0 -1
    outer loop
      vertex 72.5549 23.6604 0
      vertex 73.4935 8.6268 0
      vertex 73.3316 8.66733 0
    endloop
  endfacet
  facet normal 0 0 -1
    outer loop
      vertex 80 4 0
      vertex 73.2788 24.3165 0
      vertex 73.3396 24.4451 0
    endloop
  endfacet
  facet normal 0 0 -1
    outer loop
      vertex 80 4 0
      vertex 73.2056 24.1944 0
      vertex 73.2788 24.3165 0
    endloop
  endfacet
  facet normal 0 0 -1
    outer loop
      vertex 72.4209 23.6124 0
      vertex 73.3316 8.66733 0
      vertex 73.1666 8.69181 0
    endloop
  endfacet
  facet normal 0 0 -1
    outer loop
      vertex 74.2021 8.20208 0
      vertex 73.1209 24.0801 0
      vertex 73.2056 24.1944 0
    endloop
  endfacet
  facet normal 0 0 -1
    outer loop
      vertex 74.0785 8.31412 0
      vertex 73.0253 23.9747 0
      vertex 73.1209 24.0801 0
    endloop
  endfacet
  facet normal 0 0 -1
    outer loop
      vertex 72.2829 23.5779 0
      vertex 73.1666 8.69181 0
      vertex 73 8.7 0
    endloop
  endfacet
  facet normal 0 0 -1
    outer loop
      vertex 73.9445 8.4135 0
      vertex 72.9199 23.8791 0
      vertex 73.0253 23.9747 0
    endloop
  endfacet
  facet normal 0 0 -1
    outer loop
      vertex 72.1421 23.557 0
      vertex 73 8.7 0
      vertex 72.8334 8.69181 0
    endloop
  endfacet
  facet normal 0 0 -1
    outer loop
      vertex 73.8014 8.49927 0
      vertex 72.8056 23.7944 0
      vertex 72.9199 23.8791 0
    endloop
  endfacet
  facet normal 0 0 -1
    outer loop
      vertex 73.6506 8.57059 0
      vertex 72.6835 23.7212 0
      vertex 72.8056 23.7944 0
    endloop
  endfacet
  facet normal 0 0 -1
    outer loop
      vertex 72 23.55 0
      vertex 72.8334 8.69181 0
      vertex 72.6684 8.66733 0
    endloop
  endfacet
  facet normal 0 0 -1
    outer loop
      vertex 73.4935 8.6268 0
      vertex 72.5549 23.6604 0
      vertex 72.6835 23.7212 0
    endloop
  endfacet
  facet normal 0 0 -1
    outer loop
      vertex 71.8579 23.557 0
      vertex 72.6684 8.66733 0
      vertex 72.5065 8.6268 0
    endloop
  endfacet
  facet normal 0 0 -1
    outer loop
      vertex 73.3316 8.66733 0
      vertex 72.4209 23.6124 0
      vertex 72.5549 23.6604 0
    endloop
  endfacet
  facet normal 0 0 -1
    outer loop
      vertex 71.7171 23.5779 0
      vertex 72.5065 8.6268 0
      vertex 72.3494 8.57059 0
    endloop
  endfacet
  facet normal 0 0 -1
    outer loop
      vertex 73.1666 8.69181 0
      vertex 72.2829 23.5779 0
      vertex 72.4209 23.6124 0
    endloop
  endfacet
  facet normal 0 0 -1
    outer loop
      vertex 71.5791 23.6124 0
      vertex 72.3494 8.57059 0
      vertex 72.1986 8.49927 0
    endloop
  endfacet
  facet normal 0 0 -1
    outer loop
      vertex 73 8.7 0
      vertex 72.1421 23.557 0
      vertex 72.2829 23.5779 0
    endloop
  endfacet
  facet normal 0 0 -1
    outer loop
      vertex 71.4451 23.6604 0
      vertex 72.1986 8.49927 0
      vertex 72.0555 8.4135 0
    endloop
  endfacet
  facet normal 0 0 -1
    outer loop
      vertex 72.8334 8.69181 0
      vertex 72 23.55 0
      vertex 72.1421 23.557 0
    endloop
  endfacet
  facet normal 0 0 -1
    outer loop
      vertex 71.3165 23.7212 0
      vertex 72.0555 8.4135 0
      vertex 71.9215 8.31412 0
    endloop
  endfacet
  facet normal 0 0 -1
    outer loop
      vertex 72.6684 8.66733 0
      vertex 71.8579 23.557 0
      vertex 72 23.55 0
    endloop
  endfacet
  facet normal 0 0 -1
    outer loop
      vertex 60.6835 23.7212 0
      vertex 71.9215 8.31412 0
      vertex 71.7979 8.20208 0
    endloop
  endfacet
  facet normal 0 0 -1
    outer loop
      vertex 72.5065 8.6268 0
      vertex 71.7171 23.5779 0
      vertex 71.8579 23.557 0
    endloop
  endfacet
  facet normal 0 0 -1
    outer loop
      vertex 60.5549 23.6604 0
      vertex 71.7979 8.20208 0
      vertex 71.6859 8.07847 0
    endloop
  endfacet
  facet normal 0 0 -1
    outer loop
      vertex 60.4209 23.6124 0
      vertex 71.6859 8.07847 0
      vertex 71.5865 7.94447 0
    endloop
  endfacet
  facet normal 0 0 -1
    outer loop
      vertex 72.3494 8.57059 0
      vertex 71.5791 23.6124 0
      vertex 71.7171 23.5779 0
    endloop
  endfacet
  facet normal 0 0 -1
    outer loop
      vertex 60.2829 23.5779 0
      vertex 71.5865 7.94447 0
      vertex 71.5007 7.80137 0
    endloop
  endfacet
  facet normal 0 0 -1
    outer loop
      vertex 72.1986 8.49927 0
      vertex 71.4451 23.6604 0
      vertex 71.5791 23.6124 0
    endloop
  endfacet
  facet normal 0 0 -1
    outer loop
      vertex 60.1421 23.557 0
      vertex 71.5007 7.80137 0
      vertex 71.4294 7.65056 0
    endloop
  endfacet
  facet normal 0 0 -1
    outer loop
      vertex 60 23.55 0
      vertex 71.4294 7.65056 0
      vertex 71.3732 7.49348 0
    endloop
  endfacet
  facet normal 0 0 -1
    outer loop
      vertex 59.8579 23.557 0
      vertex 71.3732 7.49348 0
      vertex 71.3327 7.33165 0
    endloop
  endfacet
  facet normal 0 0 -1
    outer loop
      vertex 72.0555 8.4135 0
      vertex 71.3165 23.7212 0
      vertex 71.4451 23.6604 0
    endloop
  endfacet
  facet normal 0 0 -1
    outer loop
      vertex 59.7171 23.5779 0
      vertex 71.3327 7.33165 0
      vertex 71.3082 7.16663 0
    endloop
  endfacet
  facet normal 0 0 -1
    outer loop
      vertex 59.5791 23.6124 0
      vertex 71.3082 7.16663 0
      vertex 71.3 7 0
    endloop
  endfacet
  facet normal 0 0 -1
    outer loop
      vertex 71.9215 8.31412 0
      vertex 71.1944 23.7944 0
      vertex 71.3165 23.7212 0
    endloop
  endfacet
  facet normal 0 0 -1
    outer loop
      vertex 74.3141 5.92153 0
      vertex 80 4 0
      vertex 79.9807 3.60793 0
    endloop
  endfacet
  facet normal 0 0 -1
    outer loop
      vertex 74.6918 7.16663 0
      vertex 80 4 0
      vertex 74.7 7 0
    endloop
  endfacet
  facet normal 0 0 -1
    outer loop
      vertex 74.3141 5.92153 0
      vertex 79.9807 3.60793 0
      vertex 79.9231 3.21964 0
    endloop
  endfacet
  facet normal 0 0 -1
    outer loop
      vertex 74.6673 7.33165 0
      vertex 80 4 0
      vertex 74.6918 7.16663 0
    endloop
  endfacet
  facet normal 0 0 -1
    outer loop
      vertex 74.3141 5.92153 0
      vertex 79.9231 3.21964 0
      vertex 79.8278 2.83887 0
    endloop
  endfacet
  facet normal 0 0 -1
    outer loop
      vertex 74.6918 43.1666 0
      vertex 80 46 0
      vertex 74.7 43 0
    endloop
  endfacet
  facet normal 0 0 -1
    outer loop
      vertex 74.3141 5.92153 0
      vertex 79.8278 2.83887 0
      vertex 79.6955 2.46927 0
    endloop
  endfacet
  facet normal 0 0 -1
    outer loop
      vertex 74.6673 43.3317 0
      vertex 80 46 0
      vertex 74.6918 43.1666 0
    endloop
  endfacet
  facet normal 0 0 -1
    outer loop
      vertex 74.3141 5.92153 0
      vertex 79.6955 2.46927 0
      vertex 79.5277 2.11441 0
    endloop
  endfacet
  facet normal 0 0 -1
    outer loop
      vertex 74.6268 43.4935 0
      vertex 80 46 0
      vertex 74.6673 43.3317 0
    endloop
  endfacet
  facet normal 0 0 -1
    outer loop
      vertex 74.2021 5.79792 0
      vertex 79.5277 2.11441 0
      vertex 79.3259 1.77773 0
    endloop
  endfacet
  facet normal 0 0 -1
    outer loop
      vertex 74.5706 43.6506 0
      vertex 80 46 0
      vertex 74.6268 43.4935 0
    endloop
  endfacet
  facet normal 0 0 -1
    outer loop
      vertex 74.2021 5.79792 0
      vertex 79.3259 1.77773 0
      vertex 79.092 1.46243 0
    endloop
  endfacet
  facet normal 0 0 -1
    outer loop
      vertex 74.4993 43.8014 0
      vertex 80 46 0
      vertex 74.5706 43.6506 0
    endloop
  endfacet
  facet normal 0 0 -1
    outer loop
      vertex 74.2021 5.79792 0
      vertex 79.092 1.46243 0
      vertex 78.8284 1.17157 0
    endloop
  endfacet
  facet normal 0 0 -1
    outer loop
      vertex 74.4135 43.9445 0
      vertex 80 46 0
      vertex 74.4993 43.8014 0
    endloop
  endfacet
  facet normal 0 0 -1
    outer loop
      vertex 74.2021 5.79792 0
      vertex 78.8284 1.17157 0
      vertex 78.5376 0.907959 0
    endloop
  endfacet
  facet normal 0 0 -1
    outer loop
      vertex 74.3141 44.0785 0
      vertex 80 46 0
      vertex 74.4135 43.9445 0
    endloop
  endfacet
  facet normal 0 0 -1
    outer loop
      vertex 74.2021 5.79792 0
      vertex 78.5376 0.907959 0
      vertex 78.2223 0.674118 0
    endloop
  endfacet
  facet normal -0 0 -1
    outer loop
      vertex 80 46 0
      vertex 74.3141 44.0785 0
      vertex 79.9807 46.3921 0
    endloop
  endfacet
  facet normal 0 0 -1
    outer loop
      vertex 74.2021 5.79792 0
      vertex 78.2223 0.674118 0
      vertex 77.8856 0.472321 0
    endloop
  endfacet
  facet normal -0 0 -1
    outer loop
      vertex 79.9807 46.3921 0
      vertex 74.3141 44.0785 0
      vertex 79.9231 46.7804 0
    endloop
  endfacet
  facet normal 0 0 -1
    outer loop
      vertex 74.2021 5.79792 0
      vertex 77.8856 0.472321 0
      vertex 77.5307 0.304489 0
    endloop
  endfacet
  facet normal -0 0 -1
    outer loop
      vertex 79.9231 46.7804 0
      vertex 74.3141 44.0785 0
      vertex 79.8278 47.1611 0
    endloop
  endfacet
  facet normal 0 0 -1
    outer loop
      vertex 74.0785 5.68588 0
      vertex 77.5307 0.304489 0
      vertex 77.1611 0.172241 0
    endloop
  endfacet
  facet normal -0 0 -1
    outer loop
      vertex 79.8278 47.1611 0
      vertex 74.3141 44.0785 0
      vertex 79.6955 47.5307 0
    endloop
  endfacet
  facet normal 0 0 -1
    outer loop
      vertex 74.0785 5.68588 0
      vertex 77.1611 0.172241 0
      vertex 76.7804 0.0768585 0
    endloop
  endfacet
  facet normal -0 0 -1
    outer loop
      vertex 79.6955 47.5307 0
      vertex 74.3141 44.0785 0
      vertex 79.5277 47.8856 0
    endloop
  endfacet
  facet normal 0 0 -1
    outer loop
      vertex 74.0785 5.68588 0
      vertex 76.7804 0.0768585 0
      vertex 76.3921 0.0192566 0
    endloop
  endfacet
  facet normal 0 0 -1
    outer loop
      vertex 74.2021 44.2021 0
      vertex 79.5277 47.8856 0
      vertex 74.3141 44.0785 0
    endloop
  endfacet
  facet normal 0 0 -1
    outer loop
      vertex 74.0785 5.68588 0
      vertex 76.3921 0.0192566 0
      vertex 76 0 0
    endloop
  endfacet
  facet normal -0 0 -1
    outer loop
      vertex 79.5277 47.8856 0
      vertex 74.2021 44.2021 0
      vertex 79.3259 48.2223 0
    endloop
  endfacet
  facet normal -0 0 -1
    outer loop
      vertex 79.3259 48.2223 0
      vertex 74.2021 44.2021 0
      vertex 79.092 48.5376 0
    endloop
  endfacet
  facet normal 0 0 -1
    outer loop
      vertex 80 4 0
      vertex 74.6918 6.83337 0
      vertex 74.7 7 0
    endloop
  endfacet
  facet normal 0 0 -1
    outer loop
      vertex 80 4 0
      vertex 74.6673 6.66835 0
      vertex 74.6918 6.83337 0
    endloop
  endfacet
  facet normal 0 0 -1
    outer loop
      vertex 80 4 0
      vertex 74.6268 6.50652 0
      vertex 74.6673 6.66835 0
    endloop
  endfacet
  facet normal 0 0 -1
    outer loop
      vertex 80 4 0
      vertex 74.5706 6.34944 0
      vertex 74.6268 6.50652 0
    endloop
  endfacet
  facet normal 0 0 -1
    outer loop
      vertex 80 4 0
      vertex 74.4993 6.19862 0
      vertex 74.5706 6.34944 0
    endloop
  endfacet
  facet normal 0 0 -1
    outer loop
      vertex 80 4 0
      vertex 74.4135 6.05553 0
      vertex 74.4993 6.19862 0
    endloop
  endfacet
  facet normal 0 0 -1
    outer loop
      vertex 80 4 0
      vertex 74.3141 5.92153 0
      vertex 74.4135 6.05553 0
    endloop
  endfacet
  facet normal 0 0 -1
    outer loop
      vertex 79.5277 2.11441 0
      vertex 74.2021 5.79792 0
      vertex 74.3141 5.92153 0
    endloop
  endfacet
  facet normal 0 0 -1
    outer loop
      vertex 77.5307 0.304489 0
      vertex 74.0785 5.68588 0
      vertex 74.2021 5.79792 0
    endloop
  endfacet
  facet normal 0 0 -1
    outer loop
      vertex 76 0 0
      vertex 73.9445 5.5865 0
      vertex 74.0785 5.68588 0
    endloop
  endfacet
  facet normal 0 0 -1
    outer loop
      vertex 76 0 0
      vertex 73.8014 5.50073 0
      vertex 73.9445 5.5865 0
    endloop
  endfacet
  facet normal 0 0 -1
    outer loop
      vertex 76 0 0
      vertex 73.6506 5.4294 0
      vertex 73.8014 5.50073 0
    endloop
  endfacet
  facet normal 0 0 -1
    outer loop
      vertex 76 0 0
      vertex 73.4935 5.3732 0
      vertex 73.6506 5.4294 0
    endloop
  endfacet
  facet normal 0 0 -1
    outer loop
      vertex 76 0 0
      vertex 73.3316 5.33266 0
      vertex 73.4935 5.3732 0
    endloop
  endfacet
  facet normal 0 0 -1
    outer loop
      vertex 76 0 0
      vertex 73.1666 5.30819 0
      vertex 73.3316 5.33266 0
    endloop
  endfacet
  facet normal 0 0 -1
    outer loop
      vertex 76 0 0
      vertex 73 5.3 0
      vertex 73.1666 5.30819 0
    endloop
  endfacet
  facet normal 0 0 -1
    outer loop
      vertex 76 0 0
      vertex 72.8334 5.30819 0
      vertex 73 5.3 0
    endloop
  endfacet
  facet normal 0 0 -1
    outer loop
      vertex 76 0 0
      vertex 72.6684 5.33266 0
      vertex 72.8334 5.30819 0
    endloop
  endfacet
  facet normal 0 0 -1
    outer loop
      vertex 76 0 0
      vertex 72.5065 5.3732 0
      vertex 72.6684 5.33266 0
    endloop
  endfacet
  facet normal 0 0 -1
    outer loop
      vertex 76 0 0
      vertex 72.3494 5.4294 0
      vertex 72.5065 5.3732 0
    endloop
  endfacet
  facet normal 0 0 -1
    outer loop
      vertex 76 0 0
      vertex 72.1986 5.50073 0
      vertex 72.3494 5.4294 0
    endloop
  endfacet
  facet normal 0 0 -1
    outer loop
      vertex 76 0 0
      vertex 72.0555 5.5865 0
      vertex 72.1986 5.50073 0
    endloop
  endfacet
  facet normal 0 0 -1
    outer loop
      vertex 76 0 0
      vertex 71.9215 5.68588 0
      vertex 72.0555 5.5865 0
    endloop
  endfacet
  facet normal 0 0 -1
    outer loop
      vertex 76 0 0
      vertex 71.7979 5.79792 0
      vertex 71.9215 5.68588 0
    endloop
  endfacet
  facet normal 0 0 -1
    outer loop
      vertex 76 0 0
      vertex 71.6859 5.92153 0
      vertex 71.7979 5.79792 0
    endloop
  endfacet
  facet normal 0 0 -1
    outer loop
      vertex 31.7282 13.535 0
      vertex 71.6859 5.92153 0
      vertex 76 0 0
    endloop
  endfacet
  facet normal 0 0 -1
    outer loop
      vertex 71.9215 8.31412 0
      vertex 60.8056 23.7944 0
      vertex 71.1944 23.7944 0
    endloop
  endfacet
  facet normal 0 0 -1
    outer loop
      vertex 71.1944 23.7944 0
      vertex 60.8056 23.7944 0
      vertex 71.0801 23.8791 0
    endloop
  endfacet
  facet normal 0 -0 -1
    outer loop
      vertex 60.9199 23.8791 0
      vertex 71.0801 23.8791 0
      vertex 60.8056 23.7944 0
    endloop
  endfacet
  facet normal 0 0 -1
    outer loop
      vertex 71.0801 23.8791 0
      vertex 60.9199 23.8791 0
      vertex 70.9747 23.9747 0
    endloop
  endfacet
  facet normal 0 -0 -1
    outer loop
      vertex 61.0253 23.9747 0
      vertex 70.9747 23.9747 0
      vertex 60.9199 23.8791 0
    endloop
  endfacet
  facet normal 0 0 -1
    outer loop
      vertex 70.9747 23.9747 0
      vertex 61.0253 23.9747 0
      vertex 70.8791 24.0801 0
    endloop
  endfacet
  facet normal 0 -0 -1
    outer loop
      vertex 61.1209 24.0801 0
      vertex 70.8791 24.0801 0
      vertex 61.0253 23.9747 0
    endloop
  endfacet
  facet normal 0 0 -1
    outer loop
      vertex 70.8791 24.0801 0
      vertex 61.1209 24.0801 0
      vertex 70.7944 24.1944 0
    endloop
  endfacet
  facet normal 0 -0 -1
    outer loop
      vertex 61.2056 24.1944 0
      vertex 70.7944 24.1944 0
      vertex 61.1209 24.0801 0
    endloop
  endfacet
  facet normal 0 0 -1
    outer loop
      vertex 70.7944 24.1944 0
      vertex 61.2056 24.1944 0
      vertex 70.7212 24.3165 0
    endloop
  endfacet
  facet normal 0 0 -1
    outer loop
      vertex 70.7212 24.3165 0
      vertex 61.2788 24.3165 0
      vertex 70.6604 24.4451 0
    endloop
  endfacet
  facet normal 0 0 -1
    outer loop
      vertex 59.4451 23.6604 0
      vertex 71.3 7 0
      vertex 71.3082 6.83337 0
    endloop
  endfacet
  facet normal 0 0 -1
    outer loop
      vertex 35.6491 16.7529 0
      vertex 71.3082 6.83337 0
      vertex 71.3327 6.66835 0
    endloop
  endfacet
  facet normal 0 0 -1
    outer loop
      vertex 34.7924 15.8076 0
      vertex 71.3327 6.66835 0
      vertex 71.3732 6.50652 0
    endloop
  endfacet
  facet normal 0 0 -1
    outer loop
      vertex 34.7924 15.8076 0
      vertex 71.3732 6.50652 0
      vertex 71.4294 6.34944 0
    endloop
  endfacet
  facet normal 0 0 -1
    outer loop
      vertex 33.8471 14.9509 0
      vertex 71.4294 6.34944 0
      vertex 71.5007 6.19862 0
    endloop
  endfacet
  facet normal -0 0 -1
    outer loop
      vertex 70.55 25 0
      vertex 61.443 24.8579 0
      vertex 61.45 25 0
    endloop
  endfacet
  facet normal 0 0 -1
    outer loop
      vertex 70.557 24.8579 0
      vertex 61.443 24.8579 0
      vertex 70.55 25 0
    endloop
  endfacet
  facet normal 0 -0 -1
    outer loop
      vertex 61.443 24.8579 0
      vertex 70.557 24.8579 0
      vertex 61.4221 24.7171 0
    endloop
  endfacet
  facet normal 0 0 -1
    outer loop
      vertex 70.5779 24.7171 0
      vertex 61.4221 24.7171 0
      vertex 70.557 24.8579 0
    endloop
  endfacet
  facet normal 0 -0 -1
    outer loop
      vertex 61.4221 24.7171 0
      vertex 70.5779 24.7171 0
      vertex 61.3876 24.5791 0
    endloop
  endfacet
  facet normal 0 0 -1
    outer loop
      vertex 70.6124 24.5791 0
      vertex 61.3876 24.5791 0
      vertex 70.5779 24.7171 0
    endloop
  endfacet
  facet normal 0 -0 -1
    outer loop
      vertex 61.3876 24.5791 0
      vertex 70.6124 24.5791 0
      vertex 61.3396 24.4451 0
    endloop
  endfacet
  facet normal 0 0 -1
    outer loop
      vertex 70.6604 24.4451 0
      vertex 61.3396 24.4451 0
      vertex 70.6124 24.5791 0
    endloop
  endfacet
  facet normal 0 -0 -1
    outer loop
      vertex 61.3396 24.4451 0
      vertex 70.6604 24.4451 0
      vertex 61.2788 24.3165 0
    endloop
  endfacet
  facet normal 0 -0 -1
    outer loop
      vertex 61.2788 24.3165 0
      vertex 70.7212 24.3165 0
      vertex 61.2056 24.1944 0
    endloop
  endfacet
  facet normal 0 0 -1
    outer loop
      vertex 32.8224 14.1909 0
      vertex 71.5007 6.19862 0
      vertex 71.5865 6.05553 0
    endloop
  endfacet
  facet normal 0 0 -1
    outer loop
      vertex 71.9215 8.31412 0
      vertex 60.6835 23.7212 0
      vertex 60.8056 23.7944 0
    endloop
  endfacet
  facet normal 0 0 -1
    outer loop
      vertex 71.7979 8.20208 0
      vertex 60.5549 23.6604 0
      vertex 60.6835 23.7212 0
    endloop
  endfacet
  facet normal 0 0 -1
    outer loop
      vertex 71.6859 8.07847 0
      vertex 60.4209 23.6124 0
      vertex 60.5549 23.6604 0
    endloop
  endfacet
  facet normal 0 0 -1
    outer loop
      vertex 71.5865 7.94447 0
      vertex 60.2829 23.5779 0
      vertex 60.4209 23.6124 0
    endloop
  endfacet
  facet normal 0 0 -1
    outer loop
      vertex 71.5007 7.80137 0
      vertex 60.1421 23.557 0
      vertex 60.2829 23.5779 0
    endloop
  endfacet
  facet normal 0 0 -1
    outer loop
      vertex 71.4294 7.65056 0
      vertex 60 23.55 0
      vertex 60.1421 23.557 0
    endloop
  endfacet
  facet normal 0 0 -1
    outer loop
      vertex 71.3732 7.49348 0
      vertex 59.8579 23.557 0
      vertex 60 23.55 0
    endloop
  endfacet
  facet normal 0 0 -1
    outer loop
      vertex 71.3327 7.33165 0
      vertex 59.7171 23.5779 0
      vertex 59.8579 23.557 0
    endloop
  endfacet
  facet normal 0 0 -1
    outer loop
      vertex 71.3082 7.16663 0
      vertex 59.5791 23.6124 0
      vertex 59.7171 23.5779 0
    endloop
  endfacet
  facet normal 0 0 -1
    outer loop
      vertex 71.3 7 0
      vertex 59.4451 23.6604 0
      vertex 59.5791 23.6124 0
    endloop
  endfacet
  facet normal 0 0 -1
    outer loop
      vertex 71.3082 6.83337 0
      vertex 36.4091 17.7776 0
      vertex 59.4451 23.6604 0
    endloop
  endfacet
  facet normal -0 0 -1
    outer loop
      vertex 59.4451 23.6604 0
      vertex 36.4091 17.7776 0
      vertex 59.3165 23.7212 0
    endloop
  endfacet
  facet normal -0 0 -1
    outer loop
      vertex 59.3165 23.7212 0
      vertex 36.4091 17.7776 0
      vertex 59.1944 23.7944 0
    endloop
  endfacet
  facet normal 0 -0 -1
    outer loop
      vertex 37.065 18.8718 0
      vertex 59.1944 23.7944 0
      vertex 36.4091 17.7776 0
    endloop
  endfacet
  facet normal -0 0 -1
    outer loop
      vertex 59.1944 23.7944 0
      vertex 37.065 18.8718 0
      vertex 59.0801 23.8791 0
    endloop
  endfacet
  facet normal 0 -0 -1
    outer loop
      vertex 37.6104 20.0251 0
      vertex 59.0801 23.8791 0
      vertex 37.065 18.8718 0
    endloop
  endfacet
  facet normal 0 0 -1
    outer loop
      vertex 58.557 24.8579 0
      vertex 38.6 25 0
      vertex 58.55 25 0
    endloop
  endfacet
  facet normal 0 0 -1
    outer loop
      vertex 38.5374 23.7258 0
      vertex 58.557 24.8579 0
      vertex 58.5779 24.7171 0
    endloop
  endfacet
  facet normal 0 0 -1
    outer loop
      vertex 38.5374 23.7258 0
      vertex 58.5779 24.7171 0
      vertex 58.6124 24.5791 0
    endloop
  endfacet
  facet normal 0 0 -1
    outer loop
      vertex 38.3502 22.4638 0
      vertex 58.6124 24.5791 0
      vertex 58.6604 24.4451 0
    endloop
  endfacet
  facet normal 0 0 -1
    outer loop
      vertex 38.3502 22.4638 0
      vertex 58.6604 24.4451 0
      vertex 58.7212 24.3165 0
    endloop
  endfacet
  facet normal 0 0 -1
    outer loop
      vertex 38.0402 21.2263 0
      vertex 58.7212 24.3165 0
      vertex 58.7944 24.1944 0
    endloop
  endfacet
  facet normal -0 0 -1
    outer loop
      vertex 59.0801 23.8791 0
      vertex 37.6104 20.0251 0
      vertex 58.9747 23.9747 0
    endloop
  endfacet
  facet normal 0 0 -1
    outer loop
      vertex 71.6859 5.92153 0
      vertex 31.7282 13.535 0
      vertex 71.5865 6.05553 0
    endloop
  endfacet
  facet normal -0 0 -1
    outer loop
      vertex 58.557 24.8579 0
      vertex 38.5374 23.7258 0
      vertex 38.6 25 0
    endloop
  endfacet
  facet normal 0 0 -1
    outer loop
      vertex 58.6124 24.5791 0
      vertex 38.3502 22.4638 0
      vertex 38.5374 23.7258 0
    endloop
  endfacet
  facet normal 0 0 -1
    outer loop
      vertex 58.7212 24.3165 0
      vertex 38.0402 21.2263 0
      vertex 38.3502 22.4638 0
    endloop
  endfacet
  facet normal -0 0 -1
    outer loop
      vertex 58.8791 24.0801 0
      vertex 38.0402 21.2263 0
      vertex 58.7944 24.1944 0
    endloop
  endfacet
  facet normal 0 -0 -1
    outer loop
      vertex 38.0402 21.2263 0
      vertex 58.8791 24.0801 0
      vertex 37.6104 20.0251 0
    endloop
  endfacet
  facet normal -0 0 -1
    outer loop
      vertex 58.9747 23.9747 0
      vertex 37.6104 20.0251 0
      vertex 58.8791 24.0801 0
    endloop
  endfacet
  facet normal 0 0 -1
    outer loop
      vertex 71.3082 6.83337 0
      vertex 35.6491 16.7529 0
      vertex 36.4091 17.7776 0
    endloop
  endfacet
  facet normal 0 0 -1
    outer loop
      vertex 71.3327 6.66835 0
      vertex 34.7924 15.8076 0
      vertex 35.6491 16.7529 0
    endloop
  endfacet
  facet normal 0 0 -1
    outer loop
      vertex 71.4294 6.34944 0
      vertex 33.8471 14.9509 0
      vertex 34.7924 15.8076 0
    endloop
  endfacet
  facet normal 0 0 -1
    outer loop
      vertex 71.5007 6.19862 0
      vertex 32.8224 14.1909 0
      vertex 33.8471 14.9509 0
    endloop
  endfacet
  facet normal 0 0 -1
    outer loop
      vertex 71.5865 6.05553 0
      vertex 31.7282 13.535 0
      vertex 32.8224 14.1909 0
    endloop
  endfacet
  facet normal 0 0 -1
    outer loop
      vertex 76 0 0
      vertex 30.5749 12.9896 0
      vertex 31.7282 13.535 0
    endloop
  endfacet
  facet normal 0 0 -1
    outer loop
      vertex 76 0 0
      vertex 29.3737 12.5598 0
      vertex 30.5749 12.9896 0
    endloop
  endfacet
  facet normal 0 0 -1
    outer loop
      vertex 76 0 0
      vertex 28.1362 12.2498 0
      vertex 29.3737 12.5598 0
    endloop
  endfacet
  facet normal 0 0 -1
    outer loop
      vertex 4 0 0
      vertex 28.1362 12.2498 0
      vertex 76 0 0
    endloop
  endfacet
  facet normal 0 0 -1
    outer loop
      vertex 28.1362 12.2498 0
      vertex 4 0 0
      vertex 26.8742 12.0626 0
    endloop
  endfacet
  facet normal 0 0 -1
    outer loop
      vertex 26.8742 12.0626 0
      vertex 4 0 0
      vertex 25.6 12 0
    endloop
  endfacet
  facet normal -0 0 -1
    outer loop
      vertex 25.6 12 0
      vertex 4 0 0
      vertex 24.3258 12.0626 0
    endloop
  endfacet
  facet normal 0 0 -1
    outer loop
      vertex 8.20208 8.20208 0
      vertex 16.4076 15.8076 0
      vertex 8.31412 8.07847 0
    endloop
  endfacet
  facet normal 0 0 -1
    outer loop
      vertex 8.31412 8.07847 0
      vertex 16.4076 15.8076 0
      vertex 8.4135 7.94447 0
    endloop
  endfacet
  facet normal -0 0 -1
    outer loop
      vertex 17.3529 14.9509 0
      vertex 8.4135 7.94447 0
      vertex 16.4076 15.8076 0
    endloop
  endfacet
  facet normal 0 0 -1
    outer loop
      vertex 8.4135 7.94447 0
      vertex 17.3529 14.9509 0
      vertex 8.49927 7.80137 0
    endloop
  endfacet
  facet normal 0 0 -1
    outer loop
      vertex 8.49927 7.80137 0
      vertex 17.3529 14.9509 0
      vertex 8.57059 7.65056 0
    endloop
  endfacet
  facet normal -0 0 -1
    outer loop
      vertex 18.3776 14.1909 0
      vertex 8.57059 7.65056 0
      vertex 17.3529 14.9509 0
    endloop
  endfacet
  facet normal 0 0 -1
    outer loop
      vertex 8.57059 7.65056 0
      vertex 18.3776 14.1909 0
      vertex 8.6268 7.49348 0
    endloop
  endfacet
  facet normal 0 0 -1
    outer loop
      vertex 8.6268 7.49348 0
      vertex 18.3776 14.1909 0
      vertex 8.66733 7.33165 0
    endloop
  endfacet
  facet normal 0 0 -1
    outer loop
      vertex 8.66733 7.33165 0
      vertex 18.3776 14.1909 0
      vertex 8.69181 7.16663 0
    endloop
  endfacet
  facet normal -0 0 -1
    outer loop
      vertex 19.4718 13.535 0
      vertex 8.69181 7.16663 0
      vertex 18.3776 14.1909 0
    endloop
  endfacet
  facet normal 0 0 -1
    outer loop
      vertex 8.69181 7.16663 0
      vertex 19.4718 13.535 0
      vertex 8.7 7 0
    endloop
  endfacet
  facet normal 0 0 -1
    outer loop
      vertex 8.69181 6.83337 0
      vertex 19.4718 13.535 0
      vertex 20.6251 12.9896 0
    endloop
  endfacet
  facet normal 0 0 -1
    outer loop
      vertex 8.6268 6.50652 0
      vertex 20.6251 12.9896 0
      vertex 21.8263 12.5598 0
    endloop
  endfacet
  facet normal 0 0 -1
    outer loop
      vertex 8.49927 6.19862 0
      vertex 21.8263 12.5598 0
      vertex 23.0638 12.2498 0
    endloop
  endfacet
  facet normal 0 -0 -1
    outer loop
      vertex 8.20208 5.79792 0
      vertex 24.3258 12.0626 0
      vertex 4 0 0
    endloop
  endfacet
  facet normal 0 0 -1
    outer loop
      vertex 19.4718 13.535 0
      vertex 8.69181 6.83337 0
      vertex 8.7 7 0
    endloop
  endfacet
  facet normal 0 0 -1
    outer loop
      vertex 20.6251 12.9896 0
      vertex 8.66733 6.66835 0
      vertex 8.69181 6.83337 0
    endloop
  endfacet
  facet normal 0 0 -1
    outer loop
      vertex 20.6251 12.9896 0
      vertex 8.6268 6.50652 0
      vertex 8.66733 6.66835 0
    endloop
  endfacet
  facet normal 0 0 -1
    outer loop
      vertex 21.8263 12.5598 0
      vertex 8.57059 6.34944 0
      vertex 8.6268 6.50652 0
    endloop
  endfacet
  facet normal 0 0 -1
    outer loop
      vertex 21.8263 12.5598 0
      vertex 8.49927 6.19862 0
      vertex 8.57059 6.34944 0
    endloop
  endfacet
  facet normal 0 0 -1
    outer loop
      vertex 23.0638 12.2498 0
      vertex 8.4135 6.05553 0
      vertex 8.49927 6.19862 0
    endloop
  endfacet
  facet normal 0 0 -1
    outer loop
      vertex 23.0638 12.2498 0
      vertex 8.31412 5.92153 0
      vertex 8.4135 6.05553 0
    endloop
  endfacet
  facet normal 0 -0 -1
    outer loop
      vertex 8.31412 5.92153 0
      vertex 24.3258 12.0626 0
      vertex 8.20208 5.79792 0
    endloop
  endfacet
  facet normal -0 0 -1
    outer loop
      vertex 24.3258 12.0626 0
      vertex 8.31412 5.92153 0
      vertex 23.0638 12.2498 0
    endloop
  endfacet
  facet normal 0 0 -1
    outer loop
      vertex 8.20208 5.79792 0
      vertex 4 0 0
      vertex 8.07847 5.68588 0
    endloop
  endfacet
  facet normal 0 0 -1
    outer loop
      vertex 8.07847 5.68588 0
      vertex 4 0 0
      vertex 7.94447 5.5865 0
    endloop
  endfacet
  facet normal 0 0 -1
    outer loop
      vertex 7.94447 5.5865 0
      vertex 4 0 0
      vertex 7.80137 5.50073 0
    endloop
  endfacet
  facet normal 0 0 -1
    outer loop
      vertex 7.80137 5.50073 0
      vertex 4 0 0
      vertex 7.65056 5.4294 0
    endloop
  endfacet
  facet normal 0 0 -1
    outer loop
      vertex 7.65056 5.4294 0
      vertex 4 0 0
      vertex 7.49348 5.3732 0
    endloop
  endfacet
  facet normal 0 0 -1
    outer loop
      vertex 7.49348 5.3732 0
      vertex 4 0 0
      vertex 7.33165 5.33266 0
    endloop
  endfacet
  facet normal 0 0 -1
    outer loop
      vertex 7.33165 5.33266 0
      vertex 4 0 0
      vertex 7.16663 5.30819 0
    endloop
  endfacet
  facet normal 0 0 -1
    outer loop
      vertex 7.16663 5.30819 0
      vertex 4 0 0
      vertex 7 5.3 0
    endloop
  endfacet
  facet normal 0 0 -1
    outer loop
      vertex 0.907959 1.46243 0
      vertex 5.79792 5.79792 0
      vertex 1.17157 1.17157 0
    endloop
  endfacet
  facet normal 0 0 -1
    outer loop
      vertex 1.17157 1.17157 0
      vertex 5.79792 5.79792 0
      vertex 1.46243 0.907959 0
    endloop
  endfacet
  facet normal 0 0 -1
    outer loop
      vertex 1.46243 0.907959 0
      vertex 5.79792 5.79792 0
      vertex 1.77773 0.674118 0
    endloop
  endfacet
  facet normal 0 0 -1
    outer loop
      vertex 1.77773 0.674118 0
      vertex 5.79792 5.79792 0
      vertex 2.11441 0.472321 0
    endloop
  endfacet
  facet normal 0 0 -1
    outer loop
      vertex 2.11441 0.472321 0
      vertex 5.79792 5.79792 0
      vertex 2.46927 0.304489 0
    endloop
  endfacet
  facet normal -0 0 -1
    outer loop
      vertex 5.92153 5.68588 0
      vertex 2.46927 0.304489 0
      vertex 5.79792 5.79792 0
    endloop
  endfacet
  facet normal 0 0 -1
    outer loop
      vertex 2.46927 0.304489 0
      vertex 5.92153 5.68588 0
      vertex 2.83887 0.172241 0
    endloop
  endfacet
  facet normal 0 0 -1
    outer loop
      vertex 2.83887 0.172241 0
      vertex 5.92153 5.68588 0
      vertex 3.21964 0.0768585 0
    endloop
  endfacet
  facet normal 0 0 -1
    outer loop
      vertex 3.21964 0.0768585 0
      vertex 5.92153 5.68588 0
      vertex 3.60793 0.0192566 0
    endloop
  endfacet
  facet normal 0 0 -1
    outer loop
      vertex 3.60793 0.0192566 0
      vertex 5.92153 5.68588 0
      vertex 4 0 0
    endloop
  endfacet
  facet normal -0 0 -1
    outer loop
      vertex 6.05553 5.5865 0
      vertex 4 0 0
      vertex 5.92153 5.68588 0
    endloop
  endfacet
  facet normal -0 0 -1
    outer loop
      vertex 6.19862 5.50073 0
      vertex 4 0 0
      vertex 6.05553 5.5865 0
    endloop
  endfacet
  facet normal -0 0 -1
    outer loop
      vertex 6.34944 5.4294 0
      vertex 4 0 0
      vertex 6.19862 5.50073 0
    endloop
  endfacet
  facet normal -0 0 -1
    outer loop
      vertex 6.50652 5.3732 0
      vertex 4 0 0
      vertex 6.34944 5.4294 0
    endloop
  endfacet
  facet normal -0 0 -1
    outer loop
      vertex 6.66835 5.33266 0
      vertex 4 0 0
      vertex 6.50652 5.3732 0
    endloop
  endfacet
  facet normal -0 0 -1
    outer loop
      vertex 6.83337 5.30819 0
      vertex 4 0 0
      vertex 6.66835 5.33266 0
    endloop
  endfacet
  facet normal -0 0 -1
    outer loop
      vertex 7 5.3 0
      vertex 4 0 0
      vertex 6.83337 5.30819 0
    endloop
  endfacet
  facet normal -0 0 -1
    outer loop
      vertex 79.092 48.5376 0
      vertex 74.2021 44.2021 0
      vertex 78.8284 48.8284 0
    endloop
  endfacet
  facet normal -0 0 -1
    outer loop
      vertex 78.8284 48.8284 0
      vertex 74.2021 44.2021 0
      vertex 78.5376 49.092 0
    endloop
  endfacet
  facet normal -0 0 -1
    outer loop
      vertex 78.5376 49.092 0
      vertex 74.2021 44.2021 0
      vertex 78.2223 49.3259 0
    endloop
  endfacet
  facet normal -0 0 -1
    outer loop
      vertex 78.2223 49.3259 0
      vertex 74.2021 44.2021 0
      vertex 77.8856 49.5277 0
    endloop
  endfacet
  facet normal -0 0 -1
    outer loop
      vertex 77.8856 49.5277 0
      vertex 74.2021 44.2021 0
      vertex 77.5307 49.6955 0
    endloop
  endfacet
  facet normal 0 0 -1
    outer loop
      vertex 74.0785 44.3141 0
      vertex 77.5307 49.6955 0
      vertex 74.2021 44.2021 0
    endloop
  endfacet
  facet normal -0 0 -1
    outer loop
      vertex 77.5307 49.6955 0
      vertex 74.0785 44.3141 0
      vertex 77.1611 49.8278 0
    endloop
  endfacet
  facet normal -0 0 -1
    outer loop
      vertex 77.1611 49.8278 0
      vertex 74.0785 44.3141 0
      vertex 76.7804 49.9231 0
    endloop
  endfacet
  facet normal -0 0 -1
    outer loop
      vertex 76.7804 49.9231 0
      vertex 74.0785 44.3141 0
      vertex 76.3921 49.9807 0
    endloop
  endfacet
  facet normal -0 0 -1
    outer loop
      vertex 76.3921 49.9807 0
      vertex 74.0785 44.3141 0
      vertex 76 50 0
    endloop
  endfacet
  facet normal 0 0 -1
    outer loop
      vertex 73.9445 44.4135 0
      vertex 76 50 0
      vertex 74.0785 44.3141 0
    endloop
  endfacet
  facet normal 0 0 -1
    outer loop
      vertex 73.8014 44.4993 0
      vertex 76 50 0
      vertex 73.9445 44.4135 0
    endloop
  endfacet
  facet normal 0 0 -1
    outer loop
      vertex 73.6506 44.5706 0
      vertex 76 50 0
      vertex 73.8014 44.4993 0
    endloop
  endfacet
  facet normal 0 0 -1
    outer loop
      vertex 73.4935 44.6268 0
      vertex 76 50 0
      vertex 73.6506 44.5706 0
    endloop
  endfacet
  facet normal 0 0 -1
    outer loop
      vertex 73.3316 44.6673 0
      vertex 76 50 0
      vertex 73.4935 44.6268 0
    endloop
  endfacet
  facet normal 0 0 -1
    outer loop
      vertex 73.1666 44.6918 0
      vertex 76 50 0
      vertex 73.3316 44.6673 0
    endloop
  endfacet
  facet normal 0 0 -1
    outer loop
      vertex 73 44.7 0
      vertex 76 50 0
      vertex 73.1666 44.6918 0
    endloop
  endfacet
  facet normal 0 0 -1
    outer loop
      vertex 72.8334 44.6918 0
      vertex 76 50 0
      vertex 73 44.7 0
    endloop
  endfacet
  facet normal 0 0 -1
    outer loop
      vertex 72.6684 44.6673 0
      vertex 76 50 0
      vertex 72.8334 44.6918 0
    endloop
  endfacet
  facet normal 0 0 -1
    outer loop
      vertex 72.5065 44.6268 0
      vertex 76 50 0
      vertex 72.6684 44.6673 0
    endloop
  endfacet
  facet normal 0 0 -1
    outer loop
      vertex 72.3494 44.5706 0
      vertex 76 50 0
      vertex 72.5065 44.6268 0
    endloop
  endfacet
  facet normal 0 0 -1
    outer loop
      vertex 72.1986 44.4993 0
      vertex 76 50 0
      vertex 72.3494 44.5706 0
    endloop
  endfacet
  facet normal 0 0 -1
    outer loop
      vertex 72.0555 44.4135 0
      vertex 76 50 0
      vertex 72.1986 44.4993 0
    endloop
  endfacet
  facet normal 0 0 -1
    outer loop
      vertex 71.9215 44.3141 0
      vertex 76 50 0
      vertex 72.0555 44.4135 0
    endloop
  endfacet
  facet normal 0 0 -1
    outer loop
      vertex 71.7979 44.2021 0
      vertex 76 50 0
      vertex 71.9215 44.3141 0
    endloop
  endfacet
  facet normal 0 0 -1
    outer loop
      vertex 71.6859 44.0785 0
      vertex 76 50 0
      vertex 71.7979 44.2021 0
    endloop
  endfacet
  facet normal 0 0 -1
    outer loop
      vertex 31.7282 36.465 0
      vertex 71.6859 44.0785 0
      vertex 71.5865 43.9445 0
    endloop
  endfacet
  facet normal -0 0 -1
    outer loop
      vertex 71.5865 42.0555 0
      vertex 60.2829 26.4221 0
      vertex 71.5007 42.1986 0
    endloop
  endfacet
  facet normal 0 0 -1
    outer loop
      vertex 60.9199 26.1209 0
      vertex 71.0801 26.1209 0
      vertex 70.9747 26.0253 0
    endloop
  endfacet
  facet normal 0 0 -1
    outer loop
      vertex 61.0253 26.0253 0
      vertex 70.9747 26.0253 0
      vertex 70.8791 25.9199 0
    endloop
  endfacet
  facet normal 0 0 -1
    outer loop
      vertex 61.1209 25.9199 0
      vertex 70.8791 25.9199 0
      vertex 70.7944 25.8056 0
    endloop
  endfacet
  facet normal 0 0 -1
    outer loop
      vertex 61.2056 25.8056 0
      vertex 70.7944 25.8056 0
      vertex 70.7212 25.6835 0
    endloop
  endfacet
  facet normal 0 0 -1
    outer loop
      vertex 61.2788 25.6835 0
      vertex 70.7212 25.6835 0
      vertex 70.6604 25.5549 0
    endloop
  endfacet
  facet normal 0 0 -1
    outer loop
      vertex 61.3396 25.5549 0
      vertex 70.6604 25.5549 0
      vertex 70.6124 25.4209 0
    endloop
  endfacet
  facet normal 0 0 -1
    outer loop
      vertex 61.3876 25.4209 0
      vertex 70.6124 25.4209 0
      vertex 70.5779 25.2829 0
    endloop
  endfacet
  facet normal 0 0 -1
    outer loop
      vertex 61.4221 25.2829 0
      vertex 70.5779 25.2829 0
      vertex 70.557 25.1421 0
    endloop
  endfacet
  facet normal 0 0 -1
    outer loop
      vertex 61.443 25.1421 0
      vertex 70.557 25.1421 0
      vertex 70.55 25 0
    endloop
  endfacet
  facet normal 0 0 -1
    outer loop
      vertex 61.443 25.1421 0
      vertex 70.55 25 0
      vertex 61.45 25 0
    endloop
  endfacet
  facet normal 0 0 -1
    outer loop
      vertex 70.557 25.1421 0
      vertex 61.443 25.1421 0
      vertex 61.4221 25.2829 0
    endloop
  endfacet
  facet normal 0 0 -1
    outer loop
      vertex 70.5779 25.2829 0
      vertex 61.4221 25.2829 0
      vertex 61.3876 25.4209 0
    endloop
  endfacet
  facet normal 0 0 -1
    outer loop
      vertex 70.6124 25.4209 0
      vertex 61.3876 25.4209 0
      vertex 61.3396 25.5549 0
    endloop
  endfacet
  facet normal 0 0 -1
    outer loop
      vertex 70.6604 25.5549 0
      vertex 61.3396 25.5549 0
      vertex 61.2788 25.6835 0
    endloop
  endfacet
  facet normal 0 0 -1
    outer loop
      vertex 70.7212 25.6835 0
      vertex 61.2788 25.6835 0
      vertex 61.2056 25.8056 0
    endloop
  endfacet
  facet normal 0 0 -1
    outer loop
      vertex 70.7944 25.8056 0
      vertex 61.2056 25.8056 0
      vertex 61.1209 25.9199 0
    endloop
  endfacet
  facet normal 0 0 -1
    outer loop
      vertex 70.8791 25.9199 0
      vertex 61.1209 25.9199 0
      vertex 61.0253 26.0253 0
    endloop
  endfacet
  facet normal 0 0 -1
    outer loop
      vertex 70.9747 26.0253 0
      vertex 61.0253 26.0253 0
      vertex 60.9199 26.1209 0
    endloop
  endfacet
  facet normal 0 0 -1
    outer loop
      vertex 71.0801 26.1209 0
      vertex 60.9199 26.1209 0
      vertex 60.8056 26.2056 0
    endloop
  endfacet
  facet normal 0 0 -1
    outer loop
      vertex 60.1421 26.443 0
      vertex 71.5007 42.1986 0
      vertex 60.2829 26.4221 0
    endloop
  endfacet
  facet normal -0 0 -1
    outer loop
      vertex 71.5007 42.1986 0
      vertex 60.1421 26.443 0
      vertex 71.4294 42.3494 0
    endloop
  endfacet
  facet normal 0 0 -1
    outer loop
      vertex 60 26.45 0
      vertex 71.4294 42.3494 0
      vertex 60.1421 26.443 0
    endloop
  endfacet
  facet normal -0 0 -1
    outer loop
      vertex 71.4294 42.3494 0
      vertex 60 26.45 0
      vertex 71.3732 42.5065 0
    endloop
  endfacet
  facet normal 0 0 -1
    outer loop
      vertex 59.8579 26.443 0
      vertex 71.3732 42.5065 0
      vertex 60 26.45 0
    endloop
  endfacet
  facet normal -0 0 -1
    outer loop
      vertex 71.3732 42.5065 0
      vertex 59.8579 26.443 0
      vertex 71.3327 42.6683 0
    endloop
  endfacet
  facet normal 0 0 -1
    outer loop
      vertex 59.7171 26.4221 0
      vertex 71.3327 42.6683 0
      vertex 59.8579 26.443 0
    endloop
  endfacet
  facet normal -0 0 -1
    outer loop
      vertex 71.3327 42.6683 0
      vertex 59.7171 26.4221 0
      vertex 71.3082 42.8334 0
    endloop
  endfacet
  facet normal 0 0 -1
    outer loop
      vertex 59.5791 26.3876 0
      vertex 71.3082 42.8334 0
      vertex 59.7171 26.4221 0
    endloop
  endfacet
  facet normal -0 0 -1
    outer loop
      vertex 71.3082 42.8334 0
      vertex 59.5791 26.3876 0
      vertex 71.3 43 0
    endloop
  endfacet
  facet normal 0 0 -1
    outer loop
      vertex 59.4451 26.3396 0
      vertex 71.3 43 0
      vertex 59.5791 26.3876 0
    endloop
  endfacet
  facet normal -0 0 -1
    outer loop
      vertex 71.3 43 0
      vertex 59.4451 26.3396 0
      vertex 71.3082 43.1666 0
    endloop
  endfacet
  facet normal 0 0 -1
    outer loop
      vertex 36.4091 32.2224 0
      vertex 71.3082 43.1666 0
      vertex 59.4451 26.3396 0
    endloop
  endfacet
  facet normal 0 0 -1
    outer loop
      vertex 35.6491 33.2471 0
      vertex 71.3082 43.1666 0
      vertex 36.4091 32.2224 0
    endloop
  endfacet
  facet normal -0 0 -1
    outer loop
      vertex 71.3082 43.1666 0
      vertex 35.6491 33.2471 0
      vertex 71.3327 43.3317 0
    endloop
  endfacet
  facet normal 0 0 -1
    outer loop
      vertex 34.7924 34.1924 0
      vertex 71.3327 43.3317 0
      vertex 35.6491 33.2471 0
    endloop
  endfacet
  facet normal -0 0 -1
    outer loop
      vertex 71.3327 43.3317 0
      vertex 34.7924 34.1924 0
      vertex 71.3732 43.4935 0
    endloop
  endfacet
  facet normal 0 0 -1
    outer loop
      vertex 36.4091 32.2224 0
      vertex 59.4451 26.3396 0
      vertex 59.3165 26.2788 0
    endloop
  endfacet
  facet normal 0 0 -1
    outer loop
      vertex 36.4091 32.2224 0
      vertex 59.3165 26.2788 0
      vertex 59.1944 26.2056 0
    endloop
  endfacet
  facet normal 0 0 -1
    outer loop
      vertex 37.065 31.1282 0
      vertex 59.1944 26.2056 0
      vertex 59.0801 26.1209 0
    endloop
  endfacet
  facet normal 0 0 -1
    outer loop
      vertex 37.6104 29.9749 0
      vertex 59.0801 26.1209 0
      vertex 58.9747 26.0253 0
    endloop
  endfacet
  facet normal 0 0 -1
    outer loop
      vertex 37.6104 29.9749 0
      vertex 58.9747 26.0253 0
      vertex 58.8791 25.9199 0
    endloop
  endfacet
  facet normal 0 0 -1
    outer loop
      vertex 38.0402 28.7737 0
      vertex 58.8791 25.9199 0
      vertex 58.7944 25.8056 0
    endloop
  endfacet
  facet normal 0 0 -1
    outer loop
      vertex 38.6 25 0
      vertex 58.557 25.1421 0
      vertex 58.55 25 0
    endloop
  endfacet
  facet normal 0 0 -1
    outer loop
      vertex 38.5374 26.2742 0
      vertex 58.557 25.1421 0
      vertex 38.6 25 0
    endloop
  endfacet
  facet normal 0 0 -1
    outer loop
      vertex 58.557 25.1421 0
      vertex 38.5374 26.2742 0
      vertex 58.5779 25.2829 0
    endloop
  endfacet
  facet normal 0 0 -1
    outer loop
      vertex 58.5779 25.2829 0
      vertex 38.5374 26.2742 0
      vertex 58.6124 25.4209 0
    endloop
  endfacet
  facet normal 0 0 -1
    outer loop
      vertex 38.3502 27.5362 0
      vertex 58.6124 25.4209 0
      vertex 38.5374 26.2742 0
    endloop
  endfacet
  facet normal 0 0 -1
    outer loop
      vertex 58.6124 25.4209 0
      vertex 38.3502 27.5362 0
      vertex 58.6604 25.5549 0
    endloop
  endfacet
  facet normal 0 0 -1
    outer loop
      vertex 58.6604 25.5549 0
      vertex 38.3502 27.5362 0
      vertex 58.7212 25.6835 0
    endloop
  endfacet
  facet normal 0 0 -1
    outer loop
      vertex 38.0402 28.7737 0
      vertex 58.7212 25.6835 0
      vertex 38.3502 27.5362 0
    endloop
  endfacet
  facet normal 0 0 -1
    outer loop
      vertex 58.7212 25.6835 0
      vertex 38.0402 28.7737 0
      vertex 58.7944 25.8056 0
    endloop
  endfacet
  facet normal 0 0 -1
    outer loop
      vertex 58.8791 25.9199 0
      vertex 38.0402 28.7737 0
      vertex 37.6104 29.9749 0
    endloop
  endfacet
  facet normal 0 0 -1
    outer loop
      vertex 59.0801 26.1209 0
      vertex 37.6104 29.9749 0
      vertex 37.065 31.1282 0
    endloop
  endfacet
  facet normal 0 0 -1
    outer loop
      vertex 59.1944 26.2056 0
      vertex 37.065 31.1282 0
      vertex 36.4091 32.2224 0
    endloop
  endfacet
  facet normal -0 0 -1
    outer loop
      vertex 71.3732 43.4935 0
      vertex 34.7924 34.1924 0
      vertex 71.4294 43.6506 0
    endloop
  endfacet
  facet normal 0 0 -1
    outer loop
      vertex 33.8471 35.0491 0
      vertex 71.4294 43.6506 0
      vertex 34.7924 34.1924 0
    endloop
  endfacet
  facet normal -0 0 -1
    outer loop
      vertex 71.4294 43.6506 0
      vertex 33.8471 35.0491 0
      vertex 71.5007 43.8014 0
    endloop
  endfacet
  facet normal 0 0 -1
    outer loop
      vertex 32.8224 35.8091 0
      vertex 71.5007 43.8014 0
      vertex 33.8471 35.0491 0
    endloop
  endfacet
  facet normal -0 0 -1
    outer loop
      vertex 71.5007 43.8014 0
      vertex 32.8224 35.8091 0
      vertex 71.5865 43.9445 0
    endloop
  endfacet
  facet normal 0 0 -1
    outer loop
      vertex 31.7282 36.465 0
      vertex 71.5865 43.9445 0
      vertex 32.8224 35.8091 0
    endloop
  endfacet
  facet normal -0 0 -1
    outer loop
      vertex 71.6859 44.0785 0
      vertex 31.7282 36.465 0
      vertex 76 50 0
    endloop
  endfacet
  facet normal 0 0 -1
    outer loop
      vertex 30.5749 37.0104 0
      vertex 76 50 0
      vertex 31.7282 36.465 0
    endloop
  endfacet
  facet normal 0 0 -1
    outer loop
      vertex 29.3737 37.4402 0
      vertex 76 50 0
      vertex 30.5749 37.0104 0
    endloop
  endfacet
  facet normal 0 0 -1
    outer loop
      vertex 28.1362 37.7502 0
      vertex 76 50 0
      vertex 29.3737 37.4402 0
    endloop
  endfacet
  facet normal 0 0 -1
    outer loop
      vertex 4 50 0
      vertex 28.1362 37.7502 0
      vertex 26.8742 37.9374 0
    endloop
  endfacet
  facet normal 0 0 -1
    outer loop
      vertex 4 50 0
      vertex 26.8742 37.9374 0
      vertex 25.6 38 0
    endloop
  endfacet
  facet normal 0 0 -1
    outer loop
      vertex 4 50 0
      vertex 25.6 38 0
      vertex 24.3258 37.9374 0
    endloop
  endfacet
  facet normal 0 0 -1
    outer loop
      vertex 8.31412 44.0785 0
      vertex 24.3258 37.9374 0
      vertex 23.0638 37.7502 0
    endloop
  endfacet
  facet normal 0 0 -1
    outer loop
      vertex 8.07847 8.31412 0
      vertex 16.4076 15.8076 0
      vertex 8.20208 8.20208 0
    endloop
  endfacet
  facet normal 0 0 -1
    outer loop
      vertex 12.6 25 0
      vertex 8.7 43 0
      vertex 12.6626 26.2742 0
    endloop
  endfacet
  facet normal 0 0 -1
    outer loop
      vertex 12.6626 26.2742 0
      vertex 8.7 43 0
      vertex 12.8498 27.5362 0
    endloop
  endfacet
  facet normal 0 0 -1
    outer loop
      vertex 8.7 43 0
      vertex 13.1598 28.7737 0
      vertex 12.8498 27.5362 0
    endloop
  endfacet
  facet normal 0 0 -1
    outer loop
      vertex 8.7 43 0
      vertex 13.5896 29.9749 0
      vertex 13.1598 28.7737 0
    endloop
  endfacet
  facet normal 0 0 -1
    outer loop
      vertex 8.7 43 0
      vertex 14.135 31.1282 0
      vertex 13.5896 29.9749 0
    endloop
  endfacet
  facet normal 0 0 -1
    outer loop
      vertex 8.7 43 0
      vertex 14.7909 32.2224 0
      vertex 14.135 31.1282 0
    endloop
  endfacet
  facet normal 0 0 -1
    outer loop
      vertex 8.7 43 0
      vertex 15.5509 33.2471 0
      vertex 14.7909 32.2224 0
    endloop
  endfacet
  facet normal 0 0 -1
    outer loop
      vertex 8.7 43 0
      vertex 16.4076 34.1924 0
      vertex 15.5509 33.2471 0
    endloop
  endfacet
  facet normal 0 0 -1
    outer loop
      vertex 8.7 43 0
      vertex 17.3529 35.0491 0
      vertex 16.4076 34.1924 0
    endloop
  endfacet
  facet normal 0 0 -1
    outer loop
      vertex 8.7 43 0
      vertex 18.3776 35.8091 0
      vertex 17.3529 35.0491 0
    endloop
  endfacet
  facet normal 0 0 -1
    outer loop
      vertex 8.7 43 0
      vertex 19.4718 36.465 0
      vertex 18.3776 35.8091 0
    endloop
  endfacet
  facet normal 0 0 -1
    outer loop
      vertex 8.69181 43.1666 0
      vertex 19.4718 36.465 0
      vertex 8.7 43 0
    endloop
  endfacet
  facet normal 0 0 -1
    outer loop
      vertex 19.4718 36.465 0
      vertex 8.69181 43.1666 0
      vertex 20.6251 37.0104 0
    endloop
  endfacet
  facet normal 0 0 -1
    outer loop
      vertex 8.66733 43.3317 0
      vertex 20.6251 37.0104 0
      vertex 8.69181 43.1666 0
    endloop
  endfacet
  facet normal 0 0 -1
    outer loop
      vertex 8.6268 43.4935 0
      vertex 20.6251 37.0104 0
      vertex 8.66733 43.3317 0
    endloop
  endfacet
  facet normal 0 0 -1
    outer loop
      vertex 20.6251 37.0104 0
      vertex 8.6268 43.4935 0
      vertex 21.8263 37.4402 0
    endloop
  endfacet
  facet normal 0 0 -1
    outer loop
      vertex 8.57059 43.6506 0
      vertex 21.8263 37.4402 0
      vertex 8.6268 43.4935 0
    endloop
  endfacet
  facet normal 0 0 -1
    outer loop
      vertex 8.49927 43.8014 0
      vertex 21.8263 37.4402 0
      vertex 8.57059 43.6506 0
    endloop
  endfacet
  facet normal 0 0 -1
    outer loop
      vertex 21.8263 37.4402 0
      vertex 8.49927 43.8014 0
      vertex 23.0638 37.7502 0
    endloop
  endfacet
  facet normal 0 0 -1
    outer loop
      vertex 8.4135 43.9445 0
      vertex 23.0638 37.7502 0
      vertex 8.49927 43.8014 0
    endloop
  endfacet
  facet normal 0 0 -1
    outer loop
      vertex 8.31412 44.0785 0
      vertex 23.0638 37.7502 0
      vertex 8.4135 43.9445 0
    endloop
  endfacet
  facet normal 0 0 -1
    outer loop
      vertex 24.3258 37.9374 0
      vertex 8.31412 44.0785 0
      vertex 8.20208 44.2021 0
    endloop
  endfacet
  facet normal 0 0 -1
    outer loop
      vertex 24.3258 37.9374 0
      vertex 8.20208 44.2021 0
      vertex 4 50 0
    endloop
  endfacet
  facet normal 0 0 -1
    outer loop
      vertex 4 50 0
      vertex 8.20208 44.2021 0
      vertex 8.07847 44.3141 0
    endloop
  endfacet
  facet normal 0 0 -1
    outer loop
      vertex 4 50 0
      vertex 8.07847 44.3141 0
      vertex 7.94447 44.4135 0
    endloop
  endfacet
  facet normal 0 0 -1
    outer loop
      vertex 4 50 0
      vertex 7.94447 44.4135 0
      vertex 7.80137 44.4993 0
    endloop
  endfacet
  facet normal 0 0 -1
    outer loop
      vertex 4 50 0
      vertex 7.80137 44.4993 0
      vertex 7.65056 44.5706 0
    endloop
  endfacet
  facet normal 0 0 -1
    outer loop
      vertex 4 50 0
      vertex 7.65056 44.5706 0
      vertex 7.49348 44.6268 0
    endloop
  endfacet
  facet normal 0 0 -1
    outer loop
      vertex 4 50 0
      vertex 7.49348 44.6268 0
      vertex 7.33165 44.6673 0
    endloop
  endfacet
  facet normal 0 0 -1
    outer loop
      vertex 4 50 0
      vertex 7.33165 44.6673 0
      vertex 7.16663 44.6918 0
    endloop
  endfacet
  facet normal 0 0 -1
    outer loop
      vertex 4 50 0
      vertex 7.16663 44.6918 0
      vertex 7 44.7 0
    endloop
  endfacet
  facet normal 0 0 -1
    outer loop
      vertex 4 50 0
      vertex 7 44.7 0
      vertex 6.83337 44.6918 0
    endloop
  endfacet
  facet normal 0 0 -1
    outer loop
      vertex 28.1362 37.7502 0
      vertex 4 50 0
      vertex 76 50 0
    endloop
  endfacet
  facet normal 0 0 -1
    outer loop
      vertex 6.66835 44.6673 0
      vertex 4 50 0
      vertex 6.83337 44.6918 0
    endloop
  endfacet
  facet normal 0 0 -1
    outer loop
      vertex 6.50652 44.6268 0
      vertex 4 50 0
      vertex 6.66835 44.6673 0
    endloop
  endfacet
  facet normal 0 0 -1
    outer loop
      vertex 6.34944 44.5706 0
      vertex 4 50 0
      vertex 6.50652 44.6268 0
    endloop
  endfacet
  facet normal 0 0 -1
    outer loop
      vertex 6.19862 44.4993 0
      vertex 4 50 0
      vertex 6.34944 44.5706 0
    endloop
  endfacet
  facet normal 0 0 -1
    outer loop
      vertex 6.05553 44.4135 0
      vertex 4 50 0
      vertex 6.19862 44.4993 0
    endloop
  endfacet
  facet normal 0 0 -1
    outer loop
      vertex 5.92153 44.3141 0
      vertex 4 50 0
      vertex 6.05553 44.4135 0
    endloop
  endfacet
  facet normal 0 0 -1
    outer loop
      vertex 2.46927 49.6955 0
      vertex 5.92153 44.3141 0
      vertex 5.79792 44.2021 0
    endloop
  endfacet
  facet normal 0 0 -1
    outer loop
      vertex 0.472321 47.8856 0
      vertex 5.79792 44.2021 0
      vertex 5.68588 44.0785 0
    endloop
  endfacet
  facet normal 0 0 -1
    outer loop
      vertex 0 46 0
      vertex 5.68588 44.0785 0
      vertex 5.5865 43.9445 0
    endloop
  endfacet
  facet normal 0 0 -1
    outer loop
      vertex 0 46 0
      vertex 5.5865 43.9445 0
      vertex 5.50073 43.8014 0
    endloop
  endfacet
  facet normal 0 0 -1
    outer loop
      vertex 0 46 0
      vertex 5.50073 43.8014 0
      vertex 5.4294 43.6506 0
    endloop
  endfacet
  facet normal 0 0 -1
    outer loop
      vertex 0 46 0
      vertex 5.4294 43.6506 0
      vertex 5.3732 43.4935 0
    endloop
  endfacet
  facet normal 0 0 -1
    outer loop
      vertex 0 46 0
      vertex 5.3732 43.4935 0
      vertex 5.33266 43.3317 0
    endloop
  endfacet
  facet normal 0 0 -1
    outer loop
      vertex 0 46 0
      vertex 5.33266 43.3317 0
      vertex 5.30819 43.1666 0
    endloop
  endfacet
  facet normal 0 0 -1
    outer loop
      vertex 0 46 0
      vertex 5.30819 43.1666 0
      vertex 5.3 43 0
    endloop
  endfacet
  facet normal 0 0 -1
    outer loop
      vertex 5.33266 42.6683 0
      vertex 0 46 0
      vertex 5.30819 42.8334 0
    endloop
  endfacet
  facet normal 0 0 -1
    outer loop
      vertex 0.674118 1.77773 0
      vertex 5.79792 5.79792 0
      vertex 0.907959 1.46243 0
    endloop
  endfacet
  facet normal 0 0 -1
    outer loop
      vertex 5.30819 42.8334 0
      vertex 0 46 0
      vertex 5.3 43 0
    endloop
  endfacet
  facet normal 0 0 -1
    outer loop
      vertex 0.472321 2.11441 0
      vertex 5.79792 5.79792 0
      vertex 0.674118 1.77773 0
    endloop
  endfacet
  facet normal 0 0 -1
    outer loop
      vertex 5.68588 44.0785 0
      vertex 0 46 0
      vertex 0.0192566 46.3921 0
    endloop
  endfacet
  facet normal -0 0 -1
    outer loop
      vertex 5.79792 5.79792 0
      vertex 0.472321 2.11441 0
      vertex 5.68588 5.92153 0
    endloop
  endfacet
  facet normal 0 0 -1
    outer loop
      vertex 5.92153 44.3141 0
      vertex 3.60793 49.9807 0
      vertex 4 50 0
    endloop
  endfacet
  facet normal 0 0 -1
    outer loop
      vertex 0.304489 2.46927 0
      vertex 5.68588 5.92153 0
      vertex 0.472321 2.11441 0
    endloop
  endfacet
  facet normal 0 0 -1
    outer loop
      vertex 5.92153 44.3141 0
      vertex 3.21964 49.9231 0
      vertex 3.60793 49.9807 0
    endloop
  endfacet
  facet normal 0 0 -1
    outer loop
      vertex 0.172241 2.83887 0
      vertex 5.68588 5.92153 0
      vertex 0.304489 2.46927 0
    endloop
  endfacet
  facet normal 0 0 -1
    outer loop
      vertex 5.92153 44.3141 0
      vertex 2.83887 49.8278 0
      vertex 3.21964 49.9231 0
    endloop
  endfacet
  facet normal 0 0 -1
    outer loop
      vertex 0.0768585 3.21964 0
      vertex 5.68588 5.92153 0
      vertex 0.172241 2.83887 0
    endloop
  endfacet
  facet normal 0 0 -1
    outer loop
      vertex 5.92153 44.3141 0
      vertex 2.46927 49.6955 0
      vertex 2.83887 49.8278 0
    endloop
  endfacet
  facet normal 0 0 -1
    outer loop
      vertex 0.0192566 3.60793 0
      vertex 5.68588 5.92153 0
      vertex 0.0768585 3.21964 0
    endloop
  endfacet
  facet normal 0 0 -1
    outer loop
      vertex 5.79792 44.2021 0
      vertex 2.11441 49.5277 0
      vertex 2.46927 49.6955 0
    endloop
  endfacet
  facet normal 0 0 -1
    outer loop
      vertex 0 4 0
      vertex 5.68588 5.92153 0
      vertex 0.0192566 3.60793 0
    endloop
  endfacet
  facet normal 0 0 -1
    outer loop
      vertex 5.79792 44.2021 0
      vertex 1.77773 49.3259 0
      vertex 2.11441 49.5277 0
    endloop
  endfacet
  facet normal -0 0 -1
    outer loop
      vertex 5.68588 5.92153 0
      vertex 0 4 0
      vertex 5.5865 6.05553 0
    endloop
  endfacet
  facet normal 0 0 -1
    outer loop
      vertex 5.79792 44.2021 0
      vertex 1.46243 49.092 0
      vertex 1.77773 49.3259 0
    endloop
  endfacet
  facet normal -0 0 -1
    outer loop
      vertex 5.5865 6.05553 0
      vertex 0 4 0
      vertex 5.50073 6.19862 0
    endloop
  endfacet
  facet normal 0 0 -1
    outer loop
      vertex 5.79792 44.2021 0
      vertex 1.17157 48.8284 0
      vertex 1.46243 49.092 0
    endloop
  endfacet
  facet normal -0 0 -1
    outer loop
      vertex 5.50073 6.19862 0
      vertex 0 4 0
      vertex 5.4294 6.34944 0
    endloop
  endfacet
  facet normal 0 0 -1
    outer loop
      vertex 5.79792 44.2021 0
      vertex 0.907959 48.5376 0
      vertex 1.17157 48.8284 0
    endloop
  endfacet
  facet normal -0 0 -1
    outer loop
      vertex 5.4294 6.34944 0
      vertex 0 4 0
      vertex 5.3732 6.50652 0
    endloop
  endfacet
  facet normal 0 0 -1
    outer loop
      vertex 5.79792 44.2021 0
      vertex 0.674118 48.2223 0
      vertex 0.907959 48.5376 0
    endloop
  endfacet
  facet normal -0 0 -1
    outer loop
      vertex 5.3732 6.50652 0
      vertex 0 4 0
      vertex 5.33266 6.66835 0
    endloop
  endfacet
  facet normal 0 0 -1
    outer loop
      vertex 5.79792 44.2021 0
      vertex 0.472321 47.8856 0
      vertex 0.674118 48.2223 0
    endloop
  endfacet
  facet normal -0 0 -1
    outer loop
      vertex 5.33266 6.66835 0
      vertex 0 4 0
      vertex 5.30819 6.83337 0
    endloop
  endfacet
  facet normal 0 0 -1
    outer loop
      vertex 5.68588 44.0785 0
      vertex 0.304489 47.5307 0
      vertex 0.472321 47.8856 0
    endloop
  endfacet
  facet normal -0 0 -1
    outer loop
      vertex 5.30819 6.83337 0
      vertex 0 4 0
      vertex 5.3 7 0
    endloop
  endfacet
  facet normal 0 0 -1
    outer loop
      vertex 5.68588 44.0785 0
      vertex 0.172241 47.1611 0
      vertex 0.304489 47.5307 0
    endloop
  endfacet
  facet normal 0 0 -1
    outer loop
      vertex 5.68588 44.0785 0
      vertex 0.0768585 46.7804 0
      vertex 0.172241 47.1611 0
    endloop
  endfacet
  facet normal 0 0 -1
    outer loop
      vertex 5.68588 44.0785 0
      vertex 0.0192566 46.3921 0
      vertex 0.0768585 46.7804 0
    endloop
  endfacet
  facet normal 0 0 -1
    outer loop
      vertex 74.3141 41.9215 0
      vertex 73.2056 25.8056 0
      vertex 74.2021 41.7979 0
    endloop
  endfacet
  facet normal 0 0 -1
    outer loop
      vertex 73.1209 25.9199 0
      vertex 74.2021 41.7979 0
      vertex 73.2056 25.8056 0
    endloop
  endfacet
  facet normal 0 0 -1
    outer loop
      vertex 74.2021 41.7979 0
      vertex 73.1209 25.9199 0
      vertex 74.0785 41.6859 0
    endloop
  endfacet
  facet normal 0 0 -1
    outer loop
      vertex 73.0253 26.0253 0
      vertex 74.0785 41.6859 0
      vertex 73.1209 25.9199 0
    endloop
  endfacet
  facet normal 0 0 -1
    outer loop
      vertex 74.0785 41.6859 0
      vertex 73.0253 26.0253 0
      vertex 73.9445 41.5865 0
    endloop
  endfacet
  facet normal 0 0 -1
    outer loop
      vertex 72.9199 26.1209 0
      vertex 73.9445 41.5865 0
      vertex 73.0253 26.0253 0
    endloop
  endfacet
  facet normal 0 0 -1
    outer loop
      vertex 73.9445 41.5865 0
      vertex 72.9199 26.1209 0
      vertex 73.8014 41.5007 0
    endloop
  endfacet
  facet normal 0 0 -1
    outer loop
      vertex 72.8056 26.2056 0
      vertex 73.8014 41.5007 0
      vertex 72.9199 26.1209 0
    endloop
  endfacet
  facet normal 0 0 -1
    outer loop
      vertex 73.8014 41.5007 0
      vertex 72.8056 26.2056 0
      vertex 73.6506 41.4294 0
    endloop
  endfacet
  facet normal 0 0 -1
    outer loop
      vertex 72.6835 26.2788 0
      vertex 73.6506 41.4294 0
      vertex 72.8056 26.2056 0
    endloop
  endfacet
  facet normal 0 0 -1
    outer loop
      vertex 73.6506 41.4294 0
      vertex 72.6835 26.2788 0
      vertex 73.4935 41.3732 0
    endloop
  endfacet
  facet normal 0 0 -1
    outer loop
      vertex 72.5549 26.3396 0
      vertex 73.4935 41.3732 0
      vertex 72.6835 26.2788 0
    endloop
  endfacet
  facet normal 0 0 -1
    outer loop
      vertex 73.4935 41.3732 0
      vertex 72.5549 26.3396 0
      vertex 73.3316 41.3327 0
    endloop
  endfacet
  facet normal 0 0 -1
    outer loop
      vertex 72.4209 26.3876 0
      vertex 73.3316 41.3327 0
      vertex 72.5549 26.3396 0
    endloop
  endfacet
  facet normal 0 0 -1
    outer loop
      vertex 73.3316 41.3327 0
      vertex 72.4209 26.3876 0
      vertex 73.1666 41.3082 0
    endloop
  endfacet
  facet normal 0 0 -1
    outer loop
      vertex 72.2829 26.4221 0
      vertex 73.1666 41.3082 0
      vertex 72.4209 26.3876 0
    endloop
  endfacet
  facet normal 0 0 -1
    outer loop
      vertex 73.1666 41.3082 0
      vertex 72.2829 26.4221 0
      vertex 73 41.3 0
    endloop
  endfacet
  facet normal 0 0 -1
    outer loop
      vertex 72.1421 26.443 0
      vertex 73 41.3 0
      vertex 72.2829 26.4221 0
    endloop
  endfacet
  facet normal -0 0 -1
    outer loop
      vertex 73 41.3 0
      vertex 72.1421 26.443 0
      vertex 72.8334 41.3082 0
    endloop
  endfacet
  facet normal 0 0 -1
    outer loop
      vertex 72 26.45 0
      vertex 72.8334 41.3082 0
      vertex 72.1421 26.443 0
    endloop
  endfacet
  facet normal -0 0 -1
    outer loop
      vertex 72.8334 41.3082 0
      vertex 72 26.45 0
      vertex 72.6684 41.3327 0
    endloop
  endfacet
  facet normal 0 0 -1
    outer loop
      vertex 71.8579 26.443 0
      vertex 72.6684 41.3327 0
      vertex 72 26.45 0
    endloop
  endfacet
  facet normal -0 0 -1
    outer loop
      vertex 72.6684 41.3327 0
      vertex 71.8579 26.443 0
      vertex 72.5065 41.3732 0
    endloop
  endfacet
  facet normal 0 0 -1
    outer loop
      vertex 71.7171 26.4221 0
      vertex 72.5065 41.3732 0
      vertex 71.8579 26.443 0
    endloop
  endfacet
  facet normal -0 0 -1
    outer loop
      vertex 72.5065 41.3732 0
      vertex 71.7171 26.4221 0
      vertex 72.3494 41.4294 0
    endloop
  endfacet
  facet normal 0 0 -1
    outer loop
      vertex 71.5791 26.3876 0
      vertex 72.3494 41.4294 0
      vertex 71.7171 26.4221 0
    endloop
  endfacet
  facet normal -0 0 -1
    outer loop
      vertex 72.3494 41.4294 0
      vertex 71.5791 26.3876 0
      vertex 72.1986 41.5007 0
    endloop
  endfacet
  facet normal 0 0 -1
    outer loop
      vertex 71.4451 26.3396 0
      vertex 72.1986 41.5007 0
      vertex 71.5791 26.3876 0
    endloop
  endfacet
  facet normal -0 0 -1
    outer loop
      vertex 72.1986 41.5007 0
      vertex 71.4451 26.3396 0
      vertex 72.0555 41.5865 0
    endloop
  endfacet
  facet normal 0 0 -1
    outer loop
      vertex 71.3165 26.2788 0
      vertex 72.0555 41.5865 0
      vertex 71.4451 26.3396 0
    endloop
  endfacet
  facet normal -0 0 -1
    outer loop
      vertex 72.0555 41.5865 0
      vertex 71.3165 26.2788 0
      vertex 71.9215 41.6859 0
    endloop
  endfacet
  facet normal 0 0 -1
    outer loop
      vertex 71.1944 26.2056 0
      vertex 71.9215 41.6859 0
      vertex 71.3165 26.2788 0
    endloop
  endfacet
  facet normal 0 0 -1
    outer loop
      vertex 60.8056 26.2056 0
      vertex 71.9215 41.6859 0
      vertex 71.1944 26.2056 0
    endloop
  endfacet
  facet normal 0 0 -1
    outer loop
      vertex 60.8056 26.2056 0
      vertex 71.1944 26.2056 0
      vertex 71.0801 26.1209 0
    endloop
  endfacet
  facet normal 0 0 -1
    outer loop
      vertex 60.6835 26.2788 0
      vertex 71.9215 41.6859 0
      vertex 60.8056 26.2056 0
    endloop
  endfacet
  facet normal -0 0 -1
    outer loop
      vertex 71.9215 41.6859 0
      vertex 60.6835 26.2788 0
      vertex 71.7979 41.7979 0
    endloop
  endfacet
  facet normal 0 0 -1
    outer loop
      vertex 60.5549 26.3396 0
      vertex 71.7979 41.7979 0
      vertex 60.6835 26.2788 0
    endloop
  endfacet
  facet normal -0 0 -1
    outer loop
      vertex 71.7979 41.7979 0
      vertex 60.5549 26.3396 0
      vertex 71.6859 41.9215 0
    endloop
  endfacet
  facet normal 0 0 -1
    outer loop
      vertex 60.4209 26.3876 0
      vertex 71.6859 41.9215 0
      vertex 60.5549 26.3396 0
    endloop
  endfacet
  facet normal -0 0 -1
    outer loop
      vertex 71.6859 41.9215 0
      vertex 60.4209 26.3876 0
      vertex 71.5865 42.0555 0
    endloop
  endfacet
  facet normal 0 0 -1
    outer loop
      vertex 60.2829 26.4221 0
      vertex 71.5865 42.0555 0
      vertex 60.4209 26.3876 0
    endloop
  endfacet
  facet normal -0.941542 -0.336897 0
    outer loop
      vertex 0.304489 2.46927 0
      vertex 0.172241 2.83887 26
      vertex 0.172241 2.83887 0
    endloop
  endfacet
  facet normal -0.941542 -0.336897 0
    outer loop
      vertex 0.172241 2.83887 26
      vertex 0.304489 2.46927 0
      vertex 0.304489 2.46927 26
    endloop
  endfacet
  facet normal 0.803137 0.595794 0
    outer loop
      vertex 79.3259 48.2223 26
      vertex 79.092 48.5376 0
      vertex 79.092 48.5376 26
    endloop
  endfacet
  facet normal 0.803137 0.595794 0
    outer loop
      vertex 79.092 48.5376 0
      vertex 79.3259 48.2223 26
      vertex 79.3259 48.2223 0
    endloop
  endfacet
  facet normal 0.9415 0.337014 0
    outer loop
      vertex 79.8278 47.1611 26
      vertex 79.6955 47.5307 0
      vertex 79.6955 47.5307 26
    endloop
  endfacet
  facet normal 0.9415 0.337014 0
    outer loop
      vertex 79.6955 47.5307 0
      vertex 79.8278 47.1611 26
      vertex 79.8278 47.1611 0
    endloop
  endfacet
  facet normal 0.904025 -0.42748 0
    outer loop
      vertex 79.5277 2.11441 26
      vertex 79.6955 2.46927 0
      vertex 79.6955 2.46927 26
    endloop
  endfacet
  facet normal 0.904025 -0.42748 0
    outer loop
      vertex 79.6955 2.46927 0
      vertex 79.5277 2.11441 26
      vertex 79.5277 2.11441 0
    endloop
  endfacet
  facet normal 0.803137 -0.595794 0
    outer loop
      vertex 79.092 1.46243 26
      vertex 79.3259 1.77773 0
      vertex 79.3259 1.77773 26
    endloop
  endfacet
  facet normal 0.803137 -0.595794 0
    outer loop
      vertex 79.3259 1.77773 0
      vertex 79.092 1.46243 26
      vertex 79.092 1.46243 0
    endloop
  endfacet
  facet normal 0.989176 -0.146737 0
    outer loop
      vertex 79.9231 3.21964 26
      vertex 79.9807 3.60793 0
      vertex 79.9807 3.60793 26
    endloop
  endfacet
  facet normal 0.989176 -0.146737 0
    outer loop
      vertex 79.9807 3.60793 0
      vertex 79.9231 3.21964 26
      vertex 79.9231 3.21964 0
    endloop
  endfacet
  facet normal 0.671622 -0.740894 0
    outer loop
      vertex 78.5376 0.907959 0
      vertex 78.8284 1.17157 26
      vertex 78.5376 0.907959 26
    endloop
  endfacet
  facet normal 0.671622 -0.740894 0
    outer loop
      vertex 78.8284 1.17157 26
      vertex 78.5376 0.907959 0
      vertex 78.8284 1.17157 0
    endloop
  endfacet
  facet normal -0.989175 -0.146742 0
    outer loop
      vertex 0.0768585 3.21964 0
      vertex 0.0192566 3.60793 26
      vertex 0.0192566 3.60793 0
    endloop
  endfacet
  facet normal -0.989175 -0.146742 0
    outer loop
      vertex 0.0192566 3.60793 26
      vertex 0.0768585 3.21964 0
      vertex 0.0768585 3.21964 26
    endloop
  endfacet
  facet normal 0.857727 -0.514106 0
    outer loop
      vertex 79.3259 1.77773 26
      vertex 79.5277 2.11441 0
      vertex 79.5277 2.11441 26
    endloop
  endfacet
  facet normal 0.857727 -0.514106 0
    outer loop
      vertex 79.5277 2.11441 0
      vertex 79.3259 1.77773 26
      vertex 79.3259 1.77773 0
    endloop
  endfacet
  facet normal -0.595715 -0.803196 0
    outer loop
      vertex 32.8224 35.8091 0
      vertex 33.8471 35.0491 26
      vertex 32.8224 35.8091 26
    endloop
  endfacet
  facet normal -0.595715 -0.803196 -0
    outer loop
      vertex 33.8471 35.0491 26
      vertex 32.8224 35.8091 0
      vertex 33.8471 35.0491 0
    endloop
  endfacet
  facet normal 0.42751 -0.904011 0
    outer loop
      vertex 19.4718 36.465 0
      vertex 20.6251 37.0104 26
      vertex 19.4718 36.465 26
    endloop
  endfacet
  facet normal 0.42751 -0.904011 0
    outer loop
      vertex 20.6251 37.0104 26
      vertex 19.4718 36.465 0
      vertex 20.6251 37.0104 0
    endloop
  endfacet
  facet normal 0.941543 -0.336892 0
    outer loop
      vertex 13.1598 28.7737 26
      vertex 13.5896 29.9749 0
      vertex 13.5896 29.9749 26
    endloop
  endfacet
  facet normal 0.941543 -0.336892 0
    outer loop
      vertex 13.5896 29.9749 0
      vertex 13.1598 28.7737 26
      vertex 13.1598 28.7737 0
    endloop
  endfacet
  facet normal -0.904011 -0.42751 0
    outer loop
      vertex 37.6104 29.9749 0
      vertex 37.065 31.1282 26
      vertex 37.065 31.1282 0
    endloop
  endfacet
  facet normal -0.904011 -0.42751 0
    outer loop
      vertex 37.065 31.1282 26
      vertex 37.6104 29.9749 0
      vertex 37.6104 29.9749 26
    endloop
  endfacet
  facet normal -0.857707 -0.514138 0
    outer loop
      vertex 37.065 31.1282 0
      vertex 36.4091 32.2224 26
      vertex 36.4091 32.2224 0
    endloop
  endfacet
  facet normal -0.857707 -0.514138 0
    outer loop
      vertex 36.4091 32.2224 26
      vertex 37.065 31.1282 0
      vertex 37.065 31.1282 26
    endloop
  endfacet
  facet normal -0.336892 -0.941543 0
    outer loop
      vertex 29.3737 37.4402 0
      vertex 30.5749 37.0104 26
      vertex 29.3737 37.4402 26
    endloop
  endfacet
  facet normal -0.336892 -0.941543 -0
    outer loop
      vertex 30.5749 37.0104 26
      vertex 29.3737 37.4402 0
      vertex 30.5749 37.0104 0
    endloop
  endfacet
  facet normal -0.0490697 -0.998795 0
    outer loop
      vertex 25.6 38 0
      vertex 26.8742 37.9374 26
      vertex 25.6 38 26
    endloop
  endfacet
  facet normal -0.0490697 -0.998795 -0
    outer loop
      vertex 26.8742 37.9374 26
      vertex 25.6 38 0
      vertex 26.8742 37.9374 0
    endloop
  endfacet
  facet normal 0.998795 -0.0490697 0
    outer loop
      vertex 12.6 25 26
      vertex 12.6626 26.2742 24.6
      vertex 12.6626 26.2742 26
    endloop
  endfacet
  facet normal 0.998795 -0.0490697 0
    outer loop
      vertex 12.6626 26.2742 24.6
      vertex 12.6 25 26
      vertex 12.6 25 24.6
    endloop
  endfacet
  facet normal 0.998795 -0.0490697 0
    outer loop
      vertex 12.6 25 18
      vertex 12.6626 26.2742 0
      vertex 12.6626 26.2742 18
    endloop
  endfacet
  facet normal 0.998795 -0.0490697 0
    outer loop
      vertex 12.6626 26.2742 0
      vertex 12.6 25 18
      vertex 12.6 25 0
    endloop
  endfacet
  facet normal 0.803196 -0.595715 0
    outer loop
      vertex 14.7909 32.2224 26
      vertex 15.5509 33.2471 0
      vertex 15.5509 33.2471 26
    endloop
  endfacet
  facet normal 0.803196 -0.595715 0
    outer loop
      vertex 15.5509 33.2471 0
      vertex 14.7909 32.2224 26
      vertex 14.7909 32.2224 0
    endloop
  endfacet
  facet normal 0.242997 -0.970027 0
    outer loop
      vertex 21.8263 37.4402 0
      vertex 23.0638 37.7502 26
      vertex 21.8263 37.4402 26
    endloop
  endfacet
  facet normal 0.242997 -0.970027 0
    outer loop
      vertex 23.0638 37.7502 26
      vertex 21.8263 37.4402 0
      vertex 23.0638 37.7502 0
    endloop
  endfacet
  facet normal -0.998795 0.0490697 0
    outer loop
      vertex 38.5374 23.7258 24.6
      vertex 38.6 25 26
      vertex 38.6 25 24.6
    endloop
  endfacet
  facet normal -0.998795 0.0490697 0
    outer loop
      vertex 38.6 25 26
      vertex 38.5374 23.7258 24.6
      vertex 38.5374 23.7258 26
    endloop
  endfacet
  facet normal -0.998795 0.0490697 0
    outer loop
      vertex 38.5374 23.7258 0
      vertex 38.6 25 18
      vertex 38.6 25 0
    endloop
  endfacet
  facet normal -0.998795 0.0490697 0
    outer loop
      vertex 38.6 25 18
      vertex 38.5374 23.7258 0
      vertex 38.5374 23.7258 18
    endloop
  endfacet
  facet normal -0.803196 0.595715 0
    outer loop
      vertex 35.6491 16.7529 0
      vertex 36.4091 17.7776 26
      vertex 36.4091 17.7776 0
    endloop
  endfacet
  facet normal -0.803196 0.595715 0
    outer loop
      vertex 36.4091 17.7776 26
      vertex 35.6491 16.7529 0
      vertex 35.6491 16.7529 26
    endloop
  endfacet
  facet normal 0.0490697 0.998795 -0
    outer loop
      vertex 25.6 12 0
      vertex 24.3258 12.0626 26
      vertex 25.6 12 26
    endloop
  endfacet
  facet normal 0.0490697 0.998795 0
    outer loop
      vertex 24.3258 12.0626 26
      vertex 25.6 12 0
      vertex 24.3258 12.0626 0
    endloop
  endfacet
  facet normal 0.595715 0.803196 -0
    outer loop
      vertex 18.3776 14.1909 0
      vertex 17.3529 14.9509 26
      vertex 18.3776 14.1909 26
    endloop
  endfacet
  facet normal 0.595715 0.803196 0
    outer loop
      vertex 17.3529 14.9509 26
      vertex 18.3776 14.1909 0
      vertex 17.3529 14.9509 0
    endloop
  endfacet
  facet normal -0.989177 -0.14673 0
    outer loop
      vertex 38.5374 26.2742 24.6
      vertex 38.3502 27.5362 26
      vertex 38.3502 27.5362 24.6
    endloop
  endfacet
  facet normal -0.989177 -0.14673 0
    outer loop
      vertex 38.3502 27.5362 26
      vertex 38.5374 26.2742 24.6
      vertex 38.5374 26.2742 26
    endloop
  endfacet
  facet normal -0.989177 -0.14673 0
    outer loop
      vertex 38.5374 26.2742 0
      vertex 38.3502 27.5362 18
      vertex 38.3502 27.5362 0
    endloop
  endfacet
  facet normal -0.989177 -0.14673 0
    outer loop
      vertex 38.3502 27.5362 18
      vertex 38.5374 26.2742 0
      vertex 38.5374 26.2742 18
    endloop
  endfacet
  facet normal -0.970036 -0.242963 0
    outer loop
      vertex 38.0402 28.7737 0
      vertex 38.1338 28.4 18
      vertex 38.0402 28.7737 26
    endloop
  endfacet
  facet normal -0.970027 -0.242997 -7.40313e-07
    outer loop
      vertex 38.3502 27.5362 0
      vertex 38.1338 28.4 18
      vertex 38.0402 28.7737 0
    endloop
  endfacet
  facet normal -0.970023 -0.243011 0
    outer loop
      vertex 38.1338 28.4 18
      vertex 38.3502 27.5362 0
      vertex 38.3502 27.5362 18
    endloop
  endfacet
  facet normal -0.970036 -0.242963 -0
    outer loop
      vertex 38.1338 28.4 24.6
      vertex 38.0402 28.7737 26
      vertex 38.1338 28.4 18
    endloop
  endfacet
  facet normal -0.970023 -0.243011 -0
    outer loop
      vertex 38.3502 27.5362 26
      vertex 38.1338 28.4 24.6
      vertex 38.3502 27.5362 24.6
    endloop
  endfacet
  facet normal -0.970027 -0.242997 9.5183e-06
    outer loop
      vertex 38.1338 28.4 24.6
      vertex 38.3502 27.5362 26
      vertex 38.0402 28.7737 26
    endloop
  endfacet
  facet normal -0.941543 -0.336892 0
    outer loop
      vertex 38.0402 28.7737 0
      vertex 37.6104 29.9749 26
      vertex 37.6104 29.9749 0
    endloop
  endfacet
  facet normal -0.941543 -0.336892 0
    outer loop
      vertex 37.6104 29.9749 26
      vertex 38.0402 28.7737 0
      vertex 38.0402 28.7737 26
    endloop
  endfacet
  facet normal -0.740978 -0.671529 0
    outer loop
      vertex 35.6491 33.2471 0
      vertex 34.7924 34.1924 26
      vertex 34.7924 34.1924 0
    endloop
  endfacet
  facet normal -0.740978 -0.671529 0
    outer loop
      vertex 34.7924 34.1924 26
      vertex 35.6491 33.2471 0
      vertex 35.6491 33.2471 26
    endloop
  endfacet
  facet normal -0.803196 -0.595715 0
    outer loop
      vertex 36.4091 32.2224 0
      vertex 35.6491 33.2471 26
      vertex 35.6491 33.2471 0
    endloop
  endfacet
  facet normal -0.803196 -0.595715 0
    outer loop
      vertex 35.6491 33.2471 26
      vertex 36.4091 32.2224 0
      vertex 36.4091 32.2224 26
    endloop
  endfacet
  facet normal -0.671529 -0.740978 0
    outer loop
      vertex 33.8471 35.0491 0
      vertex 34.7924 34.1924 26
      vertex 33.8471 35.0491 26
    endloop
  endfacet
  facet normal -0.671529 -0.740978 -0
    outer loop
      vertex 34.7924 34.1924 26
      vertex 33.8471 35.0491 0
      vertex 34.7924 34.1924 0
    endloop
  endfacet
  facet normal -0.514138 -0.857707 0
    outer loop
      vertex 31.7282 36.465 0
      vertex 32.8224 35.8091 26
      vertex 31.7282 36.465 26
    endloop
  endfacet
  facet normal -0.514138 -0.857707 -0
    outer loop
      vertex 32.8224 35.8091 26
      vertex 31.7282 36.465 0
      vertex 32.8224 35.8091 0
    endloop
  endfacet
  facet normal 0.0490697 -0.998795 0
    outer loop
      vertex 24.3258 37.9374 0
      vertex 25.6 38 26
      vertex 24.3258 37.9374 26
    endloop
  endfacet
  facet normal 0.0490697 -0.998795 0
    outer loop
      vertex 25.6 38 26
      vertex 24.3258 37.9374 0
      vertex 25.6 38 0
    endloop
  endfacet
  facet normal -0.42751 -0.904011 0
    outer loop
      vertex 30.5749 37.0104 0
      vertex 31.7282 36.465 26
      vertex 30.5749 37.0104 26
    endloop
  endfacet
  facet normal -0.42751 -0.904011 -0
    outer loop
      vertex 31.7282 36.465 26
      vertex 30.5749 37.0104 0
      vertex 31.7282 36.465 0
    endloop
  endfacet
  facet normal -0.242997 -0.970027 0
    outer loop
      vertex 28.1362 37.7502 0
      vertex 29.3737 37.4402 26
      vertex 28.1362 37.7502 26
    endloop
  endfacet
  facet normal -0.242997 -0.970027 -0
    outer loop
      vertex 29.3737 37.4402 26
      vertex 28.1362 37.7502 0
      vertex 29.3737 37.4402 0
    endloop
  endfacet
  facet normal -0.14673 -0.989177 0
    outer loop
      vertex 26.8742 37.9374 0
      vertex 28.1362 37.7502 26
      vertex 26.8742 37.9374 26
    endloop
  endfacet
  facet normal -0.14673 -0.989177 -0
    outer loop
      vertex 28.1362 37.7502 26
      vertex 26.8742 37.9374 0
      vertex 28.1362 37.7502 0
    endloop
  endfacet
  facet normal 0.998795 0.0490697 0
    outer loop
      vertex 12.6626 23.7258 26
      vertex 12.6 25 24.6
      vertex 12.6 25 26
    endloop
  endfacet
  facet normal 0.998795 0.0490697 0
    outer loop
      vertex 12.6 25 24.6
      vertex 12.6626 23.7258 26
      vertex 12.6626 23.7258 24.6
    endloop
  endfacet
  facet normal 0.998795 0.0490697 0
    outer loop
      vertex 12.6626 23.7258 18
      vertex 12.6 25 0
      vertex 12.6 25 18
    endloop
  endfacet
  facet normal 0.998795 0.0490697 0
    outer loop
      vertex 12.6 25 0
      vertex 12.6626 23.7258 18
      vertex 12.6626 23.7258 0
    endloop
  endfacet
  facet normal 0.970036 -0.242963 0
    outer loop
      vertex 13.0662 28.4 18
      vertex 13.1598 28.7737 26
      vertex 13.0662 28.4 24.6
    endloop
  endfacet
  facet normal 0.970027 -0.242997 9.5183e-06
    outer loop
      vertex 12.8498 27.5362 26
      vertex 13.0662 28.4 24.6
      vertex 13.1598 28.7737 26
    endloop
  endfacet
  facet normal 0.970023 -0.243011 0
    outer loop
      vertex 13.0662 28.4 24.6
      vertex 12.8498 27.5362 26
      vertex 12.8498 27.5362 24.6
    endloop
  endfacet
  facet normal 0.970036 -0.242963 0
    outer loop
      vertex 13.1598 28.7737 26
      vertex 13.0662 28.4 18
      vertex 13.1598 28.7737 0
    endloop
  endfacet
  facet normal 0.970023 -0.243011 0
    outer loop
      vertex 12.8498 27.5362 0
      vertex 13.0662 28.4 18
      vertex 12.8498 27.5362 18
    endloop
  endfacet
  facet normal 0.970027 -0.242997 -7.40313e-07
    outer loop
      vertex 13.0662 28.4 18
      vertex 12.8498 27.5362 0
      vertex 13.1598 28.7737 0
    endloop
  endfacet
  facet normal 0.989177 -0.14673 0
    outer loop
      vertex 12.6626 26.2742 26
      vertex 12.8498 27.5362 24.6
      vertex 12.8498 27.5362 26
    endloop
  endfacet
  facet normal 0.989177 -0.14673 0
    outer loop
      vertex 12.8498 27.5362 24.6
      vertex 12.6626 26.2742 26
      vertex 12.6626 26.2742 24.6
    endloop
  endfacet
  facet normal 0.989177 -0.14673 0
    outer loop
      vertex 12.6626 26.2742 18
      vertex 12.8498 27.5362 0
      vertex 12.8498 27.5362 18
    endloop
  endfacet
  facet normal 0.989177 -0.14673 0
    outer loop
      vertex 12.8498 27.5362 0
      vertex 12.6626 26.2742 18
      vertex 12.6626 26.2742 0
    endloop
  endfacet
  facet normal 0.904011 -0.42751 0
    outer loop
      vertex 13.5896 29.9749 26
      vertex 14.135 31.1282 0
      vertex 14.135 31.1282 26
    endloop
  endfacet
  facet normal 0.904011 -0.42751 0
    outer loop
      vertex 14.135 31.1282 0
      vertex 13.5896 29.9749 26
      vertex 13.5896 29.9749 0
    endloop
  endfacet
  facet normal 0.857707 -0.514138 0
    outer loop
      vertex 14.135 31.1282 26
      vertex 14.7909 32.2224 0
      vertex 14.7909 32.2224 26
    endloop
  endfacet
  facet normal 0.857707 -0.514138 0
    outer loop
      vertex 14.7909 32.2224 0
      vertex 14.135 31.1282 26
      vertex 14.135 31.1282 0
    endloop
  endfacet
  facet normal 0.336892 -0.941543 0
    outer loop
      vertex 20.6251 37.0104 0
      vertex 21.8263 37.4402 26
      vertex 20.6251 37.0104 26
    endloop
  endfacet
  facet normal 0.336892 -0.941543 0
    outer loop
      vertex 21.8263 37.4402 26
      vertex 20.6251 37.0104 0
      vertex 21.8263 37.4402 0
    endloop
  endfacet
  facet normal 0.14673 -0.989177 0
    outer loop
      vertex 23.0638 37.7502 0
      vertex 24.3258 37.9374 26
      vertex 23.0638 37.7502 26
    endloop
  endfacet
  facet normal 0.14673 -0.989177 0
    outer loop
      vertex 24.3258 37.9374 26
      vertex 23.0638 37.7502 0
      vertex 24.3258 37.9374 0
    endloop
  endfacet
  facet normal 0.595715 -0.803196 0
    outer loop
      vertex 17.3529 35.0491 0
      vertex 18.3776 35.8091 26
      vertex 17.3529 35.0491 26
    endloop
  endfacet
  facet normal 0.595715 -0.803196 0
    outer loop
      vertex 18.3776 35.8091 26
      vertex 17.3529 35.0491 0
      vertex 18.3776 35.8091 0
    endloop
  endfacet
  facet normal 0.671529 -0.740978 0
    outer loop
      vertex 16.4076 34.1924 0
      vertex 17.3529 35.0491 26
      vertex 16.4076 34.1924 26
    endloop
  endfacet
  facet normal 0.671529 -0.740978 0
    outer loop
      vertex 17.3529 35.0491 26
      vertex 16.4076 34.1924 0
      vertex 17.3529 35.0491 0
    endloop
  endfacet
  facet normal 0.514138 -0.857707 0
    outer loop
      vertex 18.3776 35.8091 0
      vertex 19.4718 36.465 26
      vertex 18.3776 35.8091 26
    endloop
  endfacet
  facet normal 0.514138 -0.857707 0
    outer loop
      vertex 19.4718 36.465 26
      vertex 18.3776 35.8091 0
      vertex 19.4718 36.465 0
    endloop
  endfacet
  facet normal 0.740978 -0.671529 0
    outer loop
      vertex 15.5509 33.2471 26
      vertex 16.4076 34.1924 0
      vertex 16.4076 34.1924 26
    endloop
  endfacet
  facet normal 0.740978 -0.671529 0
    outer loop
      vertex 16.4076 34.1924 0
      vertex 15.5509 33.2471 26
      vertex 15.5509 33.2471 0
    endloop
  endfacet
  facet normal -0.998795 -0.0490697 0
    outer loop
      vertex 38.6 25 24.6
      vertex 38.5374 26.2742 26
      vertex 38.5374 26.2742 24.6
    endloop
  endfacet
  facet normal -0.998795 -0.0490697 0
    outer loop
      vertex 38.5374 26.2742 26
      vertex 38.6 25 24.6
      vertex 38.6 25 26
    endloop
  endfacet
  facet normal -0.998795 -0.0490697 0
    outer loop
      vertex 38.6 25 0
      vertex 38.5374 26.2742 18
      vertex 38.5374 26.2742 0
    endloop
  endfacet
  facet normal -0.998795 -0.0490697 0
    outer loop
      vertex 38.5374 26.2742 18
      vertex 38.6 25 0
      vertex 38.6 25 18
    endloop
  endfacet
  facet normal -0.14673 0.989177 0
    outer loop
      vertex 28.1362 12.2498 0
      vertex 26.8742 12.0626 26
      vertex 28.1362 12.2498 26
    endloop
  endfacet
  facet normal -0.14673 0.989177 0
    outer loop
      vertex 26.8742 12.0626 26
      vertex 28.1362 12.2498 0
      vertex 26.8742 12.0626 0
    endloop
  endfacet
  facet normal -0.970023 0.243011 0
    outer loop
      vertex 38.3502 22.4638 0
      vertex 38.1338 21.6 18
      vertex 38.3502 22.4638 18
    endloop
  endfacet
  facet normal -0.970036 0.242963 0
    outer loop
      vertex 38.0402 21.2263 26
      vertex 38.1338 21.6 18
      vertex 38.0402 21.2263 0
    endloop
  endfacet
  facet normal -0.970027 0.242997 -7.40313e-07
    outer loop
      vertex 38.0402 21.2263 0
      vertex 38.1338 21.6 18
      vertex 38.3502 22.4638 0
    endloop
  endfacet
  facet normal -0.970023 0.243011 0
    outer loop
      vertex 38.1338 21.6 24.6
      vertex 38.3502 22.4638 26
      vertex 38.3502 22.4638 24.6
    endloop
  endfacet
  facet normal -0.970027 0.242997 9.5183e-06
    outer loop
      vertex 38.1338 21.6 24.6
      vertex 38.0402 21.2263 26
      vertex 38.3502 22.4638 26
    endloop
  endfacet
  facet normal -0.970036 0.242963 0
    outer loop
      vertex 38.1338 21.6 18
      vertex 38.0402 21.2263 26
      vertex 38.1338 21.6 24.6
    endloop
  endfacet
  facet normal -0.242997 0.970027 0
    outer loop
      vertex 29.3737 12.5598 0
      vertex 28.1362 12.2498 26
      vertex 29.3737 12.5598 26
    endloop
  endfacet
  facet normal -0.242997 0.970027 0
    outer loop
      vertex 28.1362 12.2498 26
      vertex 29.3737 12.5598 0
      vertex 28.1362 12.2498 0
    endloop
  endfacet
  facet normal -0.336892 0.941543 0
    outer loop
      vertex 30.5749 12.9896 0
      vertex 29.3737 12.5598 26
      vertex 30.5749 12.9896 26
    endloop
  endfacet
  facet normal -0.336892 0.941543 0
    outer loop
      vertex 29.3737 12.5598 26
      vertex 30.5749 12.9896 0
      vertex 29.3737 12.5598 0
    endloop
  endfacet
  facet normal -0.671529 0.740978 0
    outer loop
      vertex 34.7924 15.8076 0
      vertex 33.8471 14.9509 26
      vertex 34.7924 15.8076 26
    endloop
  endfacet
  facet normal -0.671529 0.740978 0
    outer loop
      vertex 33.8471 14.9509 26
      vertex 34.7924 15.8076 0
      vertex 33.8471 14.9509 0
    endloop
  endfacet
  facet normal -0.514138 0.857707 0
    outer loop
      vertex 32.8224 14.1909 0
      vertex 31.7282 13.535 26
      vertex 32.8224 14.1909 26
    endloop
  endfacet
  facet normal -0.514138 0.857707 0
    outer loop
      vertex 31.7282 13.535 26
      vertex 32.8224 14.1909 0
      vertex 31.7282 13.535 0
    endloop
  endfacet
  facet normal -0.904011 0.42751 0
    outer loop
      vertex 37.065 18.8718 0
      vertex 37.6104 20.0251 26
      vertex 37.6104 20.0251 0
    endloop
  endfacet
  facet normal -0.904011 0.42751 0
    outer loop
      vertex 37.6104 20.0251 26
      vertex 37.065 18.8718 0
      vertex 37.065 18.8718 26
    endloop
  endfacet
  facet normal -0.0490697 0.998795 0
    outer loop
      vertex 26.8742 12.0626 0
      vertex 25.6 12 26
      vertex 26.8742 12.0626 26
    endloop
  endfacet
  facet normal -0.0490697 0.998795 0
    outer loop
      vertex 25.6 12 26
      vertex 26.8742 12.0626 0
      vertex 25.6 12 0
    endloop
  endfacet
  facet normal 0.242997 0.970027 -0
    outer loop
      vertex 23.0638 12.2498 0
      vertex 21.8263 12.5598 26
      vertex 23.0638 12.2498 26
    endloop
  endfacet
  facet normal 0.242997 0.970027 0
    outer loop
      vertex 21.8263 12.5598 26
      vertex 23.0638 12.2498 0
      vertex 21.8263 12.5598 0
    endloop
  endfacet
  facet normal 0.42751 0.904011 -0
    outer loop
      vertex 20.6251 12.9896 0
      vertex 19.4718 13.535 26
      vertex 20.6251 12.9896 26
    endloop
  endfacet
  facet normal 0.42751 0.904011 0
    outer loop
      vertex 19.4718 13.535 26
      vertex 20.6251 12.9896 0
      vertex 19.4718 13.535 0
    endloop
  endfacet
  facet normal 0.941543 0.336892 0
    outer loop
      vertex 13.5896 20.0251 26
      vertex 13.1598 21.2263 0
      vertex 13.1598 21.2263 26
    endloop
  endfacet
  facet normal 0.941543 0.336892 0
    outer loop
      vertex 13.1598 21.2263 0
      vertex 13.5896 20.0251 26
      vertex 13.5896 20.0251 0
    endloop
  endfacet
  facet normal 0.989177 0.14673 0
    outer loop
      vertex 12.8498 22.4638 26
      vertex 12.6626 23.7258 24.6
      vertex 12.6626 23.7258 26
    endloop
  endfacet
  facet normal 0.989177 0.14673 0
    outer loop
      vertex 12.6626 23.7258 24.6
      vertex 12.8498 22.4638 26
      vertex 12.8498 22.4638 24.6
    endloop
  endfacet
  facet normal 0.989177 0.14673 0
    outer loop
      vertex 12.8498 22.4638 18
      vertex 12.6626 23.7258 0
      vertex 12.6626 23.7258 18
    endloop
  endfacet
  facet normal 0.989177 0.14673 0
    outer loop
      vertex 12.6626 23.7258 0
      vertex 12.8498 22.4638 18
      vertex 12.8498 22.4638 0
    endloop
  endfacet
  facet normal 0.740978 0.671529 0
    outer loop
      vertex 16.4076 15.8076 26
      vertex 15.5509 16.7529 0
      vertex 15.5509 16.7529 26
    endloop
  endfacet
  facet normal 0.740978 0.671529 0
    outer loop
      vertex 15.5509 16.7529 0
      vertex 16.4076 15.8076 26
      vertex 16.4076 15.8076 0
    endloop
  endfacet
  facet normal 0.857707 0.514138 0
    outer loop
      vertex 14.7909 17.7776 26
      vertex 14.135 18.8718 0
      vertex 14.135 18.8718 26
    endloop
  endfacet
  facet normal 0.857707 0.514138 0
    outer loop
      vertex 14.135 18.8718 0
      vertex 14.7909 17.7776 26
      vertex 14.7909 17.7776 0
    endloop
  endfacet
  facet normal -0.989177 0.14673 0
    outer loop
      vertex 38.3502 22.4638 24.6
      vertex 38.5374 23.7258 26
      vertex 38.5374 23.7258 24.6
    endloop
  endfacet
  facet normal -0.989177 0.14673 0
    outer loop
      vertex 38.5374 23.7258 26
      vertex 38.3502 22.4638 24.6
      vertex 38.3502 22.4638 26
    endloop
  endfacet
  facet normal -0.989177 0.14673 0
    outer loop
      vertex 38.3502 22.4638 0
      vertex 38.5374 23.7258 18
      vertex 38.5374 23.7258 0
    endloop
  endfacet
  facet normal -0.989177 0.14673 0
    outer loop
      vertex 38.5374 23.7258 18
      vertex 38.3502 22.4638 0
      vertex 38.3502 22.4638 18
    endloop
  endfacet
  facet normal -0.42751 0.904011 0
    outer loop
      vertex 31.7282 13.535 0
      vertex 30.5749 12.9896 26
      vertex 31.7282 13.535 26
    endloop
  endfacet
  facet normal -0.42751 0.904011 0
    outer loop
      vertex 30.5749 12.9896 26
      vertex 31.7282 13.535 0
      vertex 30.5749 12.9896 0
    endloop
  endfacet
  facet normal -0.740978 0.671529 0
    outer loop
      vertex 34.7924 15.8076 0
      vertex 35.6491 16.7529 26
      vertex 35.6491 16.7529 0
    endloop
  endfacet
  facet normal -0.740978 0.671529 0
    outer loop
      vertex 35.6491 16.7529 26
      vertex 34.7924 15.8076 0
      vertex 34.7924 15.8076 26
    endloop
  endfacet
  facet normal -0.595715 0.803196 0
    outer loop
      vertex 33.8471 14.9509 0
      vertex 32.8224 14.1909 26
      vertex 33.8471 14.9509 26
    endloop
  endfacet
  facet normal -0.595715 0.803196 0
    outer loop
      vertex 32.8224 14.1909 26
      vertex 33.8471 14.9509 0
      vertex 32.8224 14.1909 0
    endloop
  endfacet
  facet normal -0.941543 0.336892 0
    outer loop
      vertex 37.6104 20.0251 0
      vertex 38.0402 21.2263 26
      vertex 38.0402 21.2263 0
    endloop
  endfacet
  facet normal -0.941543 0.336892 0
    outer loop
      vertex 38.0402 21.2263 26
      vertex 37.6104 20.0251 0
      vertex 37.6104 20.0251 26
    endloop
  endfacet
  facet normal -0.857707 0.514138 0
    outer loop
      vertex 36.4091 17.7776 0
      vertex 37.065 18.8718 26
      vertex 37.065 18.8718 0
    endloop
  endfacet
  facet normal -0.857707 0.514138 0
    outer loop
      vertex 37.065 18.8718 26
      vertex 36.4091 17.7776 0
      vertex 36.4091 17.7776 26
    endloop
  endfacet
  facet normal 0.14673 0.989177 -0
    outer loop
      vertex 24.3258 12.0626 0
      vertex 23.0638 12.2498 26
      vertex 24.3258 12.0626 26
    endloop
  endfacet
  facet normal 0.14673 0.989177 0
    outer loop
      vertex 23.0638 12.2498 26
      vertex 24.3258 12.0626 0
      vertex 23.0638 12.2498 0
    endloop
  endfacet
  facet normal 0.336892 0.941543 -0
    outer loop
      vertex 21.8263 12.5598 0
      vertex 20.6251 12.9896 26
      vertex 21.8263 12.5598 26
    endloop
  endfacet
  facet normal 0.336892 0.941543 0
    outer loop
      vertex 20.6251 12.9896 26
      vertex 21.8263 12.5598 0
      vertex 20.6251 12.9896 0
    endloop
  endfacet
  facet normal 0.514138 0.857707 -0
    outer loop
      vertex 19.4718 13.535 0
      vertex 18.3776 14.1909 26
      vertex 19.4718 13.535 26
    endloop
  endfacet
  facet normal 0.514138 0.857707 0
    outer loop
      vertex 18.3776 14.1909 26
      vertex 19.4718 13.535 0
      vertex 18.3776 14.1909 0
    endloop
  endfacet
  facet normal 0.904011 0.42751 0
    outer loop
      vertex 14.135 18.8718 26
      vertex 13.5896 20.0251 0
      vertex 13.5896 20.0251 26
    endloop
  endfacet
  facet normal 0.904011 0.42751 0
    outer loop
      vertex 13.5896 20.0251 0
      vertex 14.135 18.8718 26
      vertex 14.135 18.8718 0
    endloop
  endfacet
  facet normal 0.970023 0.243011 0
    outer loop
      vertex 12.8498 22.4638 26
      vertex 13.0662 21.6 24.6
      vertex 12.8498 22.4638 24.6
    endloop
  endfacet
  facet normal 0.970036 0.242963 0
    outer loop
      vertex 13.0662 21.6 24.6
      vertex 13.1598 21.2263 26
      vertex 13.0662 21.6 18
    endloop
  endfacet
  facet normal 0.970027 0.242997 9.5183e-06
    outer loop
      vertex 13.1598 21.2263 26
      vertex 13.0662 21.6 24.6
      vertex 12.8498 22.4638 26
    endloop
  endfacet
  facet normal 0.970023 0.243011 0
    outer loop
      vertex 13.0662 21.6 18
      vertex 12.8498 22.4638 0
      vertex 12.8498 22.4638 18
    endloop
  endfacet
  facet normal 0.970027 0.242997 -7.40313e-07
    outer loop
      vertex 13.0662 21.6 18
      vertex 13.1598 21.2263 0
      vertex 12.8498 22.4638 0
    endloop
  endfacet
  facet normal 0.970036 0.242963 -0
    outer loop
      vertex 13.1598 21.2263 0
      vertex 13.0662 21.6 18
      vertex 13.1598 21.2263 26
    endloop
  endfacet
  facet normal 0.803196 0.595715 0
    outer loop
      vertex 15.5509 16.7529 26
      vertex 14.7909 17.7776 0
      vertex 14.7909 17.7776 26
    endloop
  endfacet
  facet normal 0.803196 0.595715 0
    outer loop
      vertex 14.7909 17.7776 0
      vertex 15.5509 16.7529 26
      vertex 15.5509 16.7529 0
    endloop
  endfacet
  facet normal 0.671529 0.740978 -0
    outer loop
      vertex 17.3529 14.9509 0
      vertex 16.4076 15.8076 26
      vertex 17.3529 14.9509 26
    endloop
  endfacet
  facet normal 0.671529 0.740978 0
    outer loop
      vertex 16.4076 15.8076 26
      vertex 17.3529 14.9509 0
      vertex 16.4076 15.8076 0
    endloop
  endfacet
  facet normal 1 -0 0
    outer loop
      vertex 2.4 21.6 24.6
      vertex 2.4 28.4 18
      vertex 2.4 28.4 24.6
    endloop
  endfacet
  facet normal 1 0 0
    outer loop
      vertex 2.4 28.4 18
      vertex 2.4 21.6 24.6
      vertex 2.4 21.6 18
    endloop
  endfacet
  facet normal 0 0 -1
    outer loop
      vertex 77.61 21.6 24.6
      vertex 38.6 25 24.6
      vertex 77.61 28.4 24.6
    endloop
  endfacet
  facet normal 0 0 -1
    outer loop
      vertex 77.61 21.6 24.6
      vertex 38.5374 23.7258 24.6
      vertex 38.6 25 24.6
    endloop
  endfacet
  facet normal 0 0 -1
    outer loop
      vertex 77.61 21.6 24.6
      vertex 38.3502 22.4638 24.6
      vertex 38.5374 23.7258 24.6
    endloop
  endfacet
  facet normal 0 -0 -1
    outer loop
      vertex 38.3502 22.4638 24.6
      vertex 77.61 21.6 24.6
      vertex 38.1338 21.6 24.6
    endloop
  endfacet
  facet normal 0 0 -1
    outer loop
      vertex 38.5374 26.2742 24.6
      vertex 77.61 28.4 24.6
      vertex 38.6 25 24.6
    endloop
  endfacet
  facet normal 0 0 -1
    outer loop
      vertex 38.3502 27.5362 24.6
      vertex 77.61 28.4 24.6
      vertex 38.5374 26.2742 24.6
    endloop
  endfacet
  facet normal -0 0 -1
    outer loop
      vertex 77.61 28.4 24.6
      vertex 38.3502 27.5362 24.6
      vertex 38.1338 28.4 24.6
    endloop
  endfacet
  facet normal -0 0 -1
    outer loop
      vertex 12.6626 23.7258 24.6
      vertex 2.4 21.6 24.6
      vertex 12.6 25 24.6
    endloop
  endfacet
  facet normal -0 0 -1
    outer loop
      vertex 12.8498 22.4638 24.6
      vertex 2.4 21.6 24.6
      vertex 12.6626 23.7258 24.6
    endloop
  endfacet
  facet normal 0 0 -1
    outer loop
      vertex 2.4 21.6 24.6
      vertex 12.8498 22.4638 24.6
      vertex 13.0662 21.6 24.6
    endloop
  endfacet
  facet normal 0 0 -1
    outer loop
      vertex 2.4 28.4 24.6
      vertex 12.6 25 24.6
      vertex 2.4 21.6 24.6
    endloop
  endfacet
  facet normal 0 0 -1
    outer loop
      vertex 12.6 25 24.6
      vertex 2.4 28.4 24.6
      vertex 12.6626 26.2742 24.6
    endloop
  endfacet
  facet normal 0 0 -1
    outer loop
      vertex 12.6626 26.2742 24.6
      vertex 2.4 28.4 24.6
      vertex 12.8498 27.5362 24.6
    endloop
  endfacet
  facet normal 0 0 -1
    outer loop
      vertex 12.8498 27.5362 24.6
      vertex 2.4 28.4 24.6
      vertex 13.0662 28.4 24.6
    endloop
  endfacet
  facet normal -1 0 0
    outer loop
      vertex 77.61 21.6 18
      vertex 77.61 28.4 24.6
      vertex 77.61 28.4 18
    endloop
  endfacet
  facet normal -1 -0 0
    outer loop
      vertex 77.61 28.4 24.6
      vertex 77.61 21.6 18
      vertex 77.61 21.6 24.6
    endloop
  endfacet
  facet normal 0 -1 0
    outer loop
      vertex 38.1338 28.4 18
      vertex 77.61 28.4 24.6
      vertex 38.1338 28.4 24.6
    endloop
  endfacet
  facet normal 0 -1 -0
    outer loop
      vertex 77.61 28.4 24.6
      vertex 38.1338 28.4 18
      vertex 77.61 28.4 18
    endloop
  endfacet
  facet normal 0 -1 0
    outer loop
      vertex 2.4 28.4 18
      vertex 13.0662 28.4 24.6
      vertex 2.4 28.4 24.6
    endloop
  endfacet
  facet normal 0 -1 -0
    outer loop
      vertex 13.0662 28.4 24.6
      vertex 2.4 28.4 18
      vertex 13.0662 28.4 18
    endloop
  endfacet
  facet normal 0 0 1
    outer loop
      vertex 12.6626 26.2742 18
      vertex 2.4 28.4 18
      vertex 12.6 25 18
    endloop
  endfacet
  facet normal 0 0 1
    outer loop
      vertex 12.8498 27.5362 18
      vertex 2.4 28.4 18
      vertex 12.6626 26.2742 18
    endloop
  endfacet
  facet normal -0 0 1
    outer loop
      vertex 2.4 28.4 18
      vertex 12.8498 27.5362 18
      vertex 13.0662 28.4 18
    endloop
  endfacet
  facet normal 0 0 1
    outer loop
      vertex 2.4 21.6 18
      vertex 12.6 25 18
      vertex 2.4 28.4 18
    endloop
  endfacet
  facet normal 0 0 1
    outer loop
      vertex 12.6 25 18
      vertex 2.4 21.6 18
      vertex 12.6626 23.7258 18
    endloop
  endfacet
  facet normal 0 0 1
    outer loop
      vertex 12.6626 23.7258 18
      vertex 2.4 21.6 18
      vertex 12.8498 22.4638 18
    endloop
  endfacet
  facet normal 0 0 1
    outer loop
      vertex 12.8498 22.4638 18
      vertex 2.4 21.6 18
      vertex 13.0662 21.6 18
    endloop
  endfacet
  facet normal 0 0 1
    outer loop
      vertex 77.61 28.4 18
      vertex 73.45 25 18
      vertex 77.61 21.6 18
    endloop
  endfacet
  facet normal 0 0 1
    outer loop
      vertex 77.61 28.4 18
      vertex 73.443 25.1421 18
      vertex 73.45 25 18
    endloop
  endfacet
  facet normal 0 0 1
    outer loop
      vertex 77.61 28.4 18
      vertex 73.4221 25.2829 18
      vertex 73.443 25.1421 18
    endloop
  endfacet
  facet normal 0 0 1
    outer loop
      vertex 77.61 28.4 18
      vertex 73.3876 25.4209 18
      vertex 73.4221 25.2829 18
    endloop
  endfacet
  facet normal 0 0 1
    outer loop
      vertex 77.61 28.4 18
      vertex 73.3396 25.5549 18
      vertex 73.3876 25.4209 18
    endloop
  endfacet
  facet normal 0 0 1
    outer loop
      vertex 77.61 28.4 18
      vertex 73.2788 25.6835 18
      vertex 73.3396 25.5549 18
    endloop
  endfacet
  facet normal 0 0 1
    outer loop
      vertex 77.61 28.4 18
      vertex 73.2056 25.8056 18
      vertex 73.2788 25.6835 18
    endloop
  endfacet
  facet normal 0 0 1
    outer loop
      vertex 77.61 28.4 18
      vertex 73.1209 25.9199 18
      vertex 73.2056 25.8056 18
    endloop
  endfacet
  facet normal 0 0 1
    outer loop
      vertex 77.61 28.4 18
      vertex 73.0253 26.0253 18
      vertex 73.1209 25.9199 18
    endloop
  endfacet
  facet normal 0 0 1
    outer loop
      vertex 77.61 28.4 18
      vertex 72.9199 26.1209 18
      vertex 73.0253 26.0253 18
    endloop
  endfacet
  facet normal 0 0 1
    outer loop
      vertex 77.61 28.4 18
      vertex 72.8056 26.2056 18
      vertex 72.9199 26.1209 18
    endloop
  endfacet
  facet normal 0 0 1
    outer loop
      vertex 77.61 28.4 18
      vertex 72.6835 26.2788 18
      vertex 72.8056 26.2056 18
    endloop
  endfacet
  facet normal 0 0 1
    outer loop
      vertex 77.61 28.4 18
      vertex 72.5549 26.3396 18
      vertex 72.6835 26.2788 18
    endloop
  endfacet
  facet normal 0 0 1
    outer loop
      vertex 77.61 28.4 18
      vertex 72.4209 26.3876 18
      vertex 72.5549 26.3396 18
    endloop
  endfacet
  facet normal 0 0 1
    outer loop
      vertex 77.61 28.4 18
      vertex 72.2829 26.4221 18
      vertex 72.4209 26.3876 18
    endloop
  endfacet
  facet normal 0 0 1
    outer loop
      vertex 77.61 28.4 18
      vertex 72.1421 26.443 18
      vertex 72.2829 26.4221 18
    endloop
  endfacet
  facet normal 0 0 1
    outer loop
      vertex 77.61 28.4 18
      vertex 72 26.45 18
      vertex 72.1421 26.443 18
    endloop
  endfacet
  facet normal 0 0 1
    outer loop
      vertex 77.61 28.4 18
      vertex 71.8579 26.443 18
      vertex 72 26.45 18
    endloop
  endfacet
  facet normal 0 0 1
    outer loop
      vertex 77.61 28.4 18
      vertex 71.7171 26.4221 18
      vertex 71.8579 26.443 18
    endloop
  endfacet
  facet normal 0 0 1
    outer loop
      vertex 60.2829 26.4221 18
      vertex 71.7171 26.4221 18
      vertex 77.61 28.4 18
    endloop
  endfacet
  facet normal 0 0 1
    outer loop
      vertex 70.557 25.1421 18
      vertex 61.45 25 18
      vertex 70.55 25 18
    endloop
  endfacet
  facet normal 0 0 1
    outer loop
      vertex 61.443 25.1421 18
      vertex 70.557 25.1421 18
      vertex 70.5779 25.2829 18
    endloop
  endfacet
  facet normal 0 0 1
    outer loop
      vertex 61.4221 25.2829 18
      vertex 70.5779 25.2829 18
      vertex 70.6124 25.4209 18
    endloop
  endfacet
  facet normal 0 0 1
    outer loop
      vertex 61.3876 25.4209 18
      vertex 70.6124 25.4209 18
      vertex 70.6604 25.5549 18
    endloop
  endfacet
  facet normal 0 0 1
    outer loop
      vertex 61.3396 25.5549 18
      vertex 70.6604 25.5549 18
      vertex 70.7212 25.6835 18
    endloop
  endfacet
  facet normal 0 0 1
    outer loop
      vertex 61.2788 25.6835 18
      vertex 70.7212 25.6835 18
      vertex 70.7944 25.8056 18
    endloop
  endfacet
  facet normal 0 0 1
    outer loop
      vertex 61.2056 25.8056 18
      vertex 70.7944 25.8056 18
      vertex 70.8791 25.9199 18
    endloop
  endfacet
  facet normal 0 0 1
    outer loop
      vertex 61.1209 25.9199 18
      vertex 70.8791 25.9199 18
      vertex 70.9747 26.0253 18
    endloop
  endfacet
  facet normal 0 0 1
    outer loop
      vertex 61.0253 26.0253 18
      vertex 70.9747 26.0253 18
      vertex 71.0801 26.1209 18
    endloop
  endfacet
  facet normal 0 0 1
    outer loop
      vertex 60.9199 26.1209 18
      vertex 71.0801 26.1209 18
      vertex 71.1944 26.2056 18
    endloop
  endfacet
  facet normal 0 0 1
    outer loop
      vertex 60.8056 26.2056 18
      vertex 71.1944 26.2056 18
      vertex 71.3165 26.2788 18
    endloop
  endfacet
  facet normal 0 0 1
    outer loop
      vertex 60.6835 26.2788 18
      vertex 71.3165 26.2788 18
      vertex 71.4451 26.3396 18
    endloop
  endfacet
  facet normal 0 0 1
    outer loop
      vertex 60.5549 26.3396 18
      vertex 71.4451 26.3396 18
      vertex 71.5791 26.3876 18
    endloop
  endfacet
  facet normal 0 0 1
    outer loop
      vertex 71.7171 26.4221 18
      vertex 60.2829 26.4221 18
      vertex 71.5791 26.3876 18
    endloop
  endfacet
  facet normal 0 0 1
    outer loop
      vertex 70.557 25.1421 18
      vertex 61.443 25.1421 18
      vertex 61.45 25 18
    endloop
  endfacet
  facet normal 0 0 1
    outer loop
      vertex 70.5779 25.2829 18
      vertex 61.4221 25.2829 18
      vertex 61.443 25.1421 18
    endloop
  endfacet
  facet normal 0 0 1
    outer loop
      vertex 70.6124 25.4209 18
      vertex 61.3876 25.4209 18
      vertex 61.4221 25.2829 18
    endloop
  endfacet
  facet normal 0 0 1
    outer loop
      vertex 70.6604 25.5549 18
      vertex 61.3396 25.5549 18
      vertex 61.3876 25.4209 18
    endloop
  endfacet
  facet normal 0 0 1
    outer loop
      vertex 70.7212 25.6835 18
      vertex 61.2788 25.6835 18
      vertex 61.3396 25.5549 18
    endloop
  endfacet
  facet normal 0 0 1
    outer loop
      vertex 70.7944 25.8056 18
      vertex 61.2056 25.8056 18
      vertex 61.2788 25.6835 18
    endloop
  endfacet
  facet normal 0 0 1
    outer loop
      vertex 70.8791 25.9199 18
      vertex 61.1209 25.9199 18
      vertex 61.2056 25.8056 18
    endloop
  endfacet
  facet normal 0 0 1
    outer loop
      vertex 70.9747 26.0253 18
      vertex 61.0253 26.0253 18
      vertex 61.1209 25.9199 18
    endloop
  endfacet
  facet normal 0 0 1
    outer loop
      vertex 71.0801 26.1209 18
      vertex 60.9199 26.1209 18
      vertex 61.0253 26.0253 18
    endloop
  endfacet
  facet normal 0 0 1
    outer loop
      vertex 71.1944 26.2056 18
      vertex 60.8056 26.2056 18
      vertex 60.9199 26.1209 18
    endloop
  endfacet
  facet normal 0 0 1
    outer loop
      vertex 71.3165 26.2788 18
      vertex 60.6835 26.2788 18
      vertex 60.8056 26.2056 18
    endloop
  endfacet
  facet normal 0 0 1
    outer loop
      vertex 71.4451 26.3396 18
      vertex 60.5549 26.3396 18
      vertex 60.6835 26.2788 18
    endloop
  endfacet
  facet normal 0 0 1
    outer loop
      vertex 71.5791 26.3876 18
      vertex 60.4209 26.3876 18
      vertex 60.5549 26.3396 18
    endloop
  endfacet
  facet normal 0 0 1
    outer loop
      vertex 71.5791 26.3876 18
      vertex 60.2829 26.4221 18
      vertex 60.4209 26.3876 18
    endloop
  endfacet
  facet normal 0 0 1
    outer loop
      vertex 77.61 28.4 18
      vertex 60.1421 26.443 18
      vertex 60.2829 26.4221 18
    endloop
  endfacet
  facet normal 0 0 1
    outer loop
      vertex 77.61 28.4 18
      vertex 60 26.45 18
      vertex 60.1421 26.443 18
    endloop
  endfacet
  facet normal -0 0 1
    outer loop
      vertex 38.1338 28.4 18
      vertex 60 26.45 18
      vertex 77.61 28.4 18
    endloop
  endfacet
  facet normal 0 0 1
    outer loop
      vertex 58.557 25.1421 18
      vertex 38.6 25 18
      vertex 58.55 25 18
    endloop
  endfacet
  facet normal 0 0 1
    outer loop
      vertex 38.5374 26.2742 18
      vertex 58.557 25.1421 18
      vertex 58.5779 25.2829 18
    endloop
  endfacet
  facet normal 0 0 1
    outer loop
      vertex 38.5374 26.2742 18
      vertex 58.5779 25.2829 18
      vertex 58.6124 25.4209 18
    endloop
  endfacet
  facet normal 0 0 1
    outer loop
      vertex 38.3502 27.5362 18
      vertex 58.6124 25.4209 18
      vertex 58.6604 25.5549 18
    endloop
  endfacet
  facet normal 0 0 1
    outer loop
      vertex 38.3502 27.5362 18
      vertex 58.6604 25.5549 18
      vertex 58.7212 25.6835 18
    endloop
  endfacet
  facet normal 0 0 1
    outer loop
      vertex 38.1338 28.4 18
      vertex 58.7212 25.6835 18
      vertex 58.7944 25.8056 18
    endloop
  endfacet
  facet normal 0 0 1
    outer loop
      vertex 38.1338 28.4 18
      vertex 58.7944 25.8056 18
      vertex 58.8791 25.9199 18
    endloop
  endfacet
  facet normal 0 0 1
    outer loop
      vertex 38.1338 28.4 18
      vertex 58.8791 25.9199 18
      vertex 58.9747 26.0253 18
    endloop
  endfacet
  facet normal 0 0 1
    outer loop
      vertex 38.1338 28.4 18
      vertex 58.9747 26.0253 18
      vertex 59.0801 26.1209 18
    endloop
  endfacet
  facet normal 0 0 1
    outer loop
      vertex 38.1338 28.4 18
      vertex 59.0801 26.1209 18
      vertex 59.1944 26.2056 18
    endloop
  endfacet
  facet normal 0 0 1
    outer loop
      vertex 38.1338 28.4 18
      vertex 59.1944 26.2056 18
      vertex 59.3165 26.2788 18
    endloop
  endfacet
  facet normal 0 0 1
    outer loop
      vertex 38.1338 28.4 18
      vertex 59.3165 26.2788 18
      vertex 59.4451 26.3396 18
    endloop
  endfacet
  facet normal 0 0 1
    outer loop
      vertex 38.1338 28.4 18
      vertex 59.4451 26.3396 18
      vertex 59.5791 26.3876 18
    endloop
  endfacet
  facet normal 0 0 1
    outer loop
      vertex 38.1338 28.4 18
      vertex 59.5791 26.3876 18
      vertex 59.7171 26.4221 18
    endloop
  endfacet
  facet normal 0 0 1
    outer loop
      vertex 38.1338 28.4 18
      vertex 59.7171 26.4221 18
      vertex 59.8579 26.443 18
    endloop
  endfacet
  facet normal 0 0 1
    outer loop
      vertex 60 26.45 18
      vertex 38.1338 28.4 18
      vertex 59.8579 26.443 18
    endloop
  endfacet
  facet normal 0 0 1
    outer loop
      vertex 58.557 25.1421 18
      vertex 38.5374 26.2742 18
      vertex 38.6 25 18
    endloop
  endfacet
  facet normal 0 0 1
    outer loop
      vertex 58.6124 25.4209 18
      vertex 38.3502 27.5362 18
      vertex 38.5374 26.2742 18
    endloop
  endfacet
  facet normal 0 0 1
    outer loop
      vertex 58.7212 25.6835 18
      vertex 38.1338 28.4 18
      vertex 38.3502 27.5362 18
    endloop
  endfacet
  facet normal -0 0 1
    outer loop
      vertex 73.443 24.8579 18
      vertex 77.61 21.6 18
      vertex 73.45 25 18
    endloop
  endfacet
  facet normal -0 0 1
    outer loop
      vertex 73.4221 24.7171 18
      vertex 77.61 21.6 18
      vertex 73.443 24.8579 18
    endloop
  endfacet
  facet normal -0 0 1
    outer loop
      vertex 73.3876 24.5791 18
      vertex 77.61 21.6 18
      vertex 73.4221 24.7171 18
    endloop
  endfacet
  facet normal -0 0 1
    outer loop
      vertex 73.3396 24.4451 18
      vertex 77.61 21.6 18
      vertex 73.3876 24.5791 18
    endloop
  endfacet
  facet normal -0 0 1
    outer loop
      vertex 73.2788 24.3165 18
      vertex 77.61 21.6 18
      vertex 73.3396 24.4451 18
    endloop
  endfacet
  facet normal -0 0 1
    outer loop
      vertex 73.2056 24.1944 18
      vertex 77.61 21.6 18
      vertex 73.2788 24.3165 18
    endloop
  endfacet
  facet normal -0 0 1
    outer loop
      vertex 73.1209 24.0801 18
      vertex 77.61 21.6 18
      vertex 73.2056 24.1944 18
    endloop
  endfacet
  facet normal -0 0 1
    outer loop
      vertex 73.0253 23.9747 18
      vertex 77.61 21.6 18
      vertex 73.1209 24.0801 18
    endloop
  endfacet
  facet normal -0 0 1
    outer loop
      vertex 72.9199 23.8791 18
      vertex 77.61 21.6 18
      vertex 73.0253 23.9747 18
    endloop
  endfacet
  facet normal -0 0 1
    outer loop
      vertex 72.8056 23.7944 18
      vertex 77.61 21.6 18
      vertex 72.9199 23.8791 18
    endloop
  endfacet
  facet normal -0 0 1
    outer loop
      vertex 72.6835 23.7212 18
      vertex 77.61 21.6 18
      vertex 72.8056 23.7944 18
    endloop
  endfacet
  facet normal -0 0 1
    outer loop
      vertex 72.5549 23.6604 18
      vertex 77.61 21.6 18
      vertex 72.6835 23.7212 18
    endloop
  endfacet
  facet normal -0 0 1
    outer loop
      vertex 72.4209 23.6124 18
      vertex 77.61 21.6 18
      vertex 72.5549 23.6604 18
    endloop
  endfacet
  facet normal -0 0 1
    outer loop
      vertex 72.2829 23.5779 18
      vertex 77.61 21.6 18
      vertex 72.4209 23.6124 18
    endloop
  endfacet
  facet normal -0 0 1
    outer loop
      vertex 72.1421 23.557 18
      vertex 77.61 21.6 18
      vertex 72.2829 23.5779 18
    endloop
  endfacet
  facet normal -0 0 1
    outer loop
      vertex 72 23.55 18
      vertex 77.61 21.6 18
      vertex 72.1421 23.557 18
    endloop
  endfacet
  facet normal 0 0 1
    outer loop
      vertex 71.8579 23.557 18
      vertex 77.61 21.6 18
      vertex 72 23.55 18
    endloop
  endfacet
  facet normal 0 0 1
    outer loop
      vertex 71.7171 23.5779 18
      vertex 77.61 21.6 18
      vertex 71.8579 23.557 18
    endloop
  endfacet
  facet normal 0 0 1
    outer loop
      vertex 60.2829 23.5779 18
      vertex 71.7171 23.5779 18
      vertex 71.5791 23.6124 18
    endloop
  endfacet
  facet normal -0 0 1
    outer loop
      vertex 61.45 25 18
      vertex 70.557 24.8579 18
      vertex 70.55 25 18
    endloop
  endfacet
  facet normal 0 0 1
    outer loop
      vertex 61.443 24.8579 18
      vertex 70.557 24.8579 18
      vertex 61.45 25 18
    endloop
  endfacet
  facet normal 0 0 1
    outer loop
      vertex 70.557 24.8579 18
      vertex 61.443 24.8579 18
      vertex 70.5779 24.7171 18
    endloop
  endfacet
  facet normal 0 0 1
    outer loop
      vertex 61.4221 24.7171 18
      vertex 70.5779 24.7171 18
      vertex 61.443 24.8579 18
    endloop
  endfacet
  facet normal 0 0 1
    outer loop
      vertex 70.5779 24.7171 18
      vertex 61.4221 24.7171 18
      vertex 70.6124 24.5791 18
    endloop
  endfacet
  facet normal 0 0 1
    outer loop
      vertex 61.3876 24.5791 18
      vertex 70.6124 24.5791 18
      vertex 61.4221 24.7171 18
    endloop
  endfacet
  facet normal 0 0 1
    outer loop
      vertex 70.6124 24.5791 18
      vertex 61.3876 24.5791 18
      vertex 70.6604 24.4451 18
    endloop
  endfacet
  facet normal 0 0 1
    outer loop
      vertex 61.3396 24.4451 18
      vertex 70.6604 24.4451 18
      vertex 61.3876 24.5791 18
    endloop
  endfacet
  facet normal 0 0 1
    outer loop
      vertex 70.6604 24.4451 18
      vertex 61.3396 24.4451 18
      vertex 70.7212 24.3165 18
    endloop
  endfacet
  facet normal 0 0 1
    outer loop
      vertex 61.2788 24.3165 18
      vertex 70.7212 24.3165 18
      vertex 61.3396 24.4451 18
    endloop
  endfacet
  facet normal 0 0 1
    outer loop
      vertex 70.7212 24.3165 18
      vertex 61.2788 24.3165 18
      vertex 70.7944 24.1944 18
    endloop
  endfacet
  facet normal 0 0 1
    outer loop
      vertex 61.2056 24.1944 18
      vertex 70.7944 24.1944 18
      vertex 61.2788 24.3165 18
    endloop
  endfacet
  facet normal 0 0 1
    outer loop
      vertex 70.7944 24.1944 18
      vertex 61.2056 24.1944 18
      vertex 70.8791 24.0801 18
    endloop
  endfacet
  facet normal 0 0 1
    outer loop
      vertex 61.1209 24.0801 18
      vertex 70.8791 24.0801 18
      vertex 61.2056 24.1944 18
    endloop
  endfacet
  facet normal 0 0 1
    outer loop
      vertex 70.8791 24.0801 18
      vertex 61.1209 24.0801 18
      vertex 70.9747 23.9747 18
    endloop
  endfacet
  facet normal 0 0 1
    outer loop
      vertex 61.0253 23.9747 18
      vertex 70.9747 23.9747 18
      vertex 61.1209 24.0801 18
    endloop
  endfacet
  facet normal 0 0 1
    outer loop
      vertex 70.9747 23.9747 18
      vertex 61.0253 23.9747 18
      vertex 71.0801 23.8791 18
    endloop
  endfacet
  facet normal 0 0 1
    outer loop
      vertex 60.9199 23.8791 18
      vertex 71.0801 23.8791 18
      vertex 61.0253 23.9747 18
    endloop
  endfacet
  facet normal 0 0 1
    outer loop
      vertex 71.0801 23.8791 18
      vertex 60.9199 23.8791 18
      vertex 71.1944 23.7944 18
    endloop
  endfacet
  facet normal 0 0 1
    outer loop
      vertex 60.8056 23.7944 18
      vertex 71.1944 23.7944 18
      vertex 60.9199 23.8791 18
    endloop
  endfacet
  facet normal 0 0 1
    outer loop
      vertex 71.1944 23.7944 18
      vertex 60.8056 23.7944 18
      vertex 71.3165 23.7212 18
    endloop
  endfacet
  facet normal 0 0 1
    outer loop
      vertex 60.6835 23.7212 18
      vertex 71.3165 23.7212 18
      vertex 60.8056 23.7944 18
    endloop
  endfacet
  facet normal 0 0 1
    outer loop
      vertex 71.3165 23.7212 18
      vertex 60.6835 23.7212 18
      vertex 71.4451 23.6604 18
    endloop
  endfacet
  facet normal 0 0 1
    outer loop
      vertex 60.5549 23.6604 18
      vertex 71.4451 23.6604 18
      vertex 60.6835 23.7212 18
    endloop
  endfacet
  facet normal 0 0 1
    outer loop
      vertex 71.4451 23.6604 18
      vertex 60.5549 23.6604 18
      vertex 71.5791 23.6124 18
    endloop
  endfacet
  facet normal 0 0 1
    outer loop
      vertex 60.4209 23.6124 18
      vertex 71.5791 23.6124 18
      vertex 60.5549 23.6604 18
    endloop
  endfacet
  facet normal 0 0 1
    outer loop
      vertex 60.2829 23.5779 18
      vertex 71.5791 23.6124 18
      vertex 60.4209 23.6124 18
    endloop
  endfacet
  facet normal 0 0 1
    outer loop
      vertex 71.7171 23.5779 18
      vertex 60.2829 23.5779 18
      vertex 77.61 21.6 18
    endloop
  endfacet
  facet normal -0 0 1
    outer loop
      vertex 60.1421 23.557 18
      vertex 77.61 21.6 18
      vertex 60.2829 23.5779 18
    endloop
  endfacet
  facet normal -0 0 1
    outer loop
      vertex 60 23.55 18
      vertex 77.61 21.6 18
      vertex 60.1421 23.557 18
    endloop
  endfacet
  facet normal 0 0 1
    outer loop
      vertex 38.1338 21.6 18
      vertex 60 23.55 18
      vertex 59.8579 23.557 18
    endloop
  endfacet
  facet normal -0 0 1
    outer loop
      vertex 38.6 25 18
      vertex 58.557 24.8579 18
      vertex 58.55 25 18
    endloop
  endfacet
  facet normal 0 0 1
    outer loop
      vertex 38.5374 23.7258 18
      vertex 58.557 24.8579 18
      vertex 38.6 25 18
    endloop
  endfacet
  facet normal 0 0 1
    outer loop
      vertex 58.557 24.8579 18
      vertex 38.5374 23.7258 18
      vertex 58.5779 24.7171 18
    endloop
  endfacet
  facet normal 0 0 1
    outer loop
      vertex 58.5779 24.7171 18
      vertex 38.5374 23.7258 18
      vertex 58.6124 24.5791 18
    endloop
  endfacet
  facet normal 0 0 1
    outer loop
      vertex 38.3502 22.4638 18
      vertex 58.6124 24.5791 18
      vertex 38.5374 23.7258 18
    endloop
  endfacet
  facet normal 0 0 1
    outer loop
      vertex 58.6124 24.5791 18
      vertex 38.3502 22.4638 18
      vertex 58.6604 24.4451 18
    endloop
  endfacet
  facet normal 0 0 1
    outer loop
      vertex 58.6604 24.4451 18
      vertex 38.3502 22.4638 18
      vertex 58.7212 24.3165 18
    endloop
  endfacet
  facet normal 0 0 1
    outer loop
      vertex 38.1338 21.6 18
      vertex 58.7212 24.3165 18
      vertex 38.3502 22.4638 18
    endloop
  endfacet
  facet normal 0 0 1
    outer loop
      vertex 58.7212 24.3165 18
      vertex 38.1338 21.6 18
      vertex 58.7944 24.1944 18
    endloop
  endfacet
  facet normal 0 0 1
    outer loop
      vertex 58.7944 24.1944 18
      vertex 38.1338 21.6 18
      vertex 58.8791 24.0801 18
    endloop
  endfacet
  facet normal 0 0 1
    outer loop
      vertex 58.8791 24.0801 18
      vertex 38.1338 21.6 18
      vertex 58.9747 23.9747 18
    endloop
  endfacet
  facet normal 0 0 1
    outer loop
      vertex 58.9747 23.9747 18
      vertex 38.1338 21.6 18
      vertex 59.0801 23.8791 18
    endloop
  endfacet
  facet normal 0 0 1
    outer loop
      vertex 59.0801 23.8791 18
      vertex 38.1338 21.6 18
      vertex 59.1944 23.7944 18
    endloop
  endfacet
  facet normal 0 0 1
    outer loop
      vertex 59.1944 23.7944 18
      vertex 38.1338 21.6 18
      vertex 59.3165 23.7212 18
    endloop
  endfacet
  facet normal 0 0 1
    outer loop
      vertex 59.3165 23.7212 18
      vertex 38.1338 21.6 18
      vertex 59.4451 23.6604 18
    endloop
  endfacet
  facet normal 0 0 1
    outer loop
      vertex 59.4451 23.6604 18
      vertex 38.1338 21.6 18
      vertex 59.5791 23.6124 18
    endloop
  endfacet
  facet normal 0 0 1
    outer loop
      vertex 59.5791 23.6124 18
      vertex 38.1338 21.6 18
      vertex 59.7171 23.5779 18
    endloop
  endfacet
  facet normal 0 0 1
    outer loop
      vertex 59.7171 23.5779 18
      vertex 38.1338 21.6 18
      vertex 59.8579 23.557 18
    endloop
  endfacet
  facet normal 0 0 1
    outer loop
      vertex 60 23.55 18
      vertex 38.1338 21.6 18
      vertex 77.61 21.6 18
    endloop
  endfacet
  facet normal 0 1 -0
    outer loop
      vertex 77.61 21.6 18
      vertex 38.1338 21.6 24.6
      vertex 77.61 21.6 24.6
    endloop
  endfacet
  facet normal 0 1 0
    outer loop
      vertex 38.1338 21.6 24.6
      vertex 77.61 21.6 18
      vertex 38.1338 21.6 18
    endloop
  endfacet
  facet normal 0 1 -0
    outer loop
      vertex 13.0662 21.6 18
      vertex 2.4 21.6 24.6
      vertex 13.0662 21.6 24.6
    endloop
  endfacet
  facet normal 0 1 0
    outer loop
      vertex 2.4 21.6 24.6
      vertex 13.0662 21.6 18
      vertex 2.4 21.6 18
    endloop
  endfacet
  facet normal 0 -1 0
    outer loop
      vertex 2 62 0
      vertex 70 62 6
      vertex 2 62 6
    endloop
  endfacet
  facet normal 0 -1 -0
    outer loop
      vertex 70 62 6
      vertex 2 62 0
      vertex 70 62 0
    endloop
  endfacet
  facet normal 0.0489209 -0.998803 0
    outer loop
      vertex 70 62 0
      vertex 70.196 62.0096 6
      vertex 70 62 6
    endloop
  endfacet
  facet normal 0.0489209 -0.998803 0
    outer loop
      vertex 70.196 62.0096 6
      vertex 70 62 0
      vertex 70.196 62.0096 0
    endloop
  endfacet
  facet normal 0.146696 -0.989182 0
    outer loop
      vertex 70.196 62.0096 0
      vertex 70.3902 62.0384 6
      vertex 70.196 62.0096 6
    endloop
  endfacet
  facet normal 0.146696 -0.989182 0
    outer loop
      vertex 70.3902 62.0384 6
      vertex 70.196 62.0096 0
      vertex 70.3902 62.0384 0
    endloop
  endfacet
  facet normal -0.0489135 0.998803 0
    outer loop
      vertex 2 68 0
      vertex 1.80397 67.9904 6
      vertex 2 68 6
    endloop
  endfacet
  facet normal -0.0489135 0.998803 0
    outer loop
      vertex 1.80397 67.9904 6
      vertex 2 68 0
      vertex 1.80397 67.9904 0
    endloop
  endfacet
  facet normal 0.0489209 0.998803 -0
    outer loop
      vertex 70.196 67.9904 0
      vertex 70 68 6
      vertex 70.196 67.9904 6
    endloop
  endfacet
  facet normal 0.0489209 0.998803 0
    outer loop
      vertex 70 68 6
      vertex 70.196 67.9904 0
      vertex 70 68 0
    endloop
  endfacet
  facet normal -0.0489135 -0.998803 0
    outer loop
      vertex 1.80397 62.0096 0
      vertex 2 62 6
      vertex 1.80397 62.0096 6
    endloop
  endfacet
  facet normal -0.0489135 -0.998803 -0
    outer loop
      vertex 2 62 6
      vertex 1.80397 62.0096 0
      vertex 2 62 0
    endloop
  endfacet
  facet normal -0.740892 0.671624 0
    outer loop
      vertex 0.453979 67.2688 0
      vertex 0.585785 67.4142 6
      vertex 0.585785 67.4142 0
    endloop
  endfacet
  facet normal -0.740892 0.671624 0
    outer loop
      vertex 0.585785 67.4142 6
      vertex 0.453979 67.2688 0
      vertex 0.453979 67.2688 6
    endloop
  endfacet
  facet normal -0.146733 -0.989176 0
    outer loop
      vertex 1.60982 62.0384 0
      vertex 1.80397 62.0096 6
      vertex 1.60982 62.0384 6
    endloop
  endfacet
  facet normal -0.146733 -0.989176 -0
    outer loop
      vertex 1.80397 62.0096 6
      vertex 1.60982 62.0384 0
      vertex 1.80397 62.0096 0
    endloop
  endfacet
  facet normal 0 1 -0
    outer loop
      vertex 70 68 0
      vertex 2 68 6
      vertex 70 68 6
    endloop
  endfacet
  facet normal 0 1 0
    outer loop
      vertex 2 68 6
      vertex 70 68 0
      vertex 2 68 0
    endloop
  endfacet
  facet normal -0.336788 -0.94158 0
    outer loop
      vertex 1.23463 62.1522 0
      vertex 1.41943 62.0861 6
      vertex 1.23463 62.1522 6
    endloop
  endfacet
  facet normal -0.336788 -0.94158 -0
    outer loop
      vertex 1.41943 62.0861 6
      vertex 1.23463 62.1522 0
      vertex 1.41943 62.0861 0
    endloop
  endfacet
  facet normal 0.146696 0.989182 -0
    outer loop
      vertex 70.3902 67.9616 0
      vertex 70.196 67.9904 6
      vertex 70.3902 67.9616 6
    endloop
  endfacet
  facet normal 0.146696 0.989182 0
    outer loop
      vertex 70.196 67.9904 6
      vertex 70.3902 67.9616 0
      vertex 70.196 67.9904 0
    endloop
  endfacet
  facet normal -0.970042 0.242937 0
    outer loop
      vertex 0.0384369 66.3902 0
      vertex 0.0861206 66.5806 6
      vertex 0.0861206 66.5806 0
    endloop
  endfacet
  facet normal -0.970042 0.242937 0
    outer loop
      vertex 0.0861206 66.5806 6
      vertex 0.0384369 66.3902 0
      vertex 0.0384369 66.3902 6
    endloop
  endfacet
  facet normal 0 0 1
    outer loop
      vertex 70 68 6
      vertex 72 66 6
      vertex 71.9904 66.196 6
    endloop
  endfacet
  facet normal 0 0 1
    outer loop
      vertex 72 66 6
      vertex 70 68 6
      vertex 72 64 6
    endloop
  endfacet
  facet normal 0 0 1
    outer loop
      vertex 70 68 6
      vertex 71.9904 66.196 6
      vertex 71.9616 66.3902 6
    endloop
  endfacet
  facet normal 0 0 1
    outer loop
      vertex 70 62 6
      vertex 72 64 6
      vertex 70 68 6
    endloop
  endfacet
  facet normal 0 0 1
    outer loop
      vertex 70 68 6
      vertex 71.9616 66.3902 6
      vertex 71.9139 66.5806 6
    endloop
  endfacet
  facet normal 0 0 1
    outer loop
      vertex 72 64 6
      vertex 70 62 6
      vertex 71.9904 63.804 6
    endloop
  endfacet
  facet normal 0 0 1
    outer loop
      vertex 70 68 6
      vertex 71.9139 66.5806 6
      vertex 71.8478 66.7654 6
    endloop
  endfacet
  facet normal 0 0 1
    outer loop
      vertex 71.9904 63.804 6
      vertex 70 62 6
      vertex 71.9616 63.6098 6
    endloop
  endfacet
  facet normal 0 0 1
    outer loop
      vertex 70 68 6
      vertex 71.8478 66.7654 6
      vertex 71.7638 66.9428 6
    endloop
  endfacet
  facet normal 0 0 1
    outer loop
      vertex 71.9616 63.6098 6
      vertex 70 62 6
      vertex 71.9139 63.4194 6
    endloop
  endfacet
  facet normal 0 0 1
    outer loop
      vertex 70 68 6
      vertex 71.7638 66.9428 6
      vertex 71.6629 67.1111 6
    endloop
  endfacet
  facet normal 0 0 1
    outer loop
      vertex 71.9139 63.4194 6
      vertex 70 62 6
      vertex 71.8478 63.2346 6
    endloop
  endfacet
  facet normal 0 0 1
    outer loop
      vertex 70 68 6
      vertex 71.6629 67.1111 6
      vertex 71.546 67.2688 6
    endloop
  endfacet
  facet normal 0 0 1
    outer loop
      vertex 71.8478 63.2346 6
      vertex 70 62 6
      vertex 71.7638 63.0572 6
    endloop
  endfacet
  facet normal 0 0 1
    outer loop
      vertex 70 68 6
      vertex 71.546 67.2688 6
      vertex 71.4142 67.4142 6
    endloop
  endfacet
  facet normal 0 0 1
    outer loop
      vertex 71.7638 63.0572 6
      vertex 70 62 6
      vertex 71.6629 62.8889 6
    endloop
  endfacet
  facet normal 0 0 1
    outer loop
      vertex 70 68 6
      vertex 71.4142 67.4142 6
      vertex 71.2688 67.546 6
    endloop
  endfacet
  facet normal 0 0 1
    outer loop
      vertex 71.6629 62.8889 6
      vertex 70 62 6
      vertex 71.546 62.7312 6
    endloop
  endfacet
  facet normal 0 0 1
    outer loop
      vertex 70 68 6
      vertex 71.2688 67.546 6
      vertex 71.1111 67.6629 6
    endloop
  endfacet
  facet normal 0 0 1
    outer loop
      vertex 71.546 62.7312 6
      vertex 70 62 6
      vertex 71.4142 62.5858 6
    endloop
  endfacet
  facet normal 0 0 1
    outer loop
      vertex 70 68 6
      vertex 71.1111 67.6629 6
      vertex 70.9428 67.7638 6
    endloop
  endfacet
  facet normal 0 0 1
    outer loop
      vertex 71.4142 62.5858 6
      vertex 70 62 6
      vertex 71.2688 62.454 6
    endloop
  endfacet
  facet normal 0 0 1
    outer loop
      vertex 70 68 6
      vertex 70.9428 67.7638 6
      vertex 70.7654 67.8478 6
    endloop
  endfacet
  facet normal 0 0 1
    outer loop
      vertex 71.2688 62.454 6
      vertex 70 62 6
      vertex 71.1111 62.3371 6
    endloop
  endfacet
  facet normal 0 0 1
    outer loop
      vertex 70 68 6
      vertex 70.7654 67.8478 6
      vertex 70.5806 67.9139 6
    endloop
  endfacet
  facet normal 0 0 1
    outer loop
      vertex 71.1111 62.3371 6
      vertex 70 62 6
      vertex 70.9428 62.2362 6
    endloop
  endfacet
  facet normal 0 0 1
    outer loop
      vertex 70 68 6
      vertex 70.5806 67.9139 6
      vertex 70.3902 67.9616 6
    endloop
  endfacet
  facet normal 0 0 1
    outer loop
      vertex 70.9428 62.2362 6
      vertex 70 62 6
      vertex 70.7654 62.1522 6
    endloop
  endfacet
  facet normal 0 0 1
    outer loop
      vertex 70 68 6
      vertex 70.3902 67.9616 6
      vertex 70.196 67.9904 6
    endloop
  endfacet
  facet normal 0 0 1
    outer loop
      vertex 70.7654 62.1522 6
      vertex 70 62 6
      vertex 70.5806 62.0861 6
    endloop
  endfacet
  facet normal 0 0 1
    outer loop
      vertex 70.5806 62.0861 6
      vertex 70 62 6
      vertex 70.3902 62.0384 6
    endloop
  endfacet
  facet normal 0 0 1
    outer loop
      vertex 70.3902 62.0384 6
      vertex 70 62 6
      vertex 70.196 62.0096 6
    endloop
  endfacet
  facet normal 0 0 1
    outer loop
      vertex 70 68 6
      vertex 63.3 65 6
      vertex 70 62 6
    endloop
  endfacet
  facet normal 0 0 1
    outer loop
      vertex 70 68 6
      vertex 63.2937 65.1274 6
      vertex 63.3 65 6
    endloop
  endfacet
  facet normal 0 0 1
    outer loop
      vertex 70 68 6
      vertex 63.275 65.2536 6
      vertex 63.2937 65.1274 6
    endloop
  endfacet
  facet normal 0 0 1
    outer loop
      vertex 70 68 6
      vertex 63.244 65.3774 6
      vertex 63.275 65.2536 6
    endloop
  endfacet
  facet normal 0 0 1
    outer loop
      vertex 70 68 6
      vertex 63.201 65.4975 6
      vertex 63.244 65.3774 6
    endloop
  endfacet
  facet normal 0 0 1
    outer loop
      vertex 70 68 6
      vertex 63.1465 65.6128 6
      vertex 63.201 65.4975 6
    endloop
  endfacet
  facet normal 0 0 1
    outer loop
      vertex 70 68 6
      vertex 63.0809 65.7222 6
      vertex 63.1465 65.6128 6
    endloop
  endfacet
  facet normal 0 0 1
    outer loop
      vertex 70 68 6
      vertex 63.0049 65.8247 6
      vertex 63.0809 65.7222 6
    endloop
  endfacet
  facet normal 0 0 1
    outer loop
      vertex 70 68 6
      vertex 62.9192 65.9192 6
      vertex 63.0049 65.8247 6
    endloop
  endfacet
  facet normal 0 0 1
    outer loop
      vertex 70 68 6
      vertex 62.8247 66.0049 6
      vertex 62.9192 65.9192 6
    endloop
  endfacet
  facet normal 0 0 1
    outer loop
      vertex 70 68 6
      vertex 62.7222 66.0809 6
      vertex 62.8247 66.0049 6
    endloop
  endfacet
  facet normal 0 0 1
    outer loop
      vertex 70 68 6
      vertex 62.6128 66.1465 6
      vertex 62.7222 66.0809 6
    endloop
  endfacet
  facet normal 0 0 1
    outer loop
      vertex 70 68 6
      vertex 62.4975 66.201 6
      vertex 62.6128 66.1465 6
    endloop
  endfacet
  facet normal 0 0 1
    outer loop
      vertex 70 68 6
      vertex 62.3774 66.244 6
      vertex 62.4975 66.201 6
    endloop
  endfacet
  facet normal 0 0 1
    outer loop
      vertex 70 68 6
      vertex 62.2536 66.275 6
      vertex 62.3774 66.244 6
    endloop
  endfacet
  facet normal 0 0 1
    outer loop
      vertex 70 68 6
      vertex 62.1274 66.2937 6
      vertex 62.2536 66.275 6
    endloop
  endfacet
  facet normal 0 0 1
    outer loop
      vertex 70 68 6
      vertex 62 66.3 6
      vertex 62.1274 66.2937 6
    endloop
  endfacet
  facet normal 0 0 1
    outer loop
      vertex 70 68 6
      vertex 61.8726 66.2937 6
      vertex 62 66.3 6
    endloop
  endfacet
  facet normal 0 0 1
    outer loop
      vertex 70 68 6
      vertex 61.7464 66.275 6
      vertex 61.8726 66.2937 6
    endloop
  endfacet
  facet normal 0 0 1
    outer loop
      vertex 60.7063 65.1274 6
      vertex 2 68 6
      vertex 60.7 65 6
    endloop
  endfacet
  facet normal 0 0 1
    outer loop
      vertex 60.725 65.2536 6
      vertex 2 68 6
      vertex 60.7063 65.1274 6
    endloop
  endfacet
  facet normal 0 0 1
    outer loop
      vertex 60.756 65.3774 6
      vertex 2 68 6
      vertex 60.725 65.2536 6
    endloop
  endfacet
  facet normal 0 0 1
    outer loop
      vertex 60.799 65.4975 6
      vertex 2 68 6
      vertex 60.756 65.3774 6
    endloop
  endfacet
  facet normal 0 0 1
    outer loop
      vertex 60.8535 65.6128 6
      vertex 2 68 6
      vertex 60.799 65.4975 6
    endloop
  endfacet
  facet normal 0 0 1
    outer loop
      vertex 60.9191 65.7222 6
      vertex 2 68 6
      vertex 60.8535 65.6128 6
    endloop
  endfacet
  facet normal 0 0 1
    outer loop
      vertex 60.9951 65.8247 6
      vertex 2 68 6
      vertex 60.9191 65.7222 6
    endloop
  endfacet
  facet normal 0 0 1
    outer loop
      vertex 61.0808 65.9192 6
      vertex 2 68 6
      vertex 60.9951 65.8247 6
    endloop
  endfacet
  facet normal 0 0 1
    outer loop
      vertex 61.1753 66.0049 6
      vertex 2 68 6
      vertex 61.0808 65.9192 6
    endloop
  endfacet
  facet normal 0 0 1
    outer loop
      vertex 61.2778 66.0809 6
      vertex 2 68 6
      vertex 61.1753 66.0049 6
    endloop
  endfacet
  facet normal 0 0 1
    outer loop
      vertex 61.3872 66.1465 6
      vertex 2 68 6
      vertex 61.2778 66.0809 6
    endloop
  endfacet
  facet normal 0 0 1
    outer loop
      vertex 61.5025 66.201 6
      vertex 2 68 6
      vertex 61.3872 66.1465 6
    endloop
  endfacet
  facet normal 0 0 1
    outer loop
      vertex 61.6226 66.244 6
      vertex 2 68 6
      vertex 61.5025 66.201 6
    endloop
  endfacet
  facet normal 0 0 1
    outer loop
      vertex 61.7464 66.275 6
      vertex 2 68 6
      vertex 61.6226 66.244 6
    endloop
  endfacet
  facet normal -0 0 1
    outer loop
      vertex 2 68 6
      vertex 61.7464 66.275 6
      vertex 70 68 6
    endloop
  endfacet
  facet normal -0 0 1
    outer loop
      vertex 63.2937 64.8726 6
      vertex 70 62 6
      vertex 63.3 65 6
    endloop
  endfacet
  facet normal -0 0 1
    outer loop
      vertex 63.275 64.7464 6
      vertex 70 62 6
      vertex 63.2937 64.8726 6
    endloop
  endfacet
  facet normal -0 0 1
    outer loop
      vertex 63.244 64.6226 6
      vertex 70 62 6
      vertex 63.275 64.7464 6
    endloop
  endfacet
  facet normal -0 0 1
    outer loop
      vertex 63.201 64.5025 6
      vertex 70 62 6
      vertex 63.244 64.6226 6
    endloop
  endfacet
  facet normal -0 0 1
    outer loop
      vertex 63.1465 64.3872 6
      vertex 70 62 6
      vertex 63.201 64.5025 6
    endloop
  endfacet
  facet normal -0 0 1
    outer loop
      vertex 63.0809 64.2778 6
      vertex 70 62 6
      vertex 63.1465 64.3872 6
    endloop
  endfacet
  facet normal -0 0 1
    outer loop
      vertex 63.0049 64.1753 6
      vertex 70 62 6
      vertex 63.0809 64.2778 6
    endloop
  endfacet
  facet normal -0 0 1
    outer loop
      vertex 62.9192 64.0808 6
      vertex 70 62 6
      vertex 63.0049 64.1753 6
    endloop
  endfacet
  facet normal -0 0 1
    outer loop
      vertex 62.8247 63.9951 6
      vertex 70 62 6
      vertex 62.9192 64.0808 6
    endloop
  endfacet
  facet normal -0 0 1
    outer loop
      vertex 62.7222 63.9191 6
      vertex 70 62 6
      vertex 62.8247 63.9951 6
    endloop
  endfacet
  facet normal -0 0 1
    outer loop
      vertex 62.6128 63.8535 6
      vertex 70 62 6
      vertex 62.7222 63.9191 6
    endloop
  endfacet
  facet normal -0 0 1
    outer loop
      vertex 62.4975 63.799 6
      vertex 70 62 6
      vertex 62.6128 63.8535 6
    endloop
  endfacet
  facet normal -0 0 1
    outer loop
      vertex 62.3774 63.756 6
      vertex 70 62 6
      vertex 62.4975 63.799 6
    endloop
  endfacet
  facet normal -0 0 1
    outer loop
      vertex 62.2536 63.725 6
      vertex 70 62 6
      vertex 62.3774 63.756 6
    endloop
  endfacet
  facet normal -0 0 1
    outer loop
      vertex 62.1274 63.7063 6
      vertex 70 62 6
      vertex 62.2536 63.725 6
    endloop
  endfacet
  facet normal -0 0 1
    outer loop
      vertex 62 63.7 6
      vertex 70 62 6
      vertex 62.1274 63.7063 6
    endloop
  endfacet
  facet normal 0 0 1
    outer loop
      vertex 61.8726 63.7063 6
      vertex 70 62 6
      vertex 62 63.7 6
    endloop
  endfacet
  facet normal 0 0 1
    outer loop
      vertex 61.7464 63.725 6
      vertex 70 62 6
      vertex 61.8726 63.7063 6
    endloop
  endfacet
  facet normal 0 0 1
    outer loop
      vertex 2 62 6
      vertex 60.7 65 6
      vertex 2 68 6
    endloop
  endfacet
  facet normal 0 0 1
    outer loop
      vertex 60.7 65 6
      vertex 2 62 6
      vertex 60.7063 64.8726 6
    endloop
  endfacet
  facet normal 0 0 1
    outer loop
      vertex 60.7063 64.8726 6
      vertex 2 62 6
      vertex 60.725 64.7464 6
    endloop
  endfacet
  facet normal 0 0 1
    outer loop
      vertex 60.725 64.7464 6
      vertex 2 62 6
      vertex 60.756 64.6226 6
    endloop
  endfacet
  facet normal 0 0 1
    outer loop
      vertex 60.756 64.6226 6
      vertex 2 62 6
      vertex 60.799 64.5025 6
    endloop
  endfacet
  facet normal 0 0 1
    outer loop
      vertex 60.799 64.5025 6
      vertex 2 62 6
      vertex 60.8535 64.3872 6
    endloop
  endfacet
  facet normal 0 0 1
    outer loop
      vertex 60.8535 64.3872 6
      vertex 2 62 6
      vertex 60.9191 64.2778 6
    endloop
  endfacet
  facet normal 0 0 1
    outer loop
      vertex 60.9191 64.2778 6
      vertex 2 62 6
      vertex 60.9951 64.1753 6
    endloop
  endfacet
  facet normal 0 0 1
    outer loop
      vertex 60.9951 64.1753 6
      vertex 2 62 6
      vertex 61.0808 64.0808 6
    endloop
  endfacet
  facet normal 0 0 1
    outer loop
      vertex 61.0808 64.0808 6
      vertex 2 62 6
      vertex 61.1753 63.9951 6
    endloop
  endfacet
  facet normal 0 0 1
    outer loop
      vertex 61.1753 63.9951 6
      vertex 2 62 6
      vertex 61.2778 63.9191 6
    endloop
  endfacet
  facet normal 0 0 1
    outer loop
      vertex 61.2778 63.9191 6
      vertex 2 62 6
      vertex 61.3872 63.8535 6
    endloop
  endfacet
  facet normal 0 0 1
    outer loop
      vertex 61.3872 63.8535 6
      vertex 2 62 6
      vertex 61.5025 63.799 6
    endloop
  endfacet
  facet normal 0 0 1
    outer loop
      vertex 61.5025 63.799 6
      vertex 2 62 6
      vertex 61.6226 63.756 6
    endloop
  endfacet
  facet normal 0 0 1
    outer loop
      vertex 61.6226 63.756 6
      vertex 2 62 6
      vertex 61.7464 63.725 6
    endloop
  endfacet
  facet normal 0 0 1
    outer loop
      vertex 61.7464 63.725 6
      vertex 2 62 6
      vertex 70 62 6
    endloop
  endfacet
  facet normal 0 0 1
    outer loop
      vertex 0 66 6
      vertex 2 68 6
      vertex 1.80397 67.9904 6
    endloop
  endfacet
  facet normal 0 0 1
    outer loop
      vertex 2 68 6
      vertex 0 66 6
      vertex 2 62 6
    endloop
  endfacet
  facet normal 0 0 1
    outer loop
      vertex 0 66 6
      vertex 1.80397 67.9904 6
      vertex 1.60982 67.9616 6
    endloop
  endfacet
  facet normal -0 0 1
    outer loop
      vertex 0 64 6
      vertex 2 62 6
      vertex 0 66 6
    endloop
  endfacet
  facet normal 0 0 1
    outer loop
      vertex 0 66 6
      vertex 1.60982 67.9616 6
      vertex 1.41943 67.9139 6
    endloop
  endfacet
  facet normal 0 0 1
    outer loop
      vertex 2 62 6
      vertex 0 64 6
      vertex 1.80397 62.0096 6
    endloop
  endfacet
  facet normal 0 0 1
    outer loop
      vertex 0 66 6
      vertex 1.41943 67.9139 6
      vertex 1.23463 67.8478 6
    endloop
  endfacet
  facet normal 0 0 1
    outer loop
      vertex 1.80397 62.0096 6
      vertex 0 64 6
      vertex 1.60982 62.0384 6
    endloop
  endfacet
  facet normal 0 0 1
    outer loop
      vertex 0 66 6
      vertex 1.23463 67.8478 6
      vertex 1.05721 67.7638 6
    endloop
  endfacet
  facet normal 0 0 1
    outer loop
      vertex 1.60982 62.0384 6
      vertex 0 64 6
      vertex 1.41943 62.0861 6
    endloop
  endfacet
  facet normal 0 0 1
    outer loop
      vertex 0 66 6
      vertex 1.05721 67.7638 6
      vertex 0.888855 67.6629 6
    endloop
  endfacet
  facet normal 0 0 1
    outer loop
      vertex 1.41943 62.0861 6
      vertex 0 64 6
      vertex 1.23463 62.1522 6
    endloop
  endfacet
  facet normal 0 0 1
    outer loop
      vertex 0 66 6
      vertex 0.888855 67.6629 6
      vertex 0.731216 67.546 6
    endloop
  endfacet
  facet normal 0 0 1
    outer loop
      vertex 1.23463 62.1522 6
      vertex 0 64 6
      vertex 1.05721 62.2362 6
    endloop
  endfacet
  facet normal 0 0 1
    outer loop
      vertex 0 66 6
      vertex 0.731216 67.546 6
      vertex 0.585785 67.4142 6
    endloop
  endfacet
  facet normal 0 0 1
    outer loop
      vertex 1.05721 62.2362 6
      vertex 0 64 6
      vertex 0.888855 62.3371 6
    endloop
  endfacet
  facet normal 0 0 1
    outer loop
      vertex 0 66 6
      vertex 0.585785 67.4142 6
      vertex 0.453979 67.2688 6
    endloop
  endfacet
  facet normal 0 0 1
    outer loop
      vertex 0.888855 62.3371 6
      vertex 0 64 6
      vertex 0.731216 62.454 6
    endloop
  endfacet
  facet normal 0 0 1
    outer loop
      vertex 0 66 6
      vertex 0.453979 67.2688 6
      vertex 0.337067 67.1111 6
    endloop
  endfacet
  facet normal 0 0 1
    outer loop
      vertex 0.731216 62.454 6
      vertex 0 64 6
      vertex 0.585785 62.5858 6
    endloop
  endfacet
  facet normal 0 0 1
    outer loop
      vertex 0 66 6
      vertex 0.337067 67.1111 6
      vertex 0.23616 66.9428 6
    endloop
  endfacet
  facet normal 0 0 1
    outer loop
      vertex 0.585785 62.5858 6
      vertex 0 64 6
      vertex 0.453979 62.7312 6
    endloop
  endfacet
  facet normal 0 0 1
    outer loop
      vertex 0 66 6
      vertex 0.23616 66.9428 6
      vertex 0.152237 66.7654 6
    endloop
  endfacet
  facet normal 0 0 1
    outer loop
      vertex 0.453979 62.7312 6
      vertex 0 64 6
      vertex 0.337067 62.8889 6
    endloop
  endfacet
  facet normal 0 0 1
    outer loop
      vertex 0 66 6
      vertex 0.152237 66.7654 6
      vertex 0.0861206 66.5806 6
    endloop
  endfacet
  facet normal 0 0 1
    outer loop
      vertex 0.337067 62.8889 6
      vertex 0 64 6
      vertex 0.23616 63.0572 6
    endloop
  endfacet
  facet normal 0 0 1
    outer loop
      vertex 0 66 6
      vertex 0.0861206 66.5806 6
      vertex 0.0384369 66.3902 6
    endloop
  endfacet
  facet normal 0 0 1
    outer loop
      vertex 0.23616 63.0572 6
      vertex 0 64 6
      vertex 0.152237 63.2346 6
    endloop
  endfacet
  facet normal 0 0 1
    outer loop
      vertex 0 66 6
      vertex 0.0384369 66.3902 6
      vertex 0.0096283 66.196 6
    endloop
  endfacet
  facet normal 0 0 1
    outer loop
      vertex 0.152237 63.2346 6
      vertex 0 64 6
      vertex 0.0861206 63.4194 6
    endloop
  endfacet
  facet normal 0 0 1
    outer loop
      vertex 0.0861206 63.4194 6
      vertex 0 64 6
      vertex 0.0384369 63.6098 6
    endloop
  endfacet
  facet normal 0 0 1
    outer loop
      vertex 0.0384369 63.6098 6
      vertex 0 64 6
      vertex 0.0096283 63.804 6
    endloop
  endfacet
  facet normal -0.941554 -0.336862 0
    outer loop
      vertex 0.152237 63.2346 0
      vertex 0.0861206 63.4194 6
      vertex 0.0861206 63.4194 0
    endloop
  endfacet
  facet normal -0.941554 -0.336862 0
    outer loop
      vertex 0.0861206 63.4194 6
      vertex 0.152237 63.2346 0
      vertex 0.152237 63.2346 6
    endloop
  endfacet
  facet normal 0 0 -1
    outer loop
      vertex 70 62 0
      vertex 72 64 0
      vertex 71.9904 63.804 0
    endloop
  endfacet
  facet normal -0 0 -1
    outer loop
      vertex 72 64 0
      vertex 70 62 0
      vertex 72 66 0
    endloop
  endfacet
  facet normal 0 0 -1
    outer loop
      vertex 70 62 0
      vertex 71.9904 63.804 0
      vertex 71.9616 63.6098 0
    endloop
  endfacet
  facet normal 0 0 -1
    outer loop
      vertex 70 68 0
      vertex 72 66 0
      vertex 70 62 0
    endloop
  endfacet
  facet normal 0 0 -1
    outer loop
      vertex 70 62 0
      vertex 71.9616 63.6098 0
      vertex 71.9139 63.4194 0
    endloop
  endfacet
  facet normal 0 0 -1
    outer loop
      vertex 72 66 0
      vertex 70 68 0
      vertex 71.9904 66.196 0
    endloop
  endfacet
  facet normal 0 0 -1
    outer loop
      vertex 70 62 0
      vertex 71.9139 63.4194 0
      vertex 71.8478 63.2346 0
    endloop
  endfacet
  facet normal 0 0 -1
    outer loop
      vertex 71.9904 66.196 0
      vertex 70 68 0
      vertex 71.9616 66.3902 0
    endloop
  endfacet
  facet normal 0 0 -1
    outer loop
      vertex 70 62 0
      vertex 71.8478 63.2346 0
      vertex 71.7638 63.0572 0
    endloop
  endfacet
  facet normal 0 0 -1
    outer loop
      vertex 71.9616 66.3902 0
      vertex 70 68 0
      vertex 71.9139 66.5806 0
    endloop
  endfacet
  facet normal 0 0 -1
    outer loop
      vertex 70 62 0
      vertex 71.7638 63.0572 0
      vertex 71.6629 62.8889 0
    endloop
  endfacet
  facet normal 0 0 -1
    outer loop
      vertex 71.9139 66.5806 0
      vertex 70 68 0
      vertex 71.8478 66.7654 0
    endloop
  endfacet
  facet normal 0 0 -1
    outer loop
      vertex 70 62 0
      vertex 71.6629 62.8889 0
      vertex 71.546 62.7312 0
    endloop
  endfacet
  facet normal 0 0 -1
    outer loop
      vertex 71.8478 66.7654 0
      vertex 70 68 0
      vertex 71.7638 66.9428 0
    endloop
  endfacet
  facet normal 0 0 -1
    outer loop
      vertex 70 62 0
      vertex 71.546 62.7312 0
      vertex 71.4142 62.5858 0
    endloop
  endfacet
  facet normal 0 0 -1
    outer loop
      vertex 71.7638 66.9428 0
      vertex 70 68 0
      vertex 71.6629 67.1111 0
    endloop
  endfacet
  facet normal 0 0 -1
    outer loop
      vertex 70 62 0
      vertex 71.4142 62.5858 0
      vertex 71.2688 62.454 0
    endloop
  endfacet
  facet normal 0 0 -1
    outer loop
      vertex 71.6629 67.1111 0
      vertex 70 68 0
      vertex 71.546 67.2688 0
    endloop
  endfacet
  facet normal 0 0 -1
    outer loop
      vertex 70 62 0
      vertex 71.2688 62.454 0
      vertex 71.1111 62.3371 0
    endloop
  endfacet
  facet normal 0 0 -1
    outer loop
      vertex 71.546 67.2688 0
      vertex 70 68 0
      vertex 71.4142 67.4142 0
    endloop
  endfacet
  facet normal 0 0 -1
    outer loop
      vertex 70 62 0
      vertex 71.1111 62.3371 0
      vertex 70.9428 62.2362 0
    endloop
  endfacet
  facet normal 0 0 -1
    outer loop
      vertex 71.4142 67.4142 0
      vertex 70 68 0
      vertex 71.2688 67.546 0
    endloop
  endfacet
  facet normal 0 0 -1
    outer loop
      vertex 70 62 0
      vertex 70.9428 62.2362 0
      vertex 70.7654 62.1522 0
    endloop
  endfacet
  facet normal 0 0 -1
    outer loop
      vertex 71.2688 67.546 0
      vertex 70 68 0
      vertex 71.1111 67.6629 0
    endloop
  endfacet
  facet normal 0 0 -1
    outer loop
      vertex 70 62 0
      vertex 70.7654 62.1522 0
      vertex 70.5806 62.0861 0
    endloop
  endfacet
  facet normal 0 0 -1
    outer loop
      vertex 71.1111 67.6629 0
      vertex 70 68 0
      vertex 70.9428 67.7638 0
    endloop
  endfacet
  facet normal 0 0 -1
    outer loop
      vertex 70 62 0
      vertex 70.5806 62.0861 0
      vertex 70.3902 62.0384 0
    endloop
  endfacet
  facet normal 0 0 -1
    outer loop
      vertex 70.9428 67.7638 0
      vertex 70 68 0
      vertex 70.7654 67.8478 0
    endloop
  endfacet
  facet normal 0 0 -1
    outer loop
      vertex 70 62 0
      vertex 70.3902 62.0384 0
      vertex 70.196 62.0096 0
    endloop
  endfacet
  facet normal 0 0 -1
    outer loop
      vertex 70.7654 67.8478 0
      vertex 70 68 0
      vertex 70.5806 67.9139 0
    endloop
  endfacet
  facet normal 0 0 -1
    outer loop
      vertex 70.5806 67.9139 0
      vertex 70 68 0
      vertex 70.3902 67.9616 0
    endloop
  endfacet
  facet normal 0 0 -1
    outer loop
      vertex 70.3902 67.9616 0
      vertex 70 68 0
      vertex 70.196 67.9904 0
    endloop
  endfacet
  facet normal 0 0 -1
    outer loop
      vertex 70 62 0
      vertex 63.3 65 0
      vertex 70 68 0
    endloop
  endfacet
  facet normal 0 0 -1
    outer loop
      vertex 70 62 0
      vertex 63.2937 64.8726 0
      vertex 63.3 65 0
    endloop
  endfacet
  facet normal 0 0 -1
    outer loop
      vertex 70 62 0
      vertex 63.275 64.7464 0
      vertex 63.2937 64.8726 0
    endloop
  endfacet
  facet normal 0 0 -1
    outer loop
      vertex 70 62 0
      vertex 63.244 64.6226 0
      vertex 63.275 64.7464 0
    endloop
  endfacet
  facet normal 0 0 -1
    outer loop
      vertex 70 62 0
      vertex 63.201 64.5025 0
      vertex 63.244 64.6226 0
    endloop
  endfacet
  facet normal 0 0 -1
    outer loop
      vertex 70 62 0
      vertex 63.1465 64.3872 0
      vertex 63.201 64.5025 0
    endloop
  endfacet
  facet normal 0 0 -1
    outer loop
      vertex 70 62 0
      vertex 63.0809 64.2778 0
      vertex 63.1465 64.3872 0
    endloop
  endfacet
  facet normal 0 0 -1
    outer loop
      vertex 70 62 0
      vertex 63.0049 64.1753 0
      vertex 63.0809 64.2778 0
    endloop
  endfacet
  facet normal 0 0 -1
    outer loop
      vertex 70 62 0
      vertex 62.9192 64.0808 0
      vertex 63.0049 64.1753 0
    endloop
  endfacet
  facet normal 0 0 -1
    outer loop
      vertex 70 62 0
      vertex 62.8247 63.9951 0
      vertex 62.9192 64.0808 0
    endloop
  endfacet
  facet normal 0 0 -1
    outer loop
      vertex 70 62 0
      vertex 62.7222 63.9191 0
      vertex 62.8247 63.9951 0
    endloop
  endfacet
  facet normal 0 0 -1
    outer loop
      vertex 70 62 0
      vertex 62.6128 63.8535 0
      vertex 62.7222 63.9191 0
    endloop
  endfacet
  facet normal 0 0 -1
    outer loop
      vertex 70 62 0
      vertex 62.4975 63.799 0
      vertex 62.6128 63.8535 0
    endloop
  endfacet
  facet normal 0 0 -1
    outer loop
      vertex 70 62 0
      vertex 62.3774 63.756 0
      vertex 62.4975 63.799 0
    endloop
  endfacet
  facet normal 0 0 -1
    outer loop
      vertex 70 62 0
      vertex 62.2536 63.725 0
      vertex 62.3774 63.756 0
    endloop
  endfacet
  facet normal 0 0 -1
    outer loop
      vertex 70 62 0
      vertex 62.1274 63.7063 0
      vertex 62.2536 63.725 0
    endloop
  endfacet
  facet normal 0 0 -1
    outer loop
      vertex 70 62 0
      vertex 62 63.7 0
      vertex 62.1274 63.7063 0
    endloop
  endfacet
  facet normal 0 0 -1
    outer loop
      vertex 70 62 0
      vertex 61.8726 63.7063 0
      vertex 62 63.7 0
    endloop
  endfacet
  facet normal 0 0 -1
    outer loop
      vertex 70 62 0
      vertex 61.7464 63.725 0
      vertex 61.8726 63.7063 0
    endloop
  endfacet
  facet normal -0 0 -1
    outer loop
      vertex 60.7063 64.8726 0
      vertex 2 62 0
      vertex 60.7 65 0
    endloop
  endfacet
  facet normal -0 0 -1
    outer loop
      vertex 60.725 64.7464 0
      vertex 2 62 0
      vertex 60.7063 64.8726 0
    endloop
  endfacet
  facet normal -0 0 -1
    outer loop
      vertex 60.756 64.6226 0
      vertex 2 62 0
      vertex 60.725 64.7464 0
    endloop
  endfacet
  facet normal -0 0 -1
    outer loop
      vertex 60.799 64.5025 0
      vertex 2 62 0
      vertex 60.756 64.6226 0
    endloop
  endfacet
  facet normal -0 0 -1
    outer loop
      vertex 60.8535 64.3872 0
      vertex 2 62 0
      vertex 60.799 64.5025 0
    endloop
  endfacet
  facet normal -0 0 -1
    outer loop
      vertex 60.9191 64.2778 0
      vertex 2 62 0
      vertex 60.8535 64.3872 0
    endloop
  endfacet
  facet normal -0 0 -1
    outer loop
      vertex 60.9951 64.1753 0
      vertex 2 62 0
      vertex 60.9191 64.2778 0
    endloop
  endfacet
  facet normal -0 0 -1
    outer loop
      vertex 61.0808 64.0808 0
      vertex 2 62 0
      vertex 60.9951 64.1753 0
    endloop
  endfacet
  facet normal -0 0 -1
    outer loop
      vertex 61.1753 63.9951 0
      vertex 2 62 0
      vertex 61.0808 64.0808 0
    endloop
  endfacet
  facet normal -0 0 -1
    outer loop
      vertex 61.2778 63.9191 0
      vertex 2 62 0
      vertex 61.1753 63.9951 0
    endloop
  endfacet
  facet normal -0 0 -1
    outer loop
      vertex 61.3872 63.8535 0
      vertex 2 62 0
      vertex 61.2778 63.9191 0
    endloop
  endfacet
  facet normal -0 0 -1
    outer loop
      vertex 61.5025 63.799 0
      vertex 2 62 0
      vertex 61.3872 63.8535 0
    endloop
  endfacet
  facet normal -0 0 -1
    outer loop
      vertex 61.6226 63.756 0
      vertex 2 62 0
      vertex 61.5025 63.799 0
    endloop
  endfacet
  facet normal -0 0 -1
    outer loop
      vertex 61.7464 63.725 0
      vertex 2 62 0
      vertex 61.6226 63.756 0
    endloop
  endfacet
  facet normal 0 0 -1
    outer loop
      vertex 2 62 0
      vertex 61.7464 63.725 0
      vertex 70 62 0
    endloop
  endfacet
  facet normal 0 0 -1
    outer loop
      vertex 63.2937 65.1274 0
      vertex 70 68 0
      vertex 63.3 65 0
    endloop
  endfacet
  facet normal 0 0 -1
    outer loop
      vertex 63.275 65.2536 0
      vertex 70 68 0
      vertex 63.2937 65.1274 0
    endloop
  endfacet
  facet normal 0 0 -1
    outer loop
      vertex 63.244 65.3774 0
      vertex 70 68 0
      vertex 63.275 65.2536 0
    endloop
  endfacet
  facet normal 0 0 -1
    outer loop
      vertex 63.201 65.4975 0
      vertex 70 68 0
      vertex 63.244 65.3774 0
    endloop
  endfacet
  facet normal 0 0 -1
    outer loop
      vertex 63.1465 65.6128 0
      vertex 70 68 0
      vertex 63.201 65.4975 0
    endloop
  endfacet
  facet normal 0 0 -1
    outer loop
      vertex 63.0809 65.7222 0
      vertex 70 68 0
      vertex 63.1465 65.6128 0
    endloop
  endfacet
  facet normal 0 0 -1
    outer loop
      vertex 63.0049 65.8247 0
      vertex 70 68 0
      vertex 63.0809 65.7222 0
    endloop
  endfacet
  facet normal 0 0 -1
    outer loop
      vertex 62.9192 65.9192 0
      vertex 70 68 0
      vertex 63.0049 65.8247 0
    endloop
  endfacet
  facet normal 0 0 -1
    outer loop
      vertex 62.8247 66.0049 0
      vertex 70 68 0
      vertex 62.9192 65.9192 0
    endloop
  endfacet
  facet normal 0 0 -1
    outer loop
      vertex 62.7222 66.0809 0
      vertex 70 68 0
      vertex 62.8247 66.0049 0
    endloop
  endfacet
  facet normal 0 0 -1
    outer loop
      vertex 62.6128 66.1465 0
      vertex 70 68 0
      vertex 62.7222 66.0809 0
    endloop
  endfacet
  facet normal 0 0 -1
    outer loop
      vertex 62.4975 66.201 0
      vertex 70 68 0
      vertex 62.6128 66.1465 0
    endloop
  endfacet
  facet normal 0 0 -1
    outer loop
      vertex 62.3774 66.244 0
      vertex 70 68 0
      vertex 62.4975 66.201 0
    endloop
  endfacet
  facet normal 0 0 -1
    outer loop
      vertex 62.2536 66.275 0
      vertex 70 68 0
      vertex 62.3774 66.244 0
    endloop
  endfacet
  facet normal 0 0 -1
    outer loop
      vertex 62.1274 66.2937 0
      vertex 70 68 0
      vertex 62.2536 66.275 0
    endloop
  endfacet
  facet normal 0 0 -1
    outer loop
      vertex 62 66.3 0
      vertex 70 68 0
      vertex 62.1274 66.2937 0
    endloop
  endfacet
  facet normal 0 0 -1
    outer loop
      vertex 61.8726 66.2937 0
      vertex 70 68 0
      vertex 62 66.3 0
    endloop
  endfacet
  facet normal 0 0 -1
    outer loop
      vertex 61.7464 66.275 0
      vertex 70 68 0
      vertex 61.8726 66.2937 0
    endloop
  endfacet
  facet normal 0 0 -1
    outer loop
      vertex 2 68 0
      vertex 60.7 65 0
      vertex 2 62 0
    endloop
  endfacet
  facet normal 0 0 -1
    outer loop
      vertex 60.7 65 0
      vertex 2 68 0
      vertex 60.7063 65.1274 0
    endloop
  endfacet
  facet normal 0 0 -1
    outer loop
      vertex 60.7063 65.1274 0
      vertex 2 68 0
      vertex 60.725 65.2536 0
    endloop
  endfacet
  facet normal 0 0 -1
    outer loop
      vertex 60.725 65.2536 0
      vertex 2 68 0
      vertex 60.756 65.3774 0
    endloop
  endfacet
  facet normal 0 0 -1
    outer loop
      vertex 60.756 65.3774 0
      vertex 2 68 0
      vertex 60.799 65.4975 0
    endloop
  endfacet
  facet normal 0 0 -1
    outer loop
      vertex 60.799 65.4975 0
      vertex 2 68 0
      vertex 60.8535 65.6128 0
    endloop
  endfacet
  facet normal 0 0 -1
    outer loop
      vertex 60.8535 65.6128 0
      vertex 2 68 0
      vertex 60.9191 65.7222 0
    endloop
  endfacet
  facet normal 0 0 -1
    outer loop
      vertex 60.9191 65.7222 0
      vertex 2 68 0
      vertex 60.9951 65.8247 0
    endloop
  endfacet
  facet normal 0 0 -1
    outer loop
      vertex 60.9951 65.8247 0
      vertex 2 68 0
      vertex 61.0808 65.9192 0
    endloop
  endfacet
  facet normal 0 0 -1
    outer loop
      vertex 61.0808 65.9192 0
      vertex 2 68 0
      vertex 61.1753 66.0049 0
    endloop
  endfacet
  facet normal 0 0 -1
    outer loop
      vertex 61.1753 66.0049 0
      vertex 2 68 0
      vertex 61.2778 66.0809 0
    endloop
  endfacet
  facet normal 0 0 -1
    outer loop
      vertex 61.2778 66.0809 0
      vertex 2 68 0
      vertex 61.3872 66.1465 0
    endloop
  endfacet
  facet normal 0 0 -1
    outer loop
      vertex 61.3872 66.1465 0
      vertex 2 68 0
      vertex 61.5025 66.201 0
    endloop
  endfacet
  facet normal 0 0 -1
    outer loop
      vertex 61.5025 66.201 0
      vertex 2 68 0
      vertex 61.6226 66.244 0
    endloop
  endfacet
  facet normal 0 0 -1
    outer loop
      vertex 61.6226 66.244 0
      vertex 2 68 0
      vertex 61.7464 66.275 0
    endloop
  endfacet
  facet normal 0 0 -1
    outer loop
      vertex 61.7464 66.275 0
      vertex 2 68 0
      vertex 70 68 0
    endloop
  endfacet
  facet normal 0 0 -1
    outer loop
      vertex 0 64 0
      vertex 2 62 0
      vertex 1.80397 62.0096 0
    endloop
  endfacet
  facet normal 0 0 -1
    outer loop
      vertex 2 62 0
      vertex 0 64 0
      vertex 2 68 0
    endloop
  endfacet
  facet normal 0 0 -1
    outer loop
      vertex 0 64 0
      vertex 1.80397 62.0096 0
      vertex 1.60982 62.0384 0
    endloop
  endfacet
  facet normal 0 0 -1
    outer loop
      vertex 0 66 0
      vertex 2 68 0
      vertex 0 64 0
    endloop
  endfacet
  facet normal 0 0 -1
    outer loop
      vertex 0 64 0
      vertex 1.60982 62.0384 0
      vertex 1.41943 62.0861 0
    endloop
  endfacet
  facet normal 0 0 -1
    outer loop
      vertex 2 68 0
      vertex 0 66 0
      vertex 1.80397 67.9904 0
    endloop
  endfacet
  facet normal 0 0 -1
    outer loop
      vertex 0 64 0
      vertex 1.41943 62.0861 0
      vertex 1.23463 62.1522 0
    endloop
  endfacet
  facet normal 0 0 -1
    outer loop
      vertex 1.80397 67.9904 0
      vertex 0 66 0
      vertex 1.60982 67.9616 0
    endloop
  endfacet
  facet normal 0 0 -1
    outer loop
      vertex 0 64 0
      vertex 1.23463 62.1522 0
      vertex 1.05721 62.2362 0
    endloop
  endfacet
  facet normal 0 0 -1
    outer loop
      vertex 1.60982 67.9616 0
      vertex 0 66 0
      vertex 1.41943 67.9139 0
    endloop
  endfacet
  facet normal 0 0 -1
    outer loop
      vertex 0 64 0
      vertex 1.05721 62.2362 0
      vertex 0.888855 62.3371 0
    endloop
  endfacet
  facet normal 0 0 -1
    outer loop
      vertex 1.41943 67.9139 0
      vertex 0 66 0
      vertex 1.23463 67.8478 0
    endloop
  endfacet
  facet normal 0 0 -1
    outer loop
      vertex 0 64 0
      vertex 0.888855 62.3371 0
      vertex 0.731216 62.454 0
    endloop
  endfacet
  facet normal 0 0 -1
    outer loop
      vertex 1.23463 67.8478 0
      vertex 0 66 0
      vertex 1.05721 67.7638 0
    endloop
  endfacet
  facet normal 0 0 -1
    outer loop
      vertex 0 64 0
      vertex 0.731216 62.454 0
      vertex 0.585785 62.5858 0
    endloop
  endfacet
  facet normal 0 0 -1
    outer loop
      vertex 1.05721 67.7638 0
      vertex 0 66 0
      vertex 0.888855 67.6629 0
    endloop
  endfacet
  facet normal 0 0 -1
    outer loop
      vertex 0 64 0
      vertex 0.585785 62.5858 0
      vertex 0.453979 62.7312 0
    endloop
  endfacet
  facet normal 0 0 -1
    outer loop
      vertex 0.888855 67.6629 0
      vertex 0 66 0
      vertex 0.731216 67.546 0
    endloop
  endfacet
  facet normal 0 0 -1
    outer loop
      vertex 0 64 0
      vertex 0.453979 62.7312 0
      vertex 0.337067 62.8889 0
    endloop
  endfacet
  facet normal 0 0 -1
    outer loop
      vertex 0.731216 67.546 0
      vertex 0 66 0
      vertex 0.585785 67.4142 0
    endloop
  endfacet
  facet normal 0 0 -1
    outer loop
      vertex 0 64 0
      vertex 0.337067 62.8889 0
      vertex 0.23616 63.0572 0
    endloop
  endfacet
  facet normal 0 0 -1
    outer loop
      vertex 0.585785 67.4142 0
      vertex 0 66 0
      vertex 0.453979 67.2688 0
    endloop
  endfacet
  facet normal 0 0 -1
    outer loop
      vertex 0 64 0
      vertex 0.23616 63.0572 0
      vertex 0.152237 63.2346 0
    endloop
  endfacet
  facet normal 0 0 -1
    outer loop
      vertex 0.453979 67.2688 0
      vertex 0 66 0
      vertex 0.337067 67.1111 0
    endloop
  endfacet
  facet normal 0 0 -1
    outer loop
      vertex 0 64 0
      vertex 0.152237 63.2346 0
      vertex 0.0861206 63.4194 0
    endloop
  endfacet
  facet normal 0 0 -1
    outer loop
      vertex 0.337067 67.1111 0
      vertex 0 66 0
      vertex 0.23616 66.9428 0
    endloop
  endfacet
  facet normal 0 0 -1
    outer loop
      vertex 0 64 0
      vertex 0.0861206 63.4194 0
      vertex 0.0384369 63.6098 0
    endloop
  endfacet
  facet normal 0 0 -1
    outer loop
      vertex 0.23616 66.9428 0
      vertex 0 66 0
      vertex 0.152237 66.7654 0
    endloop
  endfacet
  facet normal 0 0 -1
    outer loop
      vertex 0 64 0
      vertex 0.0384369 63.6098 0
      vertex 0.0096283 63.804 0
    endloop
  endfacet
  facet normal 0 0 -1
    outer loop
      vertex 0.152237 66.7654 0
      vertex 0 66 0
      vertex 0.0861206 66.5806 0
    endloop
  endfacet
  facet normal 0 0 -1
    outer loop
      vertex 0.0861206 66.5806 0
      vertex 0 66 0
      vertex 0.0384369 66.3902 0
    endloop
  endfacet
  facet normal 0 0 -1
    outer loop
      vertex 0.0384369 66.3902 0
      vertex 0 66 0
      vertex 0.0096283 66.196 0
    endloop
  endfacet
  facet normal 0.989182 0.146696 0
    outer loop
      vertex 71.9904 66.196 6
      vertex 71.9616 66.3902 0
      vertex 71.9616 66.3902 6
    endloop
  endfacet
  facet normal 0.989182 0.146696 0
    outer loop
      vertex 71.9616 66.3902 0
      vertex 71.9904 66.196 6
      vertex 71.9904 66.196 0
    endloop
  endfacet
  facet normal 0.94158 -0.336788 0
    outer loop
      vertex 71.8478 63.2346 6
      vertex 71.9139 63.4194 0
      vertex 71.9139 63.4194 6
    endloop
  endfacet
  facet normal 0.94158 -0.336788 0
    outer loop
      vertex 71.9139 63.4194 0
      vertex 71.8478 63.2346 6
      vertex 71.8478 63.2346 0
    endloop
  endfacet
  facet normal -0.514072 0.857747 0
    outer loop
      vertex 1.05721 67.7638 0
      vertex 0.888855 67.6629 6
      vertex 1.05721 67.7638 6
    endloop
  endfacet
  facet normal -0.514072 0.857747 0
    outer loop
      vertex 0.888855 67.6629 6
      vertex 1.05721 67.7638 0
      vertex 0.888855 67.6629 0
    endloop
  endfacet
  facet normal -0.336788 0.94158 0
    outer loop
      vertex 1.41943 67.9139 0
      vertex 1.23463 67.8478 6
      vertex 1.41943 67.9139 6
    endloop
  endfacet
  facet normal -0.336788 0.94158 0
    outer loop
      vertex 1.23463 67.8478 6
      vertex 1.41943 67.9139 0
      vertex 1.23463 67.8478 0
    endloop
  endfacet
  facet normal -0.998796 0.0490648 0
    outer loop
      vertex 0 66 0
      vertex 0.0096283 66.196 6
      vertex 0.0096283 66.196 0
    endloop
  endfacet
  facet normal -0.998796 0.0490648 0
    outer loop
      vertex 0.0096283 66.196 6
      vertex 0 66 0
      vertex 0 66 6
    endloop
  endfacet
  facet normal -0.989175 0.146739 0
    outer loop
      vertex 0.0096283 66.196 0
      vertex 0.0384369 66.3902 6
      vertex 0.0384369 66.3902 0
    endloop
  endfacet
  facet normal -0.989175 0.146739 0
    outer loop
      vertex 0.0384369 66.3902 6
      vertex 0.0096283 66.196 0
      vertex 0.0096283 66.196 6
    endloop
  endfacet
  facet normal -0.427916 -0.903819 0
    outer loop
      vertex 1.05721 62.2362 0
      vertex 1.23463 62.1522 6
      vertex 1.05721 62.2362 6
    endloop
  endfacet
  facet normal -0.427916 -0.903819 -0
    outer loop
      vertex 1.23463 62.1522 6
      vertex 1.05721 62.2362 0
      vertex 1.23463 62.1522 0
    endloop
  endfacet
  facet normal -0.989175 -0.146739 0
    outer loop
      vertex 0.0384369 63.6098 0
      vertex 0.0096283 63.804 6
      vertex 0.0096283 63.804 0
    endloop
  endfacet
  facet normal -0.989175 -0.146739 0
    outer loop
      vertex 0.0096283 63.804 6
      vertex 0.0384369 63.6098 0
      vertex 0.0384369 63.6098 6
    endloop
  endfacet
  facet normal -0.970042 -0.242937 0
    outer loop
      vertex 0.0861206 63.4194 0
      vertex 0.0384369 63.6098 6
      vertex 0.0384369 63.6098 0
    endloop
  endfacet
  facet normal -0.970042 -0.242937 0
    outer loop
      vertex 0.0384369 63.6098 6
      vertex 0.0861206 63.4194 0
      vertex 0.0861206 63.4194 6
    endloop
  endfacet
  facet normal -0.998796 -0.0490648 0
    outer loop
      vertex 0.0096283 63.804 0
      vertex 0 64 6
      vertex 0 64 0
    endloop
  endfacet
  facet normal -0.998796 -0.0490648 0
    outer loop
      vertex 0 64 6
      vertex 0.0096283 63.804 0
      vertex 0.0096283 63.804 6
    endloop
  endfacet
  facet normal -1 0 0
    outer loop
      vertex 0 64 0
      vertex 0 66 6
      vertex 0 66 0
    endloop
  endfacet
  facet normal -1 -0 0
    outer loop
      vertex 0 66 6
      vertex 0 64 0
      vertex 0 64 6
    endloop
  endfacet
  facet normal 0.427955 0.9038 -0
    outer loop
      vertex 70.9428 67.7638 0
      vertex 70.7654 67.8478 6
      vertex 70.9428 67.7638 6
    endloop
  endfacet
  facet normal 0.427955 0.9038 0
    outer loop
      vertex 70.7654 67.8478 6
      vertex 70.9428 67.7638 0
      vertex 70.7654 67.8478 0
    endloop
  endfacet
  facet normal 0.970023 -0.243015 0
    outer loop
      vertex 71.9139 63.4194 6
      vertex 71.9616 63.6098 0
      vertex 71.9616 63.6098 6
    endloop
  endfacet
  facet normal 0.970023 -0.243015 0
    outer loop
      vertex 71.9616 63.6098 0
      vertex 71.9139 63.4194 6
      vertex 71.9139 63.4194 0
    endloop
  endfacet
  facet normal 0.998803 -0.0489209 0
    outer loop
      vertex 71.9904 63.804 6
      vertex 72 64 0
      vertex 72 64 6
    endloop
  endfacet
  facet normal 0.998803 -0.0489209 0
    outer loop
      vertex 72 64 0
      vertex 71.9904 63.804 6
      vertex 71.9904 63.804 0
    endloop
  endfacet
  facet normal 0.595508 -0.80335 0
    outer loop
      vertex 71.1111 62.3371 0
      vertex 71.2688 62.454 6
      vertex 71.1111 62.3371 6
    endloop
  endfacet
  facet normal 0.595508 -0.80335 0
    outer loop
      vertex 71.2688 62.454 6
      vertex 71.1111 62.3371 0
      vertex 71.2688 62.454 0
    endloop
  endfacet
  facet normal -0.80332 0.595547 0
    outer loop
      vertex 0.337067 67.1111 0
      vertex 0.453979 67.2688 6
      vertex 0.453979 67.2688 0
    endloop
  endfacet
  facet normal -0.80332 0.595547 0
    outer loop
      vertex 0.453979 67.2688 6
      vertex 0.337067 67.1111 0
      vertex 0.337067 67.1111 6
    endloop
  endfacet
  facet normal -0.427916 0.903819 0
    outer loop
      vertex 1.23463 67.8478 0
      vertex 1.05721 67.7638 6
      vertex 1.23463 67.8478 6
    endloop
  endfacet
  facet normal -0.427916 0.903819 0
    outer loop
      vertex 1.05721 67.7638 6
      vertex 1.23463 67.8478 0
      vertex 1.05721 67.7638 0
    endloop
  endfacet
  facet normal -0.941554 0.336862 0
    outer loop
      vertex 0.0861206 66.5806 0
      vertex 0.152237 66.7654 6
      vertex 0.152237 66.7654 0
    endloop
  endfacet
  facet normal -0.941554 0.336862 0
    outer loop
      vertex 0.152237 66.7654 6
      vertex 0.0861206 66.5806 0
      vertex 0.0861206 66.5806 6
    endloop
  endfacet
  facet normal -0.243027 -0.970019 0
    outer loop
      vertex 1.41943 62.0861 0
      vertex 1.60982 62.0384 6
      vertex 1.41943 62.0861 6
    endloop
  endfacet
  facet normal -0.243027 -0.970019 -0
    outer loop
      vertex 1.60982 62.0384 6
      vertex 1.41943 62.0861 0
      vertex 1.60982 62.0384 0
    endloop
  endfacet
  facet normal -0.857657 -0.514222 0
    outer loop
      vertex 0.337067 62.8889 0
      vertex 0.23616 63.0572 6
      vertex 0.23616 63.0572 0
    endloop
  endfacet
  facet normal -0.857657 -0.514222 0
    outer loop
      vertex 0.23616 63.0572 6
      vertex 0.337067 62.8889 0
      vertex 0.337067 62.8889 6
    endloop
  endfacet
  facet normal -0.671528 -0.740979 0
    outer loop
      vertex 0.585785 62.5858 0
      vertex 0.731216 62.454 6
      vertex 0.585785 62.5858 6
    endloop
  endfacet
  facet normal -0.671528 -0.740979 -0
    outer loop
      vertex 0.731216 62.454 6
      vertex 0.585785 62.5858 0
      vertex 0.731216 62.454 0
    endloop
  endfacet
  facet normal -0.514072 -0.857747 0
    outer loop
      vertex 0.888855 62.3371 0
      vertex 1.05721 62.2362 6
      vertex 0.888855 62.3371 6
    endloop
  endfacet
  facet normal -0.514072 -0.857747 -0
    outer loop
      vertex 1.05721 62.2362 6
      vertex 0.888855 62.3371 0
      vertex 1.05721 62.2362 0
    endloop
  endfacet
  facet normal -0.903952 -0.427634 0
    outer loop
      vertex 0.23616 63.0572 0
      vertex 0.152237 63.2346 6
      vertex 0.152237 63.2346 0
    endloop
  endfacet
  facet normal -0.903952 -0.427634 0
    outer loop
      vertex 0.152237 63.2346 6
      vertex 0.23616 63.0572 0
      vertex 0.23616 63.0572 6
    endloop
  endfacet
  facet normal 0.998803 0.0489209 0
    outer loop
      vertex 72 66 6
      vertex 71.9904 66.196 0
      vertex 71.9904 66.196 6
    endloop
  endfacet
  facet normal 0.998803 0.0489209 0
    outer loop
      vertex 71.9904 66.196 0
      vertex 72 66 6
      vertex 72 66 0
    endloop
  endfacet
  facet normal 0.336788 0.94158 -0
    outer loop
      vertex 70.7654 67.8478 0
      vertex 70.5806 67.9139 6
      vertex 70.7654 67.8478 6
    endloop
  endfacet
  facet normal 0.336788 0.94158 0
    outer loop
      vertex 70.5806 67.9139 6
      vertex 70.7654 67.8478 0
      vertex 70.5806 67.9139 0
    endloop
  endfacet
  facet normal 0.595508 0.80335 -0
    outer loop
      vertex 71.2688 67.546 0
      vertex 71.1111 67.6629 6
      vertex 71.2688 67.546 6
    endloop
  endfacet
  facet normal 0.595508 0.80335 0
    outer loop
      vertex 71.1111 67.6629 6
      vertex 71.2688 67.546 0
      vertex 71.1111 67.6629 0
    endloop
  endfacet
  facet normal 0.671607 0.740908 -0
    outer loop
      vertex 71.4142 67.4142 0
      vertex 71.2688 67.546 6
      vertex 71.4142 67.4142 6
    endloop
  endfacet
  facet normal 0.671607 0.740908 0
    outer loop
      vertex 71.2688 67.546 6
      vertex 71.4142 67.4142 0
      vertex 71.2688 67.546 0
    endloop
  endfacet
  facet normal 0.94158 0.336788 0
    outer loop
      vertex 71.9139 66.5806 6
      vertex 71.8478 66.7654 0
      vertex 71.8478 66.7654 6
    endloop
  endfacet
  facet normal 0.94158 0.336788 0
    outer loop
      vertex 71.8478 66.7654 0
      vertex 71.9139 66.5806 6
      vertex 71.9139 66.5806 0
    endloop
  endfacet
  facet normal 0.80335 0.595508 0
    outer loop
      vertex 71.6629 67.1111 6
      vertex 71.546 67.2688 0
      vertex 71.546 67.2688 6
    endloop
  endfacet
  facet normal 0.80335 0.595508 0
    outer loop
      vertex 71.546 67.2688 0
      vertex 71.6629 67.1111 6
      vertex 71.6629 67.1111 0
    endloop
  endfacet
  facet normal 0.989182 -0.146696 0
    outer loop
      vertex 71.9616 63.6098 6
      vertex 71.9904 63.804 0
      vertex 71.9904 63.804 6
    endloop
  endfacet
  facet normal 0.989182 -0.146696 0
    outer loop
      vertex 71.9904 63.804 0
      vertex 71.9616 63.6098 6
      vertex 71.9616 63.6098 0
    endloop
  endfacet
  facet normal 1 -0 0
    outer loop
      vertex 72 64 6
      vertex 72 66 0
      vertex 72 66 6
    endloop
  endfacet
  facet normal 1 0 0
    outer loop
      vertex 72 66 0
      vertex 72 64 6
      vertex 72 64 0
    endloop
  endfacet
  facet normal 0.80335 -0.595508 0
    outer loop
      vertex 71.546 62.7312 6
      vertex 71.6629 62.8889 0
      vertex 71.6629 62.8889 6
    endloop
  endfacet
  facet normal 0.80335 -0.595508 0
    outer loop
      vertex 71.6629 62.8889 0
      vertex 71.546 62.7312 6
      vertex 71.546 62.7312 0
    endloop
  endfacet
  facet normal 0.243015 -0.970023 0
    outer loop
      vertex 70.3902 62.0384 0
      vertex 70.5806 62.0861 6
      vertex 70.3902 62.0384 6
    endloop
  endfacet
  facet normal 0.243015 -0.970023 0
    outer loop
      vertex 70.5806 62.0861 6
      vertex 70.3902 62.0384 0
      vertex 70.5806 62.0861 0
    endloop
  endfacet
  facet normal -0.595656 0.803239 0
    outer loop
      vertex 0.888855 67.6629 0
      vertex 0.731216 67.546 6
      vertex 0.888855 67.6629 6
    endloop
  endfacet
  facet normal -0.595656 0.803239 0
    outer loop
      vertex 0.731216 67.546 6
      vertex 0.888855 67.6629 0
      vertex 0.731216 67.546 0
    endloop
  endfacet
  facet normal -0.857657 0.514222 0
    outer loop
      vertex 0.23616 66.9428 0
      vertex 0.337067 67.1111 6
      vertex 0.337067 67.1111 0
    endloop
  endfacet
  facet normal -0.857657 0.514222 0
    outer loop
      vertex 0.337067 67.1111 6
      vertex 0.23616 66.9428 0
      vertex 0.23616 66.9428 6
    endloop
  endfacet
  facet normal 0.243015 0.970023 -0
    outer loop
      vertex 70.5806 67.9139 0
      vertex 70.3902 67.9616 6
      vertex 70.5806 67.9139 6
    endloop
  endfacet
  facet normal 0.243015 0.970023 0
    outer loop
      vertex 70.3902 67.9616 6
      vertex 70.5806 67.9139 0
      vertex 70.3902 67.9616 0
    endloop
  endfacet
  facet normal 0.514196 0.857673 -0
    outer loop
      vertex 71.1111 67.6629 0
      vertex 70.9428 67.7638 6
      vertex 71.1111 67.6629 6
    endloop
  endfacet
  facet normal 0.514196 0.857673 0
    outer loop
      vertex 70.9428 67.7638 6
      vertex 71.1111 67.6629 0
      vertex 70.9428 67.7638 0
    endloop
  endfacet
  facet normal 0.740908 0.671607 0
    outer loop
      vertex 71.546 67.2688 6
      vertex 71.4142 67.4142 0
      vertex 71.4142 67.4142 6
    endloop
  endfacet
  facet normal 0.740908 0.671607 0
    outer loop
      vertex 71.4142 67.4142 0
      vertex 71.546 67.2688 6
      vertex 71.546 67.2688 0
    endloop
  endfacet
  facet normal 0.857673 0.514196 0
    outer loop
      vertex 71.7638 66.9428 6
      vertex 71.6629 67.1111 0
      vertex 71.6629 67.1111 6
    endloop
  endfacet
  facet normal 0.857673 0.514196 0
    outer loop
      vertex 71.6629 67.1111 0
      vertex 71.7638 66.9428 6
      vertex 71.7638 66.9428 0
    endloop
  endfacet
  facet normal 0.9038 0.427955 0
    outer loop
      vertex 71.8478 66.7654 6
      vertex 71.7638 66.9428 0
      vertex 71.7638 66.9428 6
    endloop
  endfacet
  facet normal 0.9038 0.427955 0
    outer loop
      vertex 71.7638 66.9428 0
      vertex 71.8478 66.7654 6
      vertex 71.8478 66.7654 0
    endloop
  endfacet
  facet normal 0.970023 0.243015 0
    outer loop
      vertex 71.9616 66.3902 6
      vertex 71.9139 66.5806 0
      vertex 71.9139 66.5806 6
    endloop
  endfacet
  facet normal 0.970023 0.243015 0
    outer loop
      vertex 71.9139 66.5806 0
      vertex 71.9616 66.3902 6
      vertex 71.9616 66.3902 0
    endloop
  endfacet
  facet normal 0.857673 -0.514196 0
    outer loop
      vertex 71.6629 62.8889 6
      vertex 71.7638 63.0572 0
      vertex 71.7638 63.0572 6
    endloop
  endfacet
  facet normal 0.857673 -0.514196 0
    outer loop
      vertex 71.7638 63.0572 0
      vertex 71.6629 62.8889 6
      vertex 71.6629 62.8889 0
    endloop
  endfacet
  facet normal 0.336788 -0.94158 0
    outer loop
      vertex 70.5806 62.0861 0
      vertex 70.7654 62.1522 6
      vertex 70.5806 62.0861 6
    endloop
  endfacet
  facet normal 0.336788 -0.94158 0
    outer loop
      vertex 70.7654 62.1522 6
      vertex 70.5806 62.0861 0
      vertex 70.7654 62.1522 0
    endloop
  endfacet
  facet normal -0.671528 0.740979 0
    outer loop
      vertex 0.731216 67.546 0
      vertex 0.585785 67.4142 6
      vertex 0.731216 67.546 6
    endloop
  endfacet
  facet normal -0.671528 0.740979 0
    outer loop
      vertex 0.585785 67.4142 6
      vertex 0.731216 67.546 0
      vertex 0.585785 67.4142 0
    endloop
  endfacet
  facet normal -0.903952 0.427634 0
    outer loop
      vertex 0.152237 66.7654 0
      vertex 0.23616 66.9428 6
      vertex 0.23616 66.9428 0
    endloop
  endfacet
  facet normal -0.903952 0.427634 0
    outer loop
      vertex 0.23616 66.9428 6
      vertex 0.152237 66.7654 0
      vertex 0.152237 66.7654 6
    endloop
  endfacet
  facet normal -0.740892 -0.671624 0
    outer loop
      vertex 0.585785 62.5858 0
      vertex 0.453979 62.7312 6
      vertex 0.453979 62.7312 0
    endloop
  endfacet
  facet normal -0.740892 -0.671624 0
    outer loop
      vertex 0.453979 62.7312 6
      vertex 0.585785 62.5858 0
      vertex 0.585785 62.5858 6
    endloop
  endfacet
  facet normal -0.80332 -0.595547 0
    outer loop
      vertex 0.453979 62.7312 0
      vertex 0.337067 62.8889 6
      vertex 0.337067 62.8889 0
    endloop
  endfacet
  facet normal -0.80332 -0.595547 0
    outer loop
      vertex 0.337067 62.8889 6
      vertex 0.453979 62.7312 0
      vertex 0.453979 62.7312 6
    endloop
  endfacet
  facet normal -0.595656 -0.803239 0
    outer loop
      vertex 0.731216 62.454 0
      vertex 0.888855 62.3371 6
      vertex 0.731216 62.454 6
    endloop
  endfacet
  facet normal -0.595656 -0.803239 -0
    outer loop
      vertex 0.888855 62.3371 6
      vertex 0.731216 62.454 0
      vertex 0.888855 62.3371 0
    endloop
  endfacet
  facet normal 0.9038 -0.427955 0
    outer loop
      vertex 71.7638 63.0572 6
      vertex 71.8478 63.2346 0
      vertex 71.8478 63.2346 6
    endloop
  endfacet
  facet normal 0.9038 -0.427955 0
    outer loop
      vertex 71.8478 63.2346 0
      vertex 71.7638 63.0572 6
      vertex 71.7638 63.0572 0
    endloop
  endfacet
  facet normal 0.671607 -0.740908 0
    outer loop
      vertex 71.2688 62.454 0
      vertex 71.4142 62.5858 6
      vertex 71.2688 62.454 6
    endloop
  endfacet
  facet normal 0.671607 -0.740908 0
    outer loop
      vertex 71.4142 62.5858 6
      vertex 71.2688 62.454 0
      vertex 71.4142 62.5858 0
    endloop
  endfacet
  facet normal 0.514196 -0.857673 0
    outer loop
      vertex 70.9428 62.2362 0
      vertex 71.1111 62.3371 6
      vertex 70.9428 62.2362 6
    endloop
  endfacet
  facet normal 0.514196 -0.857673 0
    outer loop
      vertex 71.1111 62.3371 6
      vertex 70.9428 62.2362 0
      vertex 71.1111 62.3371 0
    endloop
  endfacet
  facet normal 0.427955 -0.9038 0
    outer loop
      vertex 70.7654 62.1522 0
      vertex 70.9428 62.2362 6
      vertex 70.7654 62.1522 6
    endloop
  endfacet
  facet normal 0.427955 -0.9038 0
    outer loop
      vertex 70.9428 62.2362 6
      vertex 70.7654 62.1522 0
      vertex 70.9428 62.2362 0
    endloop
  endfacet
  facet normal -0.243027 0.970019 0
    outer loop
      vertex 1.60982 67.9616 0
      vertex 1.41943 67.9139 6
      vertex 1.60982 67.9616 6
    endloop
  endfacet
  facet normal -0.243027 0.970019 0
    outer loop
      vertex 1.41943 67.9139 6
      vertex 1.60982 67.9616 0
      vertex 1.41943 67.9139 0
    endloop
  endfacet
  facet normal -0.146733 0.989176 0
    outer loop
      vertex 1.80397 67.9904 0
      vertex 1.60982 67.9616 6
      vertex 1.80397 67.9904 6
    endloop
  endfacet
  facet normal -0.146733 0.989176 0
    outer loop
      vertex 1.60982 67.9616 6
      vertex 1.80397 67.9904 0
      vertex 1.60982 67.9616 0
    endloop
  endfacet
  facet normal 0.740908 -0.671607 0
    outer loop
      vertex 71.4142 62.5858 6
      vertex 71.546 62.7312 0
      vertex 71.546 62.7312 6
    endloop
  endfacet
  facet normal 0.740908 -0.671607 0
    outer loop
      vertex 71.546 62.7312 0
      vertex 71.4142 62.5858 6
      vertex 71.4142 62.5858 0
    endloop
  endfacet
  facet normal -0.99878 -0.0493902 0
    outer loop
      vertex 63.3 65 0
      vertex 63.2937 65.1274 6
      vertex 63.2937 65.1274 0
    endloop
  endfacet
  facet normal -0.99878 -0.0493902 0
    outer loop
      vertex 63.2937 65.1274 6
      vertex 63.3 65 0
      vertex 63.3 65 6
    endloop
  endfacet
  facet normal 0.0493902 -0.99878 0
    outer loop
      vertex 61.8726 66.2937 0
      vertex 62 66.3 6
      vertex 61.8726 66.2937 6
    endloop
  endfacet
  facet normal 0.0493902 -0.99878 0
    outer loop
      vertex 62 66.3 6
      vertex 61.8726 66.2937 0
      vertex 62 66.3 0
    endloop
  endfacet
  facet normal -0.0493902 0.99878 0
    outer loop
      vertex 62.1274 63.7063 0
      vertex 62 63.7 6
      vertex 62.1274 63.7063 6
    endloop
  endfacet
  facet normal -0.0493902 0.99878 0
    outer loop
      vertex 62 63.7 6
      vertex 62.1274 63.7063 0
      vertex 62 63.7 0
    endloop
  endfacet
  facet normal -0.671775 -0.740755 0
    outer loop
      vertex 62.8247 66.0049 0
      vertex 62.9192 65.9192 6
      vertex 62.8247 66.0049 6
    endloop
  endfacet
  facet normal -0.671775 -0.740755 -0
    outer loop
      vertex 62.9192 65.9192 6
      vertex 62.8247 66.0049 0
      vertex 62.9192 65.9192 0
    endloop
  endfacet
  facet normal 0.740755 -0.671775 0
    outer loop
      vertex 60.9951 65.8247 6
      vertex 61.0808 65.9192 0
      vertex 61.0808 65.9192 6
    endloop
  endfacet
  facet normal 0.740755 -0.671775 0
    outer loop
      vertex 61.0808 65.9192 0
      vertex 60.9951 65.8247 6
      vertex 60.9951 65.8247 0
    endloop
  endfacet
  facet normal 0.427345 -0.904089 0
    outer loop
      vertex 61.3872 66.1465 0
      vertex 61.5025 66.201 6
      vertex 61.3872 66.1465 6
    endloop
  endfacet
  facet normal 0.427345 -0.904089 0
    outer loop
      vertex 61.5025 66.201 6
      vertex 61.3872 66.1465 0
      vertex 61.5025 66.201 0
    endloop
  endfacet
  facet normal -0.904089 -0.427345 0
    outer loop
      vertex 63.201 65.4975 0
      vertex 63.1465 65.6128 6
      vertex 63.1465 65.6128 0
    endloop
  endfacet
  facet normal -0.904089 -0.427345 0
    outer loop
      vertex 63.1465 65.6128 6
      vertex 63.201 65.4975 0
      vertex 63.201 65.4975 6
    endloop
  endfacet
  facet normal -0.337081 -0.941476 0
    outer loop
      vertex 62.3774 66.244 0
      vertex 62.4975 66.201 6
      vertex 62.3774 66.244 6
    endloop
  endfacet
  facet normal -0.337081 -0.941476 -0
    outer loop
      vertex 62.4975 66.201 6
      vertex 62.3774 66.244 0
      vertex 62.4975 66.201 0
    endloop
  endfacet
  facet normal -0.514265 -0.857631 0
    outer loop
      vertex 62.6128 66.1465 0
      vertex 62.7222 66.0809 6
      vertex 62.6128 66.1465 6
    endloop
  endfacet
  facet normal -0.514265 -0.857631 -0
    outer loop
      vertex 62.7222 66.0809 6
      vertex 62.6128 66.1465 0
      vertex 62.7222 66.0809 0
    endloop
  endfacet
  facet normal 0.941476 -0.337081 0
    outer loop
      vertex 60.756 65.3774 6
      vertex 60.799 65.4975 0
      vertex 60.799 65.4975 6
    endloop
  endfacet
  facet normal 0.941476 -0.337081 0
    outer loop
      vertex 60.799 65.4975 0
      vertex 60.756 65.3774 6
      vertex 60.756 65.3774 0
    endloop
  endfacet
  facet normal 0.242904 -0.97005 0
    outer loop
      vertex 61.6226 66.244 0
      vertex 61.7464 66.275 6
      vertex 61.6226 66.244 6
    endloop
  endfacet
  facet normal 0.242904 -0.97005 0
    outer loop
      vertex 61.7464 66.275 6
      vertex 61.6226 66.244 0
      vertex 61.7464 66.275 0
    endloop
  endfacet
  facet normal -0.97005 0.242904 0
    outer loop
      vertex 63.244 64.6226 0
      vertex 63.275 64.7464 6
      vertex 63.275 64.7464 0
    endloop
  endfacet
  facet normal -0.97005 0.242904 0
    outer loop
      vertex 63.275 64.7464 6
      vertex 63.244 64.6226 0
      vertex 63.244 64.6226 6
    endloop
  endfacet
  facet normal -0.97005 -0.242904 0
    outer loop
      vertex 63.275 65.2536 0
      vertex 63.244 65.3774 6
      vertex 63.244 65.3774 0
    endloop
  endfacet
  facet normal -0.97005 -0.242904 0
    outer loop
      vertex 63.244 65.3774 6
      vertex 63.275 65.2536 0
      vertex 63.275 65.2536 6
    endloop
  endfacet
  facet normal -0.989199 -0.146577 0
    outer loop
      vertex 63.2937 65.1274 0
      vertex 63.275 65.2536 6
      vertex 63.275 65.2536 0
    endloop
  endfacet
  facet normal -0.989199 -0.146577 0
    outer loop
      vertex 63.275 65.2536 6
      vertex 63.2937 65.1274 0
      vertex 63.2937 65.1274 6
    endloop
  endfacet
  facet normal -0.941476 -0.337081 0
    outer loop
      vertex 63.244 65.3774 0
      vertex 63.201 65.4975 6
      vertex 63.201 65.4975 0
    endloop
  endfacet
  facet normal -0.941476 -0.337081 0
    outer loop
      vertex 63.201 65.4975 6
      vertex 63.244 65.3774 0
      vertex 63.244 65.3774 6
    endloop
  endfacet
  facet normal -0.803279 -0.595602 0
    outer loop
      vertex 63.0809 65.7222 0
      vertex 63.0049 65.8247 6
      vertex 63.0049 65.8247 0
    endloop
  endfacet
  facet normal -0.803279 -0.595602 0
    outer loop
      vertex 63.0049 65.8247 6
      vertex 63.0809 65.7222 0
      vertex 63.0809 65.7222 6
    endloop
  endfacet
  facet normal -0.740755 -0.671775 0
    outer loop
      vertex 63.0049 65.8247 0
      vertex 62.9192 65.9192 6
      vertex 62.9192 65.9192 0
    endloop
  endfacet
  facet normal -0.740755 -0.671775 0
    outer loop
      vertex 62.9192 65.9192 6
      vertex 63.0049 65.8247 0
      vertex 63.0049 65.8247 6
    endloop
  endfacet
  facet normal -0.857631 -0.514265 0
    outer loop
      vertex 63.1465 65.6128 0
      vertex 63.0809 65.7222 6
      vertex 63.0809 65.7222 0
    endloop
  endfacet
  facet normal -0.857631 -0.514265 0
    outer loop
      vertex 63.0809 65.7222 6
      vertex 63.1465 65.6128 0
      vertex 63.1465 65.6128 6
    endloop
  endfacet
  facet normal -0.146577 -0.989199 0
    outer loop
      vertex 62.1274 66.2937 0
      vertex 62.2536 66.275 6
      vertex 62.1274 66.2937 6
    endloop
  endfacet
  facet normal -0.146577 -0.989199 -0
    outer loop
      vertex 62.2536 66.275 6
      vertex 62.1274 66.2937 0
      vertex 62.2536 66.275 0
    endloop
  endfacet
  facet normal -0.242904 -0.97005 0
    outer loop
      vertex 62.2536 66.275 0
      vertex 62.3774 66.244 6
      vertex 62.2536 66.275 6
    endloop
  endfacet
  facet normal -0.242904 -0.97005 -0
    outer loop
      vertex 62.3774 66.244 6
      vertex 62.2536 66.275 0
      vertex 62.3774 66.244 0
    endloop
  endfacet
  facet normal -0.0493902 -0.99878 0
    outer loop
      vertex 62 66.3 0
      vertex 62.1274 66.2937 6
      vertex 62 66.3 6
    endloop
  endfacet
  facet normal -0.0493902 -0.99878 -0
    outer loop
      vertex 62.1274 66.2937 6
      vertex 62 66.3 0
      vertex 62.1274 66.2937 0
    endloop
  endfacet
  facet normal -0.427345 -0.904089 0
    outer loop
      vertex 62.4975 66.201 0
      vertex 62.6128 66.1465 6
      vertex 62.4975 66.201 6
    endloop
  endfacet
  facet normal -0.427345 -0.904089 -0
    outer loop
      vertex 62.6128 66.1465 6
      vertex 62.4975 66.201 0
      vertex 62.6128 66.1465 0
    endloop
  endfacet
  facet normal -0.595602 -0.803279 0
    outer loop
      vertex 62.7222 66.0809 0
      vertex 62.8247 66.0049 6
      vertex 62.7222 66.0809 6
    endloop
  endfacet
  facet normal -0.595602 -0.803279 -0
    outer loop
      vertex 62.8247 66.0049 6
      vertex 62.7222 66.0809 0
      vertex 62.8247 66.0049 0
    endloop
  endfacet
  facet normal 0.989199 -0.146577 0
    outer loop
      vertex 60.7063 65.1274 6
      vertex 60.725 65.2536 0
      vertex 60.725 65.2536 6
    endloop
  endfacet
  facet normal 0.989199 -0.146577 0
    outer loop
      vertex 60.725 65.2536 0
      vertex 60.7063 65.1274 6
      vertex 60.7063 65.1274 0
    endloop
  endfacet
  facet normal 0.857631 -0.514265 0
    outer loop
      vertex 60.8535 65.6128 6
      vertex 60.9191 65.7222 0
      vertex 60.9191 65.7222 6
    endloop
  endfacet
  facet normal 0.857631 -0.514265 0
    outer loop
      vertex 60.9191 65.7222 0
      vertex 60.8535 65.6128 6
      vertex 60.8535 65.6128 0
    endloop
  endfacet
  facet normal 0.803279 -0.595602 0
    outer loop
      vertex 60.9191 65.7222 6
      vertex 60.9951 65.8247 0
      vertex 60.9951 65.8247 6
    endloop
  endfacet
  facet normal 0.803279 -0.595602 0
    outer loop
      vertex 60.9951 65.8247 0
      vertex 60.9191 65.7222 6
      vertex 60.9191 65.7222 0
    endloop
  endfacet
  facet normal 0.904089 -0.427345 0
    outer loop
      vertex 60.799 65.4975 6
      vertex 60.8535 65.6128 0
      vertex 60.8535 65.6128 6
    endloop
  endfacet
  facet normal 0.904089 -0.427345 0
    outer loop
      vertex 60.8535 65.6128 0
      vertex 60.799 65.4975 6
      vertex 60.799 65.4975 0
    endloop
  endfacet
  facet normal 0.97005 -0.242904 0
    outer loop
      vertex 60.725 65.2536 6
      vertex 60.756 65.3774 0
      vertex 60.756 65.3774 6
    endloop
  endfacet
  facet normal 0.97005 -0.242904 0
    outer loop
      vertex 60.756 65.3774 0
      vertex 60.725 65.2536 6
      vertex 60.725 65.2536 0
    endloop
  endfacet
  facet normal 0.99878 -0.0493902 0
    outer loop
      vertex 60.7 65 6
      vertex 60.7063 65.1274 0
      vertex 60.7063 65.1274 6
    endloop
  endfacet
  facet normal 0.99878 -0.0493902 0
    outer loop
      vertex 60.7063 65.1274 0
      vertex 60.7 65 6
      vertex 60.7 65 0
    endloop
  endfacet
  facet normal 0.595602 -0.803279 0
    outer loop
      vertex 61.1753 66.0049 0
      vertex 61.2778 66.0809 6
      vertex 61.1753 66.0049 6
    endloop
  endfacet
  facet normal 0.595602 -0.803279 0
    outer loop
      vertex 61.2778 66.0809 6
      vertex 61.1753 66.0049 0
      vertex 61.2778 66.0809 0
    endloop
  endfacet
  facet normal 0.514265 -0.857631 0
    outer loop
      vertex 61.2778 66.0809 0
      vertex 61.3872 66.1465 6
      vertex 61.2778 66.0809 6
    endloop
  endfacet
  facet normal 0.514265 -0.857631 0
    outer loop
      vertex 61.3872 66.1465 6
      vertex 61.2778 66.0809 0
      vertex 61.3872 66.1465 0
    endloop
  endfacet
  facet normal 0.671775 -0.740755 0
    outer loop
      vertex 61.0808 65.9192 0
      vertex 61.1753 66.0049 6
      vertex 61.0808 65.9192 6
    endloop
  endfacet
  facet normal 0.671775 -0.740755 0
    outer loop
      vertex 61.1753 66.0049 6
      vertex 61.0808 65.9192 0
      vertex 61.1753 66.0049 0
    endloop
  endfacet
  facet normal 0.337081 -0.941476 0
    outer loop
      vertex 61.5025 66.201 0
      vertex 61.6226 66.244 6
      vertex 61.5025 66.201 6
    endloop
  endfacet
  facet normal 0.337081 -0.941476 0
    outer loop
      vertex 61.6226 66.244 6
      vertex 61.5025 66.201 0
      vertex 61.6226 66.244 0
    endloop
  endfacet
  facet normal 0.146577 -0.989199 0
    outer loop
      vertex 61.7464 66.275 0
      vertex 61.8726 66.2937 6
      vertex 61.7464 66.275 6
    endloop
  endfacet
  facet normal 0.146577 -0.989199 0
    outer loop
      vertex 61.8726 66.2937 6
      vertex 61.7464 66.275 0
      vertex 61.8726 66.2937 0
    endloop
  endfacet
  facet normal -0.740755 0.671775 0
    outer loop
      vertex 62.9192 64.0808 0
      vertex 63.0049 64.1753 6
      vertex 63.0049 64.1753 0
    endloop
  endfacet
  facet normal -0.740755 0.671775 0
    outer loop
      vertex 63.0049 64.1753 6
      vertex 62.9192 64.0808 0
      vertex 62.9192 64.0808 6
    endloop
  endfacet
  facet normal 0.857631 0.514265 0
    outer loop
      vertex 60.9191 64.2778 6
      vertex 60.8535 64.3872 0
      vertex 60.8535 64.3872 6
    endloop
  endfacet
  facet normal 0.857631 0.514265 0
    outer loop
      vertex 60.8535 64.3872 0
      vertex 60.9191 64.2778 6
      vertex 60.9191 64.2778 0
    endloop
  endfacet
  facet normal -0.146577 0.989199 0
    outer loop
      vertex 62.2536 63.725 0
      vertex 62.1274 63.7063 6
      vertex 62.2536 63.725 6
    endloop
  endfacet
  facet normal -0.146577 0.989199 0
    outer loop
      vertex 62.1274 63.7063 6
      vertex 62.2536 63.725 0
      vertex 62.1274 63.7063 0
    endloop
  endfacet
  facet normal 0.99878 0.0493902 0
    outer loop
      vertex 60.7063 64.8726 6
      vertex 60.7 65 0
      vertex 60.7 65 6
    endloop
  endfacet
  facet normal 0.99878 0.0493902 0
    outer loop
      vertex 60.7 65 0
      vertex 60.7063 64.8726 6
      vertex 60.7063 64.8726 0
    endloop
  endfacet
  facet normal -0.904089 0.427345 0
    outer loop
      vertex 63.1465 64.3872 0
      vertex 63.201 64.5025 6
      vertex 63.201 64.5025 0
    endloop
  endfacet
  facet normal -0.904089 0.427345 0
    outer loop
      vertex 63.201 64.5025 6
      vertex 63.1465 64.3872 0
      vertex 63.1465 64.3872 6
    endloop
  endfacet
  facet normal -0.941476 0.337081 0
    outer loop
      vertex 63.201 64.5025 0
      vertex 63.244 64.6226 6
      vertex 63.244 64.6226 0
    endloop
  endfacet
  facet normal -0.941476 0.337081 0
    outer loop
      vertex 63.244 64.6226 6
      vertex 63.201 64.5025 0
      vertex 63.201 64.5025 6
    endloop
  endfacet
  facet normal -0.989199 0.146577 0
    outer loop
      vertex 63.275 64.7464 0
      vertex 63.2937 64.8726 6
      vertex 63.2937 64.8726 0
    endloop
  endfacet
  facet normal -0.989199 0.146577 0
    outer loop
      vertex 63.2937 64.8726 6
      vertex 63.275 64.7464 0
      vertex 63.275 64.7464 6
    endloop
  endfacet
  facet normal -0.99878 0.0493902 0
    outer loop
      vertex 63.2937 64.8726 0
      vertex 63.3 65 6
      vertex 63.3 65 0
    endloop
  endfacet
  facet normal -0.99878 0.0493902 0
    outer loop
      vertex 63.3 65 6
      vertex 63.2937 64.8726 0
      vertex 63.2937 64.8726 6
    endloop
  endfacet
  facet normal -0.671775 0.740755 0
    outer loop
      vertex 62.9192 64.0808 0
      vertex 62.8247 63.9951 6
      vertex 62.9192 64.0808 6
    endloop
  endfacet
  facet normal -0.671775 0.740755 0
    outer loop
      vertex 62.8247 63.9951 6
      vertex 62.9192 64.0808 0
      vertex 62.8247 63.9951 0
    endloop
  endfacet
  facet normal -0.803279 0.595602 0
    outer loop
      vertex 63.0049 64.1753 0
      vertex 63.0809 64.2778 6
      vertex 63.0809 64.2778 0
    endloop
  endfacet
  facet normal -0.803279 0.595602 0
    outer loop
      vertex 63.0809 64.2778 6
      vertex 63.0049 64.1753 0
      vertex 63.0049 64.1753 6
    endloop
  endfacet
  facet normal 0.242904 0.97005 -0
    outer loop
      vertex 61.7464 63.725 0
      vertex 61.6226 63.756 6
      vertex 61.7464 63.725 6
    endloop
  endfacet
  facet normal 0.242904 0.97005 0
    outer loop
      vertex 61.6226 63.756 6
      vertex 61.7464 63.725 0
      vertex 61.6226 63.756 0
    endloop
  endfacet
  facet normal 0.941476 0.337081 0
    outer loop
      vertex 60.799 64.5025 6
      vertex 60.756 64.6226 0
      vertex 60.756 64.6226 6
    endloop
  endfacet
  facet normal 0.941476 0.337081 0
    outer loop
      vertex 60.756 64.6226 0
      vertex 60.799 64.5025 6
      vertex 60.799 64.5025 0
    endloop
  endfacet
  facet normal -0.427345 0.904089 0
    outer loop
      vertex 62.6128 63.8535 0
      vertex 62.4975 63.799 6
      vertex 62.6128 63.8535 6
    endloop
  endfacet
  facet normal -0.427345 0.904089 0
    outer loop
      vertex 62.4975 63.799 6
      vertex 62.6128 63.8535 0
      vertex 62.4975 63.799 0
    endloop
  endfacet
  facet normal -0.242904 0.97005 0
    outer loop
      vertex 62.3774 63.756 0
      vertex 62.2536 63.725 6
      vertex 62.3774 63.756 6
    endloop
  endfacet
  facet normal -0.242904 0.97005 0
    outer loop
      vertex 62.2536 63.725 6
      vertex 62.3774 63.756 0
      vertex 62.2536 63.725 0
    endloop
  endfacet
  facet normal -0.514265 0.857631 0
    outer loop
      vertex 62.7222 63.9191 0
      vertex 62.6128 63.8535 6
      vertex 62.7222 63.9191 6
    endloop
  endfacet
  facet normal -0.514265 0.857631 0
    outer loop
      vertex 62.6128 63.8535 6
      vertex 62.7222 63.9191 0
      vertex 62.6128 63.8535 0
    endloop
  endfacet
  facet normal -0.595602 0.803279 0
    outer loop
      vertex 62.8247 63.9951 0
      vertex 62.7222 63.9191 6
      vertex 62.8247 63.9951 6
    endloop
  endfacet
  facet normal -0.595602 0.803279 0
    outer loop
      vertex 62.7222 63.9191 6
      vertex 62.8247 63.9951 0
      vertex 62.7222 63.9191 0
    endloop
  endfacet
  facet normal -0.857631 0.514265 0
    outer loop
      vertex 63.0809 64.2778 0
      vertex 63.1465 64.3872 6
      vertex 63.1465 64.3872 0
    endloop
  endfacet
  facet normal -0.857631 0.514265 0
    outer loop
      vertex 63.1465 64.3872 6
      vertex 63.0809 64.2778 0
      vertex 63.0809 64.2778 6
    endloop
  endfacet
  facet normal 0.427345 0.904089 -0
    outer loop
      vertex 61.5025 63.799 0
      vertex 61.3872 63.8535 6
      vertex 61.5025 63.799 6
    endloop
  endfacet
  facet normal 0.427345 0.904089 0
    outer loop
      vertex 61.3872 63.8535 6
      vertex 61.5025 63.799 0
      vertex 61.3872 63.8535 0
    endloop
  endfacet
  facet normal 0.595602 0.803279 -0
    outer loop
      vertex 61.2778 63.9191 0
      vertex 61.1753 63.9951 6
      vertex 61.2778 63.9191 6
    endloop
  endfacet
  facet normal 0.595602 0.803279 0
    outer loop
      vertex 61.1753 63.9951 6
      vertex 61.2778 63.9191 0
      vertex 61.1753 63.9951 0
    endloop
  endfacet
  facet normal 0.803279 0.595602 0
    outer loop
      vertex 60.9951 64.1753 6
      vertex 60.9191 64.2778 0
      vertex 60.9191 64.2778 6
    endloop
  endfacet
  facet normal 0.803279 0.595602 0
    outer loop
      vertex 60.9191 64.2778 0
      vertex 60.9951 64.1753 6
      vertex 60.9951 64.1753 0
    endloop
  endfacet
  facet normal 0.671775 0.740755 -0
    outer loop
      vertex 61.1753 63.9951 0
      vertex 61.0808 64.0808 6
      vertex 61.1753 63.9951 6
    endloop
  endfacet
  facet normal 0.671775 0.740755 0
    outer loop
      vertex 61.0808 64.0808 6
      vertex 61.1753 63.9951 0
      vertex 61.0808 64.0808 0
    endloop
  endfacet
  facet normal 0.740755 0.671775 0
    outer loop
      vertex 61.0808 64.0808 6
      vertex 60.9951 64.1753 0
      vertex 60.9951 64.1753 6
    endloop
  endfacet
  facet normal 0.740755 0.671775 0
    outer loop
      vertex 60.9951 64.1753 0
      vertex 61.0808 64.0808 6
      vertex 61.0808 64.0808 0
    endloop
  endfacet
  facet normal 0.904089 0.427345 0
    outer loop
      vertex 60.8535 64.3872 6
      vertex 60.799 64.5025 0
      vertex 60.799 64.5025 6
    endloop
  endfacet
  facet normal 0.904089 0.427345 0
    outer loop
      vertex 60.799 64.5025 0
      vertex 60.8535 64.3872 6
      vertex 60.8535 64.3872 0
    endloop
  endfacet
  facet normal 0.97005 0.242904 0
    outer loop
      vertex 60.756 64.6226 6
      vertex 60.725 64.7464 0
      vertex 60.725 64.7464 6
    endloop
  endfacet
  facet normal 0.97005 0.242904 0
    outer loop
      vertex 60.725 64.7464 0
      vertex 60.756 64.6226 6
      vertex 60.756 64.6226 0
    endloop
  endfacet
  facet normal 0.989199 0.146577 0
    outer loop
      vertex 60.725 64.7464 6
      vertex 60.7063 64.8726 0
      vertex 60.7063 64.8726 6
    endloop
  endfacet
  facet normal 0.989199 0.146577 0
    outer loop
      vertex 60.7063 64.8726 0
      vertex 60.725 64.7464 6
      vertex 60.725 64.7464 0
    endloop
  endfacet
  facet normal -0.337081 0.941476 0
    outer loop
      vertex 62.4975 63.799 0
      vertex 62.3774 63.756 6
      vertex 62.4975 63.799 6
    endloop
  endfacet
  facet normal -0.337081 0.941476 0
    outer loop
      vertex 62.3774 63.756 6
      vertex 62.4975 63.799 0
      vertex 62.3774 63.756 0
    endloop
  endfacet
  facet normal 0.146577 0.989199 -0
    outer loop
      vertex 61.8726 63.7063 0
      vertex 61.7464 63.725 6
      vertex 61.8726 63.7063 6
    endloop
  endfacet
  facet normal 0.146577 0.989199 0
    outer loop
      vertex 61.7464 63.725 6
      vertex 61.8726 63.7063 0
      vertex 61.7464 63.725 0
    endloop
  endfacet
  facet normal 0.514265 0.857631 -0
    outer loop
      vertex 61.3872 63.8535 0
      vertex 61.2778 63.9191 6
      vertex 61.3872 63.8535 6
    endloop
  endfacet
  facet normal 0.514265 0.857631 0
    outer loop
      vertex 61.2778 63.9191 6
      vertex 61.3872 63.8535 0
      vertex 61.2778 63.9191 0
    endloop
  endfacet
  facet normal 0.337081 0.941476 -0
    outer loop
      vertex 61.6226 63.756 0
      vertex 61.5025 63.799 6
      vertex 61.6226 63.756 6
    endloop
  endfacet
  facet normal 0.337081 0.941476 0
    outer loop
      vertex 61.5025 63.799 6
      vertex 61.6226 63.756 0
      vertex 61.5025 63.799 0
    endloop
  endfacet
  facet normal 0.0493902 0.99878 -0
    outer loop
      vertex 62 63.7 0
      vertex 61.8726 63.7063 6
      vertex 62 63.7 6
    endloop
  endfacet
  facet normal 0.0493902 0.99878 0
    outer loop
      vertex 61.8726 63.7063 6
      vertex 62 63.7 0
      vertex 61.8726 63.7063 0
    endloop
  endfacet
endsolid OpenSCAD_Model
