solid OpenSCAD_Model
  facet normal 0 -1 0
    outer loop
      vertex 4 0 0
      vertex 66 0 5
      vertex 4 0 5
    endloop
  endfacet
  facet normal 0 -1 -0
    outer loop
      vertex 66 0 5
      vertex 4 0 0
      vertex 66 0 0
    endloop
  endfacet
  facet normal 0.0490523 -0.998796 0
    outer loop
      vertex 66 0 0
      vertex 66.3921 0.0192566 5
      vertex 66 0 5
    endloop
  endfacet
  facet normal 0.0490523 -0.998796 0
    outer loop
      vertex 66.3921 0.0192566 5
      vertex 66 0 0
      vertex 66.3921 0.0192566 0
    endloop
  endfacet
  facet normal 0.146738 -0.989175 0
    outer loop
      vertex 66.3921 0.0192566 0
      vertex 66.7804 0.0768585 5
      vertex 66.3921 0.0192566 5
    endloop
  endfacet
  facet normal 0.146738 -0.989175 0
    outer loop
      vertex 66.7804 0.0768585 5
      vertex 66.3921 0.0192566 0
      vertex 66.7804 0.0768585 0
    endloop
  endfacet
  facet normal -0.0491664 0.998791 0
    outer loop
      vertex 4 46 0
      vertex 3.60793 45.9807 5
      vertex 4 46 5
    endloop
  endfacet
  facet normal -0.0491664 0.998791 0
    outer loop
      vertex 3.60793 45.9807 5
      vertex 4 46 0
      vertex 3.60793 45.9807 0
    endloop
  endfacet
  facet normal -0.5141 -0.85773 0
    outer loop
      vertex 1.77773 0.674118 0
      vertex 2.11441 0.472321 5
      vertex 1.77773 0.674118 5
    endloop
  endfacet
  facet normal -0.5141 -0.85773 -0
    outer loop
      vertex 2.11441 0.472321 5
      vertex 1.77773 0.674118 0
      vertex 2.11441 0.472321 0
    endloop
  endfacet
  facet normal 0.0491626 0.998791 -0
    outer loop
      vertex 66.3921 45.9807 0
      vertex 66 46 5
      vertex 66.3921 45.9807 5
    endloop
  endfacet
  facet normal 0.0491626 0.998791 0
    outer loop
      vertex 66 46 5
      vertex 66.3921 45.9807 0
      vertex 66 46 0
    endloop
  endfacet
  facet normal -0.803209 0.595697 0
    outer loop
      vertex 0.674118 44.2223 0
      vertex 0.907959 44.5376 5
      vertex 0.907959 44.5376 0
    endloop
  endfacet
  facet normal -0.803209 0.595697 0
    outer loop
      vertex 0.907959 44.5376 5
      vertex 0.674118 44.2223 0
      vertex 0.674118 44.2223 5
    endloop
  endfacet
  facet normal 0 0 1
    outer loop
      vertex 10 14.3 5
      vertex 7.69181 6.16663 5
      vertex 7.7 6 5
    endloop
  endfacet
  facet normal 0 0 1
    outer loop
      vertex 8 16.3 5
      vertex 7.66733 6.33165 5
      vertex 7.69181 6.16663 5
    endloop
  endfacet
  facet normal 0 0 1
    outer loop
      vertex 7.55147 22.1515 5
      vertex 8 16.3 5
      vertex 7.63873 22.0724 5
    endloop
  endfacet
  facet normal 0 0 1
    outer loop
      vertex 8 16.3 5
      vertex 7.6268 6.49348 5
      vertex 7.66733 6.33165 5
    endloop
  endfacet
  facet normal 0 0 1
    outer loop
      vertex 8 16.3 5
      vertex 7.57059 6.65056 5
      vertex 7.6268 6.49348 5
    endloop
  endfacet
  facet normal 0 0 1
    outer loop
      vertex 7.47239 22.2387 5
      vertex 8 16.3 5
      vertex 7.55147 22.1515 5
    endloop
  endfacet
  facet normal 0 0 1
    outer loop
      vertex 8 16.3 5
      vertex 7.49927 6.80137 5
      vertex 7.57059 6.65056 5
    endloop
  endfacet
  facet normal 0 0 1
    outer loop
      vertex 7.40224 22.3333 5
      vertex 8 16.3 5
      vertex 7.47239 22.2387 5
    endloop
  endfacet
  facet normal 0 0 1
    outer loop
      vertex 8 16.3 5
      vertex 7.4135 6.94447 5
      vertex 7.49927 6.80137 5
    endloop
  endfacet
  facet normal 0 0 1
    outer loop
      vertex 7.34169 22.4343 5
      vertex 8 16.3 5
      vertex 7.40224 22.3333 5
    endloop
  endfacet
  facet normal 0 0 1
    outer loop
      vertex 7.29134 22.5408 5
      vertex 8 16.3 5
      vertex 7.34169 22.4343 5
    endloop
  endfacet
  facet normal 0 0 1
    outer loop
      vertex 8 16.3 5
      vertex 7.31412 7.07847 5
      vertex 7.4135 6.94447 5
    endloop
  endfacet
  facet normal 0 0 1
    outer loop
      vertex 7.25167 22.6517 5
      vertex 8 16.3 5
      vertex 7.29134 22.5408 5
    endloop
  endfacet
  facet normal 0 0 1
    outer loop
      vertex 8 16.3 5
      vertex 7.25167 22.6517 5
      vertex 0 4 5
    endloop
  endfacet
  facet normal 0 0 1
    outer loop
      vertex 0 4 5
      vertex 7.25167 22.6517 5
      vertex 7.22306 22.7659 5
    endloop
  endfacet
  facet normal 0 0 1
    outer loop
      vertex 0 4 5
      vertex 7.22306 22.7659 5
      vertex 7.20578 22.8824 5
    endloop
  endfacet
  facet normal 0 0 1
    outer loop
      vertex 8 16.3 5
      vertex 7.20208 7.20208 5
      vertex 7.31412 7.07847 5
    endloop
  endfacet
  facet normal 0 0 1
    outer loop
      vertex 0 4 5
      vertex 7.20578 22.8824 5
      vertex 7.2 23 5
    endloop
  endfacet
  facet normal 0 0 1
    outer loop
      vertex 5.50652 38.3732 5
      vertex 8.33707 30.8111 5
      vertex 5.66835 38.3327 5
    endloop
  endfacet
  facet normal 0 0 1
    outer loop
      vertex 8 16.3 5
      vertex 7.07847 7.31412 5
      vertex 7.20208 7.20208 5
    endloop
  endfacet
  facet normal 0 0 1
    outer loop
      vertex 8.33707 30.8111 5
      vertex 5.50652 38.3732 5
      vertex 8.23616 30.6428 5
    endloop
  endfacet
  facet normal 0 0 1
    outer loop
      vertex 8 16.3 5
      vertex 6.94447 7.4135 5
      vertex 7.07847 7.31412 5
    endloop
  endfacet
  facet normal 0 0 1
    outer loop
      vertex 5.34944 38.4294 5
      vertex 8.23616 30.6428 5
      vertex 5.50652 38.3732 5
    endloop
  endfacet
  facet normal 0 0 1
    outer loop
      vertex 8 16.3 5
      vertex 6.80137 7.49927 5
      vertex 6.94447 7.4135 5
    endloop
  endfacet
  facet normal 0 0 1
    outer loop
      vertex 8.23616 30.6428 5
      vertex 5.34944 38.4294 5
      vertex 8.15224 30.4654 5
    endloop
  endfacet
  facet normal 0 0 1
    outer loop
      vertex 8 16.3 5
      vertex 6.65056 7.57059 5
      vertex 6.80137 7.49927 5
    endloop
  endfacet
  facet normal 0 0 1
    outer loop
      vertex 5.19862 38.5007 5
      vertex 8.15224 30.4654 5
      vertex 5.34944 38.4294 5
    endloop
  endfacet
  facet normal 0 0 1
    outer loop
      vertex 8 16.3 5
      vertex 6.49348 7.6268 5
      vertex 6.65056 7.57059 5
    endloop
  endfacet
  facet normal 0 0 1
    outer loop
      vertex 8.15224 30.4654 5
      vertex 5.19862 38.5007 5
      vertex 8.08612 30.2806 5
    endloop
  endfacet
  facet normal 0 0 1
    outer loop
      vertex 8 16.3 5
      vertex 6.33165 7.66733 5
      vertex 6.49348 7.6268 5
    endloop
  endfacet
  facet normal 0 0 1
    outer loop
      vertex 5.05553 38.5865 5
      vertex 8.08612 30.2806 5
      vertex 5.19862 38.5007 5
    endloop
  endfacet
  facet normal 0 0 1
    outer loop
      vertex 8 16.3 5
      vertex 6.16663 7.69181 5
      vertex 6.33165 7.66733 5
    endloop
  endfacet
  facet normal 0 0 1
    outer loop
      vertex 8.08612 30.2806 5
      vertex 5.05553 38.5865 5
      vertex 8.03844 30.0902 5
    endloop
  endfacet
  facet normal 0 0 1
    outer loop
      vertex 8 16.3 5
      vertex 6 7.7 5
      vertex 6.16663 7.69181 5
    endloop
  endfacet
  facet normal 0 0 1
    outer loop
      vertex 4.92153 38.6859 5
      vertex 8.03844 30.0902 5
      vertex 5.05553 38.5865 5
    endloop
  endfacet
  facet normal 0 0 1
    outer loop
      vertex 8 16.3 5
      vertex 5.83337 7.69181 5
      vertex 6 7.7 5
    endloop
  endfacet
  facet normal 0 0 1
    outer loop
      vertex 8.03844 30.0902 5
      vertex 4.92153 38.6859 5
      vertex 8.00963 29.896 5
    endloop
  endfacet
  facet normal 0 0 1
    outer loop
      vertex 8 16.3 5
      vertex 5.66835 7.66733 5
      vertex 5.83337 7.69181 5
    endloop
  endfacet
  facet normal 0 0 1
    outer loop
      vertex 4.79792 38.7979 5
      vertex 8.00963 29.896 5
      vertex 4.92153 38.6859 5
    endloop
  endfacet
  facet normal 0 0 1
    outer loop
      vertex 8 16.3 5
      vertex 5.50652 7.6268 5
      vertex 5.66835 7.66733 5
    endloop
  endfacet
  facet normal 0 0 1
    outer loop
      vertex 0 42 5
      vertex 8.00963 29.896 5
      vertex 4.79792 38.7979 5
    endloop
  endfacet
  facet normal 0 0 1
    outer loop
      vertex 8 16.3 5
      vertex 5.34944 7.57059 5
      vertex 5.50652 7.6268 5
    endloop
  endfacet
  facet normal 0 0 1
    outer loop
      vertex 8.00963 29.896 5
      vertex 0 42 5
      vertex 8 29.7 5
    endloop
  endfacet
  facet normal 0 0 1
    outer loop
      vertex 8 16.3 5
      vertex 5.19862 7.49927 5
      vertex 5.34944 7.57059 5
    endloop
  endfacet
  facet normal 0 0 1
    outer loop
      vertex 8 29.7 5
      vertex 0 42 5
      vertex 7.22306 23.2341 5
    endloop
  endfacet
  facet normal 0 0 1
    outer loop
      vertex 8 16.3 5
      vertex 5.05553 7.4135 5
      vertex 5.19862 7.49927 5
    endloop
  endfacet
  facet normal 0 0 1
    outer loop
      vertex 7.22306 23.2341 5
      vertex 0 42 5
      vertex 7.20578 23.1176 5
    endloop
  endfacet
  facet normal 0 0 1
    outer loop
      vertex 8 16.3 5
      vertex 4.92153 7.31412 5
      vertex 5.05553 7.4135 5
    endloop
  endfacet
  facet normal 0 0 1
    outer loop
      vertex 7.20578 23.1176 5
      vertex 0 42 5
      vertex 7.2 23 5
    endloop
  endfacet
  facet normal 0 0 1
    outer loop
      vertex 8 16.3 5
      vertex 4.79792 7.20208 5
      vertex 4.92153 7.31412 5
    endloop
  endfacet
  facet normal 0 0 1
    outer loop
      vertex 0 42 5
      vertex 4.79792 38.7979 5
      vertex 4.68588 38.9215 5
    endloop
  endfacet
  facet normal 0 0 1
    outer loop
      vertex 0 4 5
      vertex 7.2 23 5
      vertex 0 42 5
    endloop
  endfacet
  facet normal 0 0 1
    outer loop
      vertex 0 42 5
      vertex 4.68588 38.9215 5
      vertex 4.5865 39.0555 5
    endloop
  endfacet
  facet normal 0 0 1
    outer loop
      vertex 8 16.3 5
      vertex 0 4 5
      vertex 4.79792 7.20208 5
    endloop
  endfacet
  facet normal 0 0 1
    outer loop
      vertex 0 42 5
      vertex 4.5865 39.0555 5
      vertex 4.50073 39.1986 5
    endloop
  endfacet
  facet normal 0 0 1
    outer loop
      vertex 4.79792 7.20208 5
      vertex 0 4 5
      vertex 4.68588 7.07847 5
    endloop
  endfacet
  facet normal 0 0 1
    outer loop
      vertex 0 42 5
      vertex 4.50073 39.1986 5
      vertex 4.4294 39.3494 5
    endloop
  endfacet
  facet normal 0 0 1
    outer loop
      vertex 4.68588 7.07847 5
      vertex 0 4 5
      vertex 4.5865 6.94447 5
    endloop
  endfacet
  facet normal 0 0 1
    outer loop
      vertex 0 42 5
      vertex 4.4294 39.3494 5
      vertex 4.3732 39.5065 5
    endloop
  endfacet
  facet normal 0 0 1
    outer loop
      vertex 4.5865 6.94447 5
      vertex 0 4 5
      vertex 4.50073 6.80137 5
    endloop
  endfacet
  facet normal 0 0 1
    outer loop
      vertex 0 42 5
      vertex 4.3732 39.5065 5
      vertex 4.33266 39.6683 5
    endloop
  endfacet
  facet normal 0 0 1
    outer loop
      vertex 4.50073 6.80137 5
      vertex 0 4 5
      vertex 4.4294 6.65056 5
    endloop
  endfacet
  facet normal 0 0 1
    outer loop
      vertex 0 42 5
      vertex 4.33266 39.6683 5
      vertex 4.30819 39.8334 5
    endloop
  endfacet
  facet normal 0 0 1
    outer loop
      vertex 4.4294 6.65056 5
      vertex 0 4 5
      vertex 4.3732 6.49348 5
    endloop
  endfacet
  facet normal 0 0 1
    outer loop
      vertex 0 42 5
      vertex 4.30819 39.8334 5
      vertex 4.3 40 5
    endloop
  endfacet
  facet normal 0 0 1
    outer loop
      vertex 4.3732 6.49348 5
      vertex 0 4 5
      vertex 4.33266 6.33165 5
    endloop
  endfacet
  facet normal 0 0 1
    outer loop
      vertex 9.23463 31.5478 5
      vertex 6.49348 38.3732 5
      vertex 9.05721 31.4638 5
    endloop
  endfacet
  facet normal -0 0 1
    outer loop
      vertex 6.33165 38.3327 5
      vertex 9.05721 31.4638 5
      vertex 6.49348 38.3732 5
    endloop
  endfacet
  facet normal 0 0 1
    outer loop
      vertex 9.05721 31.4638 5
      vertex 6.33165 38.3327 5
      vertex 8.88885 31.3629 5
    endloop
  endfacet
  facet normal -0 0 1
    outer loop
      vertex 6.16663 38.3082 5
      vertex 8.88885 31.3629 5
      vertex 6.33165 38.3327 5
    endloop
  endfacet
  facet normal 0 0 1
    outer loop
      vertex 8.88885 31.3629 5
      vertex 6.16663 38.3082 5
      vertex 8.73122 31.246 5
    endloop
  endfacet
  facet normal -0 0 1
    outer loop
      vertex 6 38.3 5
      vertex 8.73122 31.246 5
      vertex 6.16663 38.3082 5
    endloop
  endfacet
  facet normal 0 0 1
    outer loop
      vertex 8.73122 31.246 5
      vertex 6 38.3 5
      vertex 8.58578 31.1142 5
    endloop
  endfacet
  facet normal 0 0 1
    outer loop
      vertex 5.83337 38.3082 5
      vertex 8.58578 31.1142 5
      vertex 6 38.3 5
    endloop
  endfacet
  facet normal 0 0 1
    outer loop
      vertex 8.58578 31.1142 5
      vertex 5.83337 38.3082 5
      vertex 8.45398 30.9688 5
    endloop
  endfacet
  facet normal 0 0 1
    outer loop
      vertex 8 29.7 5
      vertex 7.63873 23.9276 5
      vertex 7.73332 23.9978 5
    endloop
  endfacet
  facet normal 0 0 1
    outer loop
      vertex 8 29.7 5
      vertex 7.55147 23.8485 5
      vertex 7.63873 23.9276 5
    endloop
  endfacet
  facet normal 0 0 1
    outer loop
      vertex 8 29.7 5
      vertex 7.47239 23.7613 5
      vertex 7.55147 23.8485 5
    endloop
  endfacet
  facet normal 0 0 1
    outer loop
      vertex 8 29.7 5
      vertex 7.40224 23.6667 5
      vertex 7.47239 23.7613 5
    endloop
  endfacet
  facet normal 0 0 1
    outer loop
      vertex 8 29.7 5
      vertex 7.34169 23.5657 5
      vertex 7.40224 23.6667 5
    endloop
  endfacet
  facet normal 0 0 1
    outer loop
      vertex 8 29.7 5
      vertex 7.29134 23.4592 5
      vertex 7.34169 23.5657 5
    endloop
  endfacet
  facet normal 0 0 1
    outer loop
      vertex 8 29.7 5
      vertex 7.25167 23.3483 5
      vertex 7.29134 23.4592 5
    endloop
  endfacet
  facet normal 0 0 1
    outer loop
      vertex 8 29.7 5
      vertex 7.22306 23.2341 5
      vertex 7.25167 23.3483 5
    endloop
  endfacet
  facet normal 0 0 1
    outer loop
      vertex 5.66835 38.3327 5
      vertex 8.45398 30.9688 5
      vertex 5.83337 38.3082 5
    endloop
  endfacet
  facet normal 0 0 1
    outer loop
      vertex 8.45398 30.9688 5
      vertex 5.66835 38.3327 5
      vertex 8.33707 30.8111 5
    endloop
  endfacet
  facet normal 0 0 1
    outer loop
      vertex 8 21.8702 5
      vertex 7.94078 21.8913 5
      vertex 8 16.3 5
    endloop
  endfacet
  facet normal 0 0 1
    outer loop
      vertex 65.6268 39.5065 5
      vertex 70 42 5
      vertex 65.6673 39.6683 5
    endloop
  endfacet
  facet normal 0 0 1
    outer loop
      vertex 70 4 5
      vertex 65.6918 6.16663 5
      vertex 65.7 6 5
    endloop
  endfacet
  facet normal 0 0 1
    outer loop
      vertex 65.5706 39.3494 5
      vertex 70 42 5
      vertex 65.6268 39.5065 5
    endloop
  endfacet
  facet normal 0 0 1
    outer loop
      vertex 70 4 5
      vertex 65.6673 6.33165 5
      vertex 65.6918 6.16663 5
    endloop
  endfacet
  facet normal 0 0 1
    outer loop
      vertex 65.4993 39.1986 5
      vertex 70 42 5
      vertex 65.5706 39.3494 5
    endloop
  endfacet
  facet normal 0 0 1
    outer loop
      vertex 70 4 5
      vertex 65.6268 6.49348 5
      vertex 65.6673 6.33165 5
    endloop
  endfacet
  facet normal 0 0 1
    outer loop
      vertex 65.4135 39.0555 5
      vertex 70 42 5
      vertex 65.4993 39.1986 5
    endloop
  endfacet
  facet normal 0 0 1
    outer loop
      vertex 70 4 5
      vertex 65.5706 6.65056 5
      vertex 65.6268 6.49348 5
    endloop
  endfacet
  facet normal 0 0 1
    outer loop
      vertex 65.3141 38.9215 5
      vertex 70 42 5
      vertex 65.4135 39.0555 5
    endloop
  endfacet
  facet normal 0 0 1
    outer loop
      vertex 70 4 5
      vertex 65.4993 6.80137 5
      vertex 65.5706 6.65056 5
    endloop
  endfacet
  facet normal 0 0 1
    outer loop
      vertex 65.2021 38.7979 5
      vertex 70 42 5
      vertex 65.3141 38.9215 5
    endloop
  endfacet
  facet normal 0 0 1
    outer loop
      vertex 70 4 5
      vertex 65.4135 6.94447 5
      vertex 65.4993 6.80137 5
    endloop
  endfacet
  facet normal 0 0 1
    outer loop
      vertex 70 42 5
      vertex 65.2021 38.7979 5
      vertex 70 4 5
    endloop
  endfacet
  facet normal 0 0 1
    outer loop
      vertex 70 4 5
      vertex 65.3141 7.07847 5
      vertex 65.4135 6.94447 5
    endloop
  endfacet
  facet normal -0 0 1
    outer loop
      vertex 65.2021 7.20208 5
      vertex 70 4 5
      vertex 65.2021 38.7979 5
    endloop
  endfacet
  facet normal 0 0 1
    outer loop
      vertex 70 4 5
      vertex 65.2021 7.20208 5
      vertex 65.3141 7.07847 5
    endloop
  endfacet
  facet normal -0 0 1
    outer loop
      vertex 65.0785 38.6859 5
      vertex 65.2021 7.20208 5
      vertex 65.2021 38.7979 5
    endloop
  endfacet
  facet normal 0 0 1
    outer loop
      vertex 65.0785 38.6859 5
      vertex 65.0785 7.31412 5
      vertex 65.2021 7.20208 5
    endloop
  endfacet
  facet normal -0 0 1
    outer loop
      vertex 64.9445 38.5865 5
      vertex 65.0785 7.31412 5
      vertex 65.0785 38.6859 5
    endloop
  endfacet
  facet normal 0 0 1
    outer loop
      vertex 64.9445 38.5865 5
      vertex 64.9445 7.4135 5
      vertex 65.0785 7.31412 5
    endloop
  endfacet
  facet normal -0 0 1
    outer loop
      vertex 64.8014 38.5007 5
      vertex 64.9445 7.4135 5
      vertex 64.9445 38.5865 5
    endloop
  endfacet
  facet normal 0 0 1
    outer loop
      vertex 64.8014 38.5007 5
      vertex 64.8014 7.49927 5
      vertex 64.9445 7.4135 5
    endloop
  endfacet
  facet normal -0 0 1
    outer loop
      vertex 64.6506 38.4294 5
      vertex 64.8014 7.49927 5
      vertex 64.8014 38.5007 5
    endloop
  endfacet
  facet normal 0 0 1
    outer loop
      vertex 64.6506 38.4294 5
      vertex 64.6506 7.57059 5
      vertex 64.8014 7.49927 5
    endloop
  endfacet
  facet normal -0 0 1
    outer loop
      vertex 64.4935 38.3732 5
      vertex 64.6506 7.57059 5
      vertex 64.6506 38.4294 5
    endloop
  endfacet
  facet normal 0 0 1
    outer loop
      vertex 64.4935 38.3732 5
      vertex 64.4935 7.6268 5
      vertex 64.6506 7.57059 5
    endloop
  endfacet
  facet normal -0 0 1
    outer loop
      vertex 64.3316 38.3327 5
      vertex 64.4935 7.6268 5
      vertex 64.4935 38.3732 5
    endloop
  endfacet
  facet normal 0 0 1
    outer loop
      vertex 64.3316 38.3327 5
      vertex 64.3316 7.66733 5
      vertex 64.4935 7.6268 5
    endloop
  endfacet
  facet normal -0 0 1
    outer loop
      vertex 64.1666 38.3082 5
      vertex 64.3316 7.66733 5
      vertex 64.3316 38.3327 5
    endloop
  endfacet
  facet normal 0 0 1
    outer loop
      vertex 64.1666 38.3082 5
      vertex 64.1666 7.69181 5
      vertex 64.3316 7.66733 5
    endloop
  endfacet
  facet normal 0 0 1
    outer loop
      vertex 51 29 5
      vertex 64.1666 38.3082 5
      vertex 64 38.3 5
    endloop
  endfacet
  facet normal 0 0 1
    outer loop
      vertex 64.1666 38.3082 5
      vertex 51 29 5
      vertex 64.1666 7.69181 5
    endloop
  endfacet
  facet normal 0 0 1
    outer loop
      vertex 51 29 5
      vertex 64 38.3 5
      vertex 63.8334 38.3082 5
    endloop
  endfacet
  facet normal -0 0 1
    outer loop
      vertex 51 17 5
      vertex 64.1666 7.69181 5
      vertex 51 29 5
    endloop
  endfacet
  facet normal 0 0 1
    outer loop
      vertex 51 29 5
      vertex 63.8334 38.3082 5
      vertex 63.6683 38.3327 5
    endloop
  endfacet
  facet normal 0 0 1
    outer loop
      vertex 64.1666 7.69181 5
      vertex 51 17 5
      vertex 64 7.7 5
    endloop
  endfacet
  facet normal 0 0 1
    outer loop
      vertex 51 29 5
      vertex 63.6683 38.3327 5
      vertex 63.5065 38.3732 5
    endloop
  endfacet
  facet normal 0 0 1
    outer loop
      vertex 64 7.7 5
      vertex 51 17 5
      vertex 63.8334 7.69181 5
    endloop
  endfacet
  facet normal 0 0 1
    outer loop
      vertex 51 29 5
      vertex 63.5065 38.3732 5
      vertex 63.3494 38.4294 5
    endloop
  endfacet
  facet normal 0 0 1
    outer loop
      vertex 63.8334 7.69181 5
      vertex 51 17 5
      vertex 63.6683 7.66733 5
    endloop
  endfacet
  facet normal 0 0 1
    outer loop
      vertex 50.9904 29.196 5
      vertex 63.3494 38.4294 5
      vertex 63.1986 38.5007 5
    endloop
  endfacet
  facet normal 0 0 1
    outer loop
      vertex 63.6683 7.66733 5
      vertex 51 17 5
      vertex 63.5065 7.6268 5
    endloop
  endfacet
  facet normal 0 0 1
    outer loop
      vertex 50.9616 29.3902 5
      vertex 63.1986 38.5007 5
      vertex 63.0555 38.5865 5
    endloop
  endfacet
  facet normal 0 0 1
    outer loop
      vertex 63.5065 7.6268 5
      vertex 51 17 5
      vertex 63.3494 7.57059 5
    endloop
  endfacet
  facet normal 0 0 1
    outer loop
      vertex 50.9139 29.5806 5
      vertex 63.0555 38.5865 5
      vertex 62.9215 38.6859 5
    endloop
  endfacet
  facet normal -0 0 1
    outer loop
      vertex 50.9904 16.804 5
      vertex 63.3494 7.57059 5
      vertex 51 17 5
    endloop
  endfacet
  facet normal 0 0 1
    outer loop
      vertex 50.8478 29.7654 5
      vertex 62.9215 38.6859 5
      vertex 62.7979 38.7979 5
    endloop
  endfacet
  facet normal 0 0 1
    outer loop
      vertex 63.3494 7.57059 5
      vertex 50.9904 16.804 5
      vertex 63.1986 7.49927 5
    endloop
  endfacet
  facet normal 0 0 1
    outer loop
      vertex 50.7638 29.9428 5
      vertex 62.7979 38.7979 5
      vertex 62.6859 38.9215 5
    endloop
  endfacet
  facet normal -0 0 1
    outer loop
      vertex 50.9616 16.6098 5
      vertex 63.1986 7.49927 5
      vertex 50.9904 16.804 5
    endloop
  endfacet
  facet normal 0 0 1
    outer loop
      vertex 50.6629 30.1111 5
      vertex 62.6859 38.9215 5
      vertex 62.5865 39.0555 5
    endloop
  endfacet
  facet normal 0 0 1
    outer loop
      vertex 63.1986 7.49927 5
      vertex 50.9616 16.6098 5
      vertex 63.0555 7.4135 5
    endloop
  endfacet
  facet normal 0 0 1
    outer loop
      vertex 50.546 30.2688 5
      vertex 62.5865 39.0555 5
      vertex 62.5007 39.1986 5
    endloop
  endfacet
  facet normal -0 0 1
    outer loop
      vertex 50.9139 16.4194 5
      vertex 63.0555 7.4135 5
      vertex 50.9616 16.6098 5
    endloop
  endfacet
  facet normal 0 0 1
    outer loop
      vertex 50.4142 30.4142 5
      vertex 62.5007 39.1986 5
      vertex 62.4294 39.3494 5
    endloop
  endfacet
  facet normal 0 0 1
    outer loop
      vertex 63.0555 7.4135 5
      vertex 50.9139 16.4194 5
      vertex 62.9215 7.31412 5
    endloop
  endfacet
  facet normal 0 0 1
    outer loop
      vertex 50.2688 30.546 5
      vertex 62.4294 39.3494 5
      vertex 62.3732 39.5065 5
    endloop
  endfacet
  facet normal -0 0 1
    outer loop
      vertex 50.8478 16.2346 5
      vertex 62.9215 7.31412 5
      vertex 50.9139 16.4194 5
    endloop
  endfacet
  facet normal 0 0 1
    outer loop
      vertex 50.1111 30.6629 5
      vertex 62.3732 39.5065 5
      vertex 62.3327 39.6683 5
    endloop
  endfacet
  facet normal 0 0 1
    outer loop
      vertex 62.9215 7.31412 5
      vertex 50.8478 16.2346 5
      vertex 62.7979 7.20208 5
    endloop
  endfacet
  facet normal 0 0 1
    outer loop
      vertex 49.9428 30.7638 5
      vertex 62.3327 39.6683 5
      vertex 62.3082 39.8334 5
    endloop
  endfacet
  facet normal -0 0 1
    outer loop
      vertex 50.7638 16.0572 5
      vertex 62.7979 7.20208 5
      vertex 50.8478 16.2346 5
    endloop
  endfacet
  facet normal 0 0 1
    outer loop
      vertex 49.7654 30.8478 5
      vertex 62.3082 39.8334 5
      vertex 62.3 40 5
    endloop
  endfacet
  facet normal 0 0 1
    outer loop
      vertex 62.7979 7.20208 5
      vertex 50.7638 16.0572 5
      vertex 62.6859 7.07847 5
    endloop
  endfacet
  facet normal 0 0 1
    outer loop
      vertex 65.4993 40.8014 5
      vertex 70 42 5
      vertex 69.9807 42.3921 5
    endloop
  endfacet
  facet normal 0 0 1
    outer loop
      vertex 65.6918 39.8334 5
      vertex 70 42 5
      vertex 65.7 40 5
    endloop
  endfacet
  facet normal 0 0 1
    outer loop
      vertex 65.4135 40.9445 5
      vertex 69.9807 42.3921 5
      vertex 69.9231 42.7804 5
    endloop
  endfacet
  facet normal 0 0 1
    outer loop
      vertex 65.6673 39.6683 5
      vertex 70 42 5
      vertex 65.6918 39.8334 5
    endloop
  endfacet
  facet normal 0 0 1
    outer loop
      vertex 65.4135 40.9445 5
      vertex 69.9231 42.7804 5
      vertex 69.8278 43.1611 5
    endloop
  endfacet
  facet normal -0 0 1
    outer loop
      vertex 65.6918 5.83337 5
      vertex 70 4 5
      vertex 65.7 6 5
    endloop
  endfacet
  facet normal 0 0 1
    outer loop
      vertex 65.4135 40.9445 5
      vertex 69.8278 43.1611 5
      vertex 69.6955 43.5307 5
    endloop
  endfacet
  facet normal -0 0 1
    outer loop
      vertex 65.6673 5.66835 5
      vertex 70 4 5
      vertex 65.6918 5.83337 5
    endloop
  endfacet
  facet normal 0 0 1
    outer loop
      vertex 65.3141 41.0785 5
      vertex 69.6955 43.5307 5
      vertex 69.5277 43.8856 5
    endloop
  endfacet
  facet normal -0 0 1
    outer loop
      vertex 65.6268 5.50652 5
      vertex 70 4 5
      vertex 65.6673 5.66835 5
    endloop
  endfacet
  facet normal 0 0 1
    outer loop
      vertex 65.3141 41.0785 5
      vertex 69.5277 43.8856 5
      vertex 69.3259 44.2223 5
    endloop
  endfacet
  facet normal -0 0 1
    outer loop
      vertex 65.5706 5.34944 5
      vertex 70 4 5
      vertex 65.6268 5.50652 5
    endloop
  endfacet
  facet normal 0 0 1
    outer loop
      vertex 65.3141 41.0785 5
      vertex 69.3259 44.2223 5
      vertex 69.092 44.5376 5
    endloop
  endfacet
  facet normal -0 0 1
    outer loop
      vertex 65.4993 5.19862 5
      vertex 70 4 5
      vertex 65.5706 5.34944 5
    endloop
  endfacet
  facet normal 0 0 1
    outer loop
      vertex 65.2021 41.2021 5
      vertex 69.092 44.5376 5
      vertex 68.8284 44.8284 5
    endloop
  endfacet
  facet normal 0 0 1
    outer loop
      vertex 70 4 5
      vertex 65.4993 5.19862 5
      vertex 69.9807 3.60793 5
    endloop
  endfacet
  facet normal 0 0 1
    outer loop
      vertex 65.2021 41.2021 5
      vertex 68.8284 44.8284 5
      vertex 68.5376 45.092 5
    endloop
  endfacet
  facet normal -0 0 1
    outer loop
      vertex 65.4135 5.05553 5
      vertex 69.9807 3.60793 5
      vertex 65.4993 5.19862 5
    endloop
  endfacet
  facet normal 0 0 1
    outer loop
      vertex 65.2021 41.2021 5
      vertex 68.5376 45.092 5
      vertex 68.2223 45.3259 5
    endloop
  endfacet
  facet normal 0 0 1
    outer loop
      vertex 69.9807 3.60793 5
      vertex 65.4135 5.05553 5
      vertex 69.9231 3.21964 5
    endloop
  endfacet
  facet normal 0 0 1
    outer loop
      vertex 65.0785 41.3141 5
      vertex 68.2223 45.3259 5
      vertex 67.8856 45.5277 5
    endloop
  endfacet
  facet normal 0 0 1
    outer loop
      vertex 69.9231 3.21964 5
      vertex 65.4135 5.05553 5
      vertex 69.8278 2.83887 5
    endloop
  endfacet
  facet normal 0 0 1
    outer loop
      vertex 65.0785 41.3141 5
      vertex 67.8856 45.5277 5
      vertex 67.5307 45.6955 5
    endloop
  endfacet
  facet normal 0 0 1
    outer loop
      vertex 69.8278 2.83887 5
      vertex 65.4135 5.05553 5
      vertex 69.6955 2.46927 5
    endloop
  endfacet
  facet normal 0 0 1
    outer loop
      vertex 65.0785 41.3141 5
      vertex 67.5307 45.6955 5
      vertex 67.1611 45.8278 5
    endloop
  endfacet
  facet normal -0 0 1
    outer loop
      vertex 65.3141 4.92153 5
      vertex 69.6955 2.46927 5
      vertex 65.4135 5.05553 5
    endloop
  endfacet
  facet normal 0 0 1
    outer loop
      vertex 64.9445 41.4135 5
      vertex 67.1611 45.8278 5
      vertex 66.7804 45.9231 5
    endloop
  endfacet
  facet normal 0 0 1
    outer loop
      vertex 69.6955 2.46927 5
      vertex 65.3141 4.92153 5
      vertex 69.5277 2.11441 5
    endloop
  endfacet
  facet normal 0 0 1
    outer loop
      vertex 64.9445 41.4135 5
      vertex 66.7804 45.9231 5
      vertex 66.3921 45.9807 5
    endloop
  endfacet
  facet normal 0 0 1
    outer loop
      vertex 69.5277 2.11441 5
      vertex 65.3141 4.92153 5
      vertex 69.3259 1.77773 5
    endloop
  endfacet
  facet normal 0 0 1
    outer loop
      vertex 64.8014 41.4993 5
      vertex 66.3921 45.9807 5
      vertex 66 46 5
    endloop
  endfacet
  facet normal 0 0 1
    outer loop
      vertex 69.3259 1.77773 5
      vertex 65.3141 4.92153 5
      vertex 69.092 1.46243 5
    endloop
  endfacet
  facet normal -0 0 1
    outer loop
      vertex 65.2021 4.79792 5
      vertex 69.092 1.46243 5
      vertex 65.3141 4.92153 5
    endloop
  endfacet
  facet normal 0 0 1
    outer loop
      vertex 70 42 5
      vertex 65.6918 40.1666 5
      vertex 65.7 40 5
    endloop
  endfacet
  facet normal 0 0 1
    outer loop
      vertex 70 42 5
      vertex 65.6673 40.3317 5
      vertex 65.6918 40.1666 5
    endloop
  endfacet
  facet normal 0 0 1
    outer loop
      vertex 70 42 5
      vertex 65.6268 40.4935 5
      vertex 65.6673 40.3317 5
    endloop
  endfacet
  facet normal 0 0 1
    outer loop
      vertex 70 42 5
      vertex 65.5706 40.6506 5
      vertex 65.6268 40.4935 5
    endloop
  endfacet
  facet normal 0 0 1
    outer loop
      vertex 70 42 5
      vertex 65.4993 40.8014 5
      vertex 65.5706 40.6506 5
    endloop
  endfacet
  facet normal 0 0 1
    outer loop
      vertex 69.9807 42.3921 5
      vertex 65.4135 40.9445 5
      vertex 65.4993 40.8014 5
    endloop
  endfacet
  facet normal 0 0 1
    outer loop
      vertex 69.6955 43.5307 5
      vertex 65.3141 41.0785 5
      vertex 65.4135 40.9445 5
    endloop
  endfacet
  facet normal 0 0 1
    outer loop
      vertex 69.092 44.5376 5
      vertex 65.2021 41.2021 5
      vertex 65.3141 41.0785 5
    endloop
  endfacet
  facet normal 0 0 1
    outer loop
      vertex 68.2223 45.3259 5
      vertex 65.0785 41.3141 5
      vertex 65.2021 41.2021 5
    endloop
  endfacet
  facet normal 0 0 1
    outer loop
      vertex 67.1611 45.8278 5
      vertex 64.9445 41.4135 5
      vertex 65.0785 41.3141 5
    endloop
  endfacet
  facet normal 0 0 1
    outer loop
      vertex 66.3921 45.9807 5
      vertex 64.8014 41.4993 5
      vertex 64.9445 41.4135 5
    endloop
  endfacet
  facet normal 0 0 1
    outer loop
      vertex 66 46 5
      vertex 64.6506 41.5706 5
      vertex 64.8014 41.4993 5
    endloop
  endfacet
  facet normal 0 0 1
    outer loop
      vertex 66 46 5
      vertex 64.4935 41.6268 5
      vertex 64.6506 41.5706 5
    endloop
  endfacet
  facet normal 0 0 1
    outer loop
      vertex 66 46 5
      vertex 64.3316 41.6673 5
      vertex 64.4935 41.6268 5
    endloop
  endfacet
  facet normal 0 0 1
    outer loop
      vertex 66 46 5
      vertex 64.1666 41.6918 5
      vertex 64.3316 41.6673 5
    endloop
  endfacet
  facet normal 0 0 1
    outer loop
      vertex 66 46 5
      vertex 64 41.7 5
      vertex 64.1666 41.6918 5
    endloop
  endfacet
  facet normal 0 0 1
    outer loop
      vertex 66 46 5
      vertex 63.8334 41.6918 5
      vertex 64 41.7 5
    endloop
  endfacet
  facet normal 0 0 1
    outer loop
      vertex 66 46 5
      vertex 63.6683 41.6673 5
      vertex 63.8334 41.6918 5
    endloop
  endfacet
  facet normal 0 0 1
    outer loop
      vertex 66 46 5
      vertex 63.5065 41.6268 5
      vertex 63.6683 41.6673 5
    endloop
  endfacet
  facet normal 0 0 1
    outer loop
      vertex 66 46 5
      vertex 63.3494 41.5706 5
      vertex 63.5065 41.6268 5
    endloop
  endfacet
  facet normal 0 0 1
    outer loop
      vertex 66 46 5
      vertex 63.1986 41.4993 5
      vertex 63.3494 41.5706 5
    endloop
  endfacet
  facet normal 0 0 1
    outer loop
      vertex 66 46 5
      vertex 63.0555 41.4135 5
      vertex 63.1986 41.4993 5
    endloop
  endfacet
  facet normal 0 0 1
    outer loop
      vertex 66 46 5
      vertex 62.9215 41.3141 5
      vertex 63.0555 41.4135 5
    endloop
  endfacet
  facet normal 0 0 1
    outer loop
      vertex 66 46 5
      vertex 62.7979 41.2021 5
      vertex 62.9215 41.3141 5
    endloop
  endfacet
  facet normal 0 0 1
    outer loop
      vertex 66 46 5
      vertex 62.6859 41.0785 5
      vertex 62.7979 41.2021 5
    endloop
  endfacet
  facet normal 0 0 1
    outer loop
      vertex 41 31 5
      vertex 62.6859 41.0785 5
      vertex 66 46 5
    endloop
  endfacet
  facet normal -0 0 1
    outer loop
      vertex 50.6629 15.8889 5
      vertex 62.6859 7.07847 5
      vertex 50.7638 16.0572 5
    endloop
  endfacet
  facet normal 0 0 1
    outer loop
      vertex 49.5806 30.9139 5
      vertex 62.3 40 5
      vertex 62.3082 40.1666 5
    endloop
  endfacet
  facet normal 0 0 1
    outer loop
      vertex 49.3902 30.9616 5
      vertex 62.3082 40.1666 5
      vertex 62.3327 40.3317 5
    endloop
  endfacet
  facet normal 0 0 1
    outer loop
      vertex 49.196 30.9904 5
      vertex 62.3327 40.3317 5
      vertex 62.3732 40.4935 5
    endloop
  endfacet
  facet normal 0 0 1
    outer loop
      vertex 49 31 5
      vertex 62.3732 40.4935 5
      vertex 62.4294 40.6506 5
    endloop
  endfacet
  facet normal 0 0 1
    outer loop
      vertex 49 31 5
      vertex 62.4294 40.6506 5
      vertex 62.5007 40.8014 5
    endloop
  endfacet
  facet normal 0 0 1
    outer loop
      vertex 41 31 5
      vertex 62.5007 40.8014 5
      vertex 62.5865 40.9445 5
    endloop
  endfacet
  facet normal 0 0 1
    outer loop
      vertex 62.6859 41.0785 5
      vertex 41 31 5
      vertex 62.5865 40.9445 5
    endloop
  endfacet
  facet normal 0 0 1
    outer loop
      vertex 63.3494 38.4294 5
      vertex 50.9904 29.196 5
      vertex 51 29 5
    endloop
  endfacet
  facet normal 0 0 1
    outer loop
      vertex 63.1986 38.5007 5
      vertex 50.9616 29.3902 5
      vertex 50.9904 29.196 5
    endloop
  endfacet
  facet normal 0 0 1
    outer loop
      vertex 63.0555 38.5865 5
      vertex 50.9139 29.5806 5
      vertex 50.9616 29.3902 5
    endloop
  endfacet
  facet normal 0 0 1
    outer loop
      vertex 62.9215 38.6859 5
      vertex 50.8478 29.7654 5
      vertex 50.9139 29.5806 5
    endloop
  endfacet
  facet normal 0 0 1
    outer loop
      vertex 62.7979 38.7979 5
      vertex 50.7638 29.9428 5
      vertex 50.8478 29.7654 5
    endloop
  endfacet
  facet normal 0 0 1
    outer loop
      vertex 62.6859 38.9215 5
      vertex 50.6629 30.1111 5
      vertex 50.7638 29.9428 5
    endloop
  endfacet
  facet normal 0 0 1
    outer loop
      vertex 62.5865 39.0555 5
      vertex 50.546 30.2688 5
      vertex 50.6629 30.1111 5
    endloop
  endfacet
  facet normal 0 0 1
    outer loop
      vertex 62.5007 39.1986 5
      vertex 50.4142 30.4142 5
      vertex 50.546 30.2688 5
    endloop
  endfacet
  facet normal 0 0 1
    outer loop
      vertex 62.4294 39.3494 5
      vertex 50.2688 30.546 5
      vertex 50.4142 30.4142 5
    endloop
  endfacet
  facet normal 0 0 1
    outer loop
      vertex 62.3732 39.5065 5
      vertex 50.1111 30.6629 5
      vertex 50.2688 30.546 5
    endloop
  endfacet
  facet normal 0 0 1
    outer loop
      vertex 62.3327 39.6683 5
      vertex 49.9428 30.7638 5
      vertex 50.1111 30.6629 5
    endloop
  endfacet
  facet normal 0 0 1
    outer loop
      vertex 62.3082 39.8334 5
      vertex 49.7654 30.8478 5
      vertex 49.9428 30.7638 5
    endloop
  endfacet
  facet normal 0 0 1
    outer loop
      vertex 62.3 40 5
      vertex 49.5806 30.9139 5
      vertex 49.7654 30.8478 5
    endloop
  endfacet
  facet normal 0 0 1
    outer loop
      vertex 62.3082 40.1666 5
      vertex 49.3902 30.9616 5
      vertex 49.5806 30.9139 5
    endloop
  endfacet
  facet normal 0 0 1
    outer loop
      vertex 62.3327 40.3317 5
      vertex 49.196 30.9904 5
      vertex 49.3902 30.9616 5
    endloop
  endfacet
  facet normal 0 0 1
    outer loop
      vertex 62.3732 40.4935 5
      vertex 49 31 5
      vertex 49.196 30.9904 5
    endloop
  endfacet
  facet normal 0 0 1
    outer loop
      vertex 62.5007 40.8014 5
      vertex 41 31 5
      vertex 49 31 5
    endloop
  endfacet
  facet normal -0 0 1
    outer loop
      vertex 34.1902 31.6616 5
      vertex 41 31 5
      vertex 66 46 5
    endloop
  endfacet
  facet normal 0 0 1
    outer loop
      vertex 41 31 5
      vertex 34.1902 31.6616 5
      vertex 40.804 30.9904 5
    endloop
  endfacet
  facet normal -0 -0 1
    outer loop
      vertex 34.3806 31.6139 5
      vertex 40.804 30.9904 5
      vertex 34.1902 31.6616 5
    endloop
  endfacet
  facet normal 0 0 1
    outer loop
      vertex 40.804 30.9904 5
      vertex 34.3806 31.6139 5
      vertex 40.6098 30.9616 5
    endloop
  endfacet
  facet normal 0 0 1
    outer loop
      vertex 40.6098 30.9616 5
      vertex 34.5654 31.5478 5
      vertex 40.4194 30.9139 5
    endloop
  endfacet
  facet normal 0 0 1
    outer loop
      vertex 39 29 5
      vertex 36.6 23 5
      vertex 39 17 5
    endloop
  endfacet
  facet normal 0 0 1
    outer loop
      vertex 35.8 29.7 5
      vertex 39 29 5
      vertex 39.0096 29.196 5
    endloop
  endfacet
  facet normal 0 0 1
    outer loop
      vertex 35.8 29.7 5
      vertex 39.0096 29.196 5
      vertex 39.0384 29.3902 5
    endloop
  endfacet
  facet normal 0 0 1
    outer loop
      vertex 35.8 29.7 5
      vertex 39.0384 29.3902 5
      vertex 39.0861 29.5806 5
    endloop
  endfacet
  facet normal 0 0 1
    outer loop
      vertex 35.7904 29.896 5
      vertex 39.0861 29.5806 5
      vertex 39.1522 29.7654 5
    endloop
  endfacet
  facet normal 0 0 1
    outer loop
      vertex 39 29 5
      vertex 36.5942 23.1176 5
      vertex 36.6 23 5
    endloop
  endfacet
  facet normal 0 0 1
    outer loop
      vertex 39 29 5
      vertex 36.5769 23.2341 5
      vertex 36.5942 23.1176 5
    endloop
  endfacet
  facet normal 0 0 1
    outer loop
      vertex 39 29 5
      vertex 36.5483 23.3483 5
      vertex 36.5769 23.2341 5
    endloop
  endfacet
  facet normal 0 0 1
    outer loop
      vertex 39 29 5
      vertex 36.5087 23.4592 5
      vertex 36.5483 23.3483 5
    endloop
  endfacet
  facet normal 0 0 1
    outer loop
      vertex 39 29 5
      vertex 36.4583 23.5657 5
      vertex 36.5087 23.4592 5
    endloop
  endfacet
  facet normal 0 0 1
    outer loop
      vertex 39 29 5
      vertex 36.3978 23.6667 5
      vertex 36.4583 23.5657 5
    endloop
  endfacet
  facet normal 0 0 1
    outer loop
      vertex 39 29 5
      vertex 36.3276 23.7613 5
      vertex 36.3978 23.6667 5
    endloop
  endfacet
  facet normal 0 0 1
    outer loop
      vertex 39 29 5
      vertex 36.2485 23.8485 5
      vertex 36.3276 23.7613 5
    endloop
  endfacet
  facet normal 0 0 1
    outer loop
      vertex 35.7616 30.0902 5
      vertex 39.1522 29.7654 5
      vertex 39.2362 29.9428 5
    endloop
  endfacet
  facet normal 0 0 1
    outer loop
      vertex 39 29 5
      vertex 36.1613 23.9276 5
      vertex 36.2485 23.8485 5
    endloop
  endfacet
  facet normal 0 0 1
    outer loop
      vertex 39 29 5
      vertex 36.0667 23.9978 5
      vertex 36.1613 23.9276 5
    endloop
  endfacet
  facet normal 0 0 1
    outer loop
      vertex 39 29 5
      vertex 35.9657 24.0583 5
      vertex 36.0667 23.9978 5
    endloop
  endfacet
  facet normal 0 0 1
    outer loop
      vertex 39 29 5
      vertex 35.8 29.7 5
      vertex 35.8592 24.1087 5
    endloop
  endfacet
  facet normal 0 0 1
    outer loop
      vertex 39 29 5
      vertex 35.8592 24.1087 5
      vertex 35.9657 24.0583 5
    endloop
  endfacet
  facet normal 0 0 1
    outer loop
      vertex 35.7139 30.2806 5
      vertex 39.2362 29.9428 5
      vertex 39.3371 30.1111 5
    endloop
  endfacet
  facet normal 0 0 1
    outer loop
      vertex 35.6478 30.4654 5
      vertex 39.3371 30.1111 5
      vertex 39.454 30.2688 5
    endloop
  endfacet
  facet normal 0 0 1
    outer loop
      vertex 35.5638 30.6428 5
      vertex 39.454 30.2688 5
      vertex 39.5858 30.4142 5
    endloop
  endfacet
  facet normal 0 0 1
    outer loop
      vertex 35.4629 30.8111 5
      vertex 39.5858 30.4142 5
      vertex 39.7312 30.546 5
    endloop
  endfacet
  facet normal 0 0 1
    outer loop
      vertex 35.346 30.9688 5
      vertex 39.7312 30.546 5
      vertex 39.8889 30.6629 5
    endloop
  endfacet
  facet normal 0 0 1
    outer loop
      vertex 35.2142 31.1142 5
      vertex 39.8889 30.6629 5
      vertex 40.0572 30.7638 5
    endloop
  endfacet
  facet normal -0 -0 1
    outer loop
      vertex 34.7428 31.4638 5
      vertex 40.4194 30.9139 5
      vertex 34.5654 31.5478 5
    endloop
  endfacet
  facet normal 0 0 1
    outer loop
      vertex 39.0861 29.5806 5
      vertex 35.7904 29.896 5
      vertex 35.8 29.7 5
    endloop
  endfacet
  facet normal 0 0 1
    outer loop
      vertex 39.1522 29.7654 5
      vertex 35.7616 30.0902 5
      vertex 35.7904 29.896 5
    endloop
  endfacet
  facet normal 0 0 1
    outer loop
      vertex 39.2362 29.9428 5
      vertex 35.7139 30.2806 5
      vertex 35.7616 30.0902 5
    endloop
  endfacet
  facet normal 0 0 1
    outer loop
      vertex 39.3371 30.1111 5
      vertex 35.6478 30.4654 5
      vertex 35.7139 30.2806 5
    endloop
  endfacet
  facet normal 0 0 1
    outer loop
      vertex 39.454 30.2688 5
      vertex 35.5638 30.6428 5
      vertex 35.6478 30.4654 5
    endloop
  endfacet
  facet normal 0 0 1
    outer loop
      vertex 39.5858 30.4142 5
      vertex 35.4629 30.8111 5
      vertex 35.5638 30.6428 5
    endloop
  endfacet
  facet normal 0 0 1
    outer loop
      vertex 39.7312 30.546 5
      vertex 35.346 30.9688 5
      vertex 35.4629 30.8111 5
    endloop
  endfacet
  facet normal 0 0 1
    outer loop
      vertex 39.8889 30.6629 5
      vertex 35.2142 31.1142 5
      vertex 35.346 30.9688 5
    endloop
  endfacet
  facet normal 0 0 1
    outer loop
      vertex 40.0572 30.7638 5
      vertex 35.0688 31.246 5
      vertex 35.2142 31.1142 5
    endloop
  endfacet
  facet normal 0 0 1
    outer loop
      vertex 40.0572 30.7638 5
      vertex 34.9111 31.3629 5
      vertex 35.0688 31.246 5
    endloop
  endfacet
  facet normal 0 0 1
    outer loop
      vertex 40.2346 30.8478 5
      vertex 34.9111 31.3629 5
      vertex 40.0572 30.7638 5
    endloop
  endfacet
  facet normal -0 -0 1
    outer loop
      vertex 34.9111 31.3629 5
      vertex 40.2346 30.8478 5
      vertex 34.7428 31.4638 5
    endloop
  endfacet
  facet normal 0 0 1
    outer loop
      vertex 40.4194 30.9139 5
      vertex 34.7428 31.4638 5
      vertex 40.2346 30.8478 5
    endloop
  endfacet
  facet normal -0 -0 1
    outer loop
      vertex 34.5654 31.5478 5
      vertex 40.6098 30.9616 5
      vertex 34.3806 31.6139 5
    endloop
  endfacet
  facet normal 0 0 1
    outer loop
      vertex 66 46 5
      vertex 33.996 31.6904 5
      vertex 34.1902 31.6616 5
    endloop
  endfacet
  facet normal 0 0 1
    outer loop
      vertex 66 46 5
      vertex 33.8 31.7 5
      vertex 33.996 31.6904 5
    endloop
  endfacet
  facet normal -0 0 1
    outer loop
      vertex 4 46 5
      vertex 33.8 31.7 5
      vertex 66 46 5
    endloop
  endfacet
  facet normal -0 -0 1
    outer loop
      vertex 7.7 40 5
      vertex 33.8 31.7 5
      vertex 7.69181 40.1666 5
    endloop
  endfacet
  facet normal 0 0 1
    outer loop
      vertex 33.8 31.7 5
      vertex 7.7 40 5
      vertex 10 31.7 5
    endloop
  endfacet
  facet normal -0 0 1
    outer loop
      vertex 7.69181 39.8334 5
      vertex 10 31.7 5
      vertex 7.7 40 5
    endloop
  endfacet
  facet normal 0 0 1
    outer loop
      vertex 8 29.7 5
      vertex 7.94078 24.1087 5
      vertex 8 24.1298 5
    endloop
  endfacet
  facet normal 0 0 1
    outer loop
      vertex 8 29.7 5
      vertex 7.83432 24.0583 5
      vertex 7.94078 24.1087 5
    endloop
  endfacet
  facet normal 0 0 1
    outer loop
      vertex 8 29.7 5
      vertex 7.73332 23.9978 5
      vertex 7.83432 24.0583 5
    endloop
  endfacet
  facet normal -0 0 1
    outer loop
      vertex 6.49348 38.3732 5
      vertex 9.23463 31.5478 5
      vertex 6.65056 38.4294 5
    endloop
  endfacet
  facet normal 0 0 1
    outer loop
      vertex 9.41943 31.6139 5
      vertex 6.65056 38.4294 5
      vertex 9.23463 31.5478 5
    endloop
  endfacet
  facet normal -0 0 1
    outer loop
      vertex 6.65056 38.4294 5
      vertex 9.41943 31.6139 5
      vertex 6.80137 38.5007 5
    endloop
  endfacet
  facet normal 0 0 1
    outer loop
      vertex 9.60982 31.6616 5
      vertex 6.80137 38.5007 5
      vertex 9.41943 31.6139 5
    endloop
  endfacet
  facet normal -0 0 1
    outer loop
      vertex 6.80137 38.5007 5
      vertex 9.60982 31.6616 5
      vertex 6.94447 38.5865 5
    endloop
  endfacet
  facet normal 0 0 1
    outer loop
      vertex 9.80397 31.6904 5
      vertex 6.94447 38.5865 5
      vertex 9.60982 31.6616 5
    endloop
  endfacet
  facet normal -0 0 1
    outer loop
      vertex 6.94447 38.5865 5
      vertex 9.80397 31.6904 5
      vertex 7.07847 38.6859 5
    endloop
  endfacet
  facet normal 0 0 1
    outer loop
      vertex 10 31.7 5
      vertex 7.07847 38.6859 5
      vertex 9.80397 31.6904 5
    endloop
  endfacet
  facet normal -0 0 1
    outer loop
      vertex 7.07847 38.6859 5
      vertex 10 31.7 5
      vertex 7.20208 38.7979 5
    endloop
  endfacet
  facet normal -0 0 1
    outer loop
      vertex 7.20208 38.7979 5
      vertex 10 31.7 5
      vertex 7.31412 38.9215 5
    endloop
  endfacet
  facet normal -0 0 1
    outer loop
      vertex 7.31412 38.9215 5
      vertex 10 31.7 5
      vertex 7.4135 39.0555 5
    endloop
  endfacet
  facet normal -0 0 1
    outer loop
      vertex 7.4135 39.0555 5
      vertex 10 31.7 5
      vertex 7.49927 39.1986 5
    endloop
  endfacet
  facet normal -0 0 1
    outer loop
      vertex 7.49927 39.1986 5
      vertex 10 31.7 5
      vertex 7.57059 39.3494 5
    endloop
  endfacet
  facet normal -0 0 1
    outer loop
      vertex 7.57059 39.3494 5
      vertex 10 31.7 5
      vertex 7.6268 39.5065 5
    endloop
  endfacet
  facet normal -0 0 1
    outer loop
      vertex 7.6268 39.5065 5
      vertex 10 31.7 5
      vertex 7.66733 39.6683 5
    endloop
  endfacet
  facet normal -0 0 1
    outer loop
      vertex 7.66733 39.6683 5
      vertex 10 31.7 5
      vertex 7.69181 39.8334 5
    endloop
  endfacet
  facet normal 0 0 1
    outer loop
      vertex 33.8 31.7 5
      vertex 7.66733 40.3317 5
      vertex 7.69181 40.1666 5
    endloop
  endfacet
  facet normal 0 0 1
    outer loop
      vertex 33.8 31.7 5
      vertex 7.6268 40.4935 5
      vertex 7.66733 40.3317 5
    endloop
  endfacet
  facet normal 0 0 1
    outer loop
      vertex 33.8 31.7 5
      vertex 7.57059 40.6506 5
      vertex 7.6268 40.4935 5
    endloop
  endfacet
  facet normal 0 0 1
    outer loop
      vertex 33.8 31.7 5
      vertex 7.49927 40.8014 5
      vertex 7.57059 40.6506 5
    endloop
  endfacet
  facet normal 0 0 1
    outer loop
      vertex 33.8 31.7 5
      vertex 7.4135 40.9445 5
      vertex 7.49927 40.8014 5
    endloop
  endfacet
  facet normal 0 0 1
    outer loop
      vertex 33.8 31.7 5
      vertex 7.31412 41.0785 5
      vertex 7.4135 40.9445 5
    endloop
  endfacet
  facet normal 0 0 1
    outer loop
      vertex 33.8 31.7 5
      vertex 4 46 5
      vertex 7.31412 41.0785 5
    endloop
  endfacet
  facet normal 0 0 1
    outer loop
      vertex 7.31412 41.0785 5
      vertex 4 46 5
      vertex 7.20208 41.2021 5
    endloop
  endfacet
  facet normal 0 0 1
    outer loop
      vertex 7.20208 41.2021 5
      vertex 4 46 5
      vertex 7.07847 41.3141 5
    endloop
  endfacet
  facet normal 0 0 1
    outer loop
      vertex 7.07847 41.3141 5
      vertex 4 46 5
      vertex 6.94447 41.4135 5
    endloop
  endfacet
  facet normal 0 0 1
    outer loop
      vertex 6.94447 41.4135 5
      vertex 4 46 5
      vertex 6.80137 41.4993 5
    endloop
  endfacet
  facet normal 0 0 1
    outer loop
      vertex 6.80137 41.4993 5
      vertex 4 46 5
      vertex 6.65056 41.5706 5
    endloop
  endfacet
  facet normal 0 0 1
    outer loop
      vertex 6.65056 41.5706 5
      vertex 4 46 5
      vertex 6.49348 41.6268 5
    endloop
  endfacet
  facet normal 0 0 1
    outer loop
      vertex 6.49348 41.6268 5
      vertex 4 46 5
      vertex 6.33165 41.6673 5
    endloop
  endfacet
  facet normal 0 0 1
    outer loop
      vertex 6.33165 41.6673 5
      vertex 4 46 5
      vertex 6.16663 41.6918 5
    endloop
  endfacet
  facet normal 0 0 1
    outer loop
      vertex 6.16663 41.6918 5
      vertex 4 46 5
      vertex 6 41.7 5
    endloop
  endfacet
  facet normal -0 0 1
    outer loop
      vertex 0.907959 44.5376 5
      vertex 4.79792 41.2021 5
      vertex 1.17157 44.8284 5
    endloop
  endfacet
  facet normal -0 0 1
    outer loop
      vertex 1.17157 44.8284 5
      vertex 4.79792 41.2021 5
      vertex 1.46243 45.092 5
    endloop
  endfacet
  facet normal -0 0 1
    outer loop
      vertex 1.46243 45.092 5
      vertex 4.79792 41.2021 5
      vertex 1.77773 45.3259 5
    endloop
  endfacet
  facet normal 0 0 1
    outer loop
      vertex 4.92153 41.3141 5
      vertex 1.77773 45.3259 5
      vertex 4.79792 41.2021 5
    endloop
  endfacet
  facet normal -0 0 1
    outer loop
      vertex 1.77773 45.3259 5
      vertex 4.92153 41.3141 5
      vertex 2.11441 45.5277 5
    endloop
  endfacet
  facet normal -0 0 1
    outer loop
      vertex 2.11441 45.5277 5
      vertex 4.92153 41.3141 5
      vertex 2.46927 45.6955 5
    endloop
  endfacet
  facet normal -0 0 1
    outer loop
      vertex 2.46927 45.6955 5
      vertex 4.92153 41.3141 5
      vertex 2.83887 45.8278 5
    endloop
  endfacet
  facet normal 0 0 1
    outer loop
      vertex 5.05553 41.4135 5
      vertex 2.83887 45.8278 5
      vertex 4.92153 41.3141 5
    endloop
  endfacet
  facet normal -0 0 1
    outer loop
      vertex 2.83887 45.8278 5
      vertex 5.05553 41.4135 5
      vertex 3.21964 45.9231 5
    endloop
  endfacet
  facet normal -0 0 1
    outer loop
      vertex 3.21964 45.9231 5
      vertex 5.05553 41.4135 5
      vertex 3.60793 45.9807 5
    endloop
  endfacet
  facet normal 0 0 1
    outer loop
      vertex 5.19862 41.4993 5
      vertex 3.60793 45.9807 5
      vertex 5.05553 41.4135 5
    endloop
  endfacet
  facet normal -0 0 1
    outer loop
      vertex 3.60793 45.9807 5
      vertex 5.19862 41.4993 5
      vertex 4 46 5
    endloop
  endfacet
  facet normal 0 0 1
    outer loop
      vertex 5.34944 41.5706 5
      vertex 4 46 5
      vertex 5.19862 41.4993 5
    endloop
  endfacet
  facet normal 0 0 1
    outer loop
      vertex 5.50652 41.6268 5
      vertex 4 46 5
      vertex 5.34944 41.5706 5
    endloop
  endfacet
  facet normal 0 0 1
    outer loop
      vertex 5.66835 41.6673 5
      vertex 4 46 5
      vertex 5.50652 41.6268 5
    endloop
  endfacet
  facet normal 0 0 1
    outer loop
      vertex 5.83337 41.6918 5
      vertex 4 46 5
      vertex 5.66835 41.6673 5
    endloop
  endfacet
  facet normal 0 0 1
    outer loop
      vertex 6 41.7 5
      vertex 4 46 5
      vertex 5.83337 41.6918 5
    endloop
  endfacet
  facet normal 0 0 1
    outer loop
      vertex 69.092 1.46243 5
      vertex 65.2021 4.79792 5
      vertex 68.8284 1.17157 5
    endloop
  endfacet
  facet normal 0 0 1
    outer loop
      vertex 68.8284 1.17157 5
      vertex 65.2021 4.79792 5
      vertex 68.5376 0.907959 5
    endloop
  endfacet
  facet normal 0 0 1
    outer loop
      vertex 68.5376 0.907959 5
      vertex 65.2021 4.79792 5
      vertex 68.2223 0.674118 5
    endloop
  endfacet
  facet normal -0 0 1
    outer loop
      vertex 65.0785 4.68588 5
      vertex 68.2223 0.674118 5
      vertex 65.2021 4.79792 5
    endloop
  endfacet
  facet normal 0 0 1
    outer loop
      vertex 68.2223 0.674118 5
      vertex 65.0785 4.68588 5
      vertex 67.8856 0.472321 5
    endloop
  endfacet
  facet normal 0 0 1
    outer loop
      vertex 67.8856 0.472321 5
      vertex 65.0785 4.68588 5
      vertex 67.5307 0.304489 5
    endloop
  endfacet
  facet normal 0 0 1
    outer loop
      vertex 67.5307 0.304489 5
      vertex 65.0785 4.68588 5
      vertex 67.1611 0.172241 5
    endloop
  endfacet
  facet normal -0 0 1
    outer loop
      vertex 64.9445 4.5865 5
      vertex 67.1611 0.172241 5
      vertex 65.0785 4.68588 5
    endloop
  endfacet
  facet normal 0 0 1
    outer loop
      vertex 67.1611 0.172241 5
      vertex 64.9445 4.5865 5
      vertex 66.7804 0.0768585 5
    endloop
  endfacet
  facet normal 0 0 1
    outer loop
      vertex 66.7804 0.0768585 5
      vertex 64.9445 4.5865 5
      vertex 66.3921 0.0192566 5
    endloop
  endfacet
  facet normal -0 0 1
    outer loop
      vertex 64.8014 4.50073 5
      vertex 66.3921 0.0192566 5
      vertex 64.9445 4.5865 5
    endloop
  endfacet
  facet normal 0 0 1
    outer loop
      vertex 66.3921 0.0192566 5
      vertex 64.8014 4.50073 5
      vertex 66 0 5
    endloop
  endfacet
  facet normal -0 0 1
    outer loop
      vertex 64.6506 4.4294 5
      vertex 66 0 5
      vertex 64.8014 4.50073 5
    endloop
  endfacet
  facet normal -0 0 1
    outer loop
      vertex 64.4935 4.3732 5
      vertex 66 0 5
      vertex 64.6506 4.4294 5
    endloop
  endfacet
  facet normal -0 0 1
    outer loop
      vertex 64.3316 4.33266 5
      vertex 66 0 5
      vertex 64.4935 4.3732 5
    endloop
  endfacet
  facet normal -0 0 1
    outer loop
      vertex 64.1666 4.30819 5
      vertex 66 0 5
      vertex 64.3316 4.33266 5
    endloop
  endfacet
  facet normal -0 0 1
    outer loop
      vertex 64 4.3 5
      vertex 66 0 5
      vertex 64.1666 4.30819 5
    endloop
  endfacet
  facet normal 0 0 1
    outer loop
      vertex 63.8334 4.30819 5
      vertex 66 0 5
      vertex 64 4.3 5
    endloop
  endfacet
  facet normal 0 0 1
    outer loop
      vertex 63.6683 4.33266 5
      vertex 66 0 5
      vertex 63.8334 4.30819 5
    endloop
  endfacet
  facet normal 0 0 1
    outer loop
      vertex 63.5065 4.3732 5
      vertex 66 0 5
      vertex 63.6683 4.33266 5
    endloop
  endfacet
  facet normal 0 0 1
    outer loop
      vertex 63.3494 4.4294 5
      vertex 66 0 5
      vertex 63.5065 4.3732 5
    endloop
  endfacet
  facet normal 0 0 1
    outer loop
      vertex 63.1986 4.50073 5
      vertex 66 0 5
      vertex 63.3494 4.4294 5
    endloop
  endfacet
  facet normal 0 0 1
    outer loop
      vertex 63.0555 4.5865 5
      vertex 66 0 5
      vertex 63.1986 4.50073 5
    endloop
  endfacet
  facet normal 0 0 1
    outer loop
      vertex 62.9215 4.68588 5
      vertex 66 0 5
      vertex 63.0555 4.5865 5
    endloop
  endfacet
  facet normal 0 0 1
    outer loop
      vertex 62.7979 4.79792 5
      vertex 66 0 5
      vertex 62.9215 4.68588 5
    endloop
  endfacet
  facet normal 0 0 1
    outer loop
      vertex 62.6859 4.92153 5
      vertex 66 0 5
      vertex 62.7979 4.79792 5
    endloop
  endfacet
  facet normal 0 0 1
    outer loop
      vertex 41 15 5
      vertex 62.6859 4.92153 5
      vertex 62.5865 5.05553 5
    endloop
  endfacet
  facet normal 0 0 1
    outer loop
      vertex 62.6859 7.07847 5
      vertex 50.6629 15.8889 5
      vertex 62.5865 6.94447 5
    endloop
  endfacet
  facet normal -0 0 1
    outer loop
      vertex 50.546 15.7312 5
      vertex 62.5865 6.94447 5
      vertex 50.6629 15.8889 5
    endloop
  endfacet
  facet normal 0 0 1
    outer loop
      vertex 62.5865 6.94447 5
      vertex 50.546 15.7312 5
      vertex 62.5007 6.80137 5
    endloop
  endfacet
  facet normal -0 0 1
    outer loop
      vertex 50.4142 15.5858 5
      vertex 62.5007 6.80137 5
      vertex 50.546 15.7312 5
    endloop
  endfacet
  facet normal 0 0 1
    outer loop
      vertex 62.5007 6.80137 5
      vertex 50.4142 15.5858 5
      vertex 62.4294 6.65056 5
    endloop
  endfacet
  facet normal -0 0 1
    outer loop
      vertex 50.2688 15.454 5
      vertex 62.4294 6.65056 5
      vertex 50.4142 15.5858 5
    endloop
  endfacet
  facet normal 0 0 1
    outer loop
      vertex 62.4294 6.65056 5
      vertex 50.2688 15.454 5
      vertex 62.3732 6.49348 5
    endloop
  endfacet
  facet normal -0 0 1
    outer loop
      vertex 50.1111 15.3371 5
      vertex 62.3732 6.49348 5
      vertex 50.2688 15.454 5
    endloop
  endfacet
  facet normal 0 0 1
    outer loop
      vertex 62.3732 6.49348 5
      vertex 50.1111 15.3371 5
      vertex 62.3327 6.33165 5
    endloop
  endfacet
  facet normal -0 0 1
    outer loop
      vertex 49.9428 15.2362 5
      vertex 62.3327 6.33165 5
      vertex 50.1111 15.3371 5
    endloop
  endfacet
  facet normal 0 0 1
    outer loop
      vertex 62.3327 6.33165 5
      vertex 49.9428 15.2362 5
      vertex 62.3082 6.16663 5
    endloop
  endfacet
  facet normal -0 0 1
    outer loop
      vertex 49.7654 15.1522 5
      vertex 62.3082 6.16663 5
      vertex 49.9428 15.2362 5
    endloop
  endfacet
  facet normal 0 0 1
    outer loop
      vertex 62.3082 6.16663 5
      vertex 49.7654 15.1522 5
      vertex 62.3 6 5
    endloop
  endfacet
  facet normal -0 0 1
    outer loop
      vertex 49.5806 15.0861 5
      vertex 62.3 6 5
      vertex 49.7654 15.1522 5
    endloop
  endfacet
  facet normal 0 0 1
    outer loop
      vertex 62.3 6 5
      vertex 49.5806 15.0861 5
      vertex 62.3082 5.83337 5
    endloop
  endfacet
  facet normal -0 0 1
    outer loop
      vertex 49.3902 15.0384 5
      vertex 62.3082 5.83337 5
      vertex 49.5806 15.0861 5
    endloop
  endfacet
  facet normal 0 0 1
    outer loop
      vertex 62.3082 5.83337 5
      vertex 49.3902 15.0384 5
      vertex 62.3327 5.66835 5
    endloop
  endfacet
  facet normal -0 0 1
    outer loop
      vertex 49.196 15.0096 5
      vertex 62.3327 5.66835 5
      vertex 49.3902 15.0384 5
    endloop
  endfacet
  facet normal 0 0 1
    outer loop
      vertex 62.3327 5.66835 5
      vertex 49.196 15.0096 5
      vertex 62.3732 5.50652 5
    endloop
  endfacet
  facet normal -0 0 1
    outer loop
      vertex 49 15 5
      vertex 62.3732 5.50652 5
      vertex 49.196 15.0096 5
    endloop
  endfacet
  facet normal 0 0 1
    outer loop
      vertex 62.3732 5.50652 5
      vertex 49 15 5
      vertex 62.4294 5.34944 5
    endloop
  endfacet
  facet normal 0 0 1
    outer loop
      vertex 62.4294 5.34944 5
      vertex 49 15 5
      vertex 62.5007 5.19862 5
    endloop
  endfacet
  facet normal -0 0 1
    outer loop
      vertex 41 15 5
      vertex 62.5007 5.19862 5
      vertex 49 15 5
    endloop
  endfacet
  facet normal 0 0 1
    outer loop
      vertex 62.5007 5.19862 5
      vertex 41 15 5
      vertex 62.5865 5.05553 5
    endloop
  endfacet
  facet normal 0 0 1
    outer loop
      vertex 62.6859 4.92153 5
      vertex 41 15 5
      vertex 66 0 5
    endloop
  endfacet
  facet normal 0 0 1
    outer loop
      vertex 34.1902 14.3384 5
      vertex 41 15 5
      vertex 40.804 15.0096 5
    endloop
  endfacet
  facet normal 0 0 1
    outer loop
      vertex 34.3806 14.3861 5
      vertex 40.804 15.0096 5
      vertex 40.6098 15.0384 5
    endloop
  endfacet
  facet normal 0 0 1
    outer loop
      vertex 34.5654 14.4522 5
      vertex 40.6098 15.0384 5
      vertex 40.4194 15.0861 5
    endloop
  endfacet
  facet normal 0 0 1
    outer loop
      vertex 34.7428 14.5362 5
      vertex 40.4194 15.0861 5
      vertex 40.2346 15.1522 5
    endloop
  endfacet
  facet normal 0 0 1
    outer loop
      vertex 34.9111 14.6371 5
      vertex 40.2346 15.1522 5
      vertex 40.0572 15.2362 5
    endloop
  endfacet
  facet normal -0 0 1
    outer loop
      vertex 36.5942 22.8824 5
      vertex 39 17 5
      vertex 36.6 23 5
    endloop
  endfacet
  facet normal -0 0 1
    outer loop
      vertex 36.5769 22.7659 5
      vertex 39 17 5
      vertex 36.5942 22.8824 5
    endloop
  endfacet
  facet normal -0 0 1
    outer loop
      vertex 36.5483 22.6517 5
      vertex 39 17 5
      vertex 36.5769 22.7659 5
    endloop
  endfacet
  facet normal -0 0 1
    outer loop
      vertex 36.5087 22.5408 5
      vertex 39 17 5
      vertex 36.5483 22.6517 5
    endloop
  endfacet
  facet normal -0 0 1
    outer loop
      vertex 36.4583 22.4343 5
      vertex 39 17 5
      vertex 36.5087 22.5408 5
    endloop
  endfacet
  facet normal -0 0 1
    outer loop
      vertex 36.3978 22.3333 5
      vertex 39 17 5
      vertex 36.4583 22.4343 5
    endloop
  endfacet
  facet normal -0 0 1
    outer loop
      vertex 36.3276 22.2387 5
      vertex 39 17 5
      vertex 36.3978 22.3333 5
    endloop
  endfacet
  facet normal -0 0 1
    outer loop
      vertex 36.2485 22.1515 5
      vertex 39 17 5
      vertex 36.3276 22.2387 5
    endloop
  endfacet
  facet normal -0 0 1
    outer loop
      vertex 36.1613 22.0724 5
      vertex 39 17 5
      vertex 36.2485 22.1515 5
    endloop
  endfacet
  facet normal -0 0 1
    outer loop
      vertex 36.0667 22.0022 5
      vertex 39 17 5
      vertex 36.1613 22.0724 5
    endloop
  endfacet
  facet normal -0 0 1
    outer loop
      vertex 35.9657 21.9417 5
      vertex 39 17 5
      vertex 36.0667 22.0022 5
    endloop
  endfacet
  facet normal -0 0 1
    outer loop
      vertex 35.8592 21.8913 5
      vertex 39 17 5
      vertex 35.9657 21.9417 5
    endloop
  endfacet
  facet normal 0 0 1
    outer loop
      vertex 35.8 16.3 5
      vertex 39 17 5
      vertex 35.8592 21.8913 5
    endloop
  endfacet
  facet normal 0 0 1
    outer loop
      vertex 39 17 5
      vertex 35.8 16.3 5
      vertex 39.0096 16.804 5
    endloop
  endfacet
  facet normal 0 0 1
    outer loop
      vertex 39.0384 16.6098 5
      vertex 35.8 16.3 5
      vertex 39.0861 16.4194 5
    endloop
  endfacet
  facet normal 0 0 1
    outer loop
      vertex 35.7904 16.104 5
      vertex 39.0861 16.4194 5
      vertex 35.8 16.3 5
    endloop
  endfacet
  facet normal 0 0 1
    outer loop
      vertex 39.0096 16.804 5
      vertex 35.8 16.3 5
      vertex 39.0384 16.6098 5
    endloop
  endfacet
  facet normal 0 0 1
    outer loop
      vertex 35.8 16.3 5
      vertex 35.8592 21.8913 5
      vertex 35.8 21.8702 5
    endloop
  endfacet
  facet normal 0 0 1
    outer loop
      vertex 39.0861 16.4194 5
      vertex 35.7904 16.104 5
      vertex 39.1522 16.2346 5
    endloop
  endfacet
  facet normal 0 0 1
    outer loop
      vertex 35.7616 15.9098 5
      vertex 39.1522 16.2346 5
      vertex 35.7904 16.104 5
    endloop
  endfacet
  facet normal 0 0 1
    outer loop
      vertex 39.1522 16.2346 5
      vertex 35.7616 15.9098 5
      vertex 39.2362 16.0572 5
    endloop
  endfacet
  facet normal 0 0 1
    outer loop
      vertex 35.7139 15.7194 5
      vertex 39.2362 16.0572 5
      vertex 35.7616 15.9098 5
    endloop
  endfacet
  facet normal 0 0 1
    outer loop
      vertex 39.2362 16.0572 5
      vertex 35.7139 15.7194 5
      vertex 39.3371 15.8889 5
    endloop
  endfacet
  facet normal 0 0 1
    outer loop
      vertex 35.6478 15.5346 5
      vertex 39.3371 15.8889 5
      vertex 35.7139 15.7194 5
    endloop
  endfacet
  facet normal 0 0 1
    outer loop
      vertex 39.3371 15.8889 5
      vertex 35.6478 15.5346 5
      vertex 39.454 15.7312 5
    endloop
  endfacet
  facet normal 0 0 1
    outer loop
      vertex 35.5638 15.3572 5
      vertex 39.454 15.7312 5
      vertex 35.6478 15.5346 5
    endloop
  endfacet
  facet normal 0 0 1
    outer loop
      vertex 39.454 15.7312 5
      vertex 35.5638 15.3572 5
      vertex 39.5858 15.5858 5
    endloop
  endfacet
  facet normal 0 0 1
    outer loop
      vertex 35.4629 15.1889 5
      vertex 39.5858 15.5858 5
      vertex 35.5638 15.3572 5
    endloop
  endfacet
  facet normal 0 0 1
    outer loop
      vertex 39.5858 15.5858 5
      vertex 35.4629 15.1889 5
      vertex 39.7312 15.454 5
    endloop
  endfacet
  facet normal 0 0 1
    outer loop
      vertex 35.346 15.0312 5
      vertex 39.7312 15.454 5
      vertex 35.4629 15.1889 5
    endloop
  endfacet
  facet normal 0 0 1
    outer loop
      vertex 39.7312 15.454 5
      vertex 35.346 15.0312 5
      vertex 39.8889 15.3371 5
    endloop
  endfacet
  facet normal 0 0 1
    outer loop
      vertex 35.2142 14.8858 5
      vertex 39.8889 15.3371 5
      vertex 35.346 15.0312 5
    endloop
  endfacet
  facet normal 0 0 1
    outer loop
      vertex 39.8889 15.3371 5
      vertex 35.2142 14.8858 5
      vertex 40.0572 15.2362 5
    endloop
  endfacet
  facet normal 0 0 1
    outer loop
      vertex 35.0688 14.754 5
      vertex 40.0572 15.2362 5
      vertex 35.2142 14.8858 5
    endloop
  endfacet
  facet normal 0 0 1
    outer loop
      vertex 34.9111 14.6371 5
      vertex 40.0572 15.2362 5
      vertex 35.0688 14.754 5
    endloop
  endfacet
  facet normal 0 0 1
    outer loop
      vertex 40.2346 15.1522 5
      vertex 34.9111 14.6371 5
      vertex 34.7428 14.5362 5
    endloop
  endfacet
  facet normal 0 0 1
    outer loop
      vertex 40.4194 15.0861 5
      vertex 34.7428 14.5362 5
      vertex 34.5654 14.4522 5
    endloop
  endfacet
  facet normal 0 0 1
    outer loop
      vertex 40.6098 15.0384 5
      vertex 34.5654 14.4522 5
      vertex 34.3806 14.3861 5
    endloop
  endfacet
  facet normal 0 0 1
    outer loop
      vertex 40.804 15.0096 5
      vertex 34.3806 14.3861 5
      vertex 34.1902 14.3384 5
    endloop
  endfacet
  facet normal 0 0 1
    outer loop
      vertex 41 15 5
      vertex 34.1902 14.3384 5
      vertex 66 0 5
    endloop
  endfacet
  facet normal -0 0 1
    outer loop
      vertex 33.996 14.3096 5
      vertex 66 0 5
      vertex 34.1902 14.3384 5
    endloop
  endfacet
  facet normal -0 0 1
    outer loop
      vertex 33.8 14.3 5
      vertex 66 0 5
      vertex 33.996 14.3096 5
    endloop
  endfacet
  facet normal 0 0 1
    outer loop
      vertex 7.7 6 5
      vertex 33.8 14.3 5
      vertex 10 14.3 5
    endloop
  endfacet
  facet normal 0 0 1
    outer loop
      vertex 7.69181 6.16663 5
      vertex 10 14.3 5
      vertex 9.80397 14.3096 5
    endloop
  endfacet
  facet normal 0 0 1
    outer loop
      vertex 7.69181 6.16663 5
      vertex 9.80397 14.3096 5
      vertex 9.60982 14.3384 5
    endloop
  endfacet
  facet normal 0 0 1
    outer loop
      vertex 7.69181 6.16663 5
      vertex 9.60982 14.3384 5
      vertex 9.41943 14.3861 5
    endloop
  endfacet
  facet normal 0 0 1
    outer loop
      vertex 7.83432 21.9417 5
      vertex 8 16.3 5
      vertex 7.94078 21.8913 5
    endloop
  endfacet
  facet normal 0 0 1
    outer loop
      vertex 7.73332 22.0022 5
      vertex 8 16.3 5
      vertex 7.83432 21.9417 5
    endloop
  endfacet
  facet normal 0 0 1
    outer loop
      vertex 7.63873 22.0724 5
      vertex 8 16.3 5
      vertex 7.73332 22.0022 5
    endloop
  endfacet
  facet normal 0 0 1
    outer loop
      vertex 7.69181 6.16663 5
      vertex 8.00963 16.104 5
      vertex 8 16.3 5
    endloop
  endfacet
  facet normal 0 0 1
    outer loop
      vertex 7.69181 6.16663 5
      vertex 8.03844 15.9098 5
      vertex 8.00963 16.104 5
    endloop
  endfacet
  facet normal 0 0 1
    outer loop
      vertex 7.69181 6.16663 5
      vertex 8.08612 15.7194 5
      vertex 8.03844 15.9098 5
    endloop
  endfacet
  facet normal 0 0 1
    outer loop
      vertex 7.69181 6.16663 5
      vertex 8.15224 15.5346 5
      vertex 8.08612 15.7194 5
    endloop
  endfacet
  facet normal 0 0 1
    outer loop
      vertex 7.69181 6.16663 5
      vertex 8.23616 15.3572 5
      vertex 8.15224 15.5346 5
    endloop
  endfacet
  facet normal 0 0 1
    outer loop
      vertex 7.69181 6.16663 5
      vertex 8.33707 15.1889 5
      vertex 8.23616 15.3572 5
    endloop
  endfacet
  facet normal 0 0 1
    outer loop
      vertex 7.69181 6.16663 5
      vertex 8.45398 15.0312 5
      vertex 8.33707 15.1889 5
    endloop
  endfacet
  facet normal 0 0 1
    outer loop
      vertex 7.69181 6.16663 5
      vertex 8.58578 14.8858 5
      vertex 8.45398 15.0312 5
    endloop
  endfacet
  facet normal 0 0 1
    outer loop
      vertex 7.69181 6.16663 5
      vertex 8.73122 14.754 5
      vertex 8.58578 14.8858 5
    endloop
  endfacet
  facet normal 0 0 1
    outer loop
      vertex 7.69181 6.16663 5
      vertex 8.88885 14.6371 5
      vertex 8.73122 14.754 5
    endloop
  endfacet
  facet normal 0 0 1
    outer loop
      vertex 7.69181 6.16663 5
      vertex 9.05721 14.5362 5
      vertex 8.88885 14.6371 5
    endloop
  endfacet
  facet normal 0 0 1
    outer loop
      vertex 7.69181 6.16663 5
      vertex 9.23463 14.4522 5
      vertex 9.05721 14.5362 5
    endloop
  endfacet
  facet normal 0 0 1
    outer loop
      vertex 7.69181 6.16663 5
      vertex 9.41943 14.3861 5
      vertex 9.23463 14.4522 5
    endloop
  endfacet
  facet normal 0 0 1
    outer loop
      vertex 33.8 14.3 5
      vertex 7.7 6 5
      vertex 7.69181 5.83337 5
    endloop
  endfacet
  facet normal 0 0 1
    outer loop
      vertex 7.66733 5.66835 5
      vertex 33.8 14.3 5
      vertex 7.69181 5.83337 5
    endloop
  endfacet
  facet normal 0 0 1
    outer loop
      vertex 7.6268 5.50652 5
      vertex 33.8 14.3 5
      vertex 7.66733 5.66835 5
    endloop
  endfacet
  facet normal 0 0 1
    outer loop
      vertex 7.57059 5.34944 5
      vertex 33.8 14.3 5
      vertex 7.6268 5.50652 5
    endloop
  endfacet
  facet normal 0 0 1
    outer loop
      vertex 7.49927 5.19862 5
      vertex 33.8 14.3 5
      vertex 7.57059 5.34944 5
    endloop
  endfacet
  facet normal 0 0 1
    outer loop
      vertex 7.4135 5.05553 5
      vertex 33.8 14.3 5
      vertex 7.49927 5.19862 5
    endloop
  endfacet
  facet normal 0 0 1
    outer loop
      vertex 7.31412 4.92153 5
      vertex 33.8 14.3 5
      vertex 7.4135 5.05553 5
    endloop
  endfacet
  facet normal 0 0 1
    outer loop
      vertex 4 0 5
      vertex 33.8 14.3 5
      vertex 7.31412 4.92153 5
    endloop
  endfacet
  facet normal 0 0 1
    outer loop
      vertex 4 0 5
      vertex 7.31412 4.92153 5
      vertex 7.20208 4.79792 5
    endloop
  endfacet
  facet normal 0 0 1
    outer loop
      vertex 4 0 5
      vertex 7.20208 4.79792 5
      vertex 7.07847 4.68588 5
    endloop
  endfacet
  facet normal 0 0 1
    outer loop
      vertex 4 0 5
      vertex 7.07847 4.68588 5
      vertex 6.94447 4.5865 5
    endloop
  endfacet
  facet normal 0 0 1
    outer loop
      vertex 4 0 5
      vertex 6.94447 4.5865 5
      vertex 6.80137 4.50073 5
    endloop
  endfacet
  facet normal 0 0 1
    outer loop
      vertex 4 0 5
      vertex 6.80137 4.50073 5
      vertex 6.65056 4.4294 5
    endloop
  endfacet
  facet normal 0 0 1
    outer loop
      vertex 4 0 5
      vertex 6.65056 4.4294 5
      vertex 6.49348 4.3732 5
    endloop
  endfacet
  facet normal 0 0 1
    outer loop
      vertex 4 0 5
      vertex 6.49348 4.3732 5
      vertex 6.33165 4.33266 5
    endloop
  endfacet
  facet normal 0 0 1
    outer loop
      vertex 4 0 5
      vertex 6.33165 4.33266 5
      vertex 6.16663 4.30819 5
    endloop
  endfacet
  facet normal 0 0 1
    outer loop
      vertex 4 0 5
      vertex 6.16663 4.30819 5
      vertex 6 4.3 5
    endloop
  endfacet
  facet normal 0 0 1
    outer loop
      vertex 4 0 5
      vertex 6 4.3 5
      vertex 5.83337 4.30819 5
    endloop
  endfacet
  facet normal 0 0 1
    outer loop
      vertex 33.8 14.3 5
      vertex 4 0 5
      vertex 66 0 5
    endloop
  endfacet
  facet normal 0 0 1
    outer loop
      vertex 5.66835 4.33266 5
      vertex 4 0 5
      vertex 5.83337 4.30819 5
    endloop
  endfacet
  facet normal 0 0 1
    outer loop
      vertex 5.50652 4.3732 5
      vertex 4 0 5
      vertex 5.66835 4.33266 5
    endloop
  endfacet
  facet normal 0 0 1
    outer loop
      vertex 5.34944 4.4294 5
      vertex 4 0 5
      vertex 5.50652 4.3732 5
    endloop
  endfacet
  facet normal 0 0 1
    outer loop
      vertex 5.19862 4.50073 5
      vertex 4 0 5
      vertex 5.34944 4.4294 5
    endloop
  endfacet
  facet normal 0 0 1
    outer loop
      vertex 3.60793 0.0192566 5
      vertex 5.19862 4.50073 5
      vertex 5.05553 4.5865 5
    endloop
  endfacet
  facet normal 0 0 1
    outer loop
      vertex 2.83887 0.172241 5
      vertex 5.05553 4.5865 5
      vertex 4.92153 4.68588 5
    endloop
  endfacet
  facet normal 0 0 1
    outer loop
      vertex 1.77773 0.674118 5
      vertex 4.92153 4.68588 5
      vertex 4.79792 4.79792 5
    endloop
  endfacet
  facet normal 0 0 1
    outer loop
      vertex 0.907959 1.46243 5
      vertex 4.79792 4.79792 5
      vertex 4.68588 4.92153 5
    endloop
  endfacet
  facet normal 0 0 1
    outer loop
      vertex 0.304489 2.46927 5
      vertex 4.68588 4.92153 5
      vertex 4.5865 5.05553 5
    endloop
  endfacet
  facet normal 0 0 1
    outer loop
      vertex 0.0192566 3.60793 5
      vertex 4.5865 5.05553 5
      vertex 4.50073 5.19862 5
    endloop
  endfacet
  facet normal 0 0 1
    outer loop
      vertex 0 4 5
      vertex 4.50073 5.19862 5
      vertex 4.4294 5.34944 5
    endloop
  endfacet
  facet normal 0 0 1
    outer loop
      vertex 0 4 5
      vertex 4.4294 5.34944 5
      vertex 4.3732 5.50652 5
    endloop
  endfacet
  facet normal 0 0 1
    outer loop
      vertex 0 4 5
      vertex 4.3732 5.50652 5
      vertex 4.33266 5.66835 5
    endloop
  endfacet
  facet normal 0 0 1
    outer loop
      vertex 0 4 5
      vertex 4.33266 5.66835 5
      vertex 4.30819 5.83337 5
    endloop
  endfacet
  facet normal 0 0 1
    outer loop
      vertex 0 4 5
      vertex 4.30819 5.83337 5
      vertex 4.3 6 5
    endloop
  endfacet
  facet normal 0 0 1
    outer loop
      vertex 4.33266 6.33165 5
      vertex 0 4 5
      vertex 4.30819 6.16663 5
    endloop
  endfacet
  facet normal 0 0 1
    outer loop
      vertex 4.79792 41.2021 5
      vertex 0.907959 44.5376 5
      vertex 4.68588 41.0785 5
    endloop
  endfacet
  facet normal 0 0 1
    outer loop
      vertex 4.30819 6.16663 5
      vertex 0 4 5
      vertex 4.3 6 5
    endloop
  endfacet
  facet normal -0 0 1
    outer loop
      vertex 0.674118 44.2223 5
      vertex 4.68588 41.0785 5
      vertex 0.907959 44.5376 5
    endloop
  endfacet
  facet normal 0 0 1
    outer loop
      vertex 4.50073 5.19862 5
      vertex 0 4 5
      vertex 0.0192566 3.60793 5
    endloop
  endfacet
  facet normal -0 0 1
    outer loop
      vertex 0.472321 43.8856 5
      vertex 4.68588 41.0785 5
      vertex 0.674118 44.2223 5
    endloop
  endfacet
  facet normal 0 0 1
    outer loop
      vertex 5.19862 4.50073 5
      vertex 3.60793 0.0192566 5
      vertex 4 0 5
    endloop
  endfacet
  facet normal -0 0 1
    outer loop
      vertex 0.304489 43.5307 5
      vertex 4.68588 41.0785 5
      vertex 0.472321 43.8856 5
    endloop
  endfacet
  facet normal 0 0 1
    outer loop
      vertex 5.05553 4.5865 5
      vertex 3.21964 0.0768585 5
      vertex 3.60793 0.0192566 5
    endloop
  endfacet
  facet normal 0 0 1
    outer loop
      vertex 4.68588 41.0785 5
      vertex 0.304489 43.5307 5
      vertex 4.5865 40.9445 5
    endloop
  endfacet
  facet normal 0 0 1
    outer loop
      vertex 5.05553 4.5865 5
      vertex 2.83887 0.172241 5
      vertex 3.21964 0.0768585 5
    endloop
  endfacet
  facet normal -0 0 1
    outer loop
      vertex 0.172241 43.1611 5
      vertex 4.5865 40.9445 5
      vertex 0.304489 43.5307 5
    endloop
  endfacet
  facet normal 0 0 1
    outer loop
      vertex 4.92153 4.68588 5
      vertex 2.46927 0.304489 5
      vertex 2.83887 0.172241 5
    endloop
  endfacet
  facet normal -0 0 1
    outer loop
      vertex 0.0768585 42.7804 5
      vertex 4.5865 40.9445 5
      vertex 0.172241 43.1611 5
    endloop
  endfacet
  facet normal 0 0 1
    outer loop
      vertex 4.92153 4.68588 5
      vertex 2.11441 0.472321 5
      vertex 2.46927 0.304489 5
    endloop
  endfacet
  facet normal -0 0 1
    outer loop
      vertex 0.0192566 42.3921 5
      vertex 4.5865 40.9445 5
      vertex 0.0768585 42.7804 5
    endloop
  endfacet
  facet normal 0 0 1
    outer loop
      vertex 4.92153 4.68588 5
      vertex 1.77773 0.674118 5
      vertex 2.11441 0.472321 5
    endloop
  endfacet
  facet normal 0 0 1
    outer loop
      vertex 4.5865 40.9445 5
      vertex 0.0192566 42.3921 5
      vertex 4.50073 40.8014 5
    endloop
  endfacet
  facet normal 0 0 1
    outer loop
      vertex 4.79792 4.79792 5
      vertex 1.46243 0.907959 5
      vertex 1.77773 0.674118 5
    endloop
  endfacet
  facet normal -0 0 1
    outer loop
      vertex 0 42 5
      vertex 4.50073 40.8014 5
      vertex 0.0192566 42.3921 5
    endloop
  endfacet
  facet normal 0 0 1
    outer loop
      vertex 4.79792 4.79792 5
      vertex 1.17157 1.17157 5
      vertex 1.46243 0.907959 5
    endloop
  endfacet
  facet normal 0 0 1
    outer loop
      vertex 4.50073 40.8014 5
      vertex 0 42 5
      vertex 4.4294 40.6506 5
    endloop
  endfacet
  facet normal 0 0 1
    outer loop
      vertex 4.79792 4.79792 5
      vertex 0.907959 1.46243 5
      vertex 1.17157 1.17157 5
    endloop
  endfacet
  facet normal 0 0 1
    outer loop
      vertex 4.4294 40.6506 5
      vertex 0 42 5
      vertex 4.3732 40.4935 5
    endloop
  endfacet
  facet normal 0 0 1
    outer loop
      vertex 4.68588 4.92153 5
      vertex 0.674118 1.77773 5
      vertex 0.907959 1.46243 5
    endloop
  endfacet
  facet normal 0 0 1
    outer loop
      vertex 4.3732 40.4935 5
      vertex 0 42 5
      vertex 4.33266 40.3317 5
    endloop
  endfacet
  facet normal 0 0 1
    outer loop
      vertex 4.68588 4.92153 5
      vertex 0.472321 2.11441 5
      vertex 0.674118 1.77773 5
    endloop
  endfacet
  facet normal 0 0 1
    outer loop
      vertex 4.33266 40.3317 5
      vertex 0 42 5
      vertex 4.30819 40.1666 5
    endloop
  endfacet
  facet normal 0 0 1
    outer loop
      vertex 4.68588 4.92153 5
      vertex 0.304489 2.46927 5
      vertex 0.472321 2.11441 5
    endloop
  endfacet
  facet normal 0 0 1
    outer loop
      vertex 4.30819 40.1666 5
      vertex 0 42 5
      vertex 4.3 40 5
    endloop
  endfacet
  facet normal 0 0 1
    outer loop
      vertex 4.5865 5.05553 5
      vertex 0.172241 2.83887 5
      vertex 0.304489 2.46927 5
    endloop
  endfacet
  facet normal 0 0 1
    outer loop
      vertex 4.5865 5.05553 5
      vertex 0.0768585 3.21964 5
      vertex 0.172241 2.83887 5
    endloop
  endfacet
  facet normal 0 0 1
    outer loop
      vertex 4.5865 5.05553 5
      vertex 0.0192566 3.60793 5
      vertex 0.0768585 3.21964 5
    endloop
  endfacet
  facet normal 0 0 1
    outer loop
      vertex 35.8592 24.1087 5
      vertex 35.8 29.7 5
      vertex 35.8 24.1298 5
    endloop
  endfacet
  facet normal 0 1 -0
    outer loop
      vertex 66 46 0
      vertex 4 46 5
      vertex 66 46 5
    endloop
  endfacet
  facet normal 0 1 0
    outer loop
      vertex 4 46 5
      vertex 66 46 0
      vertex 4 46 0
    endloop
  endfacet
  facet normal -0.242991 -0.970029 0
    outer loop
      vertex 2.83887 0.172241 0
      vertex 3.21964 0.0768585 5
      vertex 2.83887 0.172241 5
    endloop
  endfacet
  facet normal -0.242991 -0.970029 -0
    outer loop
      vertex 3.21964 0.0768585 5
      vertex 2.83887 0.172241 0
      vertex 3.21964 0.0768585 0
    endloop
  endfacet
  facet normal 1 -0 0
    outer loop
      vertex 70 4 5
      vertex 70 42 0
      vertex 70 42 5
    endloop
  endfacet
  facet normal 1 0 0
    outer loop
      vertex 70 42 0
      vertex 70 4 5
      vertex 70 4 0
    endloop
  endfacet
  facet normal 0.595794 0.803137 -0
    outer loop
      vertex 68.5376 45.092 0
      vertex 68.2223 45.3259 5
      vertex 68.5376 45.092 5
    endloop
  endfacet
  facet normal 0.595794 0.803137 0
    outer loop
      vertex 68.2223 45.3259 5
      vertex 68.5376 45.092 0
      vertex 68.2223 45.3259 0
    endloop
  endfacet
  facet normal -0.740894 0.671622 0
    outer loop
      vertex 0.907959 44.5376 0
      vertex 1.17157 44.8284 5
      vertex 1.17157 44.8284 0
    endloop
  endfacet
  facet normal -0.740894 0.671622 0
    outer loop
      vertex 1.17157 44.8284 5
      vertex 0.907959 44.5376 0
      vertex 0.907959 44.5376 5
    endloop
  endfacet
  facet normal -0.970018 0.243033 0
    outer loop
      vertex 0.0768585 42.7804 0
      vertex 0.172241 43.1611 5
      vertex 0.172241 43.1611 0
    endloop
  endfacet
  facet normal -0.970018 0.243033 0
    outer loop
      vertex 0.172241 43.1611 5
      vertex 0.0768585 42.7804 0
      vertex 0.0768585 42.7804 5
    endloop
  endfacet
  facet normal -0.0490561 -0.998796 0
    outer loop
      vertex 3.60793 0.0192566 0
      vertex 4 0 5
      vertex 3.60793 0.0192566 5
    endloop
  endfacet
  facet normal -0.0490561 -0.998796 -0
    outer loop
      vertex 4 0 5
      vertex 3.60793 0.0192566 0
      vertex 4 0 0
    endloop
  endfacet
  facet normal -0.336897 -0.941542 0
    outer loop
      vertex 2.46927 0.304489 0
      vertex 2.83887 0.172241 5
      vertex 2.46927 0.304489 5
    endloop
  endfacet
  facet normal -0.336897 -0.941542 -0
    outer loop
      vertex 2.83887 0.172241 5
      vertex 2.46927 0.304489 0
      vertex 2.83887 0.172241 0
    endloop
  endfacet
  facet normal 0.740977 -0.671531 0
    outer loop
      vertex 68.8284 1.17157 5
      vertex 69.092 1.46243 0
      vertex 69.092 1.46243 5
    endloop
  endfacet
  facet normal 0.740977 -0.671531 0
    outer loop
      vertex 69.092 1.46243 0
      vertex 68.8284 1.17157 5
      vertex 68.8284 1.17157 0
    endloop
  endfacet
  facet normal 0.146733 0.989176 -0
    outer loop
      vertex 66.7804 45.9231 0
      vertex 66.3921 45.9807 5
      vertex 66.7804 45.9231 5
    endloop
  endfacet
  facet normal 0.146733 0.989176 0
    outer loop
      vertex 66.3921 45.9807 5
      vertex 66.7804 45.9231 0
      vertex 66.3921 45.9807 0
    endloop
  endfacet
  facet normal 0.42744 0.904044 -0
    outer loop
      vertex 67.8856 45.5277 0
      vertex 67.5307 45.6955 5
      vertex 67.8856 45.5277 5
    endloop
  endfacet
  facet normal 0.42744 0.904044 0
    outer loop
      vertex 67.5307 45.6955 5
      vertex 67.8856 45.5277 0
      vertex 67.5307 45.6955 0
    endloop
  endfacet
  facet normal 0.337014 0.9415 -0
    outer loop
      vertex 67.5307 45.6955 0
      vertex 67.1611 45.8278 5
      vertex 67.5307 45.6955 5
    endloop
  endfacet
  facet normal 0.337014 0.9415 0
    outer loop
      vertex 67.1611 45.8278 5
      vertex 67.5307 45.6955 0
      vertex 67.1611 45.8278 0
    endloop
  endfacet
  facet normal 0.514084 0.85774 -0
    outer loop
      vertex 68.2223 45.3259 0
      vertex 67.8856 45.5277 5
      vertex 68.2223 45.3259 5
    endloop
  endfacet
  facet normal 0.514084 0.85774 0
    outer loop
      vertex 67.8856 45.5277 5
      vertex 68.2223 45.3259 0
      vertex 67.8856 45.5277 0
    endloop
  endfacet
  facet normal -0.514106 0.857727 0
    outer loop
      vertex 2.11441 45.5277 0
      vertex 1.77773 45.3259 5
      vertex 2.11441 45.5277 5
    endloop
  endfacet
  facet normal -0.514106 0.857727 0
    outer loop
      vertex 1.77773 45.3259 5
      vertex 2.11441 45.5277 0
      vertex 1.77773 45.3259 0
    endloop
  endfacet
  facet normal -0.998796 0.0490523 0
    outer loop
      vertex 0 42 0
      vertex 0.0192566 42.3921 5
      vertex 0.0192566 42.3921 0
    endloop
  endfacet
  facet normal -0.998796 0.0490523 0
    outer loop
      vertex 0.0192566 42.3921 5
      vertex 0 42 0
      vertex 0 42 5
    endloop
  endfacet
  facet normal -0.989175 0.146738 0
    outer loop
      vertex 0.0192566 42.3921 0
      vertex 0.0768585 42.7804 5
      vertex 0.0768585 42.7804 0
    endloop
  endfacet
  facet normal -0.989175 0.146738 0
    outer loop
      vertex 0.0768585 42.7804 5
      vertex 0.0192566 42.3921 0
      vertex 0.0192566 42.3921 5
    endloop
  endfacet
  facet normal -0.427546 -0.903994 0
    outer loop
      vertex 2.11441 0.472321 0
      vertex 2.46927 0.304489 5
      vertex 2.11441 0.472321 5
    endloop
  endfacet
  facet normal -0.427546 -0.903994 -0
    outer loop
      vertex 2.46927 0.304489 5
      vertex 2.11441 0.472321 0
      vertex 2.46927 0.304489 0
    endloop
  endfacet
  facet normal -0.740963 -0.671546 0
    outer loop
      vertex 1.17157 1.17157 0
      vertex 0.907959 1.46243 5
      vertex 0.907959 1.46243 0
    endloop
  endfacet
  facet normal -0.740963 -0.671546 0
    outer loop
      vertex 0.907959 1.46243 5
      vertex 1.17157 1.17157 0
      vertex 1.17157 1.17157 5
    endloop
  endfacet
  facet normal -0.998796 -0.0490561 0
    outer loop
      vertex 0.0192566 3.60793 0
      vertex 0 4 5
      vertex 0 4 0
    endloop
  endfacet
  facet normal -0.998796 -0.0490561 0
    outer loop
      vertex 0 4 5
      vertex 0.0192566 3.60793 0
      vertex 0.0192566 3.60793 5
    endloop
  endfacet
  facet normal -1 0 0
    outer loop
      vertex 0 4 0
      vertex 0 42 5
      vertex 0 42 0
    endloop
  endfacet
  facet normal -1 -0 0
    outer loop
      vertex 0 42 5
      vertex 0 4 0
      vertex 0 4 5
    endloop
  endfacet
  facet normal -0.146742 -0.989175 0
    outer loop
      vertex 3.21964 0.0768585 0
      vertex 3.60793 0.0192566 5
      vertex 3.21964 0.0768585 5
    endloop
  endfacet
  facet normal -0.146742 -0.989175 -0
    outer loop
      vertex 3.60793 0.0192566 5
      vertex 3.21964 0.0768585 0
      vertex 3.60793 0.0192566 0
    endloop
  endfacet
  facet normal 0.243033 -0.970018 0
    outer loop
      vertex 66.7804 0.0768585 0
      vertex 67.1611 0.172241 5
      vertex 66.7804 0.0768585 5
    endloop
  endfacet
  facet normal 0.243033 -0.970018 0
    outer loop
      vertex 67.1611 0.172241 5
      vertex 66.7804 0.0768585 0
      vertex 67.1611 0.172241 0
    endloop
  endfacet
  facet normal 0.242835 0.970068 -0
    outer loop
      vertex 67.1611 45.8278 0
      vertex 66.7804 45.9231 5
      vertex 67.1611 45.8278 5
    endloop
  endfacet
  facet normal 0.242835 0.970068 0
    outer loop
      vertex 66.7804 45.9231 5
      vertex 67.1611 45.8278 0
      vertex 66.7804 45.9231 0
    endloop
  endfacet
  facet normal -0.941542 0.336897 0
    outer loop
      vertex 0.172241 43.1611 0
      vertex 0.304489 43.5307 5
      vertex 0.304489 43.5307 0
    endloop
  endfacet
  facet normal -0.941542 0.336897 0
    outer loop
      vertex 0.304489 43.5307 5
      vertex 0.172241 43.1611 0
      vertex 0.172241 43.1611 5
    endloop
  endfacet
  facet normal -0.595697 -0.803209 0
    outer loop
      vertex 1.46243 0.907959 0
      vertex 1.77773 0.674118 5
      vertex 1.46243 0.907959 5
    endloop
  endfacet
  facet normal -0.595697 -0.803209 -0
    outer loop
      vertex 1.77773 0.674118 5
      vertex 1.46243 0.907959 0
      vertex 1.77773 0.674118 0
    endloop
  endfacet
  facet normal -0.803209 -0.595697 0
    outer loop
      vertex 0.907959 1.46243 0
      vertex 0.674118 1.77773 5
      vertex 0.674118 1.77773 0
    endloop
  endfacet
  facet normal -0.803209 -0.595697 0
    outer loop
      vertex 0.674118 1.77773 5
      vertex 0.907959 1.46243 0
      vertex 0.907959 1.46243 5
    endloop
  endfacet
  facet normal -0.903994 -0.427546 0
    outer loop
      vertex 0.472321 2.11441 0
      vertex 0.304489 2.46927 5
      vertex 0.304489 2.46927 0
    endloop
  endfacet
  facet normal -0.903994 -0.427546 0
    outer loop
      vertex 0.304489 2.46927 5
      vertex 0.472321 2.11441 0
      vertex 0.472321 2.11441 5
    endloop
  endfacet
  facet normal 0.427507 -0.904012 0
    outer loop
      vertex 67.5307 0.304489 0
      vertex 67.8856 0.472321 5
      vertex 67.5307 0.304489 5
    endloop
  endfacet
  facet normal 0.427507 -0.904012 0
    outer loop
      vertex 67.8856 0.472321 5
      vertex 67.5307 0.304489 0
      vertex 67.8856 0.472321 0
    endloop
  endfacet
  facet normal 0.336897 -0.941542 0
    outer loop
      vertex 67.1611 0.172241 0
      vertex 67.5307 0.304489 5
      vertex 67.1611 0.172241 5
    endloop
  endfacet
  facet normal 0.336897 -0.941542 0
    outer loop
      vertex 67.5307 0.304489 5
      vertex 67.1611 0.172241 0
      vertex 67.5307 0.304489 0
    endloop
  endfacet
  facet normal -0.671531 0.740977 0
    outer loop
      vertex 1.46243 45.092 0
      vertex 1.17157 44.8284 5
      vertex 1.46243 45.092 5
    endloop
  endfacet
  facet normal -0.671531 0.740977 0
    outer loop
      vertex 1.17157 44.8284 5
      vertex 1.46243 45.092 0
      vertex 1.17157 44.8284 0
    endloop
  endfacet
  facet normal -0.242793 0.970078 0
    outer loop
      vertex 3.21964 45.9231 0
      vertex 2.83887 45.8278 5
      vertex 3.21964 45.9231 5
    endloop
  endfacet
  facet normal -0.242793 0.970078 0
    outer loop
      vertex 2.83887 45.8278 5
      vertex 3.21964 45.9231 0
      vertex 2.83887 45.8278 0
    endloop
  endfacet
  facet normal -0.671546 -0.740963 0
    outer loop
      vertex 1.17157 1.17157 0
      vertex 1.46243 0.907959 5
      vertex 1.17157 1.17157 5
    endloop
  endfacet
  facet normal -0.671546 -0.740963 -0
    outer loop
      vertex 1.46243 0.907959 5
      vertex 1.17157 1.17157 0
      vertex 1.46243 0.907959 0
    endloop
  endfacet
  facet normal -0.989175 -0.146742 0
    outer loop
      vertex 0.0768585 3.21964 0
      vertex 0.0192566 3.60793 5
      vertex 0.0192566 3.60793 0
    endloop
  endfacet
  facet normal -0.989175 -0.146742 0
    outer loop
      vertex 0.0192566 3.60793 5
      vertex 0.0768585 3.21964 0
      vertex 0.0768585 3.21964 5
    endloop
  endfacet
  facet normal -0.970029 -0.242991 0
    outer loop
      vertex 0.172241 2.83887 0
      vertex 0.0768585 3.21964 5
      vertex 0.0768585 3.21964 0
    endloop
  endfacet
  facet normal -0.970029 -0.242991 0
    outer loop
      vertex 0.0768585 3.21964 5
      vertex 0.172241 2.83887 0
      vertex 0.172241 2.83887 5
    endloop
  endfacet
  facet normal -0.85773 -0.5141 0
    outer loop
      vertex 0.674118 1.77773 0
      vertex 0.472321 2.11441 5
      vertex 0.472321 2.11441 0
    endloop
  endfacet
  facet normal -0.85773 -0.5141 0
    outer loop
      vertex 0.472321 2.11441 5
      vertex 0.674118 1.77773 0
      vertex 0.674118 1.77773 5
    endloop
  endfacet
  facet normal 0.671607 0.740908 -0
    outer loop
      vertex 68.8284 44.8284 0
      vertex 68.5376 45.092 5
      vertex 68.8284 44.8284 5
    endloop
  endfacet
  facet normal 0.671607 0.740908 0
    outer loop
      vertex 68.5376 45.092 5
      vertex 68.8284 44.8284 0
      vertex 68.5376 45.092 0
    endloop
  endfacet
  facet normal 0.85774 0.514084 0
    outer loop
      vertex 69.5277 43.8856 5
      vertex 69.3259 44.2223 0
      vertex 69.3259 44.2223 5
    endloop
  endfacet
  facet normal 0.85774 0.514084 0
    outer loop
      vertex 69.3259 44.2223 0
      vertex 69.5277 43.8856 5
      vertex 69.5277 43.8856 0
    endloop
  endfacet
  facet normal 0.970068 0.242835 0
    outer loop
      vertex 69.9231 42.7804 5
      vertex 69.8278 43.1611 0
      vertex 69.8278 43.1611 5
    endloop
  endfacet
  facet normal 0.970068 0.242835 0
    outer loop
      vertex 69.8278 43.1611 0
      vertex 69.9231 42.7804 5
      vertex 69.9231 42.7804 0
    endloop
  endfacet
  facet normal 0.9415 0.337014 0
    outer loop
      vertex 69.8278 43.1611 5
      vertex 69.6955 43.5307 0
      vertex 69.6955 43.5307 5
    endloop
  endfacet
  facet normal 0.9415 0.337014 0
    outer loop
      vertex 69.6955 43.5307 0
      vertex 69.8278 43.1611 5
      vertex 69.8278 43.1611 0
    endloop
  endfacet
  facet normal 0.989176 0.146733 0
    outer loop
      vertex 69.9807 42.3921 5
      vertex 69.9231 42.7804 0
      vertex 69.9231 42.7804 5
    endloop
  endfacet
  facet normal 0.989176 0.146733 0
    outer loop
      vertex 69.9231 42.7804 0
      vertex 69.9807 42.3921 5
      vertex 69.9807 42.3921 0
    endloop
  endfacet
  facet normal 0.998791 0.0491626 0
    outer loop
      vertex 70 42 5
      vertex 69.9807 42.3921 0
      vertex 69.9807 42.3921 5
    endloop
  endfacet
  facet normal 0.998791 0.0491626 0
    outer loop
      vertex 69.9807 42.3921 0
      vertex 70 42 5
      vertex 70 42 0
    endloop
  endfacet
  facet normal 0.904025 -0.42748 0
    outer loop
      vertex 69.5277 2.11441 5
      vertex 69.6955 2.46927 0
      vertex 69.6955 2.46927 5
    endloop
  endfacet
  facet normal 0.904025 -0.42748 0
    outer loop
      vertex 69.6955 2.46927 0
      vertex 69.5277 2.11441 5
      vertex 69.5277 2.11441 0
    endloop
  endfacet
  facet normal 0.595697 -0.803209 0
    outer loop
      vertex 68.2223 0.674118 0
      vertex 68.5376 0.907959 5
      vertex 68.2223 0.674118 5
    endloop
  endfacet
  facet normal 0.595697 -0.803209 0
    outer loop
      vertex 68.5376 0.907959 5
      vertex 68.2223 0.674118 0
      vertex 68.5376 0.907959 0
    endloop
  endfacet
  facet normal 0.514078 -0.857743 0
    outer loop
      vertex 67.8856 0.472321 0
      vertex 68.2223 0.674118 5
      vertex 67.8856 0.472321 5
    endloop
  endfacet
  facet normal 0.514078 -0.857743 0
    outer loop
      vertex 68.2223 0.674118 5
      vertex 67.8856 0.472321 0
      vertex 68.2223 0.674118 0
    endloop
  endfacet
  facet normal -0.904012 0.427507 0
    outer loop
      vertex 0.304489 43.5307 0
      vertex 0.472321 43.8856 5
      vertex 0.472321 43.8856 0
    endloop
  endfacet
  facet normal -0.904012 0.427507 0
    outer loop
      vertex 0.472321 43.8856 5
      vertex 0.304489 43.5307 0
      vertex 0.304489 43.5307 5
    endloop
  endfacet
  facet normal -0.857743 0.514078 0
    outer loop
      vertex 0.472321 43.8856 0
      vertex 0.674118 44.2223 5
      vertex 0.674118 44.2223 0
    endloop
  endfacet
  facet normal -0.857743 0.514078 0
    outer loop
      vertex 0.674118 44.2223 5
      vertex 0.472321 43.8856 0
      vertex 0.472321 43.8856 5
    endloop
  endfacet
  facet normal -0.595794 0.803137 0
    outer loop
      vertex 1.77773 45.3259 0
      vertex 1.46243 45.092 5
      vertex 1.77773 45.3259 5
    endloop
  endfacet
  facet normal -0.595794 0.803137 0
    outer loop
      vertex 1.46243 45.092 5
      vertex 1.77773 45.3259 0
      vertex 1.46243 45.092 0
    endloop
  endfacet
  facet normal -0.42748 0.904025 0
    outer loop
      vertex 2.46927 45.6955 0
      vertex 2.11441 45.5277 5
      vertex 2.46927 45.6955 5
    endloop
  endfacet
  facet normal -0.42748 0.904025 0
    outer loop
      vertex 2.11441 45.5277 5
      vertex 2.46927 45.6955 0
      vertex 2.11441 45.5277 0
    endloop
  endfacet
  facet normal -0.337014 0.9415 0
    outer loop
      vertex 2.83887 45.8278 0
      vertex 2.46927 45.6955 5
      vertex 2.83887 45.8278 5
    endloop
  endfacet
  facet normal -0.337014 0.9415 0
    outer loop
      vertex 2.46927 45.6955 5
      vertex 2.83887 45.8278 0
      vertex 2.46927 45.6955 0
    endloop
  endfacet
  facet normal -0.146737 0.989176 0
    outer loop
      vertex 3.60793 45.9807 0
      vertex 3.21964 45.9231 5
      vertex 3.60793 45.9807 5
    endloop
  endfacet
  facet normal -0.146737 0.989176 0
    outer loop
      vertex 3.21964 45.9231 5
      vertex 3.60793 45.9807 0
      vertex 3.21964 45.9231 0
    endloop
  endfacet
  facet normal 0.740908 0.671607 0
    outer loop
      vertex 69.092 44.5376 5
      vertex 68.8284 44.8284 0
      vertex 68.8284 44.8284 5
    endloop
  endfacet
  facet normal 0.740908 0.671607 0
    outer loop
      vertex 68.8284 44.8284 0
      vertex 69.092 44.5376 5
      vertex 69.092 44.5376 0
    endloop
  endfacet
  facet normal 0.803137 0.595794 0
    outer loop
      vertex 69.3259 44.2223 5
      vertex 69.092 44.5376 0
      vertex 69.092 44.5376 5
    endloop
  endfacet
  facet normal 0.803137 0.595794 0
    outer loop
      vertex 69.092 44.5376 0
      vertex 69.3259 44.2223 5
      vertex 69.3259 44.2223 0
    endloop
  endfacet
  facet normal 0.904044 0.42744 0
    outer loop
      vertex 69.6955 43.5307 5
      vertex 69.5277 43.8856 0
      vertex 69.5277 43.8856 5
    endloop
  endfacet
  facet normal 0.904044 0.42744 0
    outer loop
      vertex 69.5277 43.8856 0
      vertex 69.6955 43.5307 5
      vertex 69.6955 43.5307 0
    endloop
  endfacet
  facet normal 0.9415 -0.337014 0
    outer loop
      vertex 69.6955 2.46927 5
      vertex 69.8278 2.83887 0
      vertex 69.8278 2.83887 5
    endloop
  endfacet
  facet normal 0.9415 -0.337014 0
    outer loop
      vertex 69.8278 2.83887 0
      vertex 69.6955 2.46927 5
      vertex 69.6955 2.46927 0
    endloop
  endfacet
  facet normal 0.857727 -0.514106 0
    outer loop
      vertex 69.3259 1.77773 5
      vertex 69.5277 2.11441 0
      vertex 69.5277 2.11441 5
    endloop
  endfacet
  facet normal 0.857727 -0.514106 0
    outer loop
      vertex 69.5277 2.11441 0
      vertex 69.3259 1.77773 5
      vertex 69.3259 1.77773 0
    endloop
  endfacet
  facet normal 0.989176 -0.146737 0
    outer loop
      vertex 69.9231 3.21964 5
      vertex 69.9807 3.60793 0
      vertex 69.9807 3.60793 5
    endloop
  endfacet
  facet normal 0.989176 -0.146737 0
    outer loop
      vertex 69.9807 3.60793 0
      vertex 69.9231 3.21964 5
      vertex 69.9231 3.21964 0
    endloop
  endfacet
  facet normal 0.998791 -0.0491664 0
    outer loop
      vertex 69.9807 3.60793 5
      vertex 70 4 0
      vertex 70 4 5
    endloop
  endfacet
  facet normal 0.998791 -0.0491664 0
    outer loop
      vertex 70 4 0
      vertex 69.9807 3.60793 5
      vertex 69.9807 3.60793 0
    endloop
  endfacet
  facet normal 0.970078 -0.242793 0
    outer loop
      vertex 69.8278 2.83887 5
      vertex 69.9231 3.21964 0
      vertex 69.9231 3.21964 5
    endloop
  endfacet
  facet normal 0.970078 -0.242793 0
    outer loop
      vertex 69.9231 3.21964 0
      vertex 69.8278 2.83887 5
      vertex 69.8278 2.83887 0
    endloop
  endfacet
  facet normal 0.671622 -0.740894 0
    outer loop
      vertex 68.5376 0.907959 0
      vertex 68.8284 1.17157 5
      vertex 68.5376 0.907959 5
    endloop
  endfacet
  facet normal 0.671622 -0.740894 0
    outer loop
      vertex 68.8284 1.17157 5
      vertex 68.5376 0.907959 0
      vertex 68.8284 1.17157 0
    endloop
  endfacet
  facet normal 0 0 -1
    outer loop
      vertex 34.7333 23.9978 0
      vertex 7.69181 39.8334 0
      vertex 7.7 40 0
    endloop
  endfacet
  facet normal 0 0 -1
    outer loop
      vertex 7.83432 24.0583 0
      vertex 7.66733 39.6683 0
      vertex 7.69181 39.8334 0
    endloop
  endfacet
  facet normal 0 0 -1
    outer loop
      vertex 5.50652 38.3732 0
      vertex 7.73332 23.9978 0
      vertex 7.63873 23.9276 0
    endloop
  endfacet
  facet normal 0 0 -1
    outer loop
      vertex 7.83432 24.0583 0
      vertex 7.6268 39.5065 0
      vertex 7.66733 39.6683 0
    endloop
  endfacet
  facet normal 0 0 -1
    outer loop
      vertex 7.83432 24.0583 0
      vertex 7.57059 39.3494 0
      vertex 7.6268 39.5065 0
    endloop
  endfacet
  facet normal 0 0 -1
    outer loop
      vertex 5.34944 38.4294 0
      vertex 7.63873 23.9276 0
      vertex 7.55147 23.8485 0
    endloop
  endfacet
  facet normal 0 0 -1
    outer loop
      vertex 7.83432 24.0583 0
      vertex 7.49927 39.1986 0
      vertex 7.57059 39.3494 0
    endloop
  endfacet
  facet normal 0 0 -1
    outer loop
      vertex 5.19862 38.5007 0
      vertex 7.55147 23.8485 0
      vertex 7.47239 23.7613 0
    endloop
  endfacet
  facet normal 0 0 -1
    outer loop
      vertex 7.83432 24.0583 0
      vertex 7.4135 39.0555 0
      vertex 7.49927 39.1986 0
    endloop
  endfacet
  facet normal 0 0 -1
    outer loop
      vertex 5.05553 38.5865 0
      vertex 7.47239 23.7613 0
      vertex 7.40224 23.6667 0
    endloop
  endfacet
  facet normal 0 0 -1
    outer loop
      vertex 4.92153 38.6859 0
      vertex 7.40224 23.6667 0
      vertex 7.34169 23.5657 0
    endloop
  endfacet
  facet normal 0 0 -1
    outer loop
      vertex 7.83432 24.0583 0
      vertex 7.31412 38.9215 0
      vertex 7.4135 39.0555 0
    endloop
  endfacet
  facet normal 0 0 -1
    outer loop
      vertex 4.79792 38.7979 0
      vertex 7.34169 23.5657 0
      vertex 7.29134 23.4592 0
    endloop
  endfacet
  facet normal 0 0 -1
    outer loop
      vertex 0 42 0
      vertex 7.29134 23.4592 0
      vertex 7.25167 23.3483 0
    endloop
  endfacet
  facet normal 0 0 -1
    outer loop
      vertex 0 42 0
      vertex 7.25167 23.3483 0
      vertex 7.22306 23.2341 0
    endloop
  endfacet
  facet normal 0 0 -1
    outer loop
      vertex 0 42 0
      vertex 7.22306 23.2341 0
      vertex 7.20578 23.1176 0
    endloop
  endfacet
  facet normal 0 0 -1
    outer loop
      vertex 7.83432 24.0583 0
      vertex 7.20208 38.7979 0
      vertex 7.31412 38.9215 0
    endloop
  endfacet
  facet normal 0 0 -1
    outer loop
      vertex 0 42 0
      vertex 7.20578 23.1176 0
      vertex 7.2 23 0
    endloop
  endfacet
  facet normal -0 0 -1
    outer loop
      vertex 7.73332 22.0022 0
      vertex 5.50652 7.6268 0
      vertex 7.63873 22.0724 0
    endloop
  endfacet
  facet normal 0 0 -1
    outer loop
      vertex 7.83432 24.0583 0
      vertex 7.07847 38.6859 0
      vertex 7.20208 38.7979 0
    endloop
  endfacet
  facet normal 0 0 -1
    outer loop
      vertex 5.34944 7.57059 0
      vertex 7.63873 22.0724 0
      vertex 5.50652 7.6268 0
    endloop
  endfacet
  facet normal 0 0 -1
    outer loop
      vertex 7.83432 24.0583 0
      vertex 6.94447 38.5865 0
      vertex 7.07847 38.6859 0
    endloop
  endfacet
  facet normal -0 0 -1
    outer loop
      vertex 7.63873 22.0724 0
      vertex 5.34944 7.57059 0
      vertex 7.55147 22.1515 0
    endloop
  endfacet
  facet normal 0 0 -1
    outer loop
      vertex 7.83432 24.0583 0
      vertex 6.80137 38.5007 0
      vertex 6.94447 38.5865 0
    endloop
  endfacet
  facet normal 0 0 -1
    outer loop
      vertex 5.19862 7.49927 0
      vertex 7.55147 22.1515 0
      vertex 5.34944 7.57059 0
    endloop
  endfacet
  facet normal 0 0 -1
    outer loop
      vertex 7.83432 24.0583 0
      vertex 6.65056 38.4294 0
      vertex 6.80137 38.5007 0
    endloop
  endfacet
  facet normal -0 0 -1
    outer loop
      vertex 7.55147 22.1515 0
      vertex 5.19862 7.49927 0
      vertex 7.47239 22.2387 0
    endloop
  endfacet
  facet normal 0 0 -1
    outer loop
      vertex 7.83432 24.0583 0
      vertex 6.49348 38.3732 0
      vertex 6.65056 38.4294 0
    endloop
  endfacet
  facet normal 0 0 -1
    outer loop
      vertex 5.05553 7.4135 0
      vertex 7.47239 22.2387 0
      vertex 5.19862 7.49927 0
    endloop
  endfacet
  facet normal 0 0 -1
    outer loop
      vertex 7.83432 24.0583 0
      vertex 6.33165 38.3327 0
      vertex 6.49348 38.3732 0
    endloop
  endfacet
  facet normal -0 0 -1
    outer loop
      vertex 7.47239 22.2387 0
      vertex 5.05553 7.4135 0
      vertex 7.40224 22.3333 0
    endloop
  endfacet
  facet normal 0 0 -1
    outer loop
      vertex 7.83432 24.0583 0
      vertex 6.16663 38.3082 0
      vertex 6.33165 38.3327 0
    endloop
  endfacet
  facet normal 0 0 -1
    outer loop
      vertex 4.92153 7.31412 0
      vertex 7.40224 22.3333 0
      vertex 5.05553 7.4135 0
    endloop
  endfacet
  facet normal 0 0 -1
    outer loop
      vertex 7.83432 24.0583 0
      vertex 6 38.3 0
      vertex 6.16663 38.3082 0
    endloop
  endfacet
  facet normal -0 0 -1
    outer loop
      vertex 7.40224 22.3333 0
      vertex 4.92153 7.31412 0
      vertex 7.34169 22.4343 0
    endloop
  endfacet
  facet normal 0 0 -1
    outer loop
      vertex 7.83432 24.0583 0
      vertex 5.83337 38.3082 0
      vertex 6 38.3 0
    endloop
  endfacet
  facet normal 0 0 -1
    outer loop
      vertex 4.79792 7.20208 0
      vertex 7.34169 22.4343 0
      vertex 4.92153 7.31412 0
    endloop
  endfacet
  facet normal 0 0 -1
    outer loop
      vertex 7.83432 24.0583 0
      vertex 5.66835 38.3327 0
      vertex 5.83337 38.3082 0
    endloop
  endfacet
  facet normal -0 0 -1
    outer loop
      vertex 7.34169 22.4343 0
      vertex 4.79792 7.20208 0
      vertex 7.29134 22.5408 0
    endloop
  endfacet
  facet normal 0 0 -1
    outer loop
      vertex 7.73332 23.9978 0
      vertex 5.50652 38.3732 0
      vertex 5.66835 38.3327 0
    endloop
  endfacet
  facet normal 0 0 -1
    outer loop
      vertex 0 4 0
      vertex 7.29134 22.5408 0
      vertex 4.79792 7.20208 0
    endloop
  endfacet
  facet normal 0 0 -1
    outer loop
      vertex 7.63873 23.9276 0
      vertex 5.34944 38.4294 0
      vertex 5.50652 38.3732 0
    endloop
  endfacet
  facet normal -0 0 -1
    outer loop
      vertex 7.29134 22.5408 0
      vertex 0 4 0
      vertex 7.25167 22.6517 0
    endloop
  endfacet
  facet normal 0 0 -1
    outer loop
      vertex 7.55147 23.8485 0
      vertex 5.19862 38.5007 0
      vertex 5.34944 38.4294 0
    endloop
  endfacet
  facet normal -0 0 -1
    outer loop
      vertex 7.25167 22.6517 0
      vertex 0 4 0
      vertex 7.22306 22.7659 0
    endloop
  endfacet
  facet normal 0 0 -1
    outer loop
      vertex 7.47239 23.7613 0
      vertex 5.05553 38.5865 0
      vertex 5.19862 38.5007 0
    endloop
  endfacet
  facet normal -0 0 -1
    outer loop
      vertex 7.22306 22.7659 0
      vertex 0 4 0
      vertex 7.20578 22.8824 0
    endloop
  endfacet
  facet normal 0 0 -1
    outer loop
      vertex 7.40224 23.6667 0
      vertex 4.92153 38.6859 0
      vertex 5.05553 38.5865 0
    endloop
  endfacet
  facet normal -0 0 -1
    outer loop
      vertex 7.20578 22.8824 0
      vertex 0 4 0
      vertex 7.2 23 0
    endloop
  endfacet
  facet normal 0 0 -1
    outer loop
      vertex 7.34169 23.5657 0
      vertex 4.79792 38.7979 0
      vertex 4.92153 38.6859 0
    endloop
  endfacet
  facet normal 0 0 -1
    outer loop
      vertex 0 4 0
      vertex 4.79792 7.20208 0
      vertex 4.68588 7.07847 0
    endloop
  endfacet
  facet normal 0 0 -1
    outer loop
      vertex 0 42 0
      vertex 7.2 23 0
      vertex 0 4 0
    endloop
  endfacet
  facet normal 0 0 -1
    outer loop
      vertex 0 4 0
      vertex 4.68588 7.07847 0
      vertex 4.5865 6.94447 0
    endloop
  endfacet
  facet normal 0 0 -1
    outer loop
      vertex 7.29134 23.4592 0
      vertex 0 42 0
      vertex 4.79792 38.7979 0
    endloop
  endfacet
  facet normal 0 0 -1
    outer loop
      vertex 0 4 0
      vertex 4.5865 6.94447 0
      vertex 4.50073 6.80137 0
    endloop
  endfacet
  facet normal 0 0 -1
    outer loop
      vertex 4.79792 38.7979 0
      vertex 0 42 0
      vertex 4.68588 38.9215 0
    endloop
  endfacet
  facet normal 0 0 -1
    outer loop
      vertex 0 4 0
      vertex 4.50073 6.80137 0
      vertex 4.4294 6.65056 0
    endloop
  endfacet
  facet normal 0 0 -1
    outer loop
      vertex 4.68588 38.9215 0
      vertex 0 42 0
      vertex 4.5865 39.0555 0
    endloop
  endfacet
  facet normal 0 0 -1
    outer loop
      vertex 0 4 0
      vertex 4.4294 6.65056 0
      vertex 4.3732 6.49348 0
    endloop
  endfacet
  facet normal 0 0 -1
    outer loop
      vertex 4.5865 39.0555 0
      vertex 0 42 0
      vertex 4.50073 39.1986 0
    endloop
  endfacet
  facet normal 0 0 -1
    outer loop
      vertex 0 4 0
      vertex 4.3732 6.49348 0
      vertex 4.33266 6.33165 0
    endloop
  endfacet
  facet normal 0 0 -1
    outer loop
      vertex 4.50073 39.1986 0
      vertex 0 42 0
      vertex 4.4294 39.3494 0
    endloop
  endfacet
  facet normal 0 0 -1
    outer loop
      vertex 0 4 0
      vertex 4.33266 6.33165 0
      vertex 4.30819 6.16663 0
    endloop
  endfacet
  facet normal 0 0 -1
    outer loop
      vertex 4.4294 39.3494 0
      vertex 0 42 0
      vertex 4.3732 39.5065 0
    endloop
  endfacet
  facet normal 0 0 -1
    outer loop
      vertex 0 4 0
      vertex 4.30819 6.16663 0
      vertex 4.3 6 0
    endloop
  endfacet
  facet normal 0 0 -1
    outer loop
      vertex 4.3732 39.5065 0
      vertex 0 42 0
      vertex 4.33266 39.6683 0
    endloop
  endfacet
  facet normal 0 0 -1
    outer loop
      vertex 65.6268 6.49348 0
      vertex 70 4 0
      vertex 65.6673 6.33165 0
    endloop
  endfacet
  facet normal 0 0 -1
    outer loop
      vertex 70 42 0
      vertex 65.6918 39.8334 0
      vertex 65.7 40 0
    endloop
  endfacet
  facet normal 0 0 -1
    outer loop
      vertex 65.5706 6.65056 0
      vertex 70 4 0
      vertex 65.6268 6.49348 0
    endloop
  endfacet
  facet normal 0 0 -1
    outer loop
      vertex 70 42 0
      vertex 65.6673 39.6683 0
      vertex 65.6918 39.8334 0
    endloop
  endfacet
  facet normal 0 0 -1
    outer loop
      vertex 65.4993 6.80137 0
      vertex 70 4 0
      vertex 65.5706 6.65056 0
    endloop
  endfacet
  facet normal 0 0 -1
    outer loop
      vertex 70 42 0
      vertex 65.6268 39.5065 0
      vertex 65.6673 39.6683 0
    endloop
  endfacet
  facet normal 0 0 -1
    outer loop
      vertex 65.4135 6.94447 0
      vertex 70 4 0
      vertex 65.4993 6.80137 0
    endloop
  endfacet
  facet normal 0 0 -1
    outer loop
      vertex 70 42 0
      vertex 65.5706 39.3494 0
      vertex 65.6268 39.5065 0
    endloop
  endfacet
  facet normal 0 0 -1
    outer loop
      vertex 65.3141 7.07847 0
      vertex 70 4 0
      vertex 65.4135 6.94447 0
    endloop
  endfacet
  facet normal 0 0 -1
    outer loop
      vertex 70 42 0
      vertex 65.4993 39.1986 0
      vertex 65.5706 39.3494 0
    endloop
  endfacet
  facet normal 0 0 -1
    outer loop
      vertex 65.2021 7.20208 0
      vertex 70 4 0
      vertex 65.3141 7.07847 0
    endloop
  endfacet
  facet normal 0 0 -1
    outer loop
      vertex 70 42 0
      vertex 65.4135 39.0555 0
      vertex 65.4993 39.1986 0
    endloop
  endfacet
  facet normal 0 0 -1
    outer loop
      vertex 70 4 0
      vertex 65.2021 7.20208 0
      vertex 70 42 0
    endloop
  endfacet
  facet normal 0 0 -1
    outer loop
      vertex 70 42 0
      vertex 65.3141 38.9215 0
      vertex 65.4135 39.0555 0
    endloop
  endfacet
  facet normal 0 0 -1
    outer loop
      vertex 65.2021 38.7979 0
      vertex 70 42 0
      vertex 65.2021 7.20208 0
    endloop
  endfacet
  facet normal 0 0 -1
    outer loop
      vertex 70 42 0
      vertex 65.2021 38.7979 0
      vertex 65.3141 38.9215 0
    endloop
  endfacet
  facet normal 0 0 -1
    outer loop
      vertex 65.0785 7.31412 0
      vertex 65.2021 38.7979 0
      vertex 65.2021 7.20208 0
    endloop
  endfacet
  facet normal 0 0 -1
    outer loop
      vertex 65.0785 7.31412 0
      vertex 65.0785 38.6859 0
      vertex 65.2021 38.7979 0
    endloop
  endfacet
  facet normal 0 0 -1
    outer loop
      vertex 64.9445 7.4135 0
      vertex 65.0785 38.6859 0
      vertex 65.0785 7.31412 0
    endloop
  endfacet
  facet normal 0 0 -1
    outer loop
      vertex 64.9445 7.4135 0
      vertex 64.9445 38.5865 0
      vertex 65.0785 38.6859 0
    endloop
  endfacet
  facet normal 0 0 -1
    outer loop
      vertex 64.8014 7.49927 0
      vertex 64.9445 38.5865 0
      vertex 64.9445 7.4135 0
    endloop
  endfacet
  facet normal 0 0 -1
    outer loop
      vertex 64.8014 7.49927 0
      vertex 64.8014 38.5007 0
      vertex 64.9445 38.5865 0
    endloop
  endfacet
  facet normal 0 0 -1
    outer loop
      vertex 64.6506 7.57059 0
      vertex 64.8014 38.5007 0
      vertex 64.8014 7.49927 0
    endloop
  endfacet
  facet normal 0 0 -1
    outer loop
      vertex 64.6506 7.57059 0
      vertex 64.6506 38.4294 0
      vertex 64.8014 38.5007 0
    endloop
  endfacet
  facet normal 0 0 -1
    outer loop
      vertex 64.4935 7.6268 0
      vertex 64.6506 38.4294 0
      vertex 64.6506 7.57059 0
    endloop
  endfacet
  facet normal 0 0 -1
    outer loop
      vertex 64.4935 7.6268 0
      vertex 64.4935 38.3732 0
      vertex 64.6506 38.4294 0
    endloop
  endfacet
  facet normal 0 0 -1
    outer loop
      vertex 64.3316 7.66733 0
      vertex 64.4935 38.3732 0
      vertex 64.4935 7.6268 0
    endloop
  endfacet
  facet normal 0 0 -1
    outer loop
      vertex 64.3316 7.66733 0
      vertex 64.3316 38.3327 0
      vertex 64.4935 38.3732 0
    endloop
  endfacet
  facet normal 0 0 -1
    outer loop
      vertex 64.1666 7.69181 0
      vertex 64.3316 38.3327 0
      vertex 64.3316 7.66733 0
    endloop
  endfacet
  facet normal 0 0 -1
    outer loop
      vertex 64.1666 7.69181 0
      vertex 64.1666 38.3082 0
      vertex 64.3316 38.3327 0
    endloop
  endfacet
  facet normal 0 0 -1
    outer loop
      vertex 64 7.7 0
      vertex 64.1666 38.3082 0
      vertex 64.1666 7.69181 0
    endloop
  endfacet
  facet normal 0 0 -1
    outer loop
      vertex 64 7.7 0
      vertex 64 38.3 0
      vertex 64.1666 38.3082 0
    endloop
  endfacet
  facet normal 0 0 -1
    outer loop
      vertex 63.8334 7.69181 0
      vertex 64 38.3 0
      vertex 64 7.7 0
    endloop
  endfacet
  facet normal 0 0 -1
    outer loop
      vertex 63.8334 7.69181 0
      vertex 63.8334 38.3082 0
      vertex 64 38.3 0
    endloop
  endfacet
  facet normal 0 0 -1
    outer loop
      vertex 63.6683 7.66733 0
      vertex 63.8334 38.3082 0
      vertex 63.8334 7.69181 0
    endloop
  endfacet
  facet normal 0 0 -1
    outer loop
      vertex 63.6683 7.66733 0
      vertex 63.6683 38.3327 0
      vertex 63.8334 38.3082 0
    endloop
  endfacet
  facet normal 0 0 -1
    outer loop
      vertex 63.5065 7.6268 0
      vertex 63.6683 38.3327 0
      vertex 63.6683 7.66733 0
    endloop
  endfacet
  facet normal 0 0 -1
    outer loop
      vertex 63.5065 7.6268 0
      vertex 63.5065 38.3732 0
      vertex 63.6683 38.3327 0
    endloop
  endfacet
  facet normal 0 0 -1
    outer loop
      vertex 63.3494 7.57059 0
      vertex 63.5065 38.3732 0
      vertex 63.5065 7.6268 0
    endloop
  endfacet
  facet normal 0 0 -1
    outer loop
      vertex 63.3494 7.57059 0
      vertex 63.3494 38.4294 0
      vertex 63.5065 38.3732 0
    endloop
  endfacet
  facet normal 0 0 -1
    outer loop
      vertex 63.1986 7.49927 0
      vertex 63.3494 38.4294 0
      vertex 63.3494 7.57059 0
    endloop
  endfacet
  facet normal 0 0 -1
    outer loop
      vertex 63.1986 7.49927 0
      vertex 63.1986 38.5007 0
      vertex 63.3494 38.4294 0
    endloop
  endfacet
  facet normal 0 0 -1
    outer loop
      vertex 36.6 23 0
      vertex 63.1986 7.49927 0
      vertex 63.0555 7.4135 0
    endloop
  endfacet
  facet normal 0 0 -1
    outer loop
      vertex 63.1986 7.49927 0
      vertex 36.6 23 0
      vertex 63.1986 38.5007 0
    endloop
  endfacet
  facet normal 0 0 -1
    outer loop
      vertex 36.5942 22.8824 0
      vertex 63.0555 7.4135 0
      vertex 62.9215 7.31412 0
    endloop
  endfacet
  facet normal -0 0 -1
    outer loop
      vertex 63.1986 38.5007 0
      vertex 36.6 23 0
      vertex 63.0555 38.5865 0
    endloop
  endfacet
  facet normal 0 0 -1
    outer loop
      vertex 36.5769 22.7659 0
      vertex 62.9215 7.31412 0
      vertex 62.7979 7.20208 0
    endloop
  endfacet
  facet normal 0 0 -1
    outer loop
      vertex 36.5942 23.1176 0
      vertex 63.0555 38.5865 0
      vertex 36.6 23 0
    endloop
  endfacet
  facet normal 0 0 -1
    outer loop
      vertex 36.5483 22.6517 0
      vertex 62.7979 7.20208 0
      vertex 62.6859 7.07847 0
    endloop
  endfacet
  facet normal -0 0 -1
    outer loop
      vertex 63.0555 38.5865 0
      vertex 36.5942 23.1176 0
      vertex 62.9215 38.6859 0
    endloop
  endfacet
  facet normal 0 0 -1
    outer loop
      vertex 36.5087 22.5408 0
      vertex 62.6859 7.07847 0
      vertex 62.5865 6.94447 0
    endloop
  endfacet
  facet normal 0 0 -1
    outer loop
      vertex 36.5769 23.2341 0
      vertex 62.9215 38.6859 0
      vertex 36.5942 23.1176 0
    endloop
  endfacet
  facet normal 0 0 -1
    outer loop
      vertex 36.4583 22.4343 0
      vertex 62.5865 6.94447 0
      vertex 62.5007 6.80137 0
    endloop
  endfacet
  facet normal -0 0 -1
    outer loop
      vertex 62.9215 38.6859 0
      vertex 36.5769 23.2341 0
      vertex 62.7979 38.7979 0
    endloop
  endfacet
  facet normal 0 0 -1
    outer loop
      vertex 36.3978 22.3333 0
      vertex 62.5007 6.80137 0
      vertex 62.4294 6.65056 0
    endloop
  endfacet
  facet normal 0 0 -1
    outer loop
      vertex 36.5483 23.3483 0
      vertex 62.7979 38.7979 0
      vertex 36.5769 23.2341 0
    endloop
  endfacet
  facet normal 0 0 -1
    outer loop
      vertex 36.3276 22.2387 0
      vertex 62.4294 6.65056 0
      vertex 62.3732 6.49348 0
    endloop
  endfacet
  facet normal -0 0 -1
    outer loop
      vertex 62.7979 38.7979 0
      vertex 36.5483 23.3483 0
      vertex 62.6859 38.9215 0
    endloop
  endfacet
  facet normal 0 0 -1
    outer loop
      vertex 36.2485 22.1515 0
      vertex 62.3732 6.49348 0
      vertex 62.3327 6.33165 0
    endloop
  endfacet
  facet normal 0 0 -1
    outer loop
      vertex 36.5087 23.4592 0
      vertex 62.6859 38.9215 0
      vertex 36.5483 23.3483 0
    endloop
  endfacet
  facet normal 0 0 -1
    outer loop
      vertex 36.1613 22.0724 0
      vertex 62.3327 6.33165 0
      vertex 62.3082 6.16663 0
    endloop
  endfacet
  facet normal -0 0 -1
    outer loop
      vertex 62.6859 38.9215 0
      vertex 36.5087 23.4592 0
      vertex 62.5865 39.0555 0
    endloop
  endfacet
  facet normal 0 0 -1
    outer loop
      vertex 36.0667 22.0022 0
      vertex 62.3082 6.16663 0
      vertex 62.3 6 0
    endloop
  endfacet
  facet normal 0 0 -1
    outer loop
      vertex 36.4583 23.5657 0
      vertex 62.5865 39.0555 0
      vertex 36.5087 23.4592 0
    endloop
  endfacet
  facet normal 0 0 -1
    outer loop
      vertex 65.4993 5.19862 0
      vertex 70 4 0
      vertex 69.9807 3.60793 0
    endloop
  endfacet
  facet normal 0 0 -1
    outer loop
      vertex 65.6918 6.16663 0
      vertex 70 4 0
      vertex 65.7 6 0
    endloop
  endfacet
  facet normal 0 0 -1
    outer loop
      vertex 65.4135 5.05553 0
      vertex 69.9807 3.60793 0
      vertex 69.9231 3.21964 0
    endloop
  endfacet
  facet normal 0 0 -1
    outer loop
      vertex 65.6673 6.33165 0
      vertex 70 4 0
      vertex 65.6918 6.16663 0
    endloop
  endfacet
  facet normal 0 0 -1
    outer loop
      vertex 65.4135 5.05553 0
      vertex 69.9231 3.21964 0
      vertex 69.8278 2.83887 0
    endloop
  endfacet
  facet normal 0 0 -1
    outer loop
      vertex 65.6918 40.1666 0
      vertex 70 42 0
      vertex 65.7 40 0
    endloop
  endfacet
  facet normal 0 0 -1
    outer loop
      vertex 65.4135 5.05553 0
      vertex 69.8278 2.83887 0
      vertex 69.6955 2.46927 0
    endloop
  endfacet
  facet normal 0 0 -1
    outer loop
      vertex 65.6673 40.3317 0
      vertex 70 42 0
      vertex 65.6918 40.1666 0
    endloop
  endfacet
  facet normal 0 0 -1
    outer loop
      vertex 65.3141 4.92153 0
      vertex 69.6955 2.46927 0
      vertex 69.5277 2.11441 0
    endloop
  endfacet
  facet normal 0 0 -1
    outer loop
      vertex 65.6268 40.4935 0
      vertex 70 42 0
      vertex 65.6673 40.3317 0
    endloop
  endfacet
  facet normal 0 0 -1
    outer loop
      vertex 65.3141 4.92153 0
      vertex 69.5277 2.11441 0
      vertex 69.3259 1.77773 0
    endloop
  endfacet
  facet normal 0 0 -1
    outer loop
      vertex 65.5706 40.6506 0
      vertex 70 42 0
      vertex 65.6268 40.4935 0
    endloop
  endfacet
  facet normal 0 0 -1
    outer loop
      vertex 65.3141 4.92153 0
      vertex 69.3259 1.77773 0
      vertex 69.092 1.46243 0
    endloop
  endfacet
  facet normal 0 0 -1
    outer loop
      vertex 65.4993 40.8014 0
      vertex 70 42 0
      vertex 65.5706 40.6506 0
    endloop
  endfacet
  facet normal 0 0 -1
    outer loop
      vertex 65.2021 4.79792 0
      vertex 69.092 1.46243 0
      vertex 68.8284 1.17157 0
    endloop
  endfacet
  facet normal -0 0 -1
    outer loop
      vertex 70 42 0
      vertex 65.4993 40.8014 0
      vertex 69.9807 42.3921 0
    endloop
  endfacet
  facet normal 0 0 -1
    outer loop
      vertex 65.2021 4.79792 0
      vertex 68.8284 1.17157 0
      vertex 68.5376 0.907959 0
    endloop
  endfacet
  facet normal 0 0 -1
    outer loop
      vertex 65.4135 40.9445 0
      vertex 69.9807 42.3921 0
      vertex 65.4993 40.8014 0
    endloop
  endfacet
  facet normal 0 0 -1
    outer loop
      vertex 65.2021 4.79792 0
      vertex 68.5376 0.907959 0
      vertex 68.2223 0.674118 0
    endloop
  endfacet
  facet normal -0 0 -1
    outer loop
      vertex 69.9807 42.3921 0
      vertex 65.4135 40.9445 0
      vertex 69.9231 42.7804 0
    endloop
  endfacet
  facet normal 0 0 -1
    outer loop
      vertex 65.0785 4.68588 0
      vertex 68.2223 0.674118 0
      vertex 67.8856 0.472321 0
    endloop
  endfacet
  facet normal -0 0 -1
    outer loop
      vertex 69.9231 42.7804 0
      vertex 65.4135 40.9445 0
      vertex 69.8278 43.1611 0
    endloop
  endfacet
  facet normal 0 0 -1
    outer loop
      vertex 65.0785 4.68588 0
      vertex 67.8856 0.472321 0
      vertex 67.5307 0.304489 0
    endloop
  endfacet
  facet normal -0 0 -1
    outer loop
      vertex 69.8278 43.1611 0
      vertex 65.4135 40.9445 0
      vertex 69.6955 43.5307 0
    endloop
  endfacet
  facet normal 0 0 -1
    outer loop
      vertex 65.0785 4.68588 0
      vertex 67.5307 0.304489 0
      vertex 67.1611 0.172241 0
    endloop
  endfacet
  facet normal 0 0 -1
    outer loop
      vertex 65.3141 41.0785 0
      vertex 69.6955 43.5307 0
      vertex 65.4135 40.9445 0
    endloop
  endfacet
  facet normal 0 0 -1
    outer loop
      vertex 64.9445 4.5865 0
      vertex 67.1611 0.172241 0
      vertex 66.7804 0.0768585 0
    endloop
  endfacet
  facet normal -0 0 -1
    outer loop
      vertex 69.6955 43.5307 0
      vertex 65.3141 41.0785 0
      vertex 69.5277 43.8856 0
    endloop
  endfacet
  facet normal 0 0 -1
    outer loop
      vertex 64.9445 4.5865 0
      vertex 66.7804 0.0768585 0
      vertex 66.3921 0.0192566 0
    endloop
  endfacet
  facet normal -0 0 -1
    outer loop
      vertex 69.5277 43.8856 0
      vertex 65.3141 41.0785 0
      vertex 69.3259 44.2223 0
    endloop
  endfacet
  facet normal 0 0 -1
    outer loop
      vertex 64.8014 4.50073 0
      vertex 66.3921 0.0192566 0
      vertex 66 0 0
    endloop
  endfacet
  facet normal -0 0 -1
    outer loop
      vertex 69.3259 44.2223 0
      vertex 65.3141 41.0785 0
      vertex 69.092 44.5376 0
    endloop
  endfacet
  facet normal 0 0 -1
    outer loop
      vertex 65.2021 41.2021 0
      vertex 69.092 44.5376 0
      vertex 65.3141 41.0785 0
    endloop
  endfacet
  facet normal 0 0 -1
    outer loop
      vertex 70 4 0
      vertex 65.6918 5.83337 0
      vertex 65.7 6 0
    endloop
  endfacet
  facet normal 0 0 -1
    outer loop
      vertex 70 4 0
      vertex 65.6673 5.66835 0
      vertex 65.6918 5.83337 0
    endloop
  endfacet
  facet normal 0 0 -1
    outer loop
      vertex 70 4 0
      vertex 65.6268 5.50652 0
      vertex 65.6673 5.66835 0
    endloop
  endfacet
  facet normal 0 0 -1
    outer loop
      vertex 70 4 0
      vertex 65.5706 5.34944 0
      vertex 65.6268 5.50652 0
    endloop
  endfacet
  facet normal 0 0 -1
    outer loop
      vertex 70 4 0
      vertex 65.4993 5.19862 0
      vertex 65.5706 5.34944 0
    endloop
  endfacet
  facet normal 0 0 -1
    outer loop
      vertex 69.9807 3.60793 0
      vertex 65.4135 5.05553 0
      vertex 65.4993 5.19862 0
    endloop
  endfacet
  facet normal 0 0 -1
    outer loop
      vertex 69.6955 2.46927 0
      vertex 65.3141 4.92153 0
      vertex 65.4135 5.05553 0
    endloop
  endfacet
  facet normal 0 0 -1
    outer loop
      vertex 69.092 1.46243 0
      vertex 65.2021 4.79792 0
      vertex 65.3141 4.92153 0
    endloop
  endfacet
  facet normal 0 0 -1
    outer loop
      vertex 68.2223 0.674118 0
      vertex 65.0785 4.68588 0
      vertex 65.2021 4.79792 0
    endloop
  endfacet
  facet normal 0 0 -1
    outer loop
      vertex 67.1611 0.172241 0
      vertex 64.9445 4.5865 0
      vertex 65.0785 4.68588 0
    endloop
  endfacet
  facet normal 0 0 -1
    outer loop
      vertex 66.3921 0.0192566 0
      vertex 64.8014 4.50073 0
      vertex 64.9445 4.5865 0
    endloop
  endfacet
  facet normal 0 0 -1
    outer loop
      vertex 66 0 0
      vertex 64.6506 4.4294 0
      vertex 64.8014 4.50073 0
    endloop
  endfacet
  facet normal 0 0 -1
    outer loop
      vertex 66 0 0
      vertex 64.4935 4.3732 0
      vertex 64.6506 4.4294 0
    endloop
  endfacet
  facet normal 0 0 -1
    outer loop
      vertex 66 0 0
      vertex 64.3316 4.33266 0
      vertex 64.4935 4.3732 0
    endloop
  endfacet
  facet normal 0 0 -1
    outer loop
      vertex 66 0 0
      vertex 64.1666 4.30819 0
      vertex 64.3316 4.33266 0
    endloop
  endfacet
  facet normal 0 0 -1
    outer loop
      vertex 66 0 0
      vertex 64 4.3 0
      vertex 64.1666 4.30819 0
    endloop
  endfacet
  facet normal 0 0 -1
    outer loop
      vertex 66 0 0
      vertex 63.8334 4.30819 0
      vertex 64 4.3 0
    endloop
  endfacet
  facet normal 0 0 -1
    outer loop
      vertex 66 0 0
      vertex 63.6683 4.33266 0
      vertex 63.8334 4.30819 0
    endloop
  endfacet
  facet normal 0 0 -1
    outer loop
      vertex 66 0 0
      vertex 63.5065 4.3732 0
      vertex 63.6683 4.33266 0
    endloop
  endfacet
  facet normal 0 0 -1
    outer loop
      vertex 66 0 0
      vertex 63.3494 4.4294 0
      vertex 63.5065 4.3732 0
    endloop
  endfacet
  facet normal 0 0 -1
    outer loop
      vertex 66 0 0
      vertex 63.1986 4.50073 0
      vertex 63.3494 4.4294 0
    endloop
  endfacet
  facet normal 0 0 -1
    outer loop
      vertex 66 0 0
      vertex 63.0555 4.5865 0
      vertex 63.1986 4.50073 0
    endloop
  endfacet
  facet normal 0 0 -1
    outer loop
      vertex 66 0 0
      vertex 62.9215 4.68588 0
      vertex 63.0555 4.5865 0
    endloop
  endfacet
  facet normal 0 0 -1
    outer loop
      vertex 66 0 0
      vertex 62.7979 4.79792 0
      vertex 62.9215 4.68588 0
    endloop
  endfacet
  facet normal 0 0 -1
    outer loop
      vertex 66 0 0
      vertex 62.6859 4.92153 0
      vertex 62.7979 4.79792 0
    endloop
  endfacet
  facet normal 0 0 -1
    outer loop
      vertex 7.31412 4.92153 0
      vertex 62.6859 4.92153 0
      vertex 66 0 0
    endloop
  endfacet
  facet normal -0 0 -1
    outer loop
      vertex 62.5865 39.0555 0
      vertex 36.4583 23.5657 0
      vertex 62.5007 39.1986 0
    endloop
  endfacet
  facet normal 0 0 -1
    outer loop
      vertex 35.8592 21.8913 0
      vertex 62.3 6 0
      vertex 62.3082 5.83337 0
    endloop
  endfacet
  facet normal 0 0 -1
    outer loop
      vertex 35.7483 21.8517 0
      vertex 62.3082 5.83337 0
      vertex 62.3327 5.66835 0
    endloop
  endfacet
  facet normal 0 0 -1
    outer loop
      vertex 35.6341 21.8231 0
      vertex 62.3327 5.66835 0
      vertex 62.3732 5.50652 0
    endloop
  endfacet
  facet normal 0 0 -1
    outer loop
      vertex 35.5176 21.8058 0
      vertex 62.3732 5.50652 0
      vertex 62.4294 5.34944 0
    endloop
  endfacet
  facet normal 0 0 -1
    outer loop
      vertex 35.4 21.8 0
      vertex 62.4294 5.34944 0
      vertex 62.5007 5.19862 0
    endloop
  endfacet
  facet normal 0 0 -1
    outer loop
      vertex 7.49927 5.19862 0
      vertex 62.5007 5.19862 0
      vertex 62.5865 5.05553 0
    endloop
  endfacet
  facet normal 0 0 -1
    outer loop
      vertex 62.6859 4.92153 0
      vertex 7.31412 4.92153 0
      vertex 62.5865 5.05553 0
    endloop
  endfacet
  facet normal 0 0 -1
    outer loop
      vertex 63.0555 7.4135 0
      vertex 36.5942 22.8824 0
      vertex 36.6 23 0
    endloop
  endfacet
  facet normal 0 0 -1
    outer loop
      vertex 62.9215 7.31412 0
      vertex 36.5769 22.7659 0
      vertex 36.5942 22.8824 0
    endloop
  endfacet
  facet normal 0 0 -1
    outer loop
      vertex 62.7979 7.20208 0
      vertex 36.5483 22.6517 0
      vertex 36.5769 22.7659 0
    endloop
  endfacet
  facet normal 0 0 -1
    outer loop
      vertex 62.6859 7.07847 0
      vertex 36.5087 22.5408 0
      vertex 36.5483 22.6517 0
    endloop
  endfacet
  facet normal 0 0 -1
    outer loop
      vertex 62.5865 6.94447 0
      vertex 36.4583 22.4343 0
      vertex 36.5087 22.5408 0
    endloop
  endfacet
  facet normal 0 0 -1
    outer loop
      vertex 62.5007 6.80137 0
      vertex 36.3978 22.3333 0
      vertex 36.4583 22.4343 0
    endloop
  endfacet
  facet normal 0 0 -1
    outer loop
      vertex 62.4294 6.65056 0
      vertex 36.3276 22.2387 0
      vertex 36.3978 22.3333 0
    endloop
  endfacet
  facet normal 0 0 -1
    outer loop
      vertex 62.3732 6.49348 0
      vertex 36.2485 22.1515 0
      vertex 36.3276 22.2387 0
    endloop
  endfacet
  facet normal 0 0 -1
    outer loop
      vertex 62.3327 6.33165 0
      vertex 36.1613 22.0724 0
      vertex 36.2485 22.1515 0
    endloop
  endfacet
  facet normal 0 0 -1
    outer loop
      vertex 62.3082 6.16663 0
      vertex 36.0667 22.0022 0
      vertex 36.1613 22.0724 0
    endloop
  endfacet
  facet normal 0 0 -1
    outer loop
      vertex 62.3 6 0
      vertex 35.9657 21.9417 0
      vertex 36.0667 22.0022 0
    endloop
  endfacet
  facet normal 0 0 -1
    outer loop
      vertex 62.3 6 0
      vertex 35.8592 21.8913 0
      vertex 35.9657 21.9417 0
    endloop
  endfacet
  facet normal 0 0 -1
    outer loop
      vertex 62.3082 5.83337 0
      vertex 35.7483 21.8517 0
      vertex 35.8592 21.8913 0
    endloop
  endfacet
  facet normal 0 0 -1
    outer loop
      vertex 62.3327 5.66835 0
      vertex 35.6341 21.8231 0
      vertex 35.7483 21.8517 0
    endloop
  endfacet
  facet normal 0 0 -1
    outer loop
      vertex 62.3732 5.50652 0
      vertex 35.5176 21.8058 0
      vertex 35.6341 21.8231 0
    endloop
  endfacet
  facet normal 0 0 -1
    outer loop
      vertex 62.4294 5.34944 0
      vertex 35.4 21.8 0
      vertex 35.5176 21.8058 0
    endloop
  endfacet
  facet normal 0 0 -1
    outer loop
      vertex 62.5007 5.19862 0
      vertex 7.49927 5.19862 0
      vertex 35.4 21.8 0
    endloop
  endfacet
  facet normal -0 0 -1
    outer loop
      vertex 35.4 21.8 0
      vertex 7.49927 5.19862 0
      vertex 35.2824 21.8058 0
    endloop
  endfacet
  facet normal 0 -0 -1
    outer loop
      vertex 7.57059 5.34944 0
      vertex 35.2824 21.8058 0
      vertex 7.49927 5.19862 0
    endloop
  endfacet
  facet normal -0 0 -1
    outer loop
      vertex 35.2824 21.8058 0
      vertex 7.57059 5.34944 0
      vertex 35.1659 21.8231 0
    endloop
  endfacet
  facet normal 0 -0 -1
    outer loop
      vertex 7.6268 5.50652 0
      vertex 35.1659 21.8231 0
      vertex 7.57059 5.34944 0
    endloop
  endfacet
  facet normal -0 0 -1
    outer loop
      vertex 35.1659 21.8231 0
      vertex 7.6268 5.50652 0
      vertex 35.0517 21.8517 0
    endloop
  endfacet
  facet normal 0 0 -1
    outer loop
      vertex 34.2058 22.8824 0
      vertex 9.6 23 0
      vertex 34.2 23 0
    endloop
  endfacet
  facet normal 0 0 -1
    outer loop
      vertex 9.59422 22.8824 0
      vertex 34.2058 22.8824 0
      vertex 34.2231 22.7659 0
    endloop
  endfacet
  facet normal 0 0 -1
    outer loop
      vertex 9.57694 22.7659 0
      vertex 34.2231 22.7659 0
      vertex 34.2517 22.6517 0
    endloop
  endfacet
  facet normal 0 0 -1
    outer loop
      vertex 9.54833 22.6517 0
      vertex 34.2517 22.6517 0
      vertex 34.2913 22.5408 0
    endloop
  endfacet
  facet normal 0 0 -1
    outer loop
      vertex 9.50865 22.5408 0
      vertex 34.2913 22.5408 0
      vertex 34.3417 22.4343 0
    endloop
  endfacet
  facet normal 0 0 -1
    outer loop
      vertex 9.45831 22.4343 0
      vertex 34.3417 22.4343 0
      vertex 34.4022 22.3333 0
    endloop
  endfacet
  facet normal 0 0 -1
    outer loop
      vertex 9.39776 22.3333 0
      vertex 34.4022 22.3333 0
      vertex 34.4724 22.2387 0
    endloop
  endfacet
  facet normal 0 0 -1
    outer loop
      vertex 7.6268 6.49348 0
      vertex 34.4724 22.2387 0
      vertex 34.5515 22.1515 0
    endloop
  endfacet
  facet normal 0 0 -1
    outer loop
      vertex 7.66733 6.33165 0
      vertex 34.5515 22.1515 0
      vertex 34.6387 22.0724 0
    endloop
  endfacet
  facet normal 0 0 -1
    outer loop
      vertex 7.69181 6.16663 0
      vertex 34.6387 22.0724 0
      vertex 34.7333 22.0022 0
    endloop
  endfacet
  facet normal 0 -0 -1
    outer loop
      vertex 7.66733 5.66835 0
      vertex 35.0517 21.8517 0
      vertex 7.6268 5.50652 0
    endloop
  endfacet
  facet normal 0 0 -1
    outer loop
      vertex 34.2058 22.8824 0
      vertex 9.59422 22.8824 0
      vertex 9.6 23 0
    endloop
  endfacet
  facet normal 0 0 -1
    outer loop
      vertex 34.2231 22.7659 0
      vertex 9.57694 22.7659 0
      vertex 9.59422 22.8824 0
    endloop
  endfacet
  facet normal 0 0 -1
    outer loop
      vertex 34.2517 22.6517 0
      vertex 9.54833 22.6517 0
      vertex 9.57694 22.7659 0
    endloop
  endfacet
  facet normal 0 0 -1
    outer loop
      vertex 34.2913 22.5408 0
      vertex 9.50865 22.5408 0
      vertex 9.54833 22.6517 0
    endloop
  endfacet
  facet normal 0 0 -1
    outer loop
      vertex 34.5515 22.1515 0
      vertex 7.66733 6.33165 0
      vertex 7.6268 6.49348 0
    endloop
  endfacet
  facet normal 0 0 -1
    outer loop
      vertex 34.3417 22.4343 0
      vertex 9.45831 22.4343 0
      vertex 9.50865 22.5408 0
    endloop
  endfacet
  facet normal 0 0 -1
    outer loop
      vertex 34.4724 22.2387 0
      vertex 7.6268 6.49348 0
      vertex 7.57059 6.65056 0
    endloop
  endfacet
  facet normal 0 0 -1
    outer loop
      vertex 34.4022 22.3333 0
      vertex 9.39776 22.3333 0
      vertex 9.45831 22.4343 0
    endloop
  endfacet
  facet normal -0 0 -1
    outer loop
      vertex 34.4724 22.2387 0
      vertex 7.57059 6.65056 0
      vertex 9.39776 22.3333 0
    endloop
  endfacet
  facet normal 0 0 -1
    outer loop
      vertex 9.39776 22.3333 0
      vertex 7.57059 6.65056 0
      vertex 9.32761 22.2387 0
    endloop
  endfacet
  facet normal 0 0 -1
    outer loop
      vertex 7.49927 6.80137 0
      vertex 9.32761 22.2387 0
      vertex 7.57059 6.65056 0
    endloop
  endfacet
  facet normal 0 0 -1
    outer loop
      vertex 9.32761 22.2387 0
      vertex 7.49927 6.80137 0
      vertex 9.24853 22.1515 0
    endloop
  endfacet
  facet normal 0 0 -1
    outer loop
      vertex 7.4135 6.94447 0
      vertex 9.24853 22.1515 0
      vertex 7.49927 6.80137 0
    endloop
  endfacet
  facet normal 0 0 -1
    outer loop
      vertex 9.24853 22.1515 0
      vertex 7.4135 6.94447 0
      vertex 9.16127 22.0724 0
    endloop
  endfacet
  facet normal 0 0 -1
    outer loop
      vertex 7.31412 7.07847 0
      vertex 9.16127 22.0724 0
      vertex 7.4135 6.94447 0
    endloop
  endfacet
  facet normal 0 0 -1
    outer loop
      vertex 9.16127 22.0724 0
      vertex 7.31412 7.07847 0
      vertex 9.06668 22.0022 0
    endloop
  endfacet
  facet normal 0 0 -1
    outer loop
      vertex 7.20208 7.20208 0
      vertex 9.06668 22.0022 0
      vertex 7.31412 7.07847 0
    endloop
  endfacet
  facet normal 0 0 -1
    outer loop
      vertex 9.06668 22.0022 0
      vertex 7.20208 7.20208 0
      vertex 8.96568 21.9417 0
    endloop
  endfacet
  facet normal 0 0 -1
    outer loop
      vertex 7.07847 7.31412 0
      vertex 8.96568 21.9417 0
      vertex 7.20208 7.20208 0
    endloop
  endfacet
  facet normal 0 0 -1
    outer loop
      vertex 8.96568 21.9417 0
      vertex 7.07847 7.31412 0
      vertex 8.85922 21.8913 0
    endloop
  endfacet
  facet normal 0 0 -1
    outer loop
      vertex 6.94447 7.4135 0
      vertex 8.85922 21.8913 0
      vertex 7.07847 7.31412 0
    endloop
  endfacet
  facet normal 0 0 -1
    outer loop
      vertex 34.6387 22.0724 0
      vertex 7.69181 6.16663 0
      vertex 7.66733 6.33165 0
    endloop
  endfacet
  facet normal 0 0 -1
    outer loop
      vertex 34.7333 22.0022 0
      vertex 7.7 6 0
      vertex 7.69181 6.16663 0
    endloop
  endfacet
  facet normal -0 0 -1
    outer loop
      vertex 34.8343 21.9417 0
      vertex 7.7 6 0
      vertex 34.7333 22.0022 0
    endloop
  endfacet
  facet normal 0 -0 -1
    outer loop
      vertex 7.7 6 0
      vertex 34.8343 21.9417 0
      vertex 7.69181 5.83337 0
    endloop
  endfacet
  facet normal -0 0 -1
    outer loop
      vertex 34.9408 21.8913 0
      vertex 7.69181 5.83337 0
      vertex 34.8343 21.9417 0
    endloop
  endfacet
  facet normal 0 -0 -1
    outer loop
      vertex 7.69181 5.83337 0
      vertex 34.9408 21.8913 0
      vertex 7.66733 5.66835 0
    endloop
  endfacet
  facet normal -0 0 -1
    outer loop
      vertex 35.0517 21.8517 0
      vertex 7.66733 5.66835 0
      vertex 34.9408 21.8913 0
    endloop
  endfacet
  facet normal 0 0 -1
    outer loop
      vertex 62.5865 5.05553 0
      vertex 7.4135 5.05553 0
      vertex 7.49927 5.19862 0
    endloop
  endfacet
  facet normal -0 0 -1
    outer loop
      vertex 62.5865 5.05553 0
      vertex 7.31412 4.92153 0
      vertex 7.4135 5.05553 0
    endloop
  endfacet
  facet normal 0 0 -1
    outer loop
      vertex 4 0 0
      vertex 7.31412 4.92153 0
      vertex 66 0 0
    endloop
  endfacet
  facet normal 0 0 -1
    outer loop
      vertex 7.31412 4.92153 0
      vertex 4 0 0
      vertex 7.20208 4.79792 0
    endloop
  endfacet
  facet normal 0 0 -1
    outer loop
      vertex 7.20208 4.79792 0
      vertex 4 0 0
      vertex 7.07847 4.68588 0
    endloop
  endfacet
  facet normal 0 0 -1
    outer loop
      vertex 7.07847 4.68588 0
      vertex 4 0 0
      vertex 6.94447 4.5865 0
    endloop
  endfacet
  facet normal 0 0 -1
    outer loop
      vertex 6.94447 4.5865 0
      vertex 4 0 0
      vertex 6.80137 4.50073 0
    endloop
  endfacet
  facet normal 0 0 -1
    outer loop
      vertex 6.80137 4.50073 0
      vertex 4 0 0
      vertex 6.65056 4.4294 0
    endloop
  endfacet
  facet normal 0 0 -1
    outer loop
      vertex 6.65056 4.4294 0
      vertex 4 0 0
      vertex 6.49348 4.3732 0
    endloop
  endfacet
  facet normal 0 0 -1
    outer loop
      vertex 6.49348 4.3732 0
      vertex 4 0 0
      vertex 6.33165 4.33266 0
    endloop
  endfacet
  facet normal 0 0 -1
    outer loop
      vertex 6.33165 4.33266 0
      vertex 4 0 0
      vertex 6.16663 4.30819 0
    endloop
  endfacet
  facet normal 0 0 -1
    outer loop
      vertex 6.16663 4.30819 0
      vertex 4 0 0
      vertex 6 4.3 0
    endloop
  endfacet
  facet normal 0 0 -1
    outer loop
      vertex 0.907959 1.46243 0
      vertex 4.79792 4.79792 0
      vertex 1.17157 1.17157 0
    endloop
  endfacet
  facet normal 0 0 -1
    outer loop
      vertex 1.17157 1.17157 0
      vertex 4.79792 4.79792 0
      vertex 1.46243 0.907959 0
    endloop
  endfacet
  facet normal 0 0 -1
    outer loop
      vertex 1.46243 0.907959 0
      vertex 4.79792 4.79792 0
      vertex 1.77773 0.674118 0
    endloop
  endfacet
  facet normal -0 0 -1
    outer loop
      vertex 4.92153 4.68588 0
      vertex 1.77773 0.674118 0
      vertex 4.79792 4.79792 0
    endloop
  endfacet
  facet normal 0 0 -1
    outer loop
      vertex 1.77773 0.674118 0
      vertex 4.92153 4.68588 0
      vertex 2.11441 0.472321 0
    endloop
  endfacet
  facet normal 0 0 -1
    outer loop
      vertex 2.11441 0.472321 0
      vertex 4.92153 4.68588 0
      vertex 2.46927 0.304489 0
    endloop
  endfacet
  facet normal 0 0 -1
    outer loop
      vertex 2.46927 0.304489 0
      vertex 4.92153 4.68588 0
      vertex 2.83887 0.172241 0
    endloop
  endfacet
  facet normal -0 0 -1
    outer loop
      vertex 5.05553 4.5865 0
      vertex 2.83887 0.172241 0
      vertex 4.92153 4.68588 0
    endloop
  endfacet
  facet normal 0 0 -1
    outer loop
      vertex 2.83887 0.172241 0
      vertex 5.05553 4.5865 0
      vertex 3.21964 0.0768585 0
    endloop
  endfacet
  facet normal 0 0 -1
    outer loop
      vertex 3.21964 0.0768585 0
      vertex 5.05553 4.5865 0
      vertex 3.60793 0.0192566 0
    endloop
  endfacet
  facet normal -0 0 -1
    outer loop
      vertex 5.19862 4.50073 0
      vertex 3.60793 0.0192566 0
      vertex 5.05553 4.5865 0
    endloop
  endfacet
  facet normal 0 0 -1
    outer loop
      vertex 3.60793 0.0192566 0
      vertex 5.19862 4.50073 0
      vertex 4 0 0
    endloop
  endfacet
  facet normal -0 0 -1
    outer loop
      vertex 5.34944 4.4294 0
      vertex 4 0 0
      vertex 5.19862 4.50073 0
    endloop
  endfacet
  facet normal -0 0 -1
    outer loop
      vertex 5.50652 4.3732 0
      vertex 4 0 0
      vertex 5.34944 4.4294 0
    endloop
  endfacet
  facet normal -0 0 -1
    outer loop
      vertex 5.66835 4.33266 0
      vertex 4 0 0
      vertex 5.50652 4.3732 0
    endloop
  endfacet
  facet normal -0 0 -1
    outer loop
      vertex 5.83337 4.30819 0
      vertex 4 0 0
      vertex 5.66835 4.33266 0
    endloop
  endfacet
  facet normal -0 0 -1
    outer loop
      vertex 6 4.3 0
      vertex 4 0 0
      vertex 5.83337 4.30819 0
    endloop
  endfacet
  facet normal -0 0 -1
    outer loop
      vertex 69.092 44.5376 0
      vertex 65.2021 41.2021 0
      vertex 68.8284 44.8284 0
    endloop
  endfacet
  facet normal -0 0 -1
    outer loop
      vertex 68.8284 44.8284 0
      vertex 65.2021 41.2021 0
      vertex 68.5376 45.092 0
    endloop
  endfacet
  facet normal -0 0 -1
    outer loop
      vertex 68.5376 45.092 0
      vertex 65.2021 41.2021 0
      vertex 68.2223 45.3259 0
    endloop
  endfacet
  facet normal 0 0 -1
    outer loop
      vertex 65.0785 41.3141 0
      vertex 68.2223 45.3259 0
      vertex 65.2021 41.2021 0
    endloop
  endfacet
  facet normal -0 0 -1
    outer loop
      vertex 68.2223 45.3259 0
      vertex 65.0785 41.3141 0
      vertex 67.8856 45.5277 0
    endloop
  endfacet
  facet normal -0 0 -1
    outer loop
      vertex 67.8856 45.5277 0
      vertex 65.0785 41.3141 0
      vertex 67.5307 45.6955 0
    endloop
  endfacet
  facet normal -0 0 -1
    outer loop
      vertex 67.5307 45.6955 0
      vertex 65.0785 41.3141 0
      vertex 67.1611 45.8278 0
    endloop
  endfacet
  facet normal 0 0 -1
    outer loop
      vertex 64.9445 41.4135 0
      vertex 67.1611 45.8278 0
      vertex 65.0785 41.3141 0
    endloop
  endfacet
  facet normal -0 0 -1
    outer loop
      vertex 67.1611 45.8278 0
      vertex 64.9445 41.4135 0
      vertex 66.7804 45.9231 0
    endloop
  endfacet
  facet normal -0 0 -1
    outer loop
      vertex 66.7804 45.9231 0
      vertex 64.9445 41.4135 0
      vertex 66.3921 45.9807 0
    endloop
  endfacet
  facet normal 0 0 -1
    outer loop
      vertex 64.8014 41.4993 0
      vertex 66.3921 45.9807 0
      vertex 64.9445 41.4135 0
    endloop
  endfacet
  facet normal -0 0 -1
    outer loop
      vertex 66.3921 45.9807 0
      vertex 64.8014 41.4993 0
      vertex 66 46 0
    endloop
  endfacet
  facet normal 0 0 -1
    outer loop
      vertex 64.6506 41.5706 0
      vertex 66 46 0
      vertex 64.8014 41.4993 0
    endloop
  endfacet
  facet normal 0 0 -1
    outer loop
      vertex 64.4935 41.6268 0
      vertex 66 46 0
      vertex 64.6506 41.5706 0
    endloop
  endfacet
  facet normal 0 0 -1
    outer loop
      vertex 64.3316 41.6673 0
      vertex 66 46 0
      vertex 64.4935 41.6268 0
    endloop
  endfacet
  facet normal 0 0 -1
    outer loop
      vertex 64.1666 41.6918 0
      vertex 66 46 0
      vertex 64.3316 41.6673 0
    endloop
  endfacet
  facet normal 0 0 -1
    outer loop
      vertex 64 41.7 0
      vertex 66 46 0
      vertex 64.1666 41.6918 0
    endloop
  endfacet
  facet normal 0 0 -1
    outer loop
      vertex 63.8334 41.6918 0
      vertex 66 46 0
      vertex 64 41.7 0
    endloop
  endfacet
  facet normal 0 0 -1
    outer loop
      vertex 63.6683 41.6673 0
      vertex 66 46 0
      vertex 63.8334 41.6918 0
    endloop
  endfacet
  facet normal 0 0 -1
    outer loop
      vertex 63.5065 41.6268 0
      vertex 66 46 0
      vertex 63.6683 41.6673 0
    endloop
  endfacet
  facet normal 0 0 -1
    outer loop
      vertex 63.3494 41.5706 0
      vertex 66 46 0
      vertex 63.5065 41.6268 0
    endloop
  endfacet
  facet normal 0 0 -1
    outer loop
      vertex 63.1986 41.4993 0
      vertex 66 46 0
      vertex 63.3494 41.5706 0
    endloop
  endfacet
  facet normal 0 0 -1
    outer loop
      vertex 63.0555 41.4135 0
      vertex 66 46 0
      vertex 63.1986 41.4993 0
    endloop
  endfacet
  facet normal 0 0 -1
    outer loop
      vertex 62.9215 41.3141 0
      vertex 66 46 0
      vertex 63.0555 41.4135 0
    endloop
  endfacet
  facet normal 0 0 -1
    outer loop
      vertex 62.7979 41.2021 0
      vertex 66 46 0
      vertex 62.9215 41.3141 0
    endloop
  endfacet
  facet normal 0 0 -1
    outer loop
      vertex 62.6859 41.0785 0
      vertex 66 46 0
      vertex 62.7979 41.2021 0
    endloop
  endfacet
  facet normal 0 0 -1
    outer loop
      vertex 7.31412 41.0785 0
      vertex 62.6859 41.0785 0
      vertex 62.5865 40.9445 0
    endloop
  endfacet
  facet normal 0 0 -1
    outer loop
      vertex 36.3978 23.6667 0
      vertex 62.5007 39.1986 0
      vertex 36.4583 23.5657 0
    endloop
  endfacet
  facet normal -0 0 -1
    outer loop
      vertex 62.5007 39.1986 0
      vertex 36.3978 23.6667 0
      vertex 62.4294 39.3494 0
    endloop
  endfacet
  facet normal 0 0 -1
    outer loop
      vertex 36.3276 23.7613 0
      vertex 62.4294 39.3494 0
      vertex 36.3978 23.6667 0
    endloop
  endfacet
  facet normal -0 0 -1
    outer loop
      vertex 62.4294 39.3494 0
      vertex 36.3276 23.7613 0
      vertex 62.3732 39.5065 0
    endloop
  endfacet
  facet normal 0 0 -1
    outer loop
      vertex 36.2485 23.8485 0
      vertex 62.3732 39.5065 0
      vertex 36.3276 23.7613 0
    endloop
  endfacet
  facet normal -0 0 -1
    outer loop
      vertex 62.3732 39.5065 0
      vertex 36.2485 23.8485 0
      vertex 62.3327 39.6683 0
    endloop
  endfacet
  facet normal 0 0 -1
    outer loop
      vertex 36.1613 23.9276 0
      vertex 62.3327 39.6683 0
      vertex 36.2485 23.8485 0
    endloop
  endfacet
  facet normal -0 0 -1
    outer loop
      vertex 62.3327 39.6683 0
      vertex 36.1613 23.9276 0
      vertex 62.3082 39.8334 0
    endloop
  endfacet
  facet normal 0 0 -1
    outer loop
      vertex 36.0667 23.9978 0
      vertex 62.3082 39.8334 0
      vertex 36.1613 23.9276 0
    endloop
  endfacet
  facet normal -0 0 -1
    outer loop
      vertex 62.3082 39.8334 0
      vertex 36.0667 23.9978 0
      vertex 62.3 40 0
    endloop
  endfacet
  facet normal 0 0 -1
    outer loop
      vertex 35.9657 24.0583 0
      vertex 62.3 40 0
      vertex 36.0667 23.9978 0
    endloop
  endfacet
  facet normal 0 0 -1
    outer loop
      vertex 35.8592 24.1087 0
      vertex 62.3 40 0
      vertex 35.9657 24.0583 0
    endloop
  endfacet
  facet normal -0 0 -1
    outer loop
      vertex 62.3 40 0
      vertex 35.8592 24.1087 0
      vertex 62.3082 40.1666 0
    endloop
  endfacet
  facet normal 0 0 -1
    outer loop
      vertex 35.7483 24.1483 0
      vertex 62.3082 40.1666 0
      vertex 35.8592 24.1087 0
    endloop
  endfacet
  facet normal -0 0 -1
    outer loop
      vertex 62.3082 40.1666 0
      vertex 35.7483 24.1483 0
      vertex 62.3327 40.3317 0
    endloop
  endfacet
  facet normal 0 0 -1
    outer loop
      vertex 35.6341 24.1769 0
      vertex 62.3327 40.3317 0
      vertex 35.7483 24.1483 0
    endloop
  endfacet
  facet normal -0 0 -1
    outer loop
      vertex 62.3327 40.3317 0
      vertex 35.6341 24.1769 0
      vertex 62.3732 40.4935 0
    endloop
  endfacet
  facet normal 0 0 -1
    outer loop
      vertex 35.5176 24.1942 0
      vertex 62.3732 40.4935 0
      vertex 35.6341 24.1769 0
    endloop
  endfacet
  facet normal -0 0 -1
    outer loop
      vertex 62.3732 40.4935 0
      vertex 35.5176 24.1942 0
      vertex 62.4294 40.6506 0
    endloop
  endfacet
  facet normal 0 0 -1
    outer loop
      vertex 35.4 24.2 0
      vertex 62.4294 40.6506 0
      vertex 35.5176 24.1942 0
    endloop
  endfacet
  facet normal -0 0 -1
    outer loop
      vertex 62.4294 40.6506 0
      vertex 35.4 24.2 0
      vertex 62.5007 40.8014 0
    endloop
  endfacet
  facet normal 0 0 -1
    outer loop
      vertex 7.49927 40.8014 0
      vertex 62.5007 40.8014 0
      vertex 35.4 24.2 0
    endloop
  endfacet
  facet normal 0 0 -1
    outer loop
      vertex 62.5007 40.8014 0
      vertex 7.49927 40.8014 0
      vertex 62.5865 40.9445 0
    endloop
  endfacet
  facet normal 0 0 -1
    outer loop
      vertex 7.49927 40.8014 0
      vertex 35.4 24.2 0
      vertex 35.2824 24.1942 0
    endloop
  endfacet
  facet normal 0 0 -1
    outer loop
      vertex 7.57059 40.6506 0
      vertex 35.2824 24.1942 0
      vertex 35.1659 24.1769 0
    endloop
  endfacet
  facet normal 0 0 -1
    outer loop
      vertex 7.6268 40.4935 0
      vertex 35.1659 24.1769 0
      vertex 35.0517 24.1483 0
    endloop
  endfacet
  facet normal 0 0 -1
    outer loop
      vertex 7.66733 40.3317 0
      vertex 35.0517 24.1483 0
      vertex 34.9408 24.1087 0
    endloop
  endfacet
  facet normal 0 0 -1
    outer loop
      vertex 7.69181 40.1666 0
      vertex 34.9408 24.1087 0
      vertex 34.8343 24.0583 0
    endloop
  endfacet
  facet normal 0 0 -1
    outer loop
      vertex 7.7 40 0
      vertex 34.8343 24.0583 0
      vertex 34.7333 23.9978 0
    endloop
  endfacet
  facet normal 0 0 -1
    outer loop
      vertex 9.6 23 0
      vertex 34.2058 23.1176 0
      vertex 34.2 23 0
    endloop
  endfacet
  facet normal 0 0 -1
    outer loop
      vertex 9.59422 23.1176 0
      vertex 34.2058 23.1176 0
      vertex 9.6 23 0
    endloop
  endfacet
  facet normal 0 0 -1
    outer loop
      vertex 34.2058 23.1176 0
      vertex 9.59422 23.1176 0
      vertex 34.2231 23.2341 0
    endloop
  endfacet
  facet normal 0 0 -1
    outer loop
      vertex 9.57694 23.2341 0
      vertex 34.2231 23.2341 0
      vertex 9.59422 23.1176 0
    endloop
  endfacet
  facet normal 0 0 -1
    outer loop
      vertex 34.2231 23.2341 0
      vertex 9.57694 23.2341 0
      vertex 34.2517 23.3483 0
    endloop
  endfacet
  facet normal 0 0 -1
    outer loop
      vertex 9.54833 23.3483 0
      vertex 34.2517 23.3483 0
      vertex 9.57694 23.2341 0
    endloop
  endfacet
  facet normal 0 0 -1
    outer loop
      vertex 34.2517 23.3483 0
      vertex 9.54833 23.3483 0
      vertex 34.2913 23.4592 0
    endloop
  endfacet
  facet normal 0 0 -1
    outer loop
      vertex 9.50865 23.4592 0
      vertex 34.2913 23.4592 0
      vertex 9.54833 23.3483 0
    endloop
  endfacet
  facet normal 0 0 -1
    outer loop
      vertex 34.2913 23.4592 0
      vertex 9.50865 23.4592 0
      vertex 34.3417 23.5657 0
    endloop
  endfacet
  facet normal 0 0 -1
    outer loop
      vertex 9.45831 23.5657 0
      vertex 34.3417 23.5657 0
      vertex 9.50865 23.4592 0
    endloop
  endfacet
  facet normal 0 0 -1
    outer loop
      vertex 34.3417 23.5657 0
      vertex 9.45831 23.5657 0
      vertex 34.4022 23.6667 0
    endloop
  endfacet
  facet normal 0 0 -1
    outer loop
      vertex 9.39776 23.6667 0
      vertex 34.4022 23.6667 0
      vertex 9.45831 23.5657 0
    endloop
  endfacet
  facet normal 0 0 -1
    outer loop
      vertex 34.4022 23.6667 0
      vertex 9.39776 23.6667 0
      vertex 34.4724 23.7613 0
    endloop
  endfacet
  facet normal 0 0 -1
    outer loop
      vertex 9.32761 23.7613 0
      vertex 34.4724 23.7613 0
      vertex 9.39776 23.6667 0
    endloop
  endfacet
  facet normal 0 0 -1
    outer loop
      vertex 7.69181 39.8334 0
      vertex 34.4724 23.7613 0
      vertex 9.32761 23.7613 0
    endloop
  endfacet
  facet normal 0 0 -1
    outer loop
      vertex 7.69181 39.8334 0
      vertex 34.5515 23.8485 0
      vertex 34.4724 23.7613 0
    endloop
  endfacet
  facet normal 0 0 -1
    outer loop
      vertex 7.69181 39.8334 0
      vertex 34.7333 23.9978 0
      vertex 34.6387 23.9276 0
    endloop
  endfacet
  facet normal 0 0 -1
    outer loop
      vertex 7.69181 39.8334 0
      vertex 34.6387 23.9276 0
      vertex 34.5515 23.8485 0
    endloop
  endfacet
  facet normal 0 0 -1
    outer loop
      vertex 7.69181 39.8334 0
      vertex 9.32761 23.7613 0
      vertex 9.24853 23.8485 0
    endloop
  endfacet
  facet normal 0 0 -1
    outer loop
      vertex 7.69181 39.8334 0
      vertex 9.24853 23.8485 0
      vertex 9.16127 23.9276 0
    endloop
  endfacet
  facet normal 0 0 -1
    outer loop
      vertex 7.69181 39.8334 0
      vertex 9.16127 23.9276 0
      vertex 9.06668 23.9978 0
    endloop
  endfacet
  facet normal 0 0 -1
    outer loop
      vertex 7.69181 39.8334 0
      vertex 9.06668 23.9978 0
      vertex 8.96568 24.0583 0
    endloop
  endfacet
  facet normal 0 0 -1
    outer loop
      vertex 7.69181 39.8334 0
      vertex 8.96568 24.0583 0
      vertex 8.85922 24.1087 0
    endloop
  endfacet
  facet normal 0 0 -1
    outer loop
      vertex 7.69181 39.8334 0
      vertex 8.85922 24.1087 0
      vertex 8.74834 24.1483 0
    endloop
  endfacet
  facet normal 0 0 -1
    outer loop
      vertex 7.69181 39.8334 0
      vertex 8.74834 24.1483 0
      vertex 8.63411 24.1769 0
    endloop
  endfacet
  facet normal 0 0 -1
    outer loop
      vertex 7.69181 39.8334 0
      vertex 8.63411 24.1769 0
      vertex 8.51762 24.1942 0
    endloop
  endfacet
  facet normal 0 0 -1
    outer loop
      vertex 7.69181 39.8334 0
      vertex 8.51762 24.1942 0
      vertex 8.4 24.2 0
    endloop
  endfacet
  facet normal 0 0 -1
    outer loop
      vertex 7.69181 39.8334 0
      vertex 8.4 24.2 0
      vertex 8.28238 24.1942 0
    endloop
  endfacet
  facet normal 0 0 -1
    outer loop
      vertex 7.69181 39.8334 0
      vertex 8.28238 24.1942 0
      vertex 8.16589 24.1769 0
    endloop
  endfacet
  facet normal 0 0 -1
    outer loop
      vertex 7.69181 39.8334 0
      vertex 8.16589 24.1769 0
      vertex 8.05166 24.1483 0
    endloop
  endfacet
  facet normal 0 0 -1
    outer loop
      vertex 7.69181 39.8334 0
      vertex 8.05166 24.1483 0
      vertex 7.94078 24.1087 0
    endloop
  endfacet
  facet normal 0 0 -1
    outer loop
      vertex 5.66835 38.3327 0
      vertex 7.83432 24.0583 0
      vertex 7.73332 23.9978 0
    endloop
  endfacet
  facet normal 0 0 -1
    outer loop
      vertex 7.69181 39.8334 0
      vertex 7.94078 24.1087 0
      vertex 7.83432 24.0583 0
    endloop
  endfacet
  facet normal 0 0 -1
    outer loop
      vertex 34.8343 24.0583 0
      vertex 7.7 40 0
      vertex 7.69181 40.1666 0
    endloop
  endfacet
  facet normal 0 0 -1
    outer loop
      vertex 34.9408 24.1087 0
      vertex 7.69181 40.1666 0
      vertex 7.66733 40.3317 0
    endloop
  endfacet
  facet normal 0 0 -1
    outer loop
      vertex 35.0517 24.1483 0
      vertex 7.66733 40.3317 0
      vertex 7.6268 40.4935 0
    endloop
  endfacet
  facet normal 0 0 -1
    outer loop
      vertex 35.1659 24.1769 0
      vertex 7.6268 40.4935 0
      vertex 7.57059 40.6506 0
    endloop
  endfacet
  facet normal 0 0 -1
    outer loop
      vertex 35.2824 24.1942 0
      vertex 7.57059 40.6506 0
      vertex 7.49927 40.8014 0
    endloop
  endfacet
  facet normal 0 0 -1
    outer loop
      vertex 7.4135 40.9445 0
      vertex 62.5865 40.9445 0
      vertex 7.49927 40.8014 0
    endloop
  endfacet
  facet normal 0 0 -1
    outer loop
      vertex 7.31412 41.0785 0
      vertex 62.5865 40.9445 0
      vertex 7.4135 40.9445 0
    endloop
  endfacet
  facet normal 0 0 -1
    outer loop
      vertex 62.6859 41.0785 0
      vertex 7.31412 41.0785 0
      vertex 66 46 0
    endloop
  endfacet
  facet normal 0 0 -1
    outer loop
      vertex 4 46 0
      vertex 7.31412 41.0785 0
      vertex 7.20208 41.2021 0
    endloop
  endfacet
  facet normal 0 0 -1
    outer loop
      vertex 4 46 0
      vertex 7.20208 41.2021 0
      vertex 7.07847 41.3141 0
    endloop
  endfacet
  facet normal 0 0 -1
    outer loop
      vertex 4 46 0
      vertex 7.07847 41.3141 0
      vertex 6.94447 41.4135 0
    endloop
  endfacet
  facet normal 0 0 -1
    outer loop
      vertex 4 46 0
      vertex 6.94447 41.4135 0
      vertex 6.80137 41.4993 0
    endloop
  endfacet
  facet normal 0 0 -1
    outer loop
      vertex 4 46 0
      vertex 6.80137 41.4993 0
      vertex 6.65056 41.5706 0
    endloop
  endfacet
  facet normal 0 0 -1
    outer loop
      vertex 4 46 0
      vertex 6.65056 41.5706 0
      vertex 6.49348 41.6268 0
    endloop
  endfacet
  facet normal 0 0 -1
    outer loop
      vertex 4 46 0
      vertex 6.49348 41.6268 0
      vertex 6.33165 41.6673 0
    endloop
  endfacet
  facet normal 0 0 -1
    outer loop
      vertex 4 46 0
      vertex 6.33165 41.6673 0
      vertex 6.16663 41.6918 0
    endloop
  endfacet
  facet normal 0 0 -1
    outer loop
      vertex 4 46 0
      vertex 6.16663 41.6918 0
      vertex 6 41.7 0
    endloop
  endfacet
  facet normal 0 0 -1
    outer loop
      vertex 4 46 0
      vertex 6 41.7 0
      vertex 5.83337 41.6918 0
    endloop
  endfacet
  facet normal 0 0 -1
    outer loop
      vertex 7.31412 41.0785 0
      vertex 4 46 0
      vertex 66 46 0
    endloop
  endfacet
  facet normal 0 0 -1
    outer loop
      vertex 5.66835 41.6673 0
      vertex 4 46 0
      vertex 5.83337 41.6918 0
    endloop
  endfacet
  facet normal 0 0 -1
    outer loop
      vertex 5.50652 41.6268 0
      vertex 4 46 0
      vertex 5.66835 41.6673 0
    endloop
  endfacet
  facet normal 0 0 -1
    outer loop
      vertex 5.34944 41.5706 0
      vertex 4 46 0
      vertex 5.50652 41.6268 0
    endloop
  endfacet
  facet normal 0 0 -1
    outer loop
      vertex 5.19862 41.4993 0
      vertex 4 46 0
      vertex 5.34944 41.5706 0
    endloop
  endfacet
  facet normal 0 0 -1
    outer loop
      vertex 3.60793 45.9807 0
      vertex 5.19862 41.4993 0
      vertex 5.05553 41.4135 0
    endloop
  endfacet
  facet normal 0 0 -1
    outer loop
      vertex 2.83887 45.8278 0
      vertex 5.05553 41.4135 0
      vertex 4.92153 41.3141 0
    endloop
  endfacet
  facet normal 0 0 -1
    outer loop
      vertex 1.77773 45.3259 0
      vertex 4.92153 41.3141 0
      vertex 4.79792 41.2021 0
    endloop
  endfacet
  facet normal 0 0 -1
    outer loop
      vertex 0.907959 44.5376 0
      vertex 4.79792 41.2021 0
      vertex 4.68588 41.0785 0
    endloop
  endfacet
  facet normal 0 0 -1
    outer loop
      vertex 0.304489 43.5307 0
      vertex 4.68588 41.0785 0
      vertex 4.5865 40.9445 0
    endloop
  endfacet
  facet normal 0 0 -1
    outer loop
      vertex 0.0192566 42.3921 0
      vertex 4.5865 40.9445 0
      vertex 4.50073 40.8014 0
    endloop
  endfacet
  facet normal 0 0 -1
    outer loop
      vertex 0 42 0
      vertex 4.50073 40.8014 0
      vertex 4.4294 40.6506 0
    endloop
  endfacet
  facet normal 0 0 -1
    outer loop
      vertex 0 42 0
      vertex 4.4294 40.6506 0
      vertex 4.3732 40.4935 0
    endloop
  endfacet
  facet normal 0 0 -1
    outer loop
      vertex 0 42 0
      vertex 4.3732 40.4935 0
      vertex 4.33266 40.3317 0
    endloop
  endfacet
  facet normal 0 0 -1
    outer loop
      vertex 0 42 0
      vertex 4.33266 40.3317 0
      vertex 4.30819 40.1666 0
    endloop
  endfacet
  facet normal 0 0 -1
    outer loop
      vertex 0 42 0
      vertex 4.30819 40.1666 0
      vertex 4.3 40 0
    endloop
  endfacet
  facet normal 0 0 -1
    outer loop
      vertex 4.33266 39.6683 0
      vertex 0 42 0
      vertex 4.30819 39.8334 0
    endloop
  endfacet
  facet normal -0 0 -1
    outer loop
      vertex 4.79792 4.79792 0
      vertex 0.907959 1.46243 0
      vertex 4.68588 4.92153 0
    endloop
  endfacet
  facet normal 0 0 -1
    outer loop
      vertex 4.30819 39.8334 0
      vertex 0 42 0
      vertex 4.3 40 0
    endloop
  endfacet
  facet normal 0 0 -1
    outer loop
      vertex 0.674118 1.77773 0
      vertex 4.68588 4.92153 0
      vertex 0.907959 1.46243 0
    endloop
  endfacet
  facet normal 0 0 -1
    outer loop
      vertex 4.50073 40.8014 0
      vertex 0 42 0
      vertex 0.0192566 42.3921 0
    endloop
  endfacet
  facet normal 0 0 -1
    outer loop
      vertex 0.472321 2.11441 0
      vertex 4.68588 4.92153 0
      vertex 0.674118 1.77773 0
    endloop
  endfacet
  facet normal 0 0 -1
    outer loop
      vertex 5.19862 41.4993 0
      vertex 3.60793 45.9807 0
      vertex 4 46 0
    endloop
  endfacet
  facet normal 0 0 -1
    outer loop
      vertex 0.304489 2.46927 0
      vertex 4.68588 4.92153 0
      vertex 0.472321 2.11441 0
    endloop
  endfacet
  facet normal 0 0 -1
    outer loop
      vertex 5.05553 41.4135 0
      vertex 3.21964 45.9231 0
      vertex 3.60793 45.9807 0
    endloop
  endfacet
  facet normal -0 0 -1
    outer loop
      vertex 4.68588 4.92153 0
      vertex 0.304489 2.46927 0
      vertex 4.5865 5.05553 0
    endloop
  endfacet
  facet normal 0 0 -1
    outer loop
      vertex 5.05553 41.4135 0
      vertex 2.83887 45.8278 0
      vertex 3.21964 45.9231 0
    endloop
  endfacet
  facet normal 0 0 -1
    outer loop
      vertex 0.172241 2.83887 0
      vertex 4.5865 5.05553 0
      vertex 0.304489 2.46927 0
    endloop
  endfacet
  facet normal 0 0 -1
    outer loop
      vertex 4.92153 41.3141 0
      vertex 2.46927 45.6955 0
      vertex 2.83887 45.8278 0
    endloop
  endfacet
  facet normal 0 0 -1
    outer loop
      vertex 0.0768585 3.21964 0
      vertex 4.5865 5.05553 0
      vertex 0.172241 2.83887 0
    endloop
  endfacet
  facet normal 0 0 -1
    outer loop
      vertex 4.92153 41.3141 0
      vertex 2.11441 45.5277 0
      vertex 2.46927 45.6955 0
    endloop
  endfacet
  facet normal 0 0 -1
    outer loop
      vertex 0.0192566 3.60793 0
      vertex 4.5865 5.05553 0
      vertex 0.0768585 3.21964 0
    endloop
  endfacet
  facet normal 0 0 -1
    outer loop
      vertex 4.92153 41.3141 0
      vertex 1.77773 45.3259 0
      vertex 2.11441 45.5277 0
    endloop
  endfacet
  facet normal -0 0 -1
    outer loop
      vertex 4.5865 5.05553 0
      vertex 0.0192566 3.60793 0
      vertex 4.50073 5.19862 0
    endloop
  endfacet
  facet normal 0 0 -1
    outer loop
      vertex 4.79792 41.2021 0
      vertex 1.46243 45.092 0
      vertex 1.77773 45.3259 0
    endloop
  endfacet
  facet normal 0 0 -1
    outer loop
      vertex 0 4 0
      vertex 4.50073 5.19862 0
      vertex 0.0192566 3.60793 0
    endloop
  endfacet
  facet normal 0 0 -1
    outer loop
      vertex 4.79792 41.2021 0
      vertex 1.17157 44.8284 0
      vertex 1.46243 45.092 0
    endloop
  endfacet
  facet normal -0 0 -1
    outer loop
      vertex 4.50073 5.19862 0
      vertex 0 4 0
      vertex 4.4294 5.34944 0
    endloop
  endfacet
  facet normal 0 0 -1
    outer loop
      vertex 4.79792 41.2021 0
      vertex 0.907959 44.5376 0
      vertex 1.17157 44.8284 0
    endloop
  endfacet
  facet normal -0 0 -1
    outer loop
      vertex 4.4294 5.34944 0
      vertex 0 4 0
      vertex 4.3732 5.50652 0
    endloop
  endfacet
  facet normal 0 0 -1
    outer loop
      vertex 4.68588 41.0785 0
      vertex 0.674118 44.2223 0
      vertex 0.907959 44.5376 0
    endloop
  endfacet
  facet normal -0 0 -1
    outer loop
      vertex 4.3732 5.50652 0
      vertex 0 4 0
      vertex 4.33266 5.66835 0
    endloop
  endfacet
  facet normal 0 0 -1
    outer loop
      vertex 4.68588 41.0785 0
      vertex 0.472321 43.8856 0
      vertex 0.674118 44.2223 0
    endloop
  endfacet
  facet normal -0 0 -1
    outer loop
      vertex 4.33266 5.66835 0
      vertex 0 4 0
      vertex 4.30819 5.83337 0
    endloop
  endfacet
  facet normal 0 0 -1
    outer loop
      vertex 4.68588 41.0785 0
      vertex 0.304489 43.5307 0
      vertex 0.472321 43.8856 0
    endloop
  endfacet
  facet normal -0 0 -1
    outer loop
      vertex 4.30819 5.83337 0
      vertex 0 4 0
      vertex 4.3 6 0
    endloop
  endfacet
  facet normal 0 0 -1
    outer loop
      vertex 4.5865 40.9445 0
      vertex 0.172241 43.1611 0
      vertex 0.304489 43.5307 0
    endloop
  endfacet
  facet normal 0 0 -1
    outer loop
      vertex 4.5865 40.9445 0
      vertex 0.0768585 42.7804 0
      vertex 0.172241 43.1611 0
    endloop
  endfacet
  facet normal 0 0 -1
    outer loop
      vertex 4.5865 40.9445 0
      vertex 0.0192566 42.3921 0
      vertex 0.0768585 42.7804 0
    endloop
  endfacet
  facet normal 0 0 -1
    outer loop
      vertex 8.85922 21.8913 0
      vertex 6.94447 7.4135 0
      vertex 8.74834 21.8517 0
    endloop
  endfacet
  facet normal 0 0 -1
    outer loop
      vertex 6.80137 7.49927 0
      vertex 8.74834 21.8517 0
      vertex 6.94447 7.4135 0
    endloop
  endfacet
  facet normal 0 0 -1
    outer loop
      vertex 8.74834 21.8517 0
      vertex 6.80137 7.49927 0
      vertex 8.63411 21.8231 0
    endloop
  endfacet
  facet normal 0 0 -1
    outer loop
      vertex 6.65056 7.57059 0
      vertex 8.63411 21.8231 0
      vertex 6.80137 7.49927 0
    endloop
  endfacet
  facet normal 0 0 -1
    outer loop
      vertex 8.63411 21.8231 0
      vertex 6.65056 7.57059 0
      vertex 8.51762 21.8058 0
    endloop
  endfacet
  facet normal 0 0 -1
    outer loop
      vertex 6.49348 7.6268 0
      vertex 8.51762 21.8058 0
      vertex 6.65056 7.57059 0
    endloop
  endfacet
  facet normal 0 0 -1
    outer loop
      vertex 8.51762 21.8058 0
      vertex 6.49348 7.6268 0
      vertex 8.4 21.8 0
    endloop
  endfacet
  facet normal 0 0 -1
    outer loop
      vertex 6.33165 7.66733 0
      vertex 8.4 21.8 0
      vertex 6.49348 7.6268 0
    endloop
  endfacet
  facet normal -0 0 -1
    outer loop
      vertex 8.4 21.8 0
      vertex 6.33165 7.66733 0
      vertex 8.28238 21.8058 0
    endloop
  endfacet
  facet normal 0 0 -1
    outer loop
      vertex 6.16663 7.69181 0
      vertex 8.28238 21.8058 0
      vertex 6.33165 7.66733 0
    endloop
  endfacet
  facet normal -0 0 -1
    outer loop
      vertex 8.28238 21.8058 0
      vertex 6.16663 7.69181 0
      vertex 8.16589 21.8231 0
    endloop
  endfacet
  facet normal 0 0 -1
    outer loop
      vertex 6 7.7 0
      vertex 8.16589 21.8231 0
      vertex 6.16663 7.69181 0
    endloop
  endfacet
  facet normal -0 0 -1
    outer loop
      vertex 8.16589 21.8231 0
      vertex 6 7.7 0
      vertex 8.05166 21.8517 0
    endloop
  endfacet
  facet normal -0 0 -1
    outer loop
      vertex 8.05166 21.8517 0
      vertex 6 7.7 0
      vertex 7.94078 21.8913 0
    endloop
  endfacet
  facet normal 0 0 -1
    outer loop
      vertex 5.83337 7.69181 0
      vertex 7.94078 21.8913 0
      vertex 6 7.7 0
    endloop
  endfacet
  facet normal -0 0 -1
    outer loop
      vertex 7.94078 21.8913 0
      vertex 5.83337 7.69181 0
      vertex 7.83432 21.9417 0
    endloop
  endfacet
  facet normal 0 0 -1
    outer loop
      vertex 5.66835 7.66733 0
      vertex 7.83432 21.9417 0
      vertex 5.83337 7.69181 0
    endloop
  endfacet
  facet normal -0 0 -1
    outer loop
      vertex 7.83432 21.9417 0
      vertex 5.66835 7.66733 0
      vertex 7.73332 22.0022 0
    endloop
  endfacet
  facet normal 0 0 -1
    outer loop
      vertex 5.50652 7.6268 0
      vertex 7.73332 22.0022 0
      vertex 5.66835 7.66733 0
    endloop
  endfacet
  facet normal -0.941542 -0.336897 0
    outer loop
      vertex 0.304489 2.46927 0
      vertex 0.172241 2.83887 5
      vertex 0.172241 2.83887 0
    endloop
  endfacet
  facet normal -0.941542 -0.336897 0
    outer loop
      vertex 0.172241 2.83887 5
      vertex 0.304489 2.46927 0
      vertex 0.304489 2.46927 5
    endloop
  endfacet
  facet normal 0.803137 -0.595794 0
    outer loop
      vertex 69.092 1.46243 5
      vertex 69.3259 1.77773 0
      vertex 69.3259 1.77773 5
    endloop
  endfacet
  facet normal 0.803137 -0.595794 0
    outer loop
      vertex 69.3259 1.77773 0
      vertex 69.092 1.46243 5
      vertex 69.092 1.46243 0
    endloop
  endfacet
  facet normal 0 -1 0
    outer loop
      vertex 10 14.3 5
      vertex 33.8 14.3 13.2
      vertex 10 14.3 13.2
    endloop
  endfacet
  facet normal 0 -1 -0
    outer loop
      vertex 33.8 14.3 13.2
      vertex 10 14.3 5
      vertex 33.8 14.3 5
    endloop
  endfacet
  facet normal 0.0489209 -0.998803 0
    outer loop
      vertex 33.8 14.3 5
      vertex 33.996 14.3096 13.2
      vertex 33.8 14.3 13.2
    endloop
  endfacet
  facet normal 0.0489209 -0.998803 0
    outer loop
      vertex 33.996 14.3096 13.2
      vertex 33.8 14.3 5
      vertex 33.996 14.3096 5
    endloop
  endfacet
  facet normal 0.146696 -0.989182 0
    outer loop
      vertex 33.996 14.3096 5
      vertex 34.1902 14.3384 13.2
      vertex 33.996 14.3096 13.2
    endloop
  endfacet
  facet normal 0.146696 -0.989182 0
    outer loop
      vertex 34.1902 14.3384 13.2
      vertex 33.996 14.3096 5
      vertex 34.1902 14.3384 5
    endloop
  endfacet
  facet normal -0.0489135 0.998803 0
    outer loop
      vertex 10 31.7 5
      vertex 9.80397 31.6904 13.2
      vertex 10 31.7 13.2
    endloop
  endfacet
  facet normal -0.0489135 0.998803 0
    outer loop
      vertex 9.80397 31.6904 13.2
      vertex 10 31.7 5
      vertex 9.80397 31.6904 5
    endloop
  endfacet
  facet normal 0.0489209 0.998803 -0
    outer loop
      vertex 33.996 31.6904 5
      vertex 33.8 31.7 13.2
      vertex 33.996 31.6904 13.2
    endloop
  endfacet
  facet normal 0.0489209 0.998803 0
    outer loop
      vertex 33.8 31.7 13.2
      vertex 33.996 31.6904 5
      vertex 33.8 31.7 5
    endloop
  endfacet
  facet normal -0.803325 0.595541 0
    outer loop
      vertex 8.33707 30.8111 5
      vertex 8.45398 30.9688 13.2
      vertex 8.45398 30.9688 5
    endloop
  endfacet
  facet normal -0.803325 0.595541 0
    outer loop
      vertex 8.45398 30.9688 13.2
      vertex 8.33707 30.8111 5
      vertex 8.33707 30.8111 13.2
    endloop
  endfacet
  facet normal 0 1 -0
    outer loop
      vertex 33.8 31.7 5
      vertex 10 31.7 13.2
      vertex 33.8 31.7 13.2
    endloop
  endfacet
  facet normal 0 1 0
    outer loop
      vertex 10 31.7 13.2
      vertex 33.8 31.7 5
      vertex 10 31.7 5
    endloop
  endfacet
  facet normal 0 0 1
    outer loop
      vertex 33.4 29.3 13.2
      vertex 35.8 29.7 13.2
      vertex 35.7904 29.896 13.2
    endloop
  endfacet
  facet normal 0 0 1
    outer loop
      vertex 35.8 29.7 13.2
      vertex 33.4 29.3 13.2
      vertex 35.8 16.3 13.2
    endloop
  endfacet
  facet normal 0 0 1
    outer loop
      vertex 33.4 29.3 13.2
      vertex 35.7904 29.896 13.2
      vertex 35.7616 30.0902 13.2
    endloop
  endfacet
  facet normal -0 0 1
    outer loop
      vertex 33.4 16.7 13.2
      vertex 35.8 16.3 13.2
      vertex 33.4 29.3 13.2
    endloop
  endfacet
  facet normal 0 0 1
    outer loop
      vertex 33.4 29.3 13.2
      vertex 35.7616 30.0902 13.2
      vertex 35.7139 30.2806 13.2
    endloop
  endfacet
  facet normal 0 0 1
    outer loop
      vertex 35.8 16.3 13.2
      vertex 33.4 16.7 13.2
      vertex 35.7904 16.104 13.2
    endloop
  endfacet
  facet normal 0 0 1
    outer loop
      vertex 33.4 29.3 13.2
      vertex 35.7139 30.2806 13.2
      vertex 35.6478 30.4654 13.2
    endloop
  endfacet
  facet normal 0 0 1
    outer loop
      vertex 35.7904 16.104 13.2
      vertex 33.4 16.7 13.2
      vertex 35.7616 15.9098 13.2
    endloop
  endfacet
  facet normal 0 0 1
    outer loop
      vertex 33.4 29.3 13.2
      vertex 35.6478 30.4654 13.2
      vertex 35.5638 30.6428 13.2
    endloop
  endfacet
  facet normal 0 0 1
    outer loop
      vertex 35.7616 15.9098 13.2
      vertex 33.4 16.7 13.2
      vertex 35.7139 15.7194 13.2
    endloop
  endfacet
  facet normal 0 0 1
    outer loop
      vertex 33.4 29.3 13.2
      vertex 35.5638 30.6428 13.2
      vertex 35.4629 30.8111 13.2
    endloop
  endfacet
  facet normal 0 0 1
    outer loop
      vertex 35.7139 15.7194 13.2
      vertex 33.4 16.7 13.2
      vertex 35.6478 15.5346 13.2
    endloop
  endfacet
  facet normal 0 0 1
    outer loop
      vertex 33.4 29.3 13.2
      vertex 35.4629 30.8111 13.2
      vertex 35.346 30.9688 13.2
    endloop
  endfacet
  facet normal 0 0 1
    outer loop
      vertex 35.6478 15.5346 13.2
      vertex 33.4 16.7 13.2
      vertex 35.5638 15.3572 13.2
    endloop
  endfacet
  facet normal 0 0 1
    outer loop
      vertex 33.4 29.3 13.2
      vertex 35.346 30.9688 13.2
      vertex 35.2142 31.1142 13.2
    endloop
  endfacet
  facet normal 0 0 1
    outer loop
      vertex 35.5638 15.3572 13.2
      vertex 33.4 16.7 13.2
      vertex 35.4629 15.1889 13.2
    endloop
  endfacet
  facet normal 0 0 1
    outer loop
      vertex 33.4 29.3 13.2
      vertex 35.2142 31.1142 13.2
      vertex 35.0688 31.246 13.2
    endloop
  endfacet
  facet normal 0 0 1
    outer loop
      vertex 35.4629 15.1889 13.2
      vertex 33.4 16.7 13.2
      vertex 35.346 15.0312 13.2
    endloop
  endfacet
  facet normal 0 0 1
    outer loop
      vertex 33.4 29.3 13.2
      vertex 35.0688 31.246 13.2
      vertex 34.9111 31.3629 13.2
    endloop
  endfacet
  facet normal 0 0 1
    outer loop
      vertex 35.346 15.0312 13.2
      vertex 33.4 16.7 13.2
      vertex 35.2142 14.8858 13.2
    endloop
  endfacet
  facet normal 0 0 1
    outer loop
      vertex 33.4 29.3 13.2
      vertex 34.9111 31.3629 13.2
      vertex 34.7428 31.4638 13.2
    endloop
  endfacet
  facet normal 0 0 1
    outer loop
      vertex 35.2142 14.8858 13.2
      vertex 33.4 16.7 13.2
      vertex 35.0688 14.754 13.2
    endloop
  endfacet
  facet normal 0 0 1
    outer loop
      vertex 33.4 29.3 13.2
      vertex 34.7428 31.4638 13.2
      vertex 34.5654 31.5478 13.2
    endloop
  endfacet
  facet normal 0 0 1
    outer loop
      vertex 35.0688 14.754 13.2
      vertex 33.4 16.7 13.2
      vertex 34.9111 14.6371 13.2
    endloop
  endfacet
  facet normal 0 0 1
    outer loop
      vertex 33.4 29.3 13.2
      vertex 34.5654 31.5478 13.2
      vertex 34.3806 31.6139 13.2
    endloop
  endfacet
  facet normal 0 0 1
    outer loop
      vertex 34.9111 14.6371 13.2
      vertex 33.4 16.7 13.2
      vertex 34.7428 14.5362 13.2
    endloop
  endfacet
  facet normal 0 0 1
    outer loop
      vertex 33.4 29.3 13.2
      vertex 34.3806 31.6139 13.2
      vertex 34.1902 31.6616 13.2
    endloop
  endfacet
  facet normal 0 0 1
    outer loop
      vertex 34.7428 14.5362 13.2
      vertex 33.4 16.7 13.2
      vertex 34.5654 14.4522 13.2
    endloop
  endfacet
  facet normal 0 0 1
    outer loop
      vertex 33.4 29.3 13.2
      vertex 34.1902 31.6616 13.2
      vertex 33.996 31.6904 13.2
    endloop
  endfacet
  facet normal 0 0 1
    outer loop
      vertex 34.5654 14.4522 13.2
      vertex 33.4 16.7 13.2
      vertex 34.3806 14.3861 13.2
    endloop
  endfacet
  facet normal 0 0 1
    outer loop
      vertex 33.4 29.3 13.2
      vertex 33.996 31.6904 13.2
      vertex 33.8 31.7 13.2
    endloop
  endfacet
  facet normal 0 0 1
    outer loop
      vertex 34.3806 14.3861 13.2
      vertex 33.4 16.7 13.2
      vertex 34.1902 14.3384 13.2
    endloop
  endfacet
  facet normal 0 0 1
    outer loop
      vertex 34.1902 14.3384 13.2
      vertex 33.4 16.7 13.2
      vertex 33.996 14.3096 13.2
    endloop
  endfacet
  facet normal 0 0 1
    outer loop
      vertex 33.8 31.7 13.2
      vertex 10.4 29.3 13.2
      vertex 33.4 29.3 13.2
    endloop
  endfacet
  facet normal -0 0 1
    outer loop
      vertex 9.80397 31.6904 13.2
      vertex 10.4 29.3 13.2
      vertex 10 31.7 13.2
    endloop
  endfacet
  facet normal -0 0 1
    outer loop
      vertex 10 31.7 13.2
      vertex 10.4 29.3 13.2
      vertex 33.8 31.7 13.2
    endloop
  endfacet
  facet normal 0 0 1
    outer loop
      vertex 33.996 14.3096 13.2
      vertex 33.4 16.7 13.2
      vertex 33.8 14.3 13.2
    endloop
  endfacet
  facet normal -0 0 1
    outer loop
      vertex 10.4 16.7 13.2
      vertex 33.8 14.3 13.2
      vertex 33.4 16.7 13.2
    endloop
  endfacet
  facet normal 0 0 1
    outer loop
      vertex 10.4 16.7 13.2
      vertex 10 14.3 13.2
      vertex 33.8 14.3 13.2
    endloop
  endfacet
  facet normal 0 0 1
    outer loop
      vertex 10.4 29.3 13.2
      vertex 8 29.7 13.2
      vertex 10.4 16.7 13.2
    endloop
  endfacet
  facet normal -0 0 1
    outer loop
      vertex 9.60982 31.6616 13.2
      vertex 10.4 29.3 13.2
      vertex 9.80397 31.6904 13.2
    endloop
  endfacet
  facet normal 0 0 1
    outer loop
      vertex 8 16.3 13.2
      vertex 10.4 16.7 13.2
      vertex 8 29.7 13.2
    endloop
  endfacet
  facet normal -0 0 1
    outer loop
      vertex 9.41943 31.6139 13.2
      vertex 10.4 29.3 13.2
      vertex 9.60982 31.6616 13.2
    endloop
  endfacet
  facet normal 0 -0 1
    outer loop
      vertex 8.00963 16.104 13.2
      vertex 10.4 16.7 13.2
      vertex 8 16.3 13.2
    endloop
  endfacet
  facet normal -0 0 1
    outer loop
      vertex 9.23463 31.5478 13.2
      vertex 10.4 29.3 13.2
      vertex 9.41943 31.6139 13.2
    endloop
  endfacet
  facet normal 0 0 1
    outer loop
      vertex 10.4 16.7 13.2
      vertex 9.80397 14.3096 13.2
      vertex 10 14.3 13.2
    endloop
  endfacet
  facet normal -0 0 1
    outer loop
      vertex 9.05721 31.4638 13.2
      vertex 10.4 29.3 13.2
      vertex 9.23463 31.5478 13.2
    endloop
  endfacet
  facet normal 0 0 1
    outer loop
      vertex 10.4 16.7 13.2
      vertex 9.60982 14.3384 13.2
      vertex 9.80397 14.3096 13.2
    endloop
  endfacet
  facet normal -0 0 1
    outer loop
      vertex 8.88885 31.3629 13.2
      vertex 10.4 29.3 13.2
      vertex 9.05721 31.4638 13.2
    endloop
  endfacet
  facet normal 0 0 1
    outer loop
      vertex 10.4 16.7 13.2
      vertex 9.41943 14.3861 13.2
      vertex 9.60982 14.3384 13.2
    endloop
  endfacet
  facet normal -0 0 1
    outer loop
      vertex 8.73122 31.246 13.2
      vertex 10.4 29.3 13.2
      vertex 8.88885 31.3629 13.2
    endloop
  endfacet
  facet normal 0 0 1
    outer loop
      vertex 10.4 16.7 13.2
      vertex 9.23463 14.4522 13.2
      vertex 9.41943 14.3861 13.2
    endloop
  endfacet
  facet normal -0 0 1
    outer loop
      vertex 8.58578 31.1142 13.2
      vertex 10.4 29.3 13.2
      vertex 8.73122 31.246 13.2
    endloop
  endfacet
  facet normal 0 0 1
    outer loop
      vertex 10.4 16.7 13.2
      vertex 9.05721 14.5362 13.2
      vertex 9.23463 14.4522 13.2
    endloop
  endfacet
  facet normal -0 0 1
    outer loop
      vertex 8.45398 30.9688 13.2
      vertex 10.4 29.3 13.2
      vertex 8.58578 31.1142 13.2
    endloop
  endfacet
  facet normal 0 0 1
    outer loop
      vertex 10.4 16.7 13.2
      vertex 8.88885 14.6371 13.2
      vertex 9.05721 14.5362 13.2
    endloop
  endfacet
  facet normal -0 0 1
    outer loop
      vertex 8.33707 30.8111 13.2
      vertex 10.4 29.3 13.2
      vertex 8.45398 30.9688 13.2
    endloop
  endfacet
  facet normal 0 0 1
    outer loop
      vertex 10.4 16.7 13.2
      vertex 8.73122 14.754 13.2
      vertex 8.88885 14.6371 13.2
    endloop
  endfacet
  facet normal -0 0 1
    outer loop
      vertex 8.23616 30.6428 13.2
      vertex 10.4 29.3 13.2
      vertex 8.33707 30.8111 13.2
    endloop
  endfacet
  facet normal 0 0 1
    outer loop
      vertex 10.4 16.7 13.2
      vertex 8.58578 14.8858 13.2
      vertex 8.73122 14.754 13.2
    endloop
  endfacet
  facet normal -0 0 1
    outer loop
      vertex 8.15224 30.4654 13.2
      vertex 10.4 29.3 13.2
      vertex 8.23616 30.6428 13.2
    endloop
  endfacet
  facet normal 0 0 1
    outer loop
      vertex 10.4 16.7 13.2
      vertex 8.45398 15.0312 13.2
      vertex 8.58578 14.8858 13.2
    endloop
  endfacet
  facet normal -0 0 1
    outer loop
      vertex 8.08612 30.2806 13.2
      vertex 10.4 29.3 13.2
      vertex 8.15224 30.4654 13.2
    endloop
  endfacet
  facet normal 0 0 1
    outer loop
      vertex 10.4 16.7 13.2
      vertex 8.33707 15.1889 13.2
      vertex 8.45398 15.0312 13.2
    endloop
  endfacet
  facet normal -0 0 1
    outer loop
      vertex 8.03844 30.0902 13.2
      vertex 10.4 29.3 13.2
      vertex 8.08612 30.2806 13.2
    endloop
  endfacet
  facet normal 0 0 1
    outer loop
      vertex 10.4 16.7 13.2
      vertex 8.23616 15.3572 13.2
      vertex 8.33707 15.1889 13.2
    endloop
  endfacet
  facet normal -0 0 1
    outer loop
      vertex 8.00963 29.896 13.2
      vertex 10.4 29.3 13.2
      vertex 8.03844 30.0902 13.2
    endloop
  endfacet
  facet normal 0 0 1
    outer loop
      vertex 10.4 16.7 13.2
      vertex 8.15224 15.5346 13.2
      vertex 8.23616 15.3572 13.2
    endloop
  endfacet
  facet normal 0 0 1
    outer loop
      vertex 10.4 29.3 13.2
      vertex 8.00963 29.896 13.2
      vertex 8 29.7 13.2
    endloop
  endfacet
  facet normal 0 0 1
    outer loop
      vertex 10.4 16.7 13.2
      vertex 8.08612 15.7194 13.2
      vertex 8.15224 15.5346 13.2
    endloop
  endfacet
  facet normal 0 0 1
    outer loop
      vertex 10.4 16.7 13.2
      vertex 8.03844 15.9098 13.2
      vertex 8.08612 15.7194 13.2
    endloop
  endfacet
  facet normal 0 0 1
    outer loop
      vertex 10.4 16.7 13.2
      vertex 8.00963 16.104 13.2
      vertex 8.03844 15.9098 13.2
    endloop
  endfacet
  facet normal -0.243027 -0.970019 0
    outer loop
      vertex 9.41943 14.3861 5
      vertex 9.60982 14.3384 13.2
      vertex 9.41943 14.3861 13.2
    endloop
  endfacet
  facet normal -0.243027 -0.970019 -0
    outer loop
      vertex 9.60982 14.3384 13.2
      vertex 9.41943 14.3861 5
      vertex 9.60982 14.3384 5
    endloop
  endfacet
  facet normal 1 0 0
    outer loop
      vertex 35.8 29.7 13.2
      vertex 35.8 24.1298 5.01
      vertex 35.8 29.7 5
    endloop
  endfacet
  facet normal 1 0 0
    outer loop
      vertex 35.8 29.7 13.2
      vertex 35.8 21.8702 5.01
      vertex 35.8 24.1298 5.01
    endloop
  endfacet
  facet normal 1 -0 0
    outer loop
      vertex 35.8 16.3 13.2
      vertex 35.8 21.8702 5.01
      vertex 35.8 29.7 13.2
    endloop
  endfacet
  facet normal 1 0 0
    outer loop
      vertex 35.8 16.3 5
      vertex 35.8 21.8702 5.01
      vertex 35.8 16.3 13.2
    endloop
  endfacet
  facet normal 1 0 0
    outer loop
      vertex 35.8 21.8702 5.01
      vertex 35.8 16.3 5
      vertex 35.8 21.8702 5
    endloop
  endfacet
  facet normal 1 0 0
    outer loop
      vertex 35.8 29.7 5
      vertex 35.8 24.1298 5.01
      vertex 35.8 24.1298 5
    endloop
  endfacet
  facet normal 0.595508 0.80335 -0
    outer loop
      vertex 35.0688 31.246 5
      vertex 34.9111 31.3629 13.2
      vertex 35.0688 31.246 13.2
    endloop
  endfacet
  facet normal 0.595508 0.80335 0
    outer loop
      vertex 34.9111 31.3629 13.2
      vertex 35.0688 31.246 5
      vertex 34.9111 31.3629 5
    endloop
  endfacet
  facet normal 0.336788 0.94158 -0
    outer loop
      vertex 34.5654 31.5478 5
      vertex 34.3806 31.6139 13.2
      vertex 34.5654 31.5478 13.2
    endloop
  endfacet
  facet normal 0.336788 0.94158 0
    outer loop
      vertex 34.3806 31.6139 13.2
      vertex 34.5654 31.5478 5
      vertex 34.3806 31.6139 5
    endloop
  endfacet
  facet normal -0.740908 0.671607 0
    outer loop
      vertex 8.45398 30.9688 5
      vertex 8.58578 31.1142 13.2
      vertex 8.58578 31.1142 5
    endloop
  endfacet
  facet normal -0.740908 0.671607 0
    outer loop
      vertex 8.58578 31.1142 13.2
      vertex 8.45398 30.9688 5
      vertex 8.45398 30.9688 13.2
    endloop
  endfacet
  facet normal -0.941548 0.336879 0
    outer loop
      vertex 8.08612 30.2806 5
      vertex 8.15224 30.4654 13.2
      vertex 8.15224 30.4654 5
    endloop
  endfacet
  facet normal -0.941548 0.336879 0
    outer loop
      vertex 8.15224 30.4654 13.2
      vertex 8.08612 30.2806 5
      vertex 8.08612 30.2806 13.2
    endloop
  endfacet
  facet normal -0.998795 -0.0490735 0
    outer loop
      vertex 8.00963 16.104 5
      vertex 8 16.3 13.2
      vertex 8 16.3 5
    endloop
  endfacet
  facet normal -0.998795 -0.0490735 0
    outer loop
      vertex 8 16.3 13.2
      vertex 8.00963 16.104 5
      vertex 8.00963 16.104 13.2
    endloop
  endfacet
  facet normal -0.998795 0.0490735 0
    outer loop
      vertex 8 29.7 5
      vertex 8.00963 29.896 13.2
      vertex 8.00963 29.896 5
    endloop
  endfacet
  facet normal -0.998795 0.0490735 0
    outer loop
      vertex 8.00963 29.896 13.2
      vertex 8 29.7 5
      vertex 8 29.7 13.2
    endloop
  endfacet
  facet normal -0.0489135 -0.998803 0
    outer loop
      vertex 9.80397 14.3096 5
      vertex 10 14.3 13.2
      vertex 9.80397 14.3096 13.2
    endloop
  endfacet
  facet normal -0.0489135 -0.998803 -0
    outer loop
      vertex 10 14.3 13.2
      vertex 9.80397 14.3096 5
      vertex 10 14.3 5
    endloop
  endfacet
  facet normal 0.427955 -0.9038 0
    outer loop
      vertex 34.5654 14.4522 5
      vertex 34.7428 14.5362 13.2
      vertex 34.5654 14.4522 13.2
    endloop
  endfacet
  facet normal 0.427955 -0.9038 0
    outer loop
      vertex 34.7428 14.5362 13.2
      vertex 34.5654 14.4522 5
      vertex 34.7428 14.5362 5
    endloop
  endfacet
  facet normal 0.146696 0.989182 -0
    outer loop
      vertex 34.1902 31.6616 5
      vertex 33.996 31.6904 13.2
      vertex 34.1902 31.6616 13.2
    endloop
  endfacet
  facet normal 0.146696 0.989182 0
    outer loop
      vertex 33.996 31.6904 13.2
      vertex 34.1902 31.6616 5
      vertex 33.996 31.6904 5
    endloop
  endfacet
  facet normal -0.514061 0.857754 0
    outer loop
      vertex 9.05721 31.4638 5
      vertex 8.88885 31.3629 13.2
      vertex 9.05721 31.4638 13.2
    endloop
  endfacet
  facet normal -0.514061 0.857754 0
    outer loop
      vertex 8.88885 31.3629 13.2
      vertex 9.05721 31.4638 5
      vertex 8.88885 31.3629 5
    endloop
  endfacet
  facet normal -0.336788 0.94158 0
    outer loop
      vertex 9.41943 31.6139 5
      vertex 9.23463 31.5478 13.2
      vertex 9.41943 31.6139 13.2
    endloop
  endfacet
  facet normal -0.336788 0.94158 0
    outer loop
      vertex 9.23463 31.5478 13.2
      vertex 9.41943 31.6139 5
      vertex 9.23463 31.5478 5
    endloop
  endfacet
  facet normal -0.989174 0.146746 0
    outer loop
      vertex 8.00963 29.896 5
      vertex 8.03844 30.0902 13.2
      vertex 8.03844 30.0902 5
    endloop
  endfacet
  facet normal -0.989174 0.146746 0
    outer loop
      vertex 8.03844 30.0902 13.2
      vertex 8.00963 29.896 5
      vertex 8.00963 29.896 13.2
    endloop
  endfacet
  facet normal -0.970047 0.242919 0
    outer loop
      vertex 8.03844 30.0902 5
      vertex 8.08612 30.2806 13.2
      vertex 8.08612 30.2806 5
    endloop
  endfacet
  facet normal -0.970047 0.242919 0
    outer loop
      vertex 8.08612 30.2806 13.2
      vertex 8.03844 30.0902 5
      vertex 8.03844 30.0902 13.2
    endloop
  endfacet
  facet normal -0.514061 -0.857754 0
    outer loop
      vertex 8.88885 14.6371 5
      vertex 9.05721 14.5362 13.2
      vertex 8.88885 14.6371 13.2
    endloop
  endfacet
  facet normal -0.514061 -0.857754 -0
    outer loop
      vertex 9.05721 14.5362 13.2
      vertex 8.88885 14.6371 5
      vertex 9.05721 14.5362 5
    endloop
  endfacet
  facet normal -0.740908 -0.671607 0
    outer loop
      vertex 8.58578 14.8858 5
      vertex 8.45398 15.0312 13.2
      vertex 8.45398 15.0312 5
    endloop
  endfacet
  facet normal -0.740908 -0.671607 0
    outer loop
      vertex 8.45398 15.0312 13.2
      vertex 8.58578 14.8858 5
      vertex 8.58578 14.8858 13.2
    endloop
  endfacet
  facet normal -1 0 0
    outer loop
      vertex 8 21.8702 5
      vertex 8 16.3 5
      vertex 8 21.8702 5.01
    endloop
  endfacet
  facet normal -1 0 0
    outer loop
      vertex 8 24.1298 5.01
      vertex 8 29.7 5
      vertex 8 24.1298 5
    endloop
  endfacet
  facet normal -1 0 0
    outer loop
      vertex 8 29.7 5
      vertex 8 24.1298 5.01
      vertex 8 29.7 13.2
    endloop
  endfacet
  facet normal -1 0 0
    outer loop
      vertex 8 21.8702 5.01
      vertex 8 29.7 13.2
      vertex 8 24.1298 5.01
    endloop
  endfacet
  facet normal -1 0 0
    outer loop
      vertex 8 16.3 13.2
      vertex 8 21.8702 5.01
      vertex 8 16.3 5
    endloop
  endfacet
  facet normal -1 0 0
    outer loop
      vertex 8 21.8702 5.01
      vertex 8 16.3 13.2
      vertex 8 29.7 13.2
    endloop
  endfacet
  facet normal -0.146733 -0.989176 0
    outer loop
      vertex 9.60982 14.3384 5
      vertex 9.80397 14.3096 13.2
      vertex 9.60982 14.3384 13.2
    endloop
  endfacet
  facet normal -0.146733 -0.989176 -0
    outer loop
      vertex 9.80397 14.3096 13.2
      vertex 9.60982 14.3384 5
      vertex 9.80397 14.3096 5
    endloop
  endfacet
  facet normal 0.998803 0.0489209 0
    outer loop
      vertex 35.8 29.7 13.2
      vertex 35.7904 29.896 5
      vertex 35.7904 29.896 13.2
    endloop
  endfacet
  facet normal 0.998803 0.0489209 0
    outer loop
      vertex 35.7904 29.896 5
      vertex 35.8 29.7 13.2
      vertex 35.8 29.7 5
    endloop
  endfacet
  facet normal 0.989182 -0.146696 0
    outer loop
      vertex 35.7616 15.9098 13.2
      vertex 35.7904 16.104 5
      vertex 35.7904 16.104 13.2
    endloop
  endfacet
  facet normal 0.989182 -0.146696 0
    outer loop
      vertex 35.7904 16.104 5
      vertex 35.7616 15.9098 13.2
      vertex 35.7616 15.9098 5
    endloop
  endfacet
  facet normal 0.671607 -0.740908 0
    outer loop
      vertex 35.0688 14.754 5
      vertex 35.2142 14.8858 13.2
      vertex 35.0688 14.754 13.2
    endloop
  endfacet
  facet normal 0.671607 -0.740908 0
    outer loop
      vertex 35.2142 14.8858 13.2
      vertex 35.0688 14.754 5
      vertex 35.2142 14.8858 5
    endloop
  endfacet
  facet normal 0.243015 -0.970023 0
    outer loop
      vertex 34.1902 14.3384 5
      vertex 34.3806 14.3861 13.2
      vertex 34.1902 14.3384 13.2
    endloop
  endfacet
  facet normal 0.243015 -0.970023 0
    outer loop
      vertex 34.3806 14.3861 13.2
      vertex 34.1902 14.3384 5
      vertex 34.3806 14.3861 5
    endloop
  endfacet
  facet normal 0.243015 0.970023 -0
    outer loop
      vertex 34.3806 31.6139 5
      vertex 34.1902 31.6616 13.2
      vertex 34.3806 31.6139 13.2
    endloop
  endfacet
  facet normal 0.243015 0.970023 0
    outer loop
      vertex 34.1902 31.6616 13.2
      vertex 34.3806 31.6139 5
      vertex 34.1902 31.6616 5
    endloop
  endfacet
  facet normal 0.427955 0.9038 -0
    outer loop
      vertex 34.7428 31.4638 5
      vertex 34.5654 31.5478 13.2
      vertex 34.7428 31.4638 13.2
    endloop
  endfacet
  facet normal 0.427955 0.9038 0
    outer loop
      vertex 34.5654 31.5478 13.2
      vertex 34.7428 31.4638 5
      vertex 34.5654 31.5478 5
    endloop
  endfacet
  facet normal 0.514196 0.857673 -0
    outer loop
      vertex 34.9111 31.3629 5
      vertex 34.7428 31.4638 13.2
      vertex 34.9111 31.3629 13.2
    endloop
  endfacet
  facet normal 0.514196 0.857673 0
    outer loop
      vertex 34.7428 31.4638 13.2
      vertex 34.9111 31.3629 5
      vertex 34.7428 31.4638 5
    endloop
  endfacet
  facet normal -0.427916 -0.903819 0
    outer loop
      vertex 9.05721 14.5362 5
      vertex 9.23463 14.4522 13.2
      vertex 9.05721 14.5362 13.2
    endloop
  endfacet
  facet normal -0.427916 -0.903819 -0
    outer loop
      vertex 9.23463 14.4522 13.2
      vertex 9.05721 14.5362 5
      vertex 9.23463 14.4522 5
    endloop
  endfacet
  facet normal -0.336788 -0.94158 0
    outer loop
      vertex 9.23463 14.4522 5
      vertex 9.41943 14.3861 13.2
      vertex 9.23463 14.4522 13.2
    endloop
  endfacet
  facet normal -0.336788 -0.94158 -0
    outer loop
      vertex 9.41943 14.3861 13.2
      vertex 9.23463 14.4522 5
      vertex 9.41943 14.3861 5
    endloop
  endfacet
  facet normal -0.595678 -0.803223 0
    outer loop
      vertex 8.73122 14.754 5
      vertex 8.88885 14.6371 13.2
      vertex 8.73122 14.754 13.2
    endloop
  endfacet
  facet normal -0.595678 -0.803223 -0
    outer loop
      vertex 8.88885 14.6371 13.2
      vertex 8.73122 14.754 5
      vertex 8.88885 14.6371 5
    endloop
  endfacet
  facet normal -0.803325 -0.595541 0
    outer loop
      vertex 8.45398 15.0312 5
      vertex 8.33707 15.1889 13.2
      vertex 8.33707 15.1889 5
    endloop
  endfacet
  facet normal -0.803325 -0.595541 0
    outer loop
      vertex 8.33707 15.1889 13.2
      vertex 8.45398 15.0312 5
      vertex 8.45398 15.0312 13.2
    endloop
  endfacet
  facet normal 0.94158 0.336788 0
    outer loop
      vertex 35.7139 30.2806 13.2
      vertex 35.6478 30.4654 5
      vertex 35.6478 30.4654 13.2
    endloop
  endfacet
  facet normal 0.94158 0.336788 0
    outer loop
      vertex 35.6478 30.4654 5
      vertex 35.7139 30.2806 13.2
      vertex 35.7139 30.2806 5
    endloop
  endfacet
  facet normal 0.595508 -0.80335 0
    outer loop
      vertex 34.9111 14.6371 5
      vertex 35.0688 14.754 13.2
      vertex 34.9111 14.6371 13.2
    endloop
  endfacet
  facet normal 0.595508 -0.80335 0
    outer loop
      vertex 35.0688 14.754 13.2
      vertex 34.9111 14.6371 5
      vertex 35.0688 14.754 5
    endloop
  endfacet
  facet normal -0.671505 0.741 0
    outer loop
      vertex 8.73122 31.246 5
      vertex 8.58578 31.1142 13.2
      vertex 8.73122 31.246 13.2
    endloop
  endfacet
  facet normal -0.671505 0.741 0
    outer loop
      vertex 8.58578 31.1142 13.2
      vertex 8.73122 31.246 5
      vertex 8.58578 31.1142 5
    endloop
  endfacet
  facet normal -0.427916 0.903819 0
    outer loop
      vertex 9.23463 31.5478 5
      vertex 9.05721 31.4638 13.2
      vertex 9.23463 31.5478 13.2
    endloop
  endfacet
  facet normal -0.427916 0.903819 0
    outer loop
      vertex 9.05721 31.4638 13.2
      vertex 9.23463 31.5478 5
      vertex 9.05721 31.4638 5
    endloop
  endfacet
  facet normal -0.671505 -0.741 0
    outer loop
      vertex 8.58578 14.8858 5
      vertex 8.73122 14.754 13.2
      vertex 8.58578 14.8858 13.2
    endloop
  endfacet
  facet normal -0.671505 -0.741 -0
    outer loop
      vertex 8.73122 14.754 13.2
      vertex 8.58578 14.8858 5
      vertex 8.73122 14.754 5
    endloop
  endfacet
  facet normal -0.989174 -0.146746 0
    outer loop
      vertex 8.03844 15.9098 5
      vertex 8.00963 16.104 13.2
      vertex 8.00963 16.104 5
    endloop
  endfacet
  facet normal -0.989174 -0.146746 0
    outer loop
      vertex 8.00963 16.104 13.2
      vertex 8.03844 15.9098 5
      vertex 8.03844 15.9098 13.2
    endloop
  endfacet
  facet normal -0.85765 -0.514233 0
    outer loop
      vertex 8.33707 15.1889 5
      vertex 8.23616 15.3572 13.2
      vertex 8.23616 15.3572 5
    endloop
  endfacet
  facet normal -0.85765 -0.514233 0
    outer loop
      vertex 8.23616 15.3572 13.2
      vertex 8.33707 15.1889 5
      vertex 8.33707 15.1889 13.2
    endloop
  endfacet
  facet normal 0.671607 0.740908 -0
    outer loop
      vertex 35.2142 31.1142 5
      vertex 35.0688 31.246 13.2
      vertex 35.2142 31.1142 13.2
    endloop
  endfacet
  facet normal 0.671607 0.740908 0
    outer loop
      vertex 35.0688 31.246 13.2
      vertex 35.2142 31.1142 5
      vertex 35.0688 31.246 5
    endloop
  endfacet
  facet normal 0.857673 0.514196 0
    outer loop
      vertex 35.5638 30.6428 13.2
      vertex 35.4629 30.8111 5
      vertex 35.4629 30.8111 13.2
    endloop
  endfacet
  facet normal 0.857673 0.514196 0
    outer loop
      vertex 35.4629 30.8111 5
      vertex 35.5638 30.6428 13.2
      vertex 35.5638 30.6428 5
    endloop
  endfacet
  facet normal 0.970023 0.243015 0
    outer loop
      vertex 35.7616 30.0902 13.2
      vertex 35.7139 30.2806 5
      vertex 35.7139 30.2806 13.2
    endloop
  endfacet
  facet normal 0.970023 0.243015 0
    outer loop
      vertex 35.7139 30.2806 5
      vertex 35.7616 30.0902 13.2
      vertex 35.7616 30.0902 5
    endloop
  endfacet
  facet normal 0.989182 0.146696 0
    outer loop
      vertex 35.7904 29.896 13.2
      vertex 35.7616 30.0902 5
      vertex 35.7616 30.0902 13.2
    endloop
  endfacet
  facet normal 0.989182 0.146696 0
    outer loop
      vertex 35.7616 30.0902 5
      vertex 35.7904 29.896 13.2
      vertex 35.7904 29.896 5
    endloop
  endfacet
  facet normal 0.9038 0.427955 0
    outer loop
      vertex 35.6478 30.4654 13.2
      vertex 35.5638 30.6428 5
      vertex 35.5638 30.6428 13.2
    endloop
  endfacet
  facet normal 0.9038 0.427955 0
    outer loop
      vertex 35.5638 30.6428 5
      vertex 35.6478 30.4654 13.2
      vertex 35.6478 30.4654 5
    endloop
  endfacet
  facet normal 0.998803 -0.0489209 0
    outer loop
      vertex 35.7904 16.104 13.2
      vertex 35.8 16.3 5
      vertex 35.8 16.3 13.2
    endloop
  endfacet
  facet normal 0.998803 -0.0489209 0
    outer loop
      vertex 35.8 16.3 5
      vertex 35.7904 16.104 13.2
      vertex 35.7904 16.104 5
    endloop
  endfacet
  facet normal 0.94158 -0.336788 0
    outer loop
      vertex 35.6478 15.5346 13.2
      vertex 35.7139 15.7194 5
      vertex 35.7139 15.7194 13.2
    endloop
  endfacet
  facet normal 0.94158 -0.336788 0
    outer loop
      vertex 35.7139 15.7194 5
      vertex 35.6478 15.5346 13.2
      vertex 35.6478 15.5346 5
    endloop
  endfacet
  facet normal 0.740908 -0.671607 0
    outer loop
      vertex 35.2142 14.8858 13.2
      vertex 35.346 15.0312 5
      vertex 35.346 15.0312 13.2
    endloop
  endfacet
  facet normal 0.740908 -0.671607 0
    outer loop
      vertex 35.346 15.0312 5
      vertex 35.2142 14.8858 13.2
      vertex 35.2142 14.8858 5
    endloop
  endfacet
  facet normal 0.514196 -0.857673 0
    outer loop
      vertex 34.7428 14.5362 5
      vertex 34.9111 14.6371 13.2
      vertex 34.7428 14.5362 13.2
    endloop
  endfacet
  facet normal 0.514196 -0.857673 0
    outer loop
      vertex 34.9111 14.6371 13.2
      vertex 34.7428 14.5362 5
      vertex 34.9111 14.6371 5
    endloop
  endfacet
  facet normal 0.336788 -0.94158 0
    outer loop
      vertex 34.3806 14.3861 5
      vertex 34.5654 14.4522 13.2
      vertex 34.3806 14.3861 13.2
    endloop
  endfacet
  facet normal 0.336788 -0.94158 0
    outer loop
      vertex 34.5654 14.4522 13.2
      vertex 34.3806 14.3861 5
      vertex 34.5654 14.4522 5
    endloop
  endfacet
  facet normal -0.903958 0.427622 0
    outer loop
      vertex 8.15224 30.4654 5
      vertex 8.23616 30.6428 13.2
      vertex 8.23616 30.6428 5
    endloop
  endfacet
  facet normal -0.903958 0.427622 0
    outer loop
      vertex 8.23616 30.6428 13.2
      vertex 8.15224 30.4654 5
      vertex 8.15224 30.4654 13.2
    endloop
  endfacet
  facet normal -0.85765 0.514233 0
    outer loop
      vertex 8.23616 30.6428 5
      vertex 8.33707 30.8111 13.2
      vertex 8.33707 30.8111 5
    endloop
  endfacet
  facet normal -0.85765 0.514233 0
    outer loop
      vertex 8.33707 30.8111 13.2
      vertex 8.23616 30.6428 5
      vertex 8.23616 30.6428 13.2
    endloop
  endfacet
  facet normal -0.595678 0.803223 0
    outer loop
      vertex 8.88885 31.3629 5
      vertex 8.73122 31.246 13.2
      vertex 8.88885 31.3629 13.2
    endloop
  endfacet
  facet normal -0.595678 0.803223 0
    outer loop
      vertex 8.73122 31.246 13.2
      vertex 8.88885 31.3629 5
      vertex 8.73122 31.246 5
    endloop
  endfacet
  facet normal -0.970047 -0.242919 0
    outer loop
      vertex 8.08612 15.7194 5
      vertex 8.03844 15.9098 13.2
      vertex 8.03844 15.9098 5
    endloop
  endfacet
  facet normal -0.970047 -0.242919 0
    outer loop
      vertex 8.03844 15.9098 13.2
      vertex 8.08612 15.7194 5
      vertex 8.08612 15.7194 13.2
    endloop
  endfacet
  facet normal -0.903958 -0.427622 0
    outer loop
      vertex 8.23616 15.3572 5
      vertex 8.15224 15.5346 13.2
      vertex 8.15224 15.5346 5
    endloop
  endfacet
  facet normal -0.903958 -0.427622 0
    outer loop
      vertex 8.15224 15.5346 13.2
      vertex 8.23616 15.3572 5
      vertex 8.23616 15.3572 13.2
    endloop
  endfacet
  facet normal -0.941548 -0.336879 0
    outer loop
      vertex 8.15224 15.5346 5
      vertex 8.08612 15.7194 13.2
      vertex 8.08612 15.7194 5
    endloop
  endfacet
  facet normal -0.941548 -0.336879 0
    outer loop
      vertex 8.08612 15.7194 13.2
      vertex 8.15224 15.5346 5
      vertex 8.15224 15.5346 13.2
    endloop
  endfacet
  facet normal 0.740908 0.671607 0
    outer loop
      vertex 35.346 30.9688 13.2
      vertex 35.2142 31.1142 5
      vertex 35.2142 31.1142 13.2
    endloop
  endfacet
  facet normal 0.740908 0.671607 0
    outer loop
      vertex 35.2142 31.1142 5
      vertex 35.346 30.9688 13.2
      vertex 35.346 30.9688 5
    endloop
  endfacet
  facet normal 0.80335 0.595508 0
    outer loop
      vertex 35.4629 30.8111 13.2
      vertex 35.346 30.9688 5
      vertex 35.346 30.9688 13.2
    endloop
  endfacet
  facet normal 0.80335 0.595508 0
    outer loop
      vertex 35.346 30.9688 5
      vertex 35.4629 30.8111 13.2
      vertex 35.4629 30.8111 5
    endloop
  endfacet
  facet normal 0.80335 -0.595508 0
    outer loop
      vertex 35.346 15.0312 13.2
      vertex 35.4629 15.1889 5
      vertex 35.4629 15.1889 13.2
    endloop
  endfacet
  facet normal 0.80335 -0.595508 0
    outer loop
      vertex 35.4629 15.1889 5
      vertex 35.346 15.0312 13.2
      vertex 35.346 15.0312 5
    endloop
  endfacet
  facet normal 0.857673 -0.514196 0
    outer loop
      vertex 35.4629 15.1889 13.2
      vertex 35.5638 15.3572 5
      vertex 35.5638 15.3572 13.2
    endloop
  endfacet
  facet normal 0.857673 -0.514196 0
    outer loop
      vertex 35.5638 15.3572 5
      vertex 35.4629 15.1889 13.2
      vertex 35.4629 15.1889 5
    endloop
  endfacet
  facet normal 0.970023 -0.243015 0
    outer loop
      vertex 35.7139 15.7194 13.2
      vertex 35.7616 15.9098 5
      vertex 35.7616 15.9098 13.2
    endloop
  endfacet
  facet normal 0.970023 -0.243015 0
    outer loop
      vertex 35.7616 15.9098 5
      vertex 35.7139 15.7194 13.2
      vertex 35.7139 15.7194 5
    endloop
  endfacet
  facet normal -0.243027 0.970019 0
    outer loop
      vertex 9.60982 31.6616 5
      vertex 9.41943 31.6139 13.2
      vertex 9.60982 31.6616 13.2
    endloop
  endfacet
  facet normal -0.243027 0.970019 0
    outer loop
      vertex 9.41943 31.6139 13.2
      vertex 9.60982 31.6616 5
      vertex 9.41943 31.6139 5
    endloop
  endfacet
  facet normal -0.146733 0.989176 0
    outer loop
      vertex 9.80397 31.6904 5
      vertex 9.60982 31.6616 13.2
      vertex 9.80397 31.6904 13.2
    endloop
  endfacet
  facet normal -0.146733 0.989176 0
    outer loop
      vertex 9.60982 31.6616 13.2
      vertex 9.80397 31.6904 5
      vertex 9.60982 31.6616 5
    endloop
  endfacet
  facet normal 0.9038 -0.427955 0
    outer loop
      vertex 35.5638 15.3572 13.2
      vertex 35.6478 15.5346 5
      vertex 35.6478 15.5346 13.2
    endloop
  endfacet
  facet normal 0.9038 -0.427955 0
    outer loop
      vertex 35.6478 15.5346 5
      vertex 35.5638 15.3572 13.2
      vertex 35.5638 15.3572 5
    endloop
  endfacet
  facet normal 0 -1 0
    outer loop
      vertex 41 15 5
      vertex 49 15 20
      vertex 41 15 20
    endloop
  endfacet
  facet normal 0 -1 -0
    outer loop
      vertex 49 15 20
      vertex 41 15 5
      vertex 49 15 5
    endloop
  endfacet
  facet normal 0.0489209 -0.998803 0
    outer loop
      vertex 49 15 5
      vertex 49.196 15.0096 20
      vertex 49 15 20
    endloop
  endfacet
  facet normal 0.0489209 -0.998803 0
    outer loop
      vertex 49.196 15.0096 20
      vertex 49 15 5
      vertex 49.196 15.0096 5
    endloop
  endfacet
  facet normal 0.146696 -0.989182 0
    outer loop
      vertex 49.196 15.0096 5
      vertex 49.3902 15.0384 20
      vertex 49.196 15.0096 20
    endloop
  endfacet
  facet normal 0.146696 -0.989182 0
    outer loop
      vertex 49.3902 15.0384 20
      vertex 49.196 15.0096 5
      vertex 49.3902 15.0384 5
    endloop
  endfacet
  facet normal -0.0489209 0.998803 0
    outer loop
      vertex 41 31 5
      vertex 40.804 30.9904 20
      vertex 41 31 20
    endloop
  endfacet
  facet normal -0.0489209 0.998803 0
    outer loop
      vertex 40.804 30.9904 20
      vertex 41 31 5
      vertex 40.804 30.9904 5
    endloop
  endfacet
  facet normal -0.80335 0.595508 0
    outer loop
      vertex 39.3371 30.1111 5
      vertex 39.454 30.2688 20
      vertex 39.454 30.2688 5
    endloop
  endfacet
  facet normal -0.80335 0.595508 0
    outer loop
      vertex 39.454 30.2688 20
      vertex 39.3371 30.1111 5
      vertex 39.3371 30.1111 20
    endloop
  endfacet
  facet normal -0.0489209 -0.998803 0
    outer loop
      vertex 40.804 15.0096 5
      vertex 41 15 20
      vertex 40.804 15.0096 20
    endloop
  endfacet
  facet normal -0.0489209 -0.998803 -0
    outer loop
      vertex 41 15 20
      vertex 40.804 15.0096 5
      vertex 41 15 5
    endloop
  endfacet
  facet normal 0 0 1
    outer loop
      vertex 49 31 20
      vertex 51 29 20
      vertex 50.9904 29.196 20
    endloop
  endfacet
  facet normal 0 0 1
    outer loop
      vertex 51 29 20
      vertex 39 29 20
      vertex 51 17 20
    endloop
  endfacet
  facet normal 0 0 1
    outer loop
      vertex 49 31 20
      vertex 50.9904 29.196 20
      vertex 50.9616 29.3902 20
    endloop
  endfacet
  facet normal 0 0 1
    outer loop
      vertex 39 17 20
      vertex 51 17 20
      vertex 39 29 20
    endloop
  endfacet
  facet normal 0 0 1
    outer loop
      vertex 49 31 20
      vertex 50.9616 29.3902 20
      vertex 50.9139 29.5806 20
    endloop
  endfacet
  facet normal 0 -0 1
    outer loop
      vertex 49 15 20
      vertex 51 17 20
      vertex 39 17 20
    endloop
  endfacet
  facet normal 0 0 1
    outer loop
      vertex 49 31 20
      vertex 50.9139 29.5806 20
      vertex 50.8478 29.7654 20
    endloop
  endfacet
  facet normal 0 0 1
    outer loop
      vertex 51 17 20
      vertex 49 15 20
      vertex 50.9904 16.804 20
    endloop
  endfacet
  facet normal 0 0 1
    outer loop
      vertex 49 31 20
      vertex 50.8478 29.7654 20
      vertex 50.7638 29.9428 20
    endloop
  endfacet
  facet normal 0 0 1
    outer loop
      vertex 51 29 20
      vertex 49 31 20
      vertex 39 29 20
    endloop
  endfacet
  facet normal 0 0 1
    outer loop
      vertex 49 31 20
      vertex 50.7638 29.9428 20
      vertex 50.6629 30.1111 20
    endloop
  endfacet
  facet normal 0 0 1
    outer loop
      vertex 50.9904 16.804 20
      vertex 49 15 20
      vertex 50.9616 16.6098 20
    endloop
  endfacet
  facet normal 0 0 1
    outer loop
      vertex 49 31 20
      vertex 50.6629 30.1111 20
      vertex 50.546 30.2688 20
    endloop
  endfacet
  facet normal 0 0 1
    outer loop
      vertex 50.8478 16.2346 20
      vertex 49 15 20
      vertex 50.7638 16.0572 20
    endloop
  endfacet
  facet normal 0 0 1
    outer loop
      vertex 49 31 20
      vertex 50.546 30.2688 20
      vertex 50.4142 30.4142 20
    endloop
  endfacet
  facet normal 0 0 1
    outer loop
      vertex 50.7638 16.0572 20
      vertex 49 15 20
      vertex 50.6629 15.8889 20
    endloop
  endfacet
  facet normal 0 0 1
    outer loop
      vertex 49 31 20
      vertex 50.4142 30.4142 20
      vertex 50.2688 30.546 20
    endloop
  endfacet
  facet normal 0 0 1
    outer loop
      vertex 50.6629 15.8889 20
      vertex 49 15 20
      vertex 50.546 15.7312 20
    endloop
  endfacet
  facet normal 0 0 1
    outer loop
      vertex 49 31 20
      vertex 50.2688 30.546 20
      vertex 50.1111 30.6629 20
    endloop
  endfacet
  facet normal 0 0 1
    outer loop
      vertex 50.546 15.7312 20
      vertex 49 15 20
      vertex 50.4142 15.5858 20
    endloop
  endfacet
  facet normal 0 0 1
    outer loop
      vertex 49 31 20
      vertex 50.1111 30.6629 20
      vertex 49.9428 30.7638 20
    endloop
  endfacet
  facet normal 0 0 1
    outer loop
      vertex 50.4142 15.5858 20
      vertex 49 15 20
      vertex 50.2688 15.454 20
    endloop
  endfacet
  facet normal 0 0 1
    outer loop
      vertex 49 31 20
      vertex 49.9428 30.7638 20
      vertex 49.7654 30.8478 20
    endloop
  endfacet
  facet normal 0 0 1
    outer loop
      vertex 50.2688 15.454 20
      vertex 49 15 20
      vertex 50.1111 15.3371 20
    endloop
  endfacet
  facet normal 0 0 1
    outer loop
      vertex 49 31 20
      vertex 49.7654 30.8478 20
      vertex 49.5806 30.9139 20
    endloop
  endfacet
  facet normal 0 0 1
    outer loop
      vertex 50.1111 15.3371 20
      vertex 49 15 20
      vertex 49.9428 15.2362 20
    endloop
  endfacet
  facet normal 0 0 1
    outer loop
      vertex 49 31 20
      vertex 49.5806 30.9139 20
      vertex 49.3902 30.9616 20
    endloop
  endfacet
  facet normal 0 0 1
    outer loop
      vertex 49.9428 15.2362 20
      vertex 49 15 20
      vertex 49.7654 15.1522 20
    endloop
  endfacet
  facet normal 0 0 1
    outer loop
      vertex 49 31 20
      vertex 49.3902 30.9616 20
      vertex 49.196 30.9904 20
    endloop
  endfacet
  facet normal 0 0 1
    outer loop
      vertex 49.7654 15.1522 20
      vertex 49 15 20
      vertex 49.5806 15.0861 20
    endloop
  endfacet
  facet normal 0 0 1
    outer loop
      vertex 49.5806 15.0861 20
      vertex 49 15 20
      vertex 49.3902 15.0384 20
    endloop
  endfacet
  facet normal 0 0 1
    outer loop
      vertex 49.3902 15.0384 20
      vertex 49 15 20
      vertex 49.196 15.0096 20
    endloop
  endfacet
  facet normal 0 0 1
    outer loop
      vertex 39 29 20
      vertex 49 31 20
      vertex 41 31 20
    endloop
  endfacet
  facet normal 0 0 1
    outer loop
      vertex 50.9616 16.6098 20
      vertex 49 15 20
      vertex 50.9139 16.4194 20
    endloop
  endfacet
  facet normal 0 0 1
    outer loop
      vertex 39 29 20
      vertex 41 31 20
      vertex 40.804 30.9904 20
    endloop
  endfacet
  facet normal 0 0 1
    outer loop
      vertex 50.9139 16.4194 20
      vertex 49 15 20
      vertex 50.8478 16.2346 20
    endloop
  endfacet
  facet normal 0 0 1
    outer loop
      vertex 39 29 20
      vertex 40.804 30.9904 20
      vertex 40.6098 30.9616 20
    endloop
  endfacet
  facet normal 0 0 1
    outer loop
      vertex 49 15 20
      vertex 39 17 20
      vertex 41 15 20
    endloop
  endfacet
  facet normal 0 0 1
    outer loop
      vertex 39 29 20
      vertex 40.6098 30.9616 20
      vertex 40.4194 30.9139 20
    endloop
  endfacet
  facet normal 0 0 1
    outer loop
      vertex 41 15 20
      vertex 39 17 20
      vertex 40.804 15.0096 20
    endloop
  endfacet
  facet normal 0 0 1
    outer loop
      vertex 39 29 20
      vertex 40.4194 30.9139 20
      vertex 40.2346 30.8478 20
    endloop
  endfacet
  facet normal 0 0 1
    outer loop
      vertex 40.804 15.0096 20
      vertex 39 17 20
      vertex 40.6098 15.0384 20
    endloop
  endfacet
  facet normal 0 0 1
    outer loop
      vertex 39 29 20
      vertex 40.2346 30.8478 20
      vertex 40.0572 30.7638 20
    endloop
  endfacet
  facet normal 0 0 1
    outer loop
      vertex 40.6098 15.0384 20
      vertex 39 17 20
      vertex 40.4194 15.0861 20
    endloop
  endfacet
  facet normal 0 0 1
    outer loop
      vertex 39 29 20
      vertex 40.0572 30.7638 20
      vertex 39.8889 30.6629 20
    endloop
  endfacet
  facet normal 0 0 1
    outer loop
      vertex 40.4194 15.0861 20
      vertex 39 17 20
      vertex 40.2346 15.1522 20
    endloop
  endfacet
  facet normal 0 0 1
    outer loop
      vertex 39 29 20
      vertex 39.8889 30.6629 20
      vertex 39.7312 30.546 20
    endloop
  endfacet
  facet normal 0 0 1
    outer loop
      vertex 40.2346 15.1522 20
      vertex 39 17 20
      vertex 40.0572 15.2362 20
    endloop
  endfacet
  facet normal 0 0 1
    outer loop
      vertex 39 29 20
      vertex 39.7312 30.546 20
      vertex 39.5858 30.4142 20
    endloop
  endfacet
  facet normal 0 0 1
    outer loop
      vertex 40.0572 15.2362 20
      vertex 39 17 20
      vertex 39.8889 15.3371 20
    endloop
  endfacet
  facet normal 0 0 1
    outer loop
      vertex 39 29 20
      vertex 39.5858 30.4142 20
      vertex 39.454 30.2688 20
    endloop
  endfacet
  facet normal 0 0 1
    outer loop
      vertex 39.8889 15.3371 20
      vertex 39 17 20
      vertex 39.7312 15.454 20
    endloop
  endfacet
  facet normal 0 0 1
    outer loop
      vertex 39 29 20
      vertex 39.454 30.2688 20
      vertex 39.3371 30.1111 20
    endloop
  endfacet
  facet normal 0 0 1
    outer loop
      vertex 39.7312 15.454 20
      vertex 39 17 20
      vertex 39.5858 15.5858 20
    endloop
  endfacet
  facet normal 0 0 1
    outer loop
      vertex 39 29 20
      vertex 39.3371 30.1111 20
      vertex 39.2362 29.9428 20
    endloop
  endfacet
  facet normal 0 0 1
    outer loop
      vertex 39.5858 15.5858 20
      vertex 39 17 20
      vertex 39.454 15.7312 20
    endloop
  endfacet
  facet normal 0 0 1
    outer loop
      vertex 39 29 20
      vertex 39.2362 29.9428 20
      vertex 39.1522 29.7654 20
    endloop
  endfacet
  facet normal 0 0 1
    outer loop
      vertex 39.454 15.7312 20
      vertex 39 17 20
      vertex 39.3371 15.8889 20
    endloop
  endfacet
  facet normal 0 0 1
    outer loop
      vertex 39 29 20
      vertex 39.1522 29.7654 20
      vertex 39.0861 29.5806 20
    endloop
  endfacet
  facet normal 0 0 1
    outer loop
      vertex 39.3371 15.8889 20
      vertex 39 17 20
      vertex 39.2362 16.0572 20
    endloop
  endfacet
  facet normal 0 0 1
    outer loop
      vertex 39 29 20
      vertex 39.0861 29.5806 20
      vertex 39.0384 29.3902 20
    endloop
  endfacet
  facet normal 0 0 1
    outer loop
      vertex 39.2362 16.0572 20
      vertex 39 17 20
      vertex 39.1522 16.2346 20
    endloop
  endfacet
  facet normal 0 0 1
    outer loop
      vertex 39 29 20
      vertex 39.0384 29.3902 20
      vertex 39.0096 29.196 20
    endloop
  endfacet
  facet normal 0 0 1
    outer loop
      vertex 39.1522 16.2346 20
      vertex 39 17 20
      vertex 39.0861 16.4194 20
    endloop
  endfacet
  facet normal 0 0 1
    outer loop
      vertex 39.0861 16.4194 20
      vertex 39 17 20
      vertex 39.0384 16.6098 20
    endloop
  endfacet
  facet normal 0 0 1
    outer loop
      vertex 39.0384 16.6098 20
      vertex 39 17 20
      vertex 39.0096 16.804 20
    endloop
  endfacet
  facet normal -0.514196 -0.857673 0
    outer loop
      vertex 39.8889 15.3371 5
      vertex 40.0572 15.2362 20
      vertex 39.8889 15.3371 20
    endloop
  endfacet
  facet normal -0.514196 -0.857673 -0
    outer loop
      vertex 40.0572 15.2362 20
      vertex 39.8889 15.3371 5
      vertex 40.0572 15.2362 5
    endloop
  endfacet
  facet normal 0 1 -0
    outer loop
      vertex 49 31 5
      vertex 41 31 20
      vertex 49 31 20
    endloop
  endfacet
  facet normal 0 1 0
    outer loop
      vertex 41 31 20
      vertex 49 31 5
      vertex 41 31 5
    endloop
  endfacet
  facet normal 0.998803 -0.0489209 0
    outer loop
      vertex 50.9904 16.804 20
      vertex 51 17 5
      vertex 51 17 20
    endloop
  endfacet
  facet normal 0.998803 -0.0489209 0
    outer loop
      vertex 51 17 5
      vertex 50.9904 16.804 20
      vertex 50.9904 16.804 5
    endloop
  endfacet
  facet normal 0.9038 0.427955 0
    outer loop
      vertex 50.8478 29.7654 20
      vertex 50.7638 29.9428 5
      vertex 50.7638 29.9428 20
    endloop
  endfacet
  facet normal 0.9038 0.427955 0
    outer loop
      vertex 50.7638 29.9428 5
      vertex 50.8478 29.7654 20
      vertex 50.8478 29.7654 5
    endloop
  endfacet
  facet normal -0.740908 0.671607 0
    outer loop
      vertex 39.454 30.2688 5
      vertex 39.5858 30.4142 20
      vertex 39.5858 30.4142 5
    endloop
  endfacet
  facet normal -0.740908 0.671607 0
    outer loop
      vertex 39.5858 30.4142 20
      vertex 39.454 30.2688 5
      vertex 39.454 30.2688 20
    endloop
  endfacet
  facet normal -0.94158 0.336788 0
    outer loop
      vertex 39.0861 29.5806 5
      vertex 39.1522 29.7654 20
      vertex 39.1522 29.7654 5
    endloop
  endfacet
  facet normal -0.94158 0.336788 0
    outer loop
      vertex 39.1522 29.7654 20
      vertex 39.0861 29.5806 5
      vertex 39.0861 29.5806 20
    endloop
  endfacet
  facet normal -0.989182 -0.146696 0
    outer loop
      vertex 39.0384 16.6098 5
      vertex 39.0096 16.804 20
      vertex 39.0096 16.804 5
    endloop
  endfacet
  facet normal -0.989182 -0.146696 0
    outer loop
      vertex 39.0096 16.804 20
      vertex 39.0384 16.6098 5
      vertex 39.0384 16.6098 20
    endloop
  endfacet
  facet normal -0.9038 -0.427955 0
    outer loop
      vertex 39.2362 16.0572 5
      vertex 39.1522 16.2346 20
      vertex 39.1522 16.2346 5
    endloop
  endfacet
  facet normal -0.9038 -0.427955 0
    outer loop
      vertex 39.1522 16.2346 20
      vertex 39.2362 16.0572 5
      vertex 39.2362 16.0572 20
    endloop
  endfacet
  facet normal -0.998803 -0.0489209 0
    outer loop
      vertex 39.0096 16.804 5
      vertex 39 17 20
      vertex 39 17 5
    endloop
  endfacet
  facet normal -0.998803 -0.0489209 0
    outer loop
      vertex 39 17 20
      vertex 39.0096 16.804 5
      vertex 39.0096 16.804 20
    endloop
  endfacet
  facet normal -0.998803 0.0489209 0
    outer loop
      vertex 39 29 5
      vertex 39.0096 29.196 20
      vertex 39.0096 29.196 5
    endloop
  endfacet
  facet normal -0.998803 0.0489209 0
    outer loop
      vertex 39.0096 29.196 20
      vertex 39 29 5
      vertex 39 29 20
    endloop
  endfacet
  facet normal -0.336788 -0.94158 0
    outer loop
      vertex 40.2346 15.1522 5
      vertex 40.4194 15.0861 20
      vertex 40.2346 15.1522 20
    endloop
  endfacet
  facet normal -0.336788 -0.94158 -0
    outer loop
      vertex 40.4194 15.0861 20
      vertex 40.2346 15.1522 5
      vertex 40.4194 15.0861 5
    endloop
  endfacet
  facet normal -0.243015 -0.970023 0
    outer loop
      vertex 40.4194 15.0861 5
      vertex 40.6098 15.0384 20
      vertex 40.4194 15.0861 20
    endloop
  endfacet
  facet normal -0.243015 -0.970023 -0
    outer loop
      vertex 40.6098 15.0384 20
      vertex 40.4194 15.0861 5
      vertex 40.6098 15.0384 5
    endloop
  endfacet
  facet normal -0.671607 -0.740908 0
    outer loop
      vertex 39.5858 15.5858 5
      vertex 39.7312 15.454 20
      vertex 39.5858 15.5858 20
    endloop
  endfacet
  facet normal -0.671607 -0.740908 -0
    outer loop
      vertex 39.7312 15.454 20
      vertex 39.5858 15.5858 5
      vertex 39.7312 15.454 5
    endloop
  endfacet
  facet normal -0.857673 -0.514196 0
    outer loop
      vertex 39.3371 15.8889 5
      vertex 39.2362 16.0572 20
      vertex 39.2362 16.0572 5
    endloop
  endfacet
  facet normal -0.857673 -0.514196 0
    outer loop
      vertex 39.2362 16.0572 20
      vertex 39.3371 15.8889 5
      vertex 39.3371 15.8889 20
    endloop
  endfacet
  facet normal 0.0489209 0.998803 -0
    outer loop
      vertex 49.196 30.9904 5
      vertex 49 31 20
      vertex 49.196 30.9904 20
    endloop
  endfacet
  facet normal 0.0489209 0.998803 0
    outer loop
      vertex 49 31 20
      vertex 49.196 30.9904 5
      vertex 49 31 5
    endloop
  endfacet
  facet normal 0.94158 -0.336788 0
    outer loop
      vertex 50.8478 16.2346 20
      vertex 50.9139 16.4194 5
      vertex 50.9139 16.4194 20
    endloop
  endfacet
  facet normal 0.94158 -0.336788 0
    outer loop
      vertex 50.9139 16.4194 5
      vertex 50.8478 16.2346 20
      vertex 50.8478 16.2346 5
    endloop
  endfacet
  facet normal 0.671607 -0.740908 0
    outer loop
      vertex 50.2688 15.454 5
      vertex 50.4142 15.5858 20
      vertex 50.2688 15.454 20
    endloop
  endfacet
  facet normal 0.671607 -0.740908 0
    outer loop
      vertex 50.4142 15.5858 20
      vertex 50.2688 15.454 5
      vertex 50.4142 15.5858 5
    endloop
  endfacet
  facet normal 0.427955 -0.9038 0
    outer loop
      vertex 49.7654 15.1522 5
      vertex 49.9428 15.2362 20
      vertex 49.7654 15.1522 20
    endloop
  endfacet
  facet normal 0.427955 -0.9038 0
    outer loop
      vertex 49.9428 15.2362 20
      vertex 49.7654 15.1522 5
      vertex 49.9428 15.2362 5
    endloop
  endfacet
  facet normal 0.671607 0.740908 -0
    outer loop
      vertex 50.4142 30.4142 5
      vertex 50.2688 30.546 20
      vertex 50.4142 30.4142 20
    endloop
  endfacet
  facet normal 0.671607 0.740908 0
    outer loop
      vertex 50.2688 30.546 20
      vertex 50.4142 30.4142 5
      vertex 50.2688 30.546 5
    endloop
  endfacet
  facet normal 0.740908 0.671607 0
    outer loop
      vertex 50.546 30.2688 20
      vertex 50.4142 30.4142 5
      vertex 50.4142 30.4142 20
    endloop
  endfacet
  facet normal 0.740908 0.671607 0
    outer loop
      vertex 50.4142 30.4142 5
      vertex 50.546 30.2688 20
      vertex 50.546 30.2688 5
    endloop
  endfacet
  facet normal -0.514196 0.857673 0
    outer loop
      vertex 40.0572 30.7638 5
      vertex 39.8889 30.6629 20
      vertex 40.0572 30.7638 20
    endloop
  endfacet
  facet normal -0.514196 0.857673 0
    outer loop
      vertex 39.8889 30.6629 20
      vertex 40.0572 30.7638 5
      vertex 39.8889 30.6629 5
    endloop
  endfacet
  facet normal -0.336788 0.94158 0
    outer loop
      vertex 40.4194 30.9139 5
      vertex 40.2346 30.8478 20
      vertex 40.4194 30.9139 20
    endloop
  endfacet
  facet normal -0.336788 0.94158 0
    outer loop
      vertex 40.2346 30.8478 20
      vertex 40.4194 30.9139 5
      vertex 40.2346 30.8478 5
    endloop
  endfacet
  facet normal -0.989182 0.146696 0
    outer loop
      vertex 39.0096 29.196 5
      vertex 39.0384 29.3902 20
      vertex 39.0384 29.3902 5
    endloop
  endfacet
  facet normal -0.989182 0.146696 0
    outer loop
      vertex 39.0384 29.3902 20
      vertex 39.0096 29.196 5
      vertex 39.0096 29.196 20
    endloop
  endfacet
  facet normal -0.970023 0.243015 0
    outer loop
      vertex 39.0384 29.3902 5
      vertex 39.0861 29.5806 20
      vertex 39.0861 29.5806 5
    endloop
  endfacet
  facet normal -0.970023 0.243015 0
    outer loop
      vertex 39.0861 29.5806 20
      vertex 39.0384 29.3902 5
      vertex 39.0384 29.3902 20
    endloop
  endfacet
  facet normal -0.94158 -0.336788 0
    outer loop
      vertex 39.1522 16.2346 5
      vertex 39.0861 16.4194 20
      vertex 39.0861 16.4194 5
    endloop
  endfacet
  facet normal -0.94158 -0.336788 0
    outer loop
      vertex 39.0861 16.4194 20
      vertex 39.1522 16.2346 5
      vertex 39.1522 16.2346 20
    endloop
  endfacet
  facet normal -1 0 0
    outer loop
      vertex 39 29 5
      vertex 39 26 12
      vertex 39 29 20
    endloop
  endfacet
  facet normal -1 0 0
    outer loop
      vertex 39 29 5
      vertex 39 25.9856 11.7059
      vertex 39 26 12
    endloop
  endfacet
  facet normal -1 0 0
    outer loop
      vertex 39 29 5
      vertex 39 25.9424 11.4147
      vertex 39 25.9856 11.7059
    endloop
  endfacet
  facet normal -1 0 0
    outer loop
      vertex 39 29 5
      vertex 39 25.8708 11.1291
      vertex 39 25.9424 11.4147
    endloop
  endfacet
  facet normal -1 0 0
    outer loop
      vertex 39 29 5
      vertex 39 25.7716 10.8519
      vertex 39 25.8708 11.1291
    endloop
  endfacet
  facet normal -1 0 0
    outer loop
      vertex 39 29 5
      vertex 39 25.6458 10.5858
      vertex 39 25.7716 10.8519
    endloop
  endfacet
  facet normal -1 0 0
    outer loop
      vertex 39 29 5
      vertex 39 25.4944 10.3333
      vertex 39 25.6458 10.5858
    endloop
  endfacet
  facet normal -1 0 0
    outer loop
      vertex 39 29 5
      vertex 39 25.319 10.0968
      vertex 39 25.4944 10.3333
    endloop
  endfacet
  facet normal -1 0 0
    outer loop
      vertex 39 29 5
      vertex 39 25.1213 9.87868
      vertex 39 25.319 10.0968
    endloop
  endfacet
  facet normal -1 0 0
    outer loop
      vertex 39 29 5
      vertex 39 24.9032 9.68097
      vertex 39 25.1213 9.87868
    endloop
  endfacet
  facet normal -1 0 0
    outer loop
      vertex 39 29 5
      vertex 39 24.6667 9.50559
      vertex 39 24.9032 9.68097
    endloop
  endfacet
  facet normal -1 0 0
    outer loop
      vertex 39 29 5
      vertex 39 24.4142 9.35424
      vertex 39 24.6667 9.50559
    endloop
  endfacet
  facet normal -1 0 0
    outer loop
      vertex 39 29 5
      vertex 39 24.148 9.22836
      vertex 39 24.4142 9.35424
    endloop
  endfacet
  facet normal -1 0 0
    outer loop
      vertex 39 29 5
      vertex 39 23.8709 9.12918
      vertex 39 24.148 9.22836
    endloop
  endfacet
  facet normal -1 0 0
    outer loop
      vertex 39 29 5
      vertex 39 23.5853 9.05764
      vertex 39 23.8709 9.12918
    endloop
  endfacet
  facet normal -1 0 0
    outer loop
      vertex 39 29 5
      vertex 39 23.2941 9.01445
      vertex 39 23.5853 9.05764
    endloop
  endfacet
  facet normal -1 0 0
    outer loop
      vertex 39 29 5
      vertex 39 23 9
      vertex 39 23.2941 9.01445
    endloop
  endfacet
  facet normal -1 0 0
    outer loop
      vertex 39 17 5
      vertex 39 23 9
      vertex 39 29 5
    endloop
  endfacet
  facet normal -1 -0 0
    outer loop
      vertex 39 23 9
      vertex 39 17 5
      vertex 39 22.7059 9.01445
    endloop
  endfacet
  facet normal -1 -0 0
    outer loop
      vertex 39 22.7059 9.01445
      vertex 39 17 5
      vertex 39 22.4147 9.05764
    endloop
  endfacet
  facet normal -1 -0 0
    outer loop
      vertex 39 22.4147 9.05764
      vertex 39 17 5
      vertex 39 22.1291 9.12918
    endloop
  endfacet
  facet normal -1 -0 0
    outer loop
      vertex 39 22.1291 9.12918
      vertex 39 17 5
      vertex 39 21.8519 9.22836
    endloop
  endfacet
  facet normal -1 -0 0
    outer loop
      vertex 39 20.0144 11.7059
      vertex 39 17 5
      vertex 39 20 12
    endloop
  endfacet
  facet normal -1 -0 0
    outer loop
      vertex 39 20.0576 11.4147
      vertex 39 17 5
      vertex 39 20.0144 11.7059
    endloop
  endfacet
  facet normal -1 -0 0
    outer loop
      vertex 39 20.1292 11.1291
      vertex 39 17 5
      vertex 39 20.0576 11.4147
    endloop
  endfacet
  facet normal -1 -0 0
    outer loop
      vertex 39 20.2284 10.8519
      vertex 39 17 5
      vertex 39 20.1292 11.1291
    endloop
  endfacet
  facet normal -1 -0 0
    outer loop
      vertex 39 20.3542 10.5858
      vertex 39 17 5
      vertex 39 20.2284 10.8519
    endloop
  endfacet
  facet normal -1 -0 0
    outer loop
      vertex 39 20.5056 10.3333
      vertex 39 17 5
      vertex 39 20.3542 10.5858
    endloop
  endfacet
  facet normal -1 -0 0
    outer loop
      vertex 39 20.681 10.0968
      vertex 39 17 5
      vertex 39 20.5056 10.3333
    endloop
  endfacet
  facet normal -1 -0 0
    outer loop
      vertex 39 20.8787 9.87868
      vertex 39 17 5
      vertex 39 20.681 10.0968
    endloop
  endfacet
  facet normal -1 -0 0
    outer loop
      vertex 39 21.0968 9.68097
      vertex 39 17 5
      vertex 39 20.8787 9.87868
    endloop
  endfacet
  facet normal -1 -0 0
    outer loop
      vertex 39 21.3333 9.50559
      vertex 39 17 5
      vertex 39 21.0968 9.68097
    endloop
  endfacet
  facet normal -1 -0 0
    outer loop
      vertex 39 21.5858 9.35424
      vertex 39 17 5
      vertex 39 21.3333 9.50559
    endloop
  endfacet
  facet normal -1 -0 0
    outer loop
      vertex 39 21.8519 9.22836
      vertex 39 17 5
      vertex 39 21.5858 9.35424
    endloop
  endfacet
  facet normal -1 0 0
    outer loop
      vertex 39 25.9856 12.2941
      vertex 39 29 20
      vertex 39 26 12
    endloop
  endfacet
  facet normal -1 0 0
    outer loop
      vertex 39 25.9424 12.5853
      vertex 39 29 20
      vertex 39 25.9856 12.2941
    endloop
  endfacet
  facet normal -1 0 0
    outer loop
      vertex 39 25.8708 12.8709
      vertex 39 29 20
      vertex 39 25.9424 12.5853
    endloop
  endfacet
  facet normal -1 0 0
    outer loop
      vertex 39 25.7716 13.148
      vertex 39 29 20
      vertex 39 25.8708 12.8709
    endloop
  endfacet
  facet normal -1 0 0
    outer loop
      vertex 39 25.6458 13.4142
      vertex 39 29 20
      vertex 39 25.7716 13.148
    endloop
  endfacet
  facet normal -1 0 0
    outer loop
      vertex 39 25.4944 13.6667
      vertex 39 29 20
      vertex 39 25.6458 13.4142
    endloop
  endfacet
  facet normal -1 0 0
    outer loop
      vertex 39 25.319 13.9032
      vertex 39 29 20
      vertex 39 25.4944 13.6667
    endloop
  endfacet
  facet normal -1 0 0
    outer loop
      vertex 39 25.1213 14.1213
      vertex 39 29 20
      vertex 39 25.319 13.9032
    endloop
  endfacet
  facet normal -1 0 0
    outer loop
      vertex 39 24.9032 14.319
      vertex 39 29 20
      vertex 39 25.1213 14.1213
    endloop
  endfacet
  facet normal -1 0 0
    outer loop
      vertex 39 24.6667 14.4944
      vertex 39 29 20
      vertex 39 24.9032 14.319
    endloop
  endfacet
  facet normal -1 0 0
    outer loop
      vertex 39 24.4142 14.6458
      vertex 39 29 20
      vertex 39 24.6667 14.4944
    endloop
  endfacet
  facet normal -1 0 0
    outer loop
      vertex 39 24.148 14.7716
      vertex 39 29 20
      vertex 39 24.4142 14.6458
    endloop
  endfacet
  facet normal -1 0 0
    outer loop
      vertex 39 23.8709 14.8708
      vertex 39 29 20
      vertex 39 24.148 14.7716
    endloop
  endfacet
  facet normal -1 0 0
    outer loop
      vertex 39 23.5853 14.9424
      vertex 39 29 20
      vertex 39 23.8709 14.8708
    endloop
  endfacet
  facet normal -1 0 0
    outer loop
      vertex 39 23.2941 14.9856
      vertex 39 29 20
      vertex 39 23.5853 14.9424
    endloop
  endfacet
  facet normal -1 0 0
    outer loop
      vertex 39 23 15
      vertex 39 29 20
      vertex 39 23.2941 14.9856
    endloop
  endfacet
  facet normal -1 0 0
    outer loop
      vertex 39 17 20
      vertex 39 23 15
      vertex 39 22.7059 14.9856
    endloop
  endfacet
  facet normal -1 0 0
    outer loop
      vertex 39 17 20
      vertex 39 22.7059 14.9856
      vertex 39 22.4147 14.9424
    endloop
  endfacet
  facet normal -1 0 0
    outer loop
      vertex 39 17 20
      vertex 39 22.4147 14.9424
      vertex 39 22.1291 14.8708
    endloop
  endfacet
  facet normal -1 0 0
    outer loop
      vertex 39 17 20
      vertex 39 22.1291 14.8708
      vertex 39 21.8519 14.7716
    endloop
  endfacet
  facet normal -1 0 0
    outer loop
      vertex 39 17 20
      vertex 39 21.8519 14.7716
      vertex 39 21.5858 14.6458
    endloop
  endfacet
  facet normal -1 0 0
    outer loop
      vertex 39 17 20
      vertex 39 21.5858 14.6458
      vertex 39 21.3333 14.4944
    endloop
  endfacet
  facet normal -1 0 0
    outer loop
      vertex 39 17 20
      vertex 39 20 12
      vertex 39 17 5
    endloop
  endfacet
  facet normal -1 0 0
    outer loop
      vertex 39 20 12
      vertex 39 17 20
      vertex 39 20.0144 12.2941
    endloop
  endfacet
  facet normal -1 0 0
    outer loop
      vertex 39 20.0144 12.2941
      vertex 39 17 20
      vertex 39 20.0576 12.5853
    endloop
  endfacet
  facet normal -1 0 0
    outer loop
      vertex 39 20.0576 12.5853
      vertex 39 17 20
      vertex 39 20.1292 12.8709
    endloop
  endfacet
  facet normal -1 0 0
    outer loop
      vertex 39 23 15
      vertex 39 17 20
      vertex 39 29 20
    endloop
  endfacet
  facet normal -1 0 0
    outer loop
      vertex 39 21.0968 14.319
      vertex 39 17 20
      vertex 39 21.3333 14.4944
    endloop
  endfacet
  facet normal -1 0 0
    outer loop
      vertex 39 20.8787 14.1213
      vertex 39 17 20
      vertex 39 21.0968 14.319
    endloop
  endfacet
  facet normal -1 0 0
    outer loop
      vertex 39 20.681 13.9032
      vertex 39 17 20
      vertex 39 20.8787 14.1213
    endloop
  endfacet
  facet normal -1 0 0
    outer loop
      vertex 39 20.5056 13.6667
      vertex 39 17 20
      vertex 39 20.681 13.9032
    endloop
  endfacet
  facet normal -1 0 0
    outer loop
      vertex 39 20.3542 13.4142
      vertex 39 17 20
      vertex 39 20.5056 13.6667
    endloop
  endfacet
  facet normal -1 0 0
    outer loop
      vertex 39 20.2284 13.148
      vertex 39 17 20
      vertex 39 20.3542 13.4142
    endloop
  endfacet
  facet normal -1 0 0
    outer loop
      vertex 39 20.1292 12.8709
      vertex 39 17 20
      vertex 39 20.2284 13.148
    endloop
  endfacet
  facet normal -0.146696 -0.989182 0
    outer loop
      vertex 40.6098 15.0384 5
      vertex 40.804 15.0096 20
      vertex 40.6098 15.0384 20
    endloop
  endfacet
  facet normal -0.146696 -0.989182 -0
    outer loop
      vertex 40.804 15.0096 20
      vertex 40.6098 15.0384 5
      vertex 40.804 15.0096 5
    endloop
  endfacet
  facet normal -0.427955 -0.9038 0
    outer loop
      vertex 40.0572 15.2362 5
      vertex 40.2346 15.1522 20
      vertex 40.0572 15.2362 20
    endloop
  endfacet
  facet normal -0.427955 -0.9038 -0
    outer loop
      vertex 40.2346 15.1522 20
      vertex 40.0572 15.2362 5
      vertex 40.2346 15.1522 5
    endloop
  endfacet
  facet normal -0.595508 -0.80335 0
    outer loop
      vertex 39.7312 15.454 5
      vertex 39.8889 15.3371 20
      vertex 39.7312 15.454 20
    endloop
  endfacet
  facet normal -0.595508 -0.80335 -0
    outer loop
      vertex 39.8889 15.3371 20
      vertex 39.7312 15.454 5
      vertex 39.8889 15.3371 5
    endloop
  endfacet
  facet normal -0.740908 -0.671607 0
    outer loop
      vertex 39.5858 15.5858 5
      vertex 39.454 15.7312 20
      vertex 39.454 15.7312 5
    endloop
  endfacet
  facet normal -0.740908 -0.671607 0
    outer loop
      vertex 39.454 15.7312 20
      vertex 39.5858 15.5858 5
      vertex 39.5858 15.5858 20
    endloop
  endfacet
  facet normal -0.80335 -0.595508 0
    outer loop
      vertex 39.454 15.7312 5
      vertex 39.3371 15.8889 20
      vertex 39.3371 15.8889 5
    endloop
  endfacet
  facet normal -0.80335 -0.595508 0
    outer loop
      vertex 39.3371 15.8889 20
      vertex 39.454 15.7312 5
      vertex 39.454 15.7312 20
    endloop
  endfacet
  facet normal 1 0 0
    outer loop
      vertex 51 29 20
      vertex 51 26 12
      vertex 51 29 5
    endloop
  endfacet
  facet normal 1 0 0
    outer loop
      vertex 51 29 20
      vertex 51 25.9856 12.2941
      vertex 51 26 12
    endloop
  endfacet
  facet normal 1 0 0
    outer loop
      vertex 51 29 20
      vertex 51 25.9424 12.5853
      vertex 51 25.9856 12.2941
    endloop
  endfacet
  facet normal 1 0 0
    outer loop
      vertex 51 29 20
      vertex 51 25.8708 12.8709
      vertex 51 25.9424 12.5853
    endloop
  endfacet
  facet normal 1 0 0
    outer loop
      vertex 51 29 20
      vertex 51 25.7716 13.148
      vertex 51 25.8708 12.8709
    endloop
  endfacet
  facet normal 1 0 0
    outer loop
      vertex 51 29 20
      vertex 51 25.6458 13.4142
      vertex 51 25.7716 13.148
    endloop
  endfacet
  facet normal 1 0 0
    outer loop
      vertex 51 29 20
      vertex 51 25.4944 13.6667
      vertex 51 25.6458 13.4142
    endloop
  endfacet
  facet normal 1 0 0
    outer loop
      vertex 51 29 20
      vertex 51 25.319 13.9032
      vertex 51 25.4944 13.6667
    endloop
  endfacet
  facet normal 1 0 0
    outer loop
      vertex 51 29 20
      vertex 51 25.1213 14.1213
      vertex 51 25.319 13.9032
    endloop
  endfacet
  facet normal 1 0 0
    outer loop
      vertex 51 29 20
      vertex 51 24.9032 14.319
      vertex 51 25.1213 14.1213
    endloop
  endfacet
  facet normal 1 0 0
    outer loop
      vertex 51 29 20
      vertex 51 24.6667 14.4944
      vertex 51 24.9032 14.319
    endloop
  endfacet
  facet normal 1 0 0
    outer loop
      vertex 51 29 20
      vertex 51 24.4142 14.6458
      vertex 51 24.6667 14.4944
    endloop
  endfacet
  facet normal 1 0 0
    outer loop
      vertex 51 29 20
      vertex 51 24.148 14.7716
      vertex 51 24.4142 14.6458
    endloop
  endfacet
  facet normal 1 0 0
    outer loop
      vertex 51 29 20
      vertex 51 23.8709 14.8708
      vertex 51 24.148 14.7716
    endloop
  endfacet
  facet normal 1 0 0
    outer loop
      vertex 51 29 20
      vertex 51 23.5853 14.9424
      vertex 51 23.8709 14.8708
    endloop
  endfacet
  facet normal 1 0 0
    outer loop
      vertex 51 29 20
      vertex 51 23.2941 14.9856
      vertex 51 23.5853 14.9424
    endloop
  endfacet
  facet normal 1 0 0
    outer loop
      vertex 51 29 20
      vertex 51 23 15
      vertex 51 23.2941 14.9856
    endloop
  endfacet
  facet normal 1 -0 0
    outer loop
      vertex 51 17 20
      vertex 51 23 15
      vertex 51 29 20
    endloop
  endfacet
  facet normal 1 0 0
    outer loop
      vertex 51 23 15
      vertex 51 17 20
      vertex 51 22.7059 14.9856
    endloop
  endfacet
  facet normal 1 0 0
    outer loop
      vertex 51 22.7059 14.9856
      vertex 51 17 20
      vertex 51 22.4147 14.9424
    endloop
  endfacet
  facet normal 1 0 0
    outer loop
      vertex 51 22.4147 14.9424
      vertex 51 17 20
      vertex 51 22.1291 14.8708
    endloop
  endfacet
  facet normal 1 0 0
    outer loop
      vertex 51 22.1291 14.8708
      vertex 51 17 20
      vertex 51 21.8519 14.7716
    endloop
  endfacet
  facet normal 1 0 0
    outer loop
      vertex 51 21.8519 14.7716
      vertex 51 17 20
      vertex 51 21.5858 14.6458
    endloop
  endfacet
  facet normal 1 0 0
    outer loop
      vertex 51 20.0144 12.2941
      vertex 51 17 20
      vertex 51 20 12
    endloop
  endfacet
  facet normal 1 0 0
    outer loop
      vertex 51 20.0576 12.5853
      vertex 51 17 20
      vertex 51 20.0144 12.2941
    endloop
  endfacet
  facet normal 1 0 0
    outer loop
      vertex 51 20.1292 12.8709
      vertex 51 17 20
      vertex 51 20.0576 12.5853
    endloop
  endfacet
  facet normal 1 0 0
    outer loop
      vertex 51 20.2284 13.148
      vertex 51 17 20
      vertex 51 20.1292 12.8709
    endloop
  endfacet
  facet normal 1 0 0
    outer loop
      vertex 51 20.3542 13.4142
      vertex 51 17 20
      vertex 51 20.2284 13.148
    endloop
  endfacet
  facet normal 1 0 0
    outer loop
      vertex 51 20.5056 13.6667
      vertex 51 17 20
      vertex 51 20.3542 13.4142
    endloop
  endfacet
  facet normal 1 0 0
    outer loop
      vertex 51 20.681 13.9032
      vertex 51 17 20
      vertex 51 20.5056 13.6667
    endloop
  endfacet
  facet normal 1 0 0
    outer loop
      vertex 51 20.8787 14.1213
      vertex 51 17 20
      vertex 51 20.681 13.9032
    endloop
  endfacet
  facet normal 1 0 0
    outer loop
      vertex 51 21.0968 14.319
      vertex 51 17 20
      vertex 51 20.8787 14.1213
    endloop
  endfacet
  facet normal 1 0 0
    outer loop
      vertex 51 21.3333 14.4944
      vertex 51 17 20
      vertex 51 21.0968 14.319
    endloop
  endfacet
  facet normal 1 0 0
    outer loop
      vertex 51 21.5858 14.6458
      vertex 51 17 20
      vertex 51 21.3333 14.4944
    endloop
  endfacet
  facet normal 1 -0 0
    outer loop
      vertex 51 25.9856 11.7059
      vertex 51 29 5
      vertex 51 26 12
    endloop
  endfacet
  facet normal 1 -0 0
    outer loop
      vertex 51 25.9424 11.4147
      vertex 51 29 5
      vertex 51 25.9856 11.7059
    endloop
  endfacet
  facet normal 1 -0 0
    outer loop
      vertex 51 25.8708 11.1291
      vertex 51 29 5
      vertex 51 25.9424 11.4147
    endloop
  endfacet
  facet normal 1 -0 0
    outer loop
      vertex 51 25.7716 10.8519
      vertex 51 29 5
      vertex 51 25.8708 11.1291
    endloop
  endfacet
  facet normal 1 -0 0
    outer loop
      vertex 51 25.6458 10.5858
      vertex 51 29 5
      vertex 51 25.7716 10.8519
    endloop
  endfacet
  facet normal 1 -0 0
    outer loop
      vertex 51 25.4944 10.3333
      vertex 51 29 5
      vertex 51 25.6458 10.5858
    endloop
  endfacet
  facet normal 1 -0 0
    outer loop
      vertex 51 25.319 10.0968
      vertex 51 29 5
      vertex 51 25.4944 10.3333
    endloop
  endfacet
  facet normal 1 -0 0
    outer loop
      vertex 51 25.1213 9.87868
      vertex 51 29 5
      vertex 51 25.319 10.0968
    endloop
  endfacet
  facet normal 1 -0 0
    outer loop
      vertex 51 24.9032 9.68097
      vertex 51 29 5
      vertex 51 25.1213 9.87868
    endloop
  endfacet
  facet normal 1 -0 0
    outer loop
      vertex 51 24.6667 9.50559
      vertex 51 29 5
      vertex 51 24.9032 9.68097
    endloop
  endfacet
  facet normal 1 -0 0
    outer loop
      vertex 51 24.4142 9.35424
      vertex 51 29 5
      vertex 51 24.6667 9.50559
    endloop
  endfacet
  facet normal 1 -0 0
    outer loop
      vertex 51 24.148 9.22836
      vertex 51 29 5
      vertex 51 24.4142 9.35424
    endloop
  endfacet
  facet normal 1 -0 0
    outer loop
      vertex 51 23.8709 9.12918
      vertex 51 29 5
      vertex 51 24.148 9.22836
    endloop
  endfacet
  facet normal 1 -0 0
    outer loop
      vertex 51 23.5853 9.05764
      vertex 51 29 5
      vertex 51 23.8709 9.12918
    endloop
  endfacet
  facet normal 1 -0 0
    outer loop
      vertex 51 23.2941 9.01445
      vertex 51 29 5
      vertex 51 23.5853 9.05764
    endloop
  endfacet
  facet normal 1 -0 0
    outer loop
      vertex 51 23 9
      vertex 51 29 5
      vertex 51 23.2941 9.01445
    endloop
  endfacet
  facet normal 1 0 0
    outer loop
      vertex 51 17 5
      vertex 51 23 9
      vertex 51 22.7059 9.01445
    endloop
  endfacet
  facet normal 1 0 0
    outer loop
      vertex 51 17 5
      vertex 51 22.7059 9.01445
      vertex 51 22.4147 9.05764
    endloop
  endfacet
  facet normal 1 0 0
    outer loop
      vertex 51 17 5
      vertex 51 22.4147 9.05764
      vertex 51 22.1291 9.12918
    endloop
  endfacet
  facet normal 1 0 0
    outer loop
      vertex 51 17 5
      vertex 51 22.1291 9.12918
      vertex 51 21.8519 9.22836
    endloop
  endfacet
  facet normal 1 0 0
    outer loop
      vertex 51 17 5
      vertex 51 21.8519 9.22836
      vertex 51 21.5858 9.35424
    endloop
  endfacet
  facet normal 1 0 0
    outer loop
      vertex 51 17 5
      vertex 51 20 12
      vertex 51 17 20
    endloop
  endfacet
  facet normal 1 0 0
    outer loop
      vertex 51 20 12
      vertex 51 17 5
      vertex 51 20.0144 11.7059
    endloop
  endfacet
  facet normal 1 0 0
    outer loop
      vertex 51 20.0144 11.7059
      vertex 51 17 5
      vertex 51 20.0576 11.4147
    endloop
  endfacet
  facet normal 1 0 0
    outer loop
      vertex 51 23 9
      vertex 51 17 5
      vertex 51 29 5
    endloop
  endfacet
  facet normal 1 0 0
    outer loop
      vertex 51 21.3333 9.50559
      vertex 51 17 5
      vertex 51 21.5858 9.35424
    endloop
  endfacet
  facet normal 1 0 0
    outer loop
      vertex 51 21.0968 9.68097
      vertex 51 17 5
      vertex 51 21.3333 9.50559
    endloop
  endfacet
  facet normal 1 0 0
    outer loop
      vertex 51 20.8787 9.87868
      vertex 51 17 5
      vertex 51 21.0968 9.68097
    endloop
  endfacet
  facet normal 1 0 0
    outer loop
      vertex 51 20.681 10.0968
      vertex 51 17 5
      vertex 51 20.8787 9.87868
    endloop
  endfacet
  facet normal 1 0 0
    outer loop
      vertex 51 20.5056 10.3333
      vertex 51 17 5
      vertex 51 20.681 10.0968
    endloop
  endfacet
  facet normal 1 0 0
    outer loop
      vertex 51 20.3542 10.5858
      vertex 51 17 5
      vertex 51 20.5056 10.3333
    endloop
  endfacet
  facet normal 1 0 0
    outer loop
      vertex 51 20.2284 10.8519
      vertex 51 17 5
      vertex 51 20.3542 10.5858
    endloop
  endfacet
  facet normal 1 0 0
    outer loop
      vertex 51 20.1292 11.1291
      vertex 51 17 5
      vertex 51 20.2284 10.8519
    endloop
  endfacet
  facet normal 1 0 0
    outer loop
      vertex 51 20.0576 11.4147
      vertex 51 17 5
      vertex 51 20.1292 11.1291
    endloop
  endfacet
  facet normal 0.970023 -0.243015 0
    outer loop
      vertex 50.9139 16.4194 20
      vertex 50.9616 16.6098 5
      vertex 50.9616 16.6098 20
    endloop
  endfacet
  facet normal 0.970023 -0.243015 0
    outer loop
      vertex 50.9616 16.6098 5
      vertex 50.9139 16.4194 20
      vertex 50.9139 16.4194 5
    endloop
  endfacet
  facet normal 0.595508 0.80335 -0
    outer loop
      vertex 50.2688 30.546 5
      vertex 50.1111 30.6629 20
      vertex 50.2688 30.546 20
    endloop
  endfacet
  facet normal 0.595508 0.80335 0
    outer loop
      vertex 50.1111 30.6629 20
      vertex 50.2688 30.546 5
      vertex 50.1111 30.6629 5
    endloop
  endfacet
  facet normal -0.427955 0.9038 0
    outer loop
      vertex 40.2346 30.8478 5
      vertex 40.0572 30.7638 20
      vertex 40.2346 30.8478 20
    endloop
  endfacet
  facet normal -0.427955 0.9038 0
    outer loop
      vertex 40.0572 30.7638 20
      vertex 40.2346 30.8478 5
      vertex 40.0572 30.7638 5
    endloop
  endfacet
  facet normal -0.970023 -0.243015 0
    outer loop
      vertex 39.0861 16.4194 5
      vertex 39.0384 16.6098 20
      vertex 39.0384 16.6098 5
    endloop
  endfacet
  facet normal -0.970023 -0.243015 0
    outer loop
      vertex 39.0384 16.6098 20
      vertex 39.0861 16.4194 5
      vertex 39.0861 16.4194 20
    endloop
  endfacet
  facet normal 0.94158 0.336788 0
    outer loop
      vertex 50.9139 29.5806 20
      vertex 50.8478 29.7654 5
      vertex 50.8478 29.7654 20
    endloop
  endfacet
  facet normal 0.94158 0.336788 0
    outer loop
      vertex 50.8478 29.7654 5
      vertex 50.9139 29.5806 20
      vertex 50.9139 29.5806 5
    endloop
  endfacet
  facet normal 0.998803 0.0489209 0
    outer loop
      vertex 51 29 20
      vertex 50.9904 29.196 5
      vertex 50.9904 29.196 20
    endloop
  endfacet
  facet normal 0.998803 0.0489209 0
    outer loop
      vertex 50.9904 29.196 5
      vertex 51 29 20
      vertex 51 29 5
    endloop
  endfacet
  facet normal 0.970023 0.243015 0
    outer loop
      vertex 50.9616 29.3902 20
      vertex 50.9139 29.5806 5
      vertex 50.9139 29.5806 20
    endloop
  endfacet
  facet normal 0.970023 0.243015 0
    outer loop
      vertex 50.9139 29.5806 5
      vertex 50.9616 29.3902 20
      vertex 50.9616 29.3902 5
    endloop
  endfacet
  facet normal 0.989182 -0.146696 0
    outer loop
      vertex 50.9616 16.6098 20
      vertex 50.9904 16.804 5
      vertex 50.9904 16.804 20
    endloop
  endfacet
  facet normal 0.989182 -0.146696 0
    outer loop
      vertex 50.9904 16.804 5
      vertex 50.9616 16.6098 20
      vertex 50.9616 16.6098 5
    endloop
  endfacet
  facet normal 0.857673 -0.514196 0
    outer loop
      vertex 50.6629 15.8889 20
      vertex 50.7638 16.0572 5
      vertex 50.7638 16.0572 20
    endloop
  endfacet
  facet normal 0.857673 -0.514196 0
    outer loop
      vertex 50.7638 16.0572 5
      vertex 50.6629 15.8889 20
      vertex 50.6629 15.8889 5
    endloop
  endfacet
  facet normal 0.9038 -0.427955 0
    outer loop
      vertex 50.7638 16.0572 20
      vertex 50.8478 16.2346 5
      vertex 50.8478 16.2346 20
    endloop
  endfacet
  facet normal 0.9038 -0.427955 0
    outer loop
      vertex 50.8478 16.2346 5
      vertex 50.7638 16.0572 20
      vertex 50.7638 16.0572 5
    endloop
  endfacet
  facet normal 0.740908 -0.671607 0
    outer loop
      vertex 50.4142 15.5858 20
      vertex 50.546 15.7312 5
      vertex 50.546 15.7312 20
    endloop
  endfacet
  facet normal 0.740908 -0.671607 0
    outer loop
      vertex 50.546 15.7312 5
      vertex 50.4142 15.5858 20
      vertex 50.4142 15.5858 5
    endloop
  endfacet
  facet normal 0.427955 0.9038 -0
    outer loop
      vertex 49.9428 30.7638 5
      vertex 49.7654 30.8478 20
      vertex 49.9428 30.7638 20
    endloop
  endfacet
  facet normal 0.427955 0.9038 0
    outer loop
      vertex 49.7654 30.8478 20
      vertex 49.9428 30.7638 5
      vertex 49.7654 30.8478 5
    endloop
  endfacet
  facet normal 0.336788 0.94158 -0
    outer loop
      vertex 49.7654 30.8478 5
      vertex 49.5806 30.9139 20
      vertex 49.7654 30.8478 20
    endloop
  endfacet
  facet normal 0.336788 0.94158 0
    outer loop
      vertex 49.5806 30.9139 20
      vertex 49.7654 30.8478 5
      vertex 49.5806 30.9139 5
    endloop
  endfacet
  facet normal 0.80335 0.595508 0
    outer loop
      vertex 50.6629 30.1111 20
      vertex 50.546 30.2688 5
      vertex 50.546 30.2688 20
    endloop
  endfacet
  facet normal 0.80335 0.595508 0
    outer loop
      vertex 50.546 30.2688 5
      vertex 50.6629 30.1111 20
      vertex 50.6629 30.1111 5
    endloop
  endfacet
  facet normal 0.857673 0.514196 0
    outer loop
      vertex 50.7638 29.9428 20
      vertex 50.6629 30.1111 5
      vertex 50.6629 30.1111 20
    endloop
  endfacet
  facet normal 0.857673 0.514196 0
    outer loop
      vertex 50.6629 30.1111 5
      vertex 50.7638 29.9428 20
      vertex 50.7638 29.9428 5
    endloop
  endfacet
  facet normal -0.9038 0.427955 0
    outer loop
      vertex 39.1522 29.7654 5
      vertex 39.2362 29.9428 20
      vertex 39.2362 29.9428 5
    endloop
  endfacet
  facet normal -0.9038 0.427955 0
    outer loop
      vertex 39.2362 29.9428 20
      vertex 39.1522 29.7654 5
      vertex 39.1522 29.7654 20
    endloop
  endfacet
  facet normal 0.989182 0.146696 0
    outer loop
      vertex 50.9904 29.196 20
      vertex 50.9616 29.3902 5
      vertex 50.9616 29.3902 20
    endloop
  endfacet
  facet normal 0.989182 0.146696 0
    outer loop
      vertex 50.9616 29.3902 5
      vertex 50.9904 29.196 20
      vertex 50.9904 29.196 5
    endloop
  endfacet
  facet normal 0.80335 -0.595508 0
    outer loop
      vertex 50.546 15.7312 20
      vertex 50.6629 15.8889 5
      vertex 50.6629 15.8889 20
    endloop
  endfacet
  facet normal 0.80335 -0.595508 0
    outer loop
      vertex 50.6629 15.8889 5
      vertex 50.546 15.7312 20
      vertex 50.546 15.7312 5
    endloop
  endfacet
  facet normal 0.595508 -0.80335 0
    outer loop
      vertex 50.1111 15.3371 5
      vertex 50.2688 15.454 20
      vertex 50.1111 15.3371 20
    endloop
  endfacet
  facet normal 0.595508 -0.80335 0
    outer loop
      vertex 50.2688 15.454 20
      vertex 50.1111 15.3371 5
      vertex 50.2688 15.454 5
    endloop
  endfacet
  facet normal 0.336788 -0.94158 0
    outer loop
      vertex 49.5806 15.0861 5
      vertex 49.7654 15.1522 20
      vertex 49.5806 15.0861 20
    endloop
  endfacet
  facet normal 0.336788 -0.94158 0
    outer loop
      vertex 49.7654 15.1522 20
      vertex 49.5806 15.0861 5
      vertex 49.7654 15.1522 5
    endloop
  endfacet
  facet normal 0.243015 -0.970023 0
    outer loop
      vertex 49.3902 15.0384 5
      vertex 49.5806 15.0861 20
      vertex 49.3902 15.0384 20
    endloop
  endfacet
  facet normal 0.243015 -0.970023 0
    outer loop
      vertex 49.5806 15.0861 20
      vertex 49.3902 15.0384 5
      vertex 49.5806 15.0861 5
    endloop
  endfacet
  facet normal 0.146696 0.989182 -0
    outer loop
      vertex 49.3902 30.9616 5
      vertex 49.196 30.9904 20
      vertex 49.3902 30.9616 20
    endloop
  endfacet
  facet normal 0.146696 0.989182 0
    outer loop
      vertex 49.196 30.9904 20
      vertex 49.3902 30.9616 5
      vertex 49.196 30.9904 5
    endloop
  endfacet
  facet normal 0.514196 0.857673 -0
    outer loop
      vertex 50.1111 30.6629 5
      vertex 49.9428 30.7638 20
      vertex 50.1111 30.6629 20
    endloop
  endfacet
  facet normal 0.514196 0.857673 0
    outer loop
      vertex 49.9428 30.7638 20
      vertex 50.1111 30.6629 5
      vertex 49.9428 30.7638 5
    endloop
  endfacet
  facet normal -0.857673 0.514196 0
    outer loop
      vertex 39.2362 29.9428 5
      vertex 39.3371 30.1111 20
      vertex 39.3371 30.1111 5
    endloop
  endfacet
  facet normal -0.857673 0.514196 0
    outer loop
      vertex 39.3371 30.1111 20
      vertex 39.2362 29.9428 5
      vertex 39.2362 29.9428 20
    endloop
  endfacet
  facet normal -0.671607 0.740908 0
    outer loop
      vertex 39.7312 30.546 5
      vertex 39.5858 30.4142 20
      vertex 39.7312 30.546 20
    endloop
  endfacet
  facet normal -0.671607 0.740908 0
    outer loop
      vertex 39.5858 30.4142 20
      vertex 39.7312 30.546 5
      vertex 39.5858 30.4142 5
    endloop
  endfacet
  facet normal -0.595508 0.80335 0
    outer loop
      vertex 39.8889 30.6629 5
      vertex 39.7312 30.546 20
      vertex 39.8889 30.6629 20
    endloop
  endfacet
  facet normal -0.595508 0.80335 0
    outer loop
      vertex 39.7312 30.546 20
      vertex 39.8889 30.6629 5
      vertex 39.7312 30.546 5
    endloop
  endfacet
  facet normal 0.514196 -0.857673 0
    outer loop
      vertex 49.9428 15.2362 5
      vertex 50.1111 15.3371 20
      vertex 49.9428 15.2362 20
    endloop
  endfacet
  facet normal 0.514196 -0.857673 0
    outer loop
      vertex 50.1111 15.3371 20
      vertex 49.9428 15.2362 5
      vertex 50.1111 15.3371 5
    endloop
  endfacet
  facet normal 0.243015 0.970023 -0
    outer loop
      vertex 49.5806 30.9139 5
      vertex 49.3902 30.9616 20
      vertex 49.5806 30.9139 20
    endloop
  endfacet
  facet normal 0.243015 0.970023 0
    outer loop
      vertex 49.3902 30.9616 20
      vertex 49.5806 30.9139 5
      vertex 49.3902 30.9616 5
    endloop
  endfacet
  facet normal -0.243015 0.970023 0
    outer loop
      vertex 40.6098 30.9616 5
      vertex 40.4194 30.9139 20
      vertex 40.6098 30.9616 20
    endloop
  endfacet
  facet normal -0.243015 0.970023 0
    outer loop
      vertex 40.4194 30.9139 20
      vertex 40.6098 30.9616 5
      vertex 40.4194 30.9139 5
    endloop
  endfacet
  facet normal -0.146696 0.989182 0
    outer loop
      vertex 40.804 30.9904 5
      vertex 40.6098 30.9616 20
      vertex 40.804 30.9904 20
    endloop
  endfacet
  facet normal -0.146696 0.989182 0
    outer loop
      vertex 40.6098 30.9616 20
      vertex 40.804 30.9904 5
      vertex 40.6098 30.9616 5
    endloop
  endfacet
  facet normal -0.595958 -0.803015 0
    outer loop
      vertex 9.06668 23.9978 0
      vertex 9.16127 23.9276 5.01
      vertex 9.06668 23.9978 5.01
    endloop
  endfacet
  facet normal -0.595958 -0.803015 -0
    outer loop
      vertex 9.16127 23.9276 5.01
      vertex 9.06668 23.9978 0
      vertex 9.16127 23.9276 0
    endloop
  endfacet
  facet normal 0.242875 0.970058 -0
    outer loop
      vertex 8.16589 21.8231 0
      vertex 8.05166 21.8517 5.01
      vertex 8.16589 21.8231 5.01
    endloop
  endfacet
  facet normal 0.242875 0.970058 0
    outer loop
      vertex 8.05166 21.8517 5.01
      vertex 8.16589 21.8231 0
      vertex 8.05166 21.8517 0
    endloop
  endfacet
  facet normal -0.513871 -0.857867 0
    outer loop
      vertex 8.96568 24.0583 0
      vertex 9.06668 23.9978 5.01
      vertex 8.96568 24.0583 5.01
    endloop
  endfacet
  facet normal -0.513871 -0.857867 -0
    outer loop
      vertex 9.06668 23.9978 5.01
      vertex 8.96568 24.0583 0
      vertex 9.06668 23.9978 0
    endloop
  endfacet
  facet normal 0.427889 -0.903831 0
    outer loop
      vertex 7.83432 24.0583 0
      vertex 7.94078 24.1087 5
      vertex 7.83432 24.0583 5
    endloop
  endfacet
  facet normal 0.427889 -0.903831 0
    outer loop
      vertex 7.94078 24.1087 5
      vertex 7.83432 24.0583 0
      vertex 7.94078 24.1087 0
    endloop
  endfacet
  facet normal 0.941573 -0.33681 0
    outer loop
      vertex 7.25167 23.3483 5
      vertex 7.29134 23.4592 0
      vertex 7.29134 23.4592 5
    endloop
  endfacet
  facet normal 0.941573 -0.33681 0
    outer loop
      vertex 7.29134 23.4592 0
      vertex 7.25167 23.3483 5
      vertex 7.25167 23.3483 0
    endloop
  endfacet
  facet normal 0.85768 0.514184 0
    outer loop
      vertex 7.40224 22.3333 5
      vertex 7.34169 22.4343 0
      vertex 7.34169 22.4343 5
    endloop
  endfacet
  facet normal 0.85768 0.514184 0
    outer loop
      vertex 7.34169 22.4343 0
      vertex 7.40224 22.3333 5
      vertex 7.40224 22.3333 0
    endloop
  endfacet
  facet normal -0.970022 -0.243015 0
    outer loop
      vertex 9.57694 23.2341 0
      vertex 9.54833 23.3483 5.01
      vertex 9.54833 23.3483 0
    endloop
  endfacet
  facet normal -0.970022 -0.243015 0
    outer loop
      vertex 9.54833 23.3483 5.01
      vertex 9.57694 23.2341 0
      vertex 9.57694 23.2341 5.01
    endloop
  endfacet
  facet normal -0.941546 -0.336885 0
    outer loop
      vertex 9.54833 23.3483 0
      vertex 9.50865 23.4592 5.01
      vertex 9.50865 23.4592 0
    endloop
  endfacet
  facet normal -0.941546 -0.336885 0
    outer loop
      vertex 9.50865 23.4592 5.01
      vertex 9.54833 23.3483 0
      vertex 9.54833 23.3483 5.01
    endloop
  endfacet
  facet normal -0.740754 -0.671776 0
    outer loop
      vertex 9.32761 23.7613 0
      vertex 9.24853 23.8485 5.01
      vertex 9.24853 23.8485 0
    endloop
  endfacet
  facet normal -0.740754 -0.671776 0
    outer loop
      vertex 9.24853 23.8485 5.01
      vertex 9.32761 23.7613 0
      vertex 9.32761 23.7613 5.01
    endloop
  endfacet
  facet normal -0.427889 -0.903831 0
    outer loop
      vertex 8.85922 24.1087 0
      vertex 8.96568 24.0583 5.01
      vertex 8.85922 24.1087 5.01
    endloop
  endfacet
  facet normal -0.427889 -0.903831 -0
    outer loop
      vertex 8.96568 24.0583 5.01
      vertex 8.85922 24.1087 0
      vertex 8.96568 24.0583 0
    endloop
  endfacet
  facet normal 0.998794 0.0490904 0
    outer loop
      vertex 7.20578 22.8824 5
      vertex 7.2 23 0
      vertex 7.2 23 5
    endloop
  endfacet
  facet normal 0.998794 0.0490904 0
    outer loop
      vertex 7.2 23 0
      vertex 7.20578 22.8824 5
      vertex 7.20578 22.8824 0
    endloop
  endfacet
  facet normal 0.671616 -0.7409 0
    outer loop
      vertex 7.55147 23.8485 0
      vertex 7.63873 23.9276 5
      vertex 7.55147 23.8485 5
    endloop
  endfacet
  facet normal 0.671616 -0.7409 0
    outer loop
      vertex 7.63873 23.9276 5
      vertex 7.55147 23.8485 0
      vertex 7.63873 23.9276 0
    endloop
  endfacet
  facet normal -0.941546 0.336885 0
    outer loop
      vertex 9.50865 22.5408 0
      vertex 9.54833 22.6517 5.01
      vertex 9.54833 22.6517 0
    endloop
  endfacet
  facet normal -0.941546 0.336885 0
    outer loop
      vertex 9.54833 22.6517 5.01
      vertex 9.50865 22.5408 0
      vertex 9.50865 22.5408 5.01
    endloop
  endfacet
  facet normal -0.336336 0.941742 0
    outer loop
      vertex 8.85922 21.8913 0
      vertex 8.74834 21.8517 5.01
      vertex 8.85922 21.8913 5.01
    endloop
  endfacet
  facet normal -0.336336 0.941742 0
    outer loop
      vertex 8.74834 21.8517 5.01
      vertex 8.85922 21.8913 0
      vertex 8.74834 21.8517 0
    endloop
  endfacet
  facet normal -0.740754 0.671776 0
    outer loop
      vertex 9.24853 22.1515 0
      vertex 9.32761 22.2387 5.01
      vertex 9.32761 22.2387 0
    endloop
  endfacet
  facet normal -0.740754 0.671776 0
    outer loop
      vertex 9.32761 22.2387 5.01
      vertex 9.24853 22.1515 0
      vertex 9.24853 22.1515 5.01
    endloop
  endfacet
  facet normal -0.989178 -0.146721 0
    outer loop
      vertex 9.59422 23.1176 0
      vertex 9.57694 23.2341 5.01
      vertex 9.57694 23.2341 0
    endloop
  endfacet
  facet normal -0.989178 -0.146721 0
    outer loop
      vertex 9.57694 23.2341 5.01
      vertex 9.59422 23.1176 0
      vertex 9.59422 23.1176 5.01
    endloop
  endfacet
  facet normal -0.90409 -0.427342 0
    outer loop
      vertex 9.50865 23.4592 0
      vertex 9.45831 23.5657 5.01
      vertex 9.45831 23.5657 0
    endloop
  endfacet
  facet normal -0.90409 -0.427342 0
    outer loop
      vertex 9.45831 23.5657 5.01
      vertex 9.50865 23.4592 0
      vertex 9.50865 23.4592 5.01
    endloop
  endfacet
  facet normal -0.85768 -0.514184 0
    outer loop
      vertex 9.45831 23.5657 0
      vertex 9.39776 23.6667 5.01
      vertex 9.39776 23.6667 0
    endloop
  endfacet
  facet normal -0.85768 -0.514184 0
    outer loop
      vertex 9.39776 23.6667 5.01
      vertex 9.45831 23.5657 0
      vertex 9.45831 23.5657 5.01
    endloop
  endfacet
  facet normal -0.803249 -0.595644 0
    outer loop
      vertex 9.39776 23.6667 0
      vertex 9.32761 23.7613 5.01
      vertex 9.32761 23.7613 0
    endloop
  endfacet
  facet normal -0.803249 -0.595644 0
    outer loop
      vertex 9.32761 23.7613 5.01
      vertex 9.39776 23.6667 0
      vertex 9.39776 23.6667 5.01
    endloop
  endfacet
  facet normal -0.671616 -0.7409 0
    outer loop
      vertex 9.16127 23.9276 0
      vertex 9.24853 23.8485 5.01
      vertex 9.16127 23.9276 5.01
    endloop
  endfacet
  facet normal -0.671616 -0.7409 -0
    outer loop
      vertex 9.24853 23.8485 5.01
      vertex 9.16127 23.9276 0
      vertex 9.24853 23.8485 0
    endloop
  endfacet
  facet normal 0.0492515 -0.998786 0
    outer loop
      vertex 8.28238 24.1942 0
      vertex 8.4 24.2 5.01
      vertex 8.28238 24.1942 5.01
    endloop
  endfacet
  facet normal 0.0492515 -0.998786 0
    outer loop
      vertex 8.4 24.2 5.01
      vertex 8.28238 24.1942 0
      vertex 8.4 24.2 0
    endloop
  endfacet
  facet normal -0.336336 -0.941742 0
    outer loop
      vertex 8.74834 24.1483 0
      vertex 8.85922 24.1087 5.01
      vertex 8.74834 24.1483 5.01
    endloop
  endfacet
  facet normal -0.336336 -0.941742 -0
    outer loop
      vertex 8.85922 24.1087 5.01
      vertex 8.74834 24.1483 0
      vertex 8.85922 24.1087 0
    endloop
  endfacet
  facet normal -0.242875 -0.970058 0
    outer loop
      vertex 8.63411 24.1769 0
      vertex 8.74834 24.1483 5.01
      vertex 8.63411 24.1769 5.01
    endloop
  endfacet
  facet normal -0.242875 -0.970058 -0
    outer loop
      vertex 8.74834 24.1483 5.01
      vertex 8.63411 24.1769 0
      vertex 8.74834 24.1483 0
    endloop
  endfacet
  facet normal -0.146899 -0.989151 0
    outer loop
      vertex 8.51762 24.1942 0
      vertex 8.63411 24.1769 5.01
      vertex 8.51762 24.1942 5.01
    endloop
  endfacet
  facet normal -0.146899 -0.989151 -0
    outer loop
      vertex 8.63411 24.1769 5.01
      vertex 8.51762 24.1942 0
      vertex 8.63411 24.1769 0
    endloop
  endfacet
  facet normal -0.0492515 -0.998786 0
    outer loop
      vertex 8.4 24.2 0
      vertex 8.51762 24.1942 5.01
      vertex 8.4 24.2 5.01
    endloop
  endfacet
  facet normal -0.0492515 -0.998786 -0
    outer loop
      vertex 8.51762 24.1942 5.01
      vertex 8.4 24.2 0
      vertex 8.51762 24.1942 0
    endloop
  endfacet
  facet normal 0.989178 -0.146721 0
    outer loop
      vertex 7.20578 23.1176 5
      vertex 7.22306 23.2341 0
      vertex 7.22306 23.2341 5
    endloop
  endfacet
  facet normal 0.989178 -0.146721 0
    outer loop
      vertex 7.22306 23.2341 0
      vertex 7.20578 23.1176 5
      vertex 7.20578 23.1176 0
    endloop
  endfacet
  facet normal 0.998794 -0.0490904 0
    outer loop
      vertex 7.2 23 5
      vertex 7.20578 23.1176 0
      vertex 7.20578 23.1176 5
    endloop
  endfacet
  facet normal 0.998794 -0.0490904 0
    outer loop
      vertex 7.20578 23.1176 0
      vertex 7.2 23 5
      vertex 7.2 23 0
    endloop
  endfacet
  facet normal 0.803249 -0.595644 0
    outer loop
      vertex 7.40224 23.6667 5
      vertex 7.47239 23.7613 0
      vertex 7.47239 23.7613 5
    endloop
  endfacet
  facet normal 0.803249 -0.595644 0
    outer loop
      vertex 7.47239 23.7613 0
      vertex 7.40224 23.6667 5
      vertex 7.40224 23.6667 0
    endloop
  endfacet
  facet normal 0.904057 -0.427411 0
    outer loop
      vertex 7.29134 23.4592 5
      vertex 7.34169 23.5657 0
      vertex 7.34169 23.5657 5
    endloop
  endfacet
  facet normal 0.904057 -0.427411 0
    outer loop
      vertex 7.34169 23.5657 0
      vertex 7.29134 23.4592 5
      vertex 7.29134 23.4592 0
    endloop
  endfacet
  facet normal 0.85768 -0.514184 0
    outer loop
      vertex 7.34169 23.5657 5
      vertex 7.40224 23.6667 0
      vertex 7.40224 23.6667 5
    endloop
  endfacet
  facet normal 0.85768 -0.514184 0
    outer loop
      vertex 7.40224 23.6667 0
      vertex 7.34169 23.5657 5
      vertex 7.34169 23.5657 0
    endloop
  endfacet
  facet normal 0.146899 -0.989151 0
    outer loop
      vertex 8.16589 24.1769 0
      vertex 8.28238 24.1942 5.01
      vertex 8.16589 24.1769 5.01
    endloop
  endfacet
  facet normal 0.146899 -0.989151 0
    outer loop
      vertex 8.28238 24.1942 5.01
      vertex 8.16589 24.1769 0
      vertex 8.28238 24.1942 0
    endloop
  endfacet
  facet normal 0.242875 -0.970058 0
    outer loop
      vertex 8.05166 24.1483 0
      vertex 8.16589 24.1769 5.01
      vertex 8.05166 24.1483 5.01
    endloop
  endfacet
  facet normal 0.242875 -0.970058 0
    outer loop
      vertex 8.16589 24.1769 5.01
      vertex 8.05166 24.1483 0
      vertex 8.16589 24.1769 0
    endloop
  endfacet
  facet normal 0.513871 -0.857867 0
    outer loop
      vertex 7.73332 23.9978 0
      vertex 7.83432 24.0583 5
      vertex 7.73332 23.9978 5
    endloop
  endfacet
  facet normal 0.513871 -0.857867 0
    outer loop
      vertex 7.83432 24.0583 5
      vertex 7.73332 23.9978 0
      vertex 7.83432 24.0583 0
    endloop
  endfacet
  facet normal 0.595958 -0.803015 0
    outer loop
      vertex 7.63873 23.9276 0
      vertex 7.73332 23.9978 5
      vertex 7.63873 23.9276 5
    endloop
  endfacet
  facet normal 0.595958 -0.803015 0
    outer loop
      vertex 7.73332 23.9978 5
      vertex 7.63873 23.9276 0
      vertex 7.73332 23.9978 0
    endloop
  endfacet
  facet normal 0.740754 -0.671776 0
    outer loop
      vertex 7.47239 23.7613 5
      vertex 7.55147 23.8485 0
      vertex 7.55147 23.8485 5
    endloop
  endfacet
  facet normal 0.740754 -0.671776 0
    outer loop
      vertex 7.55147 23.8485 0
      vertex 7.47239 23.7613 5
      vertex 7.47239 23.7613 0
    endloop
  endfacet
  facet normal -0.998794 -0.0490904 0
    outer loop
      vertex 9.6 23 0
      vertex 9.59422 23.1176 5.01
      vertex 9.59422 23.1176 0
    endloop
  endfacet
  facet normal -0.998794 -0.0490904 0
    outer loop
      vertex 9.59422 23.1176 5.01
      vertex 9.6 23 0
      vertex 9.6 23 5.01
    endloop
  endfacet
  facet normal -0.146899 0.989151 0
    outer loop
      vertex 8.63411 21.8231 0
      vertex 8.51762 21.8058 5.01
      vertex 8.63411 21.8231 5.01
    endloop
  endfacet
  facet normal -0.146899 0.989151 0
    outer loop
      vertex 8.51762 21.8058 5.01
      vertex 8.63411 21.8231 0
      vertex 8.51762 21.8058 0
    endloop
  endfacet
  facet normal -0.970022 0.243015 0
    outer loop
      vertex 9.54833 22.6517 0
      vertex 9.57694 22.7659 5.01
      vertex 9.57694 22.7659 0
    endloop
  endfacet
  facet normal -0.970022 0.243015 0
    outer loop
      vertex 9.57694 22.7659 5.01
      vertex 9.54833 22.6517 0
      vertex 9.54833 22.6517 5.01
    endloop
  endfacet
  facet normal -0.242875 0.970058 0
    outer loop
      vertex 8.74834 21.8517 0
      vertex 8.63411 21.8231 5.01
      vertex 8.74834 21.8517 5.01
    endloop
  endfacet
  facet normal -0.242875 0.970058 0
    outer loop
      vertex 8.63411 21.8231 5.01
      vertex 8.74834 21.8517 0
      vertex 8.63411 21.8231 0
    endloop
  endfacet
  facet normal -0.513871 0.857867 0
    outer loop
      vertex 9.06668 22.0022 0
      vertex 8.96568 21.9417 5.01
      vertex 9.06668 22.0022 5.01
    endloop
  endfacet
  facet normal -0.513871 0.857867 0
    outer loop
      vertex 8.96568 21.9417 5.01
      vertex 9.06668 22.0022 0
      vertex 8.96568 21.9417 0
    endloop
  endfacet
  facet normal -0.671616 0.7409 0
    outer loop
      vertex 9.24853 22.1515 0
      vertex 9.16127 22.0724 5.01
      vertex 9.24853 22.1515 5.01
    endloop
  endfacet
  facet normal -0.671616 0.7409 0
    outer loop
      vertex 9.16127 22.0724 5.01
      vertex 9.24853 22.1515 0
      vertex 9.16127 22.0724 0
    endloop
  endfacet
  facet normal -0.803249 0.595644 0
    outer loop
      vertex 9.32761 22.2387 0
      vertex 9.39776 22.3333 5.01
      vertex 9.39776 22.3333 0
    endloop
  endfacet
  facet normal -0.803249 0.595644 0
    outer loop
      vertex 9.39776 22.3333 5.01
      vertex 9.32761 22.2387 0
      vertex 9.32761 22.2387 5.01
    endloop
  endfacet
  facet normal -0.90409 0.427342 0
    outer loop
      vertex 9.45831 22.4343 0
      vertex 9.50865 22.5408 5.01
      vertex 9.50865 22.5408 0
    endloop
  endfacet
  facet normal -0.90409 0.427342 0
    outer loop
      vertex 9.50865 22.5408 5.01
      vertex 9.45831 22.4343 0
      vertex 9.45831 22.4343 5.01
    endloop
  endfacet
  facet normal 0.0492515 0.998786 -0
    outer loop
      vertex 8.4 21.8 0
      vertex 8.28238 21.8058 5.01
      vertex 8.4 21.8 5.01
    endloop
  endfacet
  facet normal 0.0492515 0.998786 0
    outer loop
      vertex 8.28238 21.8058 5.01
      vertex 8.4 21.8 0
      vertex 8.28238 21.8058 0
    endloop
  endfacet
  facet normal -0.0492515 0.998786 0
    outer loop
      vertex 8.51762 21.8058 0
      vertex 8.4 21.8 5.01
      vertex 8.51762 21.8058 5.01
    endloop
  endfacet
  facet normal -0.0492515 0.998786 0
    outer loop
      vertex 8.4 21.8 5.01
      vertex 8.51762 21.8058 0
      vertex 8.4 21.8 0
    endloop
  endfacet
  facet normal 0.427889 0.903831 -0
    outer loop
      vertex 7.94078 21.8913 0
      vertex 7.83432 21.9417 5
      vertex 7.94078 21.8913 5
    endloop
  endfacet
  facet normal 0.427889 0.903831 0
    outer loop
      vertex 7.83432 21.9417 5
      vertex 7.94078 21.8913 0
      vertex 7.83432 21.9417 0
    endloop
  endfacet
  facet normal 0.595958 0.803015 -0
    outer loop
      vertex 7.73332 22.0022 0
      vertex 7.63873 22.0724 5
      vertex 7.73332 22.0022 5
    endloop
  endfacet
  facet normal 0.595958 0.803015 0
    outer loop
      vertex 7.63873 22.0724 5
      vertex 7.73332 22.0022 0
      vertex 7.63873 22.0724 0
    endloop
  endfacet
  facet normal 0.337144 0.941453 0
    outer loop
      vertex 8.05166 21.8517 5.01
      vertex 8 21.8702 5
      vertex 8 21.8702 5.01
    endloop
  endfacet
  facet normal 0.337144 0.941453 -0
    outer loop
      vertex 8.05166 21.8517 0
      vertex 8 21.8702 5
      vertex 8.05166 21.8517 5.01
    endloop
  endfacet
  facet normal 0.336336 0.941742 -9.41742e-06
    outer loop
      vertex 7.94078 21.8913 0
      vertex 8 21.8702 5
      vertex 8.05166 21.8517 0
    endloop
  endfacet
  facet normal 0.335631 0.941994 0
    outer loop
      vertex 8 21.8702 5
      vertex 7.94078 21.8913 0
      vertex 7.94078 21.8913 5
    endloop
  endfacet
  facet normal 0.941573 0.33681 0
    outer loop
      vertex 7.29134 22.5408 5
      vertex 7.25167 22.6517 0
      vertex 7.25167 22.6517 5
    endloop
  endfacet
  facet normal 0.941573 0.33681 0
    outer loop
      vertex 7.25167 22.6517 0
      vertex 7.29134 22.5408 5
      vertex 7.29134 22.5408 0
    endloop
  endfacet
  facet normal 0.989178 0.146721 0
    outer loop
      vertex 7.22306 22.7659 5
      vertex 7.20578 22.8824 0
      vertex 7.20578 22.8824 5
    endloop
  endfacet
  facet normal 0.989178 0.146721 0
    outer loop
      vertex 7.20578 22.8824 0
      vertex 7.22306 22.7659 5
      vertex 7.22306 22.7659 0
    endloop
  endfacet
  facet normal 0.740754 0.671776 0
    outer loop
      vertex 7.55147 22.1515 5
      vertex 7.47239 22.2387 0
      vertex 7.47239 22.2387 5
    endloop
  endfacet
  facet normal 0.740754 0.671776 0
    outer loop
      vertex 7.47239 22.2387 0
      vertex 7.55147 22.1515 5
      vertex 7.55147 22.1515 0
    endloop
  endfacet
  facet normal 0 0 -1
    outer loop
      vertex 9.59422 22.8824 5.01
      vertex 9.59422 23.1176 5.01
      vertex 9.6 23 5.01
    endloop
  endfacet
  facet normal 0 0 -1
    outer loop
      vertex 9.57694 22.7659 5.01
      vertex 9.59422 23.1176 5.01
      vertex 9.59422 22.8824 5.01
    endloop
  endfacet
  facet normal 0 0 -1
    outer loop
      vertex 9.57694 22.7659 5.01
      vertex 9.57694 23.2341 5.01
      vertex 9.59422 23.1176 5.01
    endloop
  endfacet
  facet normal 0 0 -1
    outer loop
      vertex 9.54833 22.6517 5.01
      vertex 9.57694 23.2341 5.01
      vertex 9.57694 22.7659 5.01
    endloop
  endfacet
  facet normal 0 0 -1
    outer loop
      vertex 9.54833 22.6517 5.01
      vertex 9.54833 23.3483 5.01
      vertex 9.57694 23.2341 5.01
    endloop
  endfacet
  facet normal 0 0 -1
    outer loop
      vertex 9.50865 22.5408 5.01
      vertex 9.54833 23.3483 5.01
      vertex 9.54833 22.6517 5.01
    endloop
  endfacet
  facet normal 0 0 -1
    outer loop
      vertex 9.50865 22.5408 5.01
      vertex 9.50865 23.4592 5.01
      vertex 9.54833 23.3483 5.01
    endloop
  endfacet
  facet normal 0 0 -1
    outer loop
      vertex 9.45831 22.4343 5.01
      vertex 9.50865 23.4592 5.01
      vertex 9.50865 22.5408 5.01
    endloop
  endfacet
  facet normal 0 0 -1
    outer loop
      vertex 9.45831 22.4343 5.01
      vertex 9.45831 23.5657 5.01
      vertex 9.50865 23.4592 5.01
    endloop
  endfacet
  facet normal 0 0 -1
    outer loop
      vertex 9.39776 22.3333 5.01
      vertex 9.45831 23.5657 5.01
      vertex 9.45831 22.4343 5.01
    endloop
  endfacet
  facet normal 0 0 -1
    outer loop
      vertex 9.39776 22.3333 5.01
      vertex 9.39776 23.6667 5.01
      vertex 9.45831 23.5657 5.01
    endloop
  endfacet
  facet normal 0 0 -1
    outer loop
      vertex 9.32761 22.2387 5.01
      vertex 9.39776 23.6667 5.01
      vertex 9.39776 22.3333 5.01
    endloop
  endfacet
  facet normal 0 0 -1
    outer loop
      vertex 9.32761 22.2387 5.01
      vertex 9.32761 23.7613 5.01
      vertex 9.39776 23.6667 5.01
    endloop
  endfacet
  facet normal 0 0 -1
    outer loop
      vertex 9.24853 22.1515 5.01
      vertex 9.32761 23.7613 5.01
      vertex 9.32761 22.2387 5.01
    endloop
  endfacet
  facet normal 0 0 -1
    outer loop
      vertex 9.24853 22.1515 5.01
      vertex 9.24853 23.8485 5.01
      vertex 9.32761 23.7613 5.01
    endloop
  endfacet
  facet normal 0 0 -1
    outer loop
      vertex 9.16127 22.0724 5.01
      vertex 9.24853 23.8485 5.01
      vertex 9.24853 22.1515 5.01
    endloop
  endfacet
  facet normal 0 0 -1
    outer loop
      vertex 9.16127 22.0724 5.01
      vertex 9.16127 23.9276 5.01
      vertex 9.24853 23.8485 5.01
    endloop
  endfacet
  facet normal 0 0 -1
    outer loop
      vertex 9.06668 22.0022 5.01
      vertex 9.16127 23.9276 5.01
      vertex 9.16127 22.0724 5.01
    endloop
  endfacet
  facet normal 0 0 -1
    outer loop
      vertex 9.06668 22.0022 5.01
      vertex 9.06668 23.9978 5.01
      vertex 9.16127 23.9276 5.01
    endloop
  endfacet
  facet normal 0 0 -1
    outer loop
      vertex 8.96568 21.9417 5.01
      vertex 9.06668 23.9978 5.01
      vertex 9.06668 22.0022 5.01
    endloop
  endfacet
  facet normal 0 0 -1
    outer loop
      vertex 8.96568 21.9417 5.01
      vertex 8.96568 24.0583 5.01
      vertex 9.06668 23.9978 5.01
    endloop
  endfacet
  facet normal 0 0 -1
    outer loop
      vertex 8.85922 21.8913 5.01
      vertex 8.96568 24.0583 5.01
      vertex 8.96568 21.9417 5.01
    endloop
  endfacet
  facet normal 0 0 -1
    outer loop
      vertex 8.85922 21.8913 5.01
      vertex 8.85922 24.1087 5.01
      vertex 8.96568 24.0583 5.01
    endloop
  endfacet
  facet normal 0 0 -1
    outer loop
      vertex 8.74834 21.8517 5.01
      vertex 8.85922 24.1087 5.01
      vertex 8.85922 21.8913 5.01
    endloop
  endfacet
  facet normal 0 0 -1
    outer loop
      vertex 8.74834 21.8517 5.01
      vertex 8.74834 24.1483 5.01
      vertex 8.85922 24.1087 5.01
    endloop
  endfacet
  facet normal 0 0 -1
    outer loop
      vertex 8.63411 21.8231 5.01
      vertex 8.74834 24.1483 5.01
      vertex 8.74834 21.8517 5.01
    endloop
  endfacet
  facet normal 0 0 -1
    outer loop
      vertex 8.63411 21.8231 5.01
      vertex 8.63411 24.1769 5.01
      vertex 8.74834 24.1483 5.01
    endloop
  endfacet
  facet normal 0 0 -1
    outer loop
      vertex 8.51762 21.8058 5.01
      vertex 8.63411 24.1769 5.01
      vertex 8.63411 21.8231 5.01
    endloop
  endfacet
  facet normal 0 0 -1
    outer loop
      vertex 8.51762 21.8058 5.01
      vertex 8.51762 24.1942 5.01
      vertex 8.63411 24.1769 5.01
    endloop
  endfacet
  facet normal 0 0 -1
    outer loop
      vertex 8.4 21.8 5.01
      vertex 8.51762 24.1942 5.01
      vertex 8.51762 21.8058 5.01
    endloop
  endfacet
  facet normal 0 0 -1
    outer loop
      vertex 8.4 21.8 5.01
      vertex 8.4 24.2 5.01
      vertex 8.51762 24.1942 5.01
    endloop
  endfacet
  facet normal 0 0 -1
    outer loop
      vertex 8.28238 21.8058 5.01
      vertex 8.4 24.2 5.01
      vertex 8.4 21.8 5.01
    endloop
  endfacet
  facet normal 0 0 -1
    outer loop
      vertex 8.28238 21.8058 5.01
      vertex 8.28238 24.1942 5.01
      vertex 8.4 24.2 5.01
    endloop
  endfacet
  facet normal 0 0 -1
    outer loop
      vertex 8.16589 21.8231 5.01
      vertex 8.28238 24.1942 5.01
      vertex 8.28238 21.8058 5.01
    endloop
  endfacet
  facet normal 0 0 -1
    outer loop
      vertex 8.16589 21.8231 5.01
      vertex 8.16589 24.1769 5.01
      vertex 8.28238 24.1942 5.01
    endloop
  endfacet
  facet normal 0 0 -1
    outer loop
      vertex 8 21.8702 5.01
      vertex 8.16589 21.8231 5.01
      vertex 8.05166 21.8517 5.01
    endloop
  endfacet
  facet normal 0 0 -1
    outer loop
      vertex 8.16589 21.8231 5.01
      vertex 8 21.8702 5.01
      vertex 8.16589 24.1769 5.01
    endloop
  endfacet
  facet normal 0 0 -1
    outer loop
      vertex 8 24.1298 5.01
      vertex 8.16589 24.1769 5.01
      vertex 8 21.8702 5.01
    endloop
  endfacet
  facet normal 0 0 -1
    outer loop
      vertex 8.16589 24.1769 5.01
      vertex 8 24.1298 5.01
      vertex 8.05166 24.1483 5.01
    endloop
  endfacet
  facet normal 0.970022 -0.243015 0
    outer loop
      vertex 7.22306 23.2341 5
      vertex 7.25167 23.3483 0
      vertex 7.25167 23.3483 5
    endloop
  endfacet
  facet normal 0.970022 -0.243015 0
    outer loop
      vertex 7.25167 23.3483 0
      vertex 7.22306 23.2341 5
      vertex 7.22306 23.2341 0
    endloop
  endfacet
  facet normal 0.335631 -0.941994 0
    outer loop
      vertex 7.94078 24.1087 5
      vertex 7.94078 24.1087 0
      vertex 8 24.1298 5
    endloop
  endfacet
  facet normal 0.337144 -0.941453 0
    outer loop
      vertex 8 24.1298 5
      vertex 8.05166 24.1483 5.01
      vertex 8 24.1298 5.01
    endloop
  endfacet
  facet normal 0.336336 -0.941742 -9.41742e-06
    outer loop
      vertex 8.05166 24.1483 0
      vertex 8 24.1298 5
      vertex 7.94078 24.1087 0
    endloop
  endfacet
  facet normal 0.337144 -0.941453 0
    outer loop
      vertex 8 24.1298 5
      vertex 8.05166 24.1483 0
      vertex 8.05166 24.1483 5.01
    endloop
  endfacet
  facet normal -0.989178 0.146721 0
    outer loop
      vertex 9.57694 22.7659 0
      vertex 9.59422 22.8824 5.01
      vertex 9.59422 22.8824 0
    endloop
  endfacet
  facet normal -0.989178 0.146721 0
    outer loop
      vertex 9.59422 22.8824 5.01
      vertex 9.57694 22.7659 0
      vertex 9.57694 22.7659 5.01
    endloop
  endfacet
  facet normal -0.998794 0.0490904 0
    outer loop
      vertex 9.59422 22.8824 0
      vertex 9.6 23 5.01
      vertex 9.6 23 0
    endloop
  endfacet
  facet normal -0.998794 0.0490904 0
    outer loop
      vertex 9.6 23 5.01
      vertex 9.59422 22.8824 0
      vertex 9.59422 22.8824 5.01
    endloop
  endfacet
  facet normal -0.427889 0.903831 0
    outer loop
      vertex 8.96568 21.9417 0
      vertex 8.85922 21.8913 5.01
      vertex 8.96568 21.9417 5.01
    endloop
  endfacet
  facet normal -0.427889 0.903831 0
    outer loop
      vertex 8.85922 21.8913 5.01
      vertex 8.96568 21.9417 0
      vertex 8.85922 21.8913 0
    endloop
  endfacet
  facet normal -0.595958 0.803015 0
    outer loop
      vertex 9.16127 22.0724 0
      vertex 9.06668 22.0022 5.01
      vertex 9.16127 22.0724 5.01
    endloop
  endfacet
  facet normal -0.595958 0.803015 0
    outer loop
      vertex 9.06668 22.0022 5.01
      vertex 9.16127 22.0724 0
      vertex 9.06668 22.0022 0
    endloop
  endfacet
  facet normal -0.85768 0.514184 0
    outer loop
      vertex 9.39776 22.3333 0
      vertex 9.45831 22.4343 5.01
      vertex 9.45831 22.4343 0
    endloop
  endfacet
  facet normal -0.85768 0.514184 0
    outer loop
      vertex 9.45831 22.4343 5.01
      vertex 9.39776 22.3333 0
      vertex 9.39776 22.3333 5.01
    endloop
  endfacet
  facet normal 0.146899 0.989151 -0
    outer loop
      vertex 8.28238 21.8058 0
      vertex 8.16589 21.8231 5.01
      vertex 8.28238 21.8058 5.01
    endloop
  endfacet
  facet normal 0.146899 0.989151 0
    outer loop
      vertex 8.16589 21.8231 5.01
      vertex 8.28238 21.8058 0
      vertex 8.16589 21.8231 0
    endloop
  endfacet
  facet normal 0.513871 0.857867 -0
    outer loop
      vertex 7.83432 21.9417 0
      vertex 7.73332 22.0022 5
      vertex 7.83432 21.9417 5
    endloop
  endfacet
  facet normal 0.513871 0.857867 0
    outer loop
      vertex 7.73332 22.0022 5
      vertex 7.83432 21.9417 0
      vertex 7.73332 22.0022 0
    endloop
  endfacet
  facet normal 0.970022 0.243015 0
    outer loop
      vertex 7.25167 22.6517 5
      vertex 7.22306 22.7659 0
      vertex 7.22306 22.7659 5
    endloop
  endfacet
  facet normal 0.970022 0.243015 0
    outer loop
      vertex 7.22306 22.7659 0
      vertex 7.25167 22.6517 5
      vertex 7.25167 22.6517 0
    endloop
  endfacet
  facet normal 0.904057 0.427411 0
    outer loop
      vertex 7.34169 22.4343 5
      vertex 7.29134 22.5408 0
      vertex 7.29134 22.5408 5
    endloop
  endfacet
  facet normal 0.904057 0.427411 0
    outer loop
      vertex 7.29134 22.5408 0
      vertex 7.34169 22.4343 5
      vertex 7.34169 22.4343 0
    endloop
  endfacet
  facet normal 0.803249 0.595644 0
    outer loop
      vertex 7.47239 22.2387 5
      vertex 7.40224 22.3333 0
      vertex 7.40224 22.3333 5
    endloop
  endfacet
  facet normal 0.803249 0.595644 0
    outer loop
      vertex 7.40224 22.3333 0
      vertex 7.47239 22.2387 5
      vertex 7.47239 22.2387 0
    endloop
  endfacet
  facet normal 0.671616 0.7409 -0
    outer loop
      vertex 7.63873 22.0724 0
      vertex 7.55147 22.1515 5
      vertex 7.63873 22.0724 5
    endloop
  endfacet
  facet normal 0.671616 0.7409 0
    outer loop
      vertex 7.55147 22.1515 5
      vertex 7.63873 22.0724 0
      vertex 7.55147 22.1515 0
    endloop
  endfacet
  facet normal -0.595918 -0.803046 0
    outer loop
      vertex 36.0667 23.9978 0
      vertex 36.1613 23.9276 5
      vertex 36.0667 23.9978 5
    endloop
  endfacet
  facet normal -0.595918 -0.803046 -0
    outer loop
      vertex 36.1613 23.9276 5
      vertex 36.0667 23.9978 0
      vertex 36.1613 23.9276 0
    endloop
  endfacet
  facet normal 0.427758 -0.903893 0
    outer loop
      vertex 34.8343 24.0583 0
      vertex 34.9408 24.1087 5.01
      vertex 34.8343 24.0583 5.01
    endloop
  endfacet
  facet normal 0.427758 -0.903893 0
    outer loop
      vertex 34.9408 24.1087 5.01
      vertex 34.8343 24.0583 0
      vertex 34.9408 24.1087 0
    endloop
  endfacet
  facet normal 0.941761 -0.336283 0
    outer loop
      vertex 34.2517 23.3483 5.01
      vertex 34.2913 23.4592 0
      vertex 34.2913 23.4592 5.01
    endloop
  endfacet
  facet normal 0.941761 -0.336283 0
    outer loop
      vertex 34.2913 23.4592 0
      vertex 34.2517 23.3483 5.01
      vertex 34.2517 23.3483 0
    endloop
  endfacet
  facet normal -0.941761 0.336283 0
    outer loop
      vertex 36.5087 22.5408 0
      vertex 36.5483 22.6517 5
      vertex 36.5483 22.6517 0
    endloop
  endfacet
  facet normal -0.941761 0.336283 0
    outer loop
      vertex 36.5483 22.6517 5
      vertex 36.5087 22.5408 0
      vertex 36.5087 22.5408 5
    endloop
  endfacet
  facet normal 0.336283 0.941761 -0
    outer loop
      vertex 35.0517 21.8517 0
      vertex 34.9408 21.8913 5.01
      vertex 35.0517 21.8517 5.01
    endloop
  endfacet
  facet normal 0.336283 0.941761 0
    outer loop
      vertex 34.9408 21.8913 5.01
      vertex 35.0517 21.8517 0
      vertex 34.9408 21.8913 0
    endloop
  endfacet
  facet normal -0.903893 -0.427758 0
    outer loop
      vertex 36.5087 23.4592 0
      vertex 36.4583 23.5657 5
      vertex 36.4583 23.5657 0
    endloop
  endfacet
  facet normal -0.903893 -0.427758 0
    outer loop
      vertex 36.4583 23.5657 5
      vertex 36.5087 23.4592 0
      vertex 36.5087 23.4592 5
    endloop
  endfacet
  facet normal -0.857867 -0.513871 0
    outer loop
      vertex 36.4583 23.5657 0
      vertex 36.3978 23.6667 5
      vertex 36.3978 23.6667 0
    endloop
  endfacet
  facet normal -0.857867 -0.513871 0
    outer loop
      vertex 36.3978 23.6667 5
      vertex 36.4583 23.5657 0
      vertex 36.4583 23.5657 5
    endloop
  endfacet
  facet normal -0.336913 -0.941536 0
    outer loop
      vertex 35.7483 24.1483 5.01
      vertex 35.8 24.1298 5
      vertex 35.8 24.1298 5.01
    endloop
  endfacet
  facet normal -0.336913 -0.941536 0
    outer loop
      vertex 35.7483 24.1483 0
      vertex 35.8 24.1298 5
      vertex 35.7483 24.1483 5.01
    endloop
  endfacet
  facet normal -0.336283 -0.941761 -7.35406e-06
    outer loop
      vertex 35.8592 24.1087 0
      vertex 35.8 24.1298 5
      vertex 35.7483 24.1483 0
    endloop
  endfacet
  facet normal -0.335732 -0.941958 0
    outer loop
      vertex 35.8 24.1298 5
      vertex 35.8592 24.1087 0
      vertex 35.8592 24.1087 5
    endloop
  endfacet
  facet normal -0.0492599 -0.998786 0
    outer loop
      vertex 35.4 24.2 0
      vertex 35.5176 24.1942 5.01
      vertex 35.4 24.2 5.01
    endloop
  endfacet
  facet normal -0.0492599 -0.998786 -0
    outer loop
      vertex 35.5176 24.1942 5.01
      vertex 35.4 24.2 0
      vertex 35.5176 24.1942 0
    endloop
  endfacet
  facet normal 0.998786 -0.0492599 0
    outer loop
      vertex 34.2 23 5.01
      vertex 34.2058 23.1176 0
      vertex 34.2058 23.1176 5.01
    endloop
  endfacet
  facet normal 0.998786 -0.0492599 0
    outer loop
      vertex 34.2058 23.1176 0
      vertex 34.2 23 5.01
      vertex 34.2 23 0
    endloop
  endfacet
  facet normal 0.803046 -0.595918 0
    outer loop
      vertex 34.4022 23.6667 5.01
      vertex 34.4724 23.7613 0
      vertex 34.4724 23.7613 5.01
    endloop
  endfacet
  facet normal 0.803046 -0.595918 0
    outer loop
      vertex 34.4724 23.7613 0
      vertex 34.4022 23.6667 5.01
      vertex 34.4022 23.6667 0
    endloop
  endfacet
  facet normal 0.242935 -0.970042 0
    outer loop
      vertex 35.0517 24.1483 0
      vertex 35.1659 24.1769 5.01
      vertex 35.0517 24.1483 5.01
    endloop
  endfacet
  facet normal 0.242935 -0.970042 0
    outer loop
      vertex 35.1659 24.1769 5.01
      vertex 35.0517 24.1483 0
      vertex 35.1659 24.1769 0
    endloop
  endfacet
  facet normal -0.998786 0.0492599 0
    outer loop
      vertex 36.5942 22.8824 0
      vertex 36.6 23 5
      vertex 36.6 23 0
    endloop
  endfacet
  facet normal -0.998786 0.0492599 0
    outer loop
      vertex 36.6 23 5
      vertex 36.5942 22.8824 0
      vertex 36.5942 22.8824 5
    endloop
  endfacet
  facet normal -0.803046 0.595918 0
    outer loop
      vertex 36.3276 22.2387 0
      vertex 36.3978 22.3333 5
      vertex 36.3978 22.3333 0
    endloop
  endfacet
  facet normal -0.803046 0.595918 0
    outer loop
      vertex 36.3978 22.3333 5
      vertex 36.3276 22.2387 0
      vertex 36.3276 22.2387 5
    endloop
  endfacet
  facet normal 0.0492599 0.998786 -0
    outer loop
      vertex 35.4 21.8 0
      vertex 35.2824 21.8058 5.01
      vertex 35.4 21.8 5.01
    endloop
  endfacet
  facet normal 0.0492599 0.998786 0
    outer loop
      vertex 35.2824 21.8058 5.01
      vertex 35.4 21.8 0
      vertex 35.2824 21.8058 0
    endloop
  endfacet
  facet normal 0.595918 0.803046 -0
    outer loop
      vertex 34.7333 22.0022 0
      vertex 34.6387 22.0724 5.01
      vertex 34.7333 22.0022 5.01
    endloop
  endfacet
  facet normal 0.595918 0.803046 0
    outer loop
      vertex 34.6387 22.0724 5.01
      vertex 34.7333 22.0022 0
      vertex 34.6387 22.0724 0
    endloop
  endfacet
  facet normal 0.903893 0.427758 0
    outer loop
      vertex 34.3417 22.4343 5.01
      vertex 34.2913 22.5408 0
      vertex 34.2913 22.5408 5.01
    endloop
  endfacet
  facet normal 0.903893 0.427758 0
    outer loop
      vertex 34.2913 22.5408 0
      vertex 34.3417 22.4343 5.01
      vertex 34.3417 22.4343 0
    endloop
  endfacet
  facet normal -0.989153 -0.146887 0
    outer loop
      vertex 36.5942 23.1176 0
      vertex 36.5769 23.2341 5
      vertex 36.5769 23.2341 0
    endloop
  endfacet
  facet normal -0.989153 -0.146887 0
    outer loop
      vertex 36.5769 23.2341 5
      vertex 36.5942 23.1176 0
      vertex 36.5942 23.1176 5
    endloop
  endfacet
  facet normal -0.970042 -0.242935 0
    outer loop
      vertex 36.5769 23.2341 0
      vertex 36.5483 23.3483 5
      vertex 36.5483 23.3483 0
    endloop
  endfacet
  facet normal -0.970042 -0.242935 0
    outer loop
      vertex 36.5483 23.3483 5
      vertex 36.5769 23.2341 0
      vertex 36.5769 23.2341 5
    endloop
  endfacet
  facet normal -0.941761 -0.336283 0
    outer loop
      vertex 36.5483 23.3483 0
      vertex 36.5087 23.4592 5
      vertex 36.5087 23.4592 0
    endloop
  endfacet
  facet normal -0.941761 -0.336283 0
    outer loop
      vertex 36.5087 23.4592 5
      vertex 36.5483 23.3483 0
      vertex 36.5483 23.3483 5
    endloop
  endfacet
  facet normal -0.74067 -0.671869 0
    outer loop
      vertex 36.3276 23.7613 0
      vertex 36.2485 23.8485 5
      vertex 36.2485 23.8485 0
    endloop
  endfacet
  facet normal -0.74067 -0.671869 0
    outer loop
      vertex 36.2485 23.8485 5
      vertex 36.3276 23.7613 0
      vertex 36.3276 23.7613 5
    endloop
  endfacet
  facet normal -0.803046 -0.595918 0
    outer loop
      vertex 36.3978 23.6667 0
      vertex 36.3276 23.7613 5
      vertex 36.3276 23.7613 0
    endloop
  endfacet
  facet normal -0.803046 -0.595918 0
    outer loop
      vertex 36.3276 23.7613 5
      vertex 36.3978 23.6667 0
      vertex 36.3978 23.6667 5
    endloop
  endfacet
  facet normal -0.671869 -0.74067 0
    outer loop
      vertex 36.1613 23.9276 0
      vertex 36.2485 23.8485 5
      vertex 36.1613 23.9276 5
    endloop
  endfacet
  facet normal -0.671869 -0.74067 -0
    outer loop
      vertex 36.2485 23.8485 5
      vertex 36.1613 23.9276 0
      vertex 36.2485 23.8485 0
    endloop
  endfacet
  facet normal -0.513871 -0.857867 0
    outer loop
      vertex 35.9657 24.0583 0
      vertex 36.0667 23.9978 5
      vertex 35.9657 24.0583 5
    endloop
  endfacet
  facet normal -0.513871 -0.857867 -0
    outer loop
      vertex 36.0667 23.9978 5
      vertex 35.9657 24.0583 0
      vertex 36.0667 23.9978 0
    endloop
  endfacet
  facet normal 0.0492599 -0.998786 0
    outer loop
      vertex 35.2824 24.1942 0
      vertex 35.4 24.2 5.01
      vertex 35.2824 24.1942 5.01
    endloop
  endfacet
  facet normal 0.0492599 -0.998786 0
    outer loop
      vertex 35.4 24.2 5.01
      vertex 35.2824 24.1942 0
      vertex 35.4 24.2 0
    endloop
  endfacet
  facet normal -0.427758 -0.903893 0
    outer loop
      vertex 35.8592 24.1087 0
      vertex 35.9657 24.0583 5
      vertex 35.8592 24.1087 5
    endloop
  endfacet
  facet normal -0.427758 -0.903893 -0
    outer loop
      vertex 35.9657 24.0583 5
      vertex 35.8592 24.1087 0
      vertex 35.9657 24.0583 0
    endloop
  endfacet
  facet normal -0.242935 -0.970042 0
    outer loop
      vertex 35.6341 24.1769 0
      vertex 35.7483 24.1483 5.01
      vertex 35.6341 24.1769 5.01
    endloop
  endfacet
  facet normal -0.242935 -0.970042 -0
    outer loop
      vertex 35.7483 24.1483 5.01
      vertex 35.6341 24.1769 0
      vertex 35.7483 24.1483 0
    endloop
  endfacet
  facet normal -0.146887 -0.989153 0
    outer loop
      vertex 35.5176 24.1942 0
      vertex 35.6341 24.1769 5.01
      vertex 35.5176 24.1942 5.01
    endloop
  endfacet
  facet normal -0.146887 -0.989153 -0
    outer loop
      vertex 35.6341 24.1769 5.01
      vertex 35.5176 24.1942 0
      vertex 35.6341 24.1769 0
    endloop
  endfacet
  facet normal 0.998786 0.0492599 0
    outer loop
      vertex 34.2058 22.8824 5.01
      vertex 34.2 23 0
      vertex 34.2 23 5.01
    endloop
  endfacet
  facet normal 0.998786 0.0492599 0
    outer loop
      vertex 34.2 23 0
      vertex 34.2058 22.8824 5.01
      vertex 34.2058 22.8824 0
    endloop
  endfacet
  facet normal 0.970042 -0.242935 0
    outer loop
      vertex 34.2231 23.2341 5.01
      vertex 34.2517 23.3483 0
      vertex 34.2517 23.3483 5.01
    endloop
  endfacet
  facet normal 0.970042 -0.242935 0
    outer loop
      vertex 34.2517 23.3483 0
      vertex 34.2231 23.2341 5.01
      vertex 34.2231 23.2341 0
    endloop
  endfacet
  facet normal 0.989153 -0.146887 0
    outer loop
      vertex 34.2058 23.1176 5.01
      vertex 34.2231 23.2341 0
      vertex 34.2231 23.2341 5.01
    endloop
  endfacet
  facet normal 0.989153 -0.146887 0
    outer loop
      vertex 34.2231 23.2341 0
      vertex 34.2058 23.1176 5.01
      vertex 34.2058 23.1176 0
    endloop
  endfacet
  facet normal 0.903893 -0.427758 0
    outer loop
      vertex 34.2913 23.4592 5.01
      vertex 34.3417 23.5657 0
      vertex 34.3417 23.5657 5.01
    endloop
  endfacet
  facet normal 0.903893 -0.427758 0
    outer loop
      vertex 34.3417 23.5657 0
      vertex 34.2913 23.4592 5.01
      vertex 34.2913 23.4592 0
    endloop
  endfacet
  facet normal 0.857867 -0.513871 0
    outer loop
      vertex 34.3417 23.5657 5.01
      vertex 34.4022 23.6667 0
      vertex 34.4022 23.6667 5.01
    endloop
  endfacet
  facet normal 0.857867 -0.513871 0
    outer loop
      vertex 34.4022 23.6667 0
      vertex 34.3417 23.5657 5.01
      vertex 34.3417 23.5657 0
    endloop
  endfacet
  facet normal 0.336283 -0.941761 0
    outer loop
      vertex 34.9408 24.1087 0
      vertex 35.0517 24.1483 5.01
      vertex 34.9408 24.1087 5.01
    endloop
  endfacet
  facet normal 0.336283 -0.941761 0
    outer loop
      vertex 35.0517 24.1483 5.01
      vertex 34.9408 24.1087 0
      vertex 35.0517 24.1483 0
    endloop
  endfacet
  facet normal 0.146887 -0.989153 0
    outer loop
      vertex 35.1659 24.1769 0
      vertex 35.2824 24.1942 5.01
      vertex 35.1659 24.1769 5.01
    endloop
  endfacet
  facet normal 0.146887 -0.989153 0
    outer loop
      vertex 35.2824 24.1942 5.01
      vertex 35.1659 24.1769 0
      vertex 35.2824 24.1942 0
    endloop
  endfacet
  facet normal 0.595918 -0.803046 0
    outer loop
      vertex 34.6387 23.9276 0
      vertex 34.7333 23.9978 5.01
      vertex 34.6387 23.9276 5.01
    endloop
  endfacet
  facet normal 0.595918 -0.803046 0
    outer loop
      vertex 34.7333 23.9978 5.01
      vertex 34.6387 23.9276 0
      vertex 34.7333 23.9978 0
    endloop
  endfacet
  facet normal 0.671869 -0.74067 0
    outer loop
      vertex 34.5515 23.8485 0
      vertex 34.6387 23.9276 5.01
      vertex 34.5515 23.8485 5.01
    endloop
  endfacet
  facet normal 0.671869 -0.74067 0
    outer loop
      vertex 34.6387 23.9276 5.01
      vertex 34.5515 23.8485 0
      vertex 34.6387 23.9276 0
    endloop
  endfacet
  facet normal 0.513871 -0.857867 0
    outer loop
      vertex 34.7333 23.9978 0
      vertex 34.8343 24.0583 5.01
      vertex 34.7333 23.9978 5.01
    endloop
  endfacet
  facet normal 0.513871 -0.857867 0
    outer loop
      vertex 34.8343 24.0583 5.01
      vertex 34.7333 23.9978 0
      vertex 34.8343 24.0583 0
    endloop
  endfacet
  facet normal 0.74067 -0.671869 0
    outer loop
      vertex 34.4724 23.7613 5.01
      vertex 34.5515 23.8485 0
      vertex 34.5515 23.8485 5.01
    endloop
  endfacet
  facet normal 0.74067 -0.671869 0
    outer loop
      vertex 34.5515 23.8485 0
      vertex 34.4724 23.7613 5.01
      vertex 34.4724 23.7613 0
    endloop
  endfacet
  facet normal -0.998786 -0.0492599 0
    outer loop
      vertex 36.6 23 0
      vertex 36.5942 23.1176 5
      vertex 36.5942 23.1176 0
    endloop
  endfacet
  facet normal -0.998786 -0.0492599 0
    outer loop
      vertex 36.5942 23.1176 5
      vertex 36.6 23 0
      vertex 36.6 23 5
    endloop
  endfacet
  facet normal -0.146887 0.989153 0
    outer loop
      vertex 35.6341 21.8231 0
      vertex 35.5176 21.8058 5.01
      vertex 35.6341 21.8231 5.01
    endloop
  endfacet
  facet normal -0.146887 0.989153 0
    outer loop
      vertex 35.5176 21.8058 5.01
      vertex 35.6341 21.8231 0
      vertex 35.5176 21.8058 0
    endloop
  endfacet
  facet normal -0.970042 0.242935 0
    outer loop
      vertex 36.5483 22.6517 0
      vertex 36.5769 22.7659 5
      vertex 36.5769 22.7659 0
    endloop
  endfacet
  facet normal -0.970042 0.242935 0
    outer loop
      vertex 36.5769 22.7659 5
      vertex 36.5483 22.6517 0
      vertex 36.5483 22.6517 5
    endloop
  endfacet
  facet normal -0.242935 0.970042 0
    outer loop
      vertex 35.7483 21.8517 0
      vertex 35.6341 21.8231 5.01
      vertex 35.7483 21.8517 5.01
    endloop
  endfacet
  facet normal -0.242935 0.970042 0
    outer loop
      vertex 35.6341 21.8231 5.01
      vertex 35.7483 21.8517 0
      vertex 35.6341 21.8231 0
    endloop
  endfacet
  facet normal -0.335732 0.941958 0
    outer loop
      vertex 35.8592 21.8913 5
      vertex 35.8592 21.8913 0
      vertex 35.8 21.8702 5
    endloop
  endfacet
  facet normal -0.336913 0.941536 0
    outer loop
      vertex 35.8 21.8702 5
      vertex 35.7483 21.8517 5.01
      vertex 35.8 21.8702 5.01
    endloop
  endfacet
  facet normal -0.336283 0.941761 -7.35406e-06
    outer loop
      vertex 35.7483 21.8517 0
      vertex 35.8 21.8702 5
      vertex 35.8592 21.8913 0
    endloop
  endfacet
  facet normal -0.336913 0.941536 0
    outer loop
      vertex 35.8 21.8702 5
      vertex 35.7483 21.8517 0
      vertex 35.7483 21.8517 5.01
    endloop
  endfacet
  facet normal -0.671869 0.74067 0
    outer loop
      vertex 36.2485 22.1515 0
      vertex 36.1613 22.0724 5
      vertex 36.2485 22.1515 5
    endloop
  endfacet
  facet normal -0.671869 0.74067 0
    outer loop
      vertex 36.1613 22.0724 5
      vertex 36.2485 22.1515 0
      vertex 36.1613 22.0724 0
    endloop
  endfacet
  facet normal -0.513871 0.857867 0
    outer loop
      vertex 36.0667 22.0022 0
      vertex 35.9657 21.9417 5
      vertex 36.0667 22.0022 5
    endloop
  endfacet
  facet normal -0.513871 0.857867 0
    outer loop
      vertex 35.9657 21.9417 5
      vertex 36.0667 22.0022 0
      vertex 35.9657 21.9417 0
    endloop
  endfacet
  facet normal -0.903893 0.427758 0
    outer loop
      vertex 36.4583 22.4343 0
      vertex 36.5087 22.5408 5
      vertex 36.5087 22.5408 0
    endloop
  endfacet
  facet normal -0.903893 0.427758 0
    outer loop
      vertex 36.5087 22.5408 5
      vertex 36.4583 22.4343 0
      vertex 36.4583 22.4343 5
    endloop
  endfacet
  facet normal -0.0492599 0.998786 0
    outer loop
      vertex 35.5176 21.8058 0
      vertex 35.4 21.8 5.01
      vertex 35.5176 21.8058 5.01
    endloop
  endfacet
  facet normal -0.0492599 0.998786 0
    outer loop
      vertex 35.4 21.8 5.01
      vertex 35.5176 21.8058 0
      vertex 35.4 21.8 0
    endloop
  endfacet
  facet normal 0.242935 0.970042 -0
    outer loop
      vertex 35.1659 21.8231 0
      vertex 35.0517 21.8517 5.01
      vertex 35.1659 21.8231 5.01
    endloop
  endfacet
  facet normal 0.242935 0.970042 0
    outer loop
      vertex 35.0517 21.8517 5.01
      vertex 35.1659 21.8231 0
      vertex 35.0517 21.8517 0
    endloop
  endfacet
  facet normal 0.427758 0.903893 -0
    outer loop
      vertex 34.9408 21.8913 0
      vertex 34.8343 21.9417 5.01
      vertex 34.9408 21.8913 5.01
    endloop
  endfacet
  facet normal 0.427758 0.903893 0
    outer loop
      vertex 34.8343 21.9417 5.01
      vertex 34.9408 21.8913 0
      vertex 34.8343 21.9417 0
    endloop
  endfacet
  facet normal 0.989153 0.146887 0
    outer loop
      vertex 34.2231 22.7659 5.01
      vertex 34.2058 22.8824 0
      vertex 34.2058 22.8824 5.01
    endloop
  endfacet
  facet normal 0.989153 0.146887 0
    outer loop
      vertex 34.2058 22.8824 0
      vertex 34.2231 22.7659 5.01
      vertex 34.2231 22.7659 0
    endloop
  endfacet
  facet normal 0.941761 0.336283 0
    outer loop
      vertex 34.2913 22.5408 5.01
      vertex 34.2517 22.6517 0
      vertex 34.2517 22.6517 5.01
    endloop
  endfacet
  facet normal 0.941761 0.336283 0
    outer loop
      vertex 34.2517 22.6517 0
      vertex 34.2913 22.5408 5.01
      vertex 34.2913 22.5408 0
    endloop
  endfacet
  facet normal 0.970042 0.242935 0
    outer loop
      vertex 34.2517 22.6517 5.01
      vertex 34.2231 22.7659 0
      vertex 34.2231 22.7659 5.01
    endloop
  endfacet
  facet normal 0.970042 0.242935 0
    outer loop
      vertex 34.2231 22.7659 0
      vertex 34.2517 22.6517 5.01
      vertex 34.2517 22.6517 0
    endloop
  endfacet
  facet normal 0.74067 0.671869 0
    outer loop
      vertex 34.5515 22.1515 5.01
      vertex 34.4724 22.2387 0
      vertex 34.4724 22.2387 5.01
    endloop
  endfacet
  facet normal 0.74067 0.671869 0
    outer loop
      vertex 34.4724 22.2387 0
      vertex 34.5515 22.1515 5.01
      vertex 34.5515 22.1515 0
    endloop
  endfacet
  facet normal 0.857867 0.513871 0
    outer loop
      vertex 34.4022 22.3333 5.01
      vertex 34.3417 22.4343 0
      vertex 34.3417 22.4343 5.01
    endloop
  endfacet
  facet normal 0.857867 0.513871 0
    outer loop
      vertex 34.3417 22.4343 0
      vertex 34.4022 22.3333 5.01
      vertex 34.4022 22.3333 0
    endloop
  endfacet
  facet normal 0 0 -1
    outer loop
      vertex 35.6341 21.8231 5.01
      vertex 35.8 21.8702 5.01
      vertex 35.7483 21.8517 5.01
    endloop
  endfacet
  facet normal -0 0 -1
    outer loop
      vertex 35.8 21.8702 5.01
      vertex 35.6341 21.8231 5.01
      vertex 35.8 24.1298 5.01
    endloop
  endfacet
  facet normal 0 0 -1
    outer loop
      vertex 35.6341 24.1769 5.01
      vertex 35.8 24.1298 5.01
      vertex 35.6341 21.8231 5.01
    endloop
  endfacet
  facet normal 0 0 -1
    outer loop
      vertex 35.8 24.1298 5.01
      vertex 35.6341 24.1769 5.01
      vertex 35.7483 24.1483 5.01
    endloop
  endfacet
  facet normal 0 0 -1
    outer loop
      vertex 35.5176 21.8058 5.01
      vertex 35.6341 24.1769 5.01
      vertex 35.6341 21.8231 5.01
    endloop
  endfacet
  facet normal 0 0 -1
    outer loop
      vertex 35.5176 21.8058 5.01
      vertex 35.5176 24.1942 5.01
      vertex 35.6341 24.1769 5.01
    endloop
  endfacet
  facet normal 0 0 -1
    outer loop
      vertex 35.4 21.8 5.01
      vertex 35.5176 24.1942 5.01
      vertex 35.5176 21.8058 5.01
    endloop
  endfacet
  facet normal 0 0 -1
    outer loop
      vertex 35.4 21.8 5.01
      vertex 35.4 24.2 5.01
      vertex 35.5176 24.1942 5.01
    endloop
  endfacet
  facet normal 0 0 -1
    outer loop
      vertex 35.2824 21.8058 5.01
      vertex 35.4 24.2 5.01
      vertex 35.4 21.8 5.01
    endloop
  endfacet
  facet normal 0 0 -1
    outer loop
      vertex 35.2824 21.8058 5.01
      vertex 35.2824 24.1942 5.01
      vertex 35.4 24.2 5.01
    endloop
  endfacet
  facet normal 0 0 -1
    outer loop
      vertex 35.1659 21.8231 5.01
      vertex 35.2824 24.1942 5.01
      vertex 35.2824 21.8058 5.01
    endloop
  endfacet
  facet normal 0 0 -1
    outer loop
      vertex 35.1659 21.8231 5.01
      vertex 35.1659 24.1769 5.01
      vertex 35.2824 24.1942 5.01
    endloop
  endfacet
  facet normal 0 0 -1
    outer loop
      vertex 35.0517 21.8517 5.01
      vertex 35.1659 24.1769 5.01
      vertex 35.1659 21.8231 5.01
    endloop
  endfacet
  facet normal 0 0 -1
    outer loop
      vertex 35.0517 21.8517 5.01
      vertex 35.0517 24.1483 5.01
      vertex 35.1659 24.1769 5.01
    endloop
  endfacet
  facet normal 0 0 -1
    outer loop
      vertex 34.9408 21.8913 5.01
      vertex 35.0517 24.1483 5.01
      vertex 35.0517 21.8517 5.01
    endloop
  endfacet
  facet normal 0 0 -1
    outer loop
      vertex 34.9408 21.8913 5.01
      vertex 34.9408 24.1087 5.01
      vertex 35.0517 24.1483 5.01
    endloop
  endfacet
  facet normal 0 0 -1
    outer loop
      vertex 34.8343 21.9417 5.01
      vertex 34.9408 24.1087 5.01
      vertex 34.9408 21.8913 5.01
    endloop
  endfacet
  facet normal 0 0 -1
    outer loop
      vertex 34.8343 21.9417 5.01
      vertex 34.8343 24.0583 5.01
      vertex 34.9408 24.1087 5.01
    endloop
  endfacet
  facet normal 0 0 -1
    outer loop
      vertex 34.7333 22.0022 5.01
      vertex 34.8343 24.0583 5.01
      vertex 34.8343 21.9417 5.01
    endloop
  endfacet
  facet normal 0 0 -1
    outer loop
      vertex 34.7333 22.0022 5.01
      vertex 34.7333 23.9978 5.01
      vertex 34.8343 24.0583 5.01
    endloop
  endfacet
  facet normal 0 0 -1
    outer loop
      vertex 34.6387 22.0724 5.01
      vertex 34.7333 23.9978 5.01
      vertex 34.7333 22.0022 5.01
    endloop
  endfacet
  facet normal 0 0 -1
    outer loop
      vertex 34.6387 22.0724 5.01
      vertex 34.6387 23.9276 5.01
      vertex 34.7333 23.9978 5.01
    endloop
  endfacet
  facet normal 0 0 -1
    outer loop
      vertex 34.5515 22.1515 5.01
      vertex 34.6387 23.9276 5.01
      vertex 34.6387 22.0724 5.01
    endloop
  endfacet
  facet normal 0 0 -1
    outer loop
      vertex 34.5515 22.1515 5.01
      vertex 34.5515 23.8485 5.01
      vertex 34.6387 23.9276 5.01
    endloop
  endfacet
  facet normal 0 0 -1
    outer loop
      vertex 34.4724 22.2387 5.01
      vertex 34.5515 23.8485 5.01
      vertex 34.5515 22.1515 5.01
    endloop
  endfacet
  facet normal 0 0 -1
    outer loop
      vertex 34.4724 22.2387 5.01
      vertex 34.4724 23.7613 5.01
      vertex 34.5515 23.8485 5.01
    endloop
  endfacet
  facet normal 0 0 -1
    outer loop
      vertex 34.4022 22.3333 5.01
      vertex 34.4724 23.7613 5.01
      vertex 34.4724 22.2387 5.01
    endloop
  endfacet
  facet normal 0 0 -1
    outer loop
      vertex 34.4022 22.3333 5.01
      vertex 34.4022 23.6667 5.01
      vertex 34.4724 23.7613 5.01
    endloop
  endfacet
  facet normal 0 0 -1
    outer loop
      vertex 34.3417 22.4343 5.01
      vertex 34.4022 23.6667 5.01
      vertex 34.4022 22.3333 5.01
    endloop
  endfacet
  facet normal 0 0 -1
    outer loop
      vertex 34.3417 22.4343 5.01
      vertex 34.3417 23.5657 5.01
      vertex 34.4022 23.6667 5.01
    endloop
  endfacet
  facet normal 0 0 -1
    outer loop
      vertex 34.2913 22.5408 5.01
      vertex 34.3417 23.5657 5.01
      vertex 34.3417 22.4343 5.01
    endloop
  endfacet
  facet normal 0 0 -1
    outer loop
      vertex 34.2913 22.5408 5.01
      vertex 34.2913 23.4592 5.01
      vertex 34.3417 23.5657 5.01
    endloop
  endfacet
  facet normal 0 0 -1
    outer loop
      vertex 34.2517 22.6517 5.01
      vertex 34.2913 23.4592 5.01
      vertex 34.2913 22.5408 5.01
    endloop
  endfacet
  facet normal 0 0 -1
    outer loop
      vertex 34.2517 22.6517 5.01
      vertex 34.2517 23.3483 5.01
      vertex 34.2913 23.4592 5.01
    endloop
  endfacet
  facet normal 0 0 -1
    outer loop
      vertex 34.2231 22.7659 5.01
      vertex 34.2517 23.3483 5.01
      vertex 34.2517 22.6517 5.01
    endloop
  endfacet
  facet normal 0 0 -1
    outer loop
      vertex 34.2231 22.7659 5.01
      vertex 34.2231 23.2341 5.01
      vertex 34.2517 23.3483 5.01
    endloop
  endfacet
  facet normal 0 0 -1
    outer loop
      vertex 34.2058 22.8824 5.01
      vertex 34.2231 23.2341 5.01
      vertex 34.2231 22.7659 5.01
    endloop
  endfacet
  facet normal 0 0 -1
    outer loop
      vertex 34.2058 22.8824 5.01
      vertex 34.2058 23.1176 5.01
      vertex 34.2231 23.2341 5.01
    endloop
  endfacet
  facet normal 0 -0 -1
    outer loop
      vertex 34.2058 23.1176 5.01
      vertex 34.2058 22.8824 5.01
      vertex 34.2 23 5.01
    endloop
  endfacet
  facet normal -0.989153 0.146887 0
    outer loop
      vertex 36.5769 22.7659 0
      vertex 36.5942 22.8824 5
      vertex 36.5942 22.8824 0
    endloop
  endfacet
  facet normal -0.989153 0.146887 0
    outer loop
      vertex 36.5942 22.8824 5
      vertex 36.5769 22.7659 0
      vertex 36.5769 22.7659 5
    endloop
  endfacet
  facet normal -0.427758 0.903893 0
    outer loop
      vertex 35.9657 21.9417 0
      vertex 35.8592 21.8913 5
      vertex 35.9657 21.9417 5
    endloop
  endfacet
  facet normal -0.427758 0.903893 0
    outer loop
      vertex 35.8592 21.8913 5
      vertex 35.9657 21.9417 0
      vertex 35.8592 21.8913 0
    endloop
  endfacet
  facet normal -0.74067 0.671869 0
    outer loop
      vertex 36.2485 22.1515 0
      vertex 36.3276 22.2387 5
      vertex 36.3276 22.2387 0
    endloop
  endfacet
  facet normal -0.74067 0.671869 0
    outer loop
      vertex 36.3276 22.2387 5
      vertex 36.2485 22.1515 0
      vertex 36.2485 22.1515 5
    endloop
  endfacet
  facet normal -0.595918 0.803046 0
    outer loop
      vertex 36.1613 22.0724 0
      vertex 36.0667 22.0022 5
      vertex 36.1613 22.0724 5
    endloop
  endfacet
  facet normal -0.595918 0.803046 0
    outer loop
      vertex 36.0667 22.0022 5
      vertex 36.1613 22.0724 0
      vertex 36.0667 22.0022 0
    endloop
  endfacet
  facet normal -0.857867 0.513871 0
    outer loop
      vertex 36.3978 22.3333 0
      vertex 36.4583 22.4343 5
      vertex 36.4583 22.4343 0
    endloop
  endfacet
  facet normal -0.857867 0.513871 0
    outer loop
      vertex 36.4583 22.4343 5
      vertex 36.3978 22.3333 0
      vertex 36.3978 22.3333 5
    endloop
  endfacet
  facet normal 0.146887 0.989153 -0
    outer loop
      vertex 35.2824 21.8058 0
      vertex 35.1659 21.8231 5.01
      vertex 35.2824 21.8058 5.01
    endloop
  endfacet
  facet normal 0.146887 0.989153 0
    outer loop
      vertex 35.1659 21.8231 5.01
      vertex 35.2824 21.8058 0
      vertex 35.1659 21.8231 0
    endloop
  endfacet
  facet normal 0.513871 0.857867 -0
    outer loop
      vertex 34.8343 21.9417 0
      vertex 34.7333 22.0022 5.01
      vertex 34.8343 21.9417 5.01
    endloop
  endfacet
  facet normal 0.513871 0.857867 0
    outer loop
      vertex 34.7333 22.0022 5.01
      vertex 34.8343 21.9417 0
      vertex 34.7333 22.0022 0
    endloop
  endfacet
  facet normal 0.803046 0.595918 0
    outer loop
      vertex 34.4724 22.2387 5.01
      vertex 34.4022 22.3333 0
      vertex 34.4022 22.3333 5.01
    endloop
  endfacet
  facet normal 0.803046 0.595918 0
    outer loop
      vertex 34.4022 22.3333 0
      vertex 34.4724 22.2387 5.01
      vertex 34.4724 22.2387 0
    endloop
  endfacet
  facet normal 0.671869 0.74067 -0
    outer loop
      vertex 34.6387 22.0724 0
      vertex 34.5515 22.1515 5.01
      vertex 34.6387 22.0724 5.01
    endloop
  endfacet
  facet normal 0.671869 0.74067 0
    outer loop
      vertex 34.5515 22.1515 5.01
      vertex 34.6387 22.0724 0
      vertex 34.5515 22.1515 0
    endloop
  endfacet
  facet normal -0.857731 -0.514099 0
    outer loop
      vertex 7.49927 6.80137 0
      vertex 7.4135 6.94447 5
      vertex 7.4135 6.94447 0
    endloop
  endfacet
  facet normal -0.857731 -0.514099 0
    outer loop
      vertex 7.4135 6.94447 5
      vertex 7.49927 6.80137 0
      vertex 7.49927 6.80137 5
    endloop
  endfacet
  facet normal -0.336921 -0.941533 0
    outer loop
      vertex 6.49348 7.6268 0
      vertex 6.65056 7.57059 5
      vertex 6.49348 7.6268 5
    endloop
  endfacet
  facet normal -0.336921 -0.941533 -0
    outer loop
      vertex 6.65056 7.57059 5
      vertex 6.49348 7.6268 0
      vertex 6.65056 7.57059 0
    endloop
  endfacet
  facet normal 0.427494 -0.904018 0
    outer loop
      vertex 5.19862 7.49927 0
      vertex 5.34944 7.57059 5
      vertex 5.19862 7.49927 5
    endloop
  endfacet
  facet normal 0.427494 -0.904018 0
    outer loop
      vertex 5.34944 7.57059 5
      vertex 5.19862 7.49927 0
      vertex 5.34944 7.57059 0
    endloop
  endfacet
  facet normal 0.941552 -0.336868 0
    outer loop
      vertex 4.3732 6.49348 5
      vertex 4.4294 6.65056 0
      vertex 4.4294 6.65056 5
    endloop
  endfacet
  facet normal 0.941552 -0.336868 0
    outer loop
      vertex 4.4294 6.65056 0
      vertex 4.3732 6.49348 5
      vertex 4.3732 6.49348 0
    endloop
  endfacet
  facet normal -0.998794 0.0490916 0
    outer loop
      vertex 7.69181 5.83337 0
      vertex 7.7 6 5
      vertex 7.7 6 0
    endloop
  endfacet
  facet normal -0.998794 0.0490916 0
    outer loop
      vertex 7.7 6 5
      vertex 7.69181 5.83337 0
      vertex 7.69181 5.83337 5
    endloop
  endfacet
  facet normal -0.514099 -0.857731 0
    outer loop
      vertex 6.80137 7.49927 0
      vertex 6.94447 7.4135 5
      vertex 6.80137 7.49927 5
    endloop
  endfacet
  facet normal -0.514099 -0.857731 -0
    outer loop
      vertex 6.94447 7.4135 5
      vertex 6.80137 7.49927 0
      vertex 6.94447 7.4135 0
    endloop
  endfacet
  facet normal 0.803211 -0.595695 0
    outer loop
      vertex 4.5865 6.94447 5
      vertex 4.68588 7.07847 0
      vertex 4.68588 7.07847 5
    endloop
  endfacet
  facet normal 0.803211 -0.595695 0
    outer loop
      vertex 4.68588 7.07847 0
      vertex 4.5865 6.94447 5
      vertex 4.5865 6.94447 0
    endloop
  endfacet
  facet normal 0.242945 -0.97004 0
    outer loop
      vertex 5.50652 7.6268 0
      vertex 5.66835 7.66733 5
      vertex 5.50652 7.6268 5
    endloop
  endfacet
  facet normal 0.242945 -0.97004 0
    outer loop
      vertex 5.66835 7.66733 5
      vertex 5.50652 7.6268 0
      vertex 5.66835 7.66733 0
    endloop
  endfacet
  facet normal 0.595695 0.803211 -0
    outer loop
      vertex 5.05553 4.5865 0
      vertex 4.92153 4.68588 5
      vertex 5.05553 4.5865 5
    endloop
  endfacet
  facet normal 0.595695 0.803211 0
    outer loop
      vertex 4.92153 4.68588 5
      vertex 5.05553 4.5865 0
      vertex 4.92153 4.68588 0
    endloop
  endfacet
  facet normal 0.857715 0.514125 0
    outer loop
      vertex 4.5865 5.05553 5
      vertex 4.50073 5.19862 0
      vertex 4.50073 5.19862 5
    endloop
  endfacet
  facet normal 0.857715 0.514125 0
    outer loop
      vertex 4.50073 5.19862 0
      vertex 4.5865 5.05553 5
      vertex 4.5865 5.05553 0
    endloop
  endfacet
  facet normal -0.989175 -0.14674 0
    outer loop
      vertex 7.69181 6.16663 0
      vertex 7.66733 6.33165 5
      vertex 7.66733 6.33165 0
    endloop
  endfacet
  facet normal -0.989175 -0.14674 0
    outer loop
      vertex 7.66733 6.33165 5
      vertex 7.69181 6.16663 0
      vertex 7.69181 6.16663 5
    endloop
  endfacet
  facet normal -0.803211 -0.595695 0
    outer loop
      vertex 7.4135 6.94447 0
      vertex 7.31412 7.07847 5
      vertex 7.31412 7.07847 0
    endloop
  endfacet
  facet normal -0.803211 -0.595695 0
    outer loop
      vertex 7.31412 7.07847 5
      vertex 7.4135 6.94447 0
      vertex 7.4135 6.94447 5
    endloop
  endfacet
  facet normal -0.67158 -0.740932 0
    outer loop
      vertex 7.07847 7.31412 0
      vertex 7.20208 7.20208 5
      vertex 7.07847 7.31412 5
    endloop
  endfacet
  facet normal -0.67158 -0.740932 -0
    outer loop
      vertex 7.20208 7.20208 5
      vertex 7.07847 7.31412 0
      vertex 7.20208 7.20208 0
    endloop
  endfacet
  facet normal 0.0490916 -0.998794 0
    outer loop
      vertex 5.83337 7.69181 0
      vertex 6 7.7 5
      vertex 5.83337 7.69181 5
    endloop
  endfacet
  facet normal 0.0490916 -0.998794 0
    outer loop
      vertex 6 7.7 5
      vertex 5.83337 7.69181 0
      vertex 6 7.7 0
    endloop
  endfacet
  facet normal -0.242945 -0.97004 0
    outer loop
      vertex 6.33165 7.66733 0
      vertex 6.49348 7.6268 5
      vertex 6.33165 7.66733 5
    endloop
  endfacet
  facet normal -0.242945 -0.97004 -0
    outer loop
      vertex 6.49348 7.6268 5
      vertex 6.33165 7.66733 0
      vertex 6.49348 7.6268 0
    endloop
  endfacet
  facet normal -0.14674 -0.989175 0
    outer loop
      vertex 6.16663 7.69181 0
      vertex 6.33165 7.66733 5
      vertex 6.16663 7.69181 5
    endloop
  endfacet
  facet normal -0.14674 -0.989175 -0
    outer loop
      vertex 6.33165 7.66733 5
      vertex 6.16663 7.69181 0
      vertex 6.33165 7.66733 0
    endloop
  endfacet
  facet normal -0.427517 -0.904007 0
    outer loop
      vertex 6.65056 7.57059 0
      vertex 6.80137 7.49927 5
      vertex 6.65056 7.57059 5
    endloop
  endfacet
  facet normal -0.427517 -0.904007 -0
    outer loop
      vertex 6.80137 7.49927 5
      vertex 6.65056 7.57059 0
      vertex 6.80137 7.49927 0
    endloop
  endfacet
  facet normal -0.595695 -0.803211 0
    outer loop
      vertex 6.94447 7.4135 0
      vertex 7.07847 7.31412 5
      vertex 6.94447 7.4135 5
    endloop
  endfacet
  facet normal -0.595695 -0.803211 -0
    outer loop
      vertex 7.07847 7.31412 5
      vertex 6.94447 7.4135 0
      vertex 7.07847 7.31412 0
    endloop
  endfacet
  facet normal 0.998794 0.0490916 0
    outer loop
      vertex 4.30819 5.83337 5
      vertex 4.3 6 0
      vertex 4.3 6 5
    endloop
  endfacet
  facet normal 0.998794 0.0490916 0
    outer loop
      vertex 4.3 6 0
      vertex 4.30819 5.83337 5
      vertex 4.30819 5.83337 0
    endloop
  endfacet
  facet normal 0.970026 -0.243001 0
    outer loop
      vertex 4.33266 6.33165 5
      vertex 4.3732 6.49348 0
      vertex 4.3732 6.49348 5
    endloop
  endfacet
  facet normal 0.970026 -0.243001 0
    outer loop
      vertex 4.3732 6.49348 0
      vertex 4.33266 6.33165 5
      vertex 4.33266 6.33165 0
    endloop
  endfacet
  facet normal 0.989184 -0.146681 0
    outer loop
      vertex 4.30819 6.16663 5
      vertex 4.33266 6.33165 0
      vertex 4.33266 6.33165 5
    endloop
  endfacet
  facet normal 0.989184 -0.146681 0
    outer loop
      vertex 4.33266 6.33165 0
      vertex 4.30819 6.16663 5
      vertex 4.30819 6.16663 0
    endloop
  endfacet
  facet normal 0.903984 -0.427566 0
    outer loop
      vertex 4.4294 6.65056 5
      vertex 4.50073 6.80137 0
      vertex 4.50073 6.80137 5
    endloop
  endfacet
  facet normal 0.903984 -0.427566 0
    outer loop
      vertex 4.50073 6.80137 0
      vertex 4.4294 6.65056 5
      vertex 4.4294 6.65056 0
    endloop
  endfacet
  facet normal 0.857731 -0.514099 0
    outer loop
      vertex 4.50073 6.80137 5
      vertex 4.5865 6.94447 0
      vertex 4.5865 6.94447 5
    endloop
  endfacet
  facet normal 0.857731 -0.514099 0
    outer loop
      vertex 4.5865 6.94447 0
      vertex 4.50073 6.80137 5
      vertex 4.50073 6.80137 0
    endloop
  endfacet
  facet normal 0.336921 -0.941533 0
    outer loop
      vertex 5.34944 7.57059 0
      vertex 5.50652 7.6268 5
      vertex 5.34944 7.57059 5
    endloop
  endfacet
  facet normal 0.336921 -0.941533 0
    outer loop
      vertex 5.50652 7.6268 5
      vertex 5.34944 7.57059 0
      vertex 5.50652 7.6268 0
    endloop
  endfacet
  facet normal 0.14674 -0.989175 0
    outer loop
      vertex 5.66835 7.66733 0
      vertex 5.83337 7.69181 5
      vertex 5.66835 7.66733 5
    endloop
  endfacet
  facet normal 0.14674 -0.989175 0
    outer loop
      vertex 5.83337 7.69181 5
      vertex 5.66835 7.66733 0
      vertex 5.83337 7.69181 0
    endloop
  endfacet
  facet normal 0.595695 -0.803211 0
    outer loop
      vertex 4.92153 7.31412 0
      vertex 5.05553 7.4135 5
      vertex 4.92153 7.31412 5
    endloop
  endfacet
  facet normal 0.595695 -0.803211 0
    outer loop
      vertex 5.05553 7.4135 5
      vertex 4.92153 7.31412 0
      vertex 5.05553 7.4135 0
    endloop
  endfacet
  facet normal 0.67158 -0.740932 0
    outer loop
      vertex 4.79792 7.20208 0
      vertex 4.92153 7.31412 5
      vertex 4.79792 7.20208 5
    endloop
  endfacet
  facet normal 0.67158 -0.740932 0
    outer loop
      vertex 4.92153 7.31412 5
      vertex 4.79792 7.20208 0
      vertex 4.92153 7.31412 0
    endloop
  endfacet
  facet normal 0.514125 -0.857715 0
    outer loop
      vertex 5.05553 7.4135 0
      vertex 5.19862 7.49927 5
      vertex 5.05553 7.4135 5
    endloop
  endfacet
  facet normal 0.514125 -0.857715 0
    outer loop
      vertex 5.19862 7.49927 5
      vertex 5.05553 7.4135 0
      vertex 5.19862 7.49927 0
    endloop
  endfacet
  facet normal 0.740932 -0.67158 0
    outer loop
      vertex 4.68588 7.07847 5
      vertex 4.79792 7.20208 0
      vertex 4.79792 7.20208 5
    endloop
  endfacet
  facet normal 0.740932 -0.67158 0
    outer loop
      vertex 4.79792 7.20208 0
      vertex 4.68588 7.07847 5
      vertex 4.68588 7.07847 0
    endloop
  endfacet
  facet normal -0.998794 -0.0490916 0
    outer loop
      vertex 7.7 6 0
      vertex 7.69181 6.16663 5
      vertex 7.69181 6.16663 0
    endloop
  endfacet
  facet normal -0.998794 -0.0490916 0
    outer loop
      vertex 7.69181 6.16663 5
      vertex 7.7 6 0
      vertex 7.7 6 5
    endloop
  endfacet
  facet normal -0.97004 0.242945 0
    outer loop
      vertex 7.6268 5.50652 0
      vertex 7.66733 5.66835 5
      vertex 7.66733 5.66835 0
    endloop
  endfacet
  facet normal -0.97004 0.242945 0
    outer loop
      vertex 7.66733 5.66835 5
      vertex 7.6268 5.50652 0
      vertex 7.6268 5.50652 5
    endloop
  endfacet
  facet normal 0.740932 0.67158 0
    outer loop
      vertex 4.79792 4.79792 5
      vertex 4.68588 4.92153 0
      vertex 4.68588 4.92153 5
    endloop
  endfacet
  facet normal 0.740932 0.67158 0
    outer loop
      vertex 4.68588 4.92153 0
      vertex 4.79792 4.79792 5
      vertex 4.79792 4.79792 0
    endloop
  endfacet
  facet normal -0.146681 0.989184 0
    outer loop
      vertex 6.33165 4.33266 0
      vertex 6.16663 4.30819 5
      vertex 6.33165 4.33266 5
    endloop
  endfacet
  facet normal -0.146681 0.989184 0
    outer loop
      vertex 6.16663 4.30819 5
      vertex 6.33165 4.33266 0
      vertex 6.16663 4.30819 0
    endloop
  endfacet
  facet normal -0.904007 -0.427517 0
    outer loop
      vertex 7.57059 6.65056 0
      vertex 7.49927 6.80137 5
      vertex 7.49927 6.80137 0
    endloop
  endfacet
  facet normal -0.904007 -0.427517 0
    outer loop
      vertex 7.49927 6.80137 5
      vertex 7.57059 6.65056 0
      vertex 7.57059 6.65056 5
    endloop
  endfacet
  facet normal -0.941533 -0.336921 0
    outer loop
      vertex 7.6268 6.49348 0
      vertex 7.57059 6.65056 5
      vertex 7.57059 6.65056 0
    endloop
  endfacet
  facet normal -0.941533 -0.336921 0
    outer loop
      vertex 7.57059 6.65056 5
      vertex 7.6268 6.49348 0
      vertex 7.6268 6.49348 5
    endloop
  endfacet
  facet normal -0.97004 -0.242945 0
    outer loop
      vertex 7.66733 6.33165 0
      vertex 7.6268 6.49348 5
      vertex 7.6268 6.49348 0
    endloop
  endfacet
  facet normal -0.97004 -0.242945 0
    outer loop
      vertex 7.6268 6.49348 5
      vertex 7.66733 6.33165 0
      vertex 7.66733 6.33165 5
    endloop
  endfacet
  facet normal -0.740932 -0.67158 0
    outer loop
      vertex 7.31412 7.07847 0
      vertex 7.20208 7.20208 5
      vertex 7.20208 7.20208 0
    endloop
  endfacet
  facet normal -0.740932 -0.67158 0
    outer loop
      vertex 7.20208 7.20208 5
      vertex 7.31412 7.07847 0
      vertex 7.31412 7.07847 5
    endloop
  endfacet
  facet normal -0.0490916 -0.998794 0
    outer loop
      vertex 6 7.7 0
      vertex 6.16663 7.69181 5
      vertex 6 7.7 5
    endloop
  endfacet
  facet normal -0.0490916 -0.998794 -0
    outer loop
      vertex 6.16663 7.69181 5
      vertex 6 7.7 0
      vertex 6.16663 7.69181 0
    endloop
  endfacet
  facet normal 0.998794 -0.0490916 0
    outer loop
      vertex 4.3 6 5
      vertex 4.30819 6.16663 0
      vertex 4.30819 6.16663 5
    endloop
  endfacet
  facet normal 0.998794 -0.0490916 0
    outer loop
      vertex 4.30819 6.16663 0
      vertex 4.3 6 5
      vertex 4.3 6 0
    endloop
  endfacet
  facet normal -0.989175 0.14674 0
    outer loop
      vertex 7.66733 5.66835 0
      vertex 7.69181 5.83337 5
      vertex 7.69181 5.83337 0
    endloop
  endfacet
  facet normal -0.989175 0.14674 0
    outer loop
      vertex 7.69181 5.83337 5
      vertex 7.66733 5.66835 0
      vertex 7.66733 5.66835 5
    endloop
  endfacet
  facet normal -0.803211 0.595695 0
    outer loop
      vertex 7.31412 4.92153 0
      vertex 7.4135 5.05553 5
      vertex 7.4135 5.05553 0
    endloop
  endfacet
  facet normal -0.803211 0.595695 0
    outer loop
      vertex 7.4135 5.05553 5
      vertex 7.31412 4.92153 0
      vertex 7.31412 4.92153 5
    endloop
  endfacet
  facet normal -0.904018 0.427494 0
    outer loop
      vertex 7.49927 5.19862 0
      vertex 7.57059 5.34944 5
      vertex 7.57059 5.34944 0
    endloop
  endfacet
  facet normal -0.904018 0.427494 0
    outer loop
      vertex 7.57059 5.34944 5
      vertex 7.49927 5.19862 0
      vertex 7.49927 5.19862 5
    endloop
  endfacet
  facet normal 0.0490916 0.998794 -0
    outer loop
      vertex 6 4.3 0
      vertex 5.83337 4.30819 5
      vertex 6 4.3 5
    endloop
  endfacet
  facet normal 0.0490916 0.998794 0
    outer loop
      vertex 5.83337 4.30819 5
      vertex 6 4.3 0
      vertex 5.83337 4.30819 0
    endloop
  endfacet
  facet normal 0.989184 0.146681 0
    outer loop
      vertex 4.33266 5.66835 5
      vertex 4.30819 5.83337 0
      vertex 4.30819 5.83337 5
    endloop
  endfacet
  facet normal 0.989184 0.146681 0
    outer loop
      vertex 4.30819 5.83337 0
      vertex 4.33266 5.66835 5
      vertex 4.33266 5.66835 0
    endloop
  endfacet
  facet normal 0.941552 0.336868 0
    outer loop
      vertex 4.4294 5.34944 5
      vertex 4.3732 5.50652 0
      vertex 4.3732 5.50652 5
    endloop
  endfacet
  facet normal 0.941552 0.336868 0
    outer loop
      vertex 4.3732 5.50652 0
      vertex 4.4294 5.34944 5
      vertex 4.4294 5.34944 0
    endloop
  endfacet
  facet normal 0.67158 0.740932 -0
    outer loop
      vertex 4.92153 4.68588 0
      vertex 4.79792 4.79792 5
      vertex 4.92153 4.68588 5
    endloop
  endfacet
  facet normal 0.67158 0.740932 0
    outer loop
      vertex 4.79792 4.79792 5
      vertex 4.92153 4.68588 0
      vertex 4.79792 4.79792 0
    endloop
  endfacet
  facet normal -0.427566 0.903984 0
    outer loop
      vertex 6.80137 4.50073 0
      vertex 6.65056 4.4294 5
      vertex 6.80137 4.50073 5
    endloop
  endfacet
  facet normal -0.427566 0.903984 0
    outer loop
      vertex 6.65056 4.4294 5
      vertex 6.80137 4.50073 0
      vertex 6.65056 4.4294 0
    endloop
  endfacet
  facet normal -0.67158 0.740932 0
    outer loop
      vertex 7.20208 4.79792 0
      vertex 7.07847 4.68588 5
      vertex 7.20208 4.79792 5
    endloop
  endfacet
  facet normal -0.67158 0.740932 0
    outer loop
      vertex 7.07847 4.68588 5
      vertex 7.20208 4.79792 0
      vertex 7.07847 4.68588 0
    endloop
  endfacet
  facet normal -0.941533 0.336921 0
    outer loop
      vertex 7.57059 5.34944 0
      vertex 7.6268 5.50652 5
      vertex 7.6268 5.50652 0
    endloop
  endfacet
  facet normal -0.941533 0.336921 0
    outer loop
      vertex 7.6268 5.50652 5
      vertex 7.57059 5.34944 0
      vertex 7.57059 5.34944 5
    endloop
  endfacet
  facet normal -0.857715 0.514125 0
    outer loop
      vertex 7.4135 5.05553 0
      vertex 7.49927 5.19862 5
      vertex 7.49927 5.19862 0
    endloop
  endfacet
  facet normal -0.857715 0.514125 0
    outer loop
      vertex 7.49927 5.19862 5
      vertex 7.4135 5.05553 0
      vertex 7.4135 5.05553 5
    endloop
  endfacet
  facet normal -0.0490916 0.998794 0
    outer loop
      vertex 6.16663 4.30819 0
      vertex 6 4.3 5
      vertex 6.16663 4.30819 5
    endloop
  endfacet
  facet normal -0.0490916 0.998794 0
    outer loop
      vertex 6 4.3 5
      vertex 6.16663 4.30819 0
      vertex 6 4.3 0
    endloop
  endfacet
  facet normal 0.336868 0.941552 -0
    outer loop
      vertex 5.50652 4.3732 0
      vertex 5.34944 4.4294 5
      vertex 5.50652 4.3732 5
    endloop
  endfacet
  facet normal 0.336868 0.941552 0
    outer loop
      vertex 5.34944 4.4294 5
      vertex 5.50652 4.3732 0
      vertex 5.34944 4.4294 0
    endloop
  endfacet
  facet normal 0.427543 0.903995 -0
    outer loop
      vertex 5.34944 4.4294 0
      vertex 5.19862 4.50073 5
      vertex 5.34944 4.4294 5
    endloop
  endfacet
  facet normal 0.427543 0.903995 0
    outer loop
      vertex 5.19862 4.50073 5
      vertex 5.34944 4.4294 0
      vertex 5.19862 4.50073 0
    endloop
  endfacet
  facet normal 0.243001 0.970026 -0
    outer loop
      vertex 5.66835 4.33266 0
      vertex 5.50652 4.3732 5
      vertex 5.66835 4.33266 5
    endloop
  endfacet
  facet normal 0.243001 0.970026 0
    outer loop
      vertex 5.50652 4.3732 5
      vertex 5.66835 4.33266 0
      vertex 5.50652 4.3732 0
    endloop
  endfacet
  facet normal 0.146681 0.989184 -0
    outer loop
      vertex 5.83337 4.30819 0
      vertex 5.66835 4.33266 5
      vertex 5.83337 4.30819 5
    endloop
  endfacet
  facet normal 0.146681 0.989184 0
    outer loop
      vertex 5.66835 4.33266 5
      vertex 5.83337 4.30819 0
      vertex 5.66835 4.33266 0
    endloop
  endfacet
  facet normal 0.970026 0.243001 0
    outer loop
      vertex 4.3732 5.50652 5
      vertex 4.33266 5.66835 0
      vertex 4.33266 5.66835 5
    endloop
  endfacet
  facet normal 0.970026 0.243001 0
    outer loop
      vertex 4.33266 5.66835 0
      vertex 4.3732 5.50652 5
      vertex 4.3732 5.50652 0
    endloop
  endfacet
  facet normal 0.903995 0.427543 0
    outer loop
      vertex 4.50073 5.19862 5
      vertex 4.4294 5.34944 0
      vertex 4.4294 5.34944 5
    endloop
  endfacet
  facet normal 0.903995 0.427543 0
    outer loop
      vertex 4.4294 5.34944 0
      vertex 4.50073 5.19862 5
      vertex 4.50073 5.19862 0
    endloop
  endfacet
  facet normal 0.803211 0.595695 0
    outer loop
      vertex 4.68588 4.92153 5
      vertex 4.5865 5.05553 0
      vertex 4.5865 5.05553 5
    endloop
  endfacet
  facet normal 0.803211 0.595695 0
    outer loop
      vertex 4.5865 5.05553 0
      vertex 4.68588 4.92153 5
      vertex 4.68588 4.92153 0
    endloop
  endfacet
  facet normal -0.740932 0.67158 0
    outer loop
      vertex 7.20208 4.79792 0
      vertex 7.31412 4.92153 5
      vertex 7.31412 4.92153 0
    endloop
  endfacet
  facet normal -0.740932 0.67158 0
    outer loop
      vertex 7.31412 4.92153 5
      vertex 7.20208 4.79792 0
      vertex 7.20208 4.79792 5
    endloop
  endfacet
  facet normal -0.595695 0.803211 0
    outer loop
      vertex 7.07847 4.68588 0
      vertex 6.94447 4.5865 5
      vertex 7.07847 4.68588 5
    endloop
  endfacet
  facet normal -0.595695 0.803211 0
    outer loop
      vertex 6.94447 4.5865 5
      vertex 7.07847 4.68588 0
      vertex 6.94447 4.5865 0
    endloop
  endfacet
  facet normal -0.514099 0.857731 0
    outer loop
      vertex 6.94447 4.5865 0
      vertex 6.80137 4.50073 5
      vertex 6.94447 4.5865 5
    endloop
  endfacet
  facet normal -0.514099 0.857731 0
    outer loop
      vertex 6.80137 4.50073 5
      vertex 6.94447 4.5865 0
      vertex 6.80137 4.50073 0
    endloop
  endfacet
  facet normal 0.514125 0.857715 -0
    outer loop
      vertex 5.19862 4.50073 0
      vertex 5.05553 4.5865 5
      vertex 5.19862 4.50073 5
    endloop
  endfacet
  facet normal 0.514125 0.857715 0
    outer loop
      vertex 5.05553 4.5865 5
      vertex 5.19862 4.50073 0
      vertex 5.05553 4.5865 0
    endloop
  endfacet
  facet normal -0.336868 0.941552 0
    outer loop
      vertex 6.65056 4.4294 0
      vertex 6.49348 4.3732 5
      vertex 6.65056 4.4294 5
    endloop
  endfacet
  facet normal -0.336868 0.941552 0
    outer loop
      vertex 6.49348 4.3732 5
      vertex 6.65056 4.4294 0
      vertex 6.49348 4.3732 0
    endloop
  endfacet
  facet normal -0.243001 0.970026 0
    outer loop
      vertex 6.49348 4.3732 0
      vertex 6.33165 4.33266 5
      vertex 6.49348 4.3732 5
    endloop
  endfacet
  facet normal -0.243001 0.970026 0
    outer loop
      vertex 6.33165 4.33266 5
      vertex 6.49348 4.3732 0
      vertex 6.33165 4.33266 0
    endloop
  endfacet
  facet normal -0.998794 -0.0491004 0
    outer loop
      vertex 7.7 40 0
      vertex 7.69181 40.1666 5
      vertex 7.69181 40.1666 0
    endloop
  endfacet
  facet normal -0.998794 -0.0491004 0
    outer loop
      vertex 7.69181 40.1666 5
      vertex 7.7 40 0
      vertex 7.7 40 5
    endloop
  endfacet
  facet normal 0.0491513 -0.998791 0
    outer loop
      vertex 5.83337 41.6918 0
      vertex 6 41.7 5
      vertex 5.83337 41.6918 5
    endloop
  endfacet
  facet normal 0.0491513 -0.998791 0
    outer loop
      vertex 6 41.7 5
      vertex 5.83337 41.6918 0
      vertex 6 41.7 0
    endloop
  endfacet
  facet normal -0.0491513 0.998791 0
    outer loop
      vertex 6.16663 38.3082 0
      vertex 6 38.3 5
      vertex 6.16663 38.3082 5
    endloop
  endfacet
  facet normal -0.0491513 0.998791 0
    outer loop
      vertex 6 38.3 5
      vertex 6.16663 38.3082 0
      vertex 6 38.3 0
    endloop
  endfacet
  facet normal -0.671448 -0.741051 0
    outer loop
      vertex 7.07847 41.3141 0
      vertex 7.20208 41.2021 5
      vertex 7.07847 41.3141 5
    endloop
  endfacet
  facet normal -0.671448 -0.741051 -0
    outer loop
      vertex 7.20208 41.2021 5
      vertex 7.07847 41.3141 0
      vertex 7.20208 41.2021 0
    endloop
  endfacet
  facet normal 0.740905 -0.67161 0
    outer loop
      vertex 4.68588 41.0785 5
      vertex 4.79792 41.2021 0
      vertex 4.79792 41.2021 5
    endloop
  endfacet
  facet normal 0.740905 -0.67161 0
    outer loop
      vertex 4.79792 41.2021 0
      vertex 4.68588 41.0785 5
      vertex 4.68588 41.0785 0
    endloop
  endfacet
  facet normal 0.427396 -0.904065 0
    outer loop
      vertex 5.19862 41.4993 0
      vertex 5.34944 41.5706 5
      vertex 5.19862 41.4993 5
    endloop
  endfacet
  facet normal 0.427396 -0.904065 0
    outer loop
      vertex 5.34944 41.5706 5
      vertex 5.19862 41.4993 0
      vertex 5.34944 41.5706 0
    endloop
  endfacet
  facet normal -0.903996 -0.42754 0
    outer loop
      vertex 7.57059 40.6506 0
      vertex 7.49927 40.8014 5
      vertex 7.49927 40.8014 0
    endloop
  endfacet
  facet normal -0.903996 -0.42754 0
    outer loop
      vertex 7.49927 40.8014 5
      vertex 7.57059 40.6506 0
      vertex 7.57059 40.6506 5
    endloop
  endfacet
  facet normal -0.336868 -0.941552 0
    outer loop
      vertex 6.49348 41.6268 0
      vertex 6.65056 41.5706 5
      vertex 6.49348 41.6268 5
    endloop
  endfacet
  facet normal -0.336868 -0.941552 -0
    outer loop
      vertex 6.65056 41.5706 5
      vertex 6.49348 41.6268 0
      vertex 6.65056 41.5706 0
    endloop
  endfacet
  facet normal -0.514231 -0.857652 0
    outer loop
      vertex 6.80137 41.4993 0
      vertex 6.94447 41.4135 5
      vertex 6.80137 41.4993 5
    endloop
  endfacet
  facet normal -0.514231 -0.857652 -0
    outer loop
      vertex 6.94447 41.4135 5
      vertex 6.80137 41.4993 0
      vertex 6.94447 41.4135 0
    endloop
  endfacet
  facet normal 0.903973 -0.427589 0
    outer loop
      vertex 4.4294 40.6506 5
      vertex 4.50073 40.8014 0
      vertex 4.50073 40.8014 5
    endloop
  endfacet
  facet normal 0.903973 -0.427589 0
    outer loop
      vertex 4.50073 40.8014 0
      vertex 4.4294 40.6506 5
      vertex 4.4294 40.6506 0
    endloop
  endfacet
  facet normal 0.857731 -0.514099 0
    outer loop
      vertex 4.50073 40.8014 5
      vertex 4.5865 40.9445 0
      vertex 4.5865 40.9445 5
    endloop
  endfacet
  facet normal 0.857731 -0.514099 0
    outer loop
      vertex 4.5865 40.9445 0
      vertex 4.50073 40.8014 5
      vertex 4.50073 40.8014 0
    endloop
  endfacet
  facet normal 0.242775 -0.970083 0
    outer loop
      vertex 5.50652 41.6268 0
      vertex 5.66835 41.6673 5
      vertex 5.50652 41.6268 5
    endloop
  endfacet
  facet normal 0.242775 -0.970083 0
    outer loop
      vertex 5.66835 41.6673 5
      vertex 5.50652 41.6268 0
      vertex 5.66835 41.6673 0
    endloop
  endfacet
  facet normal -0.146857 0.989158 0
    outer loop
      vertex 6.33165 38.3327 0
      vertex 6.16663 38.3082 5
      vertex 6.33165 38.3327 5
    endloop
  endfacet
  facet normal -0.146857 0.989158 0
    outer loop
      vertex 6.16663 38.3082 5
      vertex 6.33165 38.3327 0
      vertex 6.16663 38.3082 0
    endloop
  endfacet
  facet normal -0.97003 -0.242987 0
    outer loop
      vertex 7.66733 40.3317 0
      vertex 7.6268 40.4935 5
      vertex 7.6268 40.4935 0
    endloop
  endfacet
  facet normal -0.97003 -0.242987 0
    outer loop
      vertex 7.6268 40.4935 5
      vertex 7.66733 40.3317 0
      vertex 7.66733 40.3317 5
    endloop
  endfacet
  facet normal -0.989185 -0.14667 0
    outer loop
      vertex 7.69181 40.1666 0
      vertex 7.66733 40.3317 5
      vertex 7.66733 40.3317 0
    endloop
  endfacet
  facet normal -0.989185 -0.14667 0
    outer loop
      vertex 7.66733 40.3317 5
      vertex 7.69181 40.1666 0
      vertex 7.69181 40.1666 5
    endloop
  endfacet
  facet normal -0.941546 -0.336883 0
    outer loop
      vertex 7.6268 40.4935 0
      vertex 7.57059 40.6506 5
      vertex 7.57059 40.6506 0
    endloop
  endfacet
  facet normal -0.941546 -0.336883 0
    outer loop
      vertex 7.57059 40.6506 5
      vertex 7.6268 40.4935 0
      vertex 7.6268 40.4935 5
    endloop
  endfacet
  facet normal -0.803211 -0.595695 0
    outer loop
      vertex 7.4135 40.9445 0
      vertex 7.31412 41.0785 5
      vertex 7.31412 41.0785 0
    endloop
  endfacet
  facet normal -0.803211 -0.595695 0
    outer loop
      vertex 7.31412 41.0785 5
      vertex 7.4135 40.9445 0
      vertex 7.4135 40.9445 5
    endloop
  endfacet
  facet normal -0.740905 -0.67161 0
    outer loop
      vertex 7.31412 41.0785 0
      vertex 7.20208 41.2021 5
      vertex 7.20208 41.2021 0
    endloop
  endfacet
  facet normal -0.740905 -0.67161 0
    outer loop
      vertex 7.20208 41.2021 5
      vertex 7.31412 41.0785 0
      vertex 7.31412 41.0785 5
    endloop
  endfacet
  facet normal -0.857731 -0.514099 0
    outer loop
      vertex 7.49927 40.8014 0
      vertex 7.4135 40.9445 5
      vertex 7.4135 40.9445 0
    endloop
  endfacet
  facet normal -0.857731 -0.514099 0
    outer loop
      vertex 7.4135 40.9445 5
      vertex 7.49927 40.8014 0
      vertex 7.49927 40.8014 5
    endloop
  endfacet
  facet normal -0.146857 -0.989158 0
    outer loop
      vertex 6.16663 41.6918 0
      vertex 6.33165 41.6673 5
      vertex 6.16663 41.6918 5
    endloop
  endfacet
  facet normal -0.146857 -0.989158 -0
    outer loop
      vertex 6.33165 41.6673 5
      vertex 6.16663 41.6918 0
      vertex 6.33165 41.6673 0
    endloop
  endfacet
  facet normal -0.0491513 -0.998791 0
    outer loop
      vertex 6 41.7 0
      vertex 6.16663 41.6918 5
      vertex 6 41.7 5
    endloop
  endfacet
  facet normal -0.0491513 -0.998791 -0
    outer loop
      vertex 6.16663 41.6918 5
      vertex 6 41.7 0
      vertex 6.16663 41.6918 0
    endloop
  endfacet
  facet normal -0.595772 -0.803154 0
    outer loop
      vertex 6.94447 41.4135 0
      vertex 7.07847 41.3141 5
      vertex 6.94447 41.4135 5
    endloop
  endfacet
  facet normal -0.595772 -0.803154 -0
    outer loop
      vertex 7.07847 41.3141 5
      vertex 6.94447 41.4135 0
      vertex 7.07847 41.3141 0
    endloop
  endfacet
  facet normal 0.989194 -0.146612 0
    outer loop
      vertex 4.30819 40.1666 5
      vertex 4.33266 40.3317 0
      vertex 4.33266 40.3317 5
    endloop
  endfacet
  facet normal 0.989194 -0.146612 0
    outer loop
      vertex 4.33266 40.3317 0
      vertex 4.30819 40.1666 5
      vertex 4.30819 40.1666 0
    endloop
  endfacet
  facet normal 0.803211 -0.595695 0
    outer loop
      vertex 4.5865 40.9445 5
      vertex 4.68588 41.0785 0
      vertex 4.68588 41.0785 5
    endloop
  endfacet
  facet normal 0.803211 -0.595695 0
    outer loop
      vertex 4.68588 41.0785 0
      vertex 4.5865 40.9445 5
      vertex 4.5865 40.9445 0
    endloop
  endfacet
  facet normal 0.941566 -0.33683 0
    outer loop
      vertex 4.3732 40.4935 5
      vertex 4.4294 40.6506 0
      vertex 4.4294 40.6506 5
    endloop
  endfacet
  facet normal 0.941566 -0.33683 0
    outer loop
      vertex 4.4294 40.6506 0
      vertex 4.3732 40.4935 5
      vertex 4.3732 40.4935 0
    endloop
  endfacet
  facet normal 0.970015 -0.243043 0
    outer loop
      vertex 4.33266 40.3317 5
      vertex 4.3732 40.4935 0
      vertex 4.3732 40.4935 5
    endloop
  endfacet
  facet normal 0.970015 -0.243043 0
    outer loop
      vertex 4.3732 40.4935 0
      vertex 4.33266 40.3317 5
      vertex 4.33266 40.3317 0
    endloop
  endfacet
  facet normal 0.998794 -0.0491004 0
    outer loop
      vertex 4.3 40 5
      vertex 4.30819 40.1666 0
      vertex 4.30819 40.1666 5
    endloop
  endfacet
  facet normal 0.998794 -0.0491004 0
    outer loop
      vertex 4.30819 40.1666 0
      vertex 4.3 40 5
      vertex 4.3 40 0
    endloop
  endfacet
  facet normal 0.514258 -0.857636 0
    outer loop
      vertex 5.05553 41.4135 0
      vertex 5.19862 41.4993 5
      vertex 5.05553 41.4135 5
    endloop
  endfacet
  facet normal 0.514258 -0.857636 0
    outer loop
      vertex 5.19862 41.4993 5
      vertex 5.05553 41.4135 0
      vertex 5.19862 41.4993 0
    endloop
  endfacet
  facet normal 0.595772 -0.803154 0
    outer loop
      vertex 4.92153 41.3141 0
      vertex 5.05553 41.4135 5
      vertex 4.92153 41.3141 5
    endloop
  endfacet
  facet normal 0.595772 -0.803154 0
    outer loop
      vertex 5.05553 41.4135 5
      vertex 4.92153 41.3141 0
      vertex 5.05553 41.4135 0
    endloop
  endfacet
  facet normal 0.671448 -0.741051 0
    outer loop
      vertex 4.79792 41.2021 0
      vertex 4.92153 41.3141 5
      vertex 4.79792 41.2021 5
    endloop
  endfacet
  facet normal 0.671448 -0.741051 0
    outer loop
      vertex 4.92153 41.3141 5
      vertex 4.79792 41.2021 0
      vertex 4.92153 41.3141 0
    endloop
  endfacet
  facet normal 0.146857 -0.989158 0
    outer loop
      vertex 5.66835 41.6673 0
      vertex 5.83337 41.6918 5
      vertex 5.66835 41.6673 5
    endloop
  endfacet
  facet normal 0.146857 -0.989158 0
    outer loop
      vertex 5.83337 41.6918 5
      vertex 5.66835 41.6673 0
      vertex 5.83337 41.6918 0
    endloop
  endfacet
  facet normal -0.998794 0.0491004 0
    outer loop
      vertex 7.69181 39.8334 0
      vertex 7.7 40 5
      vertex 7.7 40 0
    endloop
  endfacet
  facet normal -0.998794 0.0491004 0
    outer loop
      vertex 7.7 40 5
      vertex 7.69181 39.8334 0
      vertex 7.69181 39.8334 5
    endloop
  endfacet
  facet normal -0.989185 0.14667 0
    outer loop
      vertex 7.66733 39.6683 0
      vertex 7.69181 39.8334 5
      vertex 7.69181 39.8334 0
    endloop
  endfacet
  facet normal -0.989185 0.14667 0
    outer loop
      vertex 7.69181 39.8334 5
      vertex 7.66733 39.6683 0
      vertex 7.66733 39.6683 5
    endloop
  endfacet
  facet normal -0.740905 0.67161 0
    outer loop
      vertex 7.20208 38.7979 0
      vertex 7.31412 38.9215 5
      vertex 7.31412 38.9215 0
    endloop
  endfacet
  facet normal -0.740905 0.67161 0
    outer loop
      vertex 7.31412 38.9215 5
      vertex 7.20208 38.7979 0
      vertex 7.20208 38.7979 5
    endloop
  endfacet
  facet normal -0.427419 0.904054 0
    outer loop
      vertex 6.80137 38.5007 0
      vertex 6.65056 38.4294 5
      vertex 6.80137 38.5007 5
    endloop
  endfacet
  facet normal -0.427419 0.904054 0
    outer loop
      vertex 6.65056 38.4294 5
      vertex 6.80137 38.5007 0
      vertex 6.65056 38.4294 0
    endloop
  endfacet
  facet normal -0.242775 -0.970083 0
    outer loop
      vertex 6.33165 41.6673 0
      vertex 6.49348 41.6268 5
      vertex 6.33165 41.6673 5
    endloop
  endfacet
  facet normal -0.242775 -0.970083 -0
    outer loop
      vertex 6.49348 41.6268 5
      vertex 6.33165 41.6673 0
      vertex 6.49348 41.6268 0
    endloop
  endfacet
  facet normal -0.427419 -0.904054 0
    outer loop
      vertex 6.65056 41.5706 0
      vertex 6.80137 41.4993 5
      vertex 6.65056 41.5706 5
    endloop
  endfacet
  facet normal -0.427419 -0.904054 -0
    outer loop
      vertex 6.80137 41.4993 5
      vertex 6.65056 41.5706 0
      vertex 6.80137 41.4993 0
    endloop
  endfacet
  facet normal 0.998794 0.0491004 0
    outer loop
      vertex 4.30819 39.8334 5
      vertex 4.3 40 0
      vertex 4.3 40 5
    endloop
  endfacet
  facet normal 0.998794 0.0491004 0
    outer loop
      vertex 4.3 40 0
      vertex 4.30819 39.8334 5
      vertex 4.30819 39.8334 0
    endloop
  endfacet
  facet normal 0.336868 -0.941552 0
    outer loop
      vertex 5.34944 41.5706 0
      vertex 5.50652 41.6268 5
      vertex 5.34944 41.5706 5
    endloop
  endfacet
  facet normal 0.336868 -0.941552 0
    outer loop
      vertex 5.50652 41.6268 5
      vertex 5.34944 41.5706 0
      vertex 5.50652 41.6268 0
    endloop
  endfacet
  facet normal -0.97003 0.242987 0
    outer loop
      vertex 7.6268 39.5065 0
      vertex 7.66733 39.6683 5
      vertex 7.66733 39.6683 0
    endloop
  endfacet
  facet normal -0.97003 0.242987 0
    outer loop
      vertex 7.66733 39.6683 5
      vertex 7.6268 39.5065 0
      vertex 7.6268 39.5065 5
    endloop
  endfacet
  facet normal -0.671448 0.741051 0
    outer loop
      vertex 7.20208 38.7979 0
      vertex 7.07847 38.6859 5
      vertex 7.20208 38.7979 5
    endloop
  endfacet
  facet normal -0.671448 0.741051 0
    outer loop
      vertex 7.07847 38.6859 5
      vertex 7.20208 38.7979 0
      vertex 7.07847 38.6859 0
    endloop
  endfacet
  facet normal -0.941546 0.336883 0
    outer loop
      vertex 7.57059 39.3494 0
      vertex 7.6268 39.5065 5
      vertex 7.6268 39.5065 0
    endloop
  endfacet
  facet normal -0.941546 0.336883 0
    outer loop
      vertex 7.6268 39.5065 5
      vertex 7.57059 39.3494 0
      vertex 7.57059 39.3494 5
    endloop
  endfacet
  facet normal -0.903996 0.42754 0
    outer loop
      vertex 7.49927 39.1986 0
      vertex 7.57059 39.3494 5
      vertex 7.57059 39.3494 0
    endloop
  endfacet
  facet normal -0.903996 0.42754 0
    outer loop
      vertex 7.57059 39.3494 5
      vertex 7.49927 39.1986 0
      vertex 7.49927 39.1986 5
    endloop
  endfacet
  facet normal -0.803211 0.595695 0
    outer loop
      vertex 7.31412 38.9215 0
      vertex 7.4135 39.0555 5
      vertex 7.4135 39.0555 0
    endloop
  endfacet
  facet normal -0.803211 0.595695 0
    outer loop
      vertex 7.4135 39.0555 5
      vertex 7.31412 38.9215 0
      vertex 7.31412 38.9215 5
    endloop
  endfacet
  facet normal 0.740905 0.67161 0
    outer loop
      vertex 4.79792 38.7979 5
      vertex 4.68588 38.9215 0
      vertex 4.68588 38.9215 5
    endloop
  endfacet
  facet normal 0.740905 0.67161 0
    outer loop
      vertex 4.68588 38.9215 0
      vertex 4.79792 38.7979 5
      vertex 4.79792 38.7979 0
    endloop
  endfacet
  facet normal 0.857731 0.514099 0
    outer loop
      vertex 4.5865 39.0555 5
      vertex 4.50073 39.1986 0
      vertex 4.50073 39.1986 5
    endloop
  endfacet
  facet normal 0.857731 0.514099 0
    outer loop
      vertex 4.50073 39.1986 0
      vertex 4.5865 39.0555 5
      vertex 4.5865 39.0555 0
    endloop
  endfacet
  facet normal 0.803211 0.595695 0
    outer loop
      vertex 4.68588 38.9215 5
      vertex 4.5865 39.0555 0
      vertex 4.5865 39.0555 5
    endloop
  endfacet
  facet normal 0.803211 0.595695 0
    outer loop
      vertex 4.5865 39.0555 0
      vertex 4.68588 38.9215 5
      vertex 4.68588 38.9215 0
    endloop
  endfacet
  facet normal 0.941566 0.33683 0
    outer loop
      vertex 4.4294 39.3494 5
      vertex 4.3732 39.5065 0
      vertex 4.3732 39.5065 5
    endloop
  endfacet
  facet normal 0.941566 0.33683 0
    outer loop
      vertex 4.3732 39.5065 0
      vertex 4.4294 39.3494 5
      vertex 4.4294 39.3494 0
    endloop
  endfacet
  facet normal 0.989194 0.146612 0
    outer loop
      vertex 4.33266 39.6683 5
      vertex 4.30819 39.8334 0
      vertex 4.30819 39.8334 5
    endloop
  endfacet
  facet normal 0.989194 0.146612 0
    outer loop
      vertex 4.30819 39.8334 0
      vertex 4.33266 39.6683 5
      vertex 4.33266 39.6683 0
    endloop
  endfacet
  facet normal -0.514231 0.857652 0
    outer loop
      vertex 6.94447 38.5865 0
      vertex 6.80137 38.5007 5
      vertex 6.94447 38.5865 5
    endloop
  endfacet
  facet normal -0.514231 0.857652 0
    outer loop
      vertex 6.80137 38.5007 5
      vertex 6.94447 38.5865 0
      vertex 6.80137 38.5007 0
    endloop
  endfacet
  facet normal -0.595772 0.803154 0
    outer loop
      vertex 7.07847 38.6859 0
      vertex 6.94447 38.5865 5
      vertex 7.07847 38.6859 5
    endloop
  endfacet
  facet normal -0.595772 0.803154 0
    outer loop
      vertex 6.94447 38.5865 5
      vertex 7.07847 38.6859 0
      vertex 6.94447 38.5865 0
    endloop
  endfacet
  facet normal -0.857731 0.514099 0
    outer loop
      vertex 7.4135 39.0555 0
      vertex 7.49927 39.1986 5
      vertex 7.49927 39.1986 0
    endloop
  endfacet
  facet normal -0.857731 0.514099 0
    outer loop
      vertex 7.49927 39.1986 5
      vertex 7.4135 39.0555 0
      vertex 7.4135 39.0555 5
    endloop
  endfacet
  facet normal 0.0491513 0.998791 -0
    outer loop
      vertex 6 38.3 0
      vertex 5.83337 38.3082 5
      vertex 6 38.3 5
    endloop
  endfacet
  facet normal 0.0491513 0.998791 0
    outer loop
      vertex 5.83337 38.3082 5
      vertex 6 38.3 0
      vertex 5.83337 38.3082 0
    endloop
  endfacet
  facet normal 0.427396 0.904065 -0
    outer loop
      vertex 5.34944 38.4294 0
      vertex 5.19862 38.5007 5
      vertex 5.34944 38.4294 5
    endloop
  endfacet
  facet normal 0.427396 0.904065 0
    outer loop
      vertex 5.19862 38.5007 5
      vertex 5.34944 38.4294 0
      vertex 5.19862 38.5007 0
    endloop
  endfacet
  facet normal 0.146857 0.989158 -0
    outer loop
      vertex 5.83337 38.3082 0
      vertex 5.66835 38.3327 5
      vertex 5.83337 38.3082 5
    endloop
  endfacet
  facet normal 0.146857 0.989158 0
    outer loop
      vertex 5.66835 38.3327 5
      vertex 5.83337 38.3082 0
      vertex 5.66835 38.3327 0
    endloop
  endfacet
  facet normal 0.671448 0.741051 -0
    outer loop
      vertex 4.92153 38.6859 0
      vertex 4.79792 38.7979 5
      vertex 4.92153 38.6859 5
    endloop
  endfacet
  facet normal 0.671448 0.741051 0
    outer loop
      vertex 4.79792 38.7979 5
      vertex 4.92153 38.6859 0
      vertex 4.79792 38.7979 0
    endloop
  endfacet
  facet normal 0.903973 0.427589 0
    outer loop
      vertex 4.50073 39.1986 5
      vertex 4.4294 39.3494 0
      vertex 4.4294 39.3494 5
    endloop
  endfacet
  facet normal 0.903973 0.427589 0
    outer loop
      vertex 4.4294 39.3494 0
      vertex 4.50073 39.1986 5
      vertex 4.50073 39.1986 0
    endloop
  endfacet
  facet normal 0.970015 0.243043 0
    outer loop
      vertex 4.3732 39.5065 5
      vertex 4.33266 39.6683 0
      vertex 4.33266 39.6683 5
    endloop
  endfacet
  facet normal 0.970015 0.243043 0
    outer loop
      vertex 4.33266 39.6683 0
      vertex 4.3732 39.5065 5
      vertex 4.3732 39.5065 0
    endloop
  endfacet
  facet normal 0.595772 0.803154 -0
    outer loop
      vertex 5.05553 38.5865 0
      vertex 4.92153 38.6859 5
      vertex 5.05553 38.5865 5
    endloop
  endfacet
  facet normal 0.595772 0.803154 0
    outer loop
      vertex 4.92153 38.6859 5
      vertex 5.05553 38.5865 0
      vertex 4.92153 38.6859 0
    endloop
  endfacet
  facet normal 0.242775 0.970083 -0
    outer loop
      vertex 5.66835 38.3327 0
      vertex 5.50652 38.3732 5
      vertex 5.66835 38.3327 5
    endloop
  endfacet
  facet normal 0.242775 0.970083 0
    outer loop
      vertex 5.50652 38.3732 5
      vertex 5.66835 38.3327 0
      vertex 5.50652 38.3732 0
    endloop
  endfacet
  facet normal -0.336868 0.941552 0
    outer loop
      vertex 6.65056 38.4294 0
      vertex 6.49348 38.3732 5
      vertex 6.65056 38.4294 5
    endloop
  endfacet
  facet normal -0.336868 0.941552 0
    outer loop
      vertex 6.49348 38.3732 5
      vertex 6.65056 38.4294 0
      vertex 6.49348 38.3732 0
    endloop
  endfacet
  facet normal -0.242775 0.970083 0
    outer loop
      vertex 6.49348 38.3732 0
      vertex 6.33165 38.3327 5
      vertex 6.49348 38.3732 5
    endloop
  endfacet
  facet normal -0.242775 0.970083 0
    outer loop
      vertex 6.33165 38.3327 5
      vertex 6.49348 38.3732 0
      vertex 6.33165 38.3327 0
    endloop
  endfacet
  facet normal 0.514258 0.857636 -0
    outer loop
      vertex 5.19862 38.5007 0
      vertex 5.05553 38.5865 5
      vertex 5.19862 38.5007 5
    endloop
  endfacet
  facet normal 0.514258 0.857636 0
    outer loop
      vertex 5.05553 38.5865 5
      vertex 5.19862 38.5007 0
      vertex 5.05553 38.5865 0
    endloop
  endfacet
  facet normal 0.336868 0.941552 -0
    outer loop
      vertex 5.50652 38.3732 0
      vertex 5.34944 38.4294 5
      vertex 5.50652 38.3732 5
    endloop
  endfacet
  facet normal 0.336868 0.941552 0
    outer loop
      vertex 5.34944 38.4294 5
      vertex 5.50652 38.3732 0
      vertex 5.34944 38.4294 0
    endloop
  endfacet
  facet normal -0.998791 -0.0491513 0
    outer loop
      vertex 65.7 6 0
      vertex 65.6918 6.16663 5
      vertex 65.6918 6.16663 0
    endloop
  endfacet
  facet normal -0.998791 -0.0491513 0
    outer loop
      vertex 65.6918 6.16663 5
      vertex 65.7 6 0
      vertex 65.7 6 5
    endloop
  endfacet
  facet normal 0.0491004 -0.998794 0
    outer loop
      vertex 63.8334 7.69181 0
      vertex 64 7.7 5
      vertex 63.8334 7.69181 5
    endloop
  endfacet
  facet normal 0.0491004 -0.998794 0
    outer loop
      vertex 64 7.7 5
      vertex 63.8334 7.69181 0
      vertex 64 7.7 0
    endloop
  endfacet
  facet normal -0.0491004 0.998794 0
    outer loop
      vertex 64.1666 4.30819 0
      vertex 64 4.3 5
      vertex 64.1666 4.30819 5
    endloop
  endfacet
  facet normal -0.0491004 0.998794 0
    outer loop
      vertex 64 4.3 5
      vertex 64.1666 4.30819 0
      vertex 64 4.3 0
    endloop
  endfacet
  facet normal -0.67161 -0.740905 0
    outer loop
      vertex 65.0785 7.31412 0
      vertex 65.2021 7.20208 5
      vertex 65.0785 7.31412 5
    endloop
  endfacet
  facet normal -0.67161 -0.740905 -0
    outer loop
      vertex 65.2021 7.20208 5
      vertex 65.0785 7.31412 0
      vertex 65.2021 7.20208 0
    endloop
  endfacet
  facet normal 0.741051 -0.671448 0
    outer loop
      vertex 62.6859 7.07847 5
      vertex 62.7979 7.20208 0
      vertex 62.7979 7.20208 5
    endloop
  endfacet
  facet normal 0.741051 -0.671448 0
    outer loop
      vertex 62.7979 7.20208 0
      vertex 62.6859 7.07847 5
      vertex 62.6859 7.07847 0
    endloop
  endfacet
  facet normal 0.42754 -0.903996 0
    outer loop
      vertex 63.1986 7.49927 0
      vertex 63.3494 7.57059 5
      vertex 63.1986 7.49927 5
    endloop
  endfacet
  facet normal 0.42754 -0.903996 0
    outer loop
      vertex 63.3494 7.57059 5
      vertex 63.1986 7.49927 0
      vertex 63.3494 7.57059 0
    endloop
  endfacet
  facet normal -0.904054 -0.427419 0
    outer loop
      vertex 65.5706 6.65056 0
      vertex 65.4993 6.80137 5
      vertex 65.4993 6.80137 0
    endloop
  endfacet
  facet normal -0.904054 -0.427419 0
    outer loop
      vertex 65.4993 6.80137 5
      vertex 65.5706 6.65056 0
      vertex 65.5706 6.65056 5
    endloop
  endfacet
  facet normal -0.336883 -0.941546 0
    outer loop
      vertex 64.4935 7.6268 0
      vertex 64.6506 7.57059 5
      vertex 64.4935 7.6268 5
    endloop
  endfacet
  facet normal -0.336883 -0.941546 -0
    outer loop
      vertex 64.6506 7.57059 5
      vertex 64.4935 7.6268 0
      vertex 64.6506 7.57059 0
    endloop
  endfacet
  facet normal -0.514099 -0.857731 0
    outer loop
      vertex 64.8014 7.49927 0
      vertex 64.9445 7.4135 5
      vertex 64.8014 7.49927 5
    endloop
  endfacet
  facet normal -0.514099 -0.857731 -0
    outer loop
      vertex 64.9445 7.4135 5
      vertex 64.8014 7.49927 0
      vertex 64.9445 7.4135 0
    endloop
  endfacet
  facet normal 0.904054 -0.427419 0
    outer loop
      vertex 62.4294 6.65056 5
      vertex 62.5007 6.80137 0
      vertex 62.5007 6.80137 5
    endloop
  endfacet
  facet normal 0.904054 -0.427419 0
    outer loop
      vertex 62.5007 6.80137 0
      vertex 62.4294 6.65056 5
      vertex 62.4294 6.65056 0
    endloop
  endfacet
  facet normal 0.857652 -0.514231 0
    outer loop
      vertex 62.5007 6.80137 5
      vertex 62.5865 6.94447 0
      vertex 62.5865 6.94447 5
    endloop
  endfacet
  facet normal 0.857652 -0.514231 0
    outer loop
      vertex 62.5865 6.94447 0
      vertex 62.5007 6.80137 5
      vertex 62.5007 6.80137 0
    endloop
  endfacet
  facet normal 0.242987 -0.97003 0
    outer loop
      vertex 63.5065 7.6268 0
      vertex 63.6683 7.66733 5
      vertex 63.5065 7.6268 5
    endloop
  endfacet
  facet normal 0.242987 -0.97003 0
    outer loop
      vertex 63.6683 7.66733 5
      vertex 63.5065 7.6268 0
      vertex 63.6683 7.66733 0
    endloop
  endfacet
  facet normal -0.146699 0.989181 0
    outer loop
      vertex 64.3316 4.33266 0
      vertex 64.1666 4.30819 5
      vertex 64.3316 4.33266 5
    endloop
  endfacet
  facet normal -0.146699 0.989181 0
    outer loop
      vertex 64.1666 4.30819 5
      vertex 64.3316 4.33266 0
      vertex 64.1666 4.30819 0
    endloop
  endfacet
  facet normal -0.970083 -0.242775 0
    outer loop
      vertex 65.6673 6.33165 0
      vertex 65.6268 6.49348 5
      vertex 65.6268 6.49348 0
    endloop
  endfacet
  facet normal -0.970083 -0.242775 0
    outer loop
      vertex 65.6268 6.49348 5
      vertex 65.6673 6.33165 0
      vertex 65.6673 6.33165 5
    endloop
  endfacet
  facet normal -0.989158 -0.146857 0
    outer loop
      vertex 65.6918 6.16663 0
      vertex 65.6673 6.33165 5
      vertex 65.6673 6.33165 0
    endloop
  endfacet
  facet normal -0.989158 -0.146857 0
    outer loop
      vertex 65.6673 6.33165 5
      vertex 65.6918 6.16663 0
      vertex 65.6918 6.16663 5
    endloop
  endfacet
  facet normal -0.941552 -0.336868 0
    outer loop
      vertex 65.6268 6.49348 0
      vertex 65.5706 6.65056 5
      vertex 65.5706 6.65056 0
    endloop
  endfacet
  facet normal -0.941552 -0.336868 0
    outer loop
      vertex 65.5706 6.65056 5
      vertex 65.6268 6.49348 0
      vertex 65.6268 6.49348 5
    endloop
  endfacet
  facet normal -0.803154 -0.595772 0
    outer loop
      vertex 65.4135 6.94447 0
      vertex 65.3141 7.07847 5
      vertex 65.3141 7.07847 0
    endloop
  endfacet
  facet normal -0.803154 -0.595772 0
    outer loop
      vertex 65.3141 7.07847 5
      vertex 65.4135 6.94447 0
      vertex 65.4135 6.94447 5
    endloop
  endfacet
  facet normal -0.741051 -0.671448 0
    outer loop
      vertex 65.3141 7.07847 0
      vertex 65.2021 7.20208 5
      vertex 65.2021 7.20208 0
    endloop
  endfacet
  facet normal -0.741051 -0.671448 0
    outer loop
      vertex 65.2021 7.20208 5
      vertex 65.3141 7.07847 0
      vertex 65.3141 7.07847 5
    endloop
  endfacet
  facet normal -0.146757 -0.989173 0
    outer loop
      vertex 64.1666 7.69181 0
      vertex 64.3316 7.66733 5
      vertex 64.1666 7.69181 5
    endloop
  endfacet
  facet normal -0.146757 -0.989173 -0
    outer loop
      vertex 64.3316 7.66733 5
      vertex 64.1666 7.69181 0
      vertex 64.3316 7.66733 0
    endloop
  endfacet
  facet normal -0.0491004 -0.998794 0
    outer loop
      vertex 64 7.7 0
      vertex 64.1666 7.69181 5
      vertex 64 7.7 5
    endloop
  endfacet
  facet normal -0.0491004 -0.998794 -0
    outer loop
      vertex 64.1666 7.69181 5
      vertex 64 7.7 0
      vertex 64.1666 7.69181 0
    endloop
  endfacet
  facet normal -0.595695 -0.803211 0
    outer loop
      vertex 64.9445 7.4135 0
      vertex 65.0785 7.31412 5
      vertex 64.9445 7.4135 5
    endloop
  endfacet
  facet normal -0.595695 -0.803211 -0
    outer loop
      vertex 65.0785 7.31412 5
      vertex 64.9445 7.4135 0
      vertex 65.0785 7.31412 0
    endloop
  endfacet
  facet normal 0.989158 -0.146857 0
    outer loop
      vertex 62.3082 6.16663 5
      vertex 62.3327 6.33165 0
      vertex 62.3327 6.33165 5
    endloop
  endfacet
  facet normal 0.989158 -0.146857 0
    outer loop
      vertex 62.3327 6.33165 0
      vertex 62.3082 6.16663 5
      vertex 62.3082 6.16663 0
    endloop
  endfacet
  facet normal 0.941552 -0.336868 0
    outer loop
      vertex 62.3732 6.49348 5
      vertex 62.4294 6.65056 0
      vertex 62.4294 6.65056 5
    endloop
  endfacet
  facet normal 0.941552 -0.336868 0
    outer loop
      vertex 62.4294 6.65056 0
      vertex 62.3732 6.49348 5
      vertex 62.3732 6.49348 0
    endloop
  endfacet
  facet normal 0.998791 -0.0491513 0
    outer loop
      vertex 62.3 6 5
      vertex 62.3082 6.16663 0
      vertex 62.3082 6.16663 5
    endloop
  endfacet
  facet normal 0.998791 -0.0491513 0
    outer loop
      vertex 62.3082 6.16663 0
      vertex 62.3 6 5
      vertex 62.3 6 0
    endloop
  endfacet
  facet normal 0.595695 -0.803211 0
    outer loop
      vertex 62.9215 7.31412 0
      vertex 63.0555 7.4135 5
      vertex 62.9215 7.31412 5
    endloop
  endfacet
  facet normal 0.595695 -0.803211 0
    outer loop
      vertex 63.0555 7.4135 5
      vertex 62.9215 7.31412 0
      vertex 63.0555 7.4135 0
    endloop
  endfacet
  facet normal 0.336883 -0.941546 0
    outer loop
      vertex 63.3494 7.57059 0
      vertex 63.5065 7.6268 5
      vertex 63.3494 7.57059 5
    endloop
  endfacet
  facet normal 0.336883 -0.941546 0
    outer loop
      vertex 63.5065 7.6268 5
      vertex 63.3494 7.57059 0
      vertex 63.5065 7.6268 0
    endloop
  endfacet
  facet normal 0.14667 -0.989185 0
    outer loop
      vertex 63.6683 7.66733 0
      vertex 63.8334 7.69181 5
      vertex 63.6683 7.66733 5
    endloop
  endfacet
  facet normal 0.14667 -0.989185 0
    outer loop
      vertex 63.8334 7.69181 5
      vertex 63.6683 7.66733 0
      vertex 63.8334 7.69181 0
    endloop
  endfacet
  facet normal -0.998791 0.0491513 0
    outer loop
      vertex 65.6918 5.83337 0
      vertex 65.7 6 5
      vertex 65.7 6 0
    endloop
  endfacet
  facet normal -0.998791 0.0491513 0
    outer loop
      vertex 65.7 6 5
      vertex 65.6918 5.83337 0
      vertex 65.6918 5.83337 5
    endloop
  endfacet
  facet normal -0.741051 0.671448 0
    outer loop
      vertex 65.2021 4.79792 0
      vertex 65.3141 4.92153 5
      vertex 65.3141 4.92153 0
    endloop
  endfacet
  facet normal -0.741051 0.671448 0
    outer loop
      vertex 65.3141 4.92153 5
      vertex 65.2021 4.79792 0
      vertex 65.2021 4.79792 5
    endloop
  endfacet
  facet normal 0.33683 0.941566 -0
    outer loop
      vertex 63.5065 4.3732 0
      vertex 63.3494 4.4294 5
      vertex 63.5065 4.3732 5
    endloop
  endfacet
  facet normal 0.33683 0.941566 0
    outer loop
      vertex 63.3494 4.4294 5
      vertex 63.5065 4.3732 0
      vertex 63.3494 4.4294 0
    endloop
  endfacet
  facet normal 0.741051 0.671448 0
    outer loop
      vertex 62.7979 4.79792 5
      vertex 62.6859 4.92153 0
      vertex 62.6859 4.92153 5
    endloop
  endfacet
  facet normal 0.741051 0.671448 0
    outer loop
      vertex 62.6859 4.92153 0
      vertex 62.7979 4.79792 5
      vertex 62.7979 4.79792 0
    endloop
  endfacet
  facet normal -0.427589 0.903973 0
    outer loop
      vertex 64.8014 4.50073 0
      vertex 64.6506 4.4294 5
      vertex 64.8014 4.50073 5
    endloop
  endfacet
  facet normal -0.427589 0.903973 0
    outer loop
      vertex 64.6506 4.4294 5
      vertex 64.8014 4.50073 0
      vertex 64.6506 4.4294 0
    endloop
  endfacet
  facet normal -0.857652 -0.514231 0
    outer loop
      vertex 65.4993 6.80137 0
      vertex 65.4135 6.94447 5
      vertex 65.4135 6.94447 0
    endloop
  endfacet
  facet normal -0.857652 -0.514231 0
    outer loop
      vertex 65.4135 6.94447 5
      vertex 65.4993 6.80137 0
      vertex 65.4993 6.80137 5
    endloop
  endfacet
  facet normal -0.242846 -0.970065 0
    outer loop
      vertex 64.3316 7.66733 0
      vertex 64.4935 7.6268 5
      vertex 64.3316 7.66733 5
    endloop
  endfacet
  facet normal -0.242846 -0.970065 -0
    outer loop
      vertex 64.4935 7.6268 5
      vertex 64.3316 7.66733 0
      vertex 64.4935 7.6268 0
    endloop
  endfacet
  facet normal -0.42754 -0.903996 0
    outer loop
      vertex 64.6506 7.57059 0
      vertex 64.8014 7.49927 5
      vertex 64.6506 7.57059 5
    endloop
  endfacet
  facet normal -0.42754 -0.903996 -0
    outer loop
      vertex 64.8014 7.49927 5
      vertex 64.6506 7.57059 0
      vertex 64.8014 7.49927 0
    endloop
  endfacet
  facet normal 0.803154 -0.595772 0
    outer loop
      vertex 62.5865 6.94447 5
      vertex 62.6859 7.07847 0
      vertex 62.6859 7.07847 5
    endloop
  endfacet
  facet normal 0.803154 -0.595772 0
    outer loop
      vertex 62.6859 7.07847 0
      vertex 62.5865 6.94447 5
      vertex 62.5865 6.94447 0
    endloop
  endfacet
  facet normal 0.970083 -0.242775 0
    outer loop
      vertex 62.3327 6.33165 5
      vertex 62.3732 6.49348 0
      vertex 62.3732 6.49348 5
    endloop
  endfacet
  facet normal 0.970083 -0.242775 0
    outer loop
      vertex 62.3732 6.49348 0
      vertex 62.3327 6.33165 5
      vertex 62.3327 6.33165 0
    endloop
  endfacet
  facet normal 0.998791 0.0491513 0
    outer loop
      vertex 62.3082 5.83337 5
      vertex 62.3 6 0
      vertex 62.3 6 5
    endloop
  endfacet
  facet normal 0.998791 0.0491513 0
    outer loop
      vertex 62.3 6 0
      vertex 62.3082 5.83337 5
      vertex 62.3082 5.83337 0
    endloop
  endfacet
  facet normal 0.67161 -0.740905 0
    outer loop
      vertex 62.7979 7.20208 0
      vertex 62.9215 7.31412 5
      vertex 62.7979 7.20208 5
    endloop
  endfacet
  facet normal 0.67161 -0.740905 0
    outer loop
      vertex 62.9215 7.31412 5
      vertex 62.7979 7.20208 0
      vertex 62.9215 7.31412 0
    endloop
  endfacet
  facet normal 0.514099 -0.857731 0
    outer loop
      vertex 63.0555 7.4135 0
      vertex 63.1986 7.49927 5
      vertex 63.0555 7.4135 5
    endloop
  endfacet
  facet normal 0.514099 -0.857731 0
    outer loop
      vertex 63.1986 7.49927 5
      vertex 63.0555 7.4135 0
      vertex 63.1986 7.49927 0
    endloop
  endfacet
  facet normal -0.970083 0.242775 0
    outer loop
      vertex 65.6268 5.50652 0
      vertex 65.6673 5.66835 5
      vertex 65.6673 5.66835 0
    endloop
  endfacet
  facet normal -0.970083 0.242775 0
    outer loop
      vertex 65.6673 5.66835 5
      vertex 65.6268 5.50652 0
      vertex 65.6268 5.50652 5
    endloop
  endfacet
  facet normal -0.67161 0.740905 0
    outer loop
      vertex 65.2021 4.79792 0
      vertex 65.0785 4.68588 5
      vertex 65.2021 4.79792 5
    endloop
  endfacet
  facet normal -0.67161 0.740905 0
    outer loop
      vertex 65.0785 4.68588 5
      vertex 65.2021 4.79792 0
      vertex 65.0785 4.68588 0
    endloop
  endfacet
  facet normal -0.904065 0.427396 0
    outer loop
      vertex 65.4993 5.19862 0
      vertex 65.5706 5.34944 5
      vertex 65.5706 5.34944 0
    endloop
  endfacet
  facet normal -0.904065 0.427396 0
    outer loop
      vertex 65.5706 5.34944 5
      vertex 65.4993 5.19862 0
      vertex 65.4993 5.19862 5
    endloop
  endfacet
  facet normal -0.803154 0.595772 0
    outer loop
      vertex 65.3141 4.92153 0
      vertex 65.4135 5.05553 5
      vertex 65.4135 5.05553 0
    endloop
  endfacet
  facet normal -0.803154 0.595772 0
    outer loop
      vertex 65.4135 5.05553 5
      vertex 65.3141 4.92153 0
      vertex 65.3141 4.92153 5
    endloop
  endfacet
  facet normal 0.243043 0.970015 -0
    outer loop
      vertex 63.6683 4.33266 0
      vertex 63.5065 4.3732 5
      vertex 63.6683 4.33266 5
    endloop
  endfacet
  facet normal 0.243043 0.970015 0
    outer loop
      vertex 63.5065 4.3732 5
      vertex 63.6683 4.33266 0
      vertex 63.5065 4.3732 0
    endloop
  endfacet
  facet normal 0.67161 0.740905 -0
    outer loop
      vertex 62.9215 4.68588 0
      vertex 62.7979 4.79792 5
      vertex 62.9215 4.68588 5
    endloop
  endfacet
  facet normal 0.67161 0.740905 0
    outer loop
      vertex 62.7979 4.79792 5
      vertex 62.9215 4.68588 0
      vertex 62.7979 4.79792 0
    endloop
  endfacet
  facet normal 0.857636 0.514258 0
    outer loop
      vertex 62.5865 5.05553 5
      vertex 62.5007 5.19862 0
      vertex 62.5007 5.19862 5
    endloop
  endfacet
  facet normal 0.857636 0.514258 0
    outer loop
      vertex 62.5007 5.19862 0
      vertex 62.5865 5.05553 5
      vertex 62.5865 5.05553 0
    endloop
  endfacet
  facet normal 0.941552 0.336868 0
    outer loop
      vertex 62.4294 5.34944 5
      vertex 62.3732 5.50652 0
      vertex 62.3732 5.50652 5
    endloop
  endfacet
  facet normal 0.941552 0.336868 0
    outer loop
      vertex 62.3732 5.50652 0
      vertex 62.4294 5.34944 5
      vertex 62.4294 5.34944 0
    endloop
  endfacet
  facet normal 0.904065 0.427396 0
    outer loop
      vertex 62.5007 5.19862 5
      vertex 62.4294 5.34944 0
      vertex 62.4294 5.34944 5
    endloop
  endfacet
  facet normal 0.904065 0.427396 0
    outer loop
      vertex 62.4294 5.34944 0
      vertex 62.5007 5.19862 5
      vertex 62.5007 5.19862 0
    endloop
  endfacet
  facet normal 0.989158 0.146857 0
    outer loop
      vertex 62.3327 5.66835 5
      vertex 62.3082 5.83337 0
      vertex 62.3082 5.83337 5
    endloop
  endfacet
  facet normal 0.989158 0.146857 0
    outer loop
      vertex 62.3082 5.83337 0
      vertex 62.3327 5.66835 5
      vertex 62.3327 5.66835 0
    endloop
  endfacet
  facet normal -0.989158 0.146857 0
    outer loop
      vertex 65.6673 5.66835 0
      vertex 65.6918 5.83337 5
      vertex 65.6918 5.83337 0
    endloop
  endfacet
  facet normal -0.989158 0.146857 0
    outer loop
      vertex 65.6918 5.83337 5
      vertex 65.6673 5.66835 0
      vertex 65.6673 5.66835 5
    endloop
  endfacet
  facet normal -0.941552 0.336868 0
    outer loop
      vertex 65.5706 5.34944 0
      vertex 65.6268 5.50652 5
      vertex 65.6268 5.50652 0
    endloop
  endfacet
  facet normal -0.941552 0.336868 0
    outer loop
      vertex 65.6268 5.50652 5
      vertex 65.5706 5.34944 0
      vertex 65.5706 5.34944 5
    endloop
  endfacet
  facet normal -0.857636 0.514258 0
    outer loop
      vertex 65.4135 5.05553 0
      vertex 65.4993 5.19862 5
      vertex 65.4993 5.19862 0
    endloop
  endfacet
  facet normal -0.857636 0.514258 0
    outer loop
      vertex 65.4993 5.19862 5
      vertex 65.4135 5.05553 0
      vertex 65.4135 5.05553 5
    endloop
  endfacet
  facet normal 0.595695 0.803211 -0
    outer loop
      vertex 63.0555 4.5865 0
      vertex 62.9215 4.68588 5
      vertex 63.0555 4.5865 5
    endloop
  endfacet
  facet normal 0.595695 0.803211 0
    outer loop
      vertex 62.9215 4.68588 5
      vertex 63.0555 4.5865 0
      vertex 62.9215 4.68588 0
    endloop
  endfacet
  facet normal 0.427589 0.903973 -0
    outer loop
      vertex 63.3494 4.4294 0
      vertex 63.1986 4.50073 5
      vertex 63.3494 4.4294 5
    endloop
  endfacet
  facet normal 0.427589 0.903973 0
    outer loop
      vertex 63.1986 4.50073 5
      vertex 63.3494 4.4294 0
      vertex 63.1986 4.50073 0
    endloop
  endfacet
  facet normal 0.803154 0.595772 0
    outer loop
      vertex 62.6859 4.92153 5
      vertex 62.5865 5.05553 0
      vertex 62.5865 5.05553 5
    endloop
  endfacet
  facet normal 0.803154 0.595772 0
    outer loop
      vertex 62.5865 5.05553 0
      vertex 62.6859 4.92153 5
      vertex 62.6859 4.92153 0
    endloop
  endfacet
  facet normal 0.970083 0.242775 0
    outer loop
      vertex 62.3732 5.50652 5
      vertex 62.3327 5.66835 0
      vertex 62.3327 5.66835 5
    endloop
  endfacet
  facet normal 0.970083 0.242775 0
    outer loop
      vertex 62.3327 5.66835 0
      vertex 62.3732 5.50652 5
      vertex 62.3732 5.50652 0
    endloop
  endfacet
  facet normal -0.242902 0.970051 0
    outer loop
      vertex 64.4935 4.3732 0
      vertex 64.3316 4.33266 5
      vertex 64.4935 4.3732 5
    endloop
  endfacet
  facet normal -0.242902 0.970051 0
    outer loop
      vertex 64.3316 4.33266 5
      vertex 64.4935 4.3732 0
      vertex 64.3316 4.33266 0
    endloop
  endfacet
  facet normal -0.33683 0.941566 0
    outer loop
      vertex 64.6506 4.4294 0
      vertex 64.4935 4.3732 5
      vertex 64.6506 4.4294 5
    endloop
  endfacet
  facet normal -0.33683 0.941566 0
    outer loop
      vertex 64.4935 4.3732 5
      vertex 64.6506 4.4294 0
      vertex 64.4935 4.3732 0
    endloop
  endfacet
  facet normal -0.595695 0.803211 0
    outer loop
      vertex 65.0785 4.68588 0
      vertex 64.9445 4.5865 5
      vertex 65.0785 4.68588 5
    endloop
  endfacet
  facet normal -0.595695 0.803211 0
    outer loop
      vertex 64.9445 4.5865 5
      vertex 65.0785 4.68588 0
      vertex 64.9445 4.5865 0
    endloop
  endfacet
  facet normal -0.514099 0.857731 0
    outer loop
      vertex 64.9445 4.5865 0
      vertex 64.8014 4.50073 5
      vertex 64.9445 4.5865 5
    endloop
  endfacet
  facet normal -0.514099 0.857731 0
    outer loop
      vertex 64.8014 4.50073 5
      vertex 64.9445 4.5865 0
      vertex 64.8014 4.50073 0
    endloop
  endfacet
  facet normal 0.146612 0.989194 -0
    outer loop
      vertex 63.8334 4.30819 0
      vertex 63.6683 4.33266 5
      vertex 63.8334 4.30819 5
    endloop
  endfacet
  facet normal 0.146612 0.989194 0
    outer loop
      vertex 63.6683 4.33266 5
      vertex 63.8334 4.30819 0
      vertex 63.6683 4.33266 0
    endloop
  endfacet
  facet normal 0.0491004 0.998794 -0
    outer loop
      vertex 64 4.3 0
      vertex 63.8334 4.30819 5
      vertex 64 4.3 5
    endloop
  endfacet
  facet normal 0.0491004 0.998794 0
    outer loop
      vertex 63.8334 4.30819 5
      vertex 64 4.3 0
      vertex 63.8334 4.30819 0
    endloop
  endfacet
  facet normal 0.514099 0.857731 -0
    outer loop
      vertex 63.1986 4.50073 0
      vertex 63.0555 4.5865 5
      vertex 63.1986 4.50073 5
    endloop
  endfacet
  facet normal 0.514099 0.857731 0
    outer loop
      vertex 63.0555 4.5865 5
      vertex 63.1986 4.50073 0
      vertex 63.0555 4.5865 0
    endloop
  endfacet
  facet normal -0.998791 -0.0491602 0
    outer loop
      vertex 65.7 40 0
      vertex 65.6918 40.1666 5
      vertex 65.6918 40.1666 0
    endloop
  endfacet
  facet normal -0.998791 -0.0491602 0
    outer loop
      vertex 65.6918 40.1666 5
      vertex 65.7 40 0
      vertex 65.7 40 5
    endloop
  endfacet
  facet normal 0.0491602 -0.998791 0
    outer loop
      vertex 63.8334 41.6918 0
      vertex 64 41.7 5
      vertex 63.8334 41.6918 5
    endloop
  endfacet
  facet normal 0.0491602 -0.998791 0
    outer loop
      vertex 64 41.7 5
      vertex 63.8334 41.6918 0
      vertex 64 41.7 0
    endloop
  endfacet
  facet normal -0.0491602 0.998791 0
    outer loop
      vertex 64.1666 38.3082 0
      vertex 64 38.3 5
      vertex 64.1666 38.3082 5
    endloop
  endfacet
  facet normal -0.0491602 0.998791 0
    outer loop
      vertex 64 38.3 5
      vertex 64.1666 38.3082 0
      vertex 64 38.3 0
    endloop
  endfacet
  facet normal -0.671478 -0.741024 0
    outer loop
      vertex 65.0785 41.3141 0
      vertex 65.2021 41.2021 5
      vertex 65.0785 41.3141 5
    endloop
  endfacet
  facet normal -0.671478 -0.741024 -0
    outer loop
      vertex 65.2021 41.2021 5
      vertex 65.0785 41.3141 0
      vertex 65.2021 41.2021 0
    endloop
  endfacet
  facet normal 0.741024 -0.671478 0
    outer loop
      vertex 62.6859 41.0785 5
      vertex 62.7979 41.2021 0
      vertex 62.7979 41.2021 5
    endloop
  endfacet
  facet normal 0.741024 -0.671478 0
    outer loop
      vertex 62.7979 41.2021 0
      vertex 62.6859 41.0785 5
      vertex 62.6859 41.0785 0
    endloop
  endfacet
  facet normal 0.427442 -0.904043 0
    outer loop
      vertex 63.1986 41.4993 0
      vertex 63.3494 41.5706 5
      vertex 63.1986 41.4993 5
    endloop
  endfacet
  facet normal 0.427442 -0.904043 0
    outer loop
      vertex 63.3494 41.5706 5
      vertex 63.1986 41.4993 0
      vertex 63.3494 41.5706 0
    endloop
  endfacet
  facet normal -0.904043 -0.427442 0
    outer loop
      vertex 65.5706 40.6506 0
      vertex 65.4993 40.8014 5
      vertex 65.4993 40.8014 0
    endloop
  endfacet
  facet normal -0.904043 -0.427442 0
    outer loop
      vertex 65.4993 40.8014 5
      vertex 65.5706 40.6506 0
      vertex 65.5706 40.6506 5
    endloop
  endfacet
  facet normal -0.33683 -0.941566 0
    outer loop
      vertex 64.4935 41.6268 0
      vertex 64.6506 41.5706 5
      vertex 64.4935 41.6268 5
    endloop
  endfacet
  facet normal -0.33683 -0.941566 -0
    outer loop
      vertex 64.6506 41.5706 5
      vertex 64.4935 41.6268 0
      vertex 64.6506 41.5706 0
    endloop
  endfacet
  facet normal -0.514231 -0.857652 0
    outer loop
      vertex 64.8014 41.4993 0
      vertex 64.9445 41.4135 5
      vertex 64.8014 41.4993 5
    endloop
  endfacet
  facet normal -0.514231 -0.857652 -0
    outer loop
      vertex 64.9445 41.4135 5
      vertex 64.8014 41.4993 0
      vertex 64.9445 41.4135 0
    endloop
  endfacet
  facet normal 0.904043 -0.427442 0
    outer loop
      vertex 62.4294 40.6506 5
      vertex 62.5007 40.8014 0
      vertex 62.5007 40.8014 5
    endloop
  endfacet
  facet normal 0.904043 -0.427442 0
    outer loop
      vertex 62.5007 40.8014 0
      vertex 62.4294 40.6506 5
      vertex 62.4294 40.6506 0
    endloop
  endfacet
  facet normal 0.857652 -0.514231 0
    outer loop
      vertex 62.5007 40.8014 5
      vertex 62.5865 40.9445 0
      vertex 62.5865 40.9445 5
    endloop
  endfacet
  facet normal 0.857652 -0.514231 0
    outer loop
      vertex 62.5865 40.9445 0
      vertex 62.5007 40.8014 5
      vertex 62.5007 40.8014 0
    endloop
  endfacet
  facet normal 0.242818 -0.970072 0
    outer loop
      vertex 63.5065 41.6268 0
      vertex 63.6683 41.6673 5
      vertex 63.5065 41.6268 5
    endloop
  endfacet
  facet normal 0.242818 -0.970072 0
    outer loop
      vertex 63.6683 41.6673 5
      vertex 63.5065 41.6268 0
      vertex 63.6683 41.6673 0
    endloop
  endfacet
  facet normal -0.146875 0.989155 0
    outer loop
      vertex 64.3316 38.3327 0
      vertex 64.1666 38.3082 5
      vertex 64.3316 38.3327 5
    endloop
  endfacet
  facet normal -0.146875 0.989155 0
    outer loop
      vertex 64.1666 38.3082 5
      vertex 64.3316 38.3327 0
      vertex 64.1666 38.3082 0
    endloop
  endfacet
  facet normal -0.970072 -0.242818 0
    outer loop
      vertex 65.6673 40.3317 0
      vertex 65.6268 40.4935 5
      vertex 65.6268 40.4935 0
    endloop
  endfacet
  facet normal -0.970072 -0.242818 0
    outer loop
      vertex 65.6268 40.4935 5
      vertex 65.6673 40.3317 0
      vertex 65.6673 40.3317 5
    endloop
  endfacet
  facet normal -0.989168 -0.146788 0
    outer loop
      vertex 65.6918 40.1666 0
      vertex 65.6673 40.3317 5
      vertex 65.6673 40.3317 0
    endloop
  endfacet
  facet normal -0.989168 -0.146788 0
    outer loop
      vertex 65.6673 40.3317 5
      vertex 65.6918 40.1666 0
      vertex 65.6918 40.1666 5
    endloop
  endfacet
  facet normal -0.941566 -0.33683 0
    outer loop
      vertex 65.6268 40.4935 0
      vertex 65.5706 40.6506 5
      vertex 65.5706 40.6506 0
    endloop
  endfacet
  facet normal -0.941566 -0.33683 0
    outer loop
      vertex 65.5706 40.6506 5
      vertex 65.6268 40.4935 0
      vertex 65.6268 40.4935 5
    endloop
  endfacet
  facet normal -0.803154 -0.595772 0
    outer loop
      vertex 65.4135 40.9445 0
      vertex 65.3141 41.0785 5
      vertex 65.3141 41.0785 0
    endloop
  endfacet
  facet normal -0.803154 -0.595772 0
    outer loop
      vertex 65.3141 41.0785 5
      vertex 65.4135 40.9445 0
      vertex 65.4135 40.9445 5
    endloop
  endfacet
  facet normal -0.741024 -0.671478 0
    outer loop
      vertex 65.3141 41.0785 0
      vertex 65.2021 41.2021 5
      vertex 65.2021 41.2021 0
    endloop
  endfacet
  facet normal -0.741024 -0.671478 0
    outer loop
      vertex 65.2021 41.2021 5
      vertex 65.3141 41.0785 0
      vertex 65.3141 41.0785 5
    endloop
  endfacet
  facet normal -0.146875 -0.989155 0
    outer loop
      vertex 64.1666 41.6918 0
      vertex 64.3316 41.6673 5
      vertex 64.1666 41.6918 5
    endloop
  endfacet
  facet normal -0.146875 -0.989155 -0
    outer loop
      vertex 64.3316 41.6673 5
      vertex 64.1666 41.6918 0
      vertex 64.3316 41.6673 0
    endloop
  endfacet
  facet normal -0.242677 -0.970107 0
    outer loop
      vertex 64.3316 41.6673 0
      vertex 64.4935 41.6268 5
      vertex 64.3316 41.6673 5
    endloop
  endfacet
  facet normal -0.242677 -0.970107 -0
    outer loop
      vertex 64.4935 41.6268 5
      vertex 64.3316 41.6673 0
      vertex 64.4935 41.6268 0
    endloop
  endfacet
  facet normal -0.0491602 -0.998791 0
    outer loop
      vertex 64 41.7 0
      vertex 64.1666 41.6918 5
      vertex 64 41.7 5
    endloop
  endfacet
  facet normal -0.0491602 -0.998791 -0
    outer loop
      vertex 64.1666 41.6918 5
      vertex 64 41.7 0
      vertex 64.1666 41.6918 0
    endloop
  endfacet
  facet normal -0.427442 -0.904043 0
    outer loop
      vertex 64.6506 41.5706 0
      vertex 64.8014 41.4993 5
      vertex 64.6506 41.5706 5
    endloop
  endfacet
  facet normal -0.427442 -0.904043 -0
    outer loop
      vertex 64.8014 41.4993 5
      vertex 64.6506 41.5706 0
      vertex 64.8014 41.4993 0
    endloop
  endfacet
  facet normal -0.595772 -0.803154 0
    outer loop
      vertex 64.9445 41.4135 0
      vertex 65.0785 41.3141 5
      vertex 64.9445 41.4135 5
    endloop
  endfacet
  facet normal -0.595772 -0.803154 -0
    outer loop
      vertex 65.0785 41.3141 5
      vertex 64.9445 41.4135 0
      vertex 65.0785 41.3141 0
    endloop
  endfacet
  facet normal 0.989168 -0.146788 0
    outer loop
      vertex 62.3082 40.1666 5
      vertex 62.3327 40.3317 0
      vertex 62.3327 40.3317 5
    endloop
  endfacet
  facet normal 0.989168 -0.146788 0
    outer loop
      vertex 62.3327 40.3317 0
      vertex 62.3082 40.1666 5
      vertex 62.3082 40.1666 0
    endloop
  endfacet
  facet normal 0.803154 -0.595772 0
    outer loop
      vertex 62.5865 40.9445 5
      vertex 62.6859 41.0785 0
      vertex 62.6859 41.0785 5
    endloop
  endfacet
  facet normal 0.803154 -0.595772 0
    outer loop
      vertex 62.6859 41.0785 0
      vertex 62.5865 40.9445 5
      vertex 62.5865 40.9445 0
    endloop
  endfacet
  facet normal 0.941566 -0.33683 0
    outer loop
      vertex 62.3732 40.4935 5
      vertex 62.4294 40.6506 0
      vertex 62.4294 40.6506 5
    endloop
  endfacet
  facet normal 0.941566 -0.33683 0
    outer loop
      vertex 62.4294 40.6506 0
      vertex 62.3732 40.4935 5
      vertex 62.3732 40.4935 0
    endloop
  endfacet
  facet normal 0.970072 -0.242818 0
    outer loop
      vertex 62.3327 40.3317 5
      vertex 62.3732 40.4935 0
      vertex 62.3732 40.4935 5
    endloop
  endfacet
  facet normal 0.970072 -0.242818 0
    outer loop
      vertex 62.3732 40.4935 0
      vertex 62.3327 40.3317 5
      vertex 62.3327 40.3317 0
    endloop
  endfacet
  facet normal 0.998791 -0.0491602 0
    outer loop
      vertex 62.3 40 5
      vertex 62.3082 40.1666 0
      vertex 62.3082 40.1666 5
    endloop
  endfacet
  facet normal 0.998791 -0.0491602 0
    outer loop
      vertex 62.3082 40.1666 0
      vertex 62.3 40 5
      vertex 62.3 40 0
    endloop
  endfacet
  facet normal 0.514231 -0.857652 0
    outer loop
      vertex 63.0555 41.4135 0
      vertex 63.1986 41.4993 5
      vertex 63.0555 41.4135 5
    endloop
  endfacet
  facet normal 0.514231 -0.857652 0
    outer loop
      vertex 63.1986 41.4993 5
      vertex 63.0555 41.4135 0
      vertex 63.1986 41.4993 0
    endloop
  endfacet
  facet normal 0.595772 -0.803154 0
    outer loop
      vertex 62.9215 41.3141 0
      vertex 63.0555 41.4135 5
      vertex 62.9215 41.3141 5
    endloop
  endfacet
  facet normal 0.595772 -0.803154 0
    outer loop
      vertex 63.0555 41.4135 5
      vertex 62.9215 41.3141 0
      vertex 63.0555 41.4135 0
    endloop
  endfacet
  facet normal 0.671478 -0.741024 0
    outer loop
      vertex 62.7979 41.2021 0
      vertex 62.9215 41.3141 5
      vertex 62.7979 41.2021 5
    endloop
  endfacet
  facet normal 0.671478 -0.741024 0
    outer loop
      vertex 62.9215 41.3141 5
      vertex 62.7979 41.2021 0
      vertex 62.9215 41.3141 0
    endloop
  endfacet
  facet normal 0.33683 -0.941566 0
    outer loop
      vertex 63.3494 41.5706 0
      vertex 63.5065 41.6268 5
      vertex 63.3494 41.5706 5
    endloop
  endfacet
  facet normal 0.33683 -0.941566 0
    outer loop
      vertex 63.5065 41.6268 5
      vertex 63.3494 41.5706 0
      vertex 63.5065 41.6268 0
    endloop
  endfacet
  facet normal 0.146788 -0.989168 0
    outer loop
      vertex 63.6683 41.6673 0
      vertex 63.8334 41.6918 5
      vertex 63.6683 41.6673 5
    endloop
  endfacet
  facet normal 0.146788 -0.989168 0
    outer loop
      vertex 63.8334 41.6918 5
      vertex 63.6683 41.6673 0
      vertex 63.8334 41.6918 0
    endloop
  endfacet
  facet normal -0.998791 0.0491602 0
    outer loop
      vertex 65.6918 39.8334 0
      vertex 65.7 40 5
      vertex 65.7 40 0
    endloop
  endfacet
  facet normal -0.998791 0.0491602 0
    outer loop
      vertex 65.7 40 5
      vertex 65.6918 39.8334 0
      vertex 65.6918 39.8334 5
    endloop
  endfacet
  facet normal -0.741024 0.671478 0
    outer loop
      vertex 65.2021 38.7979 0
      vertex 65.3141 38.9215 5
      vertex 65.3141 38.9215 0
    endloop
  endfacet
  facet normal -0.741024 0.671478 0
    outer loop
      vertex 65.3141 38.9215 5
      vertex 65.2021 38.7979 0
      vertex 65.2021 38.7979 5
    endloop
  endfacet
  facet normal 0.33683 0.941566 -0
    outer loop
      vertex 63.5065 38.3732 0
      vertex 63.3494 38.4294 5
      vertex 63.5065 38.3732 5
    endloop
  endfacet
  facet normal 0.33683 0.941566 0
    outer loop
      vertex 63.3494 38.4294 5
      vertex 63.5065 38.3732 0
      vertex 63.3494 38.4294 0
    endloop
  endfacet
  facet normal 0.741024 0.671478 0
    outer loop
      vertex 62.7979 38.7979 5
      vertex 62.6859 38.9215 0
      vertex 62.6859 38.9215 5
    endloop
  endfacet
  facet normal 0.741024 0.671478 0
    outer loop
      vertex 62.6859 38.9215 0
      vertex 62.7979 38.7979 5
      vertex 62.7979 38.7979 0
    endloop
  endfacet
  facet normal -0.427442 0.904043 0
    outer loop
      vertex 64.8014 38.5007 0
      vertex 64.6506 38.4294 5
      vertex 64.8014 38.5007 5
    endloop
  endfacet
  facet normal -0.427442 0.904043 0
    outer loop
      vertex 64.6506 38.4294 5
      vertex 64.8014 38.5007 0
      vertex 64.6506 38.4294 0
    endloop
  endfacet
  facet normal -0.857652 -0.514231 0
    outer loop
      vertex 65.4993 40.8014 0
      vertex 65.4135 40.9445 5
      vertex 65.4135 40.9445 0
    endloop
  endfacet
  facet normal -0.857652 -0.514231 0
    outer loop
      vertex 65.4135 40.9445 5
      vertex 65.4993 40.8014 0
      vertex 65.4993 40.8014 5
    endloop
  endfacet
  facet normal 0.998791 0.0491602 0
    outer loop
      vertex 62.3082 39.8334 5
      vertex 62.3 40 0
      vertex 62.3 40 5
    endloop
  endfacet
  facet normal 0.998791 0.0491602 0
    outer loop
      vertex 62.3 40 0
      vertex 62.3082 39.8334 5
      vertex 62.3082 39.8334 0
    endloop
  endfacet
  facet normal -0.970072 0.242818 0
    outer loop
      vertex 65.6268 39.5065 0
      vertex 65.6673 39.6683 5
      vertex 65.6673 39.6683 0
    endloop
  endfacet
  facet normal -0.970072 0.242818 0
    outer loop
      vertex 65.6673 39.6683 5
      vertex 65.6268 39.5065 0
      vertex 65.6268 39.5065 5
    endloop
  endfacet
  facet normal -0.671478 0.741024 0
    outer loop
      vertex 65.2021 38.7979 0
      vertex 65.0785 38.6859 5
      vertex 65.2021 38.7979 5
    endloop
  endfacet
  facet normal -0.671478 0.741024 0
    outer loop
      vertex 65.0785 38.6859 5
      vertex 65.2021 38.7979 0
      vertex 65.0785 38.6859 0
    endloop
  endfacet
  facet normal -0.904043 0.427442 0
    outer loop
      vertex 65.4993 39.1986 0
      vertex 65.5706 39.3494 5
      vertex 65.5706 39.3494 0
    endloop
  endfacet
  facet normal -0.904043 0.427442 0
    outer loop
      vertex 65.5706 39.3494 5
      vertex 65.4993 39.1986 0
      vertex 65.4993 39.1986 5
    endloop
  endfacet
  facet normal -0.803154 0.595772 0
    outer loop
      vertex 65.3141 38.9215 0
      vertex 65.4135 39.0555 5
      vertex 65.4135 39.0555 0
    endloop
  endfacet
  facet normal -0.803154 0.595772 0
    outer loop
      vertex 65.4135 39.0555 5
      vertex 65.3141 38.9215 0
      vertex 65.3141 38.9215 5
    endloop
  endfacet
  facet normal 0.242818 0.970072 -0
    outer loop
      vertex 63.6683 38.3327 0
      vertex 63.5065 38.3732 5
      vertex 63.6683 38.3327 5
    endloop
  endfacet
  facet normal 0.242818 0.970072 0
    outer loop
      vertex 63.5065 38.3732 5
      vertex 63.6683 38.3327 0
      vertex 63.5065 38.3732 0
    endloop
  endfacet
  facet normal 0.857652 0.514231 0
    outer loop
      vertex 62.5865 39.0555 5
      vertex 62.5007 39.1986 0
      vertex 62.5007 39.1986 5
    endloop
  endfacet
  facet normal 0.857652 0.514231 0
    outer loop
      vertex 62.5007 39.1986 0
      vertex 62.5865 39.0555 5
      vertex 62.5865 39.0555 0
    endloop
  endfacet
  facet normal 0.941566 0.33683 0
    outer loop
      vertex 62.4294 39.3494 5
      vertex 62.3732 39.5065 0
      vertex 62.3732 39.5065 5
    endloop
  endfacet
  facet normal 0.941566 0.33683 0
    outer loop
      vertex 62.3732 39.5065 0
      vertex 62.4294 39.3494 5
      vertex 62.4294 39.3494 0
    endloop
  endfacet
  facet normal 0.904043 0.427442 0
    outer loop
      vertex 62.5007 39.1986 5
      vertex 62.4294 39.3494 0
      vertex 62.4294 39.3494 5
    endloop
  endfacet
  facet normal 0.904043 0.427442 0
    outer loop
      vertex 62.4294 39.3494 0
      vertex 62.5007 39.1986 5
      vertex 62.5007 39.1986 0
    endloop
  endfacet
  facet normal 0.989168 0.146788 0
    outer loop
      vertex 62.3327 39.6683 5
      vertex 62.3082 39.8334 0
      vertex 62.3082 39.8334 5
    endloop
  endfacet
  facet normal 0.989168 0.146788 0
    outer loop
      vertex 62.3082 39.8334 0
      vertex 62.3327 39.6683 5
      vertex 62.3327 39.6683 0
    endloop
  endfacet
  facet normal -0.989168 0.146788 0
    outer loop
      vertex 65.6673 39.6683 0
      vertex 65.6918 39.8334 5
      vertex 65.6918 39.8334 0
    endloop
  endfacet
  facet normal -0.989168 0.146788 0
    outer loop
      vertex 65.6918 39.8334 5
      vertex 65.6673 39.6683 0
      vertex 65.6673 39.6683 5
    endloop
  endfacet
  facet normal -0.514231 0.857652 0
    outer loop
      vertex 64.9445 38.5865 0
      vertex 64.8014 38.5007 5
      vertex 64.9445 38.5865 5
    endloop
  endfacet
  facet normal -0.514231 0.857652 0
    outer loop
      vertex 64.8014 38.5007 5
      vertex 64.9445 38.5865 0
      vertex 64.8014 38.5007 0
    endloop
  endfacet
  facet normal -0.595772 0.803154 0
    outer loop
      vertex 65.0785 38.6859 0
      vertex 64.9445 38.5865 5
      vertex 65.0785 38.6859 5
    endloop
  endfacet
  facet normal -0.595772 0.803154 0
    outer loop
      vertex 64.9445 38.5865 5
      vertex 65.0785 38.6859 0
      vertex 64.9445 38.5865 0
    endloop
  endfacet
  facet normal -0.941566 0.33683 0
    outer loop
      vertex 65.5706 39.3494 0
      vertex 65.6268 39.5065 5
      vertex 65.6268 39.5065 0
    endloop
  endfacet
  facet normal -0.941566 0.33683 0
    outer loop
      vertex 65.6268 39.5065 5
      vertex 65.5706 39.3494 0
      vertex 65.5706 39.3494 5
    endloop
  endfacet
  facet normal -0.857652 0.514231 0
    outer loop
      vertex 65.4135 39.0555 0
      vertex 65.4993 39.1986 5
      vertex 65.4993 39.1986 0
    endloop
  endfacet
  facet normal -0.857652 0.514231 0
    outer loop
      vertex 65.4993 39.1986 5
      vertex 65.4135 39.0555 0
      vertex 65.4135 39.0555 5
    endloop
  endfacet
  facet normal 0.0491602 0.998791 -0
    outer loop
      vertex 64 38.3 0
      vertex 63.8334 38.3082 5
      vertex 64 38.3 5
    endloop
  endfacet
  facet normal 0.0491602 0.998791 0
    outer loop
      vertex 63.8334 38.3082 5
      vertex 64 38.3 0
      vertex 63.8334 38.3082 0
    endloop
  endfacet
  facet normal 0.427442 0.904043 -0
    outer loop
      vertex 63.3494 38.4294 0
      vertex 63.1986 38.5007 5
      vertex 63.3494 38.4294 5
    endloop
  endfacet
  facet normal 0.427442 0.904043 0
    outer loop
      vertex 63.1986 38.5007 5
      vertex 63.3494 38.4294 0
      vertex 63.1986 38.5007 0
    endloop
  endfacet
  facet normal 0.671478 0.741024 -0
    outer loop
      vertex 62.9215 38.6859 0
      vertex 62.7979 38.7979 5
      vertex 62.9215 38.6859 5
    endloop
  endfacet
  facet normal 0.671478 0.741024 0
    outer loop
      vertex 62.7979 38.7979 5
      vertex 62.9215 38.6859 0
      vertex 62.7979 38.7979 0
    endloop
  endfacet
  facet normal 0.803154 0.595772 0
    outer loop
      vertex 62.6859 38.9215 5
      vertex 62.5865 39.0555 0
      vertex 62.5865 39.0555 5
    endloop
  endfacet
  facet normal 0.803154 0.595772 0
    outer loop
      vertex 62.5865 39.0555 0
      vertex 62.6859 38.9215 5
      vertex 62.6859 38.9215 0
    endloop
  endfacet
  facet normal 0.970072 0.242818 0
    outer loop
      vertex 62.3732 39.5065 5
      vertex 62.3327 39.6683 0
      vertex 62.3327 39.6683 5
    endloop
  endfacet
  facet normal 0.970072 0.242818 0
    outer loop
      vertex 62.3327 39.6683 0
      vertex 62.3732 39.5065 5
      vertex 62.3732 39.5065 0
    endloop
  endfacet
  facet normal -0.242677 0.970107 0
    outer loop
      vertex 64.4935 38.3732 0
      vertex 64.3316 38.3327 5
      vertex 64.4935 38.3732 5
    endloop
  endfacet
  facet normal -0.242677 0.970107 0
    outer loop
      vertex 64.3316 38.3327 5
      vertex 64.4935 38.3732 0
      vertex 64.3316 38.3327 0
    endloop
  endfacet
  facet normal -0.33683 0.941566 0
    outer loop
      vertex 64.6506 38.4294 0
      vertex 64.4935 38.3732 5
      vertex 64.6506 38.4294 5
    endloop
  endfacet
  facet normal -0.33683 0.941566 0
    outer loop
      vertex 64.4935 38.3732 5
      vertex 64.6506 38.4294 0
      vertex 64.4935 38.3732 0
    endloop
  endfacet
  facet normal 0.595772 0.803154 -0
    outer loop
      vertex 63.0555 38.5865 0
      vertex 62.9215 38.6859 5
      vertex 63.0555 38.5865 5
    endloop
  endfacet
  facet normal 0.595772 0.803154 0
    outer loop
      vertex 62.9215 38.6859 5
      vertex 63.0555 38.5865 0
      vertex 62.9215 38.6859 0
    endloop
  endfacet
  facet normal 0.514231 0.857652 -0
    outer loop
      vertex 63.1986 38.5007 0
      vertex 63.0555 38.5865 5
      vertex 63.1986 38.5007 5
    endloop
  endfacet
  facet normal 0.514231 0.857652 0
    outer loop
      vertex 63.0555 38.5865 5
      vertex 63.1986 38.5007 0
      vertex 63.0555 38.5865 0
    endloop
  endfacet
  facet normal 0.146788 0.989168 -0
    outer loop
      vertex 63.8334 38.3082 0
      vertex 63.6683 38.3327 5
      vertex 63.8334 38.3082 5
    endloop
  endfacet
  facet normal 0.146788 0.989168 0
    outer loop
      vertex 63.6683 38.3327 5
      vertex 63.8334 38.3082 0
      vertex 63.6683 38.3327 0
    endloop
  endfacet
  facet normal 1 -0 0
    outer loop
      vertex 10.4 16.7 13.2
      vertex 10.4 29.3 5
      vertex 10.4 29.3 13.2
    endloop
  endfacet
  facet normal 1 0 0
    outer loop
      vertex 10.4 29.3 5
      vertex 10.4 16.7 13.2
      vertex 10.4 16.7 5
    endloop
  endfacet
  facet normal -1 0 0
    outer loop
      vertex 33.4 16.7 5
      vertex 33.4 29.3 13.2
      vertex 33.4 29.3 5
    endloop
  endfacet
  facet normal -1 -0 0
    outer loop
      vertex 33.4 29.3 13.2
      vertex 33.4 16.7 5
      vertex 33.4 16.7 13.2
    endloop
  endfacet
  facet normal -0 0 1
    outer loop
      vertex 10.4 29.3 5
      vertex 33.4 16.7 5
      vertex 33.4 29.3 5
    endloop
  endfacet
  facet normal 0 0 1
    outer loop
      vertex 33.4 16.7 5
      vertex 10.4 29.3 5
      vertex 10.4 16.7 5
    endloop
  endfacet
  facet normal 0 1 -0
    outer loop
      vertex 33.4 16.7 5
      vertex 10.4 16.7 13.2
      vertex 33.4 16.7 13.2
    endloop
  endfacet
  facet normal 0 1 0
    outer loop
      vertex 10.4 16.7 13.2
      vertex 33.4 16.7 5
      vertex 10.4 16.7 5
    endloop
  endfacet
  facet normal 0 -1 0
    outer loop
      vertex 10.4 29.3 5
      vertex 33.4 29.3 13.2
      vertex 10.4 29.3 13.2
    endloop
  endfacet
  facet normal 0 -1 -0
    outer loop
      vertex 33.4 29.3 13.2
      vertex 10.4 29.3 5
      vertex 33.4 29.3 5
    endloop
  endfacet
  facet normal 0 -0.0490738 0.998795
    outer loop
      vertex 39 23.2941 9.01445
      vertex 51 23 9
      vertex 51 23.2941 9.01445
    endloop
  endfacet
  facet normal 0 -0.0490738 0.998795
    outer loop
      vertex 51 23 9
      vertex 39 23.2941 9.01445
      vertex 39 23 9
    endloop
  endfacet
  facet normal 0 -0.0489044 -0.998803
    outer loop
      vertex 39 23 15
      vertex 51 23.2941 14.9856
      vertex 51 23 15
    endloop
  endfacet
  facet normal -0 -0.0489044 -0.998803
    outer loop
      vertex 51 23.2941 14.9856
      vertex 39 23 15
      vertex 39 23.2941 14.9856
    endloop
  endfacet
  facet normal 0 0.998803 0.0489044
    outer loop
      vertex 51 20.0144 11.7059
      vertex 39 20 12
      vertex 51 20 12
    endloop
  endfacet
  facet normal 0 0.998803 0.0489044
    outer loop
      vertex 39 20 12
      vertex 51 20.0144 11.7059
      vertex 39 20.0144 11.7059
    endloop
  endfacet
  facet normal 0 -0.740908 -0.671607
    outer loop
      vertex 39 25.319 13.9032
      vertex 51 25.1213 14.1213
      vertex 39 25.1213 14.1213
    endloop
  endfacet
  facet normal 0 -0.740908 -0.671607
    outer loop
      vertex 51 25.1213 14.1213
      vertex 39 25.319 13.9032
      vertex 51 25.319 13.9032
    endloop
  endfacet
  facet normal 0 -0.941488 -0.337047
    outer loop
      vertex 39 25.8708 12.8709
      vertex 51 25.7716 13.148
      vertex 39 25.7716 13.148
    endloop
  endfacet
  facet normal 0 -0.941488 -0.337047
    outer loop
      vertex 51 25.7716 13.148
      vertex 39 25.8708 12.8709
      vertex 51 25.8708 12.8709
    endloop
  endfacet
  facet normal 0 -0.427491 0.90402
    outer loop
      vertex 39 24.4142 9.35424
      vertex 51 24.148 9.22836
      vertex 51 24.4142 9.35424
    endloop
  endfacet
  facet normal 0 -0.427491 0.90402
    outer loop
      vertex 51 24.148 9.22836
      vertex 39 24.4142 9.35424
      vertex 39 24.148 9.22836
    endloop
  endfacet
  facet normal 0 -0.514121 0.857718
    outer loop
      vertex 39 24.6667 9.50559
      vertex 51 24.4142 9.35424
      vertex 51 24.6667 9.50559
    endloop
  endfacet
  facet normal 0 -0.514121 0.857718
    outer loop
      vertex 51 24.4142 9.35424
      vertex 39 24.6667 9.50559
      vertex 39 24.4142 9.35424
    endloop
  endfacet
  facet normal 0 -0.427269 -0.904125
    outer loop
      vertex 39 24.148 14.7716
      vertex 51 24.4142 14.6458
      vertex 51 24.148 14.7716
    endloop
  endfacet
  facet normal -0 -0.427269 -0.904125
    outer loop
      vertex 51 24.4142 14.6458
      vertex 39 24.148 14.7716
      vertex 39 24.4142 14.6458
    endloop
  endfacet
  facet normal 0 -0.989174 -0.146746
    outer loop
      vertex 39 25.9856 12.2941
      vertex 51 25.9424 12.5853
      vertex 39 25.9424 12.5853
    endloop
  endfacet
  facet normal 0 -0.989174 -0.146746
    outer loop
      vertex 51 25.9424 12.5853
      vertex 39 25.9856 12.2941
      vertex 51 25.9856 12.2941
    endloop
  endfacet
  facet normal -0 0.242983 0.970031
    outer loop
      vertex 39 22.4147 9.05764
      vertex 51 22.1291 9.12918
      vertex 51 22.4147 9.05764
    endloop
  endfacet
  facet normal 0 0.242983 0.970031
    outer loop
      vertex 51 22.1291 9.12918
      vertex 39 22.4147 9.05764
      vertex 39 22.1291 9.12918
    endloop
  endfacet
  facet normal 0 0.941527 0.336939
    outer loop
      vertex 51 20.2284 10.8519
      vertex 39 20.1292 11.1291
      vertex 51 20.1292 11.1291
    endloop
  endfacet
  facet normal 0 0.941527 0.336939
    outer loop
      vertex 39 20.1292 11.1291
      vertex 51 20.2284 10.8519
      vertex 39 20.2284 10.8519
    endloop
  endfacet
  facet normal 0 0.904063 0.4274
    outer loop
      vertex 51 20.3542 10.5858
      vertex 39 20.2284 10.8519
      vertex 51 20.2284 10.8519
    endloop
  endfacet
  facet normal 0 0.904063 0.4274
    outer loop
      vertex 39 20.2284 10.8519
      vertex 51 20.3542 10.5858
      vertex 39 20.3542 10.5858
    endloop
  endfacet
  facet normal 0 -0.146712 0.989179
    outer loop
      vertex 39 23.5853 9.05764
      vertex 51 23.2941 9.01445
      vertex 51 23.5853 9.05764
    endloop
  endfacet
  facet normal 0 -0.146712 0.989179
    outer loop
      vertex 51 23.2941 9.01445
      vertex 39 23.5853 9.05764
      vertex 39 23.2941 9.01445
    endloop
  endfacet
  facet normal 0 -0.336986 0.94151
    outer loop
      vertex 39 24.148 9.22836
      vertex 51 23.8709 9.12918
      vertex 51 24.148 9.22836
    endloop
  endfacet
  facet normal 0 -0.336986 0.94151
    outer loop
      vertex 51 23.8709 9.12918
      vertex 39 24.148 9.22836
      vertex 39 23.8709 9.12918
    endloop
  endfacet
  facet normal 0 -0.595655 0.803241
    outer loop
      vertex 39 24.9032 9.68097
      vertex 51 24.6667 9.50559
      vertex 51 24.9032 9.68097
    endloop
  endfacet
  facet normal 0 -0.595655 0.803241
    outer loop
      vertex 51 24.6667 9.50559
      vertex 39 24.9032 9.68097
      vertex 39 24.6667 9.50559
    endloop
  endfacet
  facet normal 0 -0.941527 0.336939
    outer loop
      vertex 39 25.7716 10.8519
      vertex 51 25.8708 11.1291
      vertex 39 25.8708 11.1291
    endloop
  endfacet
  facet normal 0 -0.941527 0.336939
    outer loop
      vertex 51 25.8708 11.1291
      vertex 39 25.7716 10.8519
      vertex 51 25.7716 10.8519
    endloop
  endfacet
  facet normal 0 -0.989174 0.146746
    outer loop
      vertex 39 25.9424 11.4147
      vertex 51 25.9856 11.7059
      vertex 39 25.9856 11.7059
    endloop
  endfacet
  facet normal 0 -0.989174 0.146746
    outer loop
      vertex 51 25.9856 11.7059
      vertex 39 25.9424 11.4147
      vertex 51 25.9424 11.4147
    endloop
  endfacet
  facet normal 0 -0.857643 0.514246
    outer loop
      vertex 39 25.4944 10.3333
      vertex 51 25.6458 10.5858
      vertex 39 25.6458 10.5858
    endloop
  endfacet
  facet normal 0 -0.857643 0.514246
    outer loop
      vertex 51 25.6458 10.5858
      vertex 39 25.4944 10.3333
      vertex 51 25.4944 10.3333
    endloop
  endfacet
  facet normal 0 -0.740938 0.671573
    outer loop
      vertex 39 25.1213 9.87868
      vertex 51 25.319 10.0968
      vertex 39 25.319 10.0968
    endloop
  endfacet
  facet normal 0 -0.740938 0.671573
    outer loop
      vertex 51 25.319 10.0968
      vertex 39 25.1213 9.87868
      vertex 51 25.1213 9.87868
    endloop
  endfacet
  facet normal 0 -0.243175 -0.969982
    outer loop
      vertex 39 23.5853 14.9424
      vertex 51 23.8709 14.8708
      vertex 51 23.5853 14.9424
    endloop
  endfacet
  facet normal -0 -0.243175 -0.969982
    outer loop
      vertex 51 23.8709 14.8708
      vertex 39 23.5853 14.9424
      vertex 39 23.8709 14.8708
    endloop
  endfacet
  facet normal 0 -0.595699 -0.803208
    outer loop
      vertex 39 24.6667 14.4944
      vertex 51 24.9032 14.319
      vertex 51 24.6667 14.4944
    endloop
  endfacet
  facet normal -0 -0.595699 -0.803208
    outer loop
      vertex 51 24.9032 14.319
      vertex 39 24.6667 14.4944
      vertex 39 24.9032 14.319
    endloop
  endfacet
  facet normal 0 -0.671607 -0.740908
    outer loop
      vertex 39 24.9032 14.319
      vertex 51 25.1213 14.1213
      vertex 51 24.9032 14.319
    endloop
  endfacet
  facet normal -0 -0.671607 -0.740908
    outer loop
      vertex 51 25.1213 14.1213
      vertex 39 24.9032 14.319
      vertex 39 25.1213 14.1213
    endloop
  endfacet
  facet normal 0 -0.514246 -0.857643
    outer loop
      vertex 39 24.4142 14.6458
      vertex 51 24.6667 14.4944
      vertex 51 24.4142 14.6458
    endloop
  endfacet
  facet normal -0 -0.514246 -0.857643
    outer loop
      vertex 51 24.6667 14.4944
      vertex 39 24.4142 14.6458
      vertex 39 24.6667 14.4944
    endloop
  endfacet
  facet normal 0 -0.337047 -0.941488
    outer loop
      vertex 39 23.8709 14.8708
      vertex 51 24.148 14.7716
      vertex 51 23.8709 14.8708
    endloop
  endfacet
  facet normal -0 -0.337047 -0.941488
    outer loop
      vertex 51 24.148 14.7716
      vertex 39 23.8709 14.8708
      vertex 39 24.148 14.7716
    endloop
  endfacet
  facet normal 0 -0.146746 -0.989174
    outer loop
      vertex 39 23.2941 14.9856
      vertex 51 23.5853 14.9424
      vertex 51 23.2941 14.9856
    endloop
  endfacet
  facet normal -0 -0.146746 -0.989174
    outer loop
      vertex 51 23.5853 14.9424
      vertex 39 23.2941 14.9856
      vertex 39 23.5853 14.9424
    endloop
  endfacet
  facet normal 0 -0.857643 -0.514246
    outer loop
      vertex 39 25.6458 13.4142
      vertex 51 25.4944 13.6667
      vertex 39 25.4944 13.6667
    endloop
  endfacet
  facet normal 0 -0.857643 -0.514246
    outer loop
      vertex 51 25.4944 13.6667
      vertex 39 25.6458 13.4142
      vertex 51 25.6458 13.4142
    endloop
  endfacet
  facet normal 0 -0.904125 -0.427269
    outer loop
      vertex 39 25.7716 13.148
      vertex 51 25.6458 13.4142
      vertex 39 25.6458 13.4142
    endloop
  endfacet
  facet normal 0 -0.904125 -0.427269
    outer loop
      vertex 51 25.6458 13.4142
      vertex 39 25.7716 13.148
      vertex 51 25.7716 13.148
    endloop
  endfacet
  facet normal 0 -0.803208 -0.595699
    outer loop
      vertex 39 25.4944 13.6667
      vertex 51 25.319 13.9032
      vertex 39 25.319 13.9032
    endloop
  endfacet
  facet normal 0 -0.803208 -0.595699
    outer loop
      vertex 51 25.319 13.9032
      vertex 39 25.4944 13.6667
      vertex 51 25.4944 13.6667
    endloop
  endfacet
  facet normal 0 -0.969982 -0.243175
    outer loop
      vertex 39 25.9424 12.5853
      vertex 51 25.8708 12.8709
      vertex 39 25.8708 12.8709
    endloop
  endfacet
  facet normal 0 -0.969982 -0.243175
    outer loop
      vertex 51 25.8708 12.8709
      vertex 39 25.9424 12.5853
      vertex 51 25.9424 12.5853
    endloop
  endfacet
  facet normal 0 -0.998803 -0.0489044
    outer loop
      vertex 39 26 12
      vertex 51 25.9856 12.2941
      vertex 39 25.9856 12.2941
    endloop
  endfacet
  facet normal 0 -0.998803 -0.0489044
    outer loop
      vertex 51 25.9856 12.2941
      vertex 39 26 12
      vertex 51 26 12
    endloop
  endfacet
  facet normal -0 0.0490738 0.998795
    outer loop
      vertex 39 23 9
      vertex 51 22.7059 9.01445
      vertex 51 23 9
    endloop
  endfacet
  facet normal 0 0.0490738 0.998795
    outer loop
      vertex 51 22.7059 9.01445
      vertex 39 23 9
      vertex 39 22.7059 9.01445
    endloop
  endfacet
  facet normal -0 0.671625 0.740891
    outer loop
      vertex 39 21.0968 9.68097
      vertex 51 20.8787 9.87868
      vertex 51 21.0968 9.68097
    endloop
  endfacet
  facet normal 0 0.671625 0.740891
    outer loop
      vertex 51 20.8787 9.87868
      vertex 39 21.0968 9.68097
      vertex 39 20.8787 9.87868
    endloop
  endfacet
  facet normal 0 -0.242983 0.970031
    outer loop
      vertex 39 23.8709 9.12918
      vertex 51 23.5853 9.05764
      vertex 51 23.8709 9.12918
    endloop
  endfacet
  facet normal 0 -0.242983 0.970031
    outer loop
      vertex 51 23.5853 9.05764
      vertex 39 23.8709 9.12918
      vertex 39 23.5853 9.05764
    endloop
  endfacet
  facet normal 0 -0.671625 0.740891
    outer loop
      vertex 39 25.1213 9.87868
      vertex 51 24.9032 9.68097
      vertex 51 25.1213 9.87868
    endloop
  endfacet
  facet normal 0 -0.671625 0.740891
    outer loop
      vertex 51 24.9032 9.68097
      vertex 39 25.1213 9.87868
      vertex 39 24.9032 9.68097
    endloop
  endfacet
  facet normal 0 -0.969982 0.243175
    outer loop
      vertex 39 25.8708 11.1291
      vertex 51 25.9424 11.4147
      vertex 39 25.9424 11.4147
    endloop
  endfacet
  facet normal 0 -0.969982 0.243175
    outer loop
      vertex 51 25.9424 11.4147
      vertex 39 25.8708 11.1291
      vertex 51 25.8708 11.1291
    endloop
  endfacet
  facet normal 0 -0.998803 0.0489044
    outer loop
      vertex 39 25.9856 11.7059
      vertex 51 26 12
      vertex 39 26 12
    endloop
  endfacet
  facet normal 0 -0.998803 0.0489044
    outer loop
      vertex 51 26 12
      vertex 39 25.9856 11.7059
      vertex 51 25.9856 11.7059
    endloop
  endfacet
  facet normal 0 -0.904063 0.4274
    outer loop
      vertex 39 25.6458 10.5858
      vertex 51 25.7716 10.8519
      vertex 39 25.7716 10.8519
    endloop
  endfacet
  facet normal 0 -0.904063 0.4274
    outer loop
      vertex 51 25.7716 10.8519
      vertex 39 25.6458 10.5858
      vertex 51 25.6458 10.5858
    endloop
  endfacet
  facet normal 0 -0.803208 0.595699
    outer loop
      vertex 39 25.319 10.0968
      vertex 51 25.4944 10.3333
      vertex 39 25.4944 10.3333
    endloop
  endfacet
  facet normal 0 -0.803208 0.595699
    outer loop
      vertex 51 25.4944 10.3333
      vertex 39 25.319 10.0968
      vertex 51 25.319 10.0968
    endloop
  endfacet
  facet normal -0 0.146712 0.989179
    outer loop
      vertex 39 22.7059 9.01445
      vertex 51 22.4147 9.05764
      vertex 51 22.7059 9.01445
    endloop
  endfacet
  facet normal 0 0.146712 0.989179
    outer loop
      vertex 51 22.4147 9.05764
      vertex 39 22.7059 9.01445
      vertex 39 22.4147 9.05764
    endloop
  endfacet
  facet normal -0 0.595655 0.803241
    outer loop
      vertex 39 21.3333 9.50559
      vertex 51 21.0968 9.68097
      vertex 51 21.3333 9.50559
    endloop
  endfacet
  facet normal 0 0.595655 0.803241
    outer loop
      vertex 51 21.0968 9.68097
      vertex 39 21.3333 9.50559
      vertex 39 21.0968 9.68097
    endloop
  endfacet
  facet normal 0 0.857643 0.514246
    outer loop
      vertex 51 20.5056 10.3333
      vertex 39 20.3542 10.5858
      vertex 51 20.3542 10.5858
    endloop
  endfacet
  facet normal 0 0.857643 0.514246
    outer loop
      vertex 39 20.3542 10.5858
      vertex 51 20.5056 10.3333
      vertex 39 20.5056 10.3333
    endloop
  endfacet
  facet normal -0 0.427622 0.903958
    outer loop
      vertex 39 21.8519 9.22836
      vertex 51 21.5858 9.35424
      vertex 51 21.8519 9.22836
    endloop
  endfacet
  facet normal 0 0.427622 0.903958
    outer loop
      vertex 51 21.5858 9.35424
      vertex 39 21.8519 9.22836
      vertex 39 21.5858 9.35424
    endloop
  endfacet
  facet normal 0 0.671607 -0.740908
    outer loop
      vertex 39 20.8787 14.1213
      vertex 51 21.0968 14.319
      vertex 51 20.8787 14.1213
    endloop
  endfacet
  facet normal 0 0.671607 -0.740908
    outer loop
      vertex 51 21.0968 14.319
      vertex 39 20.8787 14.1213
      vertex 39 21.0968 14.319
    endloop
  endfacet
  facet normal 0 0.336939 -0.941527
    outer loop
      vertex 39 21.8519 14.7716
      vertex 51 22.1291 14.8708
      vertex 51 21.8519 14.7716
    endloop
  endfacet
  facet normal 0 0.336939 -0.941527
    outer loop
      vertex 51 22.1291 14.8708
      vertex 39 21.8519 14.7716
      vertex 39 22.1291 14.8708
    endloop
  endfacet
  facet normal -0 0.514121 0.857718
    outer loop
      vertex 39 21.5858 9.35424
      vertex 51 21.3333 9.50559
      vertex 51 21.5858 9.35424
    endloop
  endfacet
  facet normal 0 0.514121 0.857718
    outer loop
      vertex 51 21.3333 9.50559
      vertex 39 21.5858 9.35424
      vertex 39 21.3333 9.50559
    endloop
  endfacet
  facet normal -0 0.336879 0.941548
    outer loop
      vertex 39 22.1291 9.12918
      vertex 51 21.8519 9.22836
      vertex 51 22.1291 9.12918
    endloop
  endfacet
  facet normal 0 0.336879 0.941548
    outer loop
      vertex 51 21.8519 9.22836
      vertex 39 22.1291 9.12918
      vertex 39 21.8519 9.22836
    endloop
  endfacet
  facet normal 0 0.998803 -0.0489044
    outer loop
      vertex 51 20 12
      vertex 39 20.0144 12.2941
      vertex 51 20.0144 12.2941
    endloop
  endfacet
  facet normal 0 0.998803 -0.0489044
    outer loop
      vertex 39 20.0144 12.2941
      vertex 51 20 12
      vertex 39 20 12
    endloop
  endfacet
  facet normal 0 0.941488 -0.337047
    outer loop
      vertex 51 20.1292 12.8709
      vertex 39 20.2284 13.148
      vertex 51 20.2284 13.148
    endloop
  endfacet
  facet normal 0 0.941488 -0.337047
    outer loop
      vertex 39 20.2284 13.148
      vertex 51 20.1292 12.8709
      vertex 39 20.1292 12.8709
    endloop
  endfacet
  facet normal 0 0.514246 -0.857643
    outer loop
      vertex 39 21.3333 14.4944
      vertex 51 21.5858 14.6458
      vertex 51 21.3333 14.4944
    endloop
  endfacet
  facet normal 0 0.514246 -0.857643
    outer loop
      vertex 51 21.5858 14.6458
      vertex 39 21.3333 14.4944
      vertex 39 21.5858 14.6458
    endloop
  endfacet
  facet normal 0 0.4274 -0.904063
    outer loop
      vertex 39 21.5858 14.6458
      vertex 51 21.8519 14.7716
      vertex 51 21.5858 14.6458
    endloop
  endfacet
  facet normal 0 0.4274 -0.904063
    outer loop
      vertex 51 21.8519 14.7716
      vertex 39 21.5858 14.6458
      vertex 39 21.8519 14.7716
    endloop
  endfacet
  facet normal 0 0.595699 -0.803208
    outer loop
      vertex 39 21.0968 14.319
      vertex 51 21.3333 14.4944
      vertex 51 21.0968 14.319
    endloop
  endfacet
  facet normal 0 0.595699 -0.803208
    outer loop
      vertex 51 21.3333 14.4944
      vertex 39 21.0968 14.319
      vertex 39 21.3333 14.4944
    endloop
  endfacet
  facet normal 0 0.243175 -0.969982
    outer loop
      vertex 39 22.1291 14.8708
      vertex 51 22.4147 14.9424
      vertex 51 22.1291 14.8708
    endloop
  endfacet
  facet normal 0 0.243175 -0.969982
    outer loop
      vertex 51 22.4147 14.9424
      vertex 39 22.1291 14.8708
      vertex 39 22.4147 14.9424
    endloop
  endfacet
  facet normal 0 0.146746 -0.989174
    outer loop
      vertex 39 22.4147 14.9424
      vertex 51 22.7059 14.9856
      vertex 51 22.4147 14.9424
    endloop
  endfacet
  facet normal 0 0.146746 -0.989174
    outer loop
      vertex 51 22.7059 14.9856
      vertex 39 22.4147 14.9424
      vertex 39 22.7059 14.9856
    endloop
  endfacet
  facet normal 0 0.0489044 -0.998803
    outer loop
      vertex 39 22.7059 14.9856
      vertex 51 23 15
      vertex 51 22.7059 14.9856
    endloop
  endfacet
  facet normal 0 0.0489044 -0.998803
    outer loop
      vertex 51 23 15
      vertex 39 22.7059 14.9856
      vertex 39 23 15
    endloop
  endfacet
  facet normal 0 0.969982 0.243175
    outer loop
      vertex 51 20.1292 11.1291
      vertex 39 20.0576 11.4147
      vertex 51 20.0576 11.4147
    endloop
  endfacet
  facet normal 0 0.969982 0.243175
    outer loop
      vertex 39 20.0576 11.4147
      vertex 51 20.1292 11.1291
      vertex 39 20.1292 11.1291
    endloop
  endfacet
  facet normal 0 0.989174 0.146746
    outer loop
      vertex 51 20.0576 11.4147
      vertex 39 20.0144 11.7059
      vertex 51 20.0144 11.7059
    endloop
  endfacet
  facet normal 0 0.989174 0.146746
    outer loop
      vertex 39 20.0144 11.7059
      vertex 51 20.0576 11.4147
      vertex 39 20.0576 11.4147
    endloop
  endfacet
  facet normal 0 0.740938 0.671573
    outer loop
      vertex 51 20.8787 9.87868
      vertex 39 20.681 10.0968
      vertex 51 20.681 10.0968
    endloop
  endfacet
  facet normal 0 0.740938 0.671573
    outer loop
      vertex 39 20.681 10.0968
      vertex 51 20.8787 9.87868
      vertex 39 20.8787 9.87868
    endloop
  endfacet
  facet normal 0 0.803208 0.595699
    outer loop
      vertex 51 20.681 10.0968
      vertex 39 20.5056 10.3333
      vertex 51 20.5056 10.3333
    endloop
  endfacet
  facet normal 0 0.803208 0.595699
    outer loop
      vertex 39 20.5056 10.3333
      vertex 51 20.681 10.0968
      vertex 39 20.681 10.0968
    endloop
  endfacet
  facet normal 0 0.989174 -0.146746
    outer loop
      vertex 51 20.0144 12.2941
      vertex 39 20.0576 12.5853
      vertex 51 20.0576 12.5853
    endloop
  endfacet
  facet normal 0 0.989174 -0.146746
    outer loop
      vertex 39 20.0576 12.5853
      vertex 51 20.0144 12.2941
      vertex 39 20.0144 12.2941
    endloop
  endfacet
  facet normal 0 0.969982 -0.243175
    outer loop
      vertex 51 20.0576 12.5853
      vertex 39 20.1292 12.8709
      vertex 51 20.1292 12.8709
    endloop
  endfacet
  facet normal 0 0.969982 -0.243175
    outer loop
      vertex 39 20.1292 12.8709
      vertex 51 20.0576 12.5853
      vertex 39 20.0576 12.5853
    endloop
  endfacet
  facet normal 0 0.857643 -0.514246
    outer loop
      vertex 51 20.3542 13.4142
      vertex 39 20.5056 13.6667
      vertex 51 20.5056 13.6667
    endloop
  endfacet
  facet normal 0 0.857643 -0.514246
    outer loop
      vertex 39 20.5056 13.6667
      vertex 51 20.3542 13.4142
      vertex 39 20.3542 13.4142
    endloop
  endfacet
  facet normal 0 0.803208 -0.595699
    outer loop
      vertex 51 20.5056 13.6667
      vertex 39 20.681 13.9032
      vertex 51 20.681 13.9032
    endloop
  endfacet
  facet normal 0 0.803208 -0.595699
    outer loop
      vertex 39 20.681 13.9032
      vertex 51 20.5056 13.6667
      vertex 39 20.5056 13.6667
    endloop
  endfacet
  facet normal 0 0.740908 -0.671607
    outer loop
      vertex 51 20.681 13.9032
      vertex 39 20.8787 14.1213
      vertex 51 20.8787 14.1213
    endloop
  endfacet
  facet normal 0 0.740908 -0.671607
    outer loop
      vertex 39 20.8787 14.1213
      vertex 51 20.681 13.9032
      vertex 39 20.681 13.9032
    endloop
  endfacet
  facet normal 0 0.904125 -0.427269
    outer loop
      vertex 51 20.2284 13.148
      vertex 39 20.3542 13.4142
      vertex 51 20.3542 13.4142
    endloop
  endfacet
  facet normal 0 0.904125 -0.427269
    outer loop
      vertex 39 20.3542 13.4142
      vertex 51 20.2284 13.148
      vertex 39 20.2284 13.148
    endloop
  endfacet
endsolid OpenSCAD_Model
